# Blender 5.1.0
# www.blender.org
o Object_8
v -23.543251 -0.578847 -20.597094
v -23.543251 -0.578847 -20.597094
v -23.543251 -0.578847 -20.597094
v -23.543251 0.582721 -20.597094
v -23.543251 0.582721 -20.597094
v -23.543251 0.582721 -20.597094
v -23.543251 -0.578847 -21.758661
v -23.543251 -0.578847 -21.758661
v -23.543251 -0.578847 -21.758661
v -23.543251 0.582721 -21.758661
v -23.543251 0.582721 -21.758661
v -23.543251 0.582721 -21.758661
v 3.648487 -0.707259 -20.468681
v 3.648487 -0.707259 -20.468681
v 3.648487 -0.707259 -20.468681
v 3.648487 0.711132 -20.468681
v 3.648487 0.711132 -20.468681
v 3.648487 0.711132 -20.468681
v 3.648487 -0.707259 -21.887074
v 3.648487 -0.707259 -21.887074
v 3.648487 -0.707259 -21.887074
v 3.648487 0.711132 -21.887074
v 3.648487 0.711132 -21.887074
v 3.648487 0.711132 -21.887074
v -23.543251 -0.855357 -21.177877
v -23.543251 -0.855357 -21.177877
v -23.543251 -0.855357 -21.177877
v -23.543251 0.859230 -21.177877
v -23.543251 0.859230 -21.177877
v -23.543251 0.859230 -21.177877
v 3.648487 -1.044905 -21.177877
v 3.648487 -1.044905 -21.177877
v 3.648487 -1.044905 -21.177877
v 3.648487 1.048778 -21.177877
v 3.648487 1.048778 -21.177877
v 3.648487 1.048778 -21.177877
v -23.543251 0.001937 -20.320583
v -23.543251 0.001937 -20.320583
v -23.543251 0.001937 -20.320583
v -23.543251 0.001937 -22.035172
v -23.543251 0.001937 -22.035172
v -23.543251 0.001937 -22.035172
v 3.648485 0.001936 -20.233967
v 3.648485 0.001936 -20.233967
v 3.648485 0.001936 -20.233967
v -23.543251 -1.044905 -21.177877
v -23.543251 -1.044905 -21.177877
v -23.543251 -1.044905 -21.177877
v -23.543251 -0.707259 -20.468681
v -23.543251 -0.707259 -20.468681
v -23.543251 -0.707259 -20.468681
v -23.543251 0.001936 -20.233967
v -23.543251 0.001936 -20.233967
v -23.543251 0.001936 -20.233967
v -23.543251 0.711132 -20.468681
v -23.543251 0.711132 -20.468681
v -23.543251 0.711132 -20.468681
v -23.543251 1.048778 -21.177877
v -23.543251 1.048778 -21.177877
v -23.543251 1.048778 -21.177877
v -23.543251 0.711132 -21.887074
v -23.543251 0.711132 -21.887074
v -23.543251 0.711132 -21.887074
v -23.543251 -0.707259 -21.887074
v -23.543251 -0.707259 -21.887074
v -23.543251 -0.707259 -21.887074
v -21.025681 -0.855357 -21.177860
v -21.025681 -0.855357 -21.177860
v -21.025681 -0.855357 -21.177860
v -21.025681 -0.578847 -20.597076
v -21.025681 -0.578847 -20.597076
v -21.025681 -0.578847 -20.597076
v -21.025681 0.001937 -20.320568
v -21.025681 0.001937 -20.320568
v -21.025681 0.001937 -20.320568
v -21.025681 0.582721 -20.597076
v -21.025681 0.582721 -20.597076
v -21.025681 0.582721 -20.597076
v -21.025681 0.859230 -21.177860
v -21.025681 0.859230 -21.177860
v -21.025681 0.859230 -21.177860
v -21.025681 0.582721 -21.758646
v -21.025681 0.582721 -21.758646
v -21.025681 0.582721 -21.758646
v -21.025681 0.001937 -22.035154
v -21.025681 0.001937 -22.035154
v -21.025681 0.001937 -22.035154
v -21.025681 -0.578847 -21.758646
v -21.025681 -0.578847 -21.758646
v -21.025681 -0.578847 -21.758646
v 3.648487 -0.388666 -22.038754
v 3.648487 -0.388666 -22.038754
v 3.648487 -0.388666 -22.038754
v -11.327867 0.392539 -22.038754
v -11.327867 0.392539 -22.038754
v 3.648487 0.392539 -22.038754
v 3.648487 0.392539 -22.038754
v 3.648487 0.392539 -22.038754
v -23.543251 0.392539 -22.038754
v -23.543251 0.392539 -22.038754
v -23.543251 0.392539 -22.038754
v -23.543251 0.392539 -22.038754
v -8.566897 -0.388666 -22.038754
v -8.566897 -0.388666 -22.038754
v -8.566897 -0.388666 -22.038754
v -23.543251 -0.388666 -22.038754
v -23.543251 -0.388666 -22.038754
v -23.543251 -0.388666 -22.038754
v -23.543251 0.001937 -22.035206
v -23.543251 0.001937 -22.035206
v -23.543245 -0.712209 -20.804527
v -23.543245 -0.712209 -20.804527
v -23.543245 -0.712209 -20.804527
v -23.543245 -0.733562 -20.804527
v -23.543245 -0.733562 -20.804527
v -23.543245 -0.733562 -20.804527
v -23.543245 -0.712209 -19.751223
v -23.543245 -0.712209 -19.751223
v -23.543245 -0.712209 -19.751223
v -23.543245 -0.733561 -19.751223
v -23.543245 -0.733561 -19.751223
v -23.543245 -0.733561 -19.751223
v 3.648235 -0.712209 -20.804527
v 3.648235 -0.712209 -20.804527
v 3.648235 -0.712209 -20.804527
v 3.648235 -0.733562 -20.804527
v 3.648235 -0.733562 -20.804527
v 3.648235 -0.733562 -20.804527
v 3.648235 -0.712209 -19.751223
v 3.648235 -0.712209 -19.751223
v 3.648235 -0.712209 -19.751223
v 3.648235 -0.733561 -19.751223
v 3.648235 -0.733561 -19.751223
v 3.648235 -0.733561 -19.751223
v -23.543245 -0.060340 -20.277876
v -23.543245 -0.060340 -20.277876
v -23.543245 -0.060340 -20.277876
v -23.543245 -0.733562 -20.277876
v -23.543245 -0.733562 -20.277876
v 3.648237 -0.060340 -20.277876
v 3.648237 -0.060340 -20.277876
v 3.648237 -0.060340 -20.277876
v 3.648237 -0.733562 -20.277876
v 3.648237 -0.733562 -20.277876
v -23.543245 -0.733561 -19.825256
v -23.543245 -0.733561 -19.825256
v 3.648237 -0.562474 -20.020235
v 3.648237 -0.562474 -20.020235
v 3.648237 -0.562474 -20.020235
v -23.543245 -0.562474 -20.020235
v -23.543245 -0.562474 -20.020235
v -23.543245 -0.562474 -20.020235
v 3.648237 -0.733561 -19.825256
v 3.648237 -0.733561 -19.825256
v -23.543245 -0.562474 -20.535519
v -23.543245 -0.562474 -20.535519
v -23.543245 -0.562474 -20.535519
v 3.648237 -0.733562 -20.730495
v 3.648237 -0.733562 -20.730495
v -23.543245 -0.733562 -20.730495
v -23.543245 -0.733562 -20.730495
v 3.648237 -0.562474 -20.535519
v 3.648237 -0.562474 -20.535519
v 3.648237 -0.562474 -20.535519
v -23.543245 0.708335 -19.751223
v -23.543245 0.708335 -19.751223
v -23.543245 0.708335 -19.751223
v -23.543245 0.729687 -19.751223
v -23.543245 0.729687 -19.751223
v -23.543245 0.729687 -19.751223
v -23.543245 0.708335 -20.804527
v -23.543245 0.708335 -20.804527
v -23.543245 0.708335 -20.804527
v -23.543245 0.729687 -20.804527
v -23.543245 0.729687 -20.804527
v -23.543245 0.729687 -20.804527
v 3.648235 0.708335 -19.751223
v 3.648235 0.708335 -19.751223
v 3.648235 0.708335 -19.751223
v 3.648235 0.729687 -19.751223
v 3.648235 0.729687 -19.751223
v 3.648235 0.729687 -19.751223
v 3.648235 0.708335 -20.804527
v 3.648235 0.708335 -20.804527
v 3.648235 0.708335 -20.804527
v 3.648235 0.729687 -20.804527
v 3.648235 0.729687 -20.804527
v 3.648235 0.729687 -20.804527
v -23.543245 0.056466 -20.277876
v -23.543245 0.056466 -20.277876
v -23.543245 0.056466 -20.277876
v -23.543245 0.729687 -20.277876
v -23.543245 0.729687 -20.277876
v 3.648237 0.056466 -20.277876
v 3.648237 0.056466 -20.277876
v 3.648237 0.056466 -20.277876
v 3.648237 0.729687 -20.277876
v 3.648237 0.729687 -20.277876
v -23.543245 0.729687 -20.730495
v -23.543245 0.729687 -20.730495
v 3.648237 0.558600 -20.535519
v 3.648237 0.558600 -20.535519
v 3.648237 0.558600 -20.535519
v -23.543245 0.558600 -20.535519
v -23.543245 0.558600 -20.535519
v -23.543245 0.558600 -20.535519
v 3.648237 0.729687 -20.730495
v 3.648237 0.729687 -20.730495
v -23.543245 0.558600 -20.020235
v -23.543245 0.558600 -20.020235
v -23.543245 0.558600 -20.020235
v 3.648237 0.729687 -19.825256
v 3.648237 0.729687 -19.825256
v -23.543245 0.729687 -19.825256
v -23.543245 0.729687 -19.825256
v 3.648237 0.558600 -20.020235
v 3.648237 0.558600 -20.020235
v 3.648237 0.558600 -20.020235
v 5.667837 0.267962 -20.733297
v 5.667837 0.267962 -20.733297
v 5.667837 0.267962 -20.733297
v 5.667837 0.267962 -20.733297
v 5.667837 0.267962 -20.733297
v 5.681045 0.267962 -21.029404
v 5.681045 0.267962 -21.029404
v 5.681045 0.267962 -21.029404
v 5.681045 0.267962 -21.029404
v 5.667837 -0.267962 -20.733297
v 5.667837 -0.267962 -20.733297
v 5.667837 -0.267962 -20.733297
v 5.667837 -0.267962 -20.733297
v 5.667837 -0.267962 -20.733297
v 5.681045 -0.267962 -21.029404
v 5.681045 -0.267962 -21.029404
v 5.681045 -0.267962 -21.029404
v 5.681045 -0.267962 -21.029404
v 9.493237 0.057029 -19.860222
v 9.493237 0.057029 -19.860222
v 9.493237 0.057029 -19.860222
v 9.493237 0.057029 -19.860222
v 9.615124 0.057029 -20.072102
v 9.615124 0.057029 -20.072102
v 9.615124 0.057029 -20.072102
v 9.493237 -0.057029 -19.860222
v 9.493237 -0.057029 -19.860222
v 9.493237 -0.057029 -19.860222
v 9.493237 -0.057029 -19.860222
v 9.615124 -0.057029 -20.072102
v 9.615124 -0.057029 -20.072102
v 9.615124 -0.057029 -20.072102
v 5.409498 0.000000 -20.733297
v 5.409498 0.000000 -20.733297
v 5.409498 0.000000 -20.733297
v 5.409498 0.000000 -20.733297
v 5.409498 0.000000 -20.733297
v 5.409498 0.000000 -20.733297
v 5.422705 0.000000 -21.065531
v 5.422705 0.000000 -21.065531
v 5.422705 0.000000 -21.065531
v 5.422705 0.000000 -21.065531
v 9.511856 0.000000 -19.860222
v 9.511856 0.000000 -19.860222
v 9.511856 0.000000 -19.860222
v 9.511856 0.000000 -19.860222
v 9.633744 0.000000 -20.072102
v 9.633744 0.000000 -20.072102
v 5.473619 0.133981 -20.733297
v 5.473619 0.133981 -20.733297
v 5.473619 0.133981 -20.733297
v 5.473619 0.133981 -20.733297
v 5.473619 0.133981 -20.733297
v 9.633744 0.020660 -20.072102
v 9.633744 0.020660 -20.072102
v 9.633744 0.020660 -20.072102
v 9.633744 0.020660 -20.072102
v 5.486826 0.133981 -21.042038
v 5.486826 0.133981 -21.042038
v 5.486826 0.133981 -21.042038
v 5.486826 0.133981 -21.042038
v 5.486826 0.133981 -21.042038
v 5.486826 0.133981 -21.042038
v 5.486826 0.133981 -21.042038
v 9.511856 0.020660 -19.860222
v 9.511856 0.020660 -19.860222
v 9.511856 0.020660 -19.860222
v 9.511856 0.020660 -19.860222
v 5.486826 -0.133981 -21.042038
v 5.486826 -0.133981 -21.042038
v 5.486826 -0.133981 -21.042038
v 5.486826 -0.133981 -21.042038
v 5.486826 -0.133981 -21.042038
v 5.486826 -0.133981 -21.042038
v 5.486826 -0.133981 -21.042038
v 9.511856 -0.020660 -19.860222
v 9.511856 -0.020660 -19.860222
v 9.511856 -0.020660 -19.860222
v 9.511856 -0.020660 -19.860222
v 5.473619 -0.133981 -20.733297
v 5.473619 -0.133981 -20.733297
v 5.473619 -0.133981 -20.733297
v 5.473619 -0.133981 -20.733297
v 5.473619 -0.133981 -20.733297
v 9.633744 -0.020660 -20.072102
v 9.633744 -0.020660 -20.072102
v 9.633744 -0.020660 -20.072102
v 9.633744 -0.020660 -20.072102
v 8.129387 -0.057029 -20.095608
v 8.129387 -0.057029 -20.095608
v 8.129387 -0.057029 -20.095608
v 8.129387 -0.057029 -20.095608
v 8.129387 -0.057029 -20.095608
v 8.142595 -0.057029 -20.391714
v 8.142595 -0.057029 -20.391714
v 8.142595 -0.057029 -20.391714
v 8.142595 -0.057029 -20.391714
v 8.129387 0.057029 -20.095608
v 8.129387 0.057029 -20.095608
v 8.129387 0.057029 -20.095608
v 8.129387 0.057029 -20.095608
v 8.129387 0.057029 -20.095608
v 8.142595 0.057029 -20.391714
v 8.142595 0.057029 -20.391714
v 8.142595 0.057029 -20.391714
v 8.142595 0.057029 -20.391714
v 8.068387 0.000000 -20.404697
v 8.068387 0.000000 -20.404697
v 8.068387 0.000000 -20.404697
v 8.068387 0.000000 -20.404697
v 8.068387 0.000000 -20.404697
v 8.068387 0.000000 -20.404697
v 8.055180 0.000000 -20.095608
v 8.055180 0.000000 -20.095608
v 8.055180 0.000000 -20.095608
v 8.055180 0.000000 -20.095608
v 8.055180 0.000000 -20.095608
v 8.055180 0.000000 -20.095608
v 8.091428 0.020660 -20.396254
v 8.091428 0.020660 -20.396254
v 8.091428 0.020660 -20.396254
v 8.091428 0.020660 -20.396254
v 8.091428 0.020660 -20.396254
v 8.078220 0.020660 -20.095608
v 8.078220 0.020660 -20.095608
v 8.078220 0.020660 -20.095608
v 8.078220 0.020660 -20.095608
v 8.078220 0.020660 -20.095608
v 8.078220 0.020660 -20.095608
v 8.078220 -0.020660 -20.095608
v 8.078220 -0.020660 -20.095608
v 8.078220 -0.020660 -20.095608
v 8.078220 -0.020660 -20.095608
v 8.078220 -0.020660 -20.095608
v 8.078220 -0.020660 -20.095608
v 8.091428 -0.020660 -20.396254
v 8.091428 -0.020660 -20.396254
v 8.091428 -0.020660 -20.396254
v 8.091428 -0.020660 -20.396254
v 8.091428 -0.020660 -20.396254
v 8.448816 -0.057029 -20.558210
v 8.448816 -0.057029 -20.558210
v 8.448816 -0.057029 -20.558210
v 8.448816 -0.057029 -20.558210
v 9.688890 -0.057029 -20.426975
v 9.688890 -0.057029 -20.426975
v 9.688890 -0.057029 -20.426975
v 9.688890 -0.057029 -20.426975
v 9.707510 0.020660 -20.426975
v 9.707510 0.020660 -20.426975
v 9.707510 0.020660 -20.426975
v 9.707510 0.020660 -20.426975
v 9.688890 0.057029 -20.426975
v 9.688890 0.057029 -20.426975
v 9.688890 0.057029 -20.426975
v 9.688890 0.057029 -20.426975
v 9.707510 -0.020660 -20.426975
v 9.707510 -0.020660 -20.426975
v 9.707510 -0.020660 -20.426975
v 9.707510 -0.020660 -20.426975
v 9.707510 0.000000 -20.426975
v 9.707510 0.000000 -20.426975
v 9.707510 0.000000 -20.426975
v 9.707510 0.000000 -20.426975
v 8.374609 0.000000 -20.571192
v 8.374609 0.000000 -20.571192
v 8.374609 0.000000 -20.571192
v 8.374609 0.000000 -20.571192
v 8.397649 0.020660 -20.562750
v 8.397649 0.020660 -20.562750
v 8.397649 0.020660 -20.562750
v 8.397649 0.020660 -20.562750
v 8.397649 0.020660 -20.562750
v 8.397649 -0.020660 -20.562750
v 8.397649 -0.020660 -20.562750
v 8.397649 -0.020660 -20.562750
v 8.397649 -0.020660 -20.562750
v 8.397649 -0.020660 -20.562750
v 8.448816 0.057029 -20.558210
v 8.448816 0.057029 -20.558210
v 8.448816 0.057029 -20.558210
v 8.448816 0.057029 -20.558210
v 8.878860 -0.057029 -20.231909
v 8.811312 0.057029 -19.977915
v 8.811312 0.057029 -19.977915
v 8.811312 0.057029 -19.977915
v 8.811312 0.057029 -19.977915
v 8.811312 -0.057029 -19.977915
v 8.811312 -0.057029 -19.977915
v 8.811312 -0.057029 -19.977915
v 8.811312 -0.057029 -19.977915
v 8.878860 0.057029 -20.231909
v 8.783518 0.000000 -19.977915
v 8.783518 0.000000 -19.977915
v 8.783518 0.000000 -19.977915
v 8.783518 0.000000 -19.977915
v 8.783518 0.000000 -19.977915
v 8.783518 0.000000 -19.977915
v 8.795038 0.020660 -19.977915
v 8.795038 0.020660 -19.977915
v 8.795038 0.020660 -19.977915
v 8.795038 0.020660 -19.977915
v 8.795038 0.020660 -19.977915
v 8.795038 0.020660 -19.977915
v 8.795038 -0.020660 -19.977915
v 8.795038 -0.020660 -19.977915
v 8.795038 -0.020660 -19.977915
v 8.795038 -0.020660 -19.977915
v 8.795038 -0.020660 -19.977915
v 8.795038 -0.020660 -19.977915
v 9.151874 -0.057029 -20.981277
v 9.151874 -0.057029 -20.981277
v 9.151874 -0.057029 -20.981277
v 9.151874 -0.057029 -20.981277
v 9.124080 0.000000 -20.987768
v 9.124080 0.000000 -20.987768
v 9.124080 0.000000 -20.987768
v 9.124080 0.000000 -20.987768
v 9.124080 0.000000 -20.987768
v 9.124080 0.000000 -20.987768
v 9.135599 0.020660 -20.983547
v 9.135599 0.020660 -20.983547
v 9.135599 0.020660 -20.983547
v 9.135599 0.020660 -20.983547
v 9.135599 0.020660 -20.983547
v 9.135599 0.020660 -20.983547
v 9.135599 -0.020660 -20.983547
v 9.135599 -0.020660 -20.983547
v 9.135599 -0.020660 -20.983547
v 9.135599 -0.020660 -20.983547
v 9.135599 -0.020660 -20.983547
v 9.135599 -0.020660 -20.983547
v 9.151874 0.057029 -20.981277
v 9.151874 0.057029 -20.981277
v 9.151874 0.057029 -20.981277
v 9.151874 0.057029 -20.981277
v 9.246992 -0.057029 -20.152004
v 9.152274 0.057029 -19.919067
v 9.152274 0.057029 -19.919067
v 9.524157 -0.057029 -20.791864
v 9.524157 -0.057029 -20.791864
v 9.524157 -0.057029 -20.791864
v 9.519569 0.000000 -20.795109
v 9.519569 0.000000 -20.795109
v 9.519569 0.000000 -20.795109
v 9.519569 0.000000 -20.795109
v 9.519569 0.000000 -20.795109
v 9.519569 0.000000 -20.795109
v 9.525330 0.020660 -20.792999
v 9.525330 0.020660 -20.792999
v 9.525330 0.020660 -20.792999
v 9.525330 0.020660 -20.792999
v 9.525330 0.020660 -20.792999
v 9.525330 0.020660 -20.792999
v 9.525330 0.020660 -20.792999
v 9.525330 -0.020660 -20.792999
v 9.525330 -0.020660 -20.792999
v 9.525330 -0.020660 -20.792999
v 9.525330 -0.020660 -20.792999
v 9.525330 -0.020660 -20.792999
v 9.525330 -0.020660 -20.792999
v 9.525330 -0.020660 -20.792999
v 9.152274 -0.057029 -19.919067
v 9.152274 -0.057029 -19.919067
v 9.246992 0.057029 -20.152004
v 9.147687 0.000000 -19.919067
v 9.147687 0.000000 -19.919067
v 9.147687 0.000000 -19.919067
v 9.147687 0.000000 -19.919067
v 9.147687 0.000000 -19.919067
v 9.147687 0.000000 -19.919067
v 9.153447 0.020660 -19.919067
v 9.153447 0.020660 -19.919067
v 9.153447 0.020660 -19.919067
v 9.153447 0.020660 -19.919067
v 9.153447 0.020660 -19.919067
v 9.153447 0.020660 -19.919067
v 9.153447 -0.020660 -19.919067
v 9.153447 -0.020660 -19.919067
v 9.153447 -0.020660 -19.919067
v 9.153447 -0.020660 -19.919067
v 9.153447 -0.020660 -19.919067
v 9.153447 -0.020660 -19.919067
v 9.524157 0.057029 -20.791864
v 9.524157 0.057029 -20.791864
v 9.524157 0.057029 -20.791864
v 8.470349 -0.057029 -20.036760
v 8.470349 -0.057029 -20.036760
v 8.470349 -0.057029 -20.036760
v 8.470349 -0.057029 -20.036760
v 8.510728 0.057029 -20.311811
v 8.419349 0.000000 -20.036760
v 8.419349 0.000000 -20.036760
v 8.419349 0.000000 -20.036760
v 8.419349 0.000000 -20.036760
v 8.419349 0.000000 -20.036760
v 8.419349 0.000000 -20.036760
v 8.436628 0.020660 -20.036760
v 8.436628 0.020660 -20.036760
v 8.436628 0.020660 -20.036760
v 8.436628 0.020660 -20.036760
v 8.436628 0.020660 -20.036760
v 8.436628 0.020660 -20.036760
v 8.436628 -0.020660 -20.036760
v 8.436628 -0.020660 -20.036760
v 8.436628 -0.020660 -20.036760
v 8.436628 -0.020660 -20.036760
v 8.436628 -0.020660 -20.036760
v 8.436628 -0.020660 -20.036760
v 8.694683 0.057029 -20.882010
v 8.694683 0.057029 -20.882010
v 8.694683 0.057029 -20.882010
v 8.694683 0.057029 -20.882010
v 8.510728 -0.057029 -20.311811
v 8.470349 0.057029 -20.036760
v 8.470349 0.057029 -20.036760
v 8.470349 0.057029 -20.036760
v 8.470349 0.057029 -20.036760
v 8.694683 -0.057029 -20.882010
v 8.694683 -0.057029 -20.882010
v 8.694683 -0.057029 -20.882010
v 8.694683 -0.057029 -20.882010
v 8.643682 0.000000 -20.891747
v 8.643682 0.000000 -20.891747
v 8.643682 0.000000 -20.891747
v 8.643682 0.000000 -20.891747
v 8.643682 0.000000 -20.891747
v 8.643682 0.000000 -20.891747
v 8.660963 0.020660 -20.885414
v 8.660963 0.020660 -20.885414
v 8.660963 0.020660 -20.885414
v 8.660963 0.020660 -20.885414
v 8.660963 0.020660 -20.885414
v 8.660963 0.020660 -20.885414
v 8.660963 -0.020660 -20.885414
v 8.660963 -0.020660 -20.885414
v 8.660963 -0.020660 -20.885414
v 8.660963 -0.020660 -20.885414
v 8.660963 -0.020660 -20.885414
v 8.660963 -0.020660 -20.885414
v 6.550608 -0.267962 -20.506323
v 6.550608 -0.267962 -20.506323
v 6.550608 -0.267962 -20.506323
v 6.550608 -0.267962 -20.506323
v 6.550608 -0.267962 -20.506323
v 6.563816 0.267962 -20.802429
v 6.563816 0.267962 -20.802429
v 6.563816 0.267962 -20.802429
v 6.563816 0.267962 -20.802429
v 6.563816 0.267962 -20.802429
v 6.351179 0.000000 -20.506323
v 6.351179 0.000000 -20.506323
v 6.351179 0.000000 -20.506323
v 6.351179 0.000000 -20.506323
v 6.351179 0.000000 -20.506323
v 6.351179 0.000000 -20.506323
v 6.400678 0.133981 -20.506323
v 6.400678 0.133981 -20.506323
v 6.400678 0.133981 -20.506323
v 6.400678 0.133981 -20.506323
v 6.400678 0.133981 -20.506323
v 6.400678 0.133981 -20.506323
v 6.400678 -0.133981 -20.506323
v 6.400678 -0.133981 -20.506323
v 6.400678 -0.133981 -20.506323
v 6.400678 -0.133981 -20.506323
v 6.400678 -0.133981 -20.506323
v 6.400678 -0.133981 -20.506323
v 6.563816 -0.267962 -20.802429
v 6.563816 -0.267962 -20.802429
v 6.563816 -0.267962 -20.802429
v 6.563816 -0.267962 -20.802429
v 6.563816 -0.267962 -20.802429
v 6.550608 0.267962 -20.506323
v 6.550608 0.267962 -20.506323
v 6.550608 0.267962 -20.506323
v 6.550608 0.267962 -20.506323
v 6.550608 0.267962 -20.506323
v 6.364387 0.000000 -20.830320
v 6.364387 0.000000 -20.830320
v 6.364387 0.000000 -20.830320
v 6.364387 0.000000 -20.830320
v 6.364387 0.000000 -20.830320
v 6.364387 0.000000 -20.830320
v 6.413886 0.133981 -20.812183
v 6.413886 0.133981 -20.812183
v 6.413886 0.133981 -20.812183
v 6.413886 0.133981 -20.812183
v 6.413886 0.133981 -20.812183
v 6.413886 0.133981 -20.812183
v 6.413886 -0.133981 -20.812183
v 6.413886 -0.133981 -20.812183
v 6.413886 -0.133981 -20.812183
v 6.413886 -0.133981 -20.812183
v 6.413886 -0.133981 -20.812183
v 6.413886 -0.133981 -20.812183
v 8.093162 0.196504 -13.846443
v 8.093162 0.196504 -13.846443
v 8.093162 0.196504 -13.846443
v 8.093162 0.196504 -13.846443
v 8.023978 0.128766 -13.876149
v 8.023978 0.128766 -13.876149
v 8.023978 0.128766 -13.876149
v 6.404131 0.128765 -16.646523
v 6.404131 0.128765 -16.646523
v 6.404131 0.128765 -16.646523
v 6.527694 0.196504 -16.616905
v 6.527694 0.196504 -16.616905
v 6.527694 0.196504 -16.616905
v 6.527694 0.196504 -16.616905
v 8.023978 -0.128765 -13.876149
v 8.023978 -0.128765 -13.876149
v 8.023978 -0.128765 -13.876149
v 8.093162 -0.196504 -13.846443
v 8.093162 -0.196504 -13.846443
v 8.093162 -0.196504 -13.846443
v 8.093162 -0.196504 -13.846443
v 6.527694 -0.196504 -16.616905
v 6.527694 -0.196504 -16.616905
v 6.527694 -0.196504 -16.616905
v 6.527694 -0.196504 -16.616905
v 6.404131 -0.128766 -16.646523
v 6.404131 -0.128766 -16.646523
v 6.404131 -0.128766 -16.646523
v 8.366349 0.196504 -15.025084
v 8.366349 0.196504 -15.025084
v 8.366349 0.196504 -15.025084
v 8.366349 0.196504 -15.025084
v 8.289238 0.128766 -15.049071
v 8.289238 0.128766 -15.049071
v 8.289238 0.128766 -15.049071
v 8.289238 0.128766 -15.049071
v 8.289238 0.128766 -15.049071
v 8.366349 -0.196504 -15.025084
v 8.366349 -0.196504 -15.025084
v 8.366349 -0.196504 -15.025084
v 8.366349 -0.196504 -15.025084
v 8.289238 -0.128765 -15.049070
v 8.289238 -0.128765 -15.049070
v 8.289238 -0.128765 -15.049070
v 8.289238 -0.128765 -15.049070
v 8.289238 -0.128765 -15.049070
v 8.375365 -0.196504 -14.396208
v 8.375365 -0.196504 -14.396208
v 8.375365 -0.196504 -14.396208
v 8.300356 -0.128765 -14.418347
v 8.300356 -0.128765 -14.418347
v 8.300356 -0.128765 -14.418347
v 8.300356 -0.128765 -14.418347
v 8.300356 -0.128765 -14.418347
v 8.300356 -0.128765 -14.418347
v 8.375365 0.196504 -14.396208
v 8.375365 0.196504 -14.396208
v 8.375365 0.196504 -14.396208
v 8.300356 0.128766 -14.418347
v 8.300356 0.128766 -14.418347
v 8.300356 0.128766 -14.418347
v 8.300356 0.128766 -14.418347
v 8.300356 0.128766 -14.418347
v 8.300356 0.128766 -14.418347
v 8.131009 0.196504 -15.523089
v 8.131009 0.196504 -15.523089
v 8.131009 0.196504 -15.523089
v 8.131009 0.196504 -15.523089
v 8.062577 0.128766 -15.520416
v 8.062577 0.128766 -15.520416
v 8.062577 0.128766 -15.520416
v 8.062577 0.128766 -15.520416
v 8.062577 0.128766 -15.520416
v 8.131009 -0.196504 -15.523089
v 8.131009 -0.196504 -15.523089
v 8.131009 -0.196504 -15.523089
v 8.131009 -0.196504 -15.523089
v 8.062577 -0.128766 -15.520416
v 8.062577 -0.128766 -15.520416
v 8.062577 -0.128766 -15.520416
v 8.062577 -0.128766 -15.520416
v 8.062577 -0.128766 -15.520416
v 7.632284 0.128766 -15.882344
v 7.632284 0.128766 -15.882344
v 7.632284 0.128766 -15.882344
v 7.632284 0.128766 -15.882344
v 7.632284 0.128766 -15.882344
v 7.712801 0.196504 -15.878211
v 7.712801 0.196504 -15.878211
v 7.712801 0.196504 -15.878211
v 7.712801 0.196504 -15.878211
v 7.632284 -0.128766 -15.882344
v 7.632284 -0.128766 -15.882344
v 7.632284 -0.128766 -15.882344
v 7.632284 -0.128766 -15.882344
v 7.632284 -0.128766 -15.882344
v 7.712801 -0.196504 -15.878211
v 7.712801 -0.196504 -15.878211
v 7.712801 -0.196504 -15.878211
v 7.712801 -0.196504 -15.878211
v 8.197663 -0.128766 -15.321992
v 8.197663 -0.128766 -15.321992
v 8.197663 -0.128766 -15.321992
v 8.197663 -0.128766 -15.321992
v 8.197663 -0.128766 -15.321992
v 8.275239 -0.196504 -15.305701
v 8.275239 -0.196504 -15.305701
v 8.275239 -0.196504 -15.305701
v 8.275239 -0.196504 -15.305701
v 8.197663 0.128766 -15.321992
v 8.197663 0.128766 -15.321992
v 8.197663 0.128766 -15.321992
v 8.197663 0.128766 -15.321992
v 8.197663 0.128766 -15.321992
v 8.275239 0.196504 -15.305701
v 8.275239 0.196504 -15.305701
v 8.275239 0.196504 -15.305701
v 8.275239 0.196504 -15.305701
v 8.329144 0.128766 -14.752328
v 8.329144 0.128766 -14.752328
v 8.329144 0.128766 -14.752328
v 8.329144 0.128766 -14.752328
v 8.329144 0.128766 -14.752328
v 8.404940 0.196504 -14.719785
v 8.404940 0.196504 -14.719785
v 8.404940 0.196504 -14.719785
v 8.404940 0.196504 -14.719785
v 8.329144 -0.128765 -14.752328
v 8.329144 -0.128765 -14.752328
v 8.329144 -0.128765 -14.752328
v 8.329144 -0.128765 -14.752328
v 8.329144 -0.128765 -14.752328
v 8.404940 -0.196504 -14.719785
v 8.404940 -0.196504 -14.719785
v 8.404940 -0.196504 -14.719785
v 8.404940 -0.196504 -14.719785
v 8.172175 -0.128765 -14.131042
v 8.172175 -0.128765 -14.131042
v 8.172175 -0.128765 -14.131042
v 8.172175 -0.128765 -14.131042
v 8.172175 -0.128765 -14.131042
v 8.246521 -0.196504 -14.109659
v 8.246521 -0.196504 -14.109659
v 8.246521 -0.196504 -14.109659
v 8.246521 -0.196504 -14.109659
v 8.172175 0.128766 -14.131042
v 8.172175 0.128766 -14.131042
v 8.172175 0.128766 -14.131042
v 8.172175 0.128766 -14.131042
v 8.172175 0.128766 -14.131042
v 8.246521 0.196504 -14.109659
v 8.246521 0.196504 -14.109659
v 8.246521 0.196504 -14.109659
v 8.246521 0.196504 -14.109659
v 8.203383 0.176250 -13.799117
v 8.203383 0.176250 -13.799117
v 8.203383 0.176250 -13.799117
v 8.203383 0.176250 -13.799117
v 8.184657 0.196504 -13.807158
v 8.184657 0.196504 -13.807158
v 8.184657 0.196504 -13.807158
v 8.804611 0.196504 -16.071148
v 8.804611 0.196504 -16.071148
v 8.804611 0.196504 -16.071148
v 8.804611 0.196504 -16.071148
v 8.823356 0.176250 -16.066654
v 8.823356 0.176250 -16.066654
v 8.823356 0.176250 -16.066654
v 8.184657 -0.196504 -13.807158
v 8.184657 -0.196504 -13.807158
v 8.184657 -0.196504 -13.807158
v 8.203383 -0.176250 -13.799117
v 8.203383 -0.176250 -13.799117
v 8.203383 -0.176250 -13.799117
v 8.203383 -0.176250 -13.799117
v 8.823356 -0.176250 -16.066654
v 8.823356 -0.176250 -16.066654
v 8.823356 -0.176250 -16.066654
v 8.804611 -0.196504 -16.071148
v 8.804611 -0.196504 -16.071148
v 8.804611 -0.196504 -16.071148
v 8.804611 -0.196504 -16.071148
v 8.603780 -0.176250 -14.951230
v 8.603780 -0.176250 -14.951230
v 8.603780 -0.176250 -14.951230
v 8.603780 -0.176250 -14.951230
v 8.603780 -0.176250 -14.951230
v 8.583809 -0.196504 -14.957442
v 8.583809 -0.196504 -14.957442
v 8.583809 -0.196504 -14.957442
v 8.583809 -0.196504 -14.957442
v 8.583809 0.196504 -14.957442
v 8.583809 0.196504 -14.957442
v 8.583809 0.196504 -14.957442
v 8.583809 0.196504 -14.957442
v 8.603780 0.176250 -14.951230
v 8.603780 0.176250 -14.951230
v 8.603780 0.176250 -14.951230
v 8.603780 0.176250 -14.951230
v 8.603780 0.176250 -14.951230
v 8.515068 -0.176250 -14.354973
v 8.515068 -0.176250 -14.354973
v 8.515068 -0.176250 -14.354973
v 8.515068 -0.176250 -14.354973
v 8.494744 -0.196504 -14.360971
v 8.494744 -0.196504 -14.360971
v 8.494744 -0.196504 -14.360971
v 8.494744 -0.196504 -14.360971
v 8.494744 -0.196504 -14.360971
v 8.494744 0.196504 -14.360971
v 8.494744 0.196504 -14.360971
v 8.494744 0.196504 -14.360971
v 8.494744 0.196504 -14.360971
v 8.494744 0.196504 -14.360971
v 8.515068 0.176250 -14.354973
v 8.515068 0.176250 -14.354973
v 8.515068 0.176250 -14.354973
v 8.515068 0.176250 -14.354973
v 8.640847 -0.176250 -15.543010
v 8.640847 -0.176250 -15.543010
v 8.640847 -0.176250 -15.543010
v 8.640847 -0.176250 -15.543010
v 8.640847 -0.176250 -15.543010
v 8.620094 -0.196504 -15.542199
v 8.620094 -0.196504 -15.542199
v 8.620094 -0.196504 -15.542199
v 8.620094 -0.196504 -15.542199
v 8.620094 0.196504 -15.542199
v 8.620094 0.196504 -15.542199
v 8.620094 0.196504 -15.542199
v 8.620094 0.196504 -15.542199
v 8.640847 0.176250 -15.543010
v 8.640847 0.176250 -15.543010
v 8.640847 0.176250 -15.543010
v 8.640847 0.176250 -15.543010
v 8.640847 0.176250 -15.543010
v 8.674900 -0.196504 -15.828815
v 8.674900 -0.196504 -15.828815
v 8.674900 -0.196504 -15.828815
v 8.674900 -0.196504 -15.828815
v 8.695414 -0.176250 -15.827763
v 8.695414 -0.176250 -15.827763
v 8.695414 -0.176250 -15.827763
v 8.695414 -0.176250 -15.827763
v 8.695414 -0.176250 -15.827763
v 8.695414 0.176250 -15.827763
v 8.695414 0.176250 -15.827763
v 8.695414 0.176250 -15.827763
v 8.695414 0.176250 -15.827763
v 8.695414 0.176250 -15.827763
v 8.674900 0.196504 -15.828815
v 8.674900 0.196504 -15.828815
v 8.674900 0.196504 -15.828815
v 8.674900 0.196504 -15.828815
v 8.587148 -0.196504 -15.240203
v 8.587148 -0.196504 -15.240203
v 8.587148 -0.196504 -15.240203
v 8.607244 -0.176250 -15.235983
v 8.607244 -0.176250 -15.235983
v 8.607244 -0.176250 -15.235983
v 8.607244 -0.176250 -15.235983
v 8.607244 -0.176250 -15.235983
v 8.607244 -0.176250 -15.235983
v 8.607244 0.176250 -15.235983
v 8.607244 0.176250 -15.235983
v 8.607244 0.176250 -15.235983
v 8.607244 0.176250 -15.235983
v 8.607244 0.176250 -15.235983
v 8.607244 0.176250 -15.235983
v 8.587148 0.196504 -15.240203
v 8.587148 0.196504 -15.240203
v 8.587148 0.196504 -15.240203
v 8.569263 -0.196504 -14.649231
v 8.569263 -0.196504 -14.649231
v 8.569263 -0.196504 -14.649231
v 8.569263 -0.196504 -14.649231
v 8.589015 -0.176250 -14.640751
v 8.589015 -0.176250 -14.640751
v 8.589015 -0.176250 -14.640751
v 8.589015 -0.176250 -14.640751
v 8.589015 -0.176250 -14.640751
v 8.589015 0.176250 -14.640751
v 8.589015 0.176250 -14.640751
v 8.589015 0.176250 -14.640751
v 8.589015 0.176250 -14.640751
v 8.589015 0.176250 -14.640751
v 8.569263 0.196504 -14.649231
v 8.569263 0.196504 -14.649231
v 8.569263 0.196504 -14.649231
v 8.569263 0.196504 -14.649231
v 8.386348 -0.196504 -14.069443
v 8.386348 -0.196504 -14.069443
v 8.386348 -0.196504 -14.069443
v 8.386348 -0.196504 -14.069443
v 8.406725 -0.176250 -14.063581
v 8.406725 -0.176250 -14.063581
v 8.406725 -0.176250 -14.063581
v 8.406725 -0.176250 -14.063581
v 8.406725 -0.176250 -14.063581
v 8.406725 0.176250 -14.063581
v 8.406725 0.176250 -14.063581
v 8.406725 0.176250 -14.063581
v 8.406725 0.176250 -14.063581
v 8.406725 0.176250 -14.063581
v 8.386348 0.196504 -14.069443
v 8.386348 0.196504 -14.069443
v 8.386348 0.196504 -14.069443
v 8.386348 0.196504 -14.069443
v 5.776544 1.139573 -16.937590
v 5.776544 1.139573 -16.937590
v 5.776544 1.139573 -16.937590
v 5.776544 1.139573 -16.937590
v 5.776544 1.139573 -16.937590
v 5.776544 -1.139389 -16.937590
v 5.776544 -1.139389 -16.937590
v 5.776544 -1.139389 -16.937590
v 5.776544 -1.139389 -16.937590
v 5.776544 -1.139389 -16.937590
v 9.470470 1.139573 -16.051697
v 9.470470 1.139573 -16.051697
v 9.470470 1.139573 -16.051697
v 9.470470 -1.139389 -16.051697
v 9.470470 -1.139389 -16.051697
v 9.470470 -1.139389 -16.051697
v 14.176786 -1.139389 -14.192542
v 14.176786 -1.139389 -14.192542
v 14.176786 -1.139389 -14.192542
v 14.176786 1.139573 -14.192542
v 14.176786 1.139573 -14.192542
v 14.176786 1.139573 -14.192542
v 10.318725 1.139573 -15.874472
v 10.318725 1.139573 -15.874472
v 10.318725 1.139573 -15.874472
v 10.318725 -1.139389 -15.874472
v 10.318725 -1.139389 -15.874472
v 10.318725 -1.139389 -15.874472
v 12.384615 1.139573 -15.210022
v 12.384615 1.139573 -15.210022
v 12.384615 1.139573 -15.210022
v 12.384615 -1.139389 -15.210022
v 12.384615 -1.139389 -15.210022
v 12.384615 -1.139389 -15.210022
v 11.430995 1.139573 -15.616372
v 11.430995 1.139573 -15.616372
v 11.430995 1.139573 -15.616372
v 11.430995 -1.139389 -15.616372
v 11.430995 -1.139389 -15.616372
v 11.430995 -1.139389 -15.616372
v 13.304885 1.139573 -14.775494
v 13.304885 1.139573 -14.775494
v 13.304885 1.139573 -14.775494
v 13.304885 -1.139389 -14.775494
v 13.304885 -1.139389 -14.775494
v 13.304885 -1.139389 -14.775494
v 34.218704 0.000092 -16.892303
v 34.218704 0.000092 -16.892303
v 19.994255 0.000092 -18.338219
v 19.994255 0.000092 -18.338219
v 19.994255 0.000092 -18.338219
v 19.994255 0.000092 -18.338219
v 20.129488 -1.139388 -12.221438
v 20.129488 -1.139388 -12.221438
v 20.129488 -1.139388 -12.221438
v 20.129488 -1.139388 -12.221438
v 20.129488 -1.139388 -12.221438
v 16.075161 -1.139389 -11.323305
v 16.075161 -1.139389 -11.323305
v 16.075161 -1.139389 -11.323305
v 16.075161 1.139573 -11.323305
v 16.075161 1.139573 -11.323305
v 16.075161 1.139573 -11.323305
v 20.129488 1.139573 -12.221438
v 20.129488 1.139573 -12.221438
v 20.129488 1.139573 -12.221438
v 20.129488 1.139573 -12.221438
v 20.129488 1.139573 -12.221438
v 17.666105 1.139573 -15.541608
v 17.666105 1.139573 -15.541608
v 17.666105 1.139573 -15.541608
v 17.666105 1.139573 -15.541608
v 17.666105 -1.139389 -15.541607
v 17.666105 -1.139389 -15.541607
v 17.666105 -1.139389 -15.541607
v 17.666105 -1.139389 -15.541607
v 14.827861 -1.139389 -13.509018
v 14.827861 -1.139389 -13.509018
v 14.827861 -1.139389 -13.509018
v 14.827861 1.139573 -13.509018
v 14.827861 1.139573 -13.509018
v 14.827861 1.139573 -13.509018
v 18.202118 1.139573 -15.107979
v 18.202118 1.139573 -15.107979
v 18.202118 1.139573 -15.107979
v 18.202118 1.139573 -15.107979
v 15.254309 1.139573 -12.878349
v 15.254309 1.139573 -12.878349
v 15.254309 1.139573 -12.878349
v 18.202118 -1.139389 -15.107979
v 18.202118 -1.139389 -15.107979
v 18.202118 -1.139389 -15.107979
v 18.202118 -1.139389 -15.107979
v 15.254309 -1.139389 -12.878349
v 15.254309 -1.139389 -12.878349
v 15.254309 -1.139389 -12.878349
v 19.087486 1.139573 -13.782001
v 19.087486 1.139573 -13.782001
v 15.636116 1.139573 -12.147306
v 15.636116 1.139573 -12.147306
v 15.636116 1.139573 -12.147306
v 19.087486 -1.139389 -13.782001
v 19.087486 -1.139389 -13.782001
v 15.636116 -1.139389 -12.147306
v 15.636116 -1.139389 -12.147306
v 15.636116 -1.139389 -12.147306
v 14.124735 0.000092 -18.051617
v 14.124735 0.000092 -18.051617
v 14.124735 0.000092 -18.051617
v 14.124735 0.000092 -18.051617
v 13.068026 0.000092 -18.368731
v 13.068026 0.000092 -18.368731
v 13.068026 0.000092 -18.368731
v 13.068026 0.000092 -18.368731
v 20.836315 -0.909147 -12.175855
v 20.836315 -0.909147 -12.175855
v 20.836315 -0.909147 -12.175855
v 20.836315 -0.909147 -12.175855
v 20.836315 -0.909147 -12.175855
v 20.836315 -0.909147 -12.175855
v 20.836315 -0.909147 -12.175855
v 20.836315 0.909332 -12.175855
v 20.836315 0.909332 -12.175855
v 20.836315 0.909332 -12.175855
v 20.836315 0.909332 -12.175855
v 20.836315 0.909332 -12.175855
v 20.836315 0.909332 -12.175855
v 20.836315 0.909332 -12.175855
v 20.205423 0.909332 -13.725680
v 20.205423 0.909332 -13.725680
v 20.205423 0.909332 -13.725680
v 20.205423 0.909332 -13.725680
v 20.205423 0.909332 -13.725680
v 18.985924 -0.909147 -15.734117
v 18.985924 -0.909147 -15.734117
v 18.985924 -0.909147 -15.734117
v 18.985924 -0.909147 -15.734117
v 18.985924 -0.909147 -15.734117
v 18.985924 -0.909147 -15.734117
v 18.985924 0.909332 -15.734117
v 18.985924 0.909332 -15.734117
v 18.985924 0.909332 -15.734117
v 18.985924 0.909332 -15.734117
v 18.985924 0.909332 -15.734117
v 18.985924 0.909332 -15.734117
v 19.320055 -0.909147 -15.051658
v 19.320055 -0.909147 -15.051658
v 19.320055 -0.909147 -15.051658
v 19.320055 -0.909147 -15.051658
v 19.320055 -0.909147 -15.051658
v 19.320055 0.909332 -15.051658
v 19.320055 0.909332 -15.051658
v 19.320055 0.909332 -15.051658
v 19.320055 0.909332 -15.051658
v 19.320055 0.909332 -15.051658
v 20.205423 -0.909147 -13.725680
v 20.205423 -0.909147 -13.725680
v 20.205423 -0.909147 -13.725680
v 20.205423 -0.909147 -13.725680
v 20.205423 -0.909147 -13.725680
v 21.768566 1.436103 -14.056499
v 21.768566 1.436103 -14.056499
v 21.768566 1.436103 -14.056499
v 21.768566 1.436103 -14.056499
v 21.768566 1.436103 -14.056499
v 22.751118 1.139574 -11.723063
v 22.751118 1.139574 -11.723063
v 22.751118 1.139574 -11.723063
v 22.751118 1.139574 -11.723063
v 22.751118 1.139574 -11.723063
v 22.751118 -1.139388 -11.723063
v 22.751118 -1.139388 -11.723063
v 22.751118 -1.139388 -11.723063
v 22.751118 -1.139388 -11.723063
v 22.751118 -1.139388 -11.723063
v 15.073066 0.000092 -17.762386
v 15.073066 0.000092 -17.762386
v 15.073066 0.000092 -17.762386
v 15.073066 0.000092 -17.762386
v 17.955616 0.000092 -17.487391
v 17.955616 0.000092 -17.487391
v 17.955616 0.000092 -17.487391
v 17.955616 0.000092 -17.487391
v 17.955616 0.000092 -17.487391
v 17.955616 0.000092 -17.487391
v 20.546181 -1.310595 -16.635784
v 20.546181 -1.310595 -16.635784
v 20.546181 -1.310595 -16.635784
v 20.546181 -1.310595 -16.635784
v 20.546181 -1.310595 -16.635784
v 20.546181 -1.310595 -16.635784
v 20.546181 1.310779 -16.635784
v 20.546181 1.310779 -16.635784
v 20.546181 1.310779 -16.635784
v 20.546181 1.310779 -16.635784
v 20.546181 1.310779 -16.635784
v 20.546181 1.310779 -16.635784
v 21.058434 -1.435918 -15.470096
v 21.058434 -1.435918 -15.470096
v 21.058434 -1.435918 -15.470096
v 21.058434 -1.435918 -15.470096
v 21.058434 -1.435918 -15.470096
v 21.058434 -1.435918 -15.470096
v 21.058434 1.436103 -15.470096
v 21.058434 1.436103 -15.470096
v 21.058434 1.436103 -15.470096
v 21.058434 1.436103 -15.470096
v 21.058434 1.436103 -15.470096
v 21.058434 1.436103 -15.470096
v 21.768566 -1.435917 -14.056499
v 21.768566 -1.435917 -14.056499
v 21.768566 -1.435917 -14.056499
v 21.768566 -1.435917 -14.056499
v 21.768566 -1.435917 -14.056499
v 33.820305 1.436103 -10.217276
v 33.820305 1.436103 -10.217276
v 33.820305 1.436103 -10.217276
v 33.468178 1.139574 -7.153392
v 33.468178 1.139574 -7.153392
v 33.468178 1.139574 -7.153392
v 33.468178 -1.139387 -7.153392
v 33.468178 -1.139387 -7.153392
v 16.458817 0.000092 -17.422087
v 16.458817 0.000092 -17.422087
v 16.458817 0.000092 -17.422087
v 16.458817 0.000092 -17.422087
v 16.458817 0.000092 -17.422087
v 16.458817 0.000092 -17.422087
v 11.654503 0.000092 -18.775045
v 11.654503 0.000092 -18.775045
v 11.654503 0.000092 -18.775045
v 11.654503 0.000092 -18.775045
v 34.126976 -1.310594 -14.708730
v 34.126976 -1.310594 -14.708730
v 34.126976 -1.310594 -14.708730
v 34.126976 1.310780 -14.708731
v 34.126976 1.310780 -14.708731
v 34.126976 1.310780 -14.708731
v 34.035206 -1.435917 -13.263559
v 34.035206 -1.435917 -13.263559
v 34.035206 1.436103 -13.263559
v 34.035206 1.436103 -13.263559
v 33.820305 -1.435917 -10.217276
v 33.820305 -1.435917 -10.217276
v 33.820305 -1.435917 -10.217276
v 10.129290 0.000092 -19.255018
v 10.129290 0.000092 -19.255018
v 10.129290 0.000092 -19.255018
v 10.129290 0.000092 -19.255018
v 10.129290 0.000092 -19.255018
v 10.129290 0.000092 -19.255018
v 5.905530 0.000092 -20.586647
v 5.905530 0.000092 -20.586647
v 5.905530 0.000092 -20.586647
v 5.559020 1.139573 -19.890623
v 5.559020 1.139573 -19.890623
v 5.559020 1.139573 -19.890623
v 5.559020 1.139573 -19.890623
v 5.905530 1.015363 -20.086220
v 5.905530 1.015363 -20.086220
v 5.905530 1.015363 -20.086220
v 5.905530 1.015363 -20.086220
v 5.905530 1.015363 -20.086220
v 5.905530 1.015363 -20.086220
v 5.905530 -1.015179 -20.086220
v 5.905530 -1.015179 -20.086220
v 5.905530 -1.015179 -20.086220
v 5.905530 -1.015179 -20.086220
v 5.905530 -1.015179 -20.086220
v 5.905530 -1.015179 -20.086220
v 5.559020 -1.139389 -19.890623
v 5.559020 -1.139389 -19.890623
v 5.559020 -1.139389 -19.890623
v 5.559020 -1.139389 -19.890623
v 10.043674 1.139573 -18.542570
v 10.043674 1.139573 -18.542570
v 10.043674 1.139573 -18.542570
v 10.043674 1.139573 -18.542570
v 10.129290 0.911142 -18.754589
v 10.129290 0.911142 -18.754589
v 10.129290 0.911142 -18.754589
v 10.129290 0.911142 -18.754589
v 10.129290 0.911142 -18.754589
v 10.129290 -0.910959 -18.754589
v 10.129290 -0.910959 -18.754589
v 10.129290 -0.910959 -18.754589
v 10.129290 -0.910959 -18.754589
v 10.129290 -0.910959 -18.754589
v 10.043674 -1.139389 -18.542570
v 10.043674 -1.139389 -18.542570
v 10.043674 -1.139389 -18.542570
v 10.043674 -1.139389 -18.542570
v 16.458817 -0.910959 -16.921659
v 16.458817 -0.910959 -16.921659
v 16.458817 -0.910959 -16.921659
v 16.458817 -0.910959 -16.921659
v 16.458817 -0.910959 -16.921659
v 16.780138 -1.139389 -16.472466
v 16.780138 -1.139389 -16.472466
v 16.780138 -1.139389 -16.472466
v 16.780138 -1.139389 -16.472466
v 16.780138 -1.139389 -16.472466
v 16.780138 1.139573 -16.472466
v 16.780138 1.139573 -16.472466
v 16.780138 1.139573 -16.472466
v 16.780138 1.139573 -16.472466
v 16.780138 1.139573 -16.472466
v 16.458817 0.911143 -16.921659
v 16.458817 0.911143 -16.921659
v 16.458817 0.911143 -16.921659
v 16.458817 0.911143 -16.921659
v 16.458817 0.911143 -16.921659
v 11.568138 1.139573 -18.062946
v 11.568138 1.139573 -18.062946
v 11.568138 1.139573 -18.062946
v 11.568138 1.139573 -18.062946
v 11.654503 0.911142 -18.274618
v 11.654503 0.911142 -18.274618
v 11.654503 0.911142 -18.274618
v 11.654503 0.911142 -18.274618
v 11.654503 0.911142 -18.274618
v 11.654503 -0.910959 -18.274618
v 11.654503 -0.910959 -18.274618
v 11.654503 -0.910959 -18.274618
v 11.654503 -0.910959 -18.274618
v 11.654503 -0.910959 -18.274618
v 11.568138 -1.139389 -18.062946
v 11.568138 -1.139389 -18.062946
v 11.568138 -1.139389 -18.062946
v 11.568138 -1.139389 -18.062946
v 14.124735 0.911142 -17.551189
v 14.124735 0.911142 -17.551189
v 14.124735 0.911142 -17.551189
v 14.124735 0.911142 -17.551189
v 14.124735 0.911142 -17.551189
v 14.040229 1.139573 -17.338694
v 14.040229 1.139573 -17.338694
v 14.040229 1.139573 -17.338694
v 14.040229 1.139573 -17.338694
v 14.040229 -1.139389 -17.338694
v 14.040229 -1.139389 -17.338694
v 14.040229 -1.139389 -17.338694
v 14.040229 -1.139389 -17.338694
v 14.124735 -0.910959 -17.551189
v 14.124735 -0.910959 -17.551189
v 14.124735 -0.910959 -17.551189
v 14.124735 -0.910959 -17.551189
v 14.124735 -0.910959 -17.551189
v 12.985893 1.139573 -17.654732
v 12.985893 1.139573 -17.654732
v 12.985893 1.139573 -17.654732
v 12.985893 1.139573 -17.654732
v 13.068026 0.911142 -17.868301
v 13.068026 0.911142 -17.868301
v 13.068026 0.911142 -17.868301
v 13.068026 0.911142 -17.868301
v 13.068026 0.911142 -17.868301
v 13.068026 -0.910959 -17.868301
v 13.068026 -0.910959 -17.868301
v 13.068026 -0.910959 -17.868301
v 13.068026 -0.910959 -17.868301
v 13.068026 -0.910959 -17.868301
v 12.985893 -1.139389 -17.654732
v 12.985893 -1.139389 -17.654732
v 12.985893 -1.139389 -17.654732
v 12.985893 -1.139389 -17.654732
v 14.989973 1.139573 -17.048828
v 14.989973 1.139573 -17.048828
v 14.989973 1.139573 -17.048828
v 14.989973 1.139573 -17.048828
v 14.989973 1.139573 -17.048828
v 15.073066 0.911142 -17.261959
v 15.073066 0.911142 -17.261959
v 15.073066 0.911142 -17.261959
v 15.073066 0.911142 -17.261959
v 15.073066 -0.910959 -17.261959
v 15.073066 -0.910959 -17.261959
v 15.073066 -0.910959 -17.261959
v 15.073066 -0.910959 -17.261959
v 14.989973 -1.139389 -17.048828
v 14.989973 -1.139389 -17.048828
v 14.989973 -1.139389 -17.048828
v 14.989973 -1.139389 -17.048828
v 14.989973 -1.139389 -17.048828
v 17.955616 -0.726873 -16.986963
v 17.955616 -0.726873 -16.986963
v 17.955616 -0.726873 -16.986963
v 17.955616 -0.726873 -16.986963
v 17.955616 -0.726873 -16.986963
v 17.955616 -0.726873 -16.986963
v 18.098852 -0.909147 -16.753279
v 18.098852 -0.909147 -16.753279
v 18.098852 -0.909147 -16.753279
v 18.098852 -0.909147 -16.753279
v 18.098852 -0.909147 -16.753279
v 18.098852 -0.909147 -16.753279
v 18.098852 0.909332 -16.753279
v 18.098852 0.909332 -16.753279
v 18.098852 0.909332 -16.753279
v 18.098852 0.909332 -16.753279
v 18.098852 0.909332 -16.753279
v 18.098852 0.909332 -16.753279
v 17.955616 0.727058 -16.986963
v 17.955616 0.727058 -16.986963
v 17.955616 0.727058 -16.986963
v 17.955616 0.727058 -16.986963
v 17.955616 0.727058 -16.986963
v 17.955616 0.727058 -16.986963
v 19.994255 -0.910958 -17.837790
v 19.994255 -0.910958 -17.837790
v 19.994255 -0.910958 -17.837790
v 19.994255 -0.910958 -17.837790
v 19.994255 -0.910958 -17.837790
v 19.994255 -0.910958 -17.837790
v 20.137545 -1.139389 -17.604023
v 20.137545 -1.139389 -17.604023
v 20.137545 -1.139389 -17.604023
v 20.137545 -1.139389 -17.604023
v 20.137545 -1.139389 -17.604023
v 20.137545 1.139573 -17.604023
v 20.137545 1.139573 -17.604023
v 20.137545 1.139573 -17.604023
v 20.137545 1.139573 -17.604023
v 20.137545 1.139573 -17.604023
v 19.994255 0.911143 -17.837790
v 19.994255 0.911143 -17.837790
v 19.994255 0.911143 -17.837790
v 19.994255 0.911143 -17.837790
v 19.994255 0.911143 -17.837790
v 19.994255 0.911143 -17.837790
v 34.218704 -0.910958 -16.391874
v 34.218704 -0.910958 -16.391874
v 34.218704 -0.910958 -16.391874
v 34.212090 -1.139388 -16.172512
v 34.212090 -1.139388 -16.172512
v 34.212090 -1.139388 -16.172512
v 34.212090 1.139573 -16.172512
v 34.212090 1.139573 -16.172512
v 34.212090 1.139573 -16.172512
v 34.218704 0.911143 -16.391874
v 34.218704 0.911143 -16.391874
v 34.218704 0.911143 -16.391874
v 16.458817 -0.501687 -17.294416
v 16.458817 -0.501687 -17.294416
v 16.458817 -0.501687 -17.294416
v 16.458817 -0.501687 -17.294416
v 16.458817 -0.501687 -17.294416
v 16.458817 0.501871 -17.294416
v 16.458817 0.501871 -17.294416
v 16.458817 0.501871 -17.294416
v 16.458817 0.501871 -17.294416
v 16.458817 0.501871 -17.294416
v 17.955616 0.400482 -17.359720
v 17.955616 0.400482 -17.359720
v 17.955616 0.400482 -17.359720
v 17.955616 0.400482 -17.359720
v 17.955616 0.400482 -17.359720
v 17.955616 0.400482 -17.359720
v 17.955616 -0.400298 -17.359720
v 17.955616 -0.400298 -17.359720
v 17.955616 -0.400298 -17.359720
v 17.955616 -0.400298 -17.359720
v 17.955616 -0.400298 -17.359720
v 17.955616 -0.400298 -17.359720
v 5.905530 0.559272 -20.458977
v 5.905530 0.559272 -20.458977
v 5.905530 0.559272 -20.458977
v 5.905530 0.559272 -20.458977
v 5.905530 -0.559088 -20.458977
v 5.905530 -0.559088 -20.458977
v 5.905530 -0.559088 -20.458977
v 5.905530 -0.559088 -20.458977
v 10.129290 0.501871 -19.127346
v 10.129290 0.501871 -19.127346
v 10.129290 0.501871 -19.127346
v 10.129290 0.501871 -19.127346
v 10.129290 0.501871 -19.127346
v 10.129290 -0.501687 -19.127346
v 10.129290 -0.501687 -19.127346
v 10.129290 -0.501687 -19.127346
v 10.129290 -0.501687 -19.127346
v 10.129290 -0.501687 -19.127346
v 11.654503 0.501871 -18.647375
v 11.654503 0.501871 -18.647375
v 11.654503 0.501871 -18.647375
v 11.654503 0.501871 -18.647375
v 11.654503 -0.501687 -18.647375
v 11.654503 -0.501687 -18.647375
v 11.654503 -0.501687 -18.647375
v 11.654503 -0.501687 -18.647375
v 15.073066 -0.501687 -17.634714
v 15.073066 -0.501687 -17.634714
v 15.073066 -0.501687 -17.634714
v 15.073066 -0.501687 -17.634714
v 15.073066 0.501871 -17.634714
v 15.073066 0.501871 -17.634714
v 15.073066 0.501871 -17.634714
v 15.073066 0.501871 -17.634714
v 13.068026 0.501871 -18.241058
v 13.068026 0.501871 -18.241058
v 13.068026 0.501871 -18.241058
v 13.068026 0.501871 -18.241058
v 13.068026 -0.501687 -18.241058
v 13.068026 -0.501687 -18.241058
v 13.068026 -0.501687 -18.241058
v 13.068026 -0.501687 -18.241058
v 14.124735 -0.501687 -17.923946
v 14.124735 -0.501687 -17.923946
v 14.124735 -0.501687 -17.923946
v 14.124735 -0.501687 -17.923946
v 14.124735 0.501871 -17.923946
v 14.124735 0.501871 -17.923946
v 14.124735 0.501871 -17.923946
v 14.124735 0.501871 -17.923946
v 19.994255 0.501871 -18.210546
v 19.994255 0.501871 -18.210546
v 19.994255 0.501871 -18.210546
v 19.994255 0.501871 -18.210546
v 19.994255 0.501871 -18.210546
v 19.994255 -0.501686 -18.210546
v 19.994255 -0.501686 -18.210546
v 19.994255 -0.501686 -18.210546
v 19.994255 -0.501686 -18.210546
v 19.994255 -0.501686 -18.210546
v 34.218704 0.501871 -16.764631
v 34.218704 0.501871 -16.764631
v 34.218704 -0.501686 -16.764631
v 34.218704 -0.501686 -16.764631
v 5.508324 0.000092 -16.758762
v 5.508324 0.000092 -16.758762
v 5.508324 0.000092 -16.758762
v 9.340282 0.000092 -15.957128
v 9.340282 0.000092 -15.957128
v 9.340282 0.000092 -15.957128
v 9.340282 0.000092 -15.957128
v 9.340282 0.000092 -15.957128
v 9.340282 0.000092 -15.957128
v 14.046599 0.000092 -13.858283
v 14.046599 0.000092 -13.858283
v 14.046599 0.000092 -13.858283
v 14.046599 0.000092 -13.858283
v 10.188537 0.000092 -15.751964
v 10.188537 0.000092 -15.751964
v 10.188537 0.000092 -15.751964
v 10.188537 0.000092 -15.751964
v 10.188537 0.000092 -15.751964
v 10.188537 0.000092 -15.751964
v 12.254428 0.000092 -14.875763
v 12.254428 0.000092 -14.875763
v 12.254428 0.000092 -14.875763
v 12.254428 0.000092 -14.875763
v 11.300808 0.000092 -15.282114
v 11.300808 0.000092 -15.282114
v 11.300808 0.000092 -15.282114
v 11.300808 0.000092 -15.282114
v 11.300808 0.000092 -15.282114
v 11.300808 0.000092 -15.282114
v 13.174698 0.000092 -14.441235
v 13.174698 0.000092 -14.441235
v 13.174698 0.000092 -14.441235
v 13.174698 0.000092 -14.441235
v 15.944974 0.000092 -10.989046
v 15.944974 0.000092 -10.989046
v 15.944974 0.000092 -10.989046
v 15.944974 0.000092 -10.989046
v 19.999302 0.000092 -11.887180
v 19.999302 0.000092 -11.887180
v 19.999302 0.000092 -11.887180
v 19.999302 0.000092 -11.887180
v 14.697673 0.000092 -13.174759
v 14.697673 0.000092 -13.174759
v 14.697673 0.000092 -13.174759
v 14.697673 0.000092 -13.174759
v 15.124122 0.000092 -12.544090
v 15.124122 0.000092 -12.544090
v 15.124122 0.000092 -12.544090
v 15.124122 0.000092 -12.544090
v 20.706127 0.000093 -11.841597
v 20.706127 0.000093 -11.841597
v 20.706127 0.000093 -11.841597
v 20.706127 0.000093 -11.841597
v 20.706127 0.000093 -11.841597
v 20.706127 0.000093 -11.841597
v 15.505928 0.000092 -11.813047
v 15.505928 0.000092 -11.813047
v 15.505928 0.000092 -11.813047
v 15.505928 0.000092 -11.813047
v 22.620930 0.000093 -11.388803
v 22.620930 0.000093 -11.388803
v 22.620930 0.000093 -11.388803
v 22.620930 0.000093 -11.388803
v 22.620930 0.000093 -11.388803
v 22.620930 0.000093 -11.388803
v 33.337986 0.000093 -6.819133
v 33.337986 0.000093 -6.819133
v 33.416100 0.683782 -6.948462
v 33.416100 0.683782 -6.948462
v 33.416100 -0.683595 -6.948462
v 33.416100 -0.683595 -6.948462
v 22.699043 0.683782 -11.518133
v 22.699043 0.683782 -11.518133
v 22.699043 0.683782 -11.518133
v 22.699043 0.683782 -11.518133
v 22.699043 0.683782 -11.518133
v 22.699043 0.683782 -11.518133
v 22.699043 -0.683596 -11.518133
v 22.699043 -0.683596 -11.518133
v 22.699043 -0.683596 -11.518133
v 22.699043 -0.683596 -11.518133
v 22.699043 -0.683596 -11.518133
v 20.784241 0.545637 -11.970925
v 20.784241 0.545637 -11.970925
v 20.784241 0.545637 -11.970925
v 20.784241 0.545637 -11.970925
v 20.784241 0.545637 -11.970925
v 20.784241 -0.545451 -11.970925
v 20.784241 -0.545451 -11.970925
v 20.784241 -0.545451 -11.970925
v 20.784241 -0.545451 -11.970925
v 20.784241 -0.545451 -11.970925
v 20.077414 0.683781 -12.016508
v 20.077414 0.683781 -12.016508
v 20.077414 0.683781 -12.016508
v 20.077414 0.683781 -12.016508
v 20.077414 0.683781 -12.016508
v 20.077414 0.683781 -12.016508
v 20.077414 -0.683596 -12.016508
v 20.077414 -0.683596 -12.016508
v 20.077414 -0.683596 -12.016508
v 20.077414 -0.683596 -12.016508
v 20.077414 -0.683596 -12.016508
v 20.077414 -0.683596 -12.016508
v 15.202234 0.683781 -12.673419
v 15.202234 0.683781 -12.673419
v 15.202234 0.683781 -12.673419
v 15.202234 0.683781 -12.673419
v 15.202234 -0.683596 -12.673419
v 15.202234 -0.683596 -12.673419
v 15.202234 -0.683596 -12.673419
v 15.202234 -0.683596 -12.673419
v 15.584041 0.683781 -11.942376
v 15.584041 0.683781 -11.942376
v 15.584041 0.683781 -11.942376
v 15.584041 0.683781 -11.942376
v 15.584041 -0.683596 -11.942376
v 15.584041 -0.683596 -11.942376
v 15.584041 -0.683596 -11.942376
v 15.584041 -0.683596 -11.942376
v 14.775785 0.683780 -13.304089
v 14.775785 0.683780 -13.304089
v 14.775785 0.683780 -13.304089
v 14.775785 0.683780 -13.304089
v 14.775785 -0.683597 -13.304089
v 14.775785 -0.683597 -13.304089
v 14.775785 -0.683597 -13.304089
v 14.775785 -0.683597 -13.304089
v 14.124711 -0.683597 -13.987613
v 14.124711 -0.683597 -13.987613
v 14.124711 -0.683597 -13.987613
v 14.124711 -0.683597 -13.987613
v 14.124711 0.683780 -13.987613
v 14.124711 0.683780 -13.987613
v 14.124711 0.683780 -13.987613
v 14.124711 0.683780 -13.987613
v 16.023087 -0.683596 -11.118376
v 16.023087 -0.683596 -11.118376
v 16.023087 -0.683596 -11.118376
v 16.023087 -0.683596 -11.118376
v 16.023087 0.683781 -11.118376
v 16.023087 0.683781 -11.118376
v 16.023087 0.683781 -11.118376
v 16.023087 0.683781 -11.118376
v 12.332541 0.683780 -15.005093
v 12.332541 0.683780 -15.005093
v 12.332541 0.683780 -15.005093
v 12.332541 0.683780 -15.005093
v 12.332541 -0.683597 -15.005093
v 12.332541 -0.683597 -15.005093
v 12.332541 -0.683597 -15.005093
v 12.332541 -0.683597 -15.005093
v 13.252810 0.683780 -14.570564
v 13.252810 0.683780 -14.570564
v 13.252810 0.683780 -14.570564
v 13.252810 0.683780 -14.570564
v 13.252810 -0.683597 -14.570564
v 13.252810 -0.683597 -14.570564
v 13.252810 -0.683597 -14.570564
v 13.252810 -0.683597 -14.570564
v 10.266649 0.683780 -15.669542
v 10.266649 0.683780 -15.669542
v 10.266649 0.683780 -15.669542
v 10.266649 0.683780 -15.669542
v 10.266649 0.683780 -15.669542
v 10.266649 -0.683597 -15.669542
v 10.266649 -0.683597 -15.669542
v 10.266649 -0.683597 -15.669542
v 10.266649 -0.683597 -15.669542
v 10.266649 -0.683597 -15.669542
v 11.378920 0.683780 -15.411443
v 11.378920 0.683780 -15.411443
v 11.378920 0.683780 -15.411443
v 11.378920 0.683780 -15.411443
v 11.378920 -0.683597 -15.411443
v 11.378920 -0.683597 -15.411443
v 11.378920 -0.683597 -15.411443
v 11.378920 -0.683597 -15.411443
v 9.418396 -0.683597 -15.846767
v 9.418396 -0.683597 -15.846767
v 9.418396 -0.683597 -15.846767
v 9.418396 -0.683597 -15.846767
v 9.418396 -0.683597 -15.846767
v 9.418396 -0.683597 -15.846767
v 9.418396 0.683780 -15.846767
v 9.418396 0.683780 -15.846767
v 9.418396 0.683780 -15.846767
v 9.418396 0.683780 -15.846767
v 9.418396 0.683780 -15.846767
v 9.418396 0.683780 -15.846767
v 5.673518 0.683780 -16.764969
v 5.673518 0.683780 -16.764969
v 5.673518 0.683780 -16.764969
v 5.673518 0.683780 -16.764969
v 5.673518 0.683780 -16.764969
v 5.673518 -0.683597 -16.764969
v 5.673518 -0.683597 -16.764969
v 5.673518 -0.683597 -16.764969
v 5.673518 -0.683597 -16.764969
v 5.673518 -0.683597 -16.764969
v 19.170477 -1.139389 -11.982703
v 19.170477 -1.139389 -11.982703
v 19.170477 1.139573 -11.982703
v 19.170477 1.139573 -11.982703
v 16.892473 1.139573 -15.598302
v 16.892473 -1.139389 -15.598301
v 17.575632 1.139573 -14.542977
v 17.575632 -1.139389 -14.542977
v 18.319103 1.139573 -13.375640
v 18.319103 -1.139389 -13.375640
v 9.679760 1.139573 -17.753138
v 5.510373 1.139573 -18.166794
v 5.510373 1.139573 -18.166794
v 5.510373 1.139573 -18.166794
v 5.510373 -1.139389 -18.166794
v 5.510373 -1.139389 -18.166794
v 5.510373 -1.139389 -18.166794
v 9.679760 -1.139389 -17.753138
v 11.231153 1.139573 -17.348791
v 11.231153 -1.139389 -17.348791
v 16.083435 -1.139389 -16.480181
v 14.678520 -1.139389 -16.361738
v 16.083435 1.139573 -16.480181
v 14.678520 1.139573 -16.361738
v 12.687242 1.139573 -16.989901
v 12.687242 -1.139389 -16.989901
v 13.734848 1.139573 -16.682556
v 13.734848 -1.139389 -16.682556
v 19.040291 0.000092 -11.648445
v 19.040291 0.000092 -11.648445
v 19.118402 0.683781 -11.777773
v 19.118402 0.683781 -11.777773
v 19.118402 -0.683596 -11.777773
v 19.118402 -0.683596 -11.777773
v 17.813469 -1.139389 -11.644892
v 17.813469 -1.139389 -11.644892
v 17.813469 -1.139389 -11.644892
v 17.813469 1.139573 -11.644892
v 17.813469 1.139573 -11.644892
v 17.813469 1.139573 -11.644892
v 16.149872 -1.139389 -14.628879
v 16.689150 -1.139389 -13.743496
v 17.231836 -1.139389 -12.800635
v 5.855686 1.139573 -17.892622
v 5.855686 1.139573 -17.892622
v 5.855686 1.139573 -17.892622
v 5.855686 -1.139389 -17.892622
v 5.855686 -1.139389 -17.892622
v 5.855686 -1.139389 -17.892622
v 9.164818 -1.139389 -16.636086
v 10.754318 -1.139389 -16.338257
v 15.449691 1.139573 -15.441456
v 14.725144 1.139573 -15.841899
v 12.264647 -1.139389 -16.049160
v 13.302731 1.139573 -15.754115
v 17.683283 0.000092 -11.310633
v 17.683283 0.000092 -11.310633
v 17.683283 0.000092 -11.310633
v 17.683283 0.000092 -11.310633
v 17.761395 -0.683596 -11.439960
v 17.761395 -0.683596 -11.439960
v 17.761395 -0.683596 -11.439960
v 17.761395 -0.683596 -11.439960
v 16.149872 1.139573 -14.628880
v 16.689150 1.139573 -13.743496
v 17.231836 1.139573 -12.800635
v 9.164818 1.139573 -16.636086
v 10.754318 1.139573 -16.338257
v 15.449691 -1.139389 -15.441456
v 14.725144 -1.139389 -15.841899
v 12.264647 1.139573 -16.049160
v 13.302731 -1.139389 -15.754115
v 17.761395 0.683781 -11.439960
v 17.761395 0.683781 -11.439960
v 17.761395 0.683781 -11.439960
v 17.761395 0.683781 -11.439960
v 31.219282 0.000092 -17.181353
v 31.219282 0.000092 -17.181353
v 31.219282 0.000092 -17.181353
v 31.219282 0.000092 -17.181353
v 31.681234 -1.310594 -15.031114
v 31.681234 -1.310594 -15.031114
v 31.681234 -1.310594 -15.031114
v 31.681234 -1.310594 -15.031114
v 31.681234 -1.310594 -15.031114
v 31.681234 -1.310594 -15.031114
v 31.742290 -1.435917 -13.632971
v 31.742290 -1.435917 -13.632971
v 31.742290 -1.435917 -13.632971
v 31.742290 -1.435917 -13.632971
v 31.719212 -1.435917 -10.886604
v 31.719212 -1.435917 -10.886604
v 31.719212 -1.435917 -10.886604
v 31.719212 -1.435917 -10.886604
v 31.599770 -1.139388 -7.950067
v 31.599770 -1.139388 -7.950067
v 31.599770 -1.139388 -7.950067
v 31.599770 -1.139388 -7.950067
v 31.599770 -1.139388 -7.950067
v 31.742290 1.436103 -13.632971
v 31.742290 1.436103 -13.632971
v 31.742290 1.436103 -13.632971
v 31.742290 1.436103 -13.632971
v 31.681236 1.310780 -15.031114
v 31.681236 1.310780 -15.031114
v 31.681236 1.310780 -15.031114
v 31.681236 1.310780 -15.031114
v 31.681236 1.310780 -15.031114
v 31.681236 1.310780 -15.031114
v 31.599770 1.139574 -7.950067
v 31.599770 1.139574 -7.950067
v 31.599770 1.139574 -7.950067
v 31.599770 1.139574 -7.950067
v 31.719212 1.436103 -10.886604
v 31.719212 1.436103 -10.886604
v 31.719212 1.436103 -10.886604
v 31.719212 1.436103 -10.886604
v 31.238800 1.139573 -16.459051
v 31.238800 1.139573 -16.459051
v 31.238800 1.139573 -16.459051
v 31.238800 1.139573 -16.459051
v 31.238800 1.139573 -16.459051
v 31.238800 1.139573 -16.459051
v 31.219282 0.911143 -16.680925
v 31.219282 0.911143 -16.680925
v 31.219282 0.911143 -16.680925
v 31.219282 0.911143 -16.680925
v 31.219282 0.911143 -16.680925
v 31.238800 -1.139388 -16.459051
v 31.238800 -1.139388 -16.459051
v 31.238800 -1.139388 -16.459051
v 31.238800 -1.139388 -16.459051
v 31.238800 -1.139388 -16.459051
v 31.238800 -1.139388 -16.459051
v 31.219282 -0.910958 -16.680925
v 31.219282 -0.910958 -16.680925
v 31.219282 -0.910958 -16.680925
v 31.219282 -0.910958 -16.680925
v 31.219282 -0.910958 -16.680925
v 31.219282 0.501871 -17.053680
v 31.219282 0.501871 -17.053680
v 31.219282 0.501871 -17.053680
v 31.219282 0.501871 -17.053680
v 31.219282 -0.501686 -17.053680
v 31.219282 -0.501686 -17.053680
v 31.219282 -0.501686 -17.053680
v 31.219282 -0.501686 -17.053680
v 31.469580 0.000093 -7.615808
v 31.469580 0.000093 -7.615808
v 31.547693 0.683782 -7.745137
v 31.547693 0.683782 -7.745137
v 31.547693 0.683782 -7.745137
v 31.547693 -0.683595 -7.745137
v 31.547693 -0.683595 -7.745137
v 31.547693 -0.683595 -7.745137
v 22.832897 -1.435918 -15.068361
v 22.832897 -1.435918 -15.068361
v 22.832897 -1.435918 -15.068361
v 22.832897 -1.435918 -15.068361
v 24.339851 -1.139388 -11.045639
v 24.339851 -1.139388 -11.045639
v 24.339851 -1.139388 -11.045639
v 24.339851 -1.139388 -11.045639
v 22.178009 1.310779 -16.283773
v 22.178009 1.310779 -16.283773
v 22.178009 1.310779 -16.283773
v 22.178009 1.310779 -16.283773
v 22.178009 1.310779 -16.283773
v 22.178009 1.310779 -16.283773
v 23.555161 1.436103 -13.487360
v 23.555161 1.436103 -13.487360
v 23.555161 1.436103 -13.487360
v 23.555161 1.436103 -13.487360
v 21.356550 0.911143 -17.707212
v 21.356550 0.911143 -17.707212
v 21.356550 0.911143 -17.707212
v 21.356550 0.911143 -17.707212
v 21.477615 -1.139389 -17.475580
v 21.477615 -1.139389 -17.475580
v 21.477615 -1.139389 -17.475580
v 21.477615 -1.139389 -17.475580
v 21.477615 -1.139389 -17.475580
v 21.477615 -1.139389 -17.475580
v 21.356550 0.501871 -18.079969
v 21.356550 0.501871 -18.079969
v 21.356550 0.501871 -18.079969
v 21.356550 0.501871 -18.079969
v 24.287777 -0.683596 -10.840709
v 24.287777 -0.683596 -10.840709
v 21.356550 0.000092 -18.207642
v 21.356550 0.000092 -18.207642
v 21.356550 0.000092 -18.207642
v 21.356550 0.000092 -18.207642
v 22.178009 -1.310595 -16.283773
v 22.178009 -1.310595 -16.283773
v 22.178009 -1.310595 -16.283773
v 22.178009 -1.310595 -16.283773
v 22.178009 -1.310595 -16.283773
v 22.178009 -1.310595 -16.283773
v 23.555161 -1.435917 -13.487360
v 23.555161 -1.435917 -13.487360
v 23.555161 -1.435917 -13.487360
v 23.555161 -1.435917 -13.487360
v 22.832897 1.436103 -15.068361
v 22.832897 1.436103 -15.068361
v 22.832897 1.436103 -15.068361
v 22.832897 1.436103 -15.068361
v 24.339851 1.139574 -11.045639
v 24.339851 1.139574 -11.045639
v 24.339851 1.139574 -11.045639
v 24.339851 1.139574 -11.045639
v 24.339851 1.139574 -11.045639
v 21.477615 1.139573 -17.475580
v 21.477615 1.139573 -17.475580
v 21.477615 1.139573 -17.475580
v 21.477615 1.139573 -17.475580
v 21.477615 1.139573 -17.475580
v 21.477615 1.139573 -17.475580
v 21.356550 -0.910958 -17.707212
v 21.356550 -0.910958 -17.707212
v 21.356550 -0.910958 -17.707212
v 21.356550 -0.910958 -17.707212
v 21.356550 -0.501686 -18.079969
v 21.356550 -0.501686 -18.079969
v 21.356550 -0.501686 -18.079969
v 21.356550 -0.501686 -18.079969
v 24.209665 0.000093 -10.711380
v 24.209665 0.000093 -10.711380
v 24.287777 0.683782 -10.840709
v 24.287777 0.683782 -10.840709
v 24.287777 0.683782 -10.840709
v 39.362450 0.000092 -16.370995
v 39.362450 0.000092 -16.370995
v 39.362450 0.000092 -16.370995
v 39.362450 0.000092 -16.370995
v 39.362450 0.000092 -16.370995
v 34.218704 0.000092 -16.892303
v 34.218704 0.000092 -16.892303
v 33.820305 1.436103 -10.217276
v 33.820305 1.436103 -10.217276
v 33.468178 1.139574 -7.153392
v 33.468178 1.139574 -7.153392
v 33.468178 1.139574 -7.153392
v 33.468178 -1.139387 -7.153392
v 33.468178 -1.139387 -7.153392
v 33.468178 -1.139387 -7.153392
v 34.126976 -1.310594 -14.708730
v 34.126976 -1.310594 -14.708730
v 34.126976 -1.310594 -14.708730
v 34.126976 1.310780 -14.708731
v 34.126976 1.310780 -14.708731
v 34.126976 1.310780 -14.708731
v 34.035206 -1.435917 -13.263559
v 34.035206 -1.435917 -13.263559
v 34.035206 1.436103 -13.263559
v 34.035206 1.436103 -13.263559
v 33.820305 -1.435917 -10.217276
v 33.820305 -1.435917 -10.217276
v 39.089325 1.436102 -9.837669
v 39.089325 1.436102 -9.837669
v 39.089325 1.436102 -9.837669
v 39.089325 1.436102 -9.837669
v 39.089325 1.436102 -9.837669
v 38.808640 1.139574 -6.066234
v 38.808640 1.139574 -6.066234
v 38.808640 1.139574 -6.066234
v 38.808640 1.139574 -6.066234
v 38.808640 -1.139388 -6.066234
v 38.808640 -1.139388 -6.066234
v 38.808640 -1.139388 -6.066234
v 38.808640 -1.139388 -6.066234
v 39.445778 -1.310595 -15.210189
v 39.445778 -1.310595 -15.210189
v 39.445778 -1.310595 -15.210189
v 39.445778 -1.310595 -15.210189
v 39.445778 -1.310595 -15.210189
v 39.445782 1.310779 -15.210190
v 39.445782 1.310779 -15.210190
v 39.445782 1.310779 -15.210190
v 39.445782 1.310779 -15.210190
v 39.445782 1.310779 -15.210190
v 39.291439 -1.435918 -12.705812
v 39.291439 -1.435918 -12.705812
v 39.291439 -1.435918 -12.705812
v 39.291439 -1.435918 -12.705812
v 39.291439 -1.435918 -12.705812
v 39.291439 1.436102 -12.705812
v 39.291439 1.436102 -12.705812
v 39.291439 1.436102 -12.705812
v 39.291439 1.436102 -12.705812
v 39.291439 1.436102 -12.705812
v 39.089325 -1.435918 -9.837669
v 39.089325 -1.435918 -9.837669
v 39.089325 -1.435918 -9.837669
v 39.089325 -1.435918 -9.837669
v 39.089325 -1.435918 -9.837669
v 34.218704 -0.910958 -16.391874
v 34.218704 -0.910958 -16.391874
v 34.218704 -0.910958 -16.391874
v 34.212090 -1.139388 -16.172512
v 34.212090 -1.139388 -16.172512
v 34.212090 -1.139388 -16.172512
v 34.212090 -1.139388 -16.172512
v 34.212090 1.139573 -16.172512
v 34.212090 1.139573 -16.172512
v 34.212090 1.139573 -16.172512
v 34.212090 1.139573 -16.172512
v 34.218704 0.911143 -16.391874
v 34.218704 0.911143 -16.391874
v 34.218704 0.911143 -16.391874
v 39.516808 -1.139389 -15.649419
v 39.516808 -1.139389 -15.649419
v 39.516808 -1.139389 -15.649419
v 39.516808 -1.139389 -15.649419
v 39.524712 -0.910959 -15.891321
v 39.524712 -0.910959 -15.891321
v 39.524712 -0.910959 -15.891321
v 39.524712 -0.910959 -15.891321
v 39.524712 -0.910959 -15.891321
v 39.524712 0.911142 -15.891321
v 39.524712 0.911142 -15.891321
v 39.524712 0.911142 -15.891321
v 39.524712 0.911142 -15.891321
v 39.524712 0.911142 -15.891321
v 39.516808 1.139573 -15.649419
v 39.516808 1.139573 -15.649419
v 39.516808 1.139573 -15.649419
v 39.516808 1.139573 -15.649419
v 34.218704 0.501871 -16.764631
v 34.218704 0.501871 -16.764631
v 34.218704 0.501871 -16.764631
v 34.218704 -0.501686 -16.764631
v 34.218704 -0.501686 -16.764631
v 34.218704 -0.501686 -16.764631
v 39.479431 0.501870 -16.245211
v 39.479431 0.501870 -16.245211
v 39.479431 0.501870 -16.245211
v 39.479431 0.501870 -16.245211
v 39.479431 0.501870 -16.245211
v 39.479431 -0.501687 -16.245211
v 39.479431 -0.501687 -16.245211
v 39.479431 -0.501687 -16.245211
v 39.479431 -0.501687 -16.245211
v 39.479431 -0.501687 -16.245211
v 33.337986 0.000093 -6.819133
v 33.337986 0.000093 -6.819133
v 38.678452 0.000093 -5.731975
v 38.678452 0.000093 -5.731975
v 38.678452 0.000093 -5.731975
v 33.416100 0.683782 -6.948462
v 33.416100 0.683782 -6.948462
v 33.416100 -0.683595 -6.948462
v 33.416100 -0.683595 -6.948462
v 38.756561 0.683781 -5.861304
v 38.756561 0.683781 -5.861304
v 38.756561 0.683781 -5.861304
v 38.756561 0.683781 -5.861304
v 38.756561 -0.683596 -5.861304
v 38.756561 -0.683596 -5.861304
v 38.756561 -0.683596 -5.861304
v 38.756561 -0.683596 -5.861304
v 9.834041 0.528884 -14.248731
v 9.834041 0.528884 -14.248731
v 9.834041 0.528884 -14.248731
v 9.834041 0.528884 -14.248731
v 9.834041 0.528884 -14.248731
v 9.834041 0.528884 -14.248731
v 9.851386 0.600178 -14.230809
v 9.851386 0.600178 -14.230809
v 9.851386 0.600178 -14.230809
v 11.001488 0.528884 -15.712439
v 11.001488 0.528884 -15.712439
v 11.001488 0.528884 -15.712439
v 11.001488 0.528884 -15.712439
v 11.025013 0.600178 -15.702724
v 11.025013 0.600178 -15.702724
v 11.025013 0.600178 -15.702724
v 11.025013 0.600178 -15.702724
v 9.851386 -0.600174 -14.230809
v 9.851386 -0.600174 -14.230809
v 9.851386 -0.600174 -14.230809
v 9.834041 -0.528880 -14.248731
v 9.834041 -0.528880 -14.248731
v 9.834041 -0.528880 -14.248731
v 9.834041 -0.528880 -14.248731
v 9.834041 -0.528880 -14.248731
v 9.834041 -0.528880 -14.248731
v 11.025013 -0.600174 -15.702724
v 11.025013 -0.600174 -15.702724
v 11.025013 -0.600174 -15.702724
v 11.025013 -0.600174 -15.702724
v 11.001488 -0.528880 -15.712439
v 11.001488 -0.528880 -15.712439
v 11.001488 -0.528880 -15.712439
v 11.001488 -0.528880 -15.712439
v 11.001488 -0.528880 -15.712439
v 9.970258 0.600178 -14.107987
v 9.970258 0.600178 -14.107987
v 9.970258 0.600178 -14.107987
v 9.970258 0.600178 -14.107987
v 9.970258 0.600178 -14.107987
v 9.988567 0.528884 -14.089069
v 9.988567 0.528884 -14.089069
v 9.988567 0.528884 -14.089069
v 9.988567 0.528884 -14.089069
v 11.641881 0.600178 -15.448010
v 11.641881 0.600178 -15.448010
v 11.641881 0.600178 -15.448010
v 11.641881 0.600178 -15.448010
v 11.641881 0.600178 -15.448010
v 11.677681 0.528884 -15.433228
v 11.677681 0.528884 -15.433228
v 11.677681 0.528884 -15.433228
v 9.988567 -0.528880 -14.089069
v 9.988567 -0.528880 -14.089069
v 9.988567 -0.528880 -14.089069
v 9.988567 -0.528880 -14.089069
v 9.970258 -0.600174 -14.107987
v 9.970258 -0.600174 -14.107987
v 9.970258 -0.600174 -14.107987
v 9.970258 -0.600174 -14.107987
v 9.970258 -0.600174 -14.107987
v 11.677681 -0.528880 -15.433228
v 11.677681 -0.528880 -15.433228
v 11.677681 -0.528880 -15.433228
v 11.641881 -0.600174 -15.448010
v 11.641881 -0.600174 -15.448010
v 11.641881 -0.600174 -15.448010
v 11.641881 -0.600174 -15.448010
v 11.641881 -0.600174 -15.448010
v 10.497564 0.528884 -15.332155
v 10.497564 0.528884 -15.332155
v 10.497564 0.528884 -15.332155
v 10.497564 0.528884 -15.332155
v 10.512993 0.600178 -15.316214
v 10.512993 0.600178 -15.316214
v 10.512993 0.600178 -15.316214
v 10.512993 0.600178 -15.316214
v 10.512993 0.600178 -15.316214
v 10.512993 -0.600174 -15.316214
v 10.512993 -0.600174 -15.316214
v 10.512993 -0.600174 -15.316214
v 10.512993 -0.600174 -15.316214
v 10.512993 -0.600174 -15.316214
v 10.497564 -0.528880 -15.332155
v 10.497564 -0.528880 -15.332155
v 10.497564 -0.528880 -15.332155
v 10.497564 -0.528880 -15.332155
v 10.652091 -0.528880 -15.172493
v 10.652091 -0.528880 -15.172493
v 10.652091 -0.528880 -15.172493
v 10.652091 -0.528880 -15.172493
v 10.652091 -0.528880 -15.172493
v 10.652091 -0.528880 -15.172493
v 10.634726 -0.600174 -15.190435
v 10.634726 -0.600174 -15.190435
v 10.634726 -0.600174 -15.190435
v 10.634726 0.600178 -15.190435
v 10.634726 0.600178 -15.190435
v 10.634726 0.600178 -15.190435
v 10.652091 0.528884 -15.172493
v 10.652091 0.528884 -15.172493
v 10.652091 0.528884 -15.172493
v 10.652091 0.528884 -15.172493
v 10.652091 0.528884 -15.172493
v 10.652091 0.528884 -15.172493
v 10.191337 -0.528880 -14.956462
v 10.191337 -0.528880 -14.956462
v 10.191337 -0.528880 -14.956462
v 10.191337 -0.528880 -14.956462
v 10.191337 -0.528880 -14.956462
v 10.210250 -0.600174 -14.944320
v 10.210250 -0.600174 -14.944320
v 10.210250 -0.600174 -14.944320
v 10.210250 -0.600174 -14.944320
v 10.357355 -0.600174 -14.849885
v 10.357355 -0.600174 -14.849885
v 10.357355 -0.600174 -14.849885
v 10.357355 -0.600174 -14.849885
v 10.378319 -0.528880 -14.836427
v 10.378319 -0.528880 -14.836427
v 10.378319 -0.528880 -14.836427
v 10.378319 -0.528880 -14.836427
v 10.378319 -0.528880 -14.836427
v 10.378318 0.528884 -14.836428
v 10.378318 0.528884 -14.836428
v 10.378318 0.528884 -14.836428
v 10.378318 0.528884 -14.836428
v 10.378318 0.528884 -14.836428
v 10.357355 0.600178 -14.849885
v 10.357355 0.600178 -14.849885
v 10.357355 0.600178 -14.849885
v 10.357355 0.600178 -14.849885
v 10.191336 0.528884 -14.956462
v 10.191336 0.528884 -14.956462
v 10.191336 0.528884 -14.956462
v 10.191336 0.528884 -14.956462
v 10.191336 0.528884 -14.956462
v 10.210250 0.600178 -14.944320
v 10.210250 0.600178 -14.944320
v 10.210250 0.600178 -14.944320
v 10.210250 0.600178 -14.944320
v 9.320238 -0.600174 -13.810824
v 9.320238 -0.600174 -13.810824
v 9.320238 -0.600174 -13.810824
v 9.320238 -0.600174 -13.810824
v 9.307254 -0.528880 -13.832667
v 9.307254 -0.528880 -13.832667
v 9.307254 -0.528880 -13.832667
v 9.307254 -0.528880 -13.832667
v 9.307254 -0.528880 -13.832667
v 9.307254 0.528884 -13.832667
v 9.307254 0.528884 -13.832667
v 9.307254 0.528884 -13.832667
v 9.307254 0.528884 -13.832667
v 9.307254 0.528884 -13.832667
v 9.320238 0.600178 -13.810824
v 9.320238 0.600178 -13.810824
v 9.320238 0.600178 -13.810824
v 9.320238 0.600178 -13.810824
v 9.420788 -0.528880 -13.641668
v 9.420788 -0.528880 -13.641668
v 9.420788 -0.528880 -13.641668
v 9.420788 -0.528880 -13.641668
v 9.420788 -0.528880 -13.641668
v 9.407158 -0.600174 -13.664598
v 9.407158 -0.600174 -13.664598
v 9.407158 -0.600174 -13.664598
v 9.407158 -0.600174 -13.664598
v 9.407158 0.600178 -13.664598
v 9.407158 0.600178 -13.664598
v 9.407158 0.600178 -13.664598
v 9.407158 0.600178 -13.664598
v 9.420788 0.528884 -13.641668
v 9.420788 0.528884 -13.641668
v 9.420788 0.528884 -13.641668
v 9.420788 0.528884 -13.641668
v 9.420788 0.528884 -13.641668
v 7.991511 -0.600174 -13.635965
v 7.991511 -0.600174 -13.635965
v 7.991511 -0.600174 -13.635965
v 7.991511 -0.600174 -13.635965
v 7.993680 -0.528880 -13.676016
v 7.993680 -0.528880 -13.676016
v 7.993680 -0.528880 -13.676016
v 7.993680 -0.528880 -13.676016
v 7.993680 -0.528880 -13.676016
v 7.993680 0.528884 -13.676015
v 7.993680 0.528884 -13.676015
v 7.993680 0.528884 -13.676015
v 7.993680 0.528884 -13.676015
v 7.993680 0.528884 -13.676015
v 7.991511 0.600178 -13.635965
v 7.991511 0.600178 -13.635965
v 7.991511 0.600178 -13.635965
v 7.991511 0.600178 -13.635965
v 7.981664 -0.528880 -13.454145
v 7.981664 -0.528880 -13.454145
v 7.981664 -0.528880 -13.454145
v 7.981664 -0.528880 -13.454145
v 7.981664 -0.528880 -13.454145
v 7.983737 -0.600174 -13.492416
v 7.983737 -0.600174 -13.492416
v 7.983737 -0.600174 -13.492416
v 7.983737 -0.600174 -13.492416
v 7.983736 0.600178 -13.492416
v 7.983736 0.600178 -13.492416
v 7.983736 0.600178 -13.492416
v 7.983736 0.600178 -13.492416
v 7.981664 0.528884 -13.454145
v 7.981664 0.528884 -13.454145
v 7.981664 0.528884 -13.454145
v 7.981664 0.528884 -13.454145
v 7.981664 0.528884 -13.454145
v 8.683155 0.600178 -13.695519
v 8.683155 0.600178 -13.695519
v 8.683155 0.600178 -13.695519
v 8.683155 0.600178 -13.695519
v 8.675373 0.528884 -13.727171
v 8.675373 0.528884 -13.727171
v 8.675373 0.528884 -13.727171
v 8.675373 0.528884 -13.727171
v 8.675373 0.528884 -13.727171
v 8.718381 0.600178 -13.552258
v 8.718381 0.600178 -13.552258
v 8.718381 0.600178 -13.552258
v 8.718381 0.600178 -13.552258
v 8.726131 0.528884 -13.520737
v 8.726131 0.528884 -13.520737
v 8.726131 0.528884 -13.520737
v 8.726131 0.528884 -13.520737
v 8.726131 0.528884 -13.520737
v 8.718381 -0.600174 -13.552258
v 8.718381 -0.600174 -13.552258
v 8.718381 -0.600174 -13.552258
v 8.718381 -0.600174 -13.552258
v 8.726131 -0.528880 -13.520737
v 8.726131 -0.528880 -13.520737
v 8.726131 -0.528880 -13.520737
v 8.726131 -0.528880 -13.520737
v 8.726131 -0.528880 -13.520737
v 8.683155 -0.600174 -13.695519
v 8.683155 -0.600174 -13.695519
v 8.683155 -0.600174 -13.695519
v 8.683155 -0.600174 -13.695519
v 8.675373 -0.528880 -13.727171
v 8.675373 -0.528880 -13.727171
v 8.675373 -0.528880 -13.727171
v 8.675373 -0.528880 -13.727171
v 8.675373 -0.528880 -13.727171
v 6.466726 -0.600174 -13.850887
v 6.466726 -0.600174 -13.850887
v 6.466726 -0.600174 -13.850887
v 6.466726 -0.600174 -13.850887
v 6.482009 -0.528880 -13.896214
v 6.482009 -0.528880 -13.896214
v 6.482009 -0.528880 -13.896214
v 6.482009 -0.528880 -13.896214
v 6.482009 -0.528880 -13.896214
v 6.482009 0.528884 -13.896214
v 6.482009 0.528884 -13.896214
v 6.482009 0.528884 -13.896214
v 6.482009 0.528884 -13.896214
v 6.482009 0.528884 -13.896214
v 6.466726 0.600178 -13.850887
v 6.466726 0.600178 -13.850887
v 6.466726 0.600178 -13.850887
v 6.466726 0.600178 -13.850887
v 6.411016 -0.528880 -13.685666
v 6.411016 -0.528880 -13.685666
v 6.411016 -0.528880 -13.685666
v 6.411016 -0.528880 -13.685666
v 6.411016 -0.528880 -13.685666
v 6.424882 -0.600174 -13.726789
v 6.424882 -0.600174 -13.726789
v 6.424882 -0.600174 -13.726789
v 6.424882 -0.600174 -13.726789
v 6.424882 0.600178 -13.726789
v 6.424882 0.600178 -13.726789
v 6.424882 0.600178 -13.726789
v 6.424882 0.600178 -13.726789
v 6.411016 0.528884 -13.685665
v 6.411016 0.528884 -13.685665
v 6.411016 0.528884 -13.685665
v 6.411016 0.528884 -13.685665
v 6.411016 0.528884 -13.685665
v 5.732783 -0.600174 -14.160976
v 5.732783 -0.600174 -14.160976
v 5.732783 -0.600174 -14.160976
v 5.732783 -0.600174 -14.160976
v 5.732783 -0.600174 -14.160976
v 5.760313 -0.528880 -14.205915
v 5.760313 -0.528880 -14.205915
v 5.760313 -0.528880 -14.205915
v 5.760313 -0.528880 -14.205915
v 5.760313 0.528884 -14.205915
v 5.760313 0.528884 -14.205915
v 5.760313 0.528884 -14.205915
v 5.760313 0.528884 -14.205915
v 5.732783 0.600178 -14.160975
v 5.732783 0.600178 -14.160975
v 5.732783 0.600178 -14.160975
v 5.732783 0.600178 -14.160975
v 5.732783 0.600178 -14.160975
v 5.644244 -0.528880 -14.016446
v 5.644244 -0.528880 -14.016446
v 5.644244 -0.528880 -14.016446
v 5.644244 -0.528880 -14.016446
v 5.644244 -0.528880 -14.016446
v 5.644244 -0.528880 -14.016446
v 5.667401 -0.600174 -14.054247
v 5.667401 -0.600174 -14.054247
v 5.667401 -0.600174 -14.054247
v 5.667401 0.600178 -14.054247
v 5.667401 0.600178 -14.054247
v 5.667401 0.600178 -14.054247
v 5.644244 0.528884 -14.016446
v 5.644244 0.528884 -14.016446
v 5.644244 0.528884 -14.016446
v 5.644244 0.528884 -14.016446
v 5.644244 0.528884 -14.016446
v 5.644244 0.528884 -14.016446
v 5.224192 -0.600174 -14.517403
v 5.224192 -0.600174 -14.517403
v 5.224192 -0.600174 -14.517403
v 5.224192 -0.600174 -14.517403
v 5.279583 -0.528880 -14.542669
v 5.279583 -0.528880 -14.542669
v 5.279583 -0.528880 -14.542669
v 5.279583 -0.528880 -14.542669
v 5.279583 -0.528880 -14.542669
v 5.279582 0.528884 -14.542669
v 5.279582 0.528884 -14.542669
v 5.279582 0.528884 -14.542669
v 5.279582 0.528884 -14.542669
v 5.279582 0.528884 -14.542669
v 5.224191 0.600178 -14.517402
v 5.224191 0.600178 -14.517402
v 5.224191 0.600178 -14.517402
v 5.224191 0.600178 -14.517402
v 5.077427 -0.528880 -14.450454
v 5.077427 -0.528880 -14.450454
v 5.077427 -0.528880 -14.450454
v 5.077427 -0.528880 -14.450454
v 5.077427 -0.528880 -14.450454
v 5.117491 -0.600174 -14.468729
v 5.117491 -0.600174 -14.468729
v 5.117491 -0.600174 -14.468729
v 5.117491 -0.600174 -14.468729
v 5.117491 0.600178 -14.468729
v 5.117491 0.600178 -14.468729
v 5.117491 0.600178 -14.468729
v 5.117491 0.600178 -14.468729
v 5.077427 0.528884 -14.450453
v 5.077427 0.528884 -14.450453
v 5.077427 0.528884 -14.450453
v 5.077427 0.528884 -14.450453
v 5.077427 0.528884 -14.450453
v 5.002101 -0.600174 -15.014357
v 5.002101 -0.600174 -15.014357
v 5.002101 -0.600174 -15.014357
v 5.002101 -0.600174 -15.014357
v 5.053682 -0.528880 -15.037886
v 5.053682 -0.528880 -15.037886
v 5.053682 -0.528880 -15.037886
v 5.053682 -0.528880 -15.037886
v 5.053682 -0.528880 -15.037886
v 5.053682 0.528884 -15.037886
v 5.053682 0.528884 -15.037886
v 5.053682 0.528884 -15.037886
v 5.053682 0.528884 -15.037886
v 5.053682 0.528884 -15.037886
v 5.002100 0.600178 -15.014357
v 5.002100 0.600178 -15.014357
v 5.002100 0.600178 -15.014357
v 5.002100 0.600178 -15.014357
v 4.851527 -0.528880 -14.945670
v 4.851527 -0.528880 -14.945670
v 4.851527 -0.528880 -14.945670
v 4.851527 -0.528880 -14.945670
v 4.851527 -0.528880 -14.945670
v 4.883006 -0.600174 -14.960030
v 4.883006 -0.600174 -14.960030
v 4.883006 -0.600174 -14.960030
v 4.883006 -0.600174 -14.960030
v 4.883006 0.600178 -14.960030
v 4.883006 0.600178 -14.960030
v 4.883006 0.600178 -14.960030
v 4.883006 0.600178 -14.960030
v 4.851527 0.528884 -14.945669
v 4.851527 0.528884 -14.945669
v 4.851527 0.528884 -14.945669
v 4.851527 0.528884 -14.945669
v 4.851527 0.528884 -14.945669
v 4.986637 -0.600174 -15.614560
v 4.986637 -0.600174 -15.614560
v 4.986637 -0.600174 -15.614560
v 4.986637 -0.600174 -15.614560
v 5.033834 -0.528880 -15.598272
v 5.033834 -0.528880 -15.598272
v 5.033834 -0.528880 -15.598272
v 5.033834 -0.528880 -15.598272
v 5.033834 -0.528880 -15.598272
v 5.033833 0.528884 -15.598272
v 5.033833 0.528884 -15.598272
v 5.033833 0.528884 -15.598272
v 5.033833 0.528884 -15.598272
v 5.033833 0.528884 -15.598272
v 4.986636 0.600178 -15.614560
v 4.986636 0.600178 -15.614560
v 4.986636 0.600178 -15.614560
v 4.986636 0.600178 -15.614560
v 4.823795 -0.528880 -15.670760
v 4.823795 -0.528880 -15.670760
v 4.823795 -0.528880 -15.670760
v 4.823795 -0.528880 -15.670760
v 4.823795 -0.528880 -15.670760
v 4.845294 -0.600174 -15.663341
v 4.845294 -0.600174 -15.663341
v 4.845294 -0.600174 -15.663341
v 4.845294 -0.600174 -15.663341
v 4.845294 0.600178 -15.663340
v 4.845294 0.600178 -15.663340
v 4.845294 0.600178 -15.663340
v 4.845294 0.600178 -15.663340
v 4.823795 0.528884 -15.670759
v 4.823795 0.528884 -15.670759
v 4.823795 0.528884 -15.670759
v 4.823795 0.528884 -15.670759
v 4.823795 0.528884 -15.670759
v 5.295278 -0.600174 -16.235018
v 5.295278 -0.600174 -16.235018
v 5.295278 -0.600174 -16.235018
v 5.334314 -0.528880 -16.205055
v 5.334314 -0.528880 -16.205055
v 5.334314 -0.528880 -16.205055
v 5.334314 -0.528880 -16.205055
v 5.334314 -0.528880 -16.205055
v 5.334314 -0.528880 -16.205055
v 5.334313 0.528885 -16.205057
v 5.334313 0.528885 -16.205057
v 5.334313 0.528885 -16.205057
v 5.334313 0.528885 -16.205057
v 5.334313 0.528885 -16.205057
v 5.334313 0.528885 -16.205057
v 5.295278 0.600178 -16.235018
v 5.295278 0.600178 -16.235018
v 5.295278 0.600178 -16.235018
v 5.158052 -0.528880 -16.340342
v 5.158052 -0.528880 -16.340342
v 5.158052 -0.528880 -16.340342
v 5.158052 -0.528880 -16.340342
v 5.173439 -0.600174 -16.328533
v 5.173439 -0.600174 -16.328533
v 5.173439 -0.600174 -16.328533
v 5.173439 -0.600174 -16.328533
v 5.173439 -0.600174 -16.328533
v 5.173439 0.600178 -16.328531
v 5.173439 0.600178 -16.328531
v 5.173439 0.600178 -16.328531
v 5.173439 0.600178 -16.328531
v 5.173439 0.600178 -16.328531
v 5.158051 0.528885 -16.340342
v 5.158051 0.528885 -16.340342
v 5.158051 0.528885 -16.340342
v 5.158051 0.528885 -16.340342
v 6.247448 -0.528880 -16.691092
v 6.247448 -0.528880 -16.691092
v 6.247448 -0.528880 -16.691092
v 6.183815 -0.600174 -16.707542
v 6.183815 -0.600174 -16.707542
v 6.183815 -0.600174 -16.707542
v 6.183815 -0.600174 -16.707542
v 6.183815 0.600178 -16.707542
v 6.183815 0.600178 -16.707542
v 6.183815 0.600178 -16.707542
v 6.183815 0.600178 -16.707542
v 6.247448 0.528885 -16.691092
v 6.247448 0.528885 -16.691092
v 6.247448 0.528885 -16.691092
v 5.708951 -0.600174 -16.830307
v 5.708951 -0.600174 -16.830307
v 5.708951 -0.600174 -16.830307
v 5.687265 -0.528880 -16.835915
v 5.687265 -0.528880 -16.835915
v 5.687265 -0.528880 -16.835915
v 5.687265 -0.528880 -16.835915
v 5.687264 0.528885 -16.835915
v 5.687264 0.528885 -16.835915
v 5.687264 0.528885 -16.835915
v 5.687264 0.528885 -16.835915
v 5.708950 0.600178 -16.830307
v 5.708950 0.600178 -16.830307
v 5.708950 0.600178 -16.830307
v -4.710248 0.895104 -23.067730
v -4.435573 0.479280 -22.850767
v -4.435573 0.895104 -23.067730
v -3.336869 -0.479199 -22.850767
v -3.611545 -0.170639 -22.633804
v -3.611545 -0.479199 -22.850767
v -0.864788 -0.457262 -23.119173
v -0.864788 0.000041 -23.067730
v -0.864788 -0.457262 -23.067730
v -1.414140 0.895105 -23.067730
v -1.133816 0.479281 -22.850767
v -1.133816 0.895105 -23.067730
v -4.710248 -0.895023 -23.067730
v -4.984923 -0.479199 -22.850767
v -4.984923 -0.895024 -23.067730
v -0.315437 -0.895023 -23.067730
v -0.590113 -0.479199 -22.850767
v -0.590113 -0.895023 -23.067730
v -8.285390 -0.479200 -22.850767
v -8.564423 -0.170639 -22.633804
v -8.564423 -0.479200 -22.850767
v -6.632978 0.447572 -23.067730
v -6.907654 0.000040 -23.067730
v -6.907654 0.447572 -23.067730
v -2.512843 0.895104 -23.067730
v -2.238167 0.479280 -22.850767
v -2.238167 0.895105 -23.067730
v -1.414140 0.895105 -23.112461
v -1.414140 0.447573 -23.067730
v -1.414140 0.447573 -23.119173
v -0.864789 0.895105 -23.067730
v -0.590113 0.479281 -22.850767
v -0.590113 0.895105 -23.067730
v -0.864788 -0.895023 -23.067730
v -1.133816 -0.479199 -22.850767
v -1.133816 -0.895023 -23.067730
v -3.611545 0.000041 -23.119173
v -3.886221 -0.457263 -23.119173
v -3.886221 0.000040 -23.119173
v -2.512842 -0.895023 -23.067730
v -2.787518 -0.479199 -22.850767
v -2.787518 -0.895023 -23.067730
v -4.435572 -0.895023 -23.067730
v -4.160896 -0.479199 -22.850767
v -4.435572 -0.479199 -22.850767
v -2.238167 0.447573 -23.119173
v -2.238167 0.000041 -23.067730
v -2.238167 0.447573 -23.067730
v -1.963491 -0.895023 -23.067730
v -2.238167 -0.479199 -22.850767
v -2.238167 -0.895023 -23.067730
v -1.963491 0.895105 -23.067730
v -1.688816 0.479281 -22.850767
v -1.688816 0.895105 -23.067730
v -1.963491 0.895105 -23.112461
v -2.238167 0.447573 -23.254309
v -2.238167 0.895105 -23.112461
v -3.611545 -0.895023 -23.067730
v -3.886221 -0.479199 -22.850767
v -3.886221 -0.895023 -23.067730
v -6.907654 0.895104 -23.067730
v -6.632978 0.479280 -22.850767
v -6.632978 0.895104 -23.067730
v -3.062194 0.895104 -23.067730
v -2.787519 0.479280 -22.850767
v -2.787519 0.895104 -23.067730
v -1.688816 0.134638 -22.633804
v -1.963491 0.167322 -22.633804
v -1.963491 0.134638 -22.633804
v -4.710248 -0.457263 -23.119173
v -4.984923 -0.457263 -23.254309
v -4.984923 -0.457263 -23.119173
v -3.062194 -0.895023 -23.067730
v -3.336869 -0.479199 -22.850767
v -3.336869 -0.895023 -23.067730
v -7.182329 -0.895024 -23.067730
v -6.907653 -0.479200 -22.850767
v -7.182329 -0.479200 -22.850767
v -6.083626 -0.895024 -23.067730
v -5.808950 -0.479200 -22.850767
v -6.083626 -0.479200 -22.850767
v -5.259600 0.895104 -23.112461
v -5.534275 0.447572 -23.254309
v -5.534275 0.895104 -23.112461
v -6.358302 -0.895024 -23.112461
v -6.358302 -0.457263 -23.254309
v -6.358302 -0.457263 -23.119173
v -4.160897 0.895104 -23.067730
v -3.886221 0.479280 -22.850767
v -3.886221 0.895104 -23.067730
v -8.834742 0.134637 -22.633804
v -8.564423 0.167321 -22.633804
v -8.834742 0.167321 -22.633804
v -5.808951 0.895104 -23.067730
v -5.534275 0.479280 -22.850767
v -5.534275 0.895104 -23.067730
v -1.963491 -0.457262 -23.119173
v -2.238167 -0.457262 -23.254309
v -2.238167 -0.457262 -23.119173
v -6.632977 -0.170639 -22.633804
v -6.907653 -0.140931 -22.633804
v -6.907653 -0.170639 -22.633804
v -3.336870 -0.170639 -22.633804
v -3.062194 -0.140930 -22.633804
v -3.336870 -0.140930 -22.633804
v -8.564424 0.895103 -23.112461
v -8.834742 0.447571 -23.254309
v -8.834742 0.895103 -23.112461
v -8.285390 -0.895024 -23.067730
v -8.564423 -0.479200 -22.850767
v -8.564423 -0.895024 -23.067730
v -6.358302 0.895104 -23.067730
v -6.083627 0.479280 -22.850767
v -6.083627 0.895104 -23.067730
v -8.006356 -0.895024 -23.067730
v -8.285390 -0.479200 -22.850767
v -3.062194 -0.457263 -23.119173
v -3.062194 0.000041 -23.067730
v -3.062194 -0.457263 -23.067730
v -2.238167 -0.895023 -23.112461
v -1.963491 -0.895023 -23.067730
v -2.238167 -0.895023 -23.067730
v -4.984924 -0.170639 -22.633804
v -5.259599 -0.140930 -22.633804
v -5.259599 -0.170639 -22.633804
v -8.834742 -0.479200 -22.850767
v -8.834742 -0.895024 -23.067730
v -8.564424 0.895103 -23.067730
v -8.285390 0.479279 -22.850767
v -8.285390 0.895103 -23.067730
v -8.006356 0.895103 -23.067730
v -7.731680 0.479279 -22.850767
v -7.731681 0.895103 -23.067730
v -6.083627 0.000040 -23.119173
v -6.083626 -0.457263 -23.067730
v -6.083627 0.000040 -23.067730
v -0.864789 -0.479199 -22.850767
v -0.315437 0.479281 -22.850767
v -0.315437 0.895105 -23.067730
v -6.632977 -0.895024 -23.067730
v -6.907653 -0.895024 -23.067730
v -7.457005 -0.895024 -23.067730
v -7.731680 -0.479200 -22.850767
v -7.731680 -0.895024 -23.067730
v -8.285390 -0.170639 -22.633804
v -8.006356 -0.140931 -22.633804
v -8.285390 -0.140931 -22.633804
v -6.632977 -0.895024 -23.112461
v -6.358302 -0.895024 -23.067730
v -6.632977 -0.895024 -23.067730
v -7.457006 0.895104 -23.067730
v -7.182329 0.479279 -22.850767
v -7.182329 0.895104 -23.067730
v -4.984924 0.895104 -23.067730
v -4.710248 0.479280 -22.850767
v -1.963491 0.000041 -23.119173
v -1.963491 0.447573 -23.067730
v -1.963491 0.000041 -23.067730
v -0.315437 0.000041 -23.119173
v -0.315437 0.447573 -23.067730
v -0.315437 0.000041 -23.067730
v -1.414140 -0.479199 -22.850767
v -1.414140 -0.895023 -23.067730
v -4.160897 0.479280 -22.850767
v -1.963491 0.479281 -22.850767
v -7.182329 0.000040 -23.119173
v -7.182329 -0.457263 -23.067730
v -7.182329 0.000040 -23.067730
v -8.834742 0.000039 -23.119173
v -8.834742 -0.457264 -23.067730
v -8.834742 0.000039 -23.067730
v -7.457005 0.447572 -23.119173
v -7.731681 0.000040 -23.119173
v -7.731681 0.447572 -23.119173
v -2.238167 0.895105 -23.067730
v -2.512842 0.447573 -23.067730
v -2.512843 0.895104 -23.067730
v -2.512843 0.479280 -22.850767
v -4.710248 -0.479199 -22.850767
v -3.062194 -0.479199 -22.850767
v -3.336870 0.895104 -23.067730
v -3.062194 0.479280 -22.850767
v -1.688816 0.895105 -23.067730
v -1.963491 0.447573 -23.067730
v -1.963491 0.895105 -23.067730
v -1.963491 -0.170638 -22.633804
v -1.688816 -0.140930 -22.633804
v -1.963491 -0.140930 -22.633804
v -0.864789 -0.170638 -22.633804
v -0.590113 -0.140930 -22.633804
v -0.864789 -0.140930 -22.633804
v -2.787518 0.447573 -23.119173
v -2.787518 0.000041 -23.067730
v -2.787518 0.447573 -23.067730
v -3.611546 0.479280 -22.850767
v -3.611546 0.895104 -23.067730
v -3.611545 -0.479199 -22.850767
v -4.160896 -0.895023 -23.067730
v -6.358302 -0.457263 -23.254309
v -6.632977 -0.895024 -23.112461
v -6.632977 -0.457263 -23.254309
v -6.907654 -0.457263 -23.254309
v -7.182329 -0.895024 -23.112461
v -7.182329 -0.457263 -23.254309
v -5.259599 -0.479200 -22.850767
v -5.259599 -0.895024 -23.067730
v -2.512843 -0.479199 -22.850767
v -2.238167 0.000041 -23.119173
v -2.238167 -0.457262 -23.067730
v -1.414140 -0.457262 -23.254309
v -1.688815 -0.895023 -23.112461
v -1.688815 -0.457262 -23.254309
v -1.688815 -0.895023 -23.067730
v -1.963491 -0.479199 -22.850767
v -1.414140 0.479281 -22.850767
v -5.259600 0.479280 -22.850767
v -5.259600 0.895104 -23.067730
v -4.435572 0.000040 -23.119173
v -4.435572 -0.457263 -23.067730
v -4.435572 0.000040 -23.067730
v -3.886221 0.895104 -23.067730
v -4.160897 0.447572 -23.067730
v -4.160897 0.895104 -23.067730
v -8.564423 0.447571 -23.119173
v -8.834742 0.447571 -23.254309
v -8.564423 0.447571 -23.254309
v -5.534275 0.895104 -23.067730
v -5.808951 0.447572 -23.067730
v -5.808951 0.895104 -23.067730
v -5.808951 0.479280 -22.850767
v -6.358302 0.479280 -22.850767
v -0.864789 0.479281 -22.850767
v -2.787518 0.000041 -23.119173
v -2.787518 -0.457263 -23.067730
v -7.457005 0.447572 -23.119173
v -7.731681 0.447572 -23.254309
v -7.457005 0.447572 -23.254309
v -5.534275 -0.895024 -23.067730
v -5.808950 -0.895024 -23.067730
v -6.358302 -0.479200 -22.850767
v -6.358302 -0.895024 -23.067730
v -2.512842 -0.457263 -23.119173
v -2.787518 -0.457263 -23.254309
v -2.787518 -0.457263 -23.119173
v -7.457006 0.895104 -23.112461
v -7.731681 0.447572 -23.254309
v -7.731681 0.895103 -23.112461
v -6.907653 0.479280 -22.850767
v -7.457005 -0.479200 -22.850767
v -0.590113 -0.457262 -23.067730
v -0.864788 -0.895023 -23.067730
v -0.864788 -0.457262 -23.067730
v -4.435572 -0.457263 -23.067730
v -4.710248 -0.895023 -23.067730
v -4.710248 -0.457263 -23.067730
v -7.457005 0.479279 -22.850767
v -8.006356 0.479279 -22.850767
v -4.984924 0.895104 -23.067730
v -5.259600 0.447572 -23.067730
v -5.259600 0.895104 -23.067730
v -4.160897 0.895104 -23.112461
v -4.435573 0.447572 -23.254309
v -4.435573 0.895104 -23.112461
v -8.006356 -0.479200 -22.850767
v -8.834742 0.479279 -22.850767
v -8.564423 0.479279 -22.850767
v -5.534275 -0.479200 -22.850767
v -8.285390 0.895103 -23.067730
v -8.564423 0.447571 -23.067730
v -8.564424 0.895103 -23.067730
v -0.864789 0.895105 -23.112461
v -1.133816 0.447573 -23.254309
v -1.133816 0.895105 -23.112461
v -1.688816 -0.479199 -22.850767
v -1.963491 0.447573 -23.119173
v -2.238167 0.447573 -23.254309
v -1.963491 0.447573 -23.254309
v -8.006356 0.895103 -23.112461
v -8.285390 0.447571 -23.254309
v -8.285390 0.895103 -23.112461
v -5.808951 0.895104 -23.112461
v -6.083627 0.447572 -23.254309
v -6.083627 0.895104 -23.112461
v -7.457005 0.134637 -22.633804
v -7.182329 0.167321 -22.633804
v -7.457005 0.167321 -22.633804
v -3.611545 0.134637 -22.633804
v -3.336870 0.167322 -22.633804
v -3.611545 0.167322 -22.633804
v -2.512843 0.895104 -23.112461
v -2.787518 0.447573 -23.254309
v -2.787519 0.895104 -23.112461
v -0.315437 -0.479199 -22.850767
v -0.590113 -0.170638 -22.633804
v -0.590113 -0.479199 -22.850767
v -3.611546 0.895104 -23.112461
v -3.886221 0.447572 -23.254309
v -3.886221 0.895104 -23.112461
v -4.160897 0.447572 -23.119173
v -4.435573 0.447572 -23.254309
v -4.160897 0.447572 -23.254309
v -1.414140 0.895105 -23.112461
v -1.688815 0.447573 -23.254309
v -1.688816 0.895105 -23.112461
v -1.133816 0.000041 -23.067730
v -1.414140 -0.457262 -23.067730
v -1.414140 0.000041 -23.067730
v -1.133816 0.134638 -22.633804
v -0.864789 0.167322 -22.633804
v -1.133816 0.167322 -22.633804
v -3.886221 -0.170639 -22.633804
v -3.886221 -0.479199 -22.850767
v -2.238167 0.134638 -22.633804
v -2.238167 0.167322 -22.633804
v -4.435572 0.000040 -23.067730
v -4.710248 0.000040 -23.067730
v -4.710248 -0.479199 -22.850767
v -4.984924 -0.170639 -22.633804
v -4.984923 -0.479199 -22.850767
v -3.336869 0.000041 -23.067730
v -3.611545 -0.457263 -23.067730
v -3.611545 0.000041 -23.067730
v -4.160896 -0.479199 -22.850767
v -4.435572 -0.170639 -22.633804
v -4.435572 -0.479199 -22.850767
v -4.710248 0.134637 -22.633804
v -4.984924 0.167322 -22.633804
v -4.984924 0.134637 -22.633804
v -3.062194 -0.479199 -22.850767
v -3.336870 -0.170639 -22.633804
v -2.238167 0.000041 -23.067730
v -2.512842 -0.457263 -23.067730
v -2.512842 0.000041 -23.067730
v -3.062194 0.479280 -22.850767
v -2.787518 0.167322 -22.633804
v -2.787519 0.479280 -22.850767
v -6.907654 0.000040 -23.119173
v -7.182329 -0.457263 -23.119173
v -7.182329 0.000040 -23.119173
v -2.512843 -0.479199 -22.850767
v -2.787518 -0.170639 -22.633804
v -2.787518 -0.479199 -22.850767
v -3.062194 0.134637 -22.633804
v -3.336870 0.134637 -22.633804
v -0.590113 -0.895023 -23.112461
v -0.315437 -0.895023 -23.067730
v -0.590113 -0.895023 -23.067730
v -8.834742 -0.170639 -22.633804
v -8.834742 -0.479200 -22.850767
v -6.907654 0.447572 -23.119173
v -7.182329 0.447572 -23.119173
v -6.907653 -0.479200 -22.850767
v -7.182329 -0.170640 -22.633804
v -7.182329 -0.479200 -22.850767
v -0.864788 -0.895023 -23.112461
v -0.864788 -0.457262 -23.254309
v -0.590113 0.000041 -23.067730
v -0.864788 0.000041 -23.067730
v -4.710248 0.447572 -23.119173
v -4.984924 0.000040 -23.119173
v -4.984924 0.447572 -23.119173
v -3.611545 -0.170639 -22.633804
v -3.611545 -0.140930 -22.633804
v -2.238167 -0.170639 -22.633804
v -2.238167 -0.140930 -22.633804
v -6.907654 -0.457263 -23.119173
v -6.907654 0.000040 -23.067730
v -6.907654 -0.457263 -23.067730
v -5.808950 -0.895024 -23.112461
v -5.808950 -0.457263 -23.254309
v -5.808950 -0.457263 -23.119173
v -6.083626 -0.479200 -22.850767
v -5.808950 -0.170639 -22.633804
v -6.083626 -0.170639 -22.633804
v -5.259600 0.447572 -23.119173
v -5.534275 0.000040 -23.119173
v -5.534275 0.447572 -23.119173
v -4.710248 0.479280 -22.850767
v -4.435572 0.167322 -22.633804
v -4.435573 0.479280 -22.850767
v -8.006356 0.000040 -23.119173
v -8.006356 0.447572 -23.067730
v -8.006356 0.000040 -23.067730
v -3.611545 0.000041 -23.119173
v -3.611545 0.447572 -23.067730
v -3.611545 0.000041 -23.067730
v -0.315437 0.895105 -23.112461
v -0.590113 0.895105 -23.067730
v -0.315437 0.895105 -23.067730
v -4.984924 0.447572 -23.119173
v -4.984924 0.000040 -23.067730
v -4.984924 0.447572 -23.067730
v -5.808951 0.479280 -22.850767
v -5.534275 0.167321 -22.633804
v -5.534275 0.479280 -22.850767
v -3.336870 0.447572 -23.067730
v -3.611545 0.447572 -23.067730
v -4.160897 0.895104 -23.112461
v -4.435573 0.895104 -23.067730
v -4.160897 0.895104 -23.067730
v -5.534275 0.447572 -23.067730
v -5.808951 0.000040 -23.067730
v -7.457005 0.000040 -23.119173
v -7.457005 0.447572 -23.067730
v -7.457005 0.000040 -23.067730
v -1.414140 -0.895023 -23.112461
v -1.414140 -0.457262 -23.254309
v -1.414140 -0.457262 -23.119173
v -7.457005 -0.457264 -23.119173
v -7.457005 -0.457264 -23.067730
v -6.907653 -0.895024 -23.112461
v -6.907654 -0.457263 -23.254309
v -1.688815 -0.895023 -23.112461
v -1.414140 -0.895023 -23.067730
v -1.688815 -0.895023 -23.067730
v -5.259599 0.000040 -23.119173
v -5.259600 0.447572 -23.067730
v -5.259599 0.000040 -23.067730
v -7.731681 0.447572 -23.067730
v -8.006356 0.000040 -23.067730
v -8.006356 0.447572 -23.067730
v -0.864789 -0.170638 -22.633804
v -0.864789 -0.479199 -22.850767
v -8.006356 0.447572 -23.119173
v -8.285390 0.000040 -23.119173
v -8.285390 0.447571 -23.119173
v -6.632977 0.134637 -22.633804
v -6.358302 0.134637 -22.633804
v -6.632977 0.134637 -22.633804
v -6.083626 0.134637 -22.633804
v -5.808950 0.134637 -22.633804
v -5.808950 0.134637 -22.633804
v -5.534275 0.134637 -22.633804
v -5.259599 0.134637 -22.633804
v -5.534275 0.134637 -22.633804
v -6.907653 0.134637 -22.633804
v -8.006356 0.134636 -22.633804
v -7.731680 0.134636 -22.633804
v -7.731680 0.134637 -22.633804
v -7.182329 0.447572 -23.067730
v -7.457005 0.000040 -23.067730
v -7.457005 0.447572 -23.067730
v -1.688815 0.447573 -23.067730
v -1.963491 0.000041 -23.067730
v -8.285390 0.447571 -23.067730
v -8.564423 0.000040 -23.067730
v -2.787518 -0.170639 -22.633804
v -2.512843 -0.140930 -22.633804
v -2.787518 -0.140930 -22.633804
v -8.564423 0.000040 -23.119173
v -8.564423 0.447571 -23.067730
v -8.564423 0.000040 -23.067730
v -2.238167 0.447573 -23.067730
v -4.984924 0.447572 -23.067730
v -5.259599 0.000040 -23.067730
v -2.787518 0.447573 -23.067730
v -3.062194 0.000041 -23.067730
v -3.062194 0.447572 -23.067730
v -6.083626 -0.895024 -23.112461
v -5.808950 -0.895024 -23.067730
v -6.083626 -0.895024 -23.067730
v -6.907654 0.895104 -23.112461
v -7.182329 0.895104 -23.067730
v -6.907654 0.895104 -23.067730
v -3.886221 0.447572 -23.067730
v -4.160897 0.000040 -23.067730
v -4.435573 0.447572 -23.067730
v -4.710248 0.447572 -23.067730
v -6.083627 0.447572 -23.067730
v -6.358302 0.000040 -23.067730
v -6.358302 0.447572 -23.067730
v -5.808951 0.000040 -23.119173
v -5.808951 0.447572 -23.067730
v -5.808951 0.000040 -23.067730
v -0.590113 0.447573 -23.067730
v -0.864788 0.447573 -23.067730
v -3.611546 0.895104 -23.112461
v -3.886221 0.895104 -23.067730
v -3.611546 0.895104 -23.067730
v -1.133816 -0.479199 -22.850767
v -1.414140 -0.170638 -22.633804
v -1.414140 -0.479199 -22.850767
v -7.457005 -0.895024 -23.112461
v -7.457005 -0.457264 -23.254309
v -6.358302 0.000040 -23.119173
v -6.358302 0.447572 -23.067730
v -6.358302 0.000040 -23.067730
v -2.512842 -0.895023 -23.112461
v -2.512842 -0.457263 -23.254309
v -2.512842 -0.457263 -23.119173
v -7.182329 -0.895024 -23.112461
v -6.907653 -0.895024 -23.067730
v -7.182329 -0.895024 -23.067730
v -1.133816 0.447573 -23.067730
v -1.414140 0.447573 -23.067730
v -8.834742 0.895103 -23.112461
v -8.834742 0.447571 -23.254309
v -8.834742 0.447571 -23.119173
v -8.285390 0.895103 -23.112461
v -8.285390 0.447571 -23.254309
v -8.285390 0.447571 -23.119173
v -8.564424 0.895103 -23.112461
v -8.834742 0.895103 -23.067730
v -8.564424 0.895103 -23.067730
v -7.731681 0.895103 -23.112461
v -7.731681 0.447572 -23.254309
v -7.731681 0.447572 -23.119173
v -8.834742 0.479279 -22.850767
v -8.564423 0.167321 -22.633804
v -8.564423 0.479279 -22.850767
v -1.688815 0.447573 -23.119173
v -1.688815 0.000041 -23.067730
v -1.688815 0.447573 -23.067730
v -0.315437 0.895105 -23.067730
v -0.315437 0.479281 -22.850767
v -6.083627 0.479280 -22.850767
v -5.808950 0.167321 -22.633804
v -2.787518 -0.895023 -23.112461
v -2.512842 -0.895023 -23.067730
v -2.787518 -0.895023 -23.067730
v -7.731680 -0.895024 -23.112461
v -7.457005 -0.895024 -23.067730
v -7.731680 -0.895024 -23.067730
v -8.006356 -0.457264 -23.119173
v -8.006356 -0.457264 -23.067730
v -6.358302 -0.170639 -22.633804
v -6.358302 -0.479200 -22.850767
v -7.731680 -0.479200 -22.850767
v -8.006356 -0.170640 -22.633804
v -8.006356 -0.479200 -22.850767
v -6.632977 -0.479200 -22.850767
v -6.907653 -0.170639 -22.633804
v -1.133816 0.479281 -22.850767
v -0.864789 0.167322 -22.633804
v -0.864789 0.479281 -22.850767
v -7.182329 0.479279 -22.850767
v -6.907653 0.167321 -22.633804
v -6.907653 0.479280 -22.850767
v -7.457005 -0.170640 -22.633804
v -7.457005 -0.479200 -22.850767
v -8.006356 0.479279 -22.850767
v -8.285390 0.167321 -22.633804
v -8.006356 0.167321 -22.633804
v -4.160896 -0.170639 -22.633804
v -5.534275 -0.479200 -22.850767
v -5.808950 -0.479200 -22.850767
v -4.710248 -0.170639 -22.633804
v -0.864788 0.447573 -23.119173
v -1.133816 0.000041 -23.119173
v -1.133816 0.447573 -23.119173
v -1.688816 0.479281 -22.850767
v -1.414140 0.167322 -22.633804
v -1.414140 0.479281 -22.850767
v -4.984924 0.479280 -22.850767
v -4.710248 0.167322 -22.633804
v -5.259599 -0.170639 -22.633804
v -5.259599 -0.479200 -22.850767
v -4.160897 0.447572 -23.119173
v -4.435572 0.000040 -23.119173
v -4.435573 0.447572 -23.119173
v -1.688816 -0.479199 -22.850767
v -1.963491 -0.170638 -22.633804
v -1.963491 -0.479199 -22.850767
v -0.590113 -0.170638 -22.633804
v -0.315437 -0.140930 -22.633804
v -2.238167 -0.170639 -22.633804
v -2.512843 -0.170639 -22.633804
v -3.336870 0.479280 -22.850767
v -2.512843 0.167322 -22.633804
v -2.512843 0.479280 -22.850767
v -3.062194 -0.170639 -22.633804
v -3.886221 0.479280 -22.850767
v -3.611545 0.167322 -22.633804
v -3.611546 0.479280 -22.850767
v -5.259599 0.167322 -22.633804
v -5.259600 0.479280 -22.850767
v -6.907654 0.000040 -23.119173
v -6.907654 0.447572 -23.067730
v -4.984924 0.167322 -22.633804
v -8.006356 0.895103 -23.112461
v -8.285390 0.895103 -23.067730
v -8.006356 0.895103 -23.067730
v -5.534275 -0.140930 -22.633804
v -5.534275 -0.170639 -22.633804
v -5.808951 0.447572 -23.119173
v -6.083627 0.000040 -23.119173
v -6.083627 0.447572 -23.119173
v -3.611545 0.447572 -23.119173
v -3.886221 0.447572 -23.119173
v -7.731680 0.167321 -22.633804
v -7.731680 0.479279 -22.850767
v -6.358302 0.479280 -22.850767
v -6.083626 0.167321 -22.633804
v -2.238167 0.167322 -22.633804
v -2.238167 0.479280 -22.850767
v -0.590113 0.479281 -22.850767
v -0.315437 0.167322 -22.633804
v -0.315437 0.479281 -22.850767
v -5.534275 -0.170639 -22.633804
v -8.285390 -0.170639 -22.633804
v -8.285390 0.479279 -22.850767
v -1.133816 -0.170638 -22.633804
v -1.133816 -0.140930 -22.633804
v -6.632977 0.167321 -22.633804
v -6.632978 0.479280 -22.850767
v -8.564423 0.000040 -23.119173
v -8.834742 -0.457264 -23.119173
v -8.834742 0.000039 -23.119173
v -5.808951 0.000040 -23.119173
v -6.083626 -0.457263 -23.119173
v -1.133816 0.167322 -22.633804
v -1.963491 0.479281 -22.850767
v -1.688816 0.167322 -22.633804
v -1.688816 -0.170638 -22.633804
v -8.006356 -0.457264 -23.119173
v -8.285390 -0.457264 -23.254309
v -8.285390 -0.457264 -23.119173
v -0.590113 0.167322 -22.633804
v -1.133816 -0.170638 -22.633804
v -2.238167 -0.479199 -22.850767
v -3.336870 0.167322 -22.633804
v -3.336870 0.479280 -22.850767
v -1.133816 -0.895023 -23.112461
v -0.864788 -0.895023 -23.067730
v -1.133816 -0.895023 -23.067730
v -6.358302 -0.170639 -22.633804
v -6.632977 -0.140931 -22.633804
v -4.710248 0.895104 -23.112461
v -4.984924 0.447572 -23.254309
v -4.984924 0.895104 -23.112461
v -5.808950 0.167321 -22.633804
v -0.315437 0.895105 -23.112461
v -0.590113 0.447573 -23.254309
v -0.590113 0.895105 -23.112461
v -3.886221 0.000040 -23.067730
v -4.160896 -0.457263 -23.067730
v -3.611545 0.447572 -23.119173
v -3.886221 0.447572 -23.254309
v -3.611545 0.447572 -23.254309
v -2.512842 0.447573 -23.119173
v -2.787518 0.447573 -23.254309
v -2.512842 0.447573 -23.254309
v -3.886221 -0.170639 -22.633804
v -3.886221 -0.140930 -22.633804
v -5.259599 -0.457263 -23.119173
v -5.534275 -0.457263 -23.254309
v -5.534275 -0.457263 -23.119173
v -5.808951 0.447572 -23.119173
v -6.083627 0.447572 -23.254309
v -5.808951 0.447572 -23.254309
v -7.731681 0.895103 -23.067730
v -8.006356 0.895103 -23.067730
v -6.083627 0.000040 -23.067730
v -6.358302 -0.457263 -23.067730
v -5.534275 0.000040 -23.067730
v -5.808950 -0.457263 -23.067730
v -1.688815 -0.457262 -23.067730
v -1.963491 -0.895023 -23.067730
v -1.963491 -0.457262 -23.067730
v -7.182329 -0.140931 -22.633804
v -7.182329 -0.170640 -22.633804
v -4.984924 0.479280 -22.850767
v -4.435572 -0.170639 -22.633804
v -4.160897 -0.140930 -22.633804
v -4.435572 -0.140930 -22.633804
v -6.358302 -0.457263 -23.119173
v -6.632977 -0.457263 -23.254309
v -6.632977 -0.457263 -23.119173
v -0.315437 -0.457262 -23.119173
v -0.590113 -0.457262 -23.254309
v -0.590113 -0.457262 -23.119173
v -6.632978 0.895104 -23.067730
v -6.907654 0.895104 -23.067730
v -5.808950 -0.457263 -23.119173
v -6.083626 -0.457263 -23.254309
v -6.083626 -0.457263 -23.119173
v -0.864788 -0.457262 -23.119173
v -1.133816 -0.457262 -23.254309
v -1.133816 -0.457262 -23.119173
v -5.808950 -0.170639 -22.633804
v -6.083626 -0.140931 -22.633804
v -6.083626 -0.170639 -22.633804
v -6.907654 -0.457263 -23.119173
v -7.182329 -0.457263 -23.254309
v -7.182329 -0.457263 -23.119173
v -3.062194 0.895104 -23.112461
v -3.336870 0.895104 -23.067730
v -3.062194 0.895104 -23.067730
v -4.160896 -0.457263 -23.119173
v -4.435572 -0.457263 -23.254309
v -4.435572 -0.457263 -23.119173
v -3.062194 -0.457263 -23.119173
v -3.336869 -0.457263 -23.254309
v -3.336869 -0.457263 -23.119173
v -3.611545 -0.457263 -23.119173
v -3.886221 -0.457263 -23.254309
v -3.886221 -0.457263 -23.119173
v -1.414140 -0.457262 -23.119173
v -1.688815 -0.457262 -23.254309
v -1.688815 -0.457262 -23.119173
v -7.182329 0.134637 -22.633804
v -6.083627 0.895104 -23.067730
v -6.358302 0.895104 -23.067730
v -7.457005 -0.457264 -23.119173
v -7.731681 -0.457264 -23.254309
v -7.731681 -0.457264 -23.119173
v -3.336870 0.447572 -23.119173
v -3.336869 0.000041 -23.067730
v -3.336870 0.447572 -23.067730
v -3.336870 0.895104 -23.067730
v -3.611546 0.895104 -23.067730
v -4.710248 -0.170639 -22.633804
v -4.710248 -0.140930 -22.633804
v -0.315437 -0.457262 -23.254309
v -0.590113 -0.895023 -23.112461
v -0.590113 -0.457262 -23.254309
v -5.534275 -0.895024 -23.112461
v -5.259599 -0.895024 -23.067730
v -5.534275 -0.895024 -23.067730
v -1.963491 -0.895023 -23.112461
v -1.963491 -0.457262 -23.254309
v -1.963491 -0.457262 -23.119173
v -5.808951 0.895104 -23.112461
v -6.083627 0.895104 -23.067730
v -5.808951 0.895104 -23.067730
v -1.133816 0.000041 -23.119173
v -1.133816 -0.457262 -23.067730
v -1.133816 0.000041 -23.067730
v -0.864788 -0.457262 -23.254309
v -1.133816 -0.895023 -23.112461
v -1.133816 -0.457262 -23.254309
v -5.259600 0.895104 -23.112461
v -5.534275 0.895104 -23.067730
v -5.259600 0.895104 -23.067730
v -1.414140 0.895105 -23.112461
v -1.688816 0.895105 -23.067730
v -1.414140 0.895105 -23.067730
v -0.590113 0.895105 -23.067730
v -0.864789 0.895105 -23.067730
v -3.886221 0.000040 -23.119173
v -3.886221 -0.457263 -23.067730
v -3.886221 0.000040 -23.067730
v -8.564423 -0.457264 -23.254309
v -8.834742 -0.895024 -23.112461
v -8.834742 -0.457264 -23.254309
v -5.259599 -0.895024 -23.112461
v -5.259599 -0.457263 -23.254309
v -5.259599 -0.457263 -23.119173
v -3.886221 -0.895023 -23.112461
v -3.611545 -0.895023 -23.067730
v -3.886221 -0.895023 -23.067730
v -3.336869 0.000041 -23.119173
v -3.336869 -0.457263 -23.067730
v -3.611545 -0.895023 -23.112461
v -3.611545 -0.457263 -23.254309
v -3.611545 -0.457263 -23.119173
v -7.457005 -0.170640 -22.633804
v -7.731680 -0.140931 -22.633804
v -7.731680 -0.170640 -22.633804
v -8.564423 -0.170639 -22.633804
v -8.834742 -0.140931 -22.633804
v -8.834742 -0.170639 -22.633804
v -8.834742 -0.895024 -23.112461
v -8.564423 -0.895024 -23.067730
v -8.834742 -0.895024 -23.067730
v -4.710248 0.000040 -23.119173
v -4.710248 0.447572 -23.067730
v -4.710248 0.000040 -23.067730
v -5.534275 0.000040 -23.119173
v -5.534275 -0.457263 -23.067730
v -5.534275 0.000040 -23.067730
v -4.984924 0.000040 -23.119173
v -4.984923 -0.457263 -23.067730
v -0.590113 0.895105 -23.112461
v -0.590113 0.447573 -23.254309
v -0.590113 0.447573 -23.119173
v -1.963491 0.895105 -23.112461
v -2.238167 0.895105 -23.067730
v -1.963491 0.895105 -23.067730
v -1.414140 0.000041 -23.119173
v -1.414140 0.000041 -23.067730
v -8.006356 -0.895024 -23.112461
v -8.006356 -0.457264 -23.254309
v -1.133816 0.895105 -23.112461
v -1.133816 0.447573 -23.254309
v -1.133816 0.447573 -23.119173
v -2.512842 0.000041 -23.119173
v -2.512842 0.447573 -23.067730
v -2.512842 0.000041 -23.067730
v -3.336869 -0.895023 -23.112461
v -3.062194 -0.895023 -23.067730
v -3.336869 -0.895023 -23.067730
v -1.688816 0.895105 -23.112461
v -1.688815 0.447573 -23.254309
v -2.787519 0.895104 -23.067730
v -3.062194 0.895104 -23.067730
v -1.414140 -0.170638 -22.633804
v -1.414140 -0.140930 -22.633804
v -1.133816 0.895105 -23.067730
v -1.414140 0.895105 -23.067730
v -2.238167 0.895105 -23.112461
v -2.238167 0.447573 -23.254309
v -7.731681 0.000040 -23.119173
v -7.731681 -0.457264 -23.067730
v -7.731681 0.000040 -23.067730
v -4.984923 -0.895024 -23.112461
v -4.710248 -0.895023 -23.067730
v -4.984923 -0.895024 -23.067730
v -2.787519 0.895104 -23.112461
v -2.787518 0.447573 -23.254309
v -2.512843 0.895104 -23.112461
v -2.787519 0.895104 -23.067730
v -2.512843 0.895104 -23.067730
v -3.062194 -0.170639 -22.633804
v -3.336870 0.895104 -23.112461
v -3.336870 0.447572 -23.254309
v -2.512843 -0.170639 -22.633804
v -3.886221 0.895104 -23.112461
v -3.886221 0.447572 -23.254309
v -3.886221 0.447572 -23.119173
v -0.315437 -0.895023 -23.112461
v -0.315437 -0.457262 -23.254309
v -0.315437 -0.457262 -23.119173
v -6.358302 0.895104 -23.112461
v -6.632978 0.895104 -23.067730
v -6.358302 0.895104 -23.067730
v -4.435573 0.895104 -23.112461
v -4.435573 0.447572 -23.254309
v -4.435573 0.447572 -23.119173
v -3.062194 -0.895023 -23.112461
v -3.062194 -0.457263 -23.254309
v -4.710248 -0.895023 -23.112461
v -4.710248 -0.457263 -23.254309
v -4.710248 -0.457263 -23.119173
v -0.864788 0.000041 -23.119173
v -0.864788 0.447573 -23.067730
v -8.285390 0.000040 -23.119173
v -8.285390 -0.457264 -23.067730
v -8.285390 0.000040 -23.067730
v -4.984924 0.895104 -23.112461
v -4.984924 0.447572 -23.254309
v -5.534275 0.895104 -23.112461
v -5.534275 0.447572 -23.254309
v -5.534275 0.447572 -23.119173
v -6.632978 0.000040 -23.119173
v -6.632977 -0.457263 -23.067730
v -6.632978 0.000040 -23.067730
v -4.710248 -0.457263 -23.067730
v -6.083627 0.895104 -23.112461
v -6.083627 0.447572 -23.254309
v -6.083627 0.447572 -23.119173
v -8.564423 -0.895024 -23.112461
v -8.564423 -0.457264 -23.254309
v -8.564423 -0.457264 -23.119173
v -6.632978 0.895104 -23.112461
v -6.632978 0.447572 -23.254309
v -6.632978 0.447572 -23.119173
v -5.259599 -0.457263 -23.254309
v -5.534275 -0.895024 -23.112461
v -5.534275 -0.457263 -23.254309
v -4.435572 -0.895023 -23.112461
v -4.160896 -0.895023 -23.067730
v -4.435572 -0.895023 -23.067730
v -7.182329 0.895104 -23.112461
v -7.182329 0.447572 -23.254309
v -7.182329 0.447572 -23.119173
v -4.160896 -0.895023 -23.112461
v -4.160896 -0.457263 -23.254309
v -4.160896 -0.457263 -23.119173
v -6.632977 -0.895024 -23.112461
v -6.632977 -0.457263 -23.119173
v -4.984923 -0.895024 -23.112461
v -4.984923 -0.457263 -23.119173
v -3.336869 -0.895023 -23.112461
v -3.336869 -0.457263 -23.119173
v -8.834742 -0.895024 -23.112461
v -8.834742 -0.457264 -23.119173
v -5.534275 -0.895024 -23.112461
v -5.534275 -0.457263 -23.119173
v -0.315437 -0.457262 -23.067730
v -2.787518 -0.895023 -23.112461
v -2.787518 -0.457263 -23.119173
v -8.006356 -0.457264 -23.254309
v -8.285390 -0.895024 -23.112461
v -8.285390 -0.457264 -23.254309
v -8.285390 -0.895024 -23.112461
v -8.006356 -0.895024 -23.067730
v -8.285390 -0.895024 -23.067730
v -6.632977 -0.457263 -23.067730
v -6.907653 -0.895024 -23.067730
v -6.907654 -0.457263 -23.067730
v -7.457005 -0.457264 -23.254309
v -7.731680 -0.895024 -23.112461
v -7.731681 -0.457264 -23.254309
v -3.062194 0.000041 -23.119173
v -3.062194 0.447572 -23.067730
v -8.006356 -0.170640 -22.633804
v -3.611545 -0.457263 -23.254309
v -3.886221 -0.895023 -23.112461
v -3.886221 -0.457263 -23.254309
v -4.160896 -0.170639 -22.633804
v -7.182329 -0.457263 -23.067730
v -7.457005 -0.895024 -23.067730
v -7.457005 -0.457264 -23.067730
v -3.062194 -0.457263 -23.254309
v -3.336869 -0.895023 -23.112461
v -3.336869 -0.457263 -23.254309
v -4.160896 -0.457263 -23.254309
v -4.435572 -0.895023 -23.112461
v -4.435572 -0.457263 -23.254309
v -1.688815 0.000041 -23.119173
v -1.688815 -0.457262 -23.067730
v -7.731681 -0.457264 -23.067730
v -8.006356 -0.895024 -23.067730
v -8.006356 -0.457264 -23.067730
v -4.435573 0.895104 -23.067730
v -4.710248 0.895104 -23.067730
v -8.285390 -0.457264 -23.067730
v -8.564423 -0.895024 -23.067730
v -8.564423 -0.457264 -23.067730
v -0.590113 0.000041 -23.119173
v -0.590113 -0.457262 -23.067730
v -0.590113 0.000041 -23.067730
v -6.083626 -0.895024 -23.112461
v -6.083626 -0.457263 -23.119173
v -3.611545 -0.457263 -23.067730
v -8.006356 0.447572 -23.119173
v -8.285390 0.447571 -23.254309
v -8.006356 0.447572 -23.254309
v -4.710248 -0.457263 -23.254309
v -4.984923 -0.895024 -23.112461
v -4.984923 -0.457263 -23.254309
v -2.512842 -0.457263 -23.254309
v -2.787518 -0.895023 -23.112461
v -2.787518 -0.457263 -23.254309
v -1.963491 -0.457262 -23.254309
v -2.238167 -0.895023 -23.112461
v -2.238167 -0.457262 -23.254309
v -5.808950 -0.457263 -23.254309
v -6.083626 -0.895024 -23.112461
v -6.083626 -0.457263 -23.254309
v -7.457005 -0.140931 -22.633804
v -5.808950 -0.140931 -22.633804
v -4.984923 -0.457263 -23.067730
v -5.259599 -0.895024 -23.067730
v -5.259599 -0.457263 -23.067730
v -5.534275 -0.457263 -23.067730
v -5.808950 -0.895024 -23.067730
v -3.886221 -0.457263 -23.067730
v -4.160896 -0.895023 -23.067730
v -7.182329 0.895104 -23.067730
v -7.457006 0.895104 -23.067730
v -1.133816 -0.457262 -23.067730
v -1.414140 -0.895023 -23.067730
v -4.710248 0.895104 -23.112461
v -4.984924 0.895104 -23.067730
v -4.710248 0.895104 -23.067730
v -0.315437 0.000041 -23.119173
v -0.590113 -0.457262 -23.119173
v -0.590113 0.000041 -23.119173
v -2.238167 -0.457262 -23.067730
v -2.512842 -0.895023 -23.067730
v -5.259599 -0.457263 -23.067730
v -4.435572 -0.895023 -23.112461
v -4.435572 -0.457263 -23.119173
v -1.963491 -0.457262 -23.067730
v -4.160896 -0.457263 -23.067730
v -3.886221 -0.895023 -23.112461
v -3.886221 -0.457263 -23.067730
v -3.886221 -0.457263 -23.119173
v -5.808950 -0.457263 -23.067730
v -8.564424 0.895103 -23.112461
v -8.564423 0.447571 -23.119173
v -6.907654 0.895104 -23.112461
v -6.907654 0.447572 -23.119173
v -8.006356 0.895103 -23.112461
v -8.006356 0.447572 -23.119173
v -5.259600 0.895104 -23.112461
v -5.259600 0.447572 -23.119173
v -5.808951 0.895104 -23.112461
v -5.808951 0.447572 -23.119173
v -0.864789 0.895105 -23.112461
v -0.864788 0.447573 -23.119173
v -1.133816 0.447573 -23.067730
v -3.062194 0.895104 -23.112461
v -3.062194 0.447572 -23.119173
v -3.611546 0.895104 -23.112461
v -3.611545 0.447572 -23.119173
v -4.160897 0.895104 -23.112461
v -4.160897 0.447572 -23.067730
v -4.160897 0.447572 -23.119173
v -2.512843 0.895104 -23.112461
v -2.512842 0.447573 -23.119173
v -0.315437 0.895105 -23.112461
v -0.315437 0.447573 -23.119173
v -1.963491 0.895105 -23.112461
v -1.963491 0.447573 -23.119173
v -2.787518 -0.457263 -23.067730
v -3.062194 -0.895023 -23.067730
v -3.062194 -0.457263 -23.067730
v -6.358302 -0.140931 -22.633804
v -3.336869 -0.457263 -23.067730
v -3.611545 -0.895023 -23.067730
v -6.083626 -0.457263 -23.067730
v -6.358302 -0.895024 -23.067730
v -6.907654 0.447572 -23.119173
v -7.182329 0.447572 -23.254309
v -6.907654 0.447572 -23.254309
v -3.062194 0.895104 -23.112461
v -3.336870 0.447572 -23.254309
v -3.336870 0.895104 -23.112461
v -8.564423 0.134637 -22.633804
v -8.285390 0.167321 -22.633804
v -6.358302 0.447572 -23.119173
v -6.632978 0.447572 -23.254309
v -6.358302 0.447572 -23.254309
v -6.907654 0.895104 -23.112461
v -7.182329 0.447572 -23.254309
v -7.182329 0.895104 -23.112461
v -0.315437 0.447573 -23.119173
v -0.590113 0.447573 -23.254309
v -0.315437 0.447573 -23.254309
v -8.285390 0.000040 -23.067730
v -4.710248 0.447572 -23.119173
v -4.984924 0.447572 -23.254309
v -4.710248 0.447572 -23.254309
v -8.564423 -0.140931 -22.633804
v -8.285390 0.134637 -22.633804
v -8.006356 0.167321 -22.633804
v -1.414140 0.447573 -23.119173
v -1.688815 0.447573 -23.254309
v -1.414140 0.447573 -23.254309
v -0.864788 0.447573 -23.119173
v -1.133816 0.447573 -23.254309
v -0.864788 0.447573 -23.254309
v -3.062194 0.447572 -23.119173
v -3.336870 0.447572 -23.254309
v -3.062194 0.447572 -23.254309
v -4.435572 0.167322 -22.633804
v -4.710248 0.167322 -22.633804
v -5.259599 0.167322 -22.633804
v -7.731681 0.000040 -23.067730
v -7.731680 0.167321 -22.633804
v -6.083626 0.167321 -22.633804
v -6.358302 0.167321 -22.633804
v -6.907653 0.167321 -22.633804
v -0.590113 0.134638 -22.633804
v -0.864789 0.134638 -22.633804
v -7.182329 0.000040 -23.067730
v -1.414140 0.134638 -22.633804
v -1.414140 0.167322 -22.633804
v -6.632978 0.000040 -23.067730
v -4.710248 0.000040 -23.119173
v -4.984923 -0.457263 -23.119173
v -2.512843 0.167322 -22.633804
v -2.512843 0.134638 -22.633804
v -2.787518 0.167322 -22.633804
v -3.062194 0.167322 -22.633804
v -6.632977 -0.479200 -22.850767
v -3.886221 0.134637 -22.633804
v -4.160897 0.167322 -22.633804
v -4.160897 0.134637 -22.633804
v -4.984924 0.000040 -23.067730
v -4.435572 0.134637 -22.633804
v -6.358302 0.895104 -23.112461
v -6.632978 0.447572 -23.254309
v -6.632978 0.895104 -23.112461
v -1.688816 0.167322 -22.633804
v -6.632977 0.167321 -22.633804
v -2.512842 0.000041 -23.119173
v -2.787518 -0.457263 -23.119173
v -2.787518 0.000041 -23.119173
v -3.886221 0.167322 -22.633804
v -5.259599 0.000040 -23.119173
v -5.534275 -0.457263 -23.119173
v -2.787518 0.000041 -23.067730
v -8.834742 0.134637 -22.633804
v -8.834742 -0.479200 -22.850767
v -8.834742 -0.140931 -22.633804
v -6.358302 0.895104 -23.112461
v -6.358302 0.447572 -23.119173
v -8.285390 0.447571 -23.067730
v -4.710248 0.895104 -23.112461
v -4.710248 0.447572 -23.119173
v -8.006356 0.000040 -23.119173
v -8.285390 -0.457264 -23.119173
v -1.414140 0.000041 -23.119173
v -1.688815 -0.457262 -23.119173
v -1.688815 0.000041 -23.119173
v -7.457005 0.000040 -23.119173
v -7.731681 -0.457264 -23.119173
v -0.315437 0.167322 -22.633804
v -0.590113 0.167322 -22.633804
v -4.160897 0.479280 -22.850767
v -3.886221 0.167322 -22.633804
v -0.864788 0.000041 -23.119173
v -1.133816 -0.457262 -23.119173
v -1.688815 0.000041 -23.067730
v -1.963491 0.000041 -23.119173
v -2.238167 -0.457262 -23.119173
v -2.238167 0.000041 -23.119173
v -3.062194 0.000041 -23.119173
v -3.336869 -0.457263 -23.119173
v -3.336869 0.000041 -23.119173
v -4.160897 0.000040 -23.119173
v -4.435572 -0.457263 -23.119173
v -6.358302 0.000040 -23.119173
v -6.632977 -0.457263 -23.119173
v -6.632978 0.000040 -23.119173
v -2.787518 0.134637 -22.633804
v -5.534275 0.167321 -22.633804
v -5.259600 0.447572 -23.119173
v -5.534275 0.447572 -23.254309
v -5.259600 0.447572 -23.254309
v -0.864789 0.895105 -23.112461
v -1.133816 0.895105 -23.067730
v -0.864789 0.895105 -23.067730
v -1.414140 0.447573 -23.119173
v -1.688815 0.447573 -23.119173
v -1.963491 0.167322 -22.633804
v -7.457006 0.895104 -23.112461
v -7.731681 0.895103 -23.067730
v -7.457006 0.895104 -23.067730
v -6.632977 -0.170639 -22.633804
v -4.160897 0.167322 -22.633804
v -1.963491 0.447573 -23.119173
v -2.238167 0.447573 -23.119173
v -1.688816 -0.170638 -22.633804
v -4.984924 -0.140930 -22.633804
v -3.062194 0.447572 -23.119173
v -3.336870 0.447572 -23.119173
v -3.062194 0.167322 -22.633804
v -6.358302 0.447572 -23.119173
v -6.632978 0.447572 -23.119173
v -6.358302 -0.457263 -23.067730
v -6.358302 0.167321 -22.633804
v -7.731680 -0.170640 -22.633804
v -7.457005 0.167321 -22.633804
v -7.457005 0.479279 -22.850767
v -0.315437 0.447573 -23.119173
v -0.590113 0.447573 -23.119173
v -7.182329 0.167321 -22.633804
v -6.632978 0.447572 -23.067730
v -4.160897 0.000040 -23.067730
v -4.160897 0.000040 -23.119173
v -2.512842 0.447573 -23.119173
v -2.787518 0.447573 -23.119173
v -8.564423 -0.457264 -23.067730
v -8.564423 -0.457264 -23.119173
v -8.834742 -0.457264 -23.254309
v -8.834742 -0.457264 -23.119173
v -6.083627 0.447572 -23.067730
v -2.512842 -0.457263 -23.067730
v -1.414140 -0.457262 -23.067730
v -8.564423 0.447571 -23.119173
v -8.834742 0.447571 -23.119173
v -5.534275 0.447572 -23.067730
v -3.886221 0.447572 -23.067730
v -0.590113 0.447573 -23.067730
v -7.182329 0.447572 -23.067730
v -7.731681 0.447572 -23.067730
v -4.435573 0.447572 -23.067730
v -8.834742 0.447571 -23.067730
v -8.834742 0.479279 -22.850767
v -0.315437 -0.479199 -22.850767
v -0.315437 -0.895023 -23.067730
v -0.315437 -0.170638 -22.633804
v -0.315437 -0.140930 -22.633804
v -0.315437 0.167322 -22.633804
v -0.315437 0.134638 -22.633804
v -0.315437 0.447573 -22.633804
v -0.315437 0.167322 -22.633804
v -0.315437 0.000041 -22.633804
v -1.133816 -0.895023 -23.112461
v -1.133816 -0.457262 -23.119173
v -7.182329 -0.895024 -23.112461
v -7.182329 -0.457263 -23.067730
v -7.182329 -0.457263 -23.119173
v -2.238167 -0.895023 -23.112461
v -2.238167 -0.457262 -23.119173
v -7.457006 0.895104 -23.112461
v -7.457005 0.447572 -23.119173
v -0.590113 -0.895023 -23.112461
v -0.590113 -0.457262 -23.119173
v -7.731680 -0.895024 -23.112461
v -7.731681 -0.457264 -23.119173
v -1.688815 -0.895023 -23.112461
v -1.688815 -0.457262 -23.119173
v -8.285390 -0.895024 -23.112461
v -8.285390 -0.457264 -23.119173
v -6.632977 -0.457263 -23.254309
v -2.787518 -0.457263 -23.254309
v -6.083626 -0.457263 -23.254309
v -2.238167 -0.457262 -23.254309
v -5.534275 -0.457263 -23.254309
v -1.688815 -0.457262 -23.254309
v -8.834742 -0.457264 -23.254309
v -4.984923 -0.457263 -23.254309
v -3.336869 -0.457263 -23.254309
v -7.182329 -0.457263 -23.254309
v -3.886221 -0.457263 -23.254309
v -0.590113 -0.457262 -23.254309
v -7.731681 -0.457264 -23.254309
v -4.435572 -0.457263 -23.254309
v -1.133816 -0.457262 -23.254309
v -8.285390 -0.457264 -23.254309
v -0.315437 0.447573 -23.254309
v -7.457005 0.447572 -23.254309
v -8.564423 0.447571 -23.254309
v -8.006356 0.447572 -23.254309
v -5.259600 0.447572 -23.254309
v -6.358302 0.447572 -23.254309
v -5.808951 0.447572 -23.254309
v -6.907654 0.447572 -23.254309
v -4.160897 0.447572 -23.254309
v -3.062194 0.447572 -23.254309
v -3.611545 0.447572 -23.254309
v -1.963491 0.447573 -23.254309
v -0.864788 0.447573 -23.254309
v -8.834742 -0.895024 -23.067730
v -8.834742 -0.170639 -22.633804
v -8.834742 0.167321 -22.633804
v -8.834742 0.895103 -23.067730
v -4.710248 0.447572 -23.254309
v -2.512842 0.447573 -23.254309
v -1.414140 0.447573 -23.254309
v -0.315437 -0.479199 -22.850767
v -1.414140 0.895105 -23.067730
v -3.611545 -0.457263 -23.119173
v -1.963491 0.447573 -23.254309
v -4.710248 -0.457263 -23.254309
v -5.259600 0.447572 -23.254309
v -1.963491 -0.457262 -23.254309
v -8.564423 0.447571 -23.254309
v -1.963491 -0.895023 -23.112461
v -6.358302 -0.895024 -23.112461
v -6.358302 -0.895024 -23.112461
v -6.907653 -0.895024 -23.112461
v -1.414140 -0.895023 -23.112461
v -8.834742 0.447571 -23.119173
v -7.731681 0.447572 -23.119173
v -2.512842 -0.457263 -23.254309
v -7.457005 0.447572 -23.254309
v -0.590113 -0.895023 -23.067730
v -4.435572 -0.895023 -23.067730
v -4.160897 0.447572 -23.254309
v -8.834742 0.895103 -23.067730
v -0.864788 0.447573 -23.254309
v -2.238167 0.447573 -23.119173
v -8.006356 0.447572 -23.254309
v -5.808951 0.447572 -23.254309
v -2.512842 0.447573 -23.254309
v -0.315437 -0.170638 -22.633804
v -3.611545 0.447572 -23.254309
v -4.435573 0.447572 -23.119173
v -1.414140 0.447573 -23.254309
v -6.907654 -0.457263 -23.119173
v -0.315437 -0.895023 -23.112461
v -0.590113 0.895105 -23.112461
v -4.435573 0.895104 -23.112461
v -1.414140 -0.895023 -23.112461
v -6.358302 0.134637 -22.633804
v -5.259599 0.134637 -22.633804
v -5.808950 -0.895024 -23.112461
v -7.182329 0.895104 -23.112461
v -3.886221 0.895104 -23.112461
v -6.907653 -0.895024 -23.112461
v -8.834742 0.895103 -23.112461
v -8.834742 0.167321 -22.633804
v -2.512842 -0.895023 -23.112461
v -7.457005 -0.895024 -23.112461
v -0.315437 -0.170638 -22.633804
v -8.285390 0.895103 -23.112461
v -8.564423 -0.457264 -23.119173
v -5.808950 -0.457263 -23.119173
v -8.006356 -0.457264 -23.254309
v -0.864788 -0.895023 -23.112461
v -4.710248 0.447572 -23.254309
v -0.315437 0.447573 -23.254309
v -3.886221 -0.457263 -23.067730
v -3.886221 0.447572 -23.119173
v -2.787518 0.447573 -23.119173
v -5.259599 -0.457263 -23.254309
v -6.083627 0.447572 -23.119173
v -1.688815 -0.895023 -23.067730
v -6.358302 -0.457263 -23.254309
v -0.315437 -0.457262 -23.254309
v -5.808950 -0.457263 -23.254309
v -0.864788 -0.457262 -23.254309
v -6.907654 -0.457263 -23.254309
v -3.336870 0.895104 -23.112461
v -4.160896 -0.457263 -23.254309
v -3.062194 -0.457263 -23.254309
v -3.611545 -0.457263 -23.254309
v -1.414140 -0.457262 -23.254309
v -7.457005 -0.457264 -23.254309
v -0.315437 -0.895023 -23.112461
v -5.259599 -0.895024 -23.112461
v -6.083627 0.895104 -23.112461
v -0.864788 -0.895023 -23.112461
v -5.534275 0.895104 -23.112461
v -1.688816 0.895105 -23.112461
v -8.564423 -0.895024 -23.112461
v -3.611545 -0.895023 -23.112461
v -8.564423 -0.895024 -23.112461
v -2.238167 0.895105 -23.112461
v -3.062194 -0.895023 -23.112461
v -4.710248 -0.895023 -23.112461
v -2.787519 0.895104 -23.112461
v -6.632978 0.895104 -23.112461
v -5.259599 -0.895024 -23.112461
v -4.160896 -0.895023 -23.112461
v -4.710248 -0.895023 -23.067730
v -6.632977 -0.895024 -23.067730
v -4.984923 -0.895024 -23.067730
v -3.336869 -0.895023 -23.067730
v -5.534275 -0.895024 -23.067730
v -2.787518 -0.895023 -23.067730
v -8.006356 -0.895024 -23.112461
v -8.006356 -0.895024 -23.112461
v -6.632977 -0.895024 -23.067730
v -7.457005 -0.895024 -23.112461
v -3.611545 -0.895023 -23.112461
v -7.182329 -0.895024 -23.067730
v -3.062194 -0.895023 -23.112461
v -4.160896 -0.895023 -23.112461
v -7.731680 -0.895024 -23.067730
v -8.285390 -0.895024 -23.067730
v -6.083626 -0.895024 -23.067730
v -3.611545 -0.895023 -23.067730
v -8.285390 0.447571 -23.119173
v -4.710248 -0.895023 -23.112461
v -2.512842 -0.895023 -23.112461
v -1.963491 -0.895023 -23.112461
v -5.808950 -0.895024 -23.112461
v -4.984923 -0.895024 -23.067730
v -5.534275 -0.895024 -23.067730
v -3.886221 -0.895023 -23.067730
v -1.133816 -0.895023 -23.067730
v -4.984924 0.895104 -23.112461
v -0.315437 -0.457262 -23.119173
v -2.238167 -0.895023 -23.067730
v -5.259599 -0.895024 -23.067730
v -4.435572 -0.895023 -23.067730
v -1.963491 -0.895023 -23.067730
v -4.160896 -0.895023 -23.067730
v -7.457005 0.134636 -22.633804
v -3.886221 -0.895023 -23.067730
v -5.808950 -0.895024 -23.067730
v -8.564424 0.895103 -23.067730
v -6.907654 0.895104 -23.067730
v -8.006356 0.895103 -23.067730
v -5.259600 0.895104 -23.067730
v -5.808951 0.895104 -23.067730
v -0.864789 0.895105 -23.067730
v -1.133816 0.895105 -23.067730
v -3.062194 0.895104 -23.067730
v -3.611546 0.895104 -23.067730
v -4.160897 0.895104 -23.067730
v -2.512843 0.895104 -23.067730
v -1.963491 0.895105 -23.067730
v -2.787518 -0.895023 -23.067730
v -3.336869 -0.895023 -23.067730
v -6.083626 -0.895024 -23.067730
v -7.182329 0.447572 -23.119173
v -3.062194 0.447572 -23.254309
v -6.632978 0.447572 -23.119173
v -6.907654 0.447572 -23.254309
v -0.590113 0.447573 -23.119173
v -4.984924 0.447572 -23.119173
v -1.688815 0.447573 -23.119173
v -1.133816 0.447573 -23.119173
v -3.336870 0.447572 -23.119173
v -7.182329 -0.457263 -23.067730
v -4.710248 -0.457263 -23.119173
v -6.358302 0.447572 -23.254309
v -2.512842 -0.457263 -23.119173
v -5.259599 -0.457263 -23.119173
v -6.358302 0.895104 -23.067730
v -8.285390 0.895103 -23.067730
v -4.710248 0.895104 -23.067730
v -8.006356 -0.457264 -23.119173
v -1.414140 -0.457262 -23.119173
v -7.457005 -0.457264 -23.119173
v -0.315437 0.134638 -22.633804
v -0.864788 -0.457262 -23.119173
v -1.963491 -0.457262 -23.119173
v -3.062194 -0.457263 -23.119173
v -4.160896 -0.457263 -23.119173
v -6.358302 -0.457263 -23.119173
v -5.534275 0.447572 -23.119173
v -1.133816 0.895105 -23.112461
v -7.731681 0.895103 -23.112461
v -8.564423 -0.457264 -23.254309
v -3.062194 -0.895023 -23.067730
v -6.358302 -0.895024 -23.067730
v -0.864788 -0.895023 -23.067730
v -2.512842 -0.895023 -23.067730
v -1.414140 -0.895023 -23.067730
v -7.457005 -0.895024 -23.067730
v -7.731681 0.895103 -23.067730
v -6.083627 0.895104 -23.067730
v -1.133816 -0.895023 -23.067730
v -7.182329 -0.895024 -23.067730
v -2.238167 -0.895023 -23.067730
v -7.457006 0.895104 -23.067730
v -0.590113 -0.895023 -23.067730
v -2.238167 0.895105 -23.067730
v -0.590113 0.895105 -23.067730
v -2.787519 0.895104 -23.067730
v -3.336870 0.895104 -23.067730
v -3.886221 0.895104 -23.067730
v -4.435573 0.895104 -23.067730
v -8.006356 -0.895024 -23.067730
v -5.534275 0.895104 -23.067730
v -7.731680 -0.895024 -23.067730
v -1.688815 -0.895023 -23.067730
v -7.182329 0.895104 -23.067730
v -4.984924 0.895104 -23.067730
v -8.285390 -0.895024 -23.067730
v -6.907653 -0.895024 -23.067730
v -1.688816 0.895105 -23.067730
v -6.632978 0.895104 -23.067730
v -8.564423 -0.895024 -23.067730
v -1.785672 0.607388 -16.847198
v -1.785672 0.607388 -16.847198
v -1.785672 0.607388 -16.847198
v -1.785672 1.054777 -18.638126
v -1.785672 1.054777 -18.638126
v -1.785672 1.054777 -18.638126
v -1.785672 -0.607388 -16.847198
v -1.785672 -0.607388 -16.847198
v -1.785672 -0.607388 -16.847198
v -1.785672 -1.054777 -18.638126
v -1.785672 -1.054777 -18.638126
v -1.785672 -1.054777 -18.638126
v -0.751260 0.950626 -16.877924
v -0.751260 0.950626 -16.877924
v -0.751260 0.950626 -16.877924
v -0.751260 0.950626 -16.877924
v -0.267275 1.054777 -18.626301
v -0.267275 1.054777 -18.626301
v -0.267275 1.054777 -18.626301
v -0.751260 -0.950626 -16.877924
v -0.751260 -0.950626 -16.877924
v -0.751260 -0.950626 -16.877924
v -0.751260 -0.950626 -16.877924
v -0.267275 -1.054777 -18.626301
v -0.267275 -1.054777 -18.626301
v -0.267275 -1.054777 -18.626301
v -1.785672 1.054777 -17.716919
v -1.785672 1.054777 -17.716919
v -1.785672 -1.054777 -17.716919
v -1.785672 -1.054777 -17.716919
v -1.213625 -1.054777 -17.838463
v -1.213625 -1.054777 -17.838463
v -1.213625 -1.054777 -17.838463
v -1.213625 1.054777 -17.838463
v -1.213625 1.054777 -17.838463
v -1.213625 1.054777 -17.838463
v -1.785672 -1.054777 -17.243298
v -1.785672 -1.054777 -17.243298
v -1.130950 -1.054777 -17.171448
v -1.130950 -1.054777 -17.171448
v -1.130950 -1.054777 -17.171448
v -1.130950 1.054777 -17.171448
v -1.130950 1.054777 -17.171448
v -1.130950 1.054777 -17.171448
v -1.785672 1.054777 -17.243298
v -1.785672 1.054777 -17.243298
v -1.785672 1.054777 -18.216919
v -1.785672 1.054777 -18.216919
v -1.785672 -1.054777 -18.216919
v -1.785672 -1.054777 -18.216919
v -1.060828 -1.054777 -18.319551
v -1.060828 -1.054777 -18.319551
v -1.060828 -1.054777 -18.319551
v -1.060828 1.054777 -18.319551
v -1.060828 1.054777 -18.319551
v -1.060828 1.054777 -18.319551
v -1.785672 -1.054777 -16.997309
v -1.785672 -1.054777 -16.997309
v -1.785672 -1.054777 -16.997309
v -1.785672 -1.054777 -16.997309
v -0.765809 -1.054777 -17.051880
v -0.765809 -1.054777 -17.051880
v -0.765809 -1.054777 -17.051880
v -0.765809 -1.054777 -17.051880
v -0.765809 1.054777 -17.051880
v -0.765809 1.054777 -17.051880
v -0.765809 1.054777 -17.051880
v -0.765809 1.054777 -17.051880
v -1.785672 1.054777 -16.997309
v -1.785672 1.054777 -16.997309
v -1.785672 1.054777 -16.997309
v -1.785672 1.054777 -16.997309
v -1.780926 1.054777 -19.578285
v -1.780926 1.054777 -19.578285
v -1.780926 1.054777 -19.578285
v -1.780926 -1.054777 -19.578285
v -1.780926 -1.054777 -19.578285
v -1.780926 -1.054777 -19.578285
v -0.262530 -1.054777 -19.566460
v -0.262530 -1.054777 -19.566460
v -0.262530 -1.054777 -19.566460
v -0.262530 1.054777 -19.566460
v -0.262530 1.054777 -19.566460
v -0.262530 1.054777 -19.566460
v -1.783537 1.054777 -19.061029
v -1.783537 1.054777 -19.061029
v -1.783537 -1.054777 -19.061029
v -1.783537 -1.054777 -19.061029
v -0.265141 1.054777 -19.049204
v -0.265141 1.054777 -19.049204
v -0.265141 1.054777 -19.049204
v -0.265141 -1.054777 -19.049204
v -0.265141 -1.054777 -19.049204
v -0.265141 -1.054777 -19.049204
v 3.638082 -1.054777 -19.546772
v 3.638082 -1.054777 -19.546772
v 3.638082 -1.054777 -19.546772
v 3.638082 1.054777 -19.546772
v 3.638082 1.054777 -19.546772
v 3.638082 1.054777 -19.546772
v 3.635471 1.054777 -19.029514
v 3.635471 1.054777 -19.029514
v 3.635471 1.054777 -19.029514
v 3.635471 -1.054777 -19.029514
v 3.635471 -1.054777 -19.029514
v 3.635471 -1.054777 -19.029514
v -0.710046 1.061999 -17.322613
v -0.710046 1.061999 -17.322613
v -0.710046 1.061999 -17.322613
v -0.710046 1.061999 -17.322613
v 3.668757 1.061820 -21.281286
v 3.668757 1.061820 -21.281286
v 3.668757 1.061820 -21.281286
v 3.668757 1.061820 -21.281286
v -0.710046 -1.061820 -17.322613
v -0.710046 -1.061820 -17.322613
v -0.710046 -1.061820 -17.322613
v 3.668757 -1.061820 -21.281286
v 3.668757 -1.061820 -21.281286
v 3.668757 -1.061820 -21.281286
v 3.668757 -1.061820 -21.281286
v 5.776544 1.061999 -16.937590
v 5.776544 1.061999 -16.937590
v 5.776544 1.061999 -16.937590
v 5.776544 1.061999 -16.937590
v 5.905530 0.991070 -20.070433
v 5.905530 0.991070 -20.070433
v 5.905530 0.991070 -20.070433
v 5.905530 0.991070 -20.070433
v 5.905530 0.991070 -20.070433
v 5.776544 -1.061820 -16.937590
v 5.776544 -1.061820 -16.937590
v 5.776544 -1.061820 -16.937590
v 5.776544 -1.061820 -16.937590
v 5.905530 -0.991070 -20.070433
v 5.905530 -0.991070 -20.070433
v 5.905530 -0.991070 -20.070433
v 5.905530 -0.991070 -20.070433
v 5.905530 -0.991070 -20.070433
v -1.171704 1.061820 -17.479330
v -1.171704 1.061820 -17.479330
v -1.171704 1.061820 -17.479330
v -1.171704 1.061820 -17.479330
v -1.171704 1.061820 -17.479330
v -1.171704 1.061820 -17.479330
v -1.171704 -1.061820 -17.479330
v -1.171704 -1.061820 -17.479330
v -1.171704 -1.061820 -17.479330
v -1.171704 -1.061820 -17.479330
v -1.171704 -1.061820 -17.479330
v -1.171704 -1.061820 -17.479330
v 5.858053 -1.061820 -17.236485
v 5.858053 -1.061820 -17.236485
v 5.858053 -1.061820 -17.236485
v 5.858053 -1.061820 -17.236485
v 5.858053 -1.061820 -17.236485
v 5.858053 1.061820 -17.236485
v 5.858053 1.061820 -17.236485
v 5.858053 1.061820 -17.236485
v 5.858053 1.061820 -17.236485
v 5.858053 1.061820 -17.236485
v -0.717776 0.000000 -16.873575
v -0.717776 0.000000 -16.873575
v -0.717776 0.000000 -16.873575
v -0.717776 0.000000 -16.873575
v -0.717776 0.000000 -16.873575
v -0.717776 0.000000 -16.873575
v -0.717776 0.000000 -16.873575
v 3.668757 0.000000 -21.350817
v 3.668757 0.000000 -21.350817
v 5.508324 0.000000 -16.519073
v 5.508324 0.000000 -16.519073
v 5.508324 0.000000 -16.519073
v 5.508324 0.000000 -16.519073
v 5.508324 0.000000 -16.519073
v 5.508324 0.000000 -16.519073
v 5.905530 0.000000 -20.586647
v 5.905530 0.000000 -20.586647
v 5.905530 0.000000 -20.586647
v 5.905530 0.000000 -20.586647
v 5.905530 0.000000 -20.586647
v 5.905530 0.000000 -20.586647
v 5.776544 0.000000 -16.937616
v 5.776544 0.000000 -16.937616
v 5.776544 0.000000 -16.937616
v 5.776544 0.000000 -16.937616
v 5.776544 0.000000 -16.937616
v 5.776544 0.000000 -16.937616
v -1.130950 0.000000 -17.098074
v -1.130950 0.000000 -17.098074
v -1.130950 0.000000 -17.098074
v -1.130950 0.000000 -17.098074
v -1.130950 0.000000 -17.098074
v -0.761753 1.061999 -17.069195
v -0.761753 1.061999 -17.069195
v -0.761753 1.061999 -17.069195
v 5.905530 0.545810 -20.458977
v 5.905530 0.545810 -20.458977
v 5.905530 0.545810 -20.458977
v 5.905530 0.545810 -20.458977
v 5.905530 0.545810 -20.458977
v 5.905530 0.545810 -20.458977
v 5.776544 0.488126 -16.937616
v 5.776544 0.488126 -16.937616
v 5.776544 0.488126 -16.937616
v 5.776544 0.488126 -16.937616
v 5.776544 0.488126 -16.937616
v 5.776544 0.488126 -16.937616
v 5.776544 0.488126 -16.937616
v 3.668757 0.488126 -21.350817
v 3.668757 0.488126 -21.350817
v 3.668757 0.488126 -21.350817
v 3.668757 0.488126 -21.350817
v 3.668757 0.488126 -21.350817
v 5.673518 0.667541 -16.764971
v 5.673518 0.667541 -16.764971
v 5.673518 0.667541 -16.764971
v 5.673518 0.667541 -16.764971
v 5.673518 0.667541 -16.764971
v -1.130950 1.061999 -17.169924
v -1.130950 1.061999 -17.169924
v -1.130950 1.061999 -17.169924
v -1.130950 1.061999 -17.169924
v -1.130950 1.061999 -17.169924
v -1.130950 1.061999 -17.169924
v 3.668757 -0.488126 -21.350817
v 3.668757 -0.488126 -21.350817
v 3.668757 -0.488126 -21.350817
v 3.668757 -0.488126 -21.350817
v 3.668757 -0.488126 -21.350817
v 5.673518 -0.667362 -16.764971
v 5.673518 -0.667362 -16.764971
v 5.673518 -0.667362 -16.764971
v 5.673518 -0.667362 -16.764971
v 5.673518 -0.667362 -16.764971
v -1.130950 -1.061999 -17.169924
v -1.130950 -1.061999 -17.169924
v -1.130950 -1.061999 -17.169924
v -1.130950 -1.061999 -17.169924
v -1.130950 -1.061999 -17.169924
v -1.130950 -1.061999 -17.169924
v -0.761753 -1.061820 -17.069195
v -0.761753 -1.061820 -17.069195
v -0.761753 -1.061820 -17.069195
v -0.761753 -1.061820 -17.069195
v 5.905530 -0.545810 -20.458977
v 5.905530 -0.545810 -20.458977
v 5.905530 -0.545810 -20.458977
v 5.905530 -0.545810 -20.458977
v 5.905530 -0.545810 -20.458977
v 5.905530 -0.545810 -20.458977
v 5.776544 -0.488126 -16.937616
v 5.776544 -0.488126 -16.937616
v 5.776544 -0.488126 -16.937616
v 5.776544 -0.488126 -16.937616
v 5.776544 -0.488126 -16.937616
v 5.776544 -0.488126 -16.937616
v 5.776544 -0.488126 -16.937616
v -0.266177 1.061820 -19.050787
v -0.266177 1.061820 -19.050787
v -0.266177 1.061820 -19.050787
v -0.266177 1.061820 -19.050787
v -0.266177 -1.061820 -19.050787
v -0.266177 -1.061820 -19.050787
v -0.266177 -1.061820 -19.050787
v -0.266177 -1.061820 -19.050787
v 5.875222 -1.036234 -18.325724
v 5.875222 -1.036234 -18.325724
v 5.875222 -1.036234 -18.325724
v 5.875222 -1.036234 -18.325724
v 5.875222 -1.036234 -18.325724
v 5.875222 -1.036234 -18.325724
v 5.875222 -1.036234 -18.325724
v 5.875222 1.036234 -18.325724
v 5.875222 1.036234 -18.325724
v 5.875222 1.036234 -18.325724
v 5.875222 1.036234 -18.325724
v 5.875222 1.036234 -18.325724
v 5.875222 1.036234 -18.325724
v 5.875222 1.036234 -18.325724
v 5.823189 0.000000 -18.315907
v 5.823189 0.000000 -18.315907
v 5.823189 0.000000 -18.315907
v 5.823189 0.000000 -18.315907
v 5.823189 0.000000 -18.315907
v 5.823189 0.000000 -18.315907
v -0.266177 0.000000 -19.050785
v -0.266177 0.000000 -19.050785
v -0.266177 0.488126 -19.050785
v -0.266177 0.488126 -19.050785
v 5.823189 0.508986 -18.269737
v 5.823189 0.508986 -18.269737
v 5.823189 0.508986 -18.269737
v 5.823189 0.508986 -18.269737
v 5.823189 0.508986 -18.269737
v 5.823189 0.508986 -18.269737
v 5.823189 -0.508986 -18.269737
v 5.823189 -0.508986 -18.269737
v 5.823189 -0.508986 -18.269737
v 5.823189 -0.508986 -18.269737
v 5.823189 -0.508986 -18.269737
v 5.823189 -0.508986 -18.269737
v -0.266177 -0.488126 -19.050785
v -0.266177 -0.488126 -19.050785
v 3.637238 1.061820 -19.030228
v 3.637238 1.061820 -19.030228
v 3.637238 1.061820 -19.030228
v 3.637238 1.061820 -19.030228
v 3.637238 1.061820 -19.030228
v 3.637238 1.061820 -19.030228
v 3.637238 -1.061820 -19.030228
v 3.637238 -1.061820 -19.030228
v 3.637238 -1.061820 -19.030228
v 3.637238 -1.061820 -19.030228
v 3.637238 -1.061820 -19.030228
v 3.637238 -1.061820 -19.030228
v 5.878676 -1.031088 -19.104248
v 5.878676 -1.031088 -19.104248
v 5.878676 -1.031088 -19.104248
v 5.878676 -1.031088 -19.104248
v 5.878676 1.031088 -19.104248
v 5.878676 1.031088 -19.104248
v 5.878676 1.031088 -19.104248
v 5.878676 1.031088 -19.104248
v 5.832572 0.000000 -19.152575
v 5.832572 0.000000 -19.152575
v 5.832572 0.000000 -19.152575
v 5.832572 0.000000 -19.152575
v 5.832572 0.000000 -19.152575
v 5.832572 0.000000 -19.152575
v 3.637238 0.000000 -19.030228
v 3.637238 0.000000 -19.030228
v 3.637238 0.488126 -19.030228
v 3.637238 0.488126 -19.030228
v 3.637238 0.488126 -19.030228
v 3.637238 0.488126 -19.030228
v 5.832572 0.513183 -19.097116
v 5.832572 0.513183 -19.097116
v 5.832572 0.513183 -19.097116
v 5.832572 0.513183 -19.097116
v 5.832572 0.513183 -19.097116
v 5.832572 0.513183 -19.097116
v 5.832572 0.513183 -19.097116
v 5.832572 -0.513183 -19.097116
v 5.832572 -0.513183 -19.097116
v 5.832572 -0.513183 -19.097116
v 5.832572 -0.513183 -19.097116
v 5.832572 -0.513183 -19.097116
v 5.832572 -0.513183 -19.097116
v 5.832572 -0.513183 -19.097116
v 3.637238 -0.488126 -19.030228
v 3.637238 -0.488126 -19.030228
v 3.637238 -0.488126 -19.030228
v 3.637238 -0.488126 -19.030228
v -1.060828 -1.061820 -18.319551
v -1.060828 -1.061820 -18.319551
v -1.060828 -1.061820 -18.319551
v -1.060828 -1.061820 -18.319551
v -1.060828 -1.061820 -18.319551
v 5.866638 -1.049027 -17.781105
v 5.866638 -1.049027 -17.781105
v 5.866638 -1.049027 -17.781105
v 5.866638 -1.049027 -17.781105
v 5.866638 -1.049027 -17.781105
v 5.866638 -1.049027 -17.781105
v 5.866638 -1.049027 -17.781105
v 5.866638 1.049027 -17.781105
v 5.866638 1.049027 -17.781105
v 5.866638 1.049027 -17.781105
v 5.866638 1.049027 -17.781105
v 5.866638 1.049027 -17.781105
v 5.866638 1.049027 -17.781105
v 5.866638 1.049027 -17.781105
v 5.799866 0.000000 -17.626760
v 5.799866 0.000000 -17.626760
v 5.799866 0.000000 -17.626760
v 5.799866 0.000000 -17.626760
v 5.799866 0.000000 -17.626760
v 5.799866 0.000000 -17.626760
v -1.060828 0.000000 -18.319551
v -1.060828 0.000000 -18.319551
v -1.060828 0.488126 -18.319551
v -1.060828 0.488126 -18.319551
v 5.799866 0.498556 -17.603676
v 5.799866 0.498556 -17.603676
v 5.799866 0.498556 -17.603676
v 5.799866 0.498556 -17.603676
v 5.799866 0.498556 -17.603676
v 5.799866 0.498556 -17.603676
v 5.799866 -0.498556 -17.603676
v 5.799866 -0.498556 -17.603676
v 5.799866 -0.498556 -17.603676
v 5.799866 -0.498556 -17.603676
v 5.799866 -0.498556 -17.603676
v 5.799866 -0.498556 -17.603676
v -1.060828 -0.488126 -18.319551
v -1.060828 -0.488126 -18.319551
v -1.060828 1.061820 -18.319551
v -1.060828 1.061820 -18.319551
v -1.060828 1.061820 -18.319551
v -1.060828 1.061820 -18.319551
v -1.060828 1.061820 -18.319551
v -0.267275 1.061820 -18.626301
v -0.267275 1.061820 -18.626301
v -0.267275 1.061820 -18.626301
v -0.267275 1.061820 -18.626301
v -0.267275 1.061820 -18.626301
v -0.267275 1.061820 -18.626301
v -0.267275 -1.061820 -18.626301
v -0.267275 -1.061820 -18.626301
v -0.267275 -1.061820 -18.626301
v -0.267275 -1.061820 -18.626301
v -0.267275 -1.061820 -18.626301
v -0.267275 -1.061820 -18.626301
v 5.870930 -1.042631 -18.053415
v 5.870930 -1.042631 -18.053415
v 5.870930 -1.042631 -18.053415
v 5.870930 -1.042631 -18.053415
v 5.870930 1.042631 -18.053415
v 5.870930 1.042631 -18.053415
v 5.870930 1.042631 -18.053415
v 5.870930 1.042631 -18.053415
v 5.811528 0.000000 -17.971334
v 5.811528 0.000000 -17.971334
v 5.811528 0.000000 -17.971334
v 5.811528 0.000000 -17.971334
v 5.811528 0.000000 -17.971334
v 5.811528 0.000000 -17.971334
v -0.267275 0.000000 -18.626301
v -0.267275 0.000000 -18.626301
v -0.267275 0.488126 -18.626301
v -0.267275 0.488126 -18.626301
v 5.811528 0.503771 -17.936707
v 5.811528 0.503771 -17.936707
v 5.811528 0.503771 -17.936707
v 5.811528 0.503771 -17.936707
v 5.811528 0.503771 -17.936707
v 5.811528 0.503771 -17.936707
v 5.811528 -0.503771 -17.936707
v 5.811528 -0.503771 -17.936707
v 5.811528 -0.503771 -17.936707
v 5.811528 -0.503771 -17.936707
v 5.811528 -0.503771 -17.936707
v 5.811528 -0.503771 -17.936707
v -0.267275 -0.488126 -18.626301
v -0.267275 -0.488126 -18.626301
v -1.213625 -1.061820 -17.838463
v -1.213625 -1.061820 -17.838463
v -1.213625 -1.061820 -17.838463
v -1.213625 -1.061820 -17.838463
v 5.862345 -1.055424 -17.508795
v 5.862345 -1.055424 -17.508795
v 5.862345 -1.055424 -17.508795
v 5.862345 -1.055424 -17.508795
v 5.862345 -1.055424 -17.508795
v 5.862345 -1.055424 -17.508795
v 5.862345 1.055424 -17.508795
v 5.862345 1.055424 -17.508795
v 5.862345 1.055424 -17.508795
v 5.862345 1.055424 -17.508795
v 5.862345 1.055424 -17.508795
v 5.862345 1.055424 -17.508795
v 5.788205 0.000000 -17.282188
v 5.788205 0.000000 -17.282188
v 5.788205 0.000000 -17.282188
v 5.788205 0.000000 -17.282188
v 5.788205 0.000000 -17.282188
v 5.788205 0.000000 -17.282188
v -1.213625 0.000000 -17.838463
v -1.213625 0.000000 -17.838463
v -1.213625 0.000000 -17.838463
v -1.213625 0.000000 -17.838463
v -1.213625 0.488126 -17.838463
v -1.213625 0.488126 -17.838463
v -1.213625 0.488126 -17.838463
v -1.213625 0.488126 -17.838463
v -1.213625 0.488126 -17.838463
v 5.788205 0.493341 -17.270647
v 5.788205 0.493341 -17.270647
v 5.788205 0.493341 -17.270647
v 5.788205 0.493341 -17.270647
v 5.788205 -0.493341 -17.270647
v 5.788205 -0.493341 -17.270647
v 5.788205 -0.493341 -17.270647
v 5.788205 -0.493341 -17.270647
v -1.213625 -0.488126 -17.838463
v -1.213625 -0.488126 -17.838463
v -1.213625 -0.488126 -17.838463
v -1.213625 -0.488126 -17.838463
v -1.213625 -0.488126 -17.838463
v -1.213625 1.061820 -17.838463
v -1.213625 1.061820 -17.838463
v -1.213625 1.061820 -17.838463
v -1.213625 1.061820 -17.838463
v 4.549307 -1.061820 -17.010435
v 4.549307 -1.061820 -17.010435
v 4.549307 -1.061820 -17.010435
v 5.278315 -1.004455 -20.686743
v 5.278315 -1.004455 -20.686743
v 5.278315 -1.004455 -20.686743
v 5.278315 -1.004455 -20.686743
v 5.278315 -1.004455 -20.686743
v 5.278315 -1.004455 -20.686743
v 5.278315 -1.004455 -20.686743
v 4.549307 1.061999 -17.010435
v 4.549307 1.061999 -17.010435
v 4.549307 1.061999 -17.010435
v 4.549307 1.061999 -17.010435
v 4.549307 1.061999 -17.010435
v 5.278315 1.004455 -20.686743
v 5.278315 1.004455 -20.686743
v 5.278315 1.004455 -20.686743
v 5.278315 1.004455 -20.686743
v 5.278315 1.004455 -20.686743
v 5.278315 1.004455 -20.686743
v 5.278315 1.004455 -20.686743
v 4.535762 1.061820 -17.282431
v 4.535762 1.061820 -17.282431
v 4.535762 1.061820 -17.282431
v 4.535762 1.061820 -17.282431
v 4.535762 1.061820 -17.282431
v 4.535762 -1.061820 -17.282431
v 4.535762 -1.061820 -17.282431
v 4.535762 -1.061820 -17.282431
v 4.535762 -1.061820 -17.282431
v 5.415242 0.000000 -21.072683
v 5.415242 0.000000 -21.072683
v 5.415242 0.000000 -21.072683
v 5.415242 0.000000 -21.072683
v 5.415242 0.000000 -21.072683
v 5.415242 0.000000 -21.072683
v 4.330371 0.000000 -16.579500
v 4.330371 0.000000 -16.579500
v 4.330371 0.000000 -16.579500
v 4.330371 0.000000 -16.579500
v 4.330371 0.000000 -16.579500
v 4.330371 0.000000 -16.579500
v 5.475197 0.534897 -20.921101
v 5.475197 0.534897 -20.921101
v 5.475197 0.534897 -20.921101
v 5.475197 0.534897 -20.921101
v 5.475197 0.534897 -20.921101
v 5.475197 0.534897 -20.921101
v 4.455991 1.061999 -16.822529
v 4.455991 1.061999 -16.822529
v 4.455991 1.061999 -16.822529
v 4.455991 1.061999 -16.822529
v 4.455991 -1.061820 -16.822529
v 4.455991 -1.061820 -16.822529
v 4.455991 -1.061820 -16.822529
v 4.455991 -1.061820 -16.822529
v 5.475197 -0.534897 -20.921101
v 5.475197 -0.534897 -20.921101
v 5.475197 -0.534897 -20.921101
v 5.475197 -0.534897 -20.921101
v 5.475197 -0.534897 -20.921101
v 5.475197 -0.534897 -20.921101
v 4.713294 1.041075 -18.462904
v 4.713294 1.041075 -18.462904
v 4.713294 1.041075 -18.462904
v 4.713294 1.041075 -18.462904
v 4.713294 1.041075 -18.462904
v 4.713294 1.041075 -18.462904
v 4.713294 -1.041075 -18.462904
v 4.713294 -1.041075 -18.462904
v 4.713294 -1.041075 -18.462904
v 4.713294 -1.041075 -18.462904
v 4.713294 -1.041075 -18.462904
v 4.713294 -1.041075 -18.462904
v 5.452883 1.036902 -19.084362
v 5.452883 1.036902 -19.084362
v 5.452883 1.036902 -19.084362
v 5.452883 1.036902 -19.084362
v 5.452883 1.036902 -19.084362
v 5.452883 1.036902 -19.084362
v 5.452883 -1.036902 -19.084362
v 5.452883 -1.036902 -19.084362
v 5.452883 -1.036902 -19.084362
v 5.452883 -1.036902 -19.084362
v 5.452883 -1.036902 -19.084362
v 5.452883 -1.036902 -19.084362
v 4.555989 -1.051448 -17.882977
v 4.555989 -1.051448 -17.882977
v 4.555989 -1.051448 -17.882977
v 4.555989 -1.051448 -17.882977
v 4.555989 -1.051448 -17.882977
v 4.555989 -1.051448 -17.882977
v 4.555989 1.051448 -17.882977
v 4.555989 1.051448 -17.882977
v 4.555989 1.051448 -17.882977
v 4.555989 1.051448 -17.882977
v 4.555989 1.051448 -17.882977
v 4.555989 1.051448 -17.882977
v 4.709606 -1.046261 -18.161802
v 4.709606 -1.046261 -18.161802
v 4.709606 -1.046261 -18.161802
v 4.709606 -1.046261 -18.161802
v 4.709606 -1.046261 -18.161802
v 4.709606 -1.046261 -18.161802
v 4.709606 1.046261 -18.161802
v 4.709606 1.046261 -18.161802
v 4.709606 1.046261 -18.161802
v 4.709606 1.046261 -18.161802
v 4.709606 1.046261 -18.161802
v 4.709606 1.046261 -18.161802
v 4.523601 1.056634 -17.571167
v 4.523601 1.056634 -17.571167
v 4.523601 1.056634 -17.571167
v 4.523601 1.056634 -17.571167
v 4.523601 1.056634 -17.571167
v 4.523601 1.056634 -17.571167
v 4.523601 -1.056634 -17.571167
v 4.523601 -1.056634 -17.571167
v 4.523601 -1.056634 -17.571167
v 4.523601 -1.056634 -17.571167
v 4.523601 -1.056634 -17.571167
v 4.523601 -1.056634 -17.571167
v 5.707437 -0.997763 -20.359045
v 5.707437 -0.997763 -20.359045
v 5.707437 -0.997763 -20.359045
v 5.707437 -0.997763 -20.359045
v 5.707437 -0.997763 -20.359045
v 5.707437 -0.997763 -20.359045
v 5.162925 1.061999 -16.974012
v 5.162925 1.061999 -16.974012
v 5.162925 1.061999 -16.974012
v 5.162925 1.061999 -16.974012
v 5.196908 -1.061820 -17.259457
v 5.196908 -1.061820 -17.259457
v 5.196908 -1.061820 -17.259457
v 5.196908 -1.061820 -17.259457
v 5.445620 0.000000 -20.785114
v 5.445620 0.000000 -20.785114
v 5.445620 0.000000 -20.785114
v 5.445620 0.000000 -20.785114
v 5.445620 0.000000 -20.785114
v 5.445620 0.000000 -20.785114
v 5.707437 0.540354 -20.669521
v 5.707437 0.540354 -20.669521
v 5.707437 0.540354 -20.669521
v 5.707437 0.540354 -20.669521
v 5.707437 0.540354 -20.669521
v 5.707437 0.540354 -20.669521
v 5.707437 -0.540354 -20.669521
v 5.707437 -0.540354 -20.669521
v 5.707437 -0.540354 -20.669521
v 5.707437 -0.540354 -20.669521
v 5.707437 -0.540354 -20.669521
v 5.707437 -0.540354 -20.669521
v 5.294258 -1.038655 -18.394314
v 5.294258 -1.038655 -18.394314
v 5.294258 -1.038655 -18.394314
v 5.294258 -1.038655 -18.394314
v 5.294258 -1.038655 -18.394314
v 5.294258 -1.038655 -18.394314
v 5.665780 -1.033995 -19.094305
v 5.665780 -1.033995 -19.094305
v 5.665780 -1.033995 -19.094305
v 5.665780 -1.033995 -19.094305
v 5.665780 -1.033995 -19.094305
v 5.665780 -1.033995 -19.094305
v 5.211313 -1.050237 -17.832041
v 5.211313 -1.050237 -17.832041
v 5.211313 -1.050237 -17.832041
v 5.211313 -1.050237 -17.832041
v 5.290268 -1.044446 -18.107609
v 5.290268 -1.044446 -18.107609
v 5.290268 -1.044446 -18.107609
v 5.290268 -1.044446 -18.107609
v 5.290268 -1.044446 -18.107609
v 5.192973 -1.056029 -17.539980
v 5.192973 -1.056029 -17.539980
v 5.192973 -1.056029 -17.539980
v 5.192973 -1.056029 -17.539980
v 5.192973 -1.056029 -17.539980
v 5.192973 -1.056029 -17.539980
v 5.162925 -1.061820 -16.974012
v 5.162925 -1.061820 -16.974012
v 5.162925 -1.061820 -16.974012
v 5.162925 -1.061820 -16.974012
v 5.707437 0.997763 -20.359045
v 5.707437 0.997763 -20.359045
v 5.707437 0.997763 -20.359045
v 5.707437 0.997763 -20.359045
v 5.707437 0.997763 -20.359045
v 5.707437 0.997763 -20.359045
v 5.196908 1.061820 -17.259457
v 5.196908 1.061820 -17.259457
v 5.196908 1.061820 -17.259457
v 5.196908 1.061820 -17.259457
v 5.196908 1.061820 -17.259457
v 4.919347 0.000000 -16.549286
v 4.919347 0.000000 -16.549286
v 4.919347 0.000000 -16.549286
v 4.919347 0.000000 -16.549286
v 4.919347 0.000000 -16.549286
v 4.919347 0.000000 -16.549286
v 5.064754 0.667541 -16.793749
v 5.064754 0.667541 -16.793749
v 5.064754 0.667541 -16.793749
v 5.064754 0.667541 -16.793749
v 5.064754 0.667541 -16.793749
v 5.064754 0.667541 -16.793749
v 5.064754 -0.667362 -16.793749
v 5.064754 -0.667362 -16.793749
v 5.064754 -0.667362 -16.793749
v 5.064754 -0.667362 -16.793749
v 5.064754 -0.667362 -16.793749
v 5.064754 -0.667362 -16.793749
v 5.294258 1.038655 -18.394314
v 5.294258 1.038655 -18.394314
v 5.294258 1.038655 -18.394314
v 5.294258 1.038655 -18.394314
v 5.294258 1.038655 -18.394314
v 5.294258 1.038655 -18.394314
v 5.665780 1.033995 -19.094305
v 5.665780 1.033995 -19.094305
v 5.665780 1.033995 -19.094305
v 5.665780 1.033995 -19.094305
v 5.665780 1.033995 -19.094305
v 5.665780 1.033995 -19.094305
v 5.211313 1.050237 -17.832041
v 5.211313 1.050237 -17.832041
v 5.211313 1.050237 -17.832041
v 5.211313 1.050237 -17.832041
v 5.290268 1.044446 -18.107609
v 5.290268 1.044446 -18.107609
v 5.290268 1.044446 -18.107609
v 5.290268 1.044446 -18.107609
v 5.290268 1.044446 -18.107609
v 5.192973 1.056029 -17.539980
v 5.192973 1.056029 -17.539980
v 5.192973 1.056029 -17.539980
v 5.192973 1.056029 -17.539980
v 5.192973 1.056029 -17.539980
v 5.192973 1.056029 -17.539980
v -0.739764 -0.976250 -16.953825
v -0.739764 -0.976250 -16.953825
v -0.739764 -0.976250 -16.953825
v -0.739764 -0.976250 -16.953825
v -0.739764 -0.976250 -16.953825
v -0.739764 -0.976250 -16.953825
v 5.905530 -0.272905 -20.522812
v 5.905530 -0.272905 -20.522812
v 5.905530 -0.272905 -20.522812
v 5.905530 -0.272905 -20.522812
v 5.905530 -0.272905 -20.522812
v 5.905530 -0.272905 -20.522812
v 5.776544 -0.244063 -16.937616
v 5.776544 -0.244063 -16.937616
v 3.668757 -0.244063 -21.350817
v 3.668757 -0.244063 -21.350817
v 3.668757 -0.244063 -21.350817
v 3.668757 -0.244063 -21.350817
v 3.668757 -0.244063 -21.350817
v 5.590921 -0.333681 -16.642021
v 5.590921 -0.333681 -16.642021
v 5.590921 -0.333681 -16.642021
v 5.590921 -0.333681 -16.642021
v 5.590921 -0.333681 -16.642021
v 5.590921 -0.333681 -16.642021
v -1.130950 -0.244063 -17.133999
v -1.130950 -0.244063 -17.133999
v -1.130950 -0.244063 -17.133999
v -1.130950 -0.244063 -17.133999
v -1.130950 -0.244063 -17.133999
v -1.130950 -0.244063 -17.133999
v -0.266177 -0.244063 -19.050785
v -0.266177 -0.244063 -19.050785
v 5.823189 -0.254493 -18.292822
v 5.823189 -0.254493 -18.292822
v 5.823189 -0.254493 -18.292822
v 5.823189 -0.254493 -18.292822
v 5.823189 -0.254493 -18.292822
v 3.637238 -0.244063 -19.030228
v 3.637238 -0.244063 -19.030228
v 5.832572 -0.256591 -19.124846
v 5.832572 -0.256591 -19.124846
v 5.832572 -0.256591 -19.124846
v 5.832572 -0.256591 -19.124846
v 5.832572 -0.256591 -19.124846
v 5.832572 -0.256591 -19.124846
v 5.799866 -0.249278 -17.615219
v 5.799866 -0.249278 -17.615219
v 5.799866 -0.249278 -17.615219
v 5.799866 -0.249278 -17.615219
v 5.799866 -0.249278 -17.615219
v -1.060828 -0.244063 -18.319551
v -1.060828 -0.244063 -18.319551
v 5.811528 -0.251886 -17.954020
v 5.811528 -0.251886 -17.954020
v 5.811528 -0.251886 -17.954020
v 5.811528 -0.251886 -17.954020
v 5.811528 -0.251886 -17.954020
v -0.267275 -0.244063 -18.626301
v -0.267275 -0.244063 -18.626301
v -1.213625 -0.244063 -17.838463
v -1.213625 -0.244063 -17.838463
v 5.788205 -0.246670 -17.276417
v 5.788205 -0.246670 -17.276417
v 5.788205 -0.246670 -17.276417
v 5.788205 -0.246670 -17.276417
v 5.788205 -0.246670 -17.276417
v 4.393181 -0.333681 -16.701014
v 4.393181 -0.333681 -16.701014
v 4.393181 -0.333681 -16.701014
v 4.393181 -0.333681 -16.701014
v 4.393181 -0.333681 -16.701014
v 4.393181 -0.333681 -16.701014
v 5.677059 -0.267448 -21.020926
v 5.677059 -0.267448 -21.020926
v 5.677059 -0.267448 -21.020926
v 5.677059 -0.267448 -21.020926
v 5.677059 -0.267448 -21.020926
v 5.707437 -0.270177 -20.727318
v 5.707437 -0.270177 -20.727318
v 5.707437 -0.270177 -20.727318
v 5.707437 -0.270177 -20.727318
v 5.707437 -0.270177 -20.727318
v 5.707437 -0.270177 -20.727318
v 4.992051 -0.333681 -16.671518
v 4.992051 -0.333681 -16.671518
v 4.992051 -0.333681 -16.671518
v 3.668757 0.244063 -21.350817
v 3.668757 0.244063 -21.350817
v 3.668757 0.244063 -21.350817
v 3.668757 0.244063 -21.350817
v 3.668757 0.244063 -21.350817
v 5.590921 0.333771 -16.642021
v 5.590921 0.333771 -16.642021
v 5.590921 0.333771 -16.642021
v 5.590921 0.333771 -16.642021
v 5.590921 0.333771 -16.642021
v 5.590921 0.333771 -16.642021
v -1.130950 0.244063 -17.133999
v -1.130950 0.244063 -17.133999
v -1.130950 0.244063 -17.133999
v -1.130950 0.244063 -17.133999
v -1.130950 0.244063 -17.133999
v -1.130950 0.244063 -17.133999
v -0.739764 0.333771 -16.953825
v -0.739764 0.333771 -16.953825
v -0.739764 0.333771 -16.953825
v -0.739764 0.333771 -16.953825
v -0.739764 0.333771 -16.953825
v -0.739764 0.333771 -16.953825
v 5.905530 0.272905 -20.522812
v 5.905530 0.272905 -20.522812
v 5.905530 0.272905 -20.522812
v 5.905530 0.272905 -20.522812
v 5.905530 0.272905 -20.522812
v 5.905530 0.272905 -20.522812
v 5.776544 0.244063 -16.937616
v 5.776544 0.244063 -16.937616
v 5.823189 0.254493 -18.292822
v 5.823189 0.254493 -18.292822
v 5.823189 0.254493 -18.292822
v 5.823189 0.254493 -18.292822
v 5.823189 0.254493 -18.292822
v -0.266177 0.244063 -19.050785
v -0.266177 0.244063 -19.050785
v 5.832572 0.256591 -19.124846
v 5.832572 0.256591 -19.124846
v 5.832572 0.256591 -19.124846
v 5.832572 0.256591 -19.124846
v 5.832572 0.256591 -19.124846
v 5.832572 0.256591 -19.124846
v 3.637238 0.244063 -19.030228
v 3.637238 0.244063 -19.030228
v -1.060828 0.244063 -18.319551
v -1.060828 0.244063 -18.319551
v 5.799866 0.249278 -17.615219
v 5.799866 0.249278 -17.615219
v 5.799866 0.249278 -17.615219
v 5.799866 0.249278 -17.615219
v 5.799866 0.249278 -17.615219
v -0.267275 0.244063 -18.626301
v -0.267275 0.244063 -18.626301
v 5.811528 0.251886 -17.954020
v 5.811528 0.251886 -17.954020
v 5.811528 0.251886 -17.954020
v 5.811528 0.251886 -17.954020
v 5.811528 0.251886 -17.954020
v 5.788205 0.246670 -17.276417
v 5.788205 0.246670 -17.276417
v 5.788205 0.246670 -17.276417
v 5.788205 0.246670 -17.276417
v 5.788205 0.246670 -17.276417
v -1.213625 0.244063 -17.838463
v -1.213625 0.244063 -17.838463
v 4.393181 0.333771 -16.701014
v 4.393181 0.333771 -16.701014
v 4.393181 0.333771 -16.701014
v 4.393181 0.333771 -16.701014
v 4.393181 0.333771 -16.701014
v 4.393181 0.333771 -16.701014
v 5.677059 0.267448 -21.020926
v 5.677059 0.267448 -21.020926
v 5.677059 0.267448 -21.020926
v 5.677059 0.267448 -21.020926
v 5.677059 0.267448 -21.020926
v 5.707437 0.270177 -20.727318
v 5.707437 0.270177 -20.727318
v 5.707437 0.270177 -20.727318
v 5.707437 0.270177 -20.727318
v 5.707437 0.270177 -20.727318
v 5.707437 0.270177 -20.727318
v 4.992051 0.333771 -16.671518
v 4.992051 0.333771 -16.671518
v 4.992051 0.333771 -16.671518
v 0.349237 -1.061820 -17.259737
v 3.992937 1.050266 -21.262672
v 3.992937 1.050266 -21.262672
v 3.992937 1.050266 -21.262672
v 3.992937 1.050266 -21.262672
v 3.992937 1.050266 -21.262672
v 3.992937 1.050266 -21.262672
v 0.010380 1.061820 -17.439672
v 0.010380 1.061820 -17.439672
v 0.010380 1.061820 -17.439672
v 0.010380 1.061820 -17.439672
v 0.010380 1.061820 -17.439672
v 0.010380 1.061820 -17.439672
v 0.298969 0.000000 -16.786301
v 0.298969 0.000000 -16.786301
v 0.298969 0.000000 -16.786301
v 0.298969 0.000000 -16.786301
v 0.289151 1.061999 -17.019514
v 0.289151 1.061999 -17.019514
v 0.289151 1.061999 -17.019514
v 0.289151 1.061999 -17.019514
v 0.289151 -1.061820 -17.019514
v 0.289151 -1.061820 -17.019514
v 0.289151 -1.061820 -17.019514
v 0.289151 -1.061820 -17.019514
v 0.289151 -1.061820 -17.019514
v 0.736736 1.057642 -18.932381
v 0.736736 1.057642 -18.932381
v 0.736736 1.057642 -18.932381
v 0.736736 1.057642 -18.932381
v 0.736736 1.057642 -18.932381
v 0.736736 1.057642 -18.932381
v 3.995660 1.056801 -19.016304
v 3.995660 1.056801 -19.016304
v 3.995660 1.056801 -19.016304
v 3.995660 1.056801 -19.016304
v 3.995660 1.056801 -19.016304
v 3.995660 1.056801 -19.016304
v 0.070452 1.059731 -18.231623
v 0.070452 1.059731 -18.231623
v 0.070452 1.059731 -18.231623
v 0.070452 1.059731 -18.231623
v 0.070452 1.059731 -18.231623
v 0.070452 1.059731 -18.231623
v 0.735116 1.058686 -18.532747
v 0.735116 1.058686 -18.532747
v 0.735116 1.058686 -18.532747
v 0.735116 1.058686 -18.532747
v 0.735116 1.058686 -18.532747
v 0.735116 1.058686 -18.532747
v -0.058093 1.060776 -17.784628
v -0.058093 1.060776 -17.784628
v -0.058093 1.060776 -17.784628
v -0.058093 1.060776 -17.784628
v -0.058093 1.060776 -17.784628
v -0.058093 1.060776 -17.784628
v 3.992937 -1.050266 -21.262672
v 3.992937 -1.050266 -21.262672
v 3.992937 -1.050266 -21.262672
v 3.992937 -1.050266 -21.262672
v 3.992937 -1.050266 -21.262672
v 3.992937 -1.050266 -21.262672
v 0.349238 1.061999 -17.259737
v 0.349238 1.061999 -17.259737
v 0.349238 1.061999 -17.259737
v 0.349238 1.061999 -17.259737
v 0.010380 -1.061820 -17.439672
v 0.010380 -1.061820 -17.439672
v 0.010380 -1.061820 -17.439672
v 0.010380 -1.061820 -17.439672
v 4.073248 0.000000 -21.331211
v 4.073248 0.000000 -21.331211
v 4.073248 0.000000 -21.331211
v 4.073248 0.000000 -21.331211
v 4.073248 0.000000 -21.331211
v 4.032591 0.497546 -21.246252
v 4.032591 0.497546 -21.246252
v 4.032591 0.497546 -21.246252
v 4.032591 0.497546 -21.246252
v 4.032591 0.497546 -21.246252
v 4.032591 0.497546 -21.246252
v 4.032591 -0.497546 -21.246252
v 4.032591 -0.497546 -21.246252
v 4.032591 -0.497546 -21.246252
v 4.032591 -0.497546 -21.246252
v 4.032591 -0.497546 -21.246252
v 4.032591 -0.497546 -21.246252
v 0.736736 -1.057642 -18.932381
v 0.736736 -1.057642 -18.932381
v 0.736736 -1.057642 -18.932381
v 0.736736 -1.057642 -18.932381
v 0.736736 -1.057642 -18.932381
v 0.736736 -1.057642 -18.932381
v 3.995660 -1.056801 -19.016304
v 3.995660 -1.056801 -19.016304
v 3.995660 -1.056801 -19.016304
v 3.995660 -1.056801 -19.016304
v 3.995660 -1.056801 -19.016304
v 3.995660 -1.056801 -19.016304
v 0.070452 -1.059731 -18.231623
v 0.070452 -1.059731 -18.231623
v 0.070452 -1.059731 -18.231623
v 0.070452 -1.059731 -18.231623
v 0.070452 -1.059731 -18.231623
v 0.070452 -1.059731 -18.231623
v 0.735116 -1.058686 -18.532747
v 0.735116 -1.058686 -18.532747
v 0.735116 -1.058686 -18.532747
v 0.735116 -1.058686 -18.532747
v 0.735116 -1.058686 -18.532747
v 0.735116 -1.058686 -18.532747
v -0.058093 -1.060776 -17.784628
v -0.058093 -1.060776 -17.784628
v -0.058093 -1.060776 -17.784628
v -0.058093 -1.060776 -17.784628
v -0.058093 -1.060776 -17.784628
v -0.058093 -1.060776 -17.784628
v 0.294060 -0.333681 -16.902906
v 0.294060 -0.333681 -16.902906
v 0.294060 -0.333681 -16.902906
v 0.294060 -0.333681 -16.902906
v 0.294060 -0.333681 -16.902906
v 0.294060 -0.333681 -16.902906
v 4.073248 -0.248773 -21.320786
v 4.073248 -0.248773 -21.320786
v 4.073248 -0.248773 -21.320786
v 4.073248 -0.248773 -21.320786
v 4.073248 -0.248773 -21.320786
v 4.073248 -0.248773 -21.320786
v 0.294060 0.333771 -16.902906
v 0.294060 0.333771 -16.902906
v 0.294060 0.333771 -16.902906
v 0.294060 0.333771 -16.902906
v 4.073248 0.248773 -21.320786
v 4.073248 0.248773 -21.320786
v 4.073248 0.248773 -21.320786
v 4.073248 0.248773 -21.320786
v 4.073248 0.248773 -21.320786
v 4.073248 0.248773 -21.320786
v 3.668757 0.122032 -21.350817
v 3.668757 0.122032 -21.350817
v 3.668757 0.122032 -21.350817
v 3.668757 0.122032 -21.350817
v 5.549623 0.166885 -16.580547
v 5.549623 0.166885 -16.580547
v 5.549623 0.166885 -16.580547
v 5.549623 0.166885 -16.580547
v 5.549623 0.166885 -16.580547
v 5.549623 0.166885 -16.580547
v -1.130950 0.122031 -17.116037
v -1.130950 0.122031 -17.116037
v -1.130950 0.122031 -17.116037
v -1.130950 0.122031 -17.116037
v -0.266177 0.122031 -19.050785
v -0.266177 0.122031 -19.050785
v 3.637238 0.122031 -19.030228
v 3.637238 0.122031 -19.030228
v -1.060828 0.122031 -18.319551
v -1.060828 0.122031 -18.319551
v -0.267275 0.122031 -18.626301
v -0.267275 0.122031 -18.626301
v -1.213625 0.122031 -17.838463
v -1.213625 0.122031 -17.838463
v -1.213625 0.122031 -17.838463
v -1.213625 0.122031 -17.838463
v -0.728770 0.166885 -16.896141
v -0.728770 0.166885 -16.896141
v -0.728770 0.166885 -16.896141
v -0.728770 0.166885 -16.896141
v -0.728770 0.166885 -16.896141
v -0.728770 0.166885 -16.896141
v 5.905530 0.136453 -20.554729
v 5.905530 0.136453 -20.554729
v 5.905530 0.136453 -20.554729
v 5.905530 0.136453 -20.554729
v 5.905530 0.136453 -20.554729
v 5.905530 0.136453 -20.554729
v 5.776544 0.122031 -16.937616
v 5.776544 0.122031 -16.937616
v 5.776544 0.122031 -16.937616
v 5.776544 0.122031 -16.937616
v 5.776544 0.122031 -16.937616
v 5.776544 0.122031 -16.937616
v 5.823189 0.127247 -18.304363
v 5.823189 0.127247 -18.304363
v 5.823189 0.127247 -18.304363
v 5.823189 0.127247 -18.304363
v 5.823189 0.127247 -18.304363
v 5.823189 0.127247 -18.304363
v 5.832572 0.128296 -19.138710
v 5.832572 0.128296 -19.138710
v 5.832572 0.128296 -19.138710
v 5.832572 0.128296 -19.138710
v 5.832572 0.128296 -19.138710
v 5.799866 0.124639 -17.620991
v 5.799866 0.124639 -17.620991
v 5.799866 0.124639 -17.620991
v 5.799866 0.124639 -17.620991
v 5.799866 0.124639 -17.620991
v 5.811528 0.125943 -17.962677
v 5.811528 0.125943 -17.962677
v 5.811528 0.125943 -17.962677
v 5.811528 0.125943 -17.962677
v 5.811528 0.125943 -17.962677
v 5.788205 0.123335 -17.279303
v 5.788205 0.123335 -17.279303
v 5.788205 0.123335 -17.279303
v 5.788205 0.123335 -17.279303
v 5.788205 0.123335 -17.279303
v 4.361776 0.166885 -16.640257
v 4.361776 0.166885 -16.640257
v 4.361776 0.166885 -16.640257
v 4.361776 0.166885 -16.640257
v 4.361776 0.166885 -16.640257
v 5.494621 0.133724 -21.046804
v 5.494621 0.133724 -21.046804
v 5.494621 0.133724 -21.046804
v 5.494621 0.133724 -21.046804
v 5.494621 0.133724 -21.046804
v 5.494621 0.133724 -21.046804
v 5.524999 0.135088 -20.756218
v 5.524999 0.135088 -20.756218
v 5.524999 0.135088 -20.756218
v 5.524999 0.135088 -20.756218
v 5.524999 0.135088 -20.756218
v 5.524999 0.135088 -20.756218
v 4.955699 0.166885 -16.610401
v 4.955699 0.166885 -16.610401
v 4.955699 0.166885 -16.610401
v 4.955699 0.166885 -16.610401
v 4.955699 0.166885 -16.610401
v 4.073248 0.124387 -21.325998
v 4.073248 0.124387 -21.325998
v 4.073248 0.124387 -21.325998
v 4.073248 0.124387 -21.325998
v 4.073248 0.124387 -21.325998
v 4.073248 0.124387 -21.325998
v 0.296515 0.166885 -16.844604
v 0.296515 0.166885 -16.844604
v 0.296515 0.166885 -16.844604
v 0.296515 0.166885 -16.844604
v 0.296515 0.166885 -16.844604
v -0.728770 -0.488125 -16.896141
v -0.728770 -0.488125 -16.896141
v -0.728770 -0.488125 -16.896141
v -0.728770 -0.488125 -16.896141
v -0.728770 -0.488125 -16.896141
v -0.728770 -0.488125 -16.896141
v 5.905530 -0.136453 -20.554729
v 5.905530 -0.136453 -20.554729
v 5.905530 -0.136453 -20.554729
v 5.905530 -0.136453 -20.554729
v 5.905530 -0.136453 -20.554729
v 5.905530 -0.136453 -20.554729
v 5.776544 -0.122031 -16.937616
v 5.776544 -0.122031 -16.937616
v 5.776544 -0.122031 -16.937616
v 5.776544 -0.122031 -16.937616
v 5.776544 -0.122031 -16.937616
v 5.776544 -0.122031 -16.937616
v 5.823189 -0.127247 -18.304363
v 5.823189 -0.127247 -18.304363
v 5.823189 -0.127247 -18.304363
v 5.823189 -0.127247 -18.304363
v 5.823189 -0.127247 -18.304363
v 5.823189 -0.127247 -18.304363
v 5.832572 -0.128296 -19.138710
v 5.832572 -0.128296 -19.138710
v 5.832572 -0.128296 -19.138710
v 5.832572 -0.128296 -19.138710
v 5.832572 -0.128296 -19.138710
v 5.799866 -0.124639 -17.620991
v 5.799866 -0.124639 -17.620991
v 5.799866 -0.124639 -17.620991
v 5.799866 -0.124639 -17.620991
v 5.799866 -0.124639 -17.620991
v 5.811528 -0.125943 -17.962677
v 5.811528 -0.125943 -17.962677
v 5.811528 -0.125943 -17.962677
v 5.811528 -0.125943 -17.962677
v 5.811528 -0.125943 -17.962677
v 5.788205 -0.123335 -17.279303
v 5.788205 -0.123335 -17.279303
v 5.788205 -0.123335 -17.279303
v 5.788205 -0.123335 -17.279303
v 5.788205 -0.123335 -17.279303
v 4.361776 -0.166841 -16.640257
v 4.361776 -0.166841 -16.640257
v 4.361776 -0.166841 -16.640257
v 4.361776 -0.166841 -16.640257
v 4.361776 -0.166841 -16.640257
v 5.494621 -0.133724 -21.046804
v 5.494621 -0.133724 -21.046804
v 5.494621 -0.133724 -21.046804
v 5.494621 -0.133724 -21.046804
v 5.494621 -0.133724 -21.046804
v 5.494621 -0.133724 -21.046804
v 5.524999 -0.135088 -20.756218
v 5.524999 -0.135088 -20.756218
v 5.524999 -0.135088 -20.756218
v 5.524999 -0.135088 -20.756218
v 5.524999 -0.135088 -20.756218
v 5.524999 -0.135088 -20.756218
v 4.955699 -0.166841 -16.610401
v 4.955699 -0.166841 -16.610401
v 4.955699 -0.166841 -16.610401
v 4.955699 -0.166841 -16.610401
v 4.955699 -0.166841 -16.610401
v 3.668757 -0.122032 -21.350817
v 3.668757 -0.122032 -21.350817
v 3.668757 -0.122032 -21.350817
v 3.668757 -0.122032 -21.350817
v 5.549623 -0.166841 -16.580547
v 5.549623 -0.166841 -16.580547
v 5.549623 -0.166841 -16.580547
v 5.549623 -0.166841 -16.580547
v 5.549623 -0.166841 -16.580547
v 5.549623 -0.166841 -16.580547
v -1.130950 -0.122031 -17.116037
v -1.130950 -0.122031 -17.116037
v -1.130950 -0.122031 -17.116037
v -1.130950 -0.122031 -17.116037
v -1.130950 -0.122031 -17.116037
v -1.130950 -0.122031 -17.116037
v -0.266177 -0.122031 -19.050785
v -0.266177 -0.122031 -19.050785
v 3.637238 -0.122031 -19.030228
v 3.637238 -0.122031 -19.030228
v -1.060828 -0.122031 -18.319551
v -1.060828 -0.122031 -18.319551
v -0.267275 -0.122031 -18.626301
v -0.267275 -0.122031 -18.626301
v -1.213625 -0.122031 -17.838463
v -1.213625 -0.122031 -17.838463
v -1.213625 -0.122031 -17.838463
v -1.213625 -0.122031 -17.838463
v 0.296515 -0.166841 -16.844604
v 0.296515 -0.166841 -16.844604
v 0.296515 -0.166841 -16.844604
v 0.296515 -0.166841 -16.844604
v 0.296515 -0.166841 -16.844604
v 0.296515 -0.166841 -16.844604
v 4.073248 -0.124387 -21.325998
v 4.073248 -0.124387 -21.325998
v 4.073248 -0.124387 -21.325998
v 4.073248 -0.124387 -21.325998
v 4.073248 -0.124387 -21.325998
v 4.073248 -0.124387 -21.325998
v -19.388603 0.453557 -17.075802
v -19.388603 0.453557 -17.075802
v -19.388603 0.453557 -17.075802
v -19.388603 0.453557 -17.075802
v -19.078304 1.085159 -20.334845
v -19.078304 1.085159 -20.334845
v -19.078304 1.085159 -20.334845
v -19.078304 1.085159 -20.334845
v -19.388603 -0.453557 -17.075802
v -19.388603 -0.453557 -17.075802
v -19.388603 -0.453557 -17.075802
v -19.388603 -0.453557 -17.075802
v -19.078304 -1.085159 -20.334845
v -19.078304 -1.085159 -20.334845
v -19.078304 -1.085159 -20.334845
v -19.078304 -1.085159 -20.334845
v -1.735053 0.453557 -16.858006
v -1.735053 0.453557 -16.858006
v -1.735053 0.453557 -16.858006
v -1.735053 0.453557 -16.858006
v -1.838756 1.203050 -20.178011
v -1.838756 1.203050 -20.178011
v -1.838756 1.203050 -20.178011
v -1.735053 -0.453557 -16.858006
v -1.735053 -0.453557 -16.858006
v -1.735053 -0.453557 -16.858006
v -1.735053 -0.453557 -16.858006
v -1.838756 -1.203050 -20.178011
v -1.838756 -1.203050 -20.178011
v -1.838756 -1.203050 -20.178011
v -20.017841 1.170856 -19.097441
v -20.017841 1.170856 -19.097441
v -20.017841 1.170856 -19.097441
v -20.017841 1.170856 -19.097441
v -20.017841 1.170856 -19.097441
v -20.017841 -1.170856 -19.097441
v -20.017841 -1.170856 -19.097441
v -20.017841 -1.170856 -19.097441
v -20.017841 -1.170856 -19.097441
v -20.017841 -1.170856 -19.097441
v -1.715155 -1.134290 -18.266348
v -1.715155 -1.134290 -18.266348
v -1.715155 -1.134290 -18.266348
v -1.715155 -1.134290 -18.266348
v -1.715155 -1.134290 -18.266348
v -1.715155 1.134290 -18.266348
v -1.715155 1.134290 -18.266348
v -1.715155 1.134290 -18.266348
v -1.715155 1.134290 -18.266348
v -1.715155 1.134290 -18.266348
v -19.663986 1.190143 -19.788273
v -19.663986 1.190143 -19.788273
v -19.663986 1.190143 -19.788273
v -19.663986 1.190143 -19.788273
v -19.663986 -1.190143 -19.788273
v -19.663986 -1.190143 -19.788273
v -19.663986 -1.190143 -19.788273
v -19.663986 -1.190143 -19.788273
v -1.759303 -1.203050 -18.949163
v -1.759303 -1.203050 -18.949163
v -1.759303 -1.203050 -18.949163
v -1.759303 -1.203050 -18.949163
v -1.759303 1.203050 -18.949163
v -1.759303 1.203050 -18.949163
v -1.759303 1.203050 -18.949163
v -1.759303 1.203050 -18.949163
v -20.062569 -1.149988 -18.586472
v -20.062569 -1.149988 -18.586472
v -20.062569 -1.149988 -18.586472
v -20.062569 -1.149988 -18.586472
v -20.062569 -1.149988 -18.586472
v -1.789998 -1.050688 -17.668489
v -1.789998 -1.050688 -17.668489
v -1.789998 -1.050688 -17.668489
v -1.789998 -1.050688 -17.668489
v -1.789998 -1.050688 -17.668489
v -1.789998 1.050688 -17.668489
v -1.789998 1.050688 -17.668489
v -1.789998 1.050688 -17.668489
v -1.789998 1.050688 -17.668489
v -1.789998 1.050688 -17.668489
v -20.062569 1.149988 -18.586472
v -20.062569 1.149988 -18.586472
v -20.062569 1.149988 -18.586472
v -20.062569 1.149988 -18.586472
v -20.062569 1.149988 -18.586472
v -19.953903 -0.998000 -17.902376
v -19.953903 -0.998000 -17.902376
v -19.953903 -0.998000 -17.902376
v -19.953903 -0.998000 -17.902376
v -19.953903 -0.998000 -17.902376
v -1.750272 -0.812253 -17.054066
v -1.750272 -0.812253 -17.054066
v -1.750272 -0.812253 -17.054066
v -1.750272 -0.812253 -17.054066
v -1.750272 0.812253 -17.054066
v -1.750272 0.812253 -17.054066
v -1.750272 0.812253 -17.054066
v -1.750272 0.812253 -17.054066
v -19.953903 0.998000 -17.902376
v -19.953903 0.998000 -17.902376
v -19.953903 0.998000 -17.902376
v -19.953903 0.998000 -17.902376
v -19.953903 0.998000 -17.902376
v -2.640601 -0.453557 -16.604111
v -2.640601 -0.453557 -16.604111
v -2.640601 -0.453557 -16.604111
v -2.640601 -0.453557 -16.604111
v -2.899952 -1.203050 -20.275742
v -2.899952 -1.203050 -20.275742
v -2.899952 -1.203050 -20.275742
v -2.899952 -1.203050 -20.275742
v -2.899952 -1.203050 -20.275742
v -2.640601 0.453557 -16.604111
v -2.640601 0.453557 -16.604111
v -2.640601 0.453557 -16.604111
v -2.640601 0.453557 -16.604111
v -2.899952 1.203050 -20.275742
v -2.899952 1.203050 -20.275742
v -2.899952 1.203050 -20.275742
v -2.899952 1.203050 -20.275742
v -2.899952 1.203050 -20.275742
v -2.778880 1.134290 -18.281847
v -2.778880 1.134290 -18.281847
v -2.778880 1.134290 -18.281847
v -2.778880 1.134290 -18.281847
v -2.778880 1.134290 -18.281847
v -2.778880 1.134290 -18.281847
v -2.778880 -1.134290 -18.281847
v -2.778880 -1.134290 -18.281847
v -2.778880 -1.134290 -18.281847
v -2.778880 -1.134290 -18.281847
v -2.778880 -1.134290 -18.281847
v -2.778880 -1.134290 -18.281847
v -2.859203 1.203050 -19.086597
v -2.859203 1.203050 -19.086597
v -2.859203 1.203050 -19.086597
v -2.859203 1.203050 -19.086597
v -2.859203 1.203050 -19.086597
v -2.859203 -1.203050 -19.086597
v -2.859203 -1.203050 -19.086597
v -2.859203 -1.203050 -19.086597
v -2.859203 -1.203050 -19.086597
v -2.859203 -1.203050 -19.086597
v -2.746867 -1.050688 -17.720831
v -2.746867 -1.050688 -17.720831
v -2.746867 -1.050688 -17.720831
v -2.746867 -1.050688 -17.720831
v -2.746867 -1.050688 -17.720831
v -2.746867 -1.050688 -17.720831
v -2.746867 1.050688 -17.720831
v -2.746867 1.050688 -17.720831
v -2.746867 1.050688 -17.720831
v -2.746867 1.050688 -17.720831
v -2.746867 1.050688 -17.720831
v -2.746867 1.050688 -17.720831
v -2.702670 0.812253 -17.103430
v -2.702670 0.812253 -17.103430
v -2.702670 0.812253 -17.103430
v -2.702670 0.812253 -17.103430
v -2.702670 0.812253 -17.103430
v -2.702670 0.812253 -17.103430
v -2.702670 0.812253 -17.103430
v -2.702670 -0.812253 -17.103430
v -2.702670 -0.812253 -17.103430
v -2.702670 -0.812253 -17.103430
v -2.702670 -0.812253 -17.103430
v -2.702670 -0.812253 -17.103430
v -2.702670 -0.812253 -17.103430
v -2.702670 -0.812253 -17.103430
v -3.731177 -0.453557 -16.515951
v -3.731177 -0.453557 -16.515951
v -3.731177 -0.453557 -16.515951
v -3.731177 -0.453557 -16.515951
v -3.731177 -0.453557 -16.515951
v -4.018538 1.271074 -20.411037
v -4.018538 1.271074 -20.411037
v -4.018538 1.271074 -20.411037
v -4.018538 1.271074 -20.411037
v -4.018538 1.271074 -20.411037
v -3.911070 1.183697 -18.348110
v -3.911070 1.183697 -18.348110
v -3.911070 1.183697 -18.348110
v -3.911070 1.183697 -18.348110
v -3.911070 1.183697 -18.348110
v -3.911070 1.183697 -18.348110
v -4.018869 1.169606 -19.264030
v -4.018869 1.169606 -19.264030
v -4.018869 1.169606 -19.264030
v -4.018869 1.169606 -19.264030
v -4.018869 1.169606 -19.264030
v -4.018869 1.169606 -19.264030
v -3.882888 1.025763 -17.776384
v -3.882888 1.025763 -17.776384
v -3.882888 1.025763 -17.776384
v -3.882888 1.025763 -17.776384
v -3.882888 1.025763 -17.776384
v -3.882888 1.025763 -17.776384
v -3.833947 0.812253 -17.155823
v -3.833947 0.812253 -17.155823
v -3.833947 0.812253 -17.155823
v -3.833947 0.812253 -17.155823
v -3.833947 0.812253 -17.155823
v -3.833947 0.812253 -17.155823
v -4.018538 -1.271074 -20.411037
v -4.018538 -1.271074 -20.411037
v -4.018538 -1.271074 -20.411037
v -4.018538 -1.271074 -20.411037
v -4.018538 -1.271074 -20.411037
v -3.731177 0.453557 -16.515951
v -3.731177 0.453557 -16.515951
v -3.731177 0.453557 -16.515951
v -3.731177 0.453557 -16.515951
v -3.731177 0.453557 -16.515951
v -3.911070 -1.183697 -18.348110
v -3.911070 -1.183697 -18.348110
v -3.911070 -1.183697 -18.348110
v -3.911070 -1.183697 -18.348110
v -3.911070 -1.183697 -18.348110
v -3.911070 -1.183697 -18.348110
v -4.018869 -1.169606 -19.264030
v -4.018869 -1.169606 -19.264030
v -4.018869 -1.169606 -19.264030
v -4.018869 -1.169606 -19.264030
v -4.018869 -1.169606 -19.264030
v -4.018869 -1.169606 -19.264030
v -3.882888 -1.025763 -17.776384
v -3.882888 -1.025763 -17.776384
v -3.882888 -1.025763 -17.776384
v -3.882888 -1.025763 -17.776384
v -3.882888 -1.025763 -17.776384
v -3.882888 -1.025763 -17.776384
v -3.833947 -0.812253 -17.155823
v -3.833947 -0.812253 -17.155823
v -3.833947 -0.812253 -17.155823
v -3.833947 -0.812253 -17.155823
v -3.833947 -0.812253 -17.155823
v -3.833947 -0.812253 -17.155823
v -4.695848 -0.453557 -16.550444
v -4.695848 -0.453557 -16.550444
v -4.695848 -0.453557 -16.550444
v -4.695848 -0.453557 -16.550444
v -5.242884 1.085159 -20.906723
v -5.242884 1.085159 -20.906723
v -5.242884 1.085159 -20.906723
v -5.242884 1.085159 -20.906723
v -4.910286 1.170856 -18.487396
v -4.910286 1.170856 -18.487396
v -4.910286 1.170856 -18.487396
v -4.910286 1.170856 -18.487396
v -4.910286 1.170856 -18.487396
v -4.910286 1.170856 -18.487396
v -5.279280 1.190143 -19.796709
v -5.279280 1.190143 -19.796709
v -5.279280 1.190143 -19.796709
v -5.279280 1.190143 -19.796709
v -5.279280 1.190143 -19.796709
v -5.279280 1.190143 -19.796709
v -5.279280 1.190143 -19.796709
v -4.880222 1.149988 -17.825153
v -4.880222 1.149988 -17.825153
v -4.880222 1.149988 -17.825153
v -4.880222 1.149988 -17.825153
v -4.880222 1.149988 -17.825153
v -4.880222 1.149988 -17.825153
v -4.827116 0.998000 -17.201818
v -4.827116 0.998000 -17.201818
v -4.827116 0.998000 -17.201818
v -4.827116 0.998000 -17.201818
v -4.827116 0.998000 -17.201818
v -4.827116 0.998000 -17.201818
v -5.242884 -1.085159 -20.906723
v -5.242884 -1.085159 -20.906723
v -5.242884 -1.085159 -20.906723
v -5.242884 -1.085159 -20.906723
v -4.695848 0.453557 -16.550444
v -4.695848 0.453557 -16.550444
v -4.695848 0.453557 -16.550444
v -4.695848 0.453557 -16.550444
v -4.910286 -1.170856 -18.487396
v -4.910286 -1.170856 -18.487396
v -4.910286 -1.170856 -18.487396
v -4.910286 -1.170856 -18.487396
v -4.910286 -1.170856 -18.487396
v -4.910286 -1.170856 -18.487396
v -5.279280 -1.190143 -19.796709
v -5.279280 -1.190143 -19.796709
v -5.279280 -1.190143 -19.796709
v -5.279280 -1.190143 -19.796709
v -5.279280 -1.190143 -19.796709
v -5.279280 -1.190143 -19.796709
v -5.279280 -1.190143 -19.796709
v -4.880222 -1.149988 -17.825153
v -4.880222 -1.149988 -17.825153
v -4.880222 -1.149988 -17.825153
v -4.880222 -1.149988 -17.825153
v -4.880222 -1.149988 -17.825153
v -4.880222 -1.149988 -17.825153
v -4.827116 -0.998000 -17.201818
v -4.827116 -0.998000 -17.201818
v -4.827116 -0.998000 -17.201818
v -4.827116 -0.998000 -17.201818
v -4.827116 -0.998000 -17.201818
v -4.827116 -0.998000 -17.201818
v -11.738587 -0.431807 -21.944103
v -11.738587 -0.431807 -21.944103
v -11.738587 0.431557 -21.944103
v -11.738587 0.431557 -21.944103
v -8.255106 -0.431807 -21.944103
v -8.255106 -0.431807 -21.944103
v -8.255106 0.431557 -21.944103
v -8.255106 0.431557 -21.944103
v -19.477509 -0.431807 -21.944103
v -19.477509 -0.431807 -21.944103
v -19.477509 -0.431807 -21.944103
v -19.477509 0.431557 -21.944103
v -19.477509 0.431557 -21.944103
v -19.477509 0.431557 -21.944103
v -15.986196 0.431557 -21.944103
v -15.986196 0.431557 -21.944103
v -15.986196 0.431557 -21.944103
v -15.986196 -0.431807 -21.944103
v -15.986196 -0.431807 -21.944103
v -23.328964 -0.431807 -22.005144
v -23.328964 -0.431807 -22.005144
v -23.328964 -0.431807 -22.005144
v -7.861869 -0.431807 -21.943922
v -7.861869 -0.431807 -21.943922
v -12.119205 -0.431807 -21.943922
v -12.119205 -0.431807 -21.943922
v -12.119205 0.431557 -21.943922
v -12.119205 0.431557 -21.943922
v -4.409426 -0.431807 -21.943922
v -4.409426 -0.431807 -21.943922
v -4.409426 0.431557 -21.943922
v -4.409426 0.431557 -21.943922
v -7.861869 0.431557 -21.943922
v -7.861869 0.431557 -21.943922
v -15.615985 -0.431807 -21.943922
v -15.615985 -0.431807 -21.943922
v -19.865486 -0.431807 -21.943922
v -19.865486 -0.431807 -21.943922
v -19.865486 -0.431807 -21.943922
v -19.865486 0.431557 -21.943922
v -19.865486 0.431557 -21.943922
v -19.865486 0.431557 -21.943922
v -15.615985 0.431557 -21.943922
v -15.615985 0.431557 -21.943922
v -23.328964 0.431557 -22.005144
v -23.328964 0.431557 -22.005144
v -0.315436 -0.431807 -22.773165
v -0.315436 -0.431807 -22.773165
v -0.315436 -0.431807 -22.773165
v 3.619778 -0.431807 -21.856859
v 3.619778 -0.431807 -21.856859
v 3.619778 -0.431807 -21.856859
v 3.619778 -0.431807 -21.666759
v 3.619778 -0.431807 -21.666759
v 3.619778 -0.431807 -21.666759
v 3.619778 0.431557 -21.856859
v 3.619778 0.431557 -21.856859
v 3.619778 0.431557 -21.856859
v 3.619778 0.431557 -21.666759
v 3.619778 0.431557 -21.666759
v 3.619778 0.431557 -21.666759
v -0.315436 0.431557 -21.666759
v -0.315436 0.431557 -21.666759
v -15.800643 -0.431807 -22.773165
v -15.800643 -0.431807 -22.773165
v -11.929342 -0.431807 -22.773165
v -11.929342 -0.431807 -22.773165
v -15.800643 0.431557 -21.666759
v -15.800643 0.431557 -21.666759
v -15.800643 0.431557 -21.666759
v -11.929342 0.431557 -21.666759
v -11.929342 0.431557 -21.666759
v -11.929342 0.431557 -22.773165
v -11.929342 0.431557 -22.773165
v -11.929342 -0.431807 -21.666759
v -11.929342 -0.431807 -21.666759
v -8.058041 -0.431807 -22.773165
v -8.058041 -0.431807 -22.773165
v -4.186738 -0.431807 -22.773165
v -4.186738 -0.431807 -22.773165
v -8.058041 0.431557 -21.666759
v -8.058041 0.431557 -21.666759
v -4.186738 0.431557 -21.666759
v -4.186738 0.431557 -21.666759
v -4.186738 0.431557 -22.773165
v -4.186738 0.431557 -22.773165
v -4.186738 -0.431807 -21.666759
v -4.186738 -0.431807 -21.666759
v -8.058041 -0.431807 -21.666759
v -8.058041 -0.431807 -21.666759
v -8.058041 0.431557 -22.773165
v -8.058041 0.431557 -22.773165
v -0.315436 -0.431807 -21.666759
v -0.315436 -0.431807 -21.666759
v -0.315436 0.431557 -22.773165
v -0.315436 0.431557 -22.773165
v -0.315436 0.431557 -22.773165
v -19.671946 -0.431807 -22.773165
v -19.671946 -0.431807 -22.773165
v -23.543247 0.431557 -21.990969
v -23.543247 0.431557 -21.990969
v -23.543247 0.431557 -21.990969
v -23.543247 0.431557 -21.990969
v -19.671946 0.431557 -21.990969
v -19.671946 0.431557 -21.990969
v -19.671946 0.431557 -21.990969
v -19.671946 0.431557 -21.990969
v -19.671946 0.431557 -21.990969
v -19.671946 -0.431807 -21.990969
v -19.671946 -0.431807 -21.990969
v -19.671946 -0.431807 -21.990969
v -19.671946 -0.431807 -21.990969
v -19.671946 -0.431807 -21.990969
v -19.671946 0.431557 -22.773165
v -19.671946 0.431557 -22.773165
v -15.800643 -0.431807 -21.666759
v -15.800643 -0.431807 -21.666759
v -15.800643 -0.431807 -21.666759
v -15.800643 -0.431807 -21.666759
v -15.800643 0.431557 -22.773165
v -15.800643 0.431557 -22.773165
v -23.543247 -0.431807 -21.990969
v -23.543247 -0.431807 -21.990969
v -23.543247 -0.431807 -21.990969
v -23.543247 0.431557 -22.773165
v -23.543247 0.431557 -22.773165
v -23.543247 0.431557 -22.773165
v -23.543247 -0.431807 -22.773165
v -23.543247 -0.431807 -22.773165
v -23.543247 -0.431807 -22.773165
v -10.211913 -0.431807 -22.597443
v -10.211913 -0.431807 -22.597443
v -10.211913 -0.431807 -22.597443
v -11.738587 -0.431807 -22.427259
v -11.738587 -0.431807 -22.427259
v -11.738587 -0.431807 -22.427259
v -11.654362 -0.431807 -22.717781
v -11.738587 0.431557 -22.427259
v -11.738587 0.431557 -22.427259
v -11.738587 0.431557 -22.427259
v -10.211913 0.431557 -22.597443
v -10.211913 0.431557 -22.597443
v -10.211913 0.431557 -22.597443
v -11.654362 0.431557 -22.717781
v -9.775469 0.431557 -22.597443
v -9.775469 0.431557 -22.597443
v -9.775469 0.431557 -22.597443
v -8.255106 0.431557 -22.427259
v -8.255106 0.431557 -22.427259
v -8.255106 0.431557 -22.427259
v -8.333021 0.431557 -22.717781
v -8.255106 -0.431807 -22.427259
v -8.255106 -0.431807 -22.427259
v -8.255106 -0.431807 -22.427259
v -9.775469 -0.431807 -22.597443
v -9.775469 -0.431807 -22.597443
v -9.775469 -0.431807 -22.597443
v -8.333021 -0.431807 -22.717781
v -19.477509 0.431557 -22.427259
v -19.477509 0.431557 -22.427259
v -19.477509 0.431557 -22.427259
v -17.954515 0.431557 -22.597443
v -17.954515 0.431557 -22.597443
v -17.954515 0.431557 -22.597443
v -19.396963 0.431557 -22.717781
v -17.954515 -0.431807 -22.597443
v -17.954515 -0.431807 -22.597443
v -17.954515 -0.431807 -22.597443
v -19.477509 -0.431807 -22.427259
v -19.477509 -0.431807 -22.427259
v -19.477509 -0.431807 -22.427259
v -19.396963 -0.431807 -22.717781
v -15.986196 -0.431807 -22.427259
v -15.986196 -0.431807 -22.427259
v -15.986196 -0.431807 -22.427259
v -17.518072 -0.431807 -22.597443
v -17.518072 -0.431807 -22.597443
v -17.518072 -0.431807 -22.597443
v -16.075624 -0.431807 -22.717781
v -17.518072 0.431557 -22.597443
v -17.518072 0.431557 -22.597443
v -17.518072 0.431557 -22.597443
v -15.986196 0.431557 -22.427259
v -15.986196 0.431557 -22.427259
v -15.986196 0.431557 -22.427259
v -16.075624 0.431557 -22.717781
v -23.328964 0.431557 -22.427439
v -23.328964 0.431557 -22.427439
v -23.328964 0.431557 -22.427439
v -21.826714 0.431557 -22.597624
v -21.826714 0.431557 -22.597624
v -21.826714 0.431557 -22.597624
v -23.269161 0.431557 -22.717960
v -7.861869 0.431557 -22.427439
v -7.861869 0.431557 -22.427439
v -7.861869 0.431557 -22.427439
v -6.341504 0.431557 -22.597624
v -6.341504 0.431557 -22.597624
v -6.341504 0.431557 -22.597624
v -7.783953 0.431557 -22.717960
v -13.645878 0.431557 -22.597624
v -13.645878 0.431557 -22.597624
v -13.645878 0.431557 -22.597624
v -12.119205 0.431557 -22.427439
v -12.119205 0.431557 -22.427439
v -12.119205 0.431557 -22.427439
v -12.203430 0.431557 -22.717960
v -12.119205 -0.431807 -22.427439
v -12.119205 -0.431807 -22.427439
v -12.119205 -0.431807 -22.427439
v -13.645878 -0.431807 -22.597624
v -13.645878 -0.431807 -22.597624
v -13.645878 -0.431807 -22.597624
v -12.203430 -0.431807 -22.717960
v -5.903274 0.431557 -22.597624
v -5.903274 0.431557 -22.597624
v -5.903274 0.431557 -22.597624
v -4.409426 0.431557 -22.427439
v -4.409426 0.431557 -22.427439
v -4.409426 0.431557 -22.427439
v -4.460826 0.431557 -22.717960
v -4.409426 -0.431807 -22.427439
v -4.409426 -0.431807 -22.427439
v -4.409426 -0.431807 -22.427439
v -5.903274 -0.431807 -22.597624
v -5.903274 -0.431807 -22.597624
v -5.903274 -0.431807 -22.597624
v -4.460826 -0.431807 -22.717960
v -6.341504 -0.431807 -22.597624
v -6.341504 -0.431807 -22.597624
v -6.341504 -0.431807 -22.597624
v -7.861869 -0.431807 -22.427439
v -7.861869 -0.431807 -22.427439
v -7.861869 -0.431807 -22.427439
v -7.783953 -0.431807 -22.717960
v -15.615985 0.431557 -22.427439
v -15.615985 0.431557 -22.427439
v -15.615985 0.431557 -22.427439
v -14.084107 0.431557 -22.597624
v -14.084107 0.431557 -22.597624
v -14.084107 0.431557 -22.597624
v -15.526555 0.431557 -22.717960
v -21.388479 0.431557 -22.597624
v -21.388479 0.431557 -22.597624
v -21.388479 0.431557 -22.597624
v -19.865486 0.431557 -22.427439
v -19.865486 0.431557 -22.427439
v -19.865486 0.431557 -22.427439
v -19.946032 0.431557 -22.717960
v -19.865486 -0.431807 -22.427439
v -19.865486 -0.431807 -22.427439
v -19.865486 -0.431807 -22.427439
v -21.388479 -0.431807 -22.597624
v -21.388479 -0.431807 -22.597624
v -21.388479 -0.431807 -22.597624
v -19.946032 -0.431807 -22.717960
v -14.084107 -0.431807 -22.597624
v -14.084107 -0.431807 -22.597624
v -14.084107 -0.431807 -22.597624
v -15.615985 -0.431807 -22.427439
v -15.615985 -0.431807 -22.427439
v -15.615985 -0.431807 -22.427439
v -15.526555 -0.431807 -22.717960
v -21.826714 -0.431807 -22.597624
v -21.826714 -0.431807 -22.597624
v -21.826714 -0.431807 -22.597624
v -23.328964 -0.431807 -22.427439
v -23.328964 -0.431807 -22.427439
v -23.328964 -0.431807 -22.427439
v -23.269161 -0.431807 -22.717960
v 4.757545 -0.276262 -20.901615
v 4.920028 -0.092016 -21.085863
v 4.920028 0.000000 -21.042055
v 4.757545 0.000000 -20.770088
v 3.620158 -0.709195 -20.468681
v 3.620158 0.709195 -20.468681
v 3.620158 0.709195 -21.887074
v 3.620158 -0.709195 -21.887074
v 3.782641 -1.046841 -21.177877
v 3.945125 -1.046841 -21.177877
v 3.945125 -0.709195 -20.468681
v 3.782641 -0.709195 -20.468681
v 4.920028 0.135825 -21.177879
v 4.757545 0.407789 -21.177877
v 4.757545 0.276262 -20.901615
v 4.920028 0.092016 -21.085863
v 3.782641 1.046841 -21.177877
v 3.620158 1.046841 -21.177877
v 3.620158 0.709195 -20.468681
v 3.782641 0.709195 -20.468681
v 3.782641 0.709195 -21.887074
v 3.620158 0.709195 -21.887074
v 3.620158 1.046841 -21.177877
v 3.782641 1.046841 -21.177877
v 4.920028 0.135825 -21.177879
v 4.920028 0.092016 -21.269896
v 4.757545 0.276262 -21.454140
v 4.757545 0.407789 -21.177877
v 4.270093 0.000000 -20.254190
v 4.270093 0.625764 -20.552114
v 4.107609 0.686585 -20.491293
v 4.107609 0.000000 -20.164412
v 4.270093 -0.625764 -20.552114
v 4.270093 -0.923688 -21.177877
v 4.432577 -0.776207 -21.177877
v 4.432577 -0.525851 -20.652027
v 4.432577 0.776207 -21.177877
v 4.432577 0.525851 -21.703728
v 4.270093 0.625764 -21.803640
v 4.270093 0.923688 -21.177877
v 4.270093 -0.625764 -20.552114
v 4.432577 -0.525851 -20.652027
v 4.432577 0.000000 -20.401670
v 4.270093 0.000000 -20.254190
v 4.270093 -0.625764 -21.803640
v 4.432577 -0.525851 -21.703728
v 4.432577 -0.776207 -21.177877
v 4.270093 -0.923688 -21.177877
v 4.107609 -0.686585 -20.491293
v 4.270093 -0.625764 -20.552114
v 4.270093 0.000000 -20.254190
v 4.107609 0.000000 -20.164412
v 4.595061 -0.415327 -21.593204
v 4.757545 -0.276262 -21.454140
v 4.757545 -0.407789 -21.177877
v 4.595061 -0.613063 -21.177877
v 4.757545 0.407789 -21.177877
v 4.595061 0.613063 -21.177877
v 4.595061 0.415327 -20.762550
v 4.757545 0.276262 -20.901615
v 4.920028 0.000000 -21.042055
v 4.920028 0.092016 -21.085863
v 4.757545 0.276262 -20.901615
v 4.757545 0.000000 -20.770088
v 4.595061 0.000000 -20.564814
v 4.595061 0.415327 -20.762550
v 4.432577 0.525851 -20.652027
v 4.432577 0.000000 -20.401670
v 4.432577 -0.525851 -20.652027
v 4.595061 -0.415327 -20.762550
v 4.595061 0.000000 -20.564814
v 4.432577 0.000000 -20.401670
v 4.595061 0.613063 -21.177877
v 4.432577 0.776207 -21.177877
v 4.432577 0.525851 -20.652027
v 4.595061 0.415327 -20.762550
v 4.757545 -0.276262 -20.901615
v 4.757545 -0.407789 -21.177877
v 4.920028 -0.135825 -21.177879
v 4.920028 -0.092016 -21.085863
v 4.757545 -0.276262 -21.454140
v 4.920028 -0.092016 -21.269896
v 4.920028 -0.135825 -21.177879
v 4.757545 -0.407789 -21.177877
v 4.757545 0.000000 -20.770088
v 4.757545 0.276262 -20.901615
v 4.595061 0.415327 -20.762550
v 4.595061 0.000000 -20.564814
v 4.757545 0.407789 -21.177877
v 4.757545 0.276262 -21.454140
v 4.595061 0.415327 -21.593204
v 4.595061 0.613063 -21.177877
v 4.595061 -0.415327 -20.762550
v 4.757545 -0.276262 -20.901615
v 4.757545 0.000000 -20.770088
v 4.595061 0.000000 -20.564814
v 4.432577 0.776207 -21.177877
v 4.270093 0.923688 -21.177877
v 4.270093 0.625764 -20.552114
v 4.432577 0.525851 -20.652027
v 4.432577 -0.525851 -21.703728
v 4.595061 -0.415327 -21.593204
v 4.595061 -0.613063 -21.177877
v 4.432577 -0.776207 -21.177877
v 4.432577 0.000000 -20.401670
v 4.432577 0.525851 -20.652027
v 4.270093 0.625764 -20.552114
v 4.270093 0.000000 -20.254190
v 4.432577 -0.525851 -20.652027
v 4.432577 -0.776207 -21.177877
v 4.595061 -0.613063 -21.177877
v 4.595061 -0.415327 -20.762550
v 4.595061 -0.415327 -20.762550
v 4.595061 -0.613063 -21.177877
v 4.757545 -0.407789 -21.177877
v 4.757545 -0.276262 -20.901615
v 4.595061 0.613063 -21.177877
v 4.595061 0.415327 -21.593204
v 4.432577 0.525851 -21.703728
v 4.432577 0.776207 -21.177877
v 4.920028 0.092016 -21.269896
v 4.920028 0.092016 -21.085863
v 4.920028 -0.092016 -21.085863
v 4.920028 -0.092016 -21.269896
v 3.782641 -0.709195 -21.887074
v 3.945125 -0.709195 -21.887074
v 3.945125 -1.046841 -21.177877
v 3.782641 -1.046841 -21.177877
v 3.945125 0.000000 -20.131037
v 3.945125 0.709195 -20.468681
v 3.782641 0.709195 -20.468681
v 3.782641 0.000000 -20.131037
v 3.945125 1.046841 -21.177877
v 3.945125 0.709195 -20.468681
v 4.270093 0.923688 -21.177877
v 4.107609 1.013466 -21.177877
v 4.107609 0.686585 -20.491293
v 4.270093 0.625764 -20.552114
v 4.107609 1.013466 -21.177877
v 4.107609 0.686585 -21.864462
v 3.945125 0.709195 -21.887074
v 3.945125 1.046841 -21.177877
v 3.945125 -0.709195 -21.887074
v 4.107609 -0.686585 -21.864462
v 4.107609 -1.013466 -21.177877
v 3.945125 -1.046841 -21.177877
v 4.107609 -0.686585 -21.864462
v 4.270093 -0.625764 -21.803640
v 4.270093 -0.923688 -21.177877
v 4.107609 -1.013466 -21.177877
v 4.270093 0.923688 -21.177877
v 4.270093 0.625764 -21.803640
v 4.107609 0.686585 -21.864462
v 4.107609 1.013466 -21.177877
v 4.107609 -0.686585 -20.491293
v 4.107609 -1.013466 -21.177877
v 4.270093 -0.923688 -21.177877
v 4.270093 -0.625764 -20.552114
v 3.945125 -0.709195 -20.468681
v 3.945125 -1.046841 -21.177877
v 4.107609 -1.013466 -21.177877
v 4.107609 -0.686585 -20.491293
v 4.107609 0.000000 -20.164412
v 4.107609 0.686585 -20.491293
v 3.945125 0.709195 -20.468681
v 3.945125 0.000000 -20.131037
v 4.107609 1.013466 -21.177877
v 3.945125 1.046841 -21.177877
v 3.945125 0.709195 -20.468681
v 4.107609 0.686585 -20.491293
v 3.620158 -1.046841 -21.177877
v 3.620158 -0.709195 -20.468681
v 3.945125 -0.709195 -20.468681
v 4.107609 -0.686585 -20.491293
v 4.107609 0.000000 -20.164412
v 3.945125 0.000000 -20.131037
v 3.620158 0.709195 -20.468681
v 3.620158 0.000000 -20.131037
v 3.620158 -0.709195 -21.887074
v 3.620158 -1.046841 -21.177877
v 3.782641 -0.709195 -20.468681
v 3.782641 0.000000 -20.131037
v 3.620158 0.000000 -20.131037
v 3.620158 -0.709195 -20.468681
v 3.945125 -0.709195 -20.468681
v 3.945125 0.000000 -20.131037
v 3.620158 0.000000 -20.131037
v 3.620158 1.046841 -21.177877
v 3.620158 -1.046841 -21.177877
v 4.920028 0.000000 -21.042055
v 4.920028 -0.135825 -21.177879
v 4.920028 0.135825 -21.177879
v 3.945125 0.709195 -21.887074
v 3.945125 1.046841 -21.177877
v 4.757545 0.260211 -21.461781
v 4.920028 0.092016 -21.269896
v 4.920028 -0.092016 -21.269896
v 4.757545 -0.260211 -21.461781
v 4.107609 0.256010 -22.069458
v 4.270093 0.257196 -21.979115
v 4.270093 -0.257196 -21.979115
v 4.107609 -0.256010 -22.069458
v 4.432577 0.258406 -21.831059
v 4.595061 0.259438 -21.667423
v 4.595061 -0.259438 -21.667423
v 4.432577 -0.258406 -21.831059
v 4.595061 0.259438 -21.667423
v 4.757545 0.260211 -21.461781
v 4.757545 -0.260211 -21.461781
v 4.595061 -0.259438 -21.667423
v 4.270093 0.257196 -21.979115
v 4.432577 0.258406 -21.831059
v 4.432577 -0.258406 -21.831059
v 4.270093 -0.257196 -21.979115
v 3.782641 0.254577 -22.103516
v 3.945125 0.255107 -22.103262
v 3.945125 -0.255107 -22.103262
v 3.782641 -0.254577 -22.103516
v 3.945125 0.255107 -22.103262
v 4.107609 0.256010 -22.069458
v 4.107609 -0.256010 -22.069458
v 3.945125 -0.255107 -22.103262
v 3.620158 0.254405 -22.103596
v 3.782641 0.254577 -22.103516
v 3.782641 -0.254577 -22.103516
v 3.620158 -0.254405 -22.103596
v 3.620158 0.254405 -22.103596
v 3.620158 -0.254405 -22.103596
v 3.620158 0.254405 -22.103596
v 3.620158 0.709195 -21.887074
v 3.782641 0.709195 -21.887074
v 3.782641 0.254577 -22.103516
v 3.620158 -0.709195 -21.887074
v 3.620158 -0.254405 -22.103596
v 3.782641 -0.254577 -22.103516
v 3.782641 -0.709195 -21.887074
v 4.757545 -0.276262 -21.454140
v 4.757545 -0.260211 -21.461781
v 4.920028 -0.092016 -21.269896
v 4.920028 0.092016 -21.269896
v 4.757545 0.260211 -21.461781
v 4.757545 0.276262 -21.454140
v 4.107609 -0.686585 -21.864462
v 4.107609 -0.256010 -22.069458
v 4.270093 -0.257196 -21.979115
v 4.270093 -0.625764 -21.803640
v 4.432577 0.258406 -21.831059
v 4.270093 0.257196 -21.979115
v 4.270093 0.625764 -21.803640
v 4.432577 0.525851 -21.703728
v 4.270093 -0.625764 -21.803640
v 4.270093 -0.257196 -21.979115
v 4.432577 -0.258406 -21.831059
v 4.432577 -0.525851 -21.703728
v 4.270093 0.257196 -21.979115
v 4.107609 0.256010 -22.069458
v 4.107609 0.686585 -21.864462
v 4.270093 0.625764 -21.803640
v 4.432577 -0.525851 -21.703728
v 4.432577 -0.258406 -21.831059
v 4.595061 -0.259438 -21.667423
v 4.595061 -0.415327 -21.593204
v 4.595061 -0.415327 -21.593204
v 4.595061 -0.259438 -21.667423
v 4.757545 -0.260211 -21.461781
v 4.757545 -0.276262 -21.454140
v 4.595061 0.259438 -21.667423
v 4.432577 0.258406 -21.831059
v 4.432577 0.525851 -21.703728
v 4.595061 0.415327 -21.593204
v 4.757545 0.260211 -21.461781
v 4.595061 0.259438 -21.667423
v 4.595061 0.415327 -21.593204
v 4.757545 0.276262 -21.454140
v 3.945125 -0.255107 -22.103262
v 3.945125 -0.709195 -21.887074
v 4.107609 0.256010 -22.069458
v 3.945125 0.255107 -22.103262
v 3.945125 0.709195 -21.887074
v 4.107609 0.686585 -21.864462
v 3.945125 -0.709195 -21.887074
v 3.945125 -0.255107 -22.103262
v 4.107609 -0.256010 -22.069458
v 4.107609 -0.686585 -21.864462
v 3.945125 0.709195 -21.887074
v 3.945125 0.255107 -22.103262
v -23.543251 -0.578848 -18.797091
v -23.543251 -0.578848 -18.797091
v -23.543251 -0.578848 -18.797091
v -23.543251 0.582721 -18.797091
v -23.543251 0.582721 -18.797091
v -23.543251 0.582721 -18.797091
v -23.543251 -0.578848 -19.958658
v -23.543251 -0.578848 -19.958658
v -23.543251 -0.578848 -19.958658
v -23.543251 0.582721 -19.958658
v -23.543251 0.582721 -19.958658
v -23.543251 0.582721 -19.958658
v 3.648487 -0.707259 -18.668678
v 3.648487 -0.707259 -18.668678
v 3.648487 -0.707259 -18.668678
v 3.648487 0.711132 -18.668678
v 3.648487 0.711132 -18.668678
v 3.648487 0.711132 -18.668678
v 3.648487 -0.707259 -20.087070
v 3.648487 -0.707259 -20.087070
v 3.648487 -0.707259 -20.087070
v 3.648487 0.711132 -20.087070
v 3.648487 0.711132 -20.087070
v 3.648487 0.711132 -20.087070
v -23.543251 -0.855357 -19.377874
v -23.543251 -0.855357 -19.377874
v -23.543251 -0.855357 -19.377874
v -23.543251 0.859231 -19.377874
v -23.543251 0.859231 -19.377874
v -23.543251 0.859231 -19.377874
v 3.648487 -1.044905 -19.377874
v 3.648487 -1.044905 -19.377874
v 3.648487 -1.044905 -19.377874
v 3.648487 1.048778 -19.377874
v 3.648487 1.048778 -19.377874
v 3.648487 1.048778 -19.377874
v -23.543251 0.001937 -18.520580
v -23.543251 0.001937 -18.520580
v -23.543251 0.001937 -18.520580
v -23.543251 0.001937 -20.235168
v -23.543251 0.001937 -20.235168
v -23.543251 0.001937 -20.235168
v 3.648485 0.001937 -20.321785
v 3.648485 0.001937 -20.321785
v 3.648485 0.001937 -20.321785
v 3.648487 0.001937 -18.331034
v 3.648487 0.001937 -18.331034
v 3.648487 0.001937 -18.331034
v -23.543251 -1.044905 -19.377874
v -23.543251 -1.044905 -19.377874
v -23.543251 -1.044905 -19.377874
v -23.543251 -0.707259 -18.668678
v -23.543251 -0.707259 -18.668678
v -23.543251 -0.707259 -18.668678
v -23.543251 0.001937 -18.331034
v -23.543251 0.001937 -18.331034
v -23.543251 0.001937 -18.331034
v -23.543251 0.711132 -18.668678
v -23.543251 0.711132 -18.668678
v -23.543251 0.711132 -18.668678
v -23.543251 1.048778 -19.377874
v -23.543251 1.048778 -19.377874
v -23.543251 1.048778 -19.377874
v -23.543251 0.711132 -20.087070
v -23.543251 0.711132 -20.087070
v -23.543251 0.711132 -20.087070
v -23.543251 0.001937 -20.321785
v -23.543251 0.001937 -20.321785
v -23.543251 0.001937 -20.321785
v -23.543251 -0.707259 -20.087070
v -23.543251 -0.707259 -20.087070
v -23.543251 -0.707259 -20.087070
v -21.025681 -0.855357 -19.377857
v -21.025681 -0.855357 -19.377857
v -21.025681 -0.855357 -19.377857
v -21.025681 -0.578848 -18.797073
v -21.025681 -0.578848 -18.797073
v -21.025681 -0.578848 -18.797073
v -21.025681 0.001937 -18.520565
v -21.025681 0.001937 -18.520565
v -21.025681 0.001937 -18.520565
v -21.025681 0.582721 -18.797073
v -21.025681 0.582721 -18.797073
v -21.025681 0.582721 -18.797073
v -21.025681 0.859231 -19.377857
v -21.025681 0.859231 -19.377857
v -21.025681 0.859231 -19.377857
v -21.025681 0.582721 -19.958643
v -21.025681 0.582721 -19.958643
v -21.025681 0.582721 -19.958643
v -21.025681 0.001937 -20.235151
v -21.025681 0.001937 -20.235151
v -21.025681 0.001937 -20.235151
v -21.025681 -0.578848 -19.958643
v -21.025681 -0.578848 -19.958643
v -21.025681 -0.578848 -19.958643
vn -0.0000 0.4299 -0.9029
vn -0.0000 0.3142 0.9494
vn -0.0000 -0.9029 0.4299
vn -0.0000 0.9029 0.4299
vn -0.0000 0.9029 -0.4299
vn -0.0000 -0.9029 -0.4299
vn 1.0000 -0.0000 -0.0000
vn -0.0000 -0.3142 0.9494
vn -1.0000 -0.0000 -0.0000
vn -0.0000 -0.4299 0.9029
vn -0.0000 0.4299 0.9029
vn -0.0000 -0.4299 -0.9029
vn -0.0000 -0.0000 -1.0000
vn -0.0002 -0.0000 -1.0000
vn -0.0000 -0.0000 1.0000
vn -0.0000 0.8738 -0.4864
vn -0.0000 0.8738 -0.4863
vn -0.0000 -1.0000 -0.0000
vn -0.0000 0.4565 0.8897
vn -0.0000 0.8738 0.4863
vn -0.0000 0.4565 -0.8897
vn -0.0000 -0.8738 0.4863
vn -0.0000 1.0000 -0.0000
vn -0.0000 -0.4565 -0.8897
vn -0.0000 -0.8738 -0.4863
vn -0.0000 -0.8738 -0.4864
vn -0.0000 -0.4565 0.8897
vn -0.5677 -0.8229 -0.0243
vn 0.7923 0.4056 0.4558
vn -0.1701 -0.0055 0.9854
vn 0.2438 -0.2038 -0.9482
vn 0.2404 -0.0425 -0.9697
vn -0.1594 -0.0444 0.9862
vn 0.8668 -0.0000 0.4987
vn 0.8668 -0.0000 0.4986
vn -0.9013 0.4314 -0.0386
vn -0.5677 0.8229 -0.0243
vn 0.2404 0.0425 -0.9697
vn -0.1594 0.0444 0.9862
vn 0.7923 -0.4056 0.4558
vn 0.7923 -0.4057 0.4558
vn -0.1701 0.0055 0.9854
vn 0.2438 0.2038 -0.9482
vn -0.9013 -0.4314 -0.0386
vn -0.3565 0.6656 -0.6556
vn -0.3565 0.6655 -0.6557
vn -0.2154 -0.2410 0.9463
vn -0.2334 0.0862 0.9685
vn 0.8753 0.4481 0.1819
vn -0.2334 -0.0862 0.9685
vn -0.3763 0.6158 -0.6922
vn -0.3763 0.6159 -0.6922
vn 0.9791 -0.0000 0.2035
vn -0.2154 0.2410 0.9463
vn 0.1309 -0.9914 0.0058
vn -0.6234 -0.6223 -0.4734
vn -0.5927 0.6440 -0.4837
vn -0.5927 -0.6440 -0.4837
vn -0.6234 0.6224 -0.4733
vn -0.3763 -0.6158 -0.6922
vn -0.3763 -0.6159 -0.6922
vn -0.3565 -0.6656 -0.6556
vn -0.3565 -0.6655 -0.6557
vn 0.8753 -0.4481 0.1819
vn 0.4531 0.0425 -0.8905
vn 0.4390 0.0303 -0.8980
vn 0.4390 -0.0305 -0.8980
vn 0.4531 -0.0424 -0.8905
vn -0.1602 -0.1486 0.9758
vn -0.1581 0.1322 0.9785
vn -0.1581 -0.1322 0.9785
vn -0.1602 0.1485 0.9758
vn 0.8138 -0.4166 -0.4051
vn 0.8952 -0.0000 -0.4456
vn 0.8138 0.4166 -0.4051
vn -0.1616 -0.0723 0.9842
vn -0.1589 0.0885 0.9833
vn -0.1589 -0.0888 0.9833
vn -0.1616 0.0723 0.9842
vn -0.1580 0.2222 0.9621
vn -0.1571 -0.1752 0.9719
vn -0.1571 0.1752 0.9719
vn -0.1580 -0.2222 0.9621
vn -0.2096 0.1541 -0.9656
vn -0.1932 -0.2986 -0.9346
vn -0.1932 0.2987 -0.9346
vn -0.2096 -0.1541 -0.9656
vn -0.2248 0.3259 0.9183
vn -0.2329 -0.1114 0.9661
vn -0.2329 0.1114 0.9661
vn -0.2248 -0.3259 0.9183
vn 0.2226 0.1940 -0.9554
vn 0.2465 0.1183 -0.9619
vn 0.2465 -0.1183 -0.9619
vn 0.2226 -0.1940 -0.9554
vn 0.1309 0.9914 0.0058
vn -0.5665 -0.8236 -0.0253
vn -0.1615 -0.0827 0.9834
vn 0.2331 -0.2492 -0.9400
vn 0.2420 -0.0540 -0.9688
vn -0.1620 -0.0000 0.9868
vn -0.8990 0.4365 -0.0357
vn -0.5665 0.8236 -0.0253
vn 0.2420 0.0540 -0.9688
vn -0.1615 0.0827 0.9834
vn 0.2331 0.2492 -0.9400
vn -0.8990 -0.4365 -0.0357
vn -0.2048 -0.2882 0.9354
vn -0.2155 0.2404 0.9464
vn -0.2155 -0.2404 0.9465
vn -0.2048 0.2882 0.9354
vn -0.5037 -0.7599 -0.4110
vn -0.5109 0.7450 -0.4289
vn -0.5109 -0.7450 -0.4289
vn -0.5037 0.7599 -0.4110
vn 0.4350 -0.1390 -0.8896
vn 0.4371 0.0605 -0.8974
vn 0.4371 -0.0605 -0.8974
vn 0.4350 0.1390 -0.8897
vn -0.1696 -0.0759 0.9826
vn -0.1614 0.0900 0.9828
vn -0.1614 -0.0899 0.9828
vn -0.1696 0.0759 0.9826
vn 0.9106 -0.0422 -0.4111
vn 0.8730 -0.1979 -0.4457
vn 0.8730 0.1979 -0.4457
vn 0.9106 0.0422 -0.4111
vn -0.1619 0.0452 0.9858
vn -0.1619 -0.0452 0.9858
vn -0.1680 0.1558 0.9734
vn -0.1606 -0.1342 0.9779
vn -0.1606 0.1343 0.9779
vn -0.1680 -0.1558 0.9734
vn -0.1950 0.2691 -0.9432
vn -0.1779 -0.4210 -0.8895
vn -0.1778 0.4213 -0.8893
vn -0.1950 -0.2692 -0.9431
vn -0.2399 0.2684 0.9330
vn -0.2369 -0.0875 0.9676
vn -0.2369 0.0875 0.9676
vn -0.2399 -0.2684 0.9330
vn 0.2250 0.1822 -0.9572
vn 0.2421 0.0418 -0.9693
vn 0.2421 -0.0418 -0.9693
vn 0.2250 -0.1821 -0.9572
vn -0.4582 0.4998 0.7351
vn -0.5791 -0.7421 -0.3374
vn -0.6842 0.7241 0.0865
vn -0.6673 -0.7104 0.2239
vn -0.6518 -0.7563 -0.0562
vn -0.6049 0.7491 -0.2699
vn -0.6439 0.6347 0.4272
vn -0.5228 -0.5835 0.6215
vn -0.5343 0.5645 0.6292
vn -0.4545 -0.5097 0.7305
vn -0.6276 -0.6509 0.4273
vn -0.6816 0.6975 0.2213
vn -0.6592 0.7496 -0.0602
vn -0.6730 -0.7341 0.0905
vn -0.6003 -0.7529 -0.2699
vn -0.5806 0.7410 -0.3375
vn -0.8645 -0.0000 -0.5026
vn -0.5283 -0.0000 0.8491
vn -0.9911 -0.0000 0.1333
vn -0.9481 -0.0000 0.3181
vn -0.9963 -0.0000 -0.0859
vn -0.9132 -0.0000 -0.4074
vn -0.8266 -0.0000 0.5628
vn -0.6437 -0.0000 0.7653
vn 0.5679 -0.6977 0.4366
vn 0.5679 0.6977 0.4366
vn 0.7090 -0.7052 0.0084
vn 0.7090 0.7052 0.0084
vn 0.6681 -0.7238 0.1727
vn 0.6681 0.7238 0.1727
vn 0.6929 -0.7087 0.1328
vn 0.6929 0.7087 0.1328
vn 0.6486 -0.6773 0.3474
vn 0.6486 0.6773 0.3474
vn 0.6979 -0.7121 0.0764
vn 0.6979 0.7121 0.0764
vn 0.7065 -0.7069 0.0333
vn 0.7065 0.7069 0.0333
vn 0.6484 -0.7221 0.2411
vn 0.6484 0.7221 0.2411
vn -0.3945 -0.0000 0.9189
vn 0.7928 -0.0000 0.6095
vn 0.2331 -0.0000 -0.9725
vn 0.2331 -0.0000 -0.9724
vn 0.8815 -0.0000 0.4721
vn 0.9999 -0.0000 0.0122
vn 0.9989 -0.0000 0.0475
vn 0.9681 -0.0000 0.2505
vn 0.9373 -0.0000 0.3485
vn 0.9821 -0.0000 0.1882
vn 0.9941 -0.0000 0.1088
vn -0.4545 0.5097 0.7305
vn -0.5806 -0.7410 -0.3375
vn -0.6730 0.7341 0.0905
vn -0.6816 -0.6975 0.2213
vn -0.6592 -0.7496 -0.0602
vn -0.6003 0.7529 -0.2699
vn -0.6276 0.6509 0.4273
vn -0.5343 -0.5645 0.6292
vn -0.5228 0.5835 0.6215
vn -0.4582 -0.4998 0.7351
vn -0.6439 -0.6347 0.4272
vn -0.6673 0.7104 0.2239
vn -0.6518 0.7563 -0.0562
vn -0.6843 -0.7241 0.0865
vn -0.6049 -0.7491 -0.2699
vn -0.5791 0.7421 -0.3374
vn 0.5676 -0.6981 0.4365
vn 0.5676 0.6981 0.4365
vn 0.7107 -0.7034 0.0086
vn 0.7107 0.7034 0.0086
vn 0.6691 -0.7227 0.1731
vn 0.6691 0.7227 0.1731
vn 0.6949 -0.7067 0.1329
vn 0.6949 0.7067 0.1329
vn 0.6496 -0.6761 0.3477
vn 0.6496 0.6761 0.3477
vn 0.6998 -0.7102 0.0763
vn 0.6998 0.7102 0.0763
vn 0.7084 -0.7050 0.0337
vn 0.7084 0.7050 0.0337
vn -0.2044 0.0583 0.9771
vn -0.2491 0.9541 0.1663
vn -0.5427 -0.2156 0.8118
vn -0.2331 0.1289 0.9639
vn -0.3829 -0.2138 0.8987
vn 0.2951 -0.2356 -0.9260
vn -0.3883 0.0664 0.9191
vn 0.2917 -0.2359 -0.9270
vn 0.2315 -0.2399 -0.9428
vn 0.2835 -0.2365 -0.9294
vn 0.2793 -0.2368 -0.9306
vn -0.4170 -0.2147 0.8832
vn 0.0930 -0.2455 -0.9649
vn 0.2387 0.1541 0.9588
vn -0.8671 -0.1865 0.4620
vn -0.7082 -0.2085 0.6746
vn -0.7082 -0.2085 0.6745
vn 0.2065 -0.9687 -0.1378
vn -0.8122 -0.1967 0.5492
vn 0.2064 0.9687 -0.1378
vn -0.8710 -0.1856 0.4549
vn -0.0632 -0.1925 0.9793
vn 0.3146 -0.9405 -0.1281
vn 0.2056 -0.9735 -0.1006
vn 0.1439 0.9735 -0.1779
vn 0.0138 -0.9962 -0.0855
vn -0.2850 -0.9583 0.0222
vn -0.1616 -0.9682 0.1911
vn -0.1957 0.9760 0.0958
vn -0.2942 0.9482 0.1198
vn -0.2883 -0.9465 0.1448
vn -0.0256 -0.2465 -0.9688
vn -0.2225 -0.2549 0.9410
vn -0.3815 -0.2808 -0.8807
vn -0.0391 -0.9950 0.0918
vn 0.0118 0.9959 -0.0898
vn -0.0316 0.9946 0.0991
vn -0.3832 -0.2138 0.8986
vn 0.2684 -0.2375 -0.9336
vn 0.1143 -0.9178 -0.3803
vn 0.2285 0.7069 -0.6694
vn 0.2125 0.7062 -0.6754
vn 0.2125 -0.7062 -0.6754
vn 0.1956 0.7064 -0.6803
vn 0.1956 -0.7064 -0.6803
vn 0.2064 0.7066 -0.6768
vn 0.2064 -0.7066 -0.6768
vn 0.2035 0.7062 -0.6782
vn 0.2035 -0.7062 -0.6782
vn 0.1747 0.8215 -0.5428
vn 0.1747 -0.8215 -0.5428
vn 0.0843 0.8625 -0.4989
vn 0.0059 -0.7867 -0.6173
vn -0.2757 0.8326 -0.4804
vn -0.3185 -0.7682 -0.5554
vn 0.0692 0.6920 -0.7186
vn 0.0689 -0.6921 -0.7185
vn 0.2951 0.2356 -0.9260
vn 0.2917 0.2359 -0.9270
vn 0.1516 -0.9796 -0.1320
vn -0.0415 0.3035 -0.9519
vn 0.2315 0.2399 -0.9428
vn 0.1423 0.9805 -0.1355
vn 0.2684 0.2375 -0.9336
vn 0.2835 0.2365 -0.9294
vn 0.2793 0.2368 -0.9306
vn -0.3750 0.2286 -0.8984
vn -0.2772 -0.9594 -0.0526
vn -0.0823 0.9940 0.0717
vn 0.0930 0.2455 -0.9649
vn 0.0152 -0.9932 -0.1153
vn 0.0118 0.9924 -0.1226
vn 0.0222 0.7520 -0.6588
vn 0.1786 -0.6625 -0.7274
vn -0.3236 0.6371 -0.6995
vn 0.0505 -0.6725 -0.7384
vn 0.2423 0.6533 -0.7173
vn 0.2266 0.6558 -0.7201
vn 0.2423 -0.6533 -0.7173
vn 0.2079 0.6586 -0.7232
vn 0.2266 -0.6558 -0.7201
vn 0.1786 0.6625 -0.7274
vn 0.2200 -0.6569 -0.7212
vn 0.2166 0.6574 -0.7218
vn 0.2079 -0.6586 -0.7232
vn 0.2166 -0.6574 -0.7218
vn 0.2200 0.6569 -0.7212
vn 0.0711 0.6717 -0.7374
vn 0.0711 0.6717 -0.7375
vn -0.3244 -0.7115 -0.6233
vn 0.0711 -0.6717 -0.7374
vn 0.0711 -0.6717 -0.7375
vn -0.3832 0.2138 0.8986
vn -0.2393 0.2068 0.9487
vn -0.0172 0.2330 0.9723
vn -0.8710 0.1856 0.4549
vn -0.8122 0.1967 0.5492
vn -0.7082 0.2085 0.6746
vn -0.8671 0.1865 0.4620
vn 0.2387 -0.1541 0.9588
vn -0.4170 0.2147 0.8832
vn -0.2212 0.2056 0.9533
vn -0.3829 0.2138 0.8987
vn -0.2036 -0.0942 0.9745
vn -0.5427 0.2156 0.8118
vn -0.2044 -0.0583 0.9771
vn -0.3565 0.4167 0.8362
vn -0.2564 0.4206 0.8703
vn -0.3565 -0.4167 0.8362
vn 0.0721 0.4021 0.9127
vn -0.2331 -0.5025 0.8326
vn 0.2236 0.3783 0.8983
vn 0.0388 -0.4863 0.8729
vn -0.7827 0.3274 0.5293
vn -0.8468 -0.2956 0.4423
vn -0.8468 0.2956 0.4423
vn -0.8424 -0.2981 0.4489
vn -0.6739 0.3656 0.6420
vn -0.6740 0.3656 0.6420
vn -0.7827 -0.3274 0.5293
vn -0.6740 -0.3656 0.6420
vn -0.5093 0.4006 0.7617
vn 0.2236 -0.3783 0.8983
vn -0.8424 0.2981 0.4489
vn -0.3563 0.4167 0.8363
vn -0.3886 -0.4144 0.8230
vn -0.3886 0.4144 0.8230
vn -0.5093 -0.4006 0.7617
vn -0.1856 0.4205 0.8881
vn -0.2051 -0.4208 0.8837
vn -0.2051 -0.4207 0.8837
vn -0.2051 0.4207 0.8837
vn -0.3563 -0.4167 0.8363
vn -0.1856 -0.4205 0.8881
vn -0.2194 0.3885 0.8949
vn -0.2194 -0.3885 0.8949
vn -0.4916 -0.0000 -0.8708
vn -0.9996 -0.0000 -0.0282
vn -0.8587 -0.0000 -0.5125
vn -0.0375 -0.0000 -0.9993
vn -0.6218 -0.0000 0.7832
vn 0.1795 0.1630 0.9702
vn 0.1795 -0.1630 0.9702
vn 0.1676 0.3883 0.9062
vn 0.1676 -0.3883 0.9062
vn -0.9966 -0.0000 -0.0826
vn 0.0767 -0.6714 -0.7371
vn 0.0767 0.6714 -0.7371
vn 0.0157 0.9884 -0.1512
vn 0.0163 -0.9921 -0.1240
vn 0.1003 0.2453 -0.9642
vn 0.0692 -0.6920 -0.7185
vn 0.0749 0.6902 -0.7198
vn -0.0427 0.9901 0.1339
vn 0.0145 0.9938 -0.1103
vn -0.0421 -0.9942 0.0987
vn 0.0145 -0.9958 -0.0899
vn 0.1003 -0.2453 -0.9642
vn 0.0925 -0.2455 -0.9650
vn 0.0264 -0.9928 -0.1166
vn -0.0593 -0.9885 0.1391
vn 0.0254 0.9927 -0.1179
vn -0.0462 0.9883 0.1451
vn 0.0689 0.6921 -0.7185
vn 0.0925 0.2455 -0.9650
vn 0.0350 -0.9861 -0.1622
vn 0.0174 0.9833 -0.1812
vn 0.0707 0.6717 -0.7375
vn 0.0707 -0.6717 -0.7375
vn 0.0748 -0.6915 -0.7185
vn -0.2362 -0.1285 0.9632
vn -0.2883 0.9465 0.1448
vn -0.2036 0.0942 0.9745
vn 0.2938 -0.2128 -0.9319
vn -0.2212 -0.2056 0.9533
vn 0.2834 -0.2365 -0.9294
vn 0.3146 0.9405 -0.1281
vn -0.0172 -0.2330 0.9723
vn 0.1439 -0.9735 -0.1779
vn 0.2056 0.9735 -0.1006
vn 0.0118 -0.9959 -0.0898
vn -0.1957 -0.9760 0.0958
vn -0.2942 -0.9482 0.1198
vn -0.2850 0.9583 0.0222
vn -0.1616 0.9682 0.1911
vn -0.2491 -0.9541 0.1663
vn -0.0415 -0.3035 -0.9519
vn -0.2393 -0.2068 0.9487
vn -0.3750 -0.2286 -0.8984
vn -0.0316 -0.9946 0.0991
vn 0.0138 0.9962 -0.0855
vn -0.0391 0.9950 0.0918
vn 0.2285 -0.7069 -0.6694
vn 0.1143 0.9178 -0.3803
vn 0.2124 0.7063 -0.6752
vn 0.2124 -0.7063 -0.6752
vn 0.1961 0.7054 -0.6812
vn 0.1961 -0.7054 -0.6812
vn 0.2066 0.7063 -0.6771
vn 0.2066 -0.7063 -0.6771
vn 0.2032 0.7067 -0.6777
vn 0.2032 -0.7067 -0.6777
vn 0.1692 0.7046 -0.6892
vn 0.1692 -0.7046 -0.6892
vn 0.0059 0.7867 -0.6173
vn 0.0843 -0.8625 -0.4989
vn -0.3185 0.7682 -0.5554
vn -0.2757 -0.8326 -0.4804
vn 0.0692 0.6920 -0.7185
vn 0.2938 0.2128 -0.9319
vn 0.1423 -0.9805 -0.1355
vn -0.0256 0.2465 -0.9688
vn 0.1516 0.9796 -0.1320
vn -0.3815 0.2808 -0.8807
vn -0.0824 -0.9940 0.0717
vn -0.2772 0.9594 -0.0526
vn 0.0118 -0.9924 -0.1226
vn 0.0152 0.9932 -0.1153
vn 0.0505 0.6725 -0.7384
vn -0.3244 0.7115 -0.6233
vn 0.0222 -0.7520 -0.6588
vn 0.2450 0.6135 -0.7507
vn 0.2450 -0.6135 -0.7507
vn -0.3236 -0.6371 -0.6995
vn -0.2225 0.2549 0.9410
vn -0.0632 0.1925 0.9793
vn -0.7082 0.2085 0.6745
vn -0.3883 -0.0664 0.9191
vn -0.2331 -0.1289 0.9639
vn -0.2362 0.1285 0.9632
vn -0.2331 0.5025 0.8326
vn 0.0388 0.4863 0.8729
vn -0.2564 -0.4206 0.8703
vn 0.0721 -0.4021 0.9127
vn -0.3564 0.4167 0.8363
vn -0.2051 0.4208 0.8837
vn -0.2116 0.4208 0.8821
vn -0.2116 -0.4208 0.8821
vn 0.0163 0.9921 -0.1240
vn 0.0157 -0.9884 -0.1512
vn 0.0692 -0.6920 -0.7186
vn 0.0748 0.6915 -0.7185
vn -0.0421 0.9942 0.0987
vn 0.0145 0.9958 -0.0899
vn -0.0427 -0.9901 0.1339
vn 0.0145 -0.9938 -0.1103
vn 0.0254 -0.9927 -0.1179
vn -0.0462 -0.9883 0.1451
vn 0.0264 0.9928 -0.1166
vn -0.0593 0.9885 0.1391
vn 0.0174 -0.9833 -0.1812
vn 0.0350 0.9861 -0.1622
vn 0.0749 -0.6902 -0.7198
vn 0.0958 -0.2210 -0.9706
vn -0.1953 -0.2038 0.9593
vn 0.0091 -0.9963 -0.0858
vn -0.0157 -0.9969 0.0772
vn -0.0047 0.9987 -0.0503
vn -0.0069 0.9954 0.0955
vn 0.0674 0.7265 -0.6838
vn 0.0674 -0.7265 -0.6838
vn 0.0977 0.2454 -0.9645
vn -0.0110 -0.9931 -0.1168
vn 0.0353 0.9331 -0.3580
vn 0.0728 0.6716 -0.7374
vn 0.0715 -0.6479 -0.7584
vn -0.1953 0.2038 0.9593
vn -0.1810 -0.4204 0.8891
vn -0.1810 0.4204 0.8891
vn 0.9692 -0.0000 0.2463
vn 0.8560 -0.0000 0.5170
vn 0.9972 -0.0000 0.0742
vn 0.9975 -0.0000 0.0703
vn 0.9981 -0.0000 0.0615
vn 0.9872 -0.0000 0.1596
vn 0.9995 -0.0000 0.0327
vn 0.9995 -0.0000 0.0326
vn 0.9919 -0.0000 -0.1269
vn 0.7323 -0.0000 -0.6810
vn 0.0977 -0.2454 -0.9645
vn -0.0047 -0.9987 -0.0503
vn -0.0069 -0.9954 0.0955
vn 0.0091 0.9963 -0.0858
vn -0.0157 0.9969 0.0772
vn 0.0678 0.6921 -0.7186
vn 0.0678 -0.6921 -0.7186
vn 0.0958 0.2210 -0.9706
vn 0.0353 -0.9331 -0.3580
vn -0.0110 0.9931 -0.1168
vn 0.0715 0.6479 -0.7584
vn 0.0728 -0.6716 -0.7374
vn -0.5755 0.2951 -0.7627
vn -0.8518 -0.2992 -0.4300
vn 0.8373 -0.3287 0.4369
vn 0.8373 0.3287 0.4369
vn -0.7401 0.2989 -0.6025
vn -0.5759 -0.2940 -0.7629
vn 0.2344 -0.3088 0.9218
vn 0.2344 0.3088 0.9218
vn -0.7406 -0.2952 -0.6036
vn 0.7323 -0.3285 0.5965
vn 0.7323 0.3285 0.5965
vn -0.8483 0.3136 -0.4267
vn 0.5810 -0.3448 0.7373
vn -0.5844 -0.3331 -0.7399
vn -0.5844 0.3331 -0.7399
vn 0.5810 0.3448 0.7373
vn -0.0782 0.4116 -0.9080
vn 0.1466 0.4133 0.8987
vn 0.0812 -0.4104 0.9083
vn -0.1498 -0.4148 -0.8975
vn -0.1689 0.3167 -0.9334
vn 0.0717 0.4701 0.8797
vn 0.1619 -0.3301 0.9300
vn -0.0653 -0.4872 -0.8708
vn 0.1218 0.4889 -0.8638
vn -0.1275 0.5141 0.8482
vn -0.1286 -0.4719 0.8722
vn 0.1203 -0.5509 -0.8259
vn -0.3387 0.5187 0.7850
vn -0.3379 -0.5242 0.7817
vn 0.3235 -0.5561 -0.7656
vn 0.3183 0.5904 -0.7417
vn 0.4617 0.5937 -0.6591
vn -0.5338 0.4787 0.6971
vn -0.5118 -0.5263 0.6790
vn 0.4622 -0.5928 -0.6595
vn -0.7679 0.5254 0.3665
vn -0.8185 -0.4366 0.3734
vn 0.6919 -0.6494 -0.3156
vn 0.7146 0.6224 -0.3193
vn -0.9100 0.4116 0.0488
vn -0.9578 -0.2850 0.0366
vn 0.8054 -0.5921 -0.0285
vn 0.8359 0.5485 -0.0215
vn 0.7360 0.5705 0.3645
vn -0.8644 0.2581 -0.4315
vn -0.8550 -0.3017 -0.4218
vn 0.7413 -0.5608 0.3687
vn -0.6601 0.2593 -0.7050
vn -0.6609 -0.2565 -0.7053
vn 0.3976 -0.5319 0.7477
vn 0.3988 0.5288 0.7492
vn -0.6198 -0.0000 -0.7848
vn -0.8927 -0.0000 -0.4507
vn -0.6024 -0.0000 -0.7982
vn 0.3817 -0.0000 -0.9243
vn 0.6189 -0.0000 0.7855
vn 0.8867 -0.0000 0.4624
vn 0.2464 -0.0000 0.9692
vn -0.7751 -0.0000 -0.6318
vn 0.7753 -0.0000 0.6316
vn -0.1647 -0.0000 -0.9863
vn 0.1715 -0.0000 0.9852
vn 0.1441 -0.0000 -0.9896
vn -0.0748 -0.0000 -0.9972
vn -0.1458 -0.0000 0.9893
vn 0.0891 -0.0000 0.9960
vn 0.3944 -0.0000 -0.9190
vn -0.3961 -0.0000 0.9182
vn 0.5737 -0.0000 -0.8190
vn -0.6079 -0.0000 0.7940
vn 0.9098 -0.0000 -0.4150
vn -0.9098 -0.0000 0.4150
vn 0.9994 -0.0000 -0.0354
vn -0.9993 -0.0000 0.0382
vn 0.8961 -0.0000 0.4438
vn -0.8947 -0.0000 -0.4466
vn 0.4699 -0.0000 0.8827
vn -0.6835 -0.0000 -0.7299
vn 0.2503 -0.0000 -0.9682
vn -0.5759 0.2940 -0.7629
vn -0.8483 -0.3136 -0.4267
vn 0.8368 -0.3307 0.4364
vn 0.8368 0.3307 0.4364
vn -0.7406 0.2952 -0.6036
vn -0.5755 -0.2951 -0.7627
vn 0.2370 -0.2910 0.9269
vn 0.2370 0.2910 0.9269
vn -0.7401 -0.2989 -0.6025
vn 0.7324 -0.3280 0.5966
vn 0.7324 0.3280 0.5967
vn -0.8518 0.2992 -0.4300
vn 0.5800 -0.3478 0.7366
vn -0.5858 -0.3287 -0.7408
vn -0.5858 0.3287 -0.7408
vn 0.5800 0.3478 0.7366
vn -0.0653 0.4872 -0.8708
vn 0.1619 0.3301 0.9300
vn 0.0717 -0.4701 0.8797
vn -0.1689 -0.3167 -0.9334
vn -0.1498 0.4148 -0.8975
vn 0.0812 0.4104 0.9083
vn 0.1466 -0.4133 0.8987
vn -0.0782 -0.4116 -0.9080
vn 0.1203 0.5508 -0.8259
vn -0.1286 0.4719 0.8722
vn -0.1275 -0.5141 0.8482
vn 0.1218 -0.4889 -0.8638
vn -0.3379 0.5242 0.7817
vn -0.3387 -0.5187 0.7850
vn 0.3183 -0.5904 -0.7417
vn 0.3235 0.5561 -0.7656
vn 0.4622 0.5928 -0.6595
vn -0.5118 0.5263 0.6790
vn -0.5338 -0.4787 0.6971
vn 0.4617 -0.5937 -0.6591
vn -0.8185 0.4366 0.3734
vn -0.7679 -0.5254 0.3665
vn 0.7146 -0.6224 -0.3194
vn 0.6919 0.6494 -0.3156
vn -0.9578 0.2850 0.0366
vn -0.9100 -0.4116 0.0488
vn 0.8359 -0.5485 -0.0215
vn 0.8054 0.5921 -0.0285
vn 0.7413 0.5608 0.3687
vn -0.8550 0.3017 -0.4218
vn -0.8644 -0.2580 -0.4315
vn 0.7360 -0.5705 0.3645
vn -0.6609 0.2565 -0.7053
vn -0.6602 -0.2592 -0.7050
vn 0.3988 -0.5288 0.7492
vn 0.3976 0.5319 0.7477
vn 0.2504 -0.0000 -0.9682
vn -0.0000 0.4626 0.8866
vn -0.0000 -0.5752 0.8180
vn -0.0000 -0.4626 0.8866
vn -0.0000 0.3021 -0.9533
vn -0.0000 -0.3083 -0.9513
vn -0.0000 -0.3082 -0.9513
vn -0.0000 0.5710 0.8210
vn -0.0000 0.0001 1.0000
vn -1.0000 -0.0000 -0.0001
vn -0.0000 0.3022 -0.9533
vn 0.3606 -0.0000 0.9327
vn 0.0297 -0.0000 0.9996
vn -1.0000 -0.0000 -0.0050
vn 0.9924 -0.0000 -0.1230
vn 0.3112 -0.0000 -0.9503
vn 0.9531 -0.0000 0.3027
vn -0.0772 0.3172 0.9452
vn 0.9965 -0.0000 -0.0833
vn -0.0772 -0.3172 0.9452
vn 0.0078 -0.0000 -1.0000
vn -0.0050 -0.0000 1.0000
vn 1.0000 -0.0000 0.0050
vn 0.0050 -0.0000 -1.0000
vn 0.0274 0.8587 0.5118
vn 0.0274 -0.8587 0.5118
vn -0.9999 -0.0000 -0.0140
vn 0.0117 -0.9991 -0.0411
vn 0.9956 -0.0882 0.0313
vn 0.0141 0.9999 -0.0029
vn -0.0428 0.4240 0.9046
vn 0.2764 -0.0087 -0.9610
vn 0.0001 1.0000 -0.0011
vn 0.8587 -0.0000 0.5125
vn 0.0005 -1.0000 0.0001
vn -0.4756 0.0870 0.8753
vn 0.8419 0.0096 0.5395
vn 0.0609 -0.0418 -0.9973
vn -0.0479 -0.3527 0.9345
vn 0.9987 0.0056 0.0514
vn -0.9999 -0.0000 -0.0136
vn 0.8507 -0.0170 0.5253
vn 0.0673 0.2964 -0.9527
vn -0.0460 0.3523 0.9347
vn 0.9986 -0.0058 0.0534
vn 0.9956 0.0882 0.0313
vn -0.0428 -0.4240 0.9046
vn 0.2764 0.0087 -0.9610
vn -0.1654 -0.7768 0.6077
vn -1.0000 -0.0000 -0.0026
vn 0.9942 0.1024 0.0332
vn 0.9994 -0.0024 0.0350
vn 0.9994 0.0023 0.0341
vn 0.0034 1.0000 -0.0026
vn 0.9942 -0.1024 0.0332
vn 0.0053 -0.9997 -0.0234
vn 0.0053 -0.0000 -1.0000
vn 0.9952 0.0971 0.0108
vn 0.9999 -0.0010 0.0113
vn 0.9999 0.0010 0.0112
vn -0.0002 0.9993 0.0369
vn 0.9952 -0.0971 0.0108
vn 0.0047 -1.0000 -0.0042
vn -0.9531 -0.0000 -0.3027
vn 0.0020 -0.9997 -0.0235
vn 0.9926 -0.1170 0.0329
vn 0.0009 1.0000 0.0003
vn 0.9994 0.0008 0.0341
vn 0.9994 -0.0008 0.0350
vn 0.9926 0.1170 0.0329
vn -0.3606 -0.0000 -0.9327
vn 0.0034 -0.9998 -0.0200
vn 0.9934 -0.1098 0.0331
vn 0.0015 1.0000 0.0040
vn 0.9994 0.0016 0.0341
vn 0.9994 -0.0016 0.0350
vn 0.9934 0.1098 0.0331
vn -0.9930 -0.0052 0.1183
vn 0.9918 0.1238 0.0328
vn 0.9994 -0.0000 0.0344
vn -0.9914 -0.0093 0.1306
vn -0.9937 0.0163 0.1110
vn 0.9994 -0.0000 0.0341
vn 0.0001 1.0000 -0.0030
vn 0.9918 -0.1238 0.0328
vn 0.0008 -0.9997 -0.0235
vn -0.9914 0.0093 0.1306
vn 0.0006 -0.9998 -0.0180
vn 0.0007 0.9998 -0.0206
vn 0.0032 0.9999 -0.0169
vn 0.0018 -1.0000 0.0005
vn 0.0017 0.9999 -0.0165
vn 0.0010 -1.0000 -0.0021
vn 0.0010 -0.9996 0.0272
vn 0.0043 1.0000 -0.0015
vn 0.0047 -0.9998 -0.0172
vn 0.0050 0.9998 -0.0201
vn 0.5394 -0.4729 -0.6967
vn -0.0486 0.1576 0.9863
vn 0.7256 0.1439 -0.6729
vn -0.0484 -0.3289 0.9431
vn 0.8669 0.4905 -0.0883
vn -0.0000 1.0000 -0.0006
vn 0.5394 0.4729 -0.6967
vn 0.0123 0.9995 -0.0282
vn 0.0126 -0.9997 -0.0216
vn 0.0117 0.9991 -0.0411
vn 0.7459 0.4379 -0.5018
vn 0.4577 -0.2025 -0.8657
vn 0.7170 0.1588 -0.6787
vn 0.7459 -0.4379 -0.5018
vn 0.0053 0.9997 -0.0234
vn 0.0047 1.0000 -0.0042
vn 0.0020 0.9997 -0.0235
vn 0.0034 0.9998 -0.0200
vn 0.0008 0.9997 -0.0235
vn 0.0007 -0.9998 -0.0206
vn 0.0032 -0.9999 -0.0169
vn 0.0017 -0.9999 -0.0165
vn 0.0043 -1.0000 -0.0015
vn 0.0050 -0.9998 -0.0201
vn 0.5170 -0.8166 0.2567
vn 0.0568 0.1596 0.9856
vn -0.0480 -0.3498 0.9356
vn 0.5170 0.8166 0.2567
vn 0.0123 -0.9995 -0.0282
vn 0.0568 -0.1596 0.9855
vn 0.7170 -0.1588 -0.6787
vn 0.7256 -0.1439 -0.6729
vn -0.0486 -0.1576 0.9863
vn -0.9934 -0.0167 0.1137
vn 0.9994 0.0016 0.0350
vn 0.9994 0.0008 0.0350
vn 0.9999 0.0010 0.0113
vn 0.9994 0.0024 0.0350
vn -0.5454 -0.0862 0.8337
vn 0.9986 0.0058 0.0534
vn -0.0460 -0.3524 0.9347
vn 0.0673 -0.2964 -0.9527
vn 0.8507 0.0170 0.5253
vn -0.0470 0.3495 0.9357
vn 0.7078 0.1609 -0.6878
vn 0.5998 -0.7983 -0.0546
vn -0.0474 0.3288 0.9432
vn -0.9930 0.0052 0.1183
vn 0.9994 -0.0016 0.0344
vn 0.9994 -0.0008 0.0344
vn 0.9994 -0.0024 0.0344
vn 0.9986 -0.0056 0.0521
vn -0.0470 0.3525 0.9346
vn 0.0735 0.0417 -0.9964
vn 0.8433 -0.0108 0.5373
vn -0.2605 0.1434 0.9548
vn 0.1841 -0.0614 -0.9810
vn -0.0465 0.3236 0.9451
vn 0.1592 -0.4485 -0.8795
vn -0.0283 -0.8003 0.5990
vn 0.0141 -0.9999 -0.0029
vn -0.0360 -0.0453 0.9983
vn -0.0467 0.1549 0.9868
vn 0.0034 -1.0000 -0.0026
vn -0.0002 -0.9993 0.0369
vn 0.0009 -1.0000 0.0003
vn 0.0015 -1.0000 0.0040
vn 0.0001 -1.0000 -0.0030
vn 0.0006 0.9998 -0.0180
vn 0.0018 1.0000 0.0005
vn 0.0010 1.0000 -0.0021
vn 0.0010 0.9996 0.0272
vn 0.0047 0.9998 -0.0172
vn 0.1783 -0.4983 -0.8485
vn 0.1592 0.4485 -0.8795
vn 0.1917 -0.0756 -0.9785
vn -0.0000 1.0000 -0.0007
vn 0.1783 0.4983 -0.8485
vn 0.0126 0.9997 -0.0216
vn -0.0498 0.1306 0.9902
vn 0.1917 0.0756 -0.9785
vn 0.8419 -0.0096 0.5395
vn 0.0609 0.0418 -0.9973
vn -0.0479 0.3527 0.9345
vn 0.9987 -0.0056 0.0514
vn 0.9994 -0.0023 0.0341
vn 0.9999 -0.0010 0.0112
vn 0.9994 -0.0008 0.0341
vn 0.9994 -0.0016 0.0341
vn -0.0484 0.3288 0.9432
vn 0.8669 -0.4905 -0.0883
vn 0.4577 0.2025 -0.8657
vn -0.0480 0.3497 0.9356
vn -0.9934 0.0167 0.1137
vn -0.4528 0.2645 0.8515
vn 0.1841 0.0614 -0.9810
vn 0.0244 -0.1179 0.9927
vn -0.4996 -0.0288 0.8658
vn -0.9937 -0.0163 0.1110
vn -0.0470 -0.3496 0.9357
vn 0.7078 -0.1609 -0.6878
vn 0.5998 0.7983 -0.0546
vn -0.0474 -0.3289 0.9432
vn 0.9994 0.0016 0.0344
vn 0.9994 0.0008 0.0344
vn 0.9994 0.0024 0.0344
vn 0.9986 0.0056 0.0521
vn -0.0470 -0.3526 0.9346
vn 0.0735 -0.0417 -0.9964
vn 0.8433 0.0108 0.5373
vn -0.9999 -0.0016 -0.0136
vn 0.0719 -0.9971 -0.0262
vn 0.9976 -0.0457 0.0523
vn 0.0356 0.9994 0.0005
vn -0.0540 0.4121 0.9095
vn 0.0612 0.1201 -0.9909
vn -0.0000 1.0000 -0.0013
vn 0.9648 -0.0000 0.2631
vn 0.0002 -1.0000 -0.0006
vn -0.4867 0.1272 0.8642
vn 0.8440 -0.0000 0.5364
vn 0.0484 -0.0000 -0.9988
vn -0.0469 -0.3556 0.9335
vn 0.9986 0.0119 0.0508
vn -0.9999 0.0016 -0.0136
vn -0.0002 1.0000 -0.0006
vn 0.8469 -0.0000 0.5318
vn 0.2762 -0.0000 -0.9611
vn -0.0441 0.3549 0.9338
vn 0.9986 -0.0122 0.0520
vn 0.9976 0.0457 0.0523
vn -0.0540 -0.4121 0.9095
vn 0.0612 -0.1201 -0.9909
vn -0.4767 -0.0386 0.8782
vn 0.9952 0.0963 0.0180
vn 0.9994 -0.0031 0.0344
vn 0.9994 0.0031 0.0338
vn 0.0042 1.0000 -0.0000
vn 0.9952 -0.0963 0.0180
vn 0.0065 -0.9998 -0.0201
vn 0.9961 0.0886 0.0050
vn 0.9999 -0.0012 0.0113
vn 0.9999 0.0012 0.0112
vn 0.0056 0.9781 0.2081
vn 0.9961 -0.0886 0.0050
vn 0.0133 -0.9999 -0.0065
vn 0.0034 -0.9998 -0.0196
vn 0.9932 -0.1146 0.0183
vn 0.0020 1.0000 -0.0018
vn 0.9994 0.0016 0.0338
vn 0.9932 0.1146 0.0183
vn 0.9942 -0.1057 0.0182
vn 0.0029 1.0000 0.0028
vn 0.9994 0.0023 0.0338
vn 0.9942 0.1057 0.0182
vn -0.9932 -0.0000 0.1166
vn 0.9922 0.1230 0.0185
vn -0.9933 -0.0000 0.1159
vn -0.9935 -0.0000 0.1137
vn 0.9994 0.0008 0.0338
vn 0.0009 1.0000 -0.0001
vn 0.9922 -0.1230 0.0185
vn 0.0019 -0.9998 -0.0207
vn 0.0011 -1.0000 -0.0032
vn 0.0017 0.9998 -0.0180
vn 0.0050 0.9998 -0.0196
vn 0.0046 -0.9999 -0.0161
vn 0.0034 0.9998 -0.0196
vn 0.0031 -0.9999 -0.0163
vn 0.0141 -0.9998 0.0101
vn 0.0137 0.9999 0.0006
vn 0.0045 -1.0000 -0.0026
vn 0.0062 0.9998 -0.0171
vn 0.6109 -0.5435 -0.5757
vn -0.0465 0.1683 0.9846
vn 0.7794 0.6205 -0.0864
vn 0.8640 0.4952 -0.0913
vn 0.6109 0.5435 -0.5757
vn 0.0338 0.9991 -0.0239
vn 0.0369 -0.9993 -0.0030
vn 0.0719 0.9971 -0.0262
vn 0.6538 0.4250 -0.6261
vn 0.3960 0.0364 -0.9175
vn 0.7094 0.1474 -0.6892
vn 0.6538 -0.4250 -0.6261
vn 0.0065 0.9998 -0.0201
vn 0.0133 0.9999 -0.0066
vn 0.0019 0.9998 -0.0207
vn 0.0017 -0.9998 -0.0180
vn 0.0050 -0.9998 -0.0196
vn 0.0137 -0.9999 0.0006
vn 0.0062 -0.9998 -0.0171
vn -0.0536 -0.4261 0.9031
vn -0.0536 0.4261 0.9031
vn 0.0338 -0.9991 -0.0239
vn 0.7094 -0.1474 -0.6892
vn 0.7794 -0.6205 -0.0864
vn -0.0465 -0.1683 0.9846
vn 0.9999 0.0012 0.0113
vn 0.9994 0.0031 0.0344
vn -0.5586 -0.1208 0.8206
vn 0.9986 0.0122 0.0520
vn -0.0441 -0.3550 0.9338
vn 0.4287 -0.4064 -0.8069
vn 0.5956 -0.8012 -0.0585
vn -0.0461 0.3494 0.9358
vn 0.9999 -0.0012 0.0112
vn 0.9994 -0.0031 0.0341
vn 0.9986 -0.0120 0.0514
vn -0.0460 0.3553 0.9336
vn 0.0612 -0.0000 -0.9981
vn -0.4255 0.0397 0.9041
vn 0.1923 0.0411 -0.9805
vn 0.2013 -0.3112 -0.9288
vn 0.0498 -0.1583 0.9861
vn 0.0356 -0.9994 0.0005
vn -0.0808 -0.3278 0.9413
vn 0.0042 -1.0000 -0.0000
vn 0.0056 -0.9781 0.2081
vn 0.0020 -1.0000 -0.0018
vn 0.0029 -1.0000 0.0028
vn 0.0009 -1.0000 -0.0001
vn 0.0011 1.0000 -0.0032
vn 0.0046 0.9999 -0.0161
vn 0.0031 0.9999 -0.0163
vn 0.0141 0.9998 0.0101
vn 0.0045 1.0000 -0.0026
vn 0.4090 -0.0022 -0.9126
vn 0.2013 0.3112 -0.9288
vn 0.1890 -0.0411 -0.9811
vn -0.0000 1.0000 -0.0011
vn 0.4090 0.0022 -0.9126
vn 0.0369 0.9993 -0.0030
vn -0.0808 0.3277 0.9413
vn 0.1890 0.0411 -0.9811
vn -0.0469 0.3555 0.9335
vn 0.9986 -0.0119 0.0508
vn 0.9994 -0.0031 0.0338
vn 0.9994 -0.0016 0.0338
vn 0.9994 -0.0023 0.0338
vn 0.9994 -0.0008 0.0338
vn -0.0470 0.3496 0.9357
vn 0.8640 -0.4952 -0.0913
vn 0.3960 -0.0364 -0.9175
vn 0.1923 -0.0411 -0.9805
vn 0.0561 -0.3301 0.9423
vn -0.4735 -0.1283 0.8714
vn 0.4287 0.4064 -0.8069
vn 0.5956 0.8012 -0.0585
vn -0.0461 -0.3495 0.9358
vn 0.9994 0.0031 0.0341
vn 0.9986 0.0120 0.0514
vn -0.0460 -0.3554 0.9336
vn -0.6823 -0.0000 -0.7311
vn 0.9979 -0.0000 -0.0645
vn -0.0001 0.9820 -0.1887
vn 0.2700 -0.0000 0.9629
vn -0.0413 -0.0000 -0.9991
vn -0.0016 0.9995 0.0316
vn 0.9923 -0.0000 0.1242
vn -0.0075 -0.9905 0.1376
vn -0.9962 -0.0000 -0.0872
vn -0.0006 0.9999 0.0149
vn -0.0015 -0.9950 0.1003
vn -0.8900 -0.0000 -0.4559
vn -0.9876 -0.0000 0.1569
vn -0.0188 -0.9317 0.3628
vn -0.0110 0.9713 0.2378
vn -0.0230 0.7648 0.6439
vn 0.9970 -0.0000 -0.0774
vn 0.1579 -0.8112 0.5631
vn -0.8254 -0.0000 0.5645
vn 0.0468 -0.8140 0.5790
vn 0.1579 0.8112 0.5631
vn -0.0188 0.9317 0.3628
vn -0.0167 -0.9323 0.3613
vn 0.0387 -0.9959 0.0812
vn -0.0015 0.9950 0.1003
vn -0.0290 -0.9884 0.1489
vn -0.0075 0.9905 0.1376
vn 0.0917 -0.0000 -0.9958
vn 0.0806 -0.0000 0.9967
vn -0.0290 -0.9996 0.0010
vn -0.0210 -0.9959 0.0881
vn -0.0357 -0.0000 0.9994
vn 0.1068 -0.9597 0.2598
vn -0.0109 -0.9998 -0.0141
vn 0.1609 -0.9371 0.3097
vn -0.0176 -0.8710 0.4911
vn 0.0468 0.8140 0.5790
vn -0.0167 0.9323 0.3613
vn 0.0387 0.9959 0.0812
vn -0.0290 0.9884 0.1489
vn 0.1201 -0.0000 -0.9928
vn -0.0290 0.9996 0.0010
vn -0.0230 -0.7648 0.6439
vn -0.0110 -0.9713 0.2378
vn -0.0006 -0.9999 0.0149
vn -0.0016 -0.9995 0.0316
vn -0.0001 -0.9820 -0.1887
vn -0.0176 0.8710 0.4911
vn 0.1609 0.9371 0.3097
vn -0.0109 0.9998 -0.0141
vn 0.1068 0.9597 0.2598
vn 0.3753 -0.0000 -0.9269
vn -0.0210 0.9959 0.0881
vn -0.0039 0.9955 -0.0943
vn -0.0016 0.9992 0.0407
vn -0.0021 -0.9891 0.1475
vn -0.0000 0.9996 0.0279
vn -0.0108 -0.9962 0.0862
vn -0.0198 -0.9322 0.3614
vn -0.0110 0.9758 0.2185
vn -0.0260 0.8266 0.5622
vn -0.0455 -0.4776 0.8774
vn -0.0228 -0.8705 0.4916
vn -0.0455 0.4776 0.8774
vn -0.0198 0.9322 0.3614
vn -0.0367 -0.9441 0.3277
vn -0.0270 -0.9996 -0.0122
vn -0.0108 0.9962 0.0862
vn 0.0266 -0.9639 0.2650
vn -0.0021 0.9891 0.1475
vn 0.0499 -0.9949 0.0880
vn -0.1108 -0.9891 -0.0972
vn -0.0173 -0.9993 0.0323
vn 0.0114 -0.9999 0.0115
vn 0.1095 -0.9678 0.2267
vn 0.1158 -0.7735 0.6232
vn -0.0228 0.8705 0.4916
vn -0.0367 0.9441 0.3277
vn -0.0270 0.9996 -0.0122
vn 0.0266 0.9639 0.2650
vn 0.0499 0.9949 0.0880
vn -0.0260 -0.8266 0.5622
vn -0.0110 -0.9758 0.2185
vn -0.0000 -0.9996 0.0279
vn -0.0016 -0.9992 0.0407
vn -0.0039 -0.9955 -0.0943
vn 0.1158 0.7735 0.6232
vn 0.1095 0.9678 0.2267
vn 0.0114 0.9999 0.0115
vn -0.0173 0.9993 0.0323
vn -0.1108 0.9891 -0.0972
vn 0.2268 -0.0000 -0.9739
vn -0.0835 -0.0000 0.9965
vn -0.1111 -0.0000 0.9938
vn -0.1104 -0.0000 0.9939
vn -0.1108 -0.0000 0.9938
vn -0.1112 -0.0000 0.9938
vn -0.1132 -0.0000 0.9936
vn 0.1112 -0.0000 0.9938
vn 0.1108 -0.0000 0.9938
vn 0.1104 -0.0000 0.9939
vn 0.1111 -0.0000 0.9938
vn 0.1126 -0.0000 0.9936
vn 0.8340 -0.2372 0.4982
vn 0.8340 0.4982 0.2372
vn 0.8340 0.4982 -0.2372
vn 0.4464 0.3847 0.8079
vn 0.6339 -0.6983 0.3325
vn 0.6339 0.6983 -0.3325
vn 0.6339 -0.3325 0.6983
vn 0.6339 -0.6983 -0.3325
vn 0.4464 -0.3847 0.8079
vn 0.7519 -0.5952 -0.2834
vn 0.7520 -0.5952 -0.2834
vn 0.7520 0.5952 0.2834
vn 0.7519 0.5952 0.2834
vn 0.8340 0.2372 0.4982
vn 0.6716 0.3185 0.6689
vn 0.6716 -0.3185 0.6689
vn 0.6716 0.6689 0.3185
vn 0.8340 -0.4982 0.2372
vn 0.8340 -0.4982 -0.2372
vn 0.7519 0.2834 0.5952
vn 0.7520 0.2834 0.5952
vn 0.7520 0.5952 -0.2834
vn 0.7519 0.5952 -0.2834
vn 0.7519 -0.2834 0.5952
vn 0.6339 0.6983 0.3325
vn 0.6716 -0.6689 -0.3185
vn 0.6339 0.3325 0.6983
vn 0.6716 -0.6689 0.3185
vn 0.7519 -0.5952 0.2834
vn 0.7520 -0.5952 0.2834
vn 0.6716 0.6689 -0.3185
vn 0.4464 0.8079 0.3847
vn 0.1823 0.8878 -0.4227
vn 0.1824 0.8878 -0.4227
vn 0.1824 -0.8878 -0.4227
vn 0.1823 -0.8878 -0.4227
vn 0.4464 -0.8079 -0.3847
vn 0.4464 0.8079 -0.3847
vn 0.4464 -0.8079 0.3847
vn 0.1824 -0.8878 0.4227
vn 0.1823 -0.8878 0.4227
vn 0.1823 0.4227 0.8878
vn 0.1824 0.4227 0.8878
vn 0.1823 0.8878 0.4227
vn 0.1824 0.8878 0.4227
vn 0.1824 -0.4227 0.8878
vn 0.1823 -0.4227 0.8878
vn 0.7632 -0.0000 -0.6462
vn 0.4859 -0.0000 -0.8740
vn 0.7096 -0.0000 -0.7046
vn 0.7846 -0.0000 -0.6200
vn 0.6735 -0.0000 -0.7392
vn 0.0016 -0.0000 -1.0000
vn 0.2037 -0.0000 -0.9790
vn 0.0005 -0.0000 -1.0000
vn 0.8340 -0.2374 -0.4981
vn 0.8340 0.2374 -0.4981
vn 0.4464 -0.3847 -0.8079
vn 0.4464 -0.3846 -0.8079
vn 0.6339 0.3325 -0.6983
vn 0.6339 -0.3325 -0.6983
vn 0.4464 0.3847 -0.8079
vn 0.4464 0.3846 -0.8079
vn 0.6716 -0.3185 -0.6689
vn 0.7519 -0.2834 -0.5952
vn 0.7520 -0.2833 -0.5952
vn 0.6716 0.3185 -0.6689
vn 0.7520 0.2833 -0.5952
vn 0.7519 0.2834 -0.5952
vn 0.1823 0.4227 -0.8878
vn 0.1824 0.4227 -0.8878
vn 0.1824 -0.4227 -0.8878
vn 0.1823 -0.4227 -0.8878
vn -0.0000 0.3142 -0.9494
vn -0.0000 -0.3142 -0.9494
vt 0.500730 0.998332
vt 0.374995 0.997837
vt 0.625000 0.750000
vt 0.500000 1.000000
vt 0.500000 0.750000
vt 0.375000 0.625000
vt 0.125000 0.750000
vt 0.125000 0.625000
vt 0.875000 0.625000
vt 0.625000 0.625000
vt 0.875000 0.500000
vt 0.625000 0.500000
vt 0.375000 0.500000
vt 0.125000 0.500000
vt 0.375000 0.750000
vt 0.375000 1.000000
vt 0.126668 0.625730
vt 0.872837 0.750005
vt 0.875000 0.750000
vt 0.873332 0.624270
vt 0.625000 0.250000
vt 0.625005 0.252163
vt 0.499270 0.251668
vt 0.127163 0.499995
vt 0.625000 1.000000
vt 0.431154 0.500000
vt 0.562485 0.362308
vt 0.568846 0.500000
vt 0.551635 0.250000
vt 0.431154 0.387692
vt 0.385257 0.295897
vt 0.495192 0.251112
vt 0.375000 0.250000
vt 0.625000 0.187500
vt 0.375000 0.187500
vt 0.625000 0.687500
vt 0.375000 0.687500
vt 0.125000 0.687500
vt 0.875000 0.687500
vt 0.875000 0.562500
vt 0.625000 0.562500
vt 0.375000 0.562500
vt 0.125000 0.562500
vt 0.375000 0.062500
vt 0.625000 0.125000
vt 0.375000 0.125000
vt 0.375000 0.000000
vt 0.625000 0.062500
vt 0.625000 0.000000
vt 0.112044 0.015176
vt 0.048568 0.068319
vt 0.040958 0.024337
vt 0.056976 0.909857
vt 0.000000 0.977643
vt 0.000000 0.897399
vt 0.751521 0.194017
vt 0.759956 0.160387
vt 0.759956 0.192120
vt 0.385808 0.270356
vt 0.436952 0.068319
vt 0.454006 0.279019
vt 0.542878 0.888329
vt 0.534443 0.968302
vt 0.534443 0.888061
vt 0.703226 0.233437
vt 0.733502 0.061490
vt 0.733502 0.268878
vt 0.641575 0.014556
vt 0.672184 0.221136
vt 0.641385 0.232235
vt 0.552462 0.888329
vt 0.547670 0.972545
vt 0.547670 0.887016
vt 0.741937 0.162284
vt 0.746729 0.194017
vt 0.741937 0.194017
vt 0.373476 0.015176
vt 0.447040 0.010088
vt 0.444562 0.024337
vt 0.703416 0.015758
vt 0.746729 0.162284
vt 0.733502 0.160387
vt 0.733502 0.192120
vt 0.560897 0.968302
vt 0.560897 0.888061
vt 0.609820 0.059087
vt 0.609820 0.266475
vt 0.038480 0.010088
vt 0.676729 0.626826
vt 0.666417 0.689969
vt 0.671905 0.621287
vt 0.609820 0.269838
vt 0.552462 0.635679
vt 0.578745 0.235670
vt 0.547670 0.630429
vt 0.516595 0.235670
vt 0.547670 0.224389
vt 0.751521 0.162284
vt 0.759956 0.093956
vt 0.684929 0.638895
vt 0.671241 0.695508
vt 0.751521 0.095853
vt 0.542878 0.635679
vt 0.485520 0.269838
vt 0.421062 0.735289
vt 0.485520 0.656667
vt 0.485520 0.736911
vt 0.031514 0.279019
vt 0.068198 0.648005
vt 0.000000 0.656667
vt 0.118331 0.711420
vt 0.201499 0.747105
vt 0.202037 0.754836
vt 0.283248 0.742969
vt 0.368155 0.699657
vt 0.284021 0.747105
vt 0.117365 0.699657
vt 0.202272 0.742969
vt 0.367188 0.711420
vt 0.283483 0.754836
vt 0.746729 0.095853
vt 0.064458 0.735289
vt 0.428544 0.909857
vt 0.348266 1.000000
vt 0.271367 0.947958
vt 0.067232 0.636242
vt 0.118393 0.694121
vt 0.733502 0.093956
vt 0.741937 0.095853
vt 0.424803 0.822573
vt 0.242760 0.855405
vt 0.214153 0.947958
vt 0.631085 0.913046
vt 0.636147 0.824167
vt 0.639508 0.912833
vt 0.618204 0.820276
vt 0.626283 0.911660
vt 0.621548 0.912997
vt 0.627741 0.820326
vt 0.609820 0.824031
vt 0.613181 0.912697
vt 0.485520 0.897399
vt 0.485520 0.817155
vt 0.560897 0.727581
vt 0.552462 0.804112
vt 0.552462 0.719896
vt 0.547670 0.801487
vt 0.542878 0.719896
vt 0.547670 0.715958
vt 0.542878 0.804112
vt 0.534443 0.727581
vt 0.000000 0.817155
vt 0.000000 0.736911
vt 0.485520 0.977643
vt 0.741937 0.001026
vt 0.751521 0.001026
vt 0.137254 1.000000
vt 0.053235 0.997141
vt 0.560897 0.807821
vt 0.534443 0.807821
vt 0.060717 0.822573
vt 0.534443 0.647340
vt 0.560897 0.647340
vt 0.417321 0.648005
vt 0.639508 0.719582
vt 0.621582 0.711637
vt 0.622905 0.817579
vt 0.631119 0.711686
vt 0.613181 0.719446
vt 0.099712 0.270356
vt 0.485520 0.058874
vt 0.516595 0.014613
vt 0.578745 0.014613
vt 0.547670 0.000000
vt 0.609820 0.058874
vt 0.667193 0.626641
vt 0.658607 0.638384
vt 0.116766 0.059657
vt 0.368754 0.059657
vt 0.542878 0.972545
vt 0.672339 0.000000
vt 0.552462 0.972545
vt 0.370584 0.000000
vt 0.114936 0.000000
vt 0.679442 0.707578
vt 0.367127 0.694121
vt 0.432285 0.997141
vt 0.068260 0.630706
vt 0.733502 0.001143
vt 0.746729 0.000000
vt 0.759956 0.001143
vt 0.626250 0.707578
vt 0.622395 0.000000
vt 0.593750 0.043090
vt 0.591964 0.000000
vt 0.375000 0.346407
vt 0.405041 0.206910
vt 0.405041 0.329243
vt 0.500000 0.938712
vt 0.468232 1.000000
vt 0.468232 0.927084
vt 0.531250 0.297351
vt 0.500000 0.206910
vt 0.531250 0.206910
vt 0.468232 0.322917
vt 0.437156 0.206910
vt 0.468232 0.206910
vt 0.405041 0.920757
vt 0.437156 1.000000
vt 0.405041 1.000000
vt 0.560137 0.000000
vt 0.531250 0.043090
vt 0.531250 0.000000
vt 0.593750 0.268934
vt 0.562500 0.206910
vt 0.593750 0.206910
vt 0.562500 0.043090
vt 0.625000 0.262769
vt 0.625000 0.206910
vt 0.562500 0.279585
vt 0.531250 0.952649
vt 0.437156 0.912663
vt 0.500000 0.311288
vt 0.437156 0.337337
vt 0.375000 0.903593
vt 0.405041 0.043090
vt 0.375000 0.206910
vt 0.375000 0.043090
vt 0.625000 0.043090
vt 0.468232 0.043090
vt 0.500000 0.043090
vt 0.437156 0.043090
vt 0.375000 0.512884
vt 0.405041 0.478280
vt 0.405041 0.512884
vt 0.405041 0.771720
vt 0.375000 0.737116
vt 0.405041 0.737116
vt 0.531250 0.512884
vt 0.500000 0.484127
vt 0.531250 0.487733
vt 0.500000 0.765873
vt 0.531250 0.737116
vt 0.531250 0.762267
vt 0.468232 0.512884
vt 0.437156 0.476337
vt 0.468232 0.480998
vt 0.437156 0.773663
vt 0.468232 0.737116
vt 0.468232 0.769002
vt 0.562500 0.512884
vt 0.593750 0.495176
vt 0.593750 0.512884
vt 0.593750 0.754824
vt 0.562500 0.737116
vt 0.593750 0.737116
vt 0.625646 0.498709
vt 0.625000 0.512884
vt 0.625646 0.751291
vt 0.625000 0.737116
vt 0.562500 0.491028
vt 0.562500 0.758972
vt 0.500000 0.512884
vt 0.500000 0.737116
vt 0.437156 0.512884
vt 0.437156 0.737116
vt 0.125000 0.706910
vt 0.221407 0.750000
vt 0.366301 0.767397
vt 0.593750 0.981066
vt 0.366301 0.482603
vt 0.562500 0.970415
vt 0.531250 1.000000
vt 0.125000 0.543090
vt 0.221407 0.500000
vt 0.862231 0.500000
vt 0.862231 0.750000
vt 0.875000 0.543090
vt 0.875000 0.706910
vt 0.625000 0.987231
vt 0.377778 0.691756
vt 0.371715 0.663430
vt 0.377948 0.672164
vt 0.263429 0.400986
vt 0.251376 0.421062
vt 0.256187 0.364306
vt 0.378503 0.793316
vt 0.384517 0.830555
vt 0.377778 0.819052
vt 0.384517 0.703259
vt 0.378289 0.712059
vt 0.385415 0.753022
vt 0.378706 0.767097
vt 0.378677 0.741519
vt 0.359458 0.008406
vt 0.363349 0.052138
vt 0.359385 0.045352
vt 0.385028 0.723562
vt 0.362851 0.074961
vt 0.358887 0.068175
vt 0.356819 0.162884
vt 0.360085 0.201678
vt 0.356121 0.194892
vt 0.357504 0.131533
vt 0.360784 0.169671
vt 0.358195 0.099854
vt 0.361468 0.138320
vt 0.385444 0.778600
vt 0.359504 0.689993
vt 0.363856 0.782104
vt 0.359892 0.775318
vt 0.377031 0.967188
vt 0.371232 0.932040
vt 0.377031 0.943360
vt 0.313427 0.358954
vt 0.301611 0.366205
vt 0.309730 0.331418
vt 0.274611 0.294075
vt 0.285786 0.269974
vt 0.281247 0.319032
vt 0.407886 0.127480
vt 0.402365 0.152976
vt 0.401566 0.127480
vt 0.423305 0.127480
vt 0.418737 0.152976
vt 0.417938 0.127480
vt 0.322161 0.364599
vt 0.314531 0.400491
vt 0.413700 0.152976
vt 0.412902 0.127480
vt 0.272050 0.224146
vt 0.269313 0.271199
vt 0.264389 0.248622
vt 0.327821 0.291247
vt 0.316494 0.301154
vt 0.322595 0.273385
vt 0.264976 0.359590
vt 0.257733 0.322910
vt 0.408684 0.152976
vt 0.280256 0.255688
vt 0.273499 0.402760
vt 0.407202 0.237963
vt 0.403954 0.212467
vt 0.408203 0.212467
vt 0.304447 0.401195
vt 0.308021 0.423652
vt 0.321057 0.323063
vt 0.328924 0.332783
vt 0.249767 0.331790
vt 0.251313 0.290395
vt 0.328965 0.828369
vt 0.339220 0.914243
vt 0.329515 0.914210
vt 0.333134 0.390002
vt 0.326362 0.421834
vt 0.318732 0.457725
vt 0.304572 0.499518
vt 0.244948 0.388530
vt 0.269688 0.424825
vt 0.258618 0.457743
vt 0.356921 0.238440
vt 0.383500 0.021435
vt 0.377955 0.067730
vt 0.378090 0.011878
vt 0.360150 0.243767
vt 0.357666 0.285901
vt 0.291136 0.836235
vt 0.309045 0.913313
vt 0.288299 0.907333
vt 0.244432 0.827092
vt 0.233265 0.911829
vt 0.235302 0.820597
vt 0.282155 0.838964
vt 0.263433 0.914100
vt 0.262593 0.834538
vt 0.310734 0.833886
vt 0.384503 0.326464
vt 0.377750 0.367015
vt 0.377786 0.314838
vt 0.242965 0.912825
vt 0.362160 0.106641
vt 0.355204 0.003115
vt 0.353240 0.035429
vt 0.353720 0.000000
vt 0.238021 0.029846
vt 0.240153 0.068635
vt 0.238594 0.071124
vt 0.241015 0.094631
vt 0.239457 0.097149
vt 0.352742 0.058227
vt 0.355470 0.040734
vt 0.354972 0.063557
vt 0.242218 0.130916
vt 0.240655 0.133272
vt 0.352048 0.090048
vt 0.354281 0.095236
vt 0.241852 0.169395
vt 0.244600 0.202751
vt 0.243038 0.205143
vt 0.350673 0.153046
vt 0.353589 0.126916
vt 0.352905 0.158267
vt 0.243413 0.166948
vt 0.351358 0.121648
vt 0.244248 0.241640
vt 0.246679 0.254886
vt 0.352206 0.190274
vt 0.349541 0.198809
vt 0.243242 0.289958
vt 0.353606 0.235013
vt 0.351750 0.237774
vt 0.244552 0.295974
vt 0.238410 0.346669
vt 0.334519 0.297540
vt 0.340116 0.348858
vt 0.338739 0.354740
vt 0.227128 0.812647
vt 0.222995 0.909318
vt 0.225683 0.811226
vt 0.351559 0.283382
vt 0.354081 0.353836
vt 0.351886 0.355216
vt 0.245982 0.057591
vt 0.239585 0.028133
vt 0.245150 0.020787
vt 0.367572 0.024504
vt 0.366666 0.059797
vt 0.342345 0.030377
vt 0.335636 0.059140
vt 0.336862 0.022446
vt 0.262478 0.026335
vt 0.253782 0.069810
vt 0.254230 0.041963
vt 0.341344 0.070796
vt 0.335031 0.085854
vt 0.332832 0.256250
vt 0.327381 0.241353
vt 0.335467 0.204365
vt 0.330506 0.194415
vt 0.362731 0.249967
vt 0.364100 0.177329
vt 0.268152 0.200078
vt 0.260219 0.220327
vt 0.256830 0.180007
vt 0.366168 0.082620
vt 0.260968 0.096398
vt 0.254041 0.109151
vt 0.340205 0.096687
vt 0.333818 0.123297
vt 0.255125 0.144520
vt 0.263996 0.166681
vt 0.261987 0.131379
vt 0.364784 0.145978
vt 0.365476 0.114299
vt 0.337036 0.168708
vt 0.332288 0.158912
vt 0.338615 0.132823
vt 0.364946 0.300346
vt 0.361630 0.292687
vt 0.239723 0.352694
vt 0.366785 0.704438
vt 0.363468 0.696779
vt 0.338159 0.822847
vt 0.348033 0.913115
vt 0.224469 0.909767
vt 0.241762 0.240460
vt 0.240762 0.288788
vt 0.235924 0.345488
vt 0.236108 0.069943
vt 0.236971 0.095968
vt 0.238169 0.132091
vt 0.240552 0.203962
vt 0.239367 0.168214
vt 0.220510 0.908137
vt 0.223197 0.810045
vt 0.353751 0.281283
vt 0.355589 0.685375
vt 0.355977 0.770700
vt 0.371569 0.305990
vt 0.371533 0.358167
vt 0.373179 0.005098
vt 0.371738 0.058882
vt 0.407202 0.186971
vt 0.402954 0.192122
vt 0.408684 0.101984
vt 0.413700 0.101984
vt 0.418737 0.101984
vt 0.424104 0.101984
vt 0.402365 0.101984
vt 0.383212 0.957639
vt 0.372472 0.758362
vt 0.372270 0.784581
vt 0.372056 0.703325
vt 0.372443 0.732785
vt 0.371545 0.683021
vt 0.371545 0.810318
vt 0.384687 0.683667
vt 0.367572 0.351690
vt 0.367607 0.299513
vt 0.370089 0.000000
vt 0.367777 0.052405
vt 0.389129 0.385813
vt 0.384467 0.378641
vt 0.401566 0.178560
vt 0.405815 0.169973
vt 0.387291 0.027228
vt 0.384672 0.079356
vt 0.371232 0.955868
vt 0.367572 0.923995
vt 0.401566 0.246374
vt 0.402954 0.232811
vt 0.415019 0.084987
vt 0.420056 0.084987
vt 0.410003 0.169973
vt 0.410003 0.084987
vt 0.403684 0.169973
vt 0.425423 0.084987
vt 0.415019 0.169973
vt 0.388455 0.856562
vt 0.383780 0.849475
vt 0.367572 0.803913
vt 0.368297 0.778177
vt 0.387538 0.966660
vt 0.383212 0.981467
vt 0.403684 0.084987
vt 0.368499 0.751958
vt 0.368470 0.726380
vt 0.389917 0.811906
vt 0.385242 0.804819
vt 0.389191 0.837642
vt 0.367572 0.676617
vt 0.368083 0.696921
vt 0.389703 0.730649
vt 0.390119 0.785687
vt 0.389191 0.710346
vt 0.367742 0.657025
vt 0.389362 0.690754
vt 0.426489 0.063346
vt 0.424019 0.004632
vt 0.426489 0.021640
vt 0.427335 0.042493
vt 0.422616 0.084987
vt 0.424019 0.080355
vt 0.422616 0.000000
vt 0.417673 0.084987
vt 0.417673 0.000000
vt 0.403683 0.000000
vt 0.402364 0.067989
vt 0.402364 0.016997
vt 0.401566 0.042493
vt 0.410678 0.000000
vt 0.410678 0.084987
vt 0.387538 0.932943
vt 0.383212 0.923922
vt 0.367572 0.890279
vt 0.371232 0.898324
vt 0.377031 0.909643
vt 0.325570 0.145050
vt 0.327031 0.109817
vt 0.323487 0.180337
vt 0.248263 0.157661
vt 0.249664 0.193333
vt 0.327711 0.070525
vt 0.247114 0.121904
vt 0.252286 0.240576
vt 0.256728 0.273098
vt 0.319669 0.220274
vt 0.315199 0.248111
vt 0.327560 0.042646
vt 0.246302 0.084353
vt 0.329103 0.011223
vt 0.253024 0.010394
vt 0.310037 0.270153
vt 0.304498 0.292454
vt 0.262528 0.301498
vt 0.276707 0.368090
vt 0.297599 0.316693
vt 0.371232 0.864607
vt 0.377031 0.875927
vt 0.293586 0.267181
vt 0.299265 0.253490
vt 0.307804 0.222837
vt 0.303579 0.239151
vt 0.260899 0.000000
vt 0.321344 0.000000
vt 0.319484 0.026152
vt 0.320390 0.055197
vt 0.311956 0.199196
vt 0.316467 0.166258
vt 0.320244 0.096336
vt 0.318852 0.131189
vt 0.383212 0.890206
vt 0.367572 0.856562
vt 0.387538 0.899227
vt 0.403683 0.084987
vt 0.268965 0.332462
vt 0.384642 0.123723
vt 0.389165 0.333636
vt 0.371707 0.103249
vt 0.367746 0.096772
vt 0.236125 0.430078
vt 0.233639 0.428897
vt 0.243216 0.466106
vt 0.237462 0.435276
vt 0.334036 0.467717
vt 0.346413 0.815768
vt 0.365277 0.372899
vt 0.361960 0.365240
vt 0.353377 0.683470
vt 0.353761 0.767949
vt 0.259332 0.525395
vt 0.250129 0.493963
vt 0.377925 0.112097
vt 0.317296 0.525263
vt 0.274089 0.561691
vt 0.302160 0.559974
vt 0.326830 0.494825
vt 0.357996 0.358454
vt 0.272324 0.501014
vt 0.340117 0.437515
vt 0.389304 0.130895
vt 0.363839 0.016019
vt 0.424104 0.152976
vt 0.276098 0.240900
vt 0.284231 0.910323
vt 0.335892 0.291666
vt 0.261262 0.055266
vt 0.363401 0.209337
vt 0.367173 0.789763
vt 0.235532 0.028659
vt 0.389334 0.086528
vt 0.367572 0.947823
vt 0.405815 0.254960
vt 0.420056 0.169973
vt 0.387538 0.990488
vt 0.390090 0.760109
vt 0.330058 0.995788
vt 0.310185 0.991814
vt 0.364255 0.841030
vt 0.360291 0.834243
vt 0.377955 0.432156
vt 0.241551 0.994300
vt 0.285786 0.996794
vt 0.230524 0.994136
vt 0.261455 0.992435
vt 0.220796 0.977108
vt 0.222218 0.979192
vt 0.356376 0.829626
vt 0.354169 0.828297
vt 0.341080 0.996794
vt 0.218310 0.975927
vt 0.371738 0.423308
vt 0.384672 0.443781
vt 0.367777 0.416830
vt 0.376476 0.653872
vt 0.398056 0.649500
vt 0.392661 0.653872
vt 0.384569 0.657025
vt 0.367572 0.578582
vt 0.401566 0.578582
vt 0.367572 0.519806
vt 0.369055 0.487386
vt 0.401566 0.519806
vt 0.398056 0.464462
vt 0.400083 0.487386
vt 0.373785 0.460523
vt 0.395352 0.460523
vt 0.378630 0.453395
vt 0.390508 0.453395
vt 0.384569 0.450954
vt 0.285786 1.000000
vt 0.367572 0.848689
vt 0.349541 0.982739
vt 0.389334 0.450954
vt 0.371082 0.649500
vt 0.371082 0.464462
vt 0.503437 0.000000
vt 0.625000 0.014849
vt 0.500000 0.014849
vt 0.437500 0.275288
vt 0.375000 0.235151
vt 0.437500 0.235151
vt 0.437500 0.514849
vt 0.375000 0.470378
vt 0.437500 0.471972
vt 0.375000 0.779622
vt 0.437500 0.735152
vt 0.437500 0.778028
vt 0.437500 0.014849
vt 0.435135 0.000000
vt 0.500000 0.274962
vt 0.625000 0.235151
vt 0.625000 0.258698
vt 0.500000 0.514849
vt 0.629412 0.491176
vt 0.625000 0.514849
vt 0.629412 0.758824
vt 0.500000 0.735152
vt 0.625000 0.735152
vt 0.500000 0.235151
vt 0.500000 0.471906
vt 0.500000 0.778094
vt 0.375000 0.014849
vt 0.375000 0.514849
vt 0.375000 0.278591
vt 0.375000 0.971409
vt 0.375000 0.735151
vt 0.375000 0.735152
vt 0.375000 0.954873
vt 0.375000 0.961668
vt 0.375000 0.780014
vt 0.375000 0.788174
vt 0.375000 0.514848
vt 0.375000 0.461826
vt 0.375000 0.288332
vt 0.375000 0.793123
vt 0.375000 0.469986
vt 0.375000 0.295127
vt 0.375000 0.235152
vt 0.375000 0.946181
vt 0.375000 0.798830
vt 0.375000 0.456877
vt 0.375000 0.303819
vt 0.375000 0.451170
vt 0.375000 0.450123
vt 0.375000 0.309296
vt 0.375000 0.940704
vt 0.375000 0.799546
vt 0.375000 0.450454
vt 0.375000 0.318501
vt 0.375000 0.788930
vt 0.375000 0.461071
vt 0.375000 0.931499
vt 0.375000 0.936210
vt 0.375000 0.775589
vt 0.375000 0.474411
vt 0.375000 0.313790
vt 0.375000 0.943823
vt 0.375000 0.771824
vt 0.375000 0.478176
vt 0.375000 0.306176
vt 0.375000 0.305367
vt 0.371774 0.493548
vt 0.375000 0.278398
vt 0.375000 0.971602
vt 0.375000 0.971938
vt 0.625000 0.991302
vt 0.500000 0.975038
vt 0.375000 0.278062
vt 0.437500 0.974712
vt 0.375000 0.799878
vt 0.375000 0.944633
vt 0.371774 0.756452
vt 0.153398 0.750000
vt 0.125000 0.735152
vt 0.153398 0.500000
vt 0.866302 0.500000
vt 0.866302 0.750000
vt 0.875000 0.514849
vt 0.875000 0.735152
vt 0.125000 0.514848
vt 0.500000 0.117188
vt 0.625000 0.117188
vt 0.500000 0.664062
vt 0.375000 0.656250
vt 0.500000 0.656250
vt 0.686135 0.734375
vt 0.750000 0.734375
vt 0.625000 0.031250
vt 0.500000 0.023277
vt 0.625000 0.023277
vt 0.500000 0.617188
vt 0.625000 0.617188
vt 0.500000 0.742188
vt 0.625000 0.742188
vt 0.500000 0.523314
vt 0.375000 0.515377
vt 0.500000 0.515377
vt 0.812500 0.570312
vt 0.750000 0.562500
vt 0.812500 0.562500
vt 0.500000 0.054688
vt 0.625000 0.054688
vt 0.875000 0.718750
vt 0.812500 0.718750
vt 0.625000 0.015625
vt 0.500000 0.007812
vt 0.625000 0.007812
vt 0.625000 0.734375
vt 0.500000 0.726723
vt 0.625000 0.726723
vt 0.750000 0.656250
vt 0.686135 0.648438
vt 0.750000 0.648438
vt 0.500000 0.679688
vt 0.625000 0.679688
vt 0.625000 0.632812
vt 0.500000 0.640625
vt 0.500000 0.632812
vt 0.812500 0.695312
vt 0.750000 0.695312
vt 0.625000 0.703125
vt 0.500000 0.695312
vt 0.625000 0.695312
vt 0.625000 0.046875
vt 0.500000 0.039062
vt 0.625000 0.039062
vt 0.875000 0.703125
vt 0.875000 0.695312
vt 0.625000 0.656250
vt 0.500000 0.648438
vt 0.625000 0.648438
vt 0.500000 0.179688
vt 0.625000 0.179688
vt 0.625000 0.078125
vt 0.500000 0.070312
vt 0.625000 0.070312
vt 0.187500 0.710938
vt 0.125000 0.703125
vt 0.187500 0.703125
vt 0.686135 0.625000
vt 0.686135 0.617188
vt 0.625000 0.671875
vt 0.625000 0.664062
vt 0.625000 0.554688
vt 0.500000 0.562500
vt 0.500000 0.554688
vt 0.625000 0.585938
vt 0.500000 0.593750
vt 0.500000 0.585938
vt 0.875000 0.609375
vt 0.812500 0.601562
vt 0.875000 0.601562
vt 0.625000 0.578125
vt 0.686135 0.578125
vt 0.625000 0.109375
vt 0.500000 0.101562
vt 0.625000 0.101562
vt 0.187500 0.507689
vt 0.125000 0.515377
vt 0.125000 0.507689
vt 0.625000 0.156250
vt 0.500000 0.148438
vt 0.625000 0.148438
vt 0.686135 0.703125
vt 0.686135 0.695312
vt 0.375000 0.570312
vt 0.313865 0.562500
vt 0.375000 0.664062
vt 0.313865 0.671875
vt 0.313865 0.664062
vt 0.875000 0.515377
vt 0.812500 0.507689
vt 0.875000 0.507689
vt 0.625000 0.523314
vt 0.625000 0.515377
vt 0.625000 0.171875
vt 0.500000 0.164062
vt 0.625000 0.164062
vt 0.625000 0.531250
vt 0.686135 0.671875
vt 0.750000 0.671875
vt 0.375000 0.617188
vt 0.313865 0.609375
vt 0.375000 0.609375
vt 0.500000 0.507689
vt 0.625000 0.507689
vt 0.625000 0.234623
vt 0.500000 0.226686
vt 0.625000 0.226686
vt 0.625000 0.218750
vt 0.500000 0.210938
vt 0.625000 0.210938
vt 0.750000 0.585938
vt 0.686135 0.585938
vt 0.500000 0.734375
vt 0.500000 0.000000
vt 0.625000 0.570312
vt 0.625000 0.546875
vt 0.500000 0.539062
vt 0.625000 0.539062
vt 0.375000 0.523314
vt 0.313865 0.531250
vt 0.313865 0.523314
vt 0.625000 0.203125
vt 0.500000 0.195312
vt 0.625000 0.195312
vt 0.625000 0.132812
vt 0.500000 0.125000
vt 0.750000 0.703125
vt 0.812500 0.703125
vt 0.625000 0.875000
vt 0.625000 0.937500
vt 0.500000 0.718750
vt 0.625000 0.718750
vt 0.500000 0.109375
vt 0.500000 0.046875
vt 0.750000 0.554688
vt 0.686135 0.554688
vt 0.750000 0.507689
vt 0.686135 0.507689
vt 0.812500 0.546875
vt 0.750000 0.539062
vt 0.812500 0.539062
vt 0.812500 0.687500
vt 0.500000 0.062500
vt 0.500000 0.625000
vt 0.500000 0.671875
vt 0.625000 0.085938
vt 0.500000 0.078125
vt 0.875000 0.710938
vt 0.375000 0.703125
vt 0.313865 0.710938
vt 0.313865 0.703125
vt 0.375000 0.734375
vt 0.313865 0.742188
vt 0.313865 0.734375
vt 0.812500 0.679688
vt 0.750000 0.679688
vt 0.500000 0.093750
vt 0.625000 0.093750
vt 0.625000 0.640625
vt 0.686135 0.570312
vt 0.686135 0.562500
vt 0.500000 0.609375
vt 0.625000 0.609375
vt 0.500000 0.687500
vt 0.686135 0.718750
vt 0.625000 0.710938
vt 0.686135 0.710938
vt 0.500000 0.703125
vt 0.500000 0.031250
vt 0.500000 0.140625
vt 0.625000 0.140625
vt 0.750000 0.632812
vt 0.686135 0.632812
vt 0.875000 0.648438
vt 0.812500 0.640625
vt 0.875000 0.640625
vt 0.812500 0.515377
vt 0.812500 0.593750
vt 0.875000 0.593750
vt 0.500000 0.156250
vt 0.500000 0.171875
vt 0.500000 0.015625
vt 0.686135 0.679688
vt 0.625000 0.601562
vt 0.625000 0.593750
vt 0.500000 0.578125
vt 0.686135 0.687500
vt 0.875000 0.546875
vt 0.875000 0.539062
vt 0.500000 0.187500
vt 0.500000 0.546875
vt 0.686135 0.742188
vt 0.500000 0.203125
vt 0.500000 0.218750
vt 0.875000 0.617188
vt 0.812500 0.609375
vt 0.812500 0.632812
vt 0.875000 0.632812
vt 0.500000 0.531250
vt 0.500000 0.242311
vt 0.500000 0.234623
vt 0.500000 0.601562
vt 0.875000 0.523314
vt 0.875000 0.734375
vt 0.812500 0.726723
vt 0.875000 0.726723
vt 0.500000 0.710938
vt 0.875000 0.531250
vt 0.812500 0.523314
vt 0.812500 0.585938
vt 0.875000 0.585938
vt 0.187500 0.546875
vt 0.125000 0.554688
vt 0.125000 0.546875
vt 0.187500 0.656250
vt 0.125000 0.664062
vt 0.125000 0.656250
vt 0.875000 0.679688
vt 0.375000 0.742188
vt 0.875000 0.656250
vt 0.812500 0.648438
vt 0.812500 0.710938
vt 0.750000 0.726723
vt 0.750000 0.718750
vt 0.187500 0.726723
vt 0.125000 0.734375
vt 0.125000 0.726723
vt 0.375000 0.648438
vt 0.187500 0.695312
vt 0.125000 0.695312
vt 0.750000 0.625000
vt 0.750000 0.664062
vt 0.686135 0.656250
vt 0.375000 0.632812
vt 0.187500 0.625000
vt 0.125000 0.617188
vt 0.187500 0.617188
vt 0.750000 0.687500
vt 0.375000 0.070312
vt 0.375000 0.679688
vt 0.187500 0.671875
vt 0.187500 0.664062
vt 0.375000 0.507689
vt 0.812500 0.554688
vt 0.375000 0.554688
vt 0.750000 0.742188
vt 0.812500 0.625000
vt 0.750000 0.617188
vt 0.812500 0.617188
vt 0.313865 0.656250
vt 0.375000 0.695312
vt 0.313865 0.695312
vt 0.686135 0.593750
vt 0.375000 0.593750
vt 0.375000 0.585938
vt 0.750000 0.601562
vt 0.375000 0.117188
vt 0.750000 0.531250
vt 0.812500 0.531250
vt 0.812500 0.656250
vt 0.375000 0.148438
vt 0.812500 0.664062
vt 0.750000 0.593750
vt 0.750000 0.546875
vt 0.686135 0.546875
vt 0.750000 0.609375
vt 0.750000 0.523314
vt 0.187500 0.570312
vt 0.187500 0.578125
vt 0.187500 0.585938
vt 0.187500 0.593750
vt 0.187500 0.601562
vt 0.187500 0.609375
vt 0.187500 0.562500
vt 0.187500 0.531250
vt 0.187500 0.539062
vt 0.750000 0.515377
vt 0.313865 0.687500
vt 0.313865 0.679688
vt 0.812500 0.671875
vt 0.750000 0.640625
vt 0.750000 0.578125
vt 0.812500 0.578125
vt 0.812500 0.742188
vt 0.812500 0.734375
vt 0.375000 0.718750
vt 0.625000 0.242311
vt 0.375000 0.234623
vt 0.750000 0.710938
vt 0.375000 0.156250
vt 0.686135 0.531250
vt 0.375000 0.578125
vt 0.375000 0.531250
vt 0.500000 0.570312
vt 0.375000 0.015625
vt 0.375000 0.546875
vt 0.375000 0.226686
vt 0.375000 0.218750
vt 0.375000 0.640625
vt 0.375000 0.031250
vt 0.500000 0.132812
vt 0.313865 0.750000
vt 0.500000 0.085938
vt 0.375000 0.671875
vt 0.375000 0.093750
vt 0.375000 0.140625
vt 0.375000 0.132812
vt 0.313865 0.601562
vt 0.375000 0.601562
vt 0.375000 0.210938
vt 0.375000 0.164062
vt 0.375000 0.054688
vt 0.375000 0.726723
vt 0.313865 0.726723
vt 0.375000 0.179688
vt 0.375000 0.023277
vt 0.375000 0.039062
vt 0.375000 0.710938
vt 0.686135 0.523314
vt 0.375000 0.007812
vt 0.375000 0.085938
vt 0.313865 0.570312
vt 0.125000 0.593750
vt 0.875000 0.742188
vt 0.686135 0.640625
vt 0.313865 0.648438
vt 0.686135 0.609375
vt 0.686135 0.601562
vt 0.313865 0.554688
vt 0.313865 0.640625
vt 0.313865 0.632812
vt 0.686135 0.750000
vt 0.875000 0.570312
vt 0.686135 0.726723
vt 0.313865 0.585938
vt 0.686135 0.664062
vt 0.187500 0.554688
vt 0.875000 0.578125
vt 0.686135 0.539062
vt 0.875000 0.664062
vt 0.313865 0.625000
vt 0.686135 0.515377
vt 0.313865 0.539062
vt 0.375000 0.539062
vt 0.313865 0.507689
vt 0.812500 0.742187
vt 0.875000 0.671875
vt 0.313865 0.718750
vt 0.625000 0.811135
vt 0.750000 0.570312
vt 0.875000 0.554688
vt 0.313865 0.546875
vt 0.313865 0.593750
vt 0.750000 0.750000
vt 0.313865 0.578125
vt 0.187500 0.515377
vt 0.125000 0.523314
vt 0.812500 0.750000
vt 0.313865 0.515377
vt 0.187500 0.523314
vt 0.125000 0.531250
vt 0.125000 0.632812
vt 0.125000 0.609375
vt 0.125000 0.539062
vt 0.125000 0.585938
vt 0.125000 0.578125
vt 0.187500 0.742188
vt 0.187500 0.734375
vt 0.187500 0.718750
vt 0.125000 0.718750
vt 0.187500 0.687500
vt 0.125000 0.679688
vt 0.125000 0.671875
vt 0.187500 0.648438
vt 0.125000 0.640625
vt 0.187500 0.640625
vt 0.187500 0.632812
vt 0.125000 0.710938
vt 0.125000 0.570312
vt 0.125000 0.648438
vt 0.125000 0.742188
vt 0.375000 0.101562
vt 0.187500 0.679688
vt 0.125000 0.601562
vt 0.375000 0.046875
vt 0.375000 0.109375
vt 0.313865 0.617188
vt 0.375000 0.078125
vt 0.375000 0.171875
vt 0.375000 0.203125
vt 0.375000 0.195312
vt 0.375000 0.811135
vt 0.375000 0.937500
vt 0.375000 0.875000
vt 0.375000 0.242311
vt 0.187500 0.750000
vt 0.000686 0.686342
vt 0.215982 0.731747
vt 0.000686 0.731747
vt 0.189506 0.000070
vt 0.155731 0.078508
vt 0.144252 0.000331
vt 0.450648 0.800885
vt 0.538305 0.584997
vt 0.538305 0.800885
vt 0.425308 0.078508
vt 0.391533 0.000070
vt 0.436788 0.000331
vt 0.339537 0.790226
vt 0.450648 0.630782
vt 0.450648 0.755100
vt 0.000686 0.640755
vt 0.215982 0.584997
vt 0.215982 0.640755
vt 0.477092 0.062313
vt 0.541393 0.000933
vt 0.548704 0.071650
vt 0.268041 0.800885
vt 0.339537 0.584997
vt 0.339537 0.800885
vt 0.039646 0.000933
vt 0.103948 0.062313
vt 0.032336 0.071650
vt 0.000686 0.785645
vt 0.215982 0.836699
vt 0.000686 0.836699
vt 0.215982 0.863216
vt 0.000686 0.863216
vt 0.013217 0.001085
vt 0.019717 0.111138
vt 0.578726 0.584997
vt 0.578726 0.800885
vt 0.567822 0.001085
vt 0.561322 0.111138
vt 0.490508 0.000640
vt 0.215982 0.800885
vt 0.268041 0.584997
vt 0.090532 0.000640
vt 0.215982 0.785645
vt 0.339537 0.595655
vt 0.449367 0.584997
vt 0.795650 0.647664
vt 0.814312 0.442435
vt 0.814312 0.637005
vt 0.449367 0.800885
vt 0.170322 0.879397
vt 0.046345 0.879397
vt 0.580353 0.000000
vt 0.795650 0.162838
vt 0.580353 0.162838
vt 0.346095 0.000038
vt 0.290842 0.163906
vt 0.290520 0.000000
vt 0.234944 0.000038
vt 0.290198 0.163906
vt 0.234622 0.163944
vt 0.580353 1.000000
vt 0.795650 0.581026
vt 0.795650 1.000000
vt 0.841106 0.431776
vt 0.795650 0.215888
vt 0.841106 0.215888
vt 0.189184 0.163976
vt 0.346417 0.163944
vt 0.215982 0.686342
vt 0.851248 0.215888
vt 0.795650 0.000000
vt 0.851248 0.000000
vt 0.290520 0.584958
vt 0.580353 0.581026
vt 0.234944 0.584997
vt 0.450648 0.584997
vt 0.391855 0.163976
vt 0.000686 0.584997
vt 0.580354 0.112837
vt 0.795650 0.431776
vt 0.000686 0.112837
vt 0.346095 0.584997
vt 0.328886 0.822268
vt 0.380143 0.625770
vt 0.380143 0.822268
vt 0.202272 0.598479
vt 0.287852 0.617136
vt 0.203645 0.617071
vt 0.913462 0.732911
vt 0.956210 0.647701
vt 0.959735 0.731943
vt 0.388212 0.440761
vt 0.583915 0.418880
vt 0.583650 0.450253
vt 0.808516 0.595307
vt 0.772656 0.549120
vt 0.808516 0.542163
vt 0.526435 0.620292
vt 0.576631 0.648800
vt 0.527246 0.652300
vt 0.737221 0.108578
vt 0.750369 0.046121
vt 0.751482 0.138923
vt 0.911110 0.921160
vt 0.962383 0.921193
vt 0.927131 0.937023
vt 0.041384 0.561847
vt 0.014738 0.613291
vt 0.016449 0.559556
vt 0.018535 0.008822
vt 0.032831 0.045258
vt 0.010643 0.041341
vt 0.853806 0.037862
vt 0.868058 0.000990
vt 0.868780 0.038978
vt 0.852573 0.954027
vt 0.867499 0.921134
vt 0.867476 0.959718
vt 0.471925 0.620292
vt 0.482844 0.655657
vt 0.471729 0.655669
vt 0.883654 0.534159
vt 0.868992 0.583061
vt 0.868983 0.531623
vt 0.855497 0.605525
vt 0.867615 0.728061
vt 0.856151 0.729259
vt 0.274372 0.619705
vt 0.285275 0.822268
vt 0.274372 0.822268
vt 0.190406 0.625770
vt 0.241663 0.822268
vt 0.190406 0.822268
vt 0.765385 0.009978
vt 0.772630 0.042648
vt 0.897303 0.948371
vt 0.504631 0.620292
vt 0.505063 0.655680
vt 0.838754 0.589184
vt 0.838749 0.536893
vt 0.890538 0.730486
vt 0.916449 0.613888
vt 0.779115 0.647594
vt 0.821761 0.732856
vt 0.775490 0.731832
vt 0.962222 0.548485
vt 0.927665 0.594908
vt 0.927665 0.541764
vt 0.388975 0.648800
vt 0.439219 0.620292
vt 0.438347 0.652300
vt 0.772630 0.921079
vt 0.823887 0.921107
vt 0.807864 0.936952
vt 0.000686 0.043586
vt 0.307081 0.619705
vt 0.307081 0.822268
vt 0.962383 0.676020
vt 0.999314 0.654154
vt 0.999314 0.676020
vt 0.774403 0.823276
vt 0.822093 0.804883
vt 0.822542 0.833939
vt 0.890057 0.832474
vt 0.913044 0.804938
vt 0.912561 0.833993
vt 0.999314 0.793015
vt 0.962383 0.741617
vt 0.999314 0.741617
vt 0.962383 0.708819
vt 0.999314 0.697886
vt 0.999314 0.708819
vt 0.856201 0.801892
vt 0.867553 0.830955
vt 0.856300 0.831701
vt 0.604357 0.165885
vt 0.635119 0.079430
vt 0.639134 0.167390
vt 0.960711 0.823389
vt 0.115462 0.567996
vt 0.135849 0.618622
vt 0.112126 0.618893
vt 0.962383 0.654154
vt 0.999314 0.602756
vt 0.073742 0.960650
vt 0.051938 0.619742
vt 0.073742 0.619758
vt 0.774989 0.799561
vt 0.890307 0.802916
vt 0.190406 0.960735
vt 0.139154 0.619806
vt 0.190406 0.619843
vt 0.106448 0.960674
vt 0.095546 0.619774
vt 0.106448 0.619782
vt 0.867571 0.800895
vt 0.598182 0.077777
vt 0.960154 0.799673
vt 0.140438 0.567664
vt 0.051938 0.960634
vt 0.000686 0.619705
vt 0.577651 0.671706
vt 0.620181 0.620308
vt 0.620181 0.671706
vt 0.065802 0.560837
vt 0.088403 0.619164
vt 0.064680 0.619434
vt 0.912077 0.863049
vt 0.961826 0.870820
vt 0.911594 0.892104
vt 0.707489 0.101174
vt 0.665072 0.011366
vt 0.707558 0.000000
vt 0.856399 0.861510
vt 0.867517 0.891074
vt 0.856497 0.891318
vt 0.577651 0.726370
vt 0.620181 0.715437
vt 0.620181 0.726370
vt 0.620181 0.810567
vt 0.577651 0.759169
vt 0.620181 0.759169
vt 0.889555 0.891589
vt 0.773232 0.870707
vt 0.822990 0.862995
vt 0.823439 0.892051
vt 0.577651 0.693572
vt 0.620181 0.693572
vt 0.752627 0.759141
vt 0.684219 0.810748
vt 0.684219 0.759355
vt 0.091278 0.561747
vt 0.961269 0.847104
vt 0.668068 0.110563
vt 0.867535 0.861014
vt 0.752627 0.704481
vt 0.684219 0.715627
vt 0.684219 0.704695
vt 0.684219 0.620506
vt 0.752627 0.671685
vt 0.684219 0.671899
vt 0.889806 0.862032
vt 0.773818 0.846991
vt 0.752627 0.737277
vt 0.684219 0.737491
vt 0.681094 0.693572
vt 0.677969 0.620292
vt 0.772646 0.894422
vt 0.889305 0.921147
vt 0.651235 0.810567
vt 0.677969 0.810583
vt 0.682657 0.726370
vt 0.684219 0.715437
vt 0.856596 0.921127
vt 0.738632 0.005143
vt 0.962383 0.894536
vt 0.040957 0.619705
vt 0.651235 0.620308
vt 0.044737 0.107964
vt 0.066925 0.502240
vt 0.041811 0.503989
vt 0.707174 0.560940
vt 0.732288 0.504582
vt 0.731567 0.562437
vt 0.681685 0.561342
vt 0.655056 0.516154
vt 0.679949 0.503880
vt 0.141637 0.168723
vt 0.094154 0.504331
vt 0.113836 0.111329
vt 0.707214 0.502332
vt 0.074610 0.101156
vt 0.191498 0.452636
vt 0.145027 0.516707
vt 0.176438 0.167912
vt 0.632418 0.566277
vt 0.571726 0.577293
vt 0.628841 0.515238
vt 0.118799 0.517099
vt 0.657382 0.567107
vt 0.392850 0.762348
vt 0.434331 0.799858
vt 0.393305 0.800564
vt 0.029876 0.138020
vt 0.001578 0.498111
vt 0.008817 0.133339
vt 0.838745 0.484603
vt 0.773307 0.125385
vt 0.838717 0.126685
vt 0.506772 0.799727
vt 0.530508 0.779007
vt 0.530879 0.799858
vt 0.883605 0.127295
vt 0.868975 0.480185
vt 0.868918 0.128104
vt 0.577773 0.812186
vt 0.589720 0.835342
vt 0.577651 0.837208
vt 0.018161 0.505822
vt 0.755897 0.506886
vt 0.756543 0.560645
vt 0.572321 0.762348
vt 0.571580 0.800564
vt 0.772630 0.499508
vt 0.772630 0.134664
vt 0.459757 0.594299
vt 0.569984 0.595853
vt 0.340017 0.560823
vt 0.200898 0.579888
vt 0.484050 0.612798
vt 0.568242 0.614413
vt 0.956822 0.624218
vt 0.757188 0.614403
vt 0.470570 0.783731
vt 0.482575 0.817344
vt 0.470368 0.817417
vt 0.506922 0.817489
vt 0.531269 0.817634
vt 0.778532 0.624111
vt 0.818918 0.613829
vt 0.635995 0.617317
vt 0.659708 0.618061
vt 0.683421 0.618804
vt 0.707134 0.619548
vt 0.730847 0.620292
vt 0.000686 0.551620
vt 0.773307 0.489138
vt 0.883647 0.482294
vt 0.772456 0.553024
vt 0.312507 0.599126
vt 0.898320 0.484403
vt 0.962873 0.488503
vt 0.458161 0.817489
vt 0.433747 0.817634
vt 0.434935 0.779007
vt 0.458499 0.799727
vt 0.962873 0.124750
vt 0.898291 0.126486
vt 0.845478 0.891563
vt 0.845693 0.921121
vt 0.620181 0.704505
vt 0.682657 0.704505
vt 0.752627 0.726345
vt 0.684219 0.726559
vt 0.845262 0.862005
vt 0.577651 0.704505
vt 0.844832 0.802889
vt 0.084644 0.960658
vt 0.084644 0.619766
vt 0.845047 0.832447
vt 0.962383 0.686953
vt 0.999314 0.686953
vt 0.296178 0.619705
vt 0.296178 0.822268
vt 0.912271 0.037666
vt 0.889716 0.000581
vt 0.955638 0.036025
vt 0.844688 0.730458
vt 0.898328 0.588985
vt 0.898324 0.536694
vt 0.461023 0.620292
vt 0.460614 0.655680
vt 0.837670 0.948335
vt 0.853866 0.534258
vt 0.853860 0.482394
vt 0.494748 0.817417
vt 0.752653 0.645811
vt 0.768302 0.624140
vt 0.768302 0.649921
vt 0.853817 0.127395
vt 0.681094 0.737303
vt 0.878402 0.921140
vt 0.878670 0.861523
vt 0.752627 0.693549
vt 0.684219 0.693763
vt 0.878536 0.891332
vt 0.620181 0.737303
vt 0.139154 0.960698
vt 0.117350 0.619790
vt 0.878939 0.801906
vt 0.999314 0.719752
vt 0.878805 0.831714
vt 0.879076 0.729273
vt 0.892069 0.608322
vt 0.853872 0.586123
vt 0.493953 0.655669
vt 0.882389 0.954045
vt 0.241663 0.619705
vt 0.263469 0.822268
vt 0.773014 0.000635
vt 0.838709 0.036416
vt 0.773307 0.033644
vt 0.494735 0.780417
vt 0.506681 0.796407
vt 0.458894 0.796407
vt 0.191855 0.421264
vt 0.387086 0.447045
vt 0.147397 0.080860
vt 0.184360 0.079943
vt 0.118800 0.012212
vt 0.076548 0.000000
vt 0.045378 0.004522
vt 0.482797 0.773427
vt 0.470842 0.780417
vt 0.433014 0.555455
vt 0.493729 0.620292
vt 0.879879 0.605539
vt 0.601668 0.812186
vt 0.601790 0.837208
vt 0.494707 0.783731
vt 0.577651 0.737303
vt 0.117350 0.960682
vt 0.962383 0.719752
vt 0.263469 0.619705
vt 0.846147 0.000727
vt 0.878887 0.000785
vt 0.285275 0.619705
vt 0.962383 0.697886
vt 0.095546 0.960666
vt 0.577651 0.715437
vt 0.752627 0.715413
vt 0.752627 0.653767
vt 0.768276 0.675439
vt 0.752627 0.679548
vt 0.843304 0.608293
vt 0.883660 0.586023
vt 0.328886 0.619705
vt 0.387931 0.412356
vt 0.772682 0.602756
vt 0.577651 0.620450
vt 0.857103 0.000858
vt 0.482827 0.620292
vt 0.867690 0.602756
vt 0.962248 0.602122
vt 0.387931 0.620450
vt 0.962596 0.000000
vt 0.962383 0.793015
vt 0.962383 0.602756
vt 0.000686 0.960596
vt 0.577651 0.620308
vt 0.577651 0.810567
vt 0.752627 0.810534
vt 0.752627 0.620292
vt 0.624850 0.820815
vt 0.647909 0.810583
vt 0.647909 0.836675
vt 0.589720 0.810583
vt 0.482648 0.776734
vt 0.962196 0.494849
vt 0.772630 0.495483
vt 0.601790 0.836674
vt 0.601790 0.810583
vt 0.387931 0.418651
vt 0.719736 0.454442
vt 0.760963 0.000000
vt 0.760963 0.475410
vt 0.570992 0.370918
vt 0.653728 0.386476
vt 0.556570 0.395487
vt 0.000000 0.901204
vt 0.097832 0.420638
vt 0.097831 0.901204
vt 0.483798 0.717500
vt 0.398657 0.415304
vt 0.437578 0.406908
vt 0.289917 0.420638
vt 0.108740 0.406581
vt 0.289917 0.406581
vt 0.719736 0.908883
vt 1.000000 0.475410
vt 1.000000 0.908883
vt 0.588661 0.733056
vt 0.531913 0.405050
vt 0.641431 0.737436
vt 0.152192 0.887471
vt 0.199029 0.451069
vt 0.199028 0.870773
vt 0.459637 0.379990
vt 0.501097 0.399834
vt 0.452390 0.400965
vt 0.814510 0.471558
vt 0.854923 0.008020
vt 0.854923 0.467390
vt 0.491316 0.403183
vt 0.152192 0.434372
vt 0.505786 0.376771
vt 0.814510 0.003852
vt 0.909655 0.038376
vt 0.909655 0.437033
vt 0.405654 0.382322
vt 0.398657 0.403183
vt 0.247944 0.498692
vt 0.247944 0.823151
vt 0.589496 0.409999
vt 0.694042 0.740825
vt 0.000000 0.345518
vt 0.108740 0.030842
vt 0.108740 0.362971
vt 0.263570 0.570333
vt 0.263570 0.751509
vt 0.361558 0.394043
vt 0.977403 0.147117
vt 0.977403 0.328293
vt 0.289917 0.384777
vt 0.108740 0.420638
vt 0.037099 0.394043
vt 0.666003 0.804148
vt 0.712740 0.785505
vt 0.719736 0.806365
vt 0.413472 0.357581
vt 0.515770 0.352401
vt 0.561824 0.798670
vt 0.612607 0.779953
vt 0.617296 0.803017
vt 0.467181 0.354889
vt 0.658757 0.783173
vt 0.291776 0.914790
vt 0.317599 0.434225
vt 0.317599 0.914790
vt 0.108740 0.384777
vt 0.464666 0.789659
vt 0.547401 0.774101
vt 0.588040 0.344501
vt 0.664893 0.362979
vt 0.634596 0.314317
vt 0.680678 0.338673
vt 0.289917 0.362971
vt 0.476963 0.334253
vt 0.529732 0.329873
vt 0.365052 0.453923
vt 0.386426 0.420638
vt 0.386426 0.485947
vt 0.361558 0.368203
vt 0.704921 0.760764
vt 0.602624 0.755584
vt 0.651213 0.758071
vt 0.263570 0.928377
vt 0.291776 0.434225
vt 0.453500 0.766162
vt 0.530353 0.747684
vt 0.289917 0.030842
vt 0.398657 0.345518
vt 0.528897 0.006817
vt 0.424352 0.337642
vt 0.627077 0.000000
vt 0.586480 0.001867
vt 0.719736 0.012122
vt 0.680816 0.003726
vt 0.037099 0.368203
vt 0.365052 0.485947
vt 0.386426 0.519231
vt 0.365052 0.551255
vt 0.317599 0.891244
vt 0.365052 0.420638
vt 0.365052 0.928377
vt 0.437715 0.741855
vt 0.719736 0.020968
vt 0.000000 0.420638
vt 0.398657 0.710689
vt 0.719737 0.475410
vt -0.000000 0.000000
vt 0.361558 0.415915
vt 0.037099 0.415915
vt 0.719736 0.307506
vt 0.263570 0.420639
vt 0.398657 0.000000
vt 0.317599 0.457771
vt 0.557697 0.743716
vt 0.731652 0.768745
vt 0.557697 0.768745
vt 0.557697 0.948119
vt 0.383742 0.812154
vt 0.557697 0.812154
vt 0.557697 0.266402
vt 0.731652 0.355202
vt 0.557697 0.355202
vt 0.557697 0.410880
vt 0.383742 0.277123
vt 0.557697 0.277123
vt 0.557697 0.444003
vt 0.731652 0.532803
vt 0.557697 0.532803
vt 0.557697 0.678396
vt 0.383742 0.544638
vt 0.557697 0.544638
vt 0.383742 0.410880
vt 0.731652 0.444003
vt 0.731652 0.743716
vt 0.383742 0.678396
vt 0.557697 0.133758
vt 0.383742 0.000000
vt 0.557697 0.000000
vt 0.557697 0.088801
vt 0.731652 0.177601
vt 0.557697 0.177601
vt 0.731652 0.266402
vt 0.383742 0.133758
vt 0.731652 0.088801
vt 0.145500 0.418676
vt 0.193250 0.548220
vt 0.145500 0.541495
vt 0.335991 0.539019
vt 0.383742 0.409475
vt 0.383742 0.545967
vt 0.978332 0.009453
vt 0.973466 0.147701
vt 0.973466 0.000000
vt 0.335991 0.266441
vt 0.327923 0.136492
vt 0.383742 0.272983
vt 0.336022 0.402781
vt 0.336022 0.674607
vt 0.383742 0.682459
vt 0.145531 0.283088
vt 0.193250 0.411728
vt 0.145531 0.404812
vt 0.957610 0.006824
vt 0.949510 0.136492
vt 0.949510 0.000000
vt 0.145531 0.554914
vt 0.193250 0.684712
vt 0.145531 0.678201
vt 0.134990 0.950140
vt 0.137431 0.821204
vt 0.137431 0.957695
vt 0.731652 0.175891
vt 0.866324 0.000000
vt 0.866324 0.175891
vt 0.193250 0.682459
vt 0.383742 0.818950
vt 0.193250 0.818950
vt 0.351012 0.957695
vt 0.383742 0.957695
vt 0.193250 0.275237
vt 0.002759 0.138745
vt 0.193250 0.138745
vt 0.160521 0.000000
vt 0.033013 0.487668
vt 0.062314 0.541495
vt 0.012294 0.538525
vt 0.252806 0.416201
vt 0.223505 0.470027
vt 0.202786 0.419170
vt 0.223505 0.485415
vt 0.252806 0.539019
vt 0.202786 0.536272
vt 0.062314 0.418676
vt 0.033013 0.472280
vt 0.012294 0.421424
vt 0.252806 0.143347
vt 0.223505 0.197044
vt 0.202786 0.146187
vt 0.033013 0.760652
vt 0.062314 0.814348
vt 0.012294 0.811508
vt 0.062314 0.691254
vt 0.033013 0.745264
vt 0.012294 0.694407
vt 0.223505 0.212432
vt 0.252806 0.266441
vt 0.202786 0.263288
vt 0.252775 0.007555
vt 0.223474 0.060520
vt 0.202755 0.009664
vt 0.252775 0.552883
vt 0.223474 0.606487
vt 0.202755 0.555630
vt 0.223474 0.348955
vt 0.252775 0.402781
vt 0.202755 0.399812
vt 0.062283 0.554914
vt 0.032982 0.608741
vt 0.012263 0.557884
vt 0.223474 0.621938
vt 0.252775 0.674607
vt 0.202755 0.672795
vt 0.062283 0.283088
vt 0.032982 0.335757
vt 0.012263 0.284900
vt 0.032982 0.351208
vt 0.062283 0.404812
vt 0.012263 0.402065
vt 0.252775 0.279494
vt 0.223474 0.333504
vt 0.202755 0.282647
vt 0.223474 0.075971
vt 0.252775 0.129668
vt 0.202755 0.126828
vt 0.062283 0.828027
vt 0.032982 0.881724
vt 0.012263 0.830867
vt 0.032982 0.624191
vt 0.062283 0.678201
vt 0.012263 0.675048
vt 0.032982 0.897175
vt 0.062283 0.950140
vt 0.012263 0.948032
vt 0.850002 0.879453
vt 0.792973 0.703563
vt 0.850002 0.703563
vt 0.793620 0.351781
vt 0.850954 0.527672
vt 0.793620 0.527672
vt 0.793985 0.175891
vt 0.851140 0.351781
vt 0.793985 0.351781
vt 0.850686 0.703563
vt 0.793746 0.527672
vt 0.850686 0.527672
vt 0.619637 0.768745
vt 0.675670 0.944636
vt 0.619637 0.944636
vt 0.604662 0.944636
vt 0.604662 0.768745
vt 0.731652 0.527672
vt 0.778833 0.703563
vt 0.731652 0.703563
vt 0.779010 0.351781
vt 0.731652 0.351781
vt 0.778707 0.527672
vt 0.778707 0.351781
vt 0.777998 0.879453
vt 0.777998 0.703563
vt 0.997116 0.527672
vt 0.934201 0.351781
vt 0.997116 0.351781
vt 0.002759 0.548220
vt 0.793746 0.703563
vt 0.002759 0.411728
vt 0.193250 0.545967
vt 0.193250 0.409475
vt 0.851140 0.175891
vt 0.934326 0.351781
vt 0.193250 0.272983
vt 0.193250 0.136492
vt 0.997241 0.175891
vt 0.997241 0.351781
vt 0.002759 0.821204
vt 0.002759 0.684712
vt 0.193250 0.000000
vt 0.730660 0.768745
vt 0.730660 0.944636
vt 0.327923 0.000000
vt 0.933250 0.879453
vt 0.996212 0.703563
vt 0.996212 0.879453
vt 0.933250 0.703563
vt 0.779010 0.175891
vt 0.933934 0.527672
vt 0.933934 0.703563
vt 0.002759 0.275237
vt 0.996896 0.703563
vt 0.996896 0.527672
vt 0.934201 0.527672
vt 0.850954 0.351781
vt 0.002759 0.957695
vt 0.383742 0.948119
vt 0.731652 0.000000
vt 0.335991 0.416201
vt 0.145500 0.814348
vt 0.145500 0.691254
vt 0.973466 0.130205
vt 0.965838 0.007353
vt 0.336022 0.279494
vt 0.336022 0.552883
vt 0.336022 0.129668
vt 0.325482 0.007555
vt 0.957610 0.000000
vt 0.965838 0.122295
vt 0.957610 0.128960
vt 0.792973 0.879453
vt 0.675670 0.768745
vt 0.557697 0.944636
vt 0.778833 0.527672
vt 0.731652 0.879453
vt 0.934326 0.175891
vt 0.335992 0.143347
vt 0.949510 0.175891
vt 0.850953 0.527672
vt 0.145531 0.828027
vt 0.889418 0.275050
vt 0.869478 0.218869
vt 0.887577 0.204169
vt 0.943759 0.230917
vt 0.139499 0.432503
vt 0.000000 0.139499
vt 0.293005 0.000000
vt 0.432503 0.293005
vt 0.056897 0.432503
vt 0.097014 0.432503
vt 0.080235 0.572002
vt 0.040117 0.572002
vt 0.872878 0.162753
vt 0.899626 0.106572
vt 0.943759 0.160913
vt 0.887577 0.180852
vt 0.692759 0.106400
vt 0.732876 0.106400
vt 0.732876 0.286110
vt 0.692759 0.286110
vt 0.688209 0.651528
vt 0.728508 0.651460
vt 0.712939 0.766776
vt 0.672641 0.766844
vt 0.849561 0.162753
vt 0.829621 0.106572
vt 0.553833 0.400168
vt 0.568639 0.277081
vt 0.611503 0.283663
vt 0.595258 0.418714
vt 0.164237 0.581031
vt 0.179043 0.457943
vt 0.221308 0.488409
vt 0.208867 0.591844
vt 0.935860 0.030466
vt 0.802609 0.030466
vt 0.791796 0.000000
vt 0.950364 0.000000
vt 0.208867 0.725094
vt 0.164237 0.739599
vt 0.901514 0.589846
vt 0.890700 0.634475
vt 0.757450 0.634475
vt 0.742945 0.589846
vt 0.121373 0.574449
vt 0.121373 0.748429
vt 0.878739 0.679584
vt 0.863689 0.725982
vt 0.793684 0.725982
vt 0.773495 0.679584
vt 0.432503 0.169251
vt 0.478901 0.149062
vt 0.478901 0.254306
vt 0.432503 0.239256
vt 0.469074 0.336001
vt 0.524010 0.266268
vt 0.511568 0.369702
vt 0.253975 0.603806
vt 0.253975 0.709049
vt 0.524010 0.133017
vt 0.819414 0.275050
vt 0.846161 0.218869
vt 0.775281 0.220710
vt 0.831461 0.200769
vt 0.986164 0.145862
vt 0.986164 0.251106
vt 0.814571 0.064167
vt 0.919815 0.064167
vt 0.300373 0.618856
vt 0.300373 0.688861
vt 0.568639 0.118512
vt 0.263802 0.522111
vt 0.904469 0.317455
vt 0.799225 0.317455
vt 0.910543 0.465726
vt 0.910543 0.505843
vt 0.730833 0.505843
vt 0.730833 0.465726
vt 0.635862 0.425609
vt 0.652642 0.286110
vt 0.675979 0.425609
vt 0.652642 0.106400
vt 0.611503 0.109683
vt 0.591813 0.759586
vt 0.606885 0.647946
vt 0.647911 0.651596
vt 0.632342 0.766912
vt 0.908096 0.546982
vt 0.734116 0.546982
vt 0.550409 0.018546
vt 0.591501 0.000000
vt 0.137618 0.439398
vt 0.016780 0.432503
vt -0.000000 0.572002
vt 0.080235 0.751711
vt 0.716096 0.425609
vt 0.910543 0.425609
vt 0.730833 0.425609
vt 0.040117 0.751711
vt 0.000000 0.751711
vt 0.000000 0.319208
vt 0.113295 0.000000
vt 0.319208 0.432503
vt 0.345836 0.547857
vt 0.300373 0.520194
vt 0.300373 0.479402
vt 0.345836 0.432503
vt 0.609087 0.540844
vt 0.566517 0.546336
vt 0.562966 0.432374
vt 0.605553 0.427408
vt 0.522490 0.555130
vt 0.478069 0.564774
vt 0.474487 0.449819
vt 0.518923 0.440632
vt 0.783907 0.089071
vt 0.826464 0.109136
vt 0.775281 0.216642
vt 0.732876 0.196258
vt 0.690534 0.538445
vt 0.650233 0.538645
vt 0.646711 0.425609
vt 0.687020 0.425643
vt 0.730833 0.538334
vt 0.727321 0.425609
vt 0.382462 0.072653
vt 0.432503 0.177761
vt 1.000000 0.436369
vt 0.999966 0.476482
vt 0.992790 0.557169
vt 0.974011 0.598566
vt 0.564632 0.638014
vt 0.521122 0.621655
vt 0.943307 0.640803
vt 0.909402 0.683272
vt 0.732876 0.235760
vt 0.477271 0.603550
vt 0.432585 0.576760
vt 0.432503 0.580753
vt 0.999862 0.516587
vt 0.500000 0.500000
vt 0.500000 0.250000
s 1
f 37/1/1 71/2/1 2/2/1
f 16/3/2 52/4/2 43/5/2
f 31/6/3 50/7/3 46/8/3
f 58/9/4 17/3/4 34/10/4
f 62/11/5 35/10/5 23/12/5
f 20/13/6 47/8/6 65/14/6
f 45/5/7 15/15/7 21/13/7
f 44/5/8 49/16/8 13/15/8
f 27/17/9 51/16/9 3/2/9
f 6/18/9 54/4/9 57/19/9
f 30/20/9 63/21/9 12/22/9
f 42/23/9 66/14/9 9/24/9
f 27/17/9 66/14/9 48/8/9
f 30/20/9 57/19/9 60/9/9
f 3/2/9 54/4/9 39/1/9
f 78/18/9 84/22/9 90/24/9
f 26/17/4 88/24/4 7/24/4
f 29/20/3 82/22/3 80/20/3
f 1/2/5 67/17/5 25/17/5
f 11/22/10 86/23/10 83/22/10
f 4/18/6 79/20/6 76/18/6
f 8/24/11 85/23/11 40/23/11
f 38/1/12 77/18/12 74/1/12
f 37/1/1 73/1/1 71/2/1
f 16/3/2 55/25/2 52/4/2
f 31/6/3 14/15/3 50/7/3
f 58/9/4 56/19/4 17/3/4
f 62/11/5 59/9/5 35/10/5
f 20/13/6 32/6/6 47/8/6
f 33/6/7 21/13/7 15/15/7
f 45/5/7 21/13/7 24/12/7
f 24/12/7 36/10/7 18/3/7
f 45/5/7 24/12/7 18/3/7
f 44/5/8 53/4/8 49/16/8
f 27/17/9 48/8/9 51/16/9
f 6/18/9 39/1/9 54/4/9
f 30/20/9 60/9/9 63/21/9
f 27/17/9 9/24/9 66/14/9
f 30/20/9 6/18/9 57/19/9
f 3/2/9 51/16/9 54/4/9
f 42/23/9 12/22/9 63/21/9
f 90/24/9 69/17/9 72/2/9
f 72/2/9 75/1/9 78/18/9
f 78/18/9 81/20/9 84/22/9
f 84/22/9 87/23/9 90/24/9
f 90/24/9 72/2/9 78/18/9
f 26/17/4 68/17/4 88/24/4
f 29/20/3 10/22/3 82/22/3
f 1/2/5 70/2/5 67/17/5
f 11/22/10 41/23/10 86/23/10
f 4/18/6 28/20/6 79/20/6
f 8/24/11 89/24/11 85/23/11
f 38/1/12 5/18/12 77/18/12
f 91/26/13 94/27/13 96/28/13
f 101/29/14 105/30/13 107/31/14
f 101/29/14 107/31/14 109/32/14
f 99/29/13 94/27/13 91/26/13
f 99/29/13 91/26/13 103/30/13
f 104/30/12 92/26/12 19/13/12
f 21/13/7 93/26/7 98/28/7
f 21/13/7 98/28/7 24/12/7
f 61/21/1 95/27/1 100/29/1
f 61/21/1 22/12/1 97/28/1
f 61/21/1 97/28/1 95/27/1
f 42/23/9 110/32/9 108/31/9
f 42/23/9 108/31/9 66/14/9
f 42/23/9 63/21/9 102/29/9
f 42/23/9 102/29/9 110/32/9
f 106/31/12 104/30/12 19/13/12
f 106/31/12 19/13/12 64/33/12
f 146/34/9 119/33/9 152/35/9
f 120/21/15 129/13/15 117/33/15
f 159/36/7 125/15/7 164/37/7
f 126/3/13 111/16/13 123/15/13
f 163/37/16 112/7/17 156/38/17
f 160/39/18 127/3/18 158/36/18
f 145/40/18 143/10/18 153/41/18
f 147/42/19 136/8/19 150/43/19
f 149/42/7 144/10/7 142/6/7
f 157/44/9 139/45/9 137/46/9
f 131/13/7 154/41/7 149/42/7
f 130/13/20 151/43/20 118/14/20
f 121/11/18 153/41/18 133/12/18
f 139/45/9 152/35/9 137/46/9
f 113/47/9 161/48/9 157/44/9
f 138/9/18 158/36/18 143/10/18
f 140/6/21 155/38/21 135/8/21
f 144/10/7 164/37/7 142/6/7
f 146/34/9 122/21/9 119/33/9
f 120/21/15 132/12/15 129/13/15
f 159/36/7 128/3/7 125/15/7
f 126/3/13 114/25/13 111/16/13
f 163/37/16 124/15/16 112/7/17
f 160/39/18 115/19/18 127/3/18
f 145/40/18 138/9/18 143/10/18
f 147/42/19 141/6/19 136/8/19
f 149/42/7 154/41/7 144/10/7
f 157/44/9 161/48/9 139/45/9
f 131/13/7 134/12/7 154/41/7
f 130/13/20 148/42/20 151/43/20
f 121/11/18 145/40/18 153/41/18
f 139/45/9 146/34/9 152/35/9
f 113/47/9 116/49/9 161/48/9
f 138/9/18 160/39/18 158/36/18
f 140/6/21 162/37/21 155/38/21
f 144/10/7 159/36/7 164/37/7
f 200/34/9 173/33/9 206/35/9
f 174/21/13 183/13/13 171/33/13
f 213/36/7 179/15/7 218/37/7
f 180/3/15 165/16/15 177/15/15
f 217/37/22 166/7/22 210/38/22
f 214/39/23 181/3/23 212/36/23
f 199/40/23 197/10/23 207/41/23
f 201/42/24 190/8/24 204/43/24
f 203/42/7 198/10/7 196/6/7
f 211/44/9 193/45/9 191/46/9
f 185/13/7 208/41/7 203/42/7
f 184/13/25 205/43/26 172/14/26
f 175/11/23 207/41/23 187/12/23
f 193/45/9 206/35/9 191/46/9
f 167/47/9 215/48/9 211/44/9
f 192/9/23 212/36/23 197/10/23
f 194/6/27 209/38/27 189/8/27
f 198/10/7 218/37/7 196/6/7
f 200/34/9 176/21/9 173/33/9
f 174/21/13 186/12/13 183/13/13
f 213/36/7 182/3/7 179/15/7
f 180/3/15 168/25/15 165/16/15
f 217/37/22 178/15/22 166/7/22
f 214/39/23 169/19/23 181/3/23
f 199/40/23 192/9/23 197/10/23
f 201/42/24 195/6/24 190/8/24
f 203/42/7 208/41/7 198/10/7
f 211/44/9 215/48/9 193/45/9
f 185/13/7 188/12/7 208/41/7
f 184/13/25 202/42/25 205/43/26
f 175/11/23 199/40/23 207/41/23
f 193/45/9 200/34/9 206/35/9
f 167/47/9 170/49/9 215/48/9
f 192/9/23 214/39/23 212/36/23
f 194/6/27 216/37/27 209/38/27
f 198/10/7 213/36/7 218/37/7
f 291/50/28 232/51/28 301/52/28
f 455/53/18 244/54/18 481/55/18
f 283/56/29 242/57/29 238/58/29
f 564/59/23 219/60/23 592/61/23
f 495/62/30 240/63/30 457/64/30
f 607/65/31 226/66/31 568/67/31
f 288/68/32 598/69/32 611/70/32
f 496/71/33 263/72/33 487/73/33
f 304/74/34 261/75/35 295/76/35
f 282/77/36 255/78/36 271/79/36
f 223/60/37 280/77/37 270/79/37
f 597/69/38 277/80/38 605/65/38
f 262/72/39 490/62/39 486/73/39
f 265/81/34 284/56/35 261/75/35
f 249/82/40 294/76/40 245/83/41
f 247/84/42 501/71/42 482/85/42
f 235/86/43 613/70/43 591/87/43
f 256/88/44 293/50/44 302/52/44
f 340/89/45 383/90/46 329/91/45
f 562/92/47 352/93/47 581/94/47
f 335/95/48 578/96/48 571/97/48
f 274/98/49 373/99/49 243/57/49
f 584/94/50 336/95/50 572/97/50
f 324/100/51 388/101/52 341/89/51
f 266/81/53 370/102/53 275/98/53
f 346/103/54 595/104/54 575/96/54
f 509/105/23 316/106/23 533/107/23
f 560/108/55 313/109/55 308/110/55
f 362/111/56 558/112/56 540/113/56
f 545/114/57 391/115/57 551/116/57
f 396/117/58 546/118/58 557/112/58
f 552/116/59 400/119/59 531/120/59
f 306/74/53 382/121/53 266/81/53
f 532/122/18 359/111/18 537/113/18
f 483/123/23 371/124/23 502/125/23
f 315/109/60 393/117/61 360/111/61
f 357/126/62 384/127/63 392/117/63
f 305/74/64 365/128/64 376/129/64
f 410/130/23 528/120/23 509/105/23
f 455/53/18 429/131/18 458/132/18
f 469/133/65 453/134/65 503/135/65
f 447/136/66 463/137/66 475/138/66
f 464/137/67 441/139/67 468/133/67
f 431/140/68 476/138/68 459/141/68
f 456/142/23 410/130/23 402/143/23
f 506/144/69 424/145/69 524/146/69
f 411/147/70 517/148/70 512/149/70
f 523/146/71 412/147/71 513/149/71
f 418/150/72 534/151/72 518/148/72
f 532/122/18 406/152/18 505/153/18
f 237/154/23 483/123/23 456/142/23
f 364/128/73 477/155/73 375/129/73
f 381/121/74 472/156/74 369/102/74
f 479/155/74 381/121/74 377/129/74
f 470/156/75 372/99/75 367/102/75
f 455/53/18 363/157/18 248/158/18
f 483/123/23 451/131/23 410/130/23
f 407/159/76 498/71/76 426/145/76
f 484/73/77 417/150/77 413/147/77
f 423/145/78 485/73/78 414/147/78
f 492/62/79 403/160/79 420/150/79
f 401/161/18 481/55/18 406/152/18
f 307/110/18 532/122/18 505/153/18
f 516/148/80 318/162/80 343/103/80
f 348/93/81 511/149/81 332/95/81
f 510/149/82 342/103/82 331/95/82
f 309/163/83 522/146/83 349/93/83
f 509/105/23 397/119/23 321/164/23
f 401/161/18 537/113/18 429/131/18
f 444/139/84 530/165/84 454/134/84
f 554/166/85 438/167/85 448/136/85
f 437/167/86 548/168/86 442/139/86
f 539/169/87 450/136/87 432/140/87
f 402/143/23 509/105/23 533/107/23
f 228/51/18 587/170/18 559/108/18
f 577/96/88 220/171/88 267/172/88
f 299/173/89 570/97/89 252/174/89
f 569/97/90 268/172/90 251/174/90
f 229/175/91 583/94/91 298/173/91
f 589/87/92 354/176/92 314/177/92
f 327/91/93 608/65/93 339/89/93
f 614/70/94 328/91/94 356/176/94
f 337/89/95 566/67/95 323/100/95
f 322/164/96 593/61/96 317/106/96
f 290/50/97 236/178/97 231/51/97
f 455/53/18 248/158/18 244/54/18
f 283/56/29 272/98/29 242/57/29
f 564/59/23 224/179/23 219/60/23
f 491/62/98 285/180/98 239/63/98
f 604/65/99 276/80/99 225/66/99
f 289/68/100 258/181/100 600/69/100
f 500/71/101 297/182/101 264/72/101
f 304/74/34 265/81/34 261/75/35
f 281/77/102 259/183/102 253/78/102
f 222/60/103 227/179/103 279/77/103
f 599/69/104 257/181/104 278/80/104
f 264/72/101 286/180/101 494/62/101
f 265/81/34 273/98/34 284/56/35
f 249/82/40 303/74/40 294/76/40
f 246/84/105 296/182/105 497/71/105
f 234/86/106 287/68/106 610/70/106
f 254/88/107 260/184/107 292/50/107
f 340/89/45 387/101/46 383/90/46
f 561/92/108 311/163/108 351/93/108
f 333/95/109 347/103/109 576/96/109
f 274/98/49 368/102/49 373/99/49
f 582/94/110 353/93/110 334/95/110
f 324/100/51 398/185/52 388/101/52
f 266/81/53 382/121/53 370/102/53
f 345/103/111 320/162/111 594/104/111
f 509/105/23 321/164/23 316/106/23
f 560/108/55 588/170/55 313/109/55
f 361/111/112 394/117/112 556/112/112
f 543/114/113 385/186/113 390/115/113
f 395/117/114 386/127/114 544/118/114
f 550/116/115 389/115/115 399/119/115
f 306/74/53 378/129/53 382/121/53
f 532/122/18 312/109/18 359/111/18
f 483/123/23 241/187/23 371/124/23
f 315/109/60 358/126/60 393/117/61
f 357/126/62 330/188/62 384/127/63
f 305/74/64 250/82/64 365/128/64
f 410/130/23 451/131/23 528/120/23
f 455/53/18 401/161/18 429/131/18
f 467/133/116 439/139/116 452/134/116
f 446/136/117 433/167/117 461/137/117
f 462/137/118 434/167/118 440/139/118
f 430/140/119 445/136/119 474/138/119
f 456/142/23 483/123/23 410/130/23
f 508/144/120 408/159/120 428/145/120
f 415/147/121 419/150/121 520/148/121
f 526/146/122 425/145/122 416/147/122
f 422/150/123 404/160/123 536/151/123
f 532/122/18 401/161/18 406/152/18
f 237/154/23 241/187/23 483/123/23
f 366/128/124 460/189/124 480/155/124
f 380/121/125 466/190/125 471/156/125
f 478/155/126 465/190/126 379/121/126
f 473/156/127 504/191/127 374/99/127
f 455/53/18 458/132/18 363/157/18
f 483/123/23 502/125/23 451/131/23
f 409/159/42 482/85/42 501/71/42
f 488/73/128 493/62/128 421/150/128
f 427/145/129 499/71/129 489/73/129
f 495/62/30 457/64/30 405/160/30
f 401/161/18 455/53/18 481/55/18
f 307/110/18 312/109/18 532/122/18
f 521/148/130 535/151/130 319/162/130
f 350/93/131 525/146/131 515/149/131
f 514/149/132 519/148/132 344/103/132
f 310/163/133 507/144/133 527/146/133
f 509/105/23 528/120/23 397/119/23
f 401/161/18 532/122/18 537/113/18
f 443/139/134 549/168/134 529/165/134
f 553/166/135 542/192/135 436/167/135
f 435/167/136 541/192/136 547/168/136
f 538/169/137 555/166/137 449/136/137
f 402/143/23 410/130/23 509/105/23
f 228/51/18 233/178/18 587/170/18
f 580/96/138 596/104/138 221/171/138
f 300/173/139 585/94/139 574/97/139
f 573/97/140 579/96/140 269/172/140
f 230/175/141 563/92/141 586/94/141
f 590/87/142 609/70/142 355/176/142
f 325/91/143 601/69/143 606/65/143
f 612/70/144 602/69/144 326/91/144
f 338/89/145 603/65/145 567/67/145
f 322/164/96 565/59/96 593/61/96
f 628/193/146 698/194/146 703/195/146
f 634/196/147 751/197/147 757/198/147
f 646/199/148 735/200/148 740/201/148
f 722/202/149 656/203/149 717/204/149
f 748/205/150 666/206/150 743/207/150
f 768/208/151 674/209/151 762/210/151
f 682/211/152 725/212/152 730/213/152
f 713/214/153 692/215/153 709/216/153
f 705/195/154 684/217/154 680/211/154
f 638/218/155 706/216/155 641/219/155
f 690/220/156 715/204/156 695/215/156
f 732/221/157 648/4/157 644/199/157
f 741/201/158 676/209/158 672/222/158
f 654/223/159 742/207/159 658/203/159
f 758/198/160 664/206/160 662/224/160
f 618/225/161 761/210/161 620/16/161
f 763/226/162 631/227/162 621/228/162
f 624/229/163 708/216/163 699/194/163
f 736/230/164 660/203/164 745/207/164
f 650/231/165 719/204/165 659/203/165
f 737/230/166 669/206/166 678/232/166
f 677/232/167 755/197/167 764/226/167
f 687/217/168 718/204/168 727/212/168
f 701/194/169 694/215/169 685/217/169
f 787/233/170 907/234/170 909/235/170
f 921/236/171 770/237/171 914/238/171
f 872/239/172 803/240/172 870/241/172
f 807/242/173 878/243/173 885/244/173
f 891/245/174 822/246/174 888/247/174
f 827/248/175 896/249/175 902/250/175
f 834/251/176 852/252/176 856/253/176
f 866/254/177 847/255/177 861/256/177
f 855/253/178 795/257/178 791/258/178
f 778/259/179 860/256/179 781/260/179
f 874/239/180 839/261/180 833/251/180
f 843/262/181 880/243/181 846/255/181
f 798/263/182 889/247/182 805/240/182
f 903/250/183 811/264/183 809/242/183
f 911/235/184 821/246/184 815/265/184
f 826/248/185 916/238/185 829/266/185
f 619/267/186 772/237/186 616/268/186
f 912/235/187 771/237/187 788/233/187
f 773/269/23 765/208/23 615/225/23
f 777/259/188 780/260/189 794/257/188
f 858/253/190 782/260/190 863/256/190
f 776/259/23 702/270/23 865/254/23
f 756/198/18 783/271/18 632/196/18
f 711/214/18 793/257/18 851/252/18
f 652/223/18 869/241/18 802/240/18
f 800/263/191 882/243/191 813/264/191
f 801/263/192 899/249/192 894/245/192
f 747/205/18 802/240/18 887/247/18
f 884/244/23 643/199/23 806/242/23
f 806/242/23 738/201/23 901/250/23
f 661/224/18 887/247/18 819/246/18
f 895/245/193 832/266/193 818/265/193
f 817/265/194 918/238/194 913/235/194
f 661/224/18 905/234/18 756/198/18
f 901/250/23 670/222/23 824/248/23
f 919/236/23 670/222/23 765/208/23
f 688/220/18 851/252/18 838/261/18
f 837/251/195 864/256/195 850/255/195
f 836/251/196 883/243/196 877/239/196
f 720/202/18 838/261/18 869/241/18
f 865/254/23 679/272/23 842/262/23
f 842/262/23 729/221/23 884/244/23
f 627/193/197 623/229/197 697/194/197
f 635/196/198 630/227/198 752/197/198
f 645/199/199 649/4/199 733/200/199
f 723/202/200 653/223/200 657/203/200
f 750/205/201 663/224/201 667/206/201
f 767/208/202 671/222/202 673/209/202
f 681/211/203 686/217/203 724/212/203
f 714/214/204 689/220/204 693/215/204
f 704/195/205 700/194/205 683/217/205
f 639/218/206 712/214/206 707/216/206
f 691/220/207 721/202/207 716/204/207
f 731/221/208 726/273/208 647/4/208
f 739/201/209 734/200/209 675/209/209
f 655/223/210 749/205/210 744/207/210
f 759/198/211 753/197/211 665/206/211
f 617/225/212 766/208/212 760/210/212
f 763/226/162 754/197/162 631/227/162
f 624/229/163 642/219/163 708/216/163
f 736/230/164 651/231/164 660/203/164
f 650/231/165 728/212/165 719/204/165
f 737/230/166 746/207/166 669/206/166
f 677/232/167 668/206/167 755/197/167
f 687/217/168 696/215/168 718/204/168
f 701/194/169 710/216/169 694/215/169
f 786/233/213 784/271/213 906/234/213
f 920/236/214 774/269/214 769/237/214
f 873/239/215 797/263/215 804/240/215
f 808/242/216 810/264/216 879/243/216
f 892/245/217 816/265/217 823/246/217
f 828/248/218 830/266/218 897/249/218
f 835/251/219 841/261/219 854/252/219
f 868/254/220 845/262/220 848/255/220
f 857/253/221 853/252/221 796/257/221
f 779/259/222 867/254/222 862/256/222
f 875/239/223 871/241/223 840/261/223
f 844/262/224 886/244/224 881/243/224
f 799/263/225 893/245/225 890/247/225
f 904/250/226 898/249/226 812/264/226
f 910/235/184 908/234/184 820/246/184
f 825/248/185 922/236/185 915/238/185
f 619/267/186 629/274/186 789/233/186
f 629/274/186 633/275/186 789/233/186
f 633/275/186 785/271/186 789/233/186
f 789/233/186 772/237/186 619/267/186
f 772/237/186 775/269/186 616/268/186
f 912/235/187 917/238/187 771/237/187
f 773/269/23 919/236/23 765/208/23
f 780/260/189 790/258/189 794/257/188
f 794/257/188 637/276/188 626/277/188
f 637/276/188 640/278/188 626/277/188
f 640/278/188 622/279/188 626/277/188
f 626/277/188 777/259/188 794/257/188
f 858/253/190 792/258/190 782/260/190
f 776/259/23 625/280/23 702/270/23
f 756/198/18 905/234/18 783/271/18
f 711/214/18 636/218/18 793/257/18
f 652/223/18 720/202/18 869/241/18
f 800/263/191 876/239/191 882/243/191
f 801/263/192 814/264/192 899/249/192
f 747/205/18 652/223/18 802/240/18
f 884/244/23 729/221/23 643/199/23
f 806/242/23 643/199/23 738/201/23
f 661/224/18 747/205/18 887/247/18
f 895/245/193 900/249/193 832/266/193
f 817/265/194 831/266/194 918/238/194
f 661/224/18 819/246/18 905/234/18
f 901/250/23 738/201/23 670/222/23
f 919/236/23 824/248/23 670/222/23
f 688/220/18 711/214/18 851/252/18
f 837/251/195 859/253/195 864/256/195
f 836/251/196 849/255/196 883/243/196
f 720/202/18 688/220/18 838/261/18
f 865/254/23 702/270/23 679/272/23
f 842/262/23 679/272/23 729/221/23
f 1454/281/227 1642/282/227 1452/283/227
f 1053/284/228 1129/285/228 1076/286/228
f 1483/287/229 1580/288/229 1461/289/229
f 1633/290/230 1466/291/230 1456/281/230
f 1628/292/231 1471/293/231 1477/294/231
f 1393/295/232 1173/296/232 1404/297/232
f 1620/298/233 1478/294/233 1468/291/233
f 1403/297/234 1154/299/234 1412/300/234
f 1415/301/235 1146/302/235 1368/303/235
f 1432/304/236 1101/305/236 1416/301/236
f 1428/306/237 1030/307/237 1431/304/237
f 1602/308/238 1481/287/238 1473/293/238
f 1796/309/239 970/310/239 1450/311/239
f 1488/312/240 1682/313/240 1679/314/240
f 1024/315/18 1651/316/18 1660/317/18
f 1716/318/23 983/319/23 1688/320/23
f 1507/321/241 1590/322/241 1487/323/241
f 1463/324/242 1576/325/242 1493/326/243
f 1025/315/244 1069/327/244 1078/328/244
f 1495/326/245 1560/329/245 1497/330/245
f 1002/331/23 1715/332/23 1714/333/23
f 995/334/18 1658/335/18 1656/336/18
f 1020/337/246 1074/286/246 1008/338/246
f 1499/330/247 1570/339/247 1509/321/247
f 1715/332/23 1021/340/23 1716/318/23
f 1658/335/18 1024/315/18 1660/317/18
f 988/341/246 1051/284/246 1020/337/246
f 1554/342/248 1503/343/248 1491/344/248
f 979/345/249 1079/328/249 1039/346/249
f 1014/347/250 1058/348/250 1068/327/250
f 1006/338/251 1062/349/251 993/350/251
f 1739/351/252 1156/352/252 1162/353/252
f 1072/327/253 1113/354/253 1124/355/253
f 1040/346/254 1134/356/254 1095/357/254
f 1075/286/255 1117/358/255 1066/349/255
f 1050/359/256 1087/360/256 1055/284/256
f 1081/328/257 1125/355/257 1135/356/257
f 1148/302/258 1382/361/258 1369/303/258
f 1540/362/259 1511/363/259 1505/364/259
f 1107/365/260 1446/366/260 1386/361/260
f 1746/367/261 1167/368/261 1143/369/261
f 1751/370/262 1158/371/262 1755/372/262
f 1760/373/263 1138/374/263 1765/375/263
f 1741/376/18 1161/353/18 1165/368/18
f 1805/377/264 1517/378/264 1799/379/264
f 1764/375/23 1163/380/23 1750/370/23
f 1411/300/265 1034/381/265 1427/306/265
f 1187/382/266 1212/383/266 1194/384/266
f 1182/385/267 1200/386/267 1204/387/267
f 1202/387/268 1238/388/268 1242/389/268
f 1252/390/269 1207/391/269 1247/392/269
f 1239/389/270 1272/393/270 1275/394/270
f 1286/395/271 1244/392/271 1280/396/271
f 1254/397/272 1292/398/272 1296/399/272
f 1305/400/273 1267/401/273 1300/402/273
f 1277/394/274 1260/403/274 1253/397/274
f 1264/404/275 1282/396/275 1266/401/275
f 1233/405/276 1291/398/276 1229/406/276
f 1304/400/277 1218/407/277 1224/408/277
f 1227/406/278 1328/409/278 1231/405/278
f 1221/408/279 1307/410/279 1313/411/279
f 1323/412/280 1349/413/280 1329/409/280
f 1318/414/281 1334/415/281 1341/416/281
f 1771/417/282 1362/418/282 1774/419/282
f 1338/420/283 1869/421/283 1831/422/283
f 1661/423/23 1177/424/23 1662/425/23
f 1172/296/284 1389/426/284 1399/427/284
f 1193/428/18 1668/429/18 1665/430/18
f 1398/427/285 1153/299/285 1168/296/285
f 933/431/23 1718/432/23 1717/433/23
f 1211/434/18 1670/435/18 1668/429/18
f 1220/436/18 1656/336/18 1671/437/18
f 998/334/286 1315/414/286 1057/348/286
f 1302/438/18 1671/437/18 1672/439/18
f 1149/302/287 1377/440/287 1102/365/287
f 1419/441/288 1145/302/288 1098/305/288
f 942/442/23 1714/333/23 1702/443/23
f 1703/444/23 942/442/23 1702/443/23
f 992/350/289 1320/412/289 1228/406/289
f 1407/445/290 1033/381/290 1151/299/290
f 1718/432/23 957/446/23 1721/447/23
f 1249/448/18 1676/449/18 1670/435/18
f 1705/450/23 963/451/23 1703/444/23
f 1721/447/23 951/452/23 1705/450/23
f 1436/453/291 1100/305/291 1031/307/291
f 1424/454/292 1029/307/292 1035/381/292
f 1262/455/18 1672/439/18 1678/456/18
f 1285/457/18 1678/456/18 1676/449/18
f 1104/365/293 1440/458/293 973/459/293
f 1061/348/294 1340/416/294 1112/354/294
f 1065/349/295 1344/460/295 1322/412/295
f 1792/461/296 969/310/296 1727/462/296
f 1735/463/297 1357/464/297 1157/352/297
f 1754/372/298 1359/465/298 1768/417/298
f 1370/466/299 1326/409/299 1375/467/299
f 1299/402/300 1367/303/300 1219/407/300
f 1378/467/301 1351/413/301 1439/468/301
f 1366/303/302 1309/410/302 1215/407/302
f 1396/469/303 1183/385/303 1205/387/303
f 1203/387/304 1406/470/304 1395/469/304
f 1189/382/305 1401/297/305 1210/391/305
f 1241/389/306 1421/471/306 1405/470/306
f 1208/391/307 1410/300/307 1248/392/307
f 1295/399/308 1372/466/308 1417/472/308
f 1270/401/309 1414/301/309 1301/402/309
f 1279/394/310 1433/473/310 1422/471/310
f 1246/392/311 1425/306/311 1283/396/311
f 1284/396/312 1429/304/312 1269/401/312
f 1257/397/313 1418/472/313 1434/473/313
f 1775/419/314 1447/474/315 1790/475/314
f 1385/361/316 1336/476/316 1312/410/316
f 1786/477/317 1449/311/318 1355/478/318
f 1802/479/319 1516/378/319 1519/480/319
f 1537/481/320 1512/363/320 1523/482/320
f 1547/483/321 1500/343/321 1534/484/321
f 1498/330/322 1566/485/322 1558/486/322
f 1494/326/323 1556/486/323 1574/487/323
f 1462/324/324 1572/487/324 1586/488/324
f 1506/321/325 1594/489/325 1565/485/325
f 1684/490/326 1489/312/326 1680/314/326
f 1598/491/327 1480/287/327 1604/492/327
f 1614/493/328 1474/294/328 1622/494/328
f 1624/494/329 1470/293/329 1596/491/329
f 1636/495/330 1465/291/330 1612/493/330
f 1482/287/331 1584/496/331 1606/492/331
f 1647/497/332 1455/281/332 1453/283/332
f 1800/479/333 1141/498/333 1763/499/333
f 1049/500/334 1524/482/334 1091/501/334
f 1804/377/335 1144/502/335 1520/503/335
f 1544/483/336 1045/504/336 987/505/336
f 1041/506/337 1528/507/337 1541/362/337
f 1545/508/338 1654/509/338 1681/313/338
f 1549/342/339 1037/510/339 1538/511/339
f 1573/487/340 1010/512/340 1004/513/340
f 1561/329/341 1028/514/341 1568/339/341
f 1557/486/342 1023/515/342 1011/512/342
f 1567/339/343 982/516/343 1589/322/343
f 1585/488/344 1003/513/344 944/517/345
f 1577/325/346 1017/518/346 1559/329/346
f 1581/288/347 1000/519/347 1575/520/347
f 1605/492/348 943/521/348 965/522/348
f 1652/523/349 1551/524/349 1683/490/349
f 1563/485/350 985/525/350 1022/515/350
f 1623/494/351 952/526/351 959/527/351
f 1601/308/352 967/528/352 1607/529/352
f 1597/491/353 964/522/353 953/526/353
f 1609/529/354 940/530/354 1579/288/354
f 934/531/355 1611/493/355 946/532/355
f 950/533/356 1625/292/357 1618/298/356
f 947/532/358 1621/494/358 958/527/358
f 1627/292/359 955/534/359 1599/308/359
f 937/535/360 1616/298/360 1629/290/360
f 1638/495/361 925/536/361 1643/282/361
f 930/537/362 1632/290/362 1648/497/362
f 1394/538/9 1186/539/9 1390/540/9
f 1176/541/9 1394/538/9 1390/540/9
f 1195/542/363 1185/539/363 1191/543/363
f 1180/544/364 1667/545/364 1664/546/364
f 926/547/365 1650/548/365 1645/549/365
f 1451/550/366 1641/549/366 1646/548/366
f 1695/551/367 1666/545/367 1698/552/367
f 1687/553/349 1683/490/349 1712/554/349
f 1681/313/338 1690/555/338 1725/556/338
f 1713/554/326 1680/314/326 1709/557/326
f 1676/449/18 1722/558/18 1704/559/18
f 1678/456/18 1720/560/18 1722/558/18
f 1271/393/23 1677/561/23 1258/403/23
f 1258/403/23 1674/562/23 1289/398/23
f 1670/435/18 1704/559/18 1701/563/18
f 1235/388/23 1675/564/23 1271/393/23
f 1289/398/23 1673/565/23 1225/406/23
f 1225/406/23 1655/566/23 991/350/23
f 1672/439/18 1719/567/18 1720/560/18
f 1719/567/18 1656/336/18 1691/568/18
f 1668/429/18 1701/563/18 1700/569/18
f 1197/386/23 1669/570/23 1235/388/23
f 1697/571/18 1668/429/18 1700/569/18
f 1661/423/23 1694/572/23 1717/433/23
f 1692/573/18 1660/317/18 1693/574/18
f 1657/575/23 1019/337/23 1005/338/23
f 1691/568/18 1658/335/18 1692/573/18
f 991/350/23 1657/575/23 1005/338/23
f 1019/337/23 1653/576/23 986/341/23
f 1660/317/18 1685/577/18 1693/574/18
f 1679/314/240 1726/556/240 1708/557/240
f 1706/557/368 1592/578/368 1484/579/368
f 1693/574/18 980/580/18 1026/581/18
f 999/582/18 1692/573/18 1016/583/18
f 1692/573/18 1026/581/18 1016/583/18
f 1717/433/23 923/584/23 933/431/23
f 928/585/18 1700/569/18 936/586/18
f 936/586/18 1701/563/18 948/587/18
f 939/588/18 1691/568/18 999/582/18
f 1720/560/18 939/588/18 966/589/18
f 1701/563/18 960/590/18 948/587/18
f 1722/558/18 966/589/18 954/591/18
f 1704/559/18 954/591/18 960/590/18
f 1588/592/369 1707/557/369 1485/579/369
f 1723/556/370 984/593/370 1591/578/370
f 981/594/371 1710/554/371 1587/592/371
f 1696/551/372 932/595/372 927/547/372
f 1675/564/23 1705/450/23 1677/561/23
f 1677/561/23 1703/444/23 1674/562/23
f 1669/570/23 1721/447/23 1675/564/23
f 1674/562/23 1702/443/23 1673/565/23
f 1702/443/23 1655/566/23 1673/565/23
f 1661/423/23 1718/432/23 1669/570/23
f 1715/332/23 1659/596/23 1657/575/23
f 1714/333/23 1657/575/23 1655/566/23
f 1659/596/23 1688/320/23 1653/576/23
f 1838/597/335 1748/598/335 1803/377/335
f 1879/599/333 1763/499/333 1861/600/333
f 1881/599/319 1798/379/319 1802/479/319
f 1872/421/373 1795/309/373 1789/477/373
f 1827/601/374 1791/475/374 1835/602/374
f 1815/603/375 1769/417/375 1863/604/375
f 1846/605/376 1781/606/376 1736/463/376
f 1837/607/377 1729/462/377 1842/608/377
f 1783/609/378 1354/478/378 1358/610/378
f 1868/604/379 1777/419/379 1826/601/379
f 1820/611/23 1750/370/23 1854/612/23
f 1839/597/264 1799/379/264 1878/613/264
f 1850/614/18 1737/351/18 1741/376/18
f 1859/615/380 1767/375/380 1821/611/380
f 1855/612/381 1756/372/381 1814/603/381
f 1810/616/382 1743/376/382 1747/367/382
f 1808/617/383 1734/463/383 1740/351/383
f 1876/618/384 1730/462/384 1797/309/384
f 1443/366/385 1841/608/385 1875/618/385
f 1122/355/386 1848/605/386 1809/617/386
f 1094/357/387 1853/614/387 1812/616/387
f 1127/285/388 1817/603/388 1115/358/388
f 1088/619/389 1822/611/389 1084/360/389
f 1132/356/18 1806/617/18 1850/614/18
f 1532/507/264 1878/613/264 1515/363/264
f 1083/360/23 1854/612/23 1126/285/23
f 1343/460/390 1824/601/390 1347/413/390
f 1438/458/391 1840/608/391 971/459/391
f 1110/354/392 1830/620/392 1849/605/392
f 1114/358/393 1864/604/393 1342/460/393
f 1348/413/394 1834/602/394 1437/468/394
f 1332/476/395 1873/618/395 1870/421/395
f 1527/482/319 1877/613/319 1881/599/319
f 1525/482/333 1861/600/333 1092/501/333
f 1531/507/335 1813/621/335 1838/597/335
f 1832/422/396 1787/477/396 1784/609/396
f 1459/281/397 1640/495/397 1644/282/397
f 1054/284/398 1086/360/398 1131/285/398
f 1483/287/229 1610/529/229 1580/288/229
f 1630/290/399 1617/298/399 1464/291/399
f 1628/292/231 1600/308/231 1471/293/231
f 1392/295/400 1175/622/400 1171/296/400
f 1619/298/401 1626/292/401 1475/294/401
f 1403/297/234 1169/296/234 1154/299/234
f 1415/301/235 1099/305/235 1146/302/235
f 1432/304/236 1032/307/402 1101/305/236
f 1428/306/237 1036/381/237 1030/307/237
f 1602/308/238 1608/529/238 1481/287/238
f 1796/309/239 1728/462/239 970/310/239
f 1488/312/240 1546/508/240 1682/313/240
f 1024/315/18 975/345/18 1651/316/18
f 1716/318/23 1021/340/23 983/319/23
f 1507/321/241 1569/339/241 1590/322/241
f 1463/324/242 1582/623/242 1576/325/242
f 1025/315/244 1015/347/244 1069/327/244
f 1495/326/245 1578/325/245 1560/329/245
f 1002/331/23 1009/624/23 1715/332/23
f 995/334/18 1012/347/18 1658/335/18
f 1020/337/246 1051/284/246 1074/286/246
f 1499/330/247 1562/329/247 1570/339/247
f 1715/332/23 1009/624/23 1021/340/23
f 1658/335/18 1012/347/18 1024/315/18
f 990/341/403 1046/359/403 1052/284/403
f 1553/342/404 1539/511/404 1501/343/404
f 977/345/244 1025/315/244 1078/328/244
f 1013/347/405 997/334/405 1056/348/405
f 1007/338/406 1073/286/406 1064/349/406
f 1738/351/407 1732/463/407 1155/352/407
f 1070/327/408 1060/348/408 1111/354/408
f 1043/346/409 1082/328/409 1136/356/409
f 1077/286/410 1130/285/410 1119/358/410
f 1047/359/411 1090/619/411 1085/360/411
f 1080/328/412 1071/327/412 1123/355/412
f 1150/302/413 1103/365/413 1383/361/413
f 1542/362/414 1529/507/414 1513/363/414
f 1105/365/415 974/459/415 1445/366/415
f 1745/367/416 1742/376/416 1166/368/416
f 1752/370/417 1164/380/417 1159/371/417
f 1761/373/418 1140/625/418 1139/374/418
f 1741/376/18 1737/351/18 1161/353/18
f 1805/377/264 1521/503/264 1517/378/264
f 1764/375/23 1137/374/23 1163/380/23
f 1411/300/265 1152/299/265 1034/381/265
f 1188/382/419 1209/391/419 1214/383/419
f 1181/385/420 1178/424/420 1198/386/420
f 1201/387/421 1199/386/421 1237/388/421
f 1251/390/422 1213/383/422 1206/391/422
f 1240/389/423 1236/388/423 1273/393/423
f 1287/395/424 1250/390/424 1245/392/424
f 1255/397/425 1261/403/425 1293/398/425
f 1306/400/426 1265/404/426 1268/401/426
f 1276/394/427 1274/393/427 1259/403/427
f 1263/404/428 1288/395/428 1281/396/428
f 1232/405/429 1294/399/429 1290/398/429
f 1303/400/430 1298/402/430 1217/407/430
f 1226/406/431 1319/412/431 1325/409/431
f 1222/408/432 1216/407/432 1310/410/432
f 1324/412/433 1346/460/433 1350/413/433
f 1317/414/434 1311/626/434 1333/415/434
f 1772/417/435 1361/465/435 1363/418/435
f 1338/420/283 1331/476/283 1869/421/283
f 1661/423/23 1197/386/23 1177/424/23
f 1170/296/436 1174/622/436 1388/426/436
f 1193/428/18 1211/434/18 1668/429/18
f 1398/427/285 1408/445/285 1153/299/285
f 933/431/23 945/627/23 1718/432/23
f 1211/434/18 1249/448/18 1670/435/18
f 1220/436/18 995/334/18 1656/336/18
f 996/334/437 1223/436/437 1314/414/437
f 1302/438/18 1220/436/18 1671/437/18
f 1147/302/438 1374/628/438 1376/440/438
f 1419/441/288 1373/628/288 1145/302/288
f 942/442/23 1002/331/23 1714/333/23
f 1703/444/23 963/451/23 942/442/23
f 994/350/439 1063/349/439 1321/412/439
f 1407/445/290 1423/454/290 1033/381/290
f 1718/432/23 945/627/23 957/446/23
f 1249/448/18 1285/457/18 1676/449/18
f 1705/450/23 951/452/23 963/451/23
f 1721/447/23 957/446/23 951/452/23
f 1436/453/291 1420/441/291 1100/305/291
f 1424/454/292 1435/453/292 1029/307/292
f 1262/455/18 1302/438/18 1672/439/18
f 1285/457/18 1262/455/18 1678/456/18
f 1106/365/440 1380/440/440 1441/458/440
f 1059/348/441 1316/414/441 1339/416/441
f 1067/349/442 1118/358/442 1345/460/442
f 1792/461/296 1448/629/296 969/310/296
f 1731/463/443 1779/606/443 1356/464/443
f 1758/372/444 1160/371/444 1360/465/444
f 1371/466/445 1230/405/445 1327/409/445
f 1299/402/300 1413/301/300 1367/303/300
f 1379/467/446 1330/409/446 1352/413/446
f 1365/303/447 1381/361/447 1308/410/447
f 1397/469/448 1387/630/448 1184/385/448
f 1203/387/304 1243/389/304 1406/470/304
f 1190/382/449 1391/295/449 1402/297/449
f 1241/389/306 1278/394/306 1421/471/306
f 1208/391/307 1400/297/307 1410/300/307
f 1295/399/308 1234/405/308 1372/466/308
f 1270/401/309 1430/304/309 1414/301/309
f 1279/394/310 1256/397/310 1433/473/310
f 1246/392/311 1409/300/311 1425/306/311
f 1284/396/312 1426/306/312 1429/304/312
f 1257/397/313 1297/399/313 1418/472/313
f 1775/419/314 1364/418/315 1447/474/315
f 1384/361/450 1444/366/450 1335/476/450
f 1786/477/317 1794/309/317 1449/311/318
f 1802/479/319 1798/379/319 1516/378/319
f 1535/481/451 1504/364/451 1510/363/451
f 1548/483/452 1490/344/452 1502/343/452
f 1498/330/322 1508/321/322 1566/485/322
f 1494/326/323 1496/330/323 1556/486/323
f 1462/324/324 1492/326/453 1572/487/324
f 1506/321/325 1486/323/325 1594/489/325
f 1684/490/326 1552/524/326 1489/312/326
f 1598/491/327 1472/293/327 1480/287/327
f 1615/493/454 1469/291/454 1479/294/454
f 1624/494/329 1476/294/329 1470/293/329
f 1639/495/455 1457/281/455 1467/291/455
f 1482/287/331 1460/289/331 1584/496/331
f 1649/497/456 1634/290/456 1458/281/456
f 1801/479/333 1518/480/333 1142/498/333
f 1048/500/457 1536/481/457 1522/482/457
f 1804/377/335 1749/598/335 1144/502/335
f 1543/483/458 1533/484/458 1044/504/458
f 1042/506/459 1096/631/459 1530/507/459
f 1545/508/338 989/632/338 1654/509/338
f 1550/342/460 976/633/460 1038/510/460
f 1573/487/340 1555/486/340 1010/512/340
f 1561/329/341 1018/518/341 1028/514/341
f 1557/486/342 1564/485/342 1023/515/342
f 1567/339/343 1027/514/343 982/516/343
f 1585/488/344 1571/487/344 1003/513/344
f 1577/325/346 1001/634/346 1017/518/346
f 1581/288/347 941/530/347 1000/519/347
f 1605/492/348 1583/496/348 943/521/348
f 1652/523/349 978/635/349 1551/524/349
f 1563/485/350 1593/489/350 985/525/350
f 1623/494/351 1595/491/461 952/526/351
f 1601/308/352 956/534/352 967/528/352
f 1597/491/353 1603/492/353 964/522/353
f 1609/529/354 968/528/354 940/530/354
f 934/531/355 1635/495/355 1611/493/355
f 950/533/356 961/636/357 1625/292/357
f 947/532/358 1613/493/462 1621/494/358
f 1627/292/359 962/636/359 955/534/359
f 937/535/360 949/533/360 1616/298/360
f 1637/495/463 935/531/463 924/536/463
f 929/537/464 938/535/464 1631/290/464
f 1394/538/9 1192/543/9 1186/539/9
f 1195/542/363 1179/544/363 1185/539/363
f 1180/544/364 1196/542/364 1667/545/364
f 926/547/365 931/595/365 1650/548/365
f 1695/551/367 1663/546/367 1666/545/367
f 1687/553/349 1652/523/349 1683/490/349
f 1681/313/338 1654/509/338 1690/555/338
f 1713/554/326 1684/490/326 1680/314/326
f 1676/449/18 1678/456/18 1722/558/18
f 1678/456/18 1672/439/18 1720/560/18
f 1271/393/23 1675/564/23 1677/561/23
f 1258/403/23 1677/561/23 1674/562/23
f 1670/435/18 1676/449/18 1704/559/18
f 1235/388/23 1669/570/23 1675/564/23
f 1289/398/23 1674/562/23 1673/565/23
f 1225/406/23 1673/565/23 1655/566/23
f 1672/439/18 1671/437/18 1719/567/18
f 1719/567/18 1671/437/18 1656/336/18
f 1668/429/18 1670/435/18 1701/563/18
f 1197/386/23 1661/423/23 1669/570/23
f 1697/571/18 1665/430/18 1668/429/18
f 1661/423/23 1662/425/23 1694/572/23
f 1692/573/18 1658/335/18 1660/317/18
f 1657/575/23 1659/596/23 1019/337/23
f 1691/568/18 1656/336/18 1658/335/18
f 991/350/23 1655/566/23 1657/575/23
f 1019/337/23 1659/596/23 1653/576/23
f 1660/317/18 1651/316/18 1685/577/18
f 1679/314/240 1682/313/240 1726/556/240
f 1706/557/368 1724/556/368 1592/578/368
f 1693/574/18 1685/577/18 980/580/18
f 999/582/18 1691/568/18 1692/573/18
f 1692/573/18 1693/574/18 1026/581/18
f 1717/433/23 1694/572/23 923/584/23
f 928/585/18 1697/571/18 1700/569/18
f 936/586/18 1700/569/18 1701/563/18
f 939/588/18 1719/567/18 1691/568/18
f 1720/560/18 1719/567/18 939/588/18
f 1701/563/18 1704/559/18 960/590/18
f 1722/558/18 1720/560/18 966/589/18
f 1704/559/18 1722/558/18 954/591/18
f 1588/592/369 1711/554/369 1707/557/369
f 1723/556/370 1689/555/370 984/593/370
f 981/594/371 1686/553/371 1710/554/371
f 1696/551/372 1699/552/372 932/595/372
f 1675/564/23 1721/447/23 1705/450/23
f 1677/561/23 1705/450/23 1703/444/23
f 1669/570/23 1718/432/23 1721/447/23
f 1674/562/23 1703/444/23 1702/443/23
f 1702/443/23 1714/333/23 1655/566/23
f 1661/423/23 1717/433/23 1718/432/23
f 1715/332/23 1716/318/23 1659/596/23
f 1714/333/23 1715/332/23 1657/575/23
f 1659/596/23 1716/318/23 1688/320/23
f 1838/597/335 1813/621/335 1748/598/335
f 1879/599/333 1800/479/333 1763/499/333
f 1881/599/319 1877/613/319 1798/379/319
f 1872/421/373 1874/618/373 1795/309/373
f 1827/601/374 1778/419/374 1791/475/374
f 1816/603/465 1759/372/465 1770/417/465
f 1845/605/466 1828/620/466 1780/606/466
f 1837/607/377 1793/461/377 1729/462/377
f 1782/609/467 1785/477/467 1353/478/467
f 1867/604/468 1773/417/468 1776/419/468
f 1820/611/23 1764/375/23 1750/370/23
f 1839/597/264 1805/377/264 1799/379/264
f 1850/614/18 1806/617/18 1737/351/18
f 1858/615/469 1762/373/469 1766/375/469
f 1856/612/470 1753/370/470 1757/372/470
f 1811/616/471 1851/614/471 1744/376/471
f 1807/617/472 1844/605/472 1733/463/472
f 1876/618/384 1843/608/384 1730/462/384
f 1443/366/385 972/459/385 1841/608/385
f 1121/355/473 1109/354/473 1847/605/473
f 1093/357/474 1133/356/474 1852/614/474
f 1128/285/475 1857/612/475 1818/603/475
f 1089/619/476 1860/615/476 1823/611/476
f 1132/356/18 1120/355/18 1806/617/18
f 1532/507/264 1839/597/264 1878/613/264
f 1083/360/23 1820/611/23 1854/612/23
f 1343/460/390 1866/604/390 1824/601/390
f 1438/458/391 1836/607/391 1840/608/391
f 1108/354/477 1337/416/477 1829/620/477
f 1116/358/478 1819/603/478 1865/604/478
f 1348/413/394 1825/601/394 1834/602/394
f 1332/476/395 1442/366/395 1873/618/395
f 1527/482/319 1514/363/319 1877/613/319
f 1526/482/333 1880/599/333 1862/600/333
f 1531/507/335 1097/631/335 1813/621/335
f 1833/422/479 1871/421/479 1788/477/479
f 1907/368/18 1932/637/18 1942/638/18
f 1983/311/480 1883/639/480 1992/640/480
f 2003/503/481 1999/641/481 1996/378/481
f 1889/374/23 1937/642/23 1905/380/23
f 1897/352/482 1933/637/482 1904/353/482
f 1895/369/483 1946/638/483 1920/643/483
f 1901/371/484 1941/642/484 1930/644/484
f 1891/625/485 1912/645/485 1890/374/485
f 1970/646/486 1955/465/486 1976/647/486
f 1951/610/487 1965/648/487 1962/649/487
f 1981/629/488 1884/639/488 1887/310/488
f 1953/464/489 1926/650/489 1899/352/489
f 1954/465/490 1927/644/490 1975/647/490
f 1960/418/491 1986/651/491 1979/474/491
f 1948/478/492 1990/640/492 1967/648/492
f 2001/480/493 1998/641/493 2007/652/493
f 1896/502/494 2010/653/494 2002/503/494
f 1893/498/495 2006/652/495 1917/654/495
f 2009/655/496 1914/656/496 2005/657/496
f 1997/658/497 2008/655/497 2004/657/497
f 1915/656/498 1943/659/498 1910/660/498
f 1934/661/499 1911/660/499 1944/659/499
f 1924/662/500 1940/663/500 1935/661/500
f 1923/662/501 1977/664/501 1928/665/501
f 1978/664/502 1969/666/503 1974/667/502
f 1973/667/504 1994/668/504 1989/669/504
f 1886/670/505 1988/669/505 1993/668/505
f 1907/368/18 1903/353/18 1932/637/18
f 1984/311/506 1888/310/506 1885/639/506
f 2003/503/481 2011/653/481 1999/641/481
f 1889/374/23 1909/645/23 1937/642/23
f 1898/352/507 1925/650/507 1936/637/507
f 1894/369/508 1908/368/508 1945/638/508
f 1900/371/509 1906/380/509 1938/642/509
f 1892/625/510 1916/671/510 1913/645/510
f 1971/646/511 1958/418/511 1956/465/511
f 1952/610/512 1947/478/512 1966/648/512
f 1980/629/513 1987/672/513 1882/639/513
f 1950/464/514 1961/673/514 1922/650/514
f 1957/465/515 1902/371/515 1931/644/515
f 1959/418/516 1972/646/516 1985/651/516
f 1949/478/517 1982/311/517 1991/640/517
f 2001/480/493 1995/378/493 1998/641/493
f 1896/502/494 1921/674/494 2010/653/494
f 1893/498/495 2000/480/495 2006/652/495
f 2009/655/496 1918/675/496 1914/656/496
f 1915/656/498 1919/675/498 1943/659/498
f 1934/661/499 1939/663/499 1911/660/499
f 1924/662/500 1929/665/500 1940/663/500
f 1923/662/501 1963/676/501 1977/664/501
f 1978/664/502 1964/676/503 1969/666/503
f 1973/667/504 1968/666/504 1994/668/504
f 2086/677/518 2022/678/518 2081/679/518
f 2124/680/519 2033/681/519 2117/682/519
f 2131/683/520 2070/684/520 2127/685/520
f 2049/686/521 2136/687/521 2141/688/521
f 2087/677/522 2146/689/522 2152/690/522
f 2093/691/523 2045/692/523 2041/693/523
f 2099/694/524 2077/695/524 2073/696/524
f 2057/697/525 2111/698/525 2061/699/525
f 2094/691/526 2120/682/526 2096/700/526
f 2102/694/527 2128/685/527 2107/701/527
f 2142/688/528 2114/698/528 2110/702/528
f 2150/690/529 2012/703/529 2019/47/529
f 2174/704/530 2072/684/530 2066/704/530
f 2035/681/531 2155/705/531 2160/681/531
f 2169/706/532 2015/16/532 2165/16/532
f 2051/686/533 2187/707/533 2054/708/533
f 2230/16/534 2206/709/534 2226/710/534
f 2240/707/535 2181/711/535 2237/712/535
f 2210/713/536 2245/714/536 2247/704/536
f 2157/681/537 2254/715/537 2259/681/537
f 2163/16/538 2228/710/538 2168/706/538
f 2222/708/539 2235/712/539 2219/716/539
f 2250/704/540 2178/717/540 2171/704/540
f 2256/681/541 2191/718/541 2196/719/541
f 2199/16/542 2278/720/542 2204/709/542
f 2294/708/543 2217/716/543 2291/721/543
f 2282/704/544 2214/722/544 2207/713/544
f 2193/719/545 2263/723/545 2268/719/545
f 2290/721/546 2331/708/546 2292/708/546
f 2285/724/547 2318/713/547 2323/725/547
f 2301/726/548 2266/719/548 2262/723/548
f 2313/727/549 2270/16/549 2308/16/549
f 2345/16/550 2312/727/550 2306/16/550
f 2327/708/551 2361/728/551 2364/708/551
f 2316/713/552 2358/729/552 2322/725/552
f 2339/681/553 2298/726/553 2336/730/553
f 2397/731/554 2366/708/554 2363/728/554
f 2394/732/555 2354/713/555 2387/713/555
f 2334/730/556 2373/681/556 2337/681/556
f 2349/733/557 2379/16/557 2384/734/557
f 2433/735/558 2402/708/558 2399/731/558
f 2430/736/559 2390/713/559 2423/713/559
f 2371/737/560 2409/681/560 2376/681/560
f 2386/734/561 2415/16/561 2420/738/561
f 2450/16/562 2421/738/562 2417/16/562
f 2439/707/563 2470/739/563 2473/708/563
f 2425/713/564 2464/740/564 2431/736/564
f 2445/681/565 2408/741/565 2442/742/565
f 2471/739/566 2499/708/566 2475/708/566
f 2467/740/567 2496/704/567 2493/743/567
f 2481/744/568 2446/681/568 2443/742/568
f 2486/745/569 2453/16/569 2488/16/569
f 2037/681/570 2166/703/570 2017/703/570
f 2140/688/23 2018/746/23 2047/686/23
f 2014/703/571 2118/682/571 2034/681/571
f 2018/746/23 2180/711/23 2047/686/23
f 2108/702/23 2025/747/23 2085/748/23
f 2024/678/572 2097/700/572 2083/679/572
f 2060/697/573 2063/699/573 2080/695/573
f 2029/749/18 2126/685/18 2068/684/18
f 2029/749/18 2176/717/18 2153/705/18
f 2038/693/18 2105/701/18 2090/691/18
f 2055/708/574 2175/704/574 2067/704/574
f 2132/683/575 2053/708/575 2065/704/575
f 2074/696/576 2113/698/576 2101/694/576
f 2084/679/577 2121/682/577 2148/689/577
f 2108/702/23 2149/750/23 2140/688/23
f 2122/680/18 2105/701/18 2126/685/18
f 2104/694/578 2139/687/578 2134/683/578
f 2159/681/579 2233/703/579 2164/703/579
f 2153/705/18 2243/714/18 2252/715/18
f 2167/706/23 2234/712/23 2180/711/23
f 2172/704/580 2242/707/580 2251/704/580
f 2195/719/581 2274/703/581 2200/703/581
f 2258/681/582 2202/703/582 2231/703/582
f 2189/718/18 2284/724/18 2261/723/18
f 2252/715/18 2212/722/18 2189/718/18
f 2225/710/23 2216/716/23 2234/712/23
f 2203/709/23 2288/721/23 2216/716/23
f 2208/713/583 2296/708/583 2283/704/583
f 2248/704/584 2224/708/584 2211/713/584
f 2267/719/585 2309/703/585 2272/703/585
f 2261/723/18 2321/725/18 2297/726/18
f 2275/720/23 2324/751/23 2288/721/23
f 2280/704/586 2332/708/586 2320/713/586
f 2307/703/587 2341/681/587 2346/703/587
f 2321/725/18 2333/730/18 2297/726/18
f 2324/751/23 2347/733/23 2360/728/23
f 2317/713/588 2365/708/588 2352/713/588
f 2343/703/589 2375/681/589 2380/703/589
f 2356/729/18 2369/737/18 2333/730/18
f 2360/728/23 2383/734/23 2396/731/23
f 2355/713/590 2401/708/590 2388/713/590
f 2382/703/591 2411/681/591 2416/703/591
f 2392/732/18 2405/741/18 2369/737/18
f 2396/731/23 2419/738/23 2432/735/23
f 2404/708/592 2424/713/592 2391/713/592
f 2418/703/593 2448/681/593 2454/703/593
f 2428/736/18 2441/742/18 2405/741/18
f 2432/735/23 2456/752/23 2468/739/23
f 2427/713/594 2474/708/594 2460/713/594
f 2449/681/595 2489/703/595 2455/703/595
f 2441/742/18 2491/743/18 2480/744/18
f 2456/752/23 2502/753/23 2468/739/23
f 2476/708/596 2497/704/596 2462/713/596
f 2487/754/597 2490/755/597 2483/756/597
f 2088/677/598 2028/49/598 2023/678/598
f 2123/680/599 2030/749/599 2032/681/599
f 2130/683/600 2064/704/600 2069/684/600
f 2048/686/601 2052/708/601 2135/687/601
f 2089/677/602 2082/679/602 2147/689/602
f 2091/691/603 2095/700/603 2044/692/603
f 2100/694/604 2106/701/604 2078/695/604
f 2058/697/605 2109/702/605 2112/698/605
f 2092/691/606 2125/680/606 2119/682/606
f 2103/694/607 2133/683/607 2129/685/607
f 2143/688/608 2138/687/608 2115/698/608
f 2151/690/609 2144/689/609 2013/703/609
f 2173/704/610 2179/717/610 2071/684/610
f 2036/681/611 2031/749/611 2156/705/611
f 2170/706/612 2020/746/612 2016/16/612
f 2050/686/613 2183/711/613 2186/707/613
f 2229/16/614 2201/16/614 2205/709/614
f 2241/707/615 2184/707/615 2182/711/615
f 2209/713/616 2215/722/616 2244/714/616
f 2158/681/617 2154/705/617 2255/715/617
f 2162/16/618 2232/16/618 2227/710/618
f 2223/708/619 2238/707/619 2236/712/619
f 2249/704/620 2246/714/620 2177/717/620
f 2257/681/621 2253/715/621 2192/718/621
f 2198/16/622 2273/16/622 2277/720/622
f 2295/708/623 2220/708/623 2218/716/623
f 2281/704/624 2287/724/624 2213/722/624
f 2194/719/625 2190/718/625 2264/723/625
f 2289/721/626 2326/751/626 2330/708/626
f 2286/724/627 2279/704/627 2319/713/627
f 2300/726/628 2304/681/628 2265/719/628
f 2314/727/629 2276/720/629 2271/16/629
f 2344/16/630 2350/733/630 2311/727/630
f 2328/708/631 2325/751/631 2362/728/631
f 2315/713/632 2351/713/632 2357/729/632
f 2340/681/633 2302/681/633 2299/726/633
f 2398/731/634 2400/708/634 2367/708/634
f 2393/732/635 2359/729/635 2353/713/635
f 2335/730/636 2370/737/636 2374/681/636
f 2348/733/637 2342/16/637 2378/16/637
f 2434/735/638 2436/707/638 2403/708/638
f 2429/736/639 2395/732/639 2389/713/639
f 2372/737/640 2406/741/640 2410/681/640
f 2385/734/641 2381/16/641 2414/16/641
f 2451/16/642 2457/752/642 2422/738/642
f 2438/707/643 2435/735/643 2469/739/643
f 2426/713/644 2459/713/644 2465/740/644
f 2444/681/645 2412/681/645 2407/741/645
f 2472/739/646 2504/753/646 2500/708/646
f 2466/740/647 2461/713/647 2495/704/647
f 2482/744/648 2477/681/648 2447/681/648
f 2485/745/649 2458/752/649 2452/16/649
f 2037/681/570 2161/681/570 2166/703/570
f 2140/688/23 2149/750/23 2018/746/23
f 2014/703/571 2145/689/571 2118/682/571
f 2018/746/23 2167/706/23 2180/711/23
f 2108/702/23 2056/697/23 2025/747/23
f 2024/678/572 2046/692/572 2097/700/572
f 2063/699/573 2075/696/573 2080/695/573
f 2080/695/573 2040/757/573 2027/758/573
f 2039/757/573 2042/759/573 2026/758/573
f 2043/759/573 2021/760/573 2027/758/573
f 2026/758/573 2059/697/573 2079/695/573
f 2029/749/18 2122/680/18 2126/685/18
f 2029/749/18 2068/684/18 2176/717/18
f 2038/693/18 2076/695/18 2105/701/18
f 2055/708/574 2188/707/574 2175/704/574
f 2132/683/575 2137/687/575 2053/708/575
f 2074/696/576 2062/699/576 2113/698/576
f 2084/679/577 2098/700/577 2121/682/577
f 2108/702/23 2085/748/23 2149/750/23
f 2122/680/18 2090/691/18 2105/701/18
f 2104/694/578 2116/698/578 2139/687/578
f 2159/681/579 2260/681/579 2233/703/579
f 2153/705/18 2176/717/18 2243/714/18
f 2167/706/23 2225/710/23 2234/712/23
f 2172/704/580 2185/707/580 2242/707/580
f 2195/719/581 2269/719/581 2274/703/581
f 2258/681/582 2197/719/582 2202/703/582
f 2189/718/18 2212/722/18 2284/724/18
f 2252/715/18 2243/714/18 2212/722/18
f 2225/710/23 2203/709/23 2216/716/23
f 2203/709/23 2275/720/23 2288/721/23
f 2208/713/583 2221/708/583 2296/708/583
f 2248/704/584 2239/707/584 2224/708/584
f 2267/719/585 2305/681/585 2309/703/585
f 2261/723/18 2284/724/18 2321/725/18
f 2275/720/23 2310/727/23 2324/751/23
f 2280/704/586 2293/708/586 2332/708/586
f 2307/703/587 2303/681/587 2341/681/587
f 2321/725/18 2356/729/18 2333/730/18
f 2324/751/23 2310/727/23 2347/733/23
f 2317/713/588 2329/708/588 2365/708/588
f 2343/703/589 2338/681/589 2375/681/589
f 2356/729/18 2392/732/18 2369/737/18
f 2360/728/23 2347/733/23 2383/734/23
f 2355/713/590 2368/708/590 2401/708/590
f 2382/703/591 2377/681/591 2411/681/591
f 2392/732/18 2428/736/18 2405/741/18
f 2396/731/23 2383/734/23 2419/738/23
f 2404/708/592 2437/707/592 2424/713/592
f 2418/703/593 2413/681/593 2448/681/593
f 2428/736/18 2463/740/18 2441/742/18
f 2432/735/23 2419/738/23 2456/752/23
f 2427/713/594 2440/707/594 2474/708/594
f 2449/681/595 2478/681/595 2489/703/595
f 2441/742/18 2463/740/18 2491/743/18
f 2456/752/23 2484/745/23 2502/753/23
f 2476/708/596 2501/708/596 2497/704/596
f 2490/755/597 2479/761/597 2483/756/597
f 2483/756/597 2492/743/597 2503/753/597
f 2492/743/597 2494/704/650 2503/753/597
f 2494/704/650 2498/708/597 2503/753/597
f 2503/753/597 2487/754/597 2483/756/597
f 2505/45/651 2506/762/651 2507/763/651
f 2508/764/652 2509/765/652 2510/766/652
f 2511/767/7 2512/768/7 2513/767/7
f 2514/769/651 2515/770/651 2516/771/651
f 2517/10/653 2518/772/653 2519/773/653
f 2520/3/653 2521/774/653 2522/775/653
f 2523/776/652 2524/777/652 2525/778/652
f 2526/779/13 2527/780/13 2528/781/13
f 2529/48/651 2530/782/651 2531/783/651
f 2532/784/7 2533/785/7 2534/785/7
f 2535/786/651 2536/787/651 2537/788/651
f 2538/789/653 2539/790/653 2540/791/653
f 2541/792/13 2542/793/13 2543/794/13
f 2544/36/653 2545/795/653 2546/796/653
f 2547/797/653 2548/798/653 2549/799/653
f 2550/800/9 2551/801/9 2552/800/9
f 2553/802/653 2554/803/653 2555/804/653
f 2556/805/651 2557/806/651 2558/807/651
f 2559/808/654 2560/800/654 2561/809/654
f 2562/810/653 2563/811/653 2564/812/653
f 2565/34/651 2566/813/651 2567/814/651
f 2568/815/651 2569/816/651 2570/817/651
f 2571/818/15 2572/819/15 2573/820/15
f 2574/821/23 2575/822/23 2576/822/23
f 2577/823/653 2578/764/653 2579/824/653
f 2580/825/653 2581/826/653 2582/827/653
f 2583/828/653 2584/829/653 2585/830/653
f 2586/831/654 2587/832/654 2588/833/654
f 2589/834/7 2590/835/7 2591/835/7
f 2592/836/651 2593/837/651 2594/838/651
f 2595/839/15 2596/840/15 2597/841/15
f 2598/842/651 2599/843/651 2600/844/651
f 2601/845/23 2602/846/23 2603/846/23
f 2604/847/15 2605/848/15 2606/42/15
f 2607/849/15 2608/850/15 2609/851/15
f 2610/852/654 2611/853/654 2612/854/654
f 2613/855/653 2614/778/653 2615/856/653
f 2616/857/651 2617/858/651 2618/859/651
f 2619/860/653 2620/776/653 2613/855/653
f 2621/861/7 2622/862/7 2623/861/7
f 2624/804/18 2625/802/18 2626/804/18
f 2627/863/15 2628/864/15 2629/865/15
f 2615/856/653 2630/866/653 2631/867/653
f 2632/868/651 2633/869/651 2634/870/651
f 2635/871/651 2636/872/651 2637/873/651
f 2638/874/9 2639/875/9 2640/874/9
f 2522/775/653 2641/876/653 2538/789/653
f 2537/788/651 2642/877/651 2643/49/651
f 2644/878/653 2581/826/653 2645/41/653
f 2646/879/653 2647/880/653 2648/881/653
f 2649/882/15 2650/883/15 2651/884/15
f 2652/878/18 2653/834/18 2654/878/18
f 2655/885/651 2656/886/651 2657/887/651
f 2658/888/651 2659/889/651 2505/45/651
f 2660/890/7 2661/891/7 2662/890/7
f 2663/892/7 2664/893/7 2665/892/7
f 2540/791/653 2666/894/653 2667/895/653
f 2507/763/651 2668/896/651 2592/836/651
f 2531/783/651 2669/897/651 2556/805/651
f 2670/898/9 2671/899/9 2672/898/9
f 2673/900/9 2674/901/9 2675/900/9
f 2676/902/13 2677/903/13 2678/904/13
f 2679/809/13 2680/905/13 2681/39/13
f 2570/817/651 2682/906/651 2529/48/651
f 2547/797/653 2683/907/653 2517/10/653
f 2546/796/653 2684/908/653 2577/823/653
f 2685/909/651 2686/910/651 2568/815/651
f 2687/911/13 2688/891/13 2689/808/13
f 2690/912/15 2691/913/15 2692/914/15
f 2693/915/15 2694/916/15 2695/917/15
f 2696/918/9 2697/919/9 2698/918/9
f 2594/838/651 2699/920/651 2700/921/651
f 2579/824/653 2701/766/653 2562/810/653
f 2564/812/653 2548/798/653 2702/922/653
f 2703/835/655 2704/878/656 2705/923/655
f 2706/924/655 2707/825/656 2708/899/655
f 2519/773/653 2709/925/653 2710/926/653
f 2555/804/653 2711/927/653 2544/36/653
f 2712/801/9 2713/846/9 2551/801/9
f 2714/928/655 2715/929/655 2716/930/655
f 2717/929/653 2718/931/653 2553/802/653
f 2558/807/651 2719/932/651 2514/769/651
f 2600/844/651 2720/933/651 2721/934/651
f 2722/935/9 2723/936/9 2724/935/9
f 2725/937/13 2726/938/13 2727/939/13
f 2728/940/18 2729/853/18 2730/940/18
f 2731/833/13 2732/941/13 2733/942/13
f 2618/859/651 2734/943/651 2598/842/651
f 2567/814/651 2735/944/651 2616/857/651
f 2516/771/651 2736/945/651 2535/786/651
f 2737/919/9 2738/946/9 2697/919/9
f 2739/902/18 2740/904/18 2741/902/18
f 2742/947/653 2584/829/653 2743/948/653
f 2583/828/653 2744/949/653 2745/834/653
f 2746/950/23 2747/946/23 2748/946/23
f 2749/951/654 2750/904/654 2751/952/654
f 2565/34/651 2656/886/651 2752/953/651
f 2580/825/653 2753/954/653 2646/879/653
f 2754/955/13 2755/789/13 2756/767/13
f 2757/936/13 2758/10/13 2759/821/13
f 2637/873/651 2760/956/651 2655/885/651
f 2634/870/651 2761/957/651 2635/871/651
f 2762/958/13 2763/959/13 2764/831/13
f 2765/939/654 2766/960/654 2767/961/654
f 2648/881/653 2768/962/653 2619/860/653
f 2632/868/651 2769/963/651 2770/964/651
f 2710/926/653 2771/965/653 2742/947/653
f 2772/966/13 2773/940/13 2774/852/13
f 2775/967/654 2776/968/654 2777/969/654
f 2667/895/653 2778/970/653 2717/929/653
f 2779/891/18 2780/800/18 2781/891/18
f 2782/971/654 2783/972/654 2784/966/654
f 2785/942/654 2786/973/654 2787/974/654
f 2788/975/15 2789/976/15 2790/977/15
f 2791/978/15 2792/979/15 2793/980/15
f 2794/39/654 2795/918/654 2796/981/654
f 2797/5/652 2798/982/652 2799/774/652
f 2800/983/654 2801/984/654 2802/937/654
f 2803/938/18 2804/960/18 2805/938/18
f 2806/784/654 2807/985/654 2808/911/654
f 2809/986/13 2810/928/13 2811/987/13
f 2812/988/15 2813/989/15 2814/990/15
f 2510/766/652 2815/991/652 2816/811/652
f 2817/992/15 2572/819/15 2818/993/15
f 2819/935/13 2759/821/13 2820/994/13
f 2821/907/652 2822/863/652 2823/772/652
f 2824/995/13 2825/996/13 2826/792/13
f 2827/798/652 2828/997/652 2829/799/652
f 2830/998/15 2831/999/15 2832/1000/15
f 2833/908/652 2834/849/652 2508/764/652
f 2835/801/13 2836/950/13 2837/1001/13
f 2838/910/657 2839/1002/657 2840/816/657
f 2841/780/13 2842/899/13 2843/898/13
f 2844/927/652 2845/1003/652 2846/795/652
f 2847/1004/15 2792/979/15 2848/1005/15
f 2849/775/18 2850/3/18 2851/775/18
f 2525/778/652 2852/1006/652 2853/866/652
f 2854/781/13 2843/898/13 2855/1007/13
f 2856/826/652 2857/1008/652 2858/827/652
f 2859/789/7 2860/767/7 2511/767/7
f 2861/1009/13 2756/767/13 2862/768/13
f 2863/1010/13 2864/1011/13 2865/1012/13
f 2866/765/15 2609/851/15 2867/1013/15
f 2868/1014/15 2692/914/15 2869/1015/15
f 2870/924/7 2871/780/7 2872/924/7
f 2873/948/7 2874/1016/7 2875/1016/7
f 2876/830/652 2877/1017/652 2878/1018/652
f 2879/959/13 2880/1019/13 2881/832/13
f 2882/889/657 2883/1020/657 2884/762/657
f 2885/1021/7 2886/1022/7 2887/1021/7
f 2888/792/7 2889/1023/7 2890/792/7
f 2891/49/23 2892/788/23 2893/49/23
f 2894/1012/9 2895/1011/9 2896/1012/9
f 2897/943/657 2898/1024/657 2899/843/657
f 2900/1025/13 2826/792/13 2901/1023/13
f 2902/836/23 2903/763/23 2904/836/23
f 2905/832/13 2906/1026/13 2732/941/13
f 2907/1027/7 2908/902/7 2909/1027/7
f 2910/895/7 2911/928/7 2912/928/7
f 2913/1028/7 2909/1027/7 2914/1028/7
f 2915/41/7 2916/924/7 2870/924/7
f 2917/929/18 2918/895/18 2919/929/18
f 2920/1029/7 2921/959/7 2922/1029/7
f 2923/904/13 2924/1021/13 2925/1022/13
f 2799/774/652 2926/915/652 2927/876/652
f 2928/1022/13 2929/1030/13 2930/972/13
s 0
f 2931/1031/15 2932/1032/15 2933/1031/18
f 2934/1033/15 2935/1034/18 2936/1034/15
f 2937/1035/15 2938/1036/15 2939/1035/18
f 2940/1037/15 2931/1031/18 2933/1031/15
s 1
f 2941/1038/15 2942/1039/15 2943/1039/15
f 2944/1007/13 2945/1027/13 2946/902/13
f 2947/985/13 2948/890/13 2688/891/13
f 2949/972/13 2950/1040/13 2773/940/13
f 2951/1003/15 2952/1041/15 2953/1042/15
f 2954/1040/7 2955/940/7 2956/1040/7
f 2957/800/13 2837/1001/13 2680/905/13
f 2958/1012/13 2959/1029/13 2763/959/13
f 2960/918/13 2961/862/13 2962/1043/13
f 2963/828/18 2964/948/18 2965/828/18
f 2966/34/23 2967/887/23 2968/34/23
f 2969/984/13 2970/1044/13 2726/938/13
f 2971/960/13 2820/994/13 2972/1010/13
f 2973/973/13 2974/1045/13 2975/1046/13
f 2976/1026/7 2977/941/7 2978/1026/7
f 2979/1047/13 2862/768/13 2980/1048/13
f 2981/921/23 2982/838/23 2983/921/23
f 2984/790/652 2985/1049/652 2986/894/652
f 2987/879/7 2988/1028/7 2913/1028/7
f 2989/1045/7 2990/1046/7 2991/1045/7
f 2992/36/7 2993/950/7 2994/950/7
f 2995/825/18 2996/41/18 2997/825/18
f 2998/968/13 2811/987/13 2999/785/13
f 3000/854/9 3001/853/9 3002/853/9
f 3003/966/9 3004/972/9 3005/972/9
f 3006/868/23 3007/1050/23 3008/868/23
f 3009/952/9 3010/904/9 3011/904/9
f 3012/963/657 3013/1051/657 3014/964/657
f 3015/985/9 3016/1052/9 3017/985/9
f 2664/893/7 3018/25/7 3019/4/7
f 3020/858/657 3021/1053/657 2897/943/657
f 3022/796/18 3023/36/18 3024/796/18
f 3025/881/18 3026/879/18 3027/881/18
f 3028/1054/7 2887/1021/7 3029/1054/7
f 2876/830/652 3030/1055/652 3031/949/652
f 3032/880/652 3033/1056/652 3034/962/652
f 3035/1057/652 3036/42/652 2856/826/652
f 3037/770/657 3038/1058/657 3039/945/657
f 3040/886/657 3041/35/657 3042/953/657
f 2858/827/652 3043/1059/652 3044/954/652
f 3045/957/657 3046/1060/657 3047/1061/657
f 2816/811/652 3048/1062/652 2827/798/652
f 3049/965/652 2877/1017/652 3050/829/652
f 2829/799/652 3051/6/652 2821/907/652
f 3052/1048/13 3053/986/13 3054/968/13
f 3055/806/657 3056/1063/657 3057/932/657
f 3058/1064/657 3059/46/657 2882/889/657
f 2823/772/652 3060/865/652 3061/925/652
f 3062/938/13 3063/935/13 3064/960/13
f 3065/970/652 3066/912/652 3067/931/652
f 3068/982/15 3069/1065/15 2694/916/15
f 2844/927/652 3070/1014/652 3071/37/652
f 2685/909/651 2699/920/651 3072/1066/651
f 2840/816/657 3073/44/657 3074/906/657
f 2846/795/652 3075/1067/652 2833/908/652
f 3076/837/657 3077/1068/657 3078/920/657
f 2899/843/657 3079/1069/657 3080/933/657
f 3081/780/7 3082/781/7 2871/780/7
f 3080/933/657 3083/1070/657 3058/1064/657
f 3084/871/23 3085/870/23 3086/871/23
f 2629/865/15 3087/1071/15 3088/1072/15
f 3089/941/13 3090/874/13 3091/973/13
f 3092/1023/13 2543/794/13 3093/984/13
f 3045/957/657 3094/1073/657 3095/872/657
f 3096/944/657 3097/1074/657 3020/858/657
f 3074/906/657 3098/1075/657 3099/782/657
f 3100/787/657 3101/47/657 3102/877/657
f 3061/925/652 3103/1072/652 3049/965/652
f 2523/776/652 3033/1056/652 3104/882/652
f 3014/964/657 3046/1060/657 3105/869/657
f 3106/1076/15 2695/917/15 3107/1077/15
f 3042/953/657 3108/1078/657 3109/813/657
f 3110/1040/13 3111/901/13 3112/900/13
f 3113/1026/13 3114/875/13 3090/874/13
f 3037/770/657 3056/1063/657 3115/1079/657
f 3116/897/657 3117/1080/657 3055/806/657
f 2986/894/652 3118/1081/652 3065/970/652
f 3119/1054/23 3120/1082/23 3121/1082/23
f 3039/945/657 3122/1083/657 3100/787/657
f 2927/876/652 3123/1076/652 2984/790/652
f 3067/931/652 3070/1014/652 3124/803/652
f 3078/920/657 3125/1084/657 3126/1066/657
f 3127/791/18 3128/789/18 3129/791/18
f 3130/1055/15 3131/1085/15 2604/847/15
f 3132/9/654 3133/1012/654 3134/958/654
f 2939/1035/15 3135/1086/15 2936/1034/15
f 3136/19/654 3137/1047/654 3138/1087/654
f 3139/794/13 3140/1088/13 2970/1044/13
f 3141/1023/18 3142/984/18 3143/1023/18
f 3144/905/18 3145/918/18 3146/905/18
f 3147/991/15 2867/1013/15 3148/1089/15
f 3149/1090/23 3150/1091/23 3151/1091/23
f 3152/941/18 3153/973/18 3154/941/18
f 3155/952/13 2925/1022/13 3156/971/13
f 3157/874/13 3158/835/13 2974/1045/13
f 3159/1019/13 3160/1016/13 2906/1026/13
f 3161/930/13 3162/802/13 3163/845/13
f 2606/42/15 3164/1092/15 3165/1008/15
f 2658/888/651 2720/933/651 3166/1064/651
f 3167/997/15 3168/1093/658 3169/1094/15
f 3170/835/23 3171/923/23 3172/923/23
f 3173/1095/23 3174/955/23 3175/955/23
f 3176/1096/13 2528/781/13 3177/40/13
f 3178/1016/23 3179/875/23 3180/875/23
f 3181/767/23 3182/1097/23 3183/1097/23
f 3184/1017/15 3185/1098/15 3186/1018/15
f 3187/924/23 3188/899/23 3189/899/23
f 3190/815/23 3191/909/23 3192/815/23
f 3193/1088/23 3194/936/23 3195/936/23
f 3196/861/23 3197/1099/23 3198/1099/23
f 3199/996/23 3200/793/23 3201/793/23
f 3202/928/23 3203/930/23 3204/930/23
f 2940/1037/15 2789/976/15 3205/1100/15
f 3206/974/13 2975/1046/13 3207/1101/13
f 3208/1028/23 3209/1102/23 3210/1102/23
f 3211/1025/9 3212/995/9 3213/1025/9
f 3214/1103/13 2901/1023/13 3215/983/13
f 3216/6/15 3169/1094/15 3217/1104/15
f 3218/1095/655 3219/775/656 3220/955/655
f 3221/947/18 3222/926/18 3223/947/18
f 3224/802/7 3225/845/7 3226/845/7
f 3227/842/23 3228/859/23 3229/842/23
f 3230/986/9 3231/1097/9 3232/986/9
f 3233/767/655 3234/791/656 3235/1097/655
f 3236/934/23 3237/844/23 3238/934/23
f 3239/769/23 3240/807/23 3241/769/23
f 3242/1087/13 2980/1048/13 3243/967/13
f 3244/794/9 3245/793/9 3246/794/9
f 3247/1105/655 3248/867/655 3249/901/655
f 3250/926/7 3251/1090/7 3252/1090/7
f 3253/812/18 3254/810/18 3255/812/18
f 3256/995/9 3257/1099/9 3212/995/9
f 3258/810/7 3259/996/7 3260/996/7
f 3261/1059/15 3262/1106/15 3263/1107/15
f 3264/777/15 3265/1108/15 3266/1006/15
f 3267/867/18 3268/856/18 3269/867/18
f 3270/994/7 3271/1010/7 3272/994/7
f 3273/1019/9 3274/1091/9 3275/1019/9
f 3276/1011/9 3277/822/9 2895/1011/9
f 3278/1087/9 3279/1047/9 3280/1109/9
f 3281/805/23 3282/783/23 3283/805/23
f 3284/987/7 2533/785/7 3285/987/7
f 3286/860/7 3287/1054/7 3028/1054/7
f 3288/969/9 3289/968/9 3290/968/9
f 3291/1001/7 3292/905/7 3293/1001/7
f 3294/824/18 3295/823/18 3296/824/18
f 3297/911/9 3298/985/9 3015/985/9
f 3299/981/13 2962/1043/13 3300/1110/13
f 3301/1049/15 3107/1077/15 3302/1111/15
f 3303/969/13 2999/785/13 3304/784/13
f 3305/809/9 3306/800/9 2550/800/9
f 3307/903/9 3308/1102/9 3309/903/9
f 3310/773/18 3311/10/18 3312/773/18
f 3313/981/9 3314/918/9 2696/918/9
f 3315/48/23 3316/817/23 3317/48/23
f 3318/1067/15 2953/1042/15 2608/850/15
f 3319/1103/9 3320/1025/9 3211/1025/9
f 3321/37/15 2869/1015/15 2952/1041/15
f 3322/937/9 3323/984/9 3324/984/9
f 3325/3/7 3326/1112/7 3327/1112/7
f 3328/857/23 3329/814/23 3330/857/23
f 3331/961/9 3332/960/9 3333/960/9
f 3334/823/7 3335/861/7 2621/861/7
f 3336/10/7 3337/821/7 3338/821/7
f 3339/768/7 3340/1048/7 2512/768/7
f 3341/1030/9 3342/1082/9 3343/1030/9
f 3344/958/9 3345/1012/9 2894/1012/9
f 3346/833/9 3347/832/9 3348/832/9
f 3349/1113/9 3350/923/9 3351/1113/9
f 3338/821/7 3272/994/7 3352/821/7
f 3353/974/9 3354/973/9 3355/973/9
f 3356/856/7 3357/1105/7 3358/1105/7
f 3359/1096/9 3360/779/9 3361/779/9
f 3362/1090/655 3363/947/656 3364/1091/655
f 3365/797/18 3366/922/18 3367/797/18
f 3368/1114/9 3369/1007/9 3370/1007/9
f 3371/922/7 3372/1088/7 3373/1088/7
f 3352/821/7 3336/10/7 3338/821/7
f 3374/878/9 3350/923/9 3375/923/9
f 3376/773/9 3277/822/9 3377/822/9
f 3378/824/9 3257/1099/9 3379/1099/9
f 3380/867/9 2674/901/9 3381/901/9
f 3382/947/9 3274/1091/9 3383/1091/9
f 3384/1112/7 3325/3/7 3327/1112/7
f 3385/796/9 2738/946/9 3386/946/9
f 3387/1054/655 3388/855/656 3389/1082/655
f 3390/855/18 3391/860/18 3392/855/18
f 3393/923/13 3394/41/13 3395/924/13
f 3396/1028/656 3397/881/656 3398/1102/656
f 3399/862/7 3400/1043/7 2622/862/7
f 3263/1107/15 2650/883/15 3401/1056/15
f 3402/996/655 3403/812/656 3404/793/655
f 3405/1062/658 3148/1089/15 3168/1093/658
f 3406/899/13 3407/879/13 3408/1028/13
f 3409/861/655 3410/824/655 3411/1099/655
f 3412/1088/655 3413/797/656 3414/936/655
f 3415/1052/9 3416/930/9 3016/1052/9
f 3417/1102/13 3418/860/13 3419/1054/13
f 3420/961/13 2972/1010/13 3421/9/13
f 3422/1082/13 3423/856/13 3424/1105/13
f 3425/1009/9 3426/955/9 3427/1009/9
f 3428/828/9 2639/875/9 3429/875/9
f 3430/996/7 3258/810/7 3260/996/7
f 3431/1022/18 3432/972/18 3433/1022/18
f 3434/821/655 3435/773/656 3436/822/655
f 3437/950/655 3438/796/655 3439/946/655
f 3440/845/655 3441/804/655 3442/846/655
f 3443/1016/655 3444/828/656 3445/875/655
f 3165/1008/15 3446/1115/15 3261/1059/15
f 3088/1072/15 3447/1116/15 3184/1017/15
f 3448/822/13 3449/926/13 3450/1090/13
f 3451/1091/13 3452/948/13 3160/1016/13
f 3453/793/13 3454/922/13 3140/1088/13
f 3455/1114/13 2946/902/13 3456/951/13
f 3457/1097/13 3458/895/13 2810/928/13
f 3459/45/23 3460/888/23 3461/45/23
f 3462/1117/13 3463/955/13 3464/1009/13
f 3465/846/13 3466/36/13 2836/950/13
f 3467/1090/7 3250/926/7 3252/1090/7
f 3468/797/9 2723/936/9 3469/936/9
f 3470/845/7 3224/802/7 3226/845/7
f 3471/1088/7 3371/922/7 3373/1088/7
f 2942/1039/15 2788/975/15 2943/1039/15
s 0
f 2935/1034/15 2939/1035/15 2936/1034/18
s 1
f 3472/812/9 3473/793/9 3474/793/9
f 3475/1016/7 2873/948/7 2875/1016/7
f 3476/852/7 2955/940/7 3477/940/7
f 3478/40/7 3082/781/7 3479/781/7
f 3480/971/7 2886/1022/7 3481/1022/7
f 3482/831/7 2921/959/7 3483/959/7
f 3484/942/7 2977/941/7 3485/941/7
f 3486/967/7 3340/1048/7 3487/1048/7
f 3488/968/9 3288/969/9 3290/968/9
f 3489/1110/7 3400/1043/7 3490/1043/7
f 3491/983/7 2889/1023/7 3492/1023/7
f 3493/939/7 3494/938/7 3495/938/7
f 3496/39/7 3292/905/7 3497/905/7
f 3498/25/7 2664/893/7 3499/893/7
f 3500/808/7 2661/891/7 3501/891/7
f 3502/946/13 3503/823/13 3504/861/13
f 3186/1018/15 3505/1118/15 3130/1055/15
f 3506/1099/13 3507/810/13 2825/996/13
f 3508/875/13 3509/834/13 3158/835/13
f 3510/781/18 3511/1007/18 3512/781/18
f 3513/1110/654 3514/1025/654 3515/1103/654
f 3516/1119/15 3517/1120/15 2596/840/15
f 3518/1046/18 3519/779/18 3520/1046/18
f 3521/40/654 3522/1007/654 3523/1114/654
f 3524/1121/18 3525/1047/18 3526/1121/18
f 3527/1030/13 3424/1105/13 2950/1040/13
f 3528/1010/18 3529/1012/18 3530/1010/18
f 3264/777/15 2651/884/15 3531/1122/15
f 3532/1123/15 3533/1124/15 3517/1120/15
f 3534/785/18 3535/985/18 3536/785/18
f 3537/1048/18 3538/968/18 3539/1048/18
f 3540/1043/18 3541/1025/18 3542/1043/18
f 2830/998/15 3543/1125/15 3544/8/15
f 2938/1036/15 2831/999/15 3545/1126/15
f 3546/903/13 3419/1054/13 2924/1021/13
f 2788/975/15 3547/1127/15 2943/1039/15
f 2932/1032/15 3548/1128/15 3549/1129/15
f 2933/1031/15 3550/43/15 2940/1037/15
f 3551/1130/15 2813/989/15 3552/1131/15
f 3553/898/13 3408/1028/13 2945/1027/13
f 3554/1132/15 2814/990/15 3555/1133/15
f 3556/1113/13 3395/924/13 2527/780/13
f 3557/994/13 3558/822/13 2864/1011/13
f 2817/992/15 3559/38/15 3560/1134/15
f 2847/1004/15 3561/1135/15 3562/1136/15
f 2745/834/653 3563/1057/653 2644/878/653
f 3564/1137/15 3565/1138/15 3566/1139/15
f 2943/1039/15 3533/1124/15 2941/1038/15
f 3567/1011/13 3450/1090/13 2959/1029/13
f 3568/1140/15 3565/1138/15 3543/1125/15
f 3569/1101/654 3570/779/654 3571/1096/654
f 3554/1132/15 3572/1141/15 2571/818/15
f 2936/1034/15 3548/1128/15 2934/1033/15
f 2932/1032/15 3573/1142/15 2933/1031/15
f 3574/1001/13 3575/946/13 3576/919/13
f 3564/1137/15 2793/980/15 3577/1143/15
f 3578/1029/13 3579/1091/13 2880/1019/13
f 3580/919/13 3504/861/13 2961/862/13
f 3581/839/9 3582/866/9 3583/1108/9
f 3584/1101/7 2990/1046/7 3585/1046/7
f 3586/972/9 3003/966/9 3005/972/9
f 3587/9/7 3271/1010/7 3588/1010/7
f 3589/1021/13 3590/1082/13 2929/1030/13
f 3591/987/13 3592/930/13 3593/1052/13
f 3594/1027/13 3595/1102/13 2677/903/13
f 3551/1130/15 3596/7/15 3597/1144/15
f 3598/896/657 3599/1145/657 3076/837/657
f 3600/768/13 3601/1097/13 3053/986/13
f 3602/1052/13 3163/845/13 2948/890/13
f 3603/890/13 3604/846/13 3605/801/13
f 3005/972/9 3343/1030/9 3586/972/9
f 3606/862/13 3607/1099/13 3608/995/13
f 3609/1044/13 3610/936/13 3063/935/13
f 3611/1045/13 3612/923/13 3613/1113/13
f 3560/1134/15 3561/1135/15 3614/1146/15
f 2939/1035/15 3545/1126/15 3615/1147/15
f 3616/959/18 3617/832/18 3618/959/18
f 3619/786/23 3620/771/23 3621/786/23
f 3622/785/13 3593/1052/13 3623/985/13
f 3099/782/657 3624/1148/657 3116/897/657
f 3625/885/23 3626/873/23 3627/885/23
f 3031/949/652 3628/847/652 3035/1057/652
f 2884/762/657 3629/1149/657 3598/896/657
f 3630/891/13 3605/801/13 3631/800/13
f 3632/1081/15 3302/1111/15 2691/913/15
f 3216/6/15 3633/1150/15 2627/863/15
f 3634/1043/13 3608/995/13 3635/1025/13
f 3126/1066/657 3636/1151/657 2838/910/657
f 3637/1046/13 3613/1113/13 3638/779/13
f 2591/835/7 2991/1045/7 3639/835/7
f 3109/813/657 3640/1152/657 3096/944/657
f 3252/1090/7 2922/1029/7 3467/1090/7
f 3044/954/652 3641/1107/652 3032/880/652
f 3226/845/7 2662/890/7 3470/845/7
f 3095/872/657 3642/1153/657 3643/956/657
f 3644/1121/13 3464/1009/13 3645/1109/13
f 3643/956/657 3646/1154/657 3040/886/657
f 3260/996/7 2890/792/7 3430/996/7
f 3290/968/9 3232/986/9 3488/968/9
f 3361/779/9 3351/1113/9 3647/779/9
f 3373/1088/7 3648/1044/7 3471/1088/7
f 3649/1044/7 3494/938/7 3648/1044/7
f 2875/1016/7 2978/1026/7 3475/1016/7
f 3650/905/13 3576/919/13 3651/918/13
f 3358/1105/7 2956/1040/7 3652/1105/7
f 3653/1105/23 3654/901/23 3655/901/23
f 3355/973/9 2640/874/9 3656/973/9
f 2994/950/7 3293/1001/7 3657/950/7
f 2912/928/7 3285/987/7 3658/928/7
f 3659/940/13 3112/900/13 3660/853/13
f 3348/832/9 3275/1019/9 3661/832/9
f 3324/984/9 3246/794/9 3662/984/9
f 3327/1112/7 2665/892/7 3384/1112/7
f 3280/1109/9 3427/1009/9 3663/1047/9
f 3370/1007/9 2672/898/9 3664/1007/9
f 3011/904/9 3309/903/9 3665/904/9
f 3333/960/9 2724/935/9 3666/960/9
f 2623/861/7 3334/823/7 2621/861/7
f 3639/835/7 2589/834/7 2591/835/7
f 2513/767/7 2859/789/7 2511/767/7
f 3657/950/7 2992/36/7 2994/950/7
f 3658/928/7 2910/895/7 2912/928/7
f 3667/853/9 3582/866/9 3668/963/9
f 2914/1028/7 2987/879/7 2913/1028/7
f 3665/904/9 3009/952/9 3011/904/9
f 3667/853/9 3000/854/9 3002/853/9
f 3656/973/9 3353/974/9 3355/973/9
f 3669/5/7 3670/3/7 3384/1112/7
f 3671/15/7 3669/5/7 3672/1155/7
f 2665/892/7 3669/5/7 3384/1112/7
s 0
f 3673/16/13 3674/1156/13 3675/1156/13
s 1
f 3019/4/7 3676/47/7 3677/1157/7
f 3019/4/7 2665/892/7 2664/893/7
f 3678/791/9 3231/1097/9 3679/1097/9
f 3680/825/9 3681/899/9 3682/899/9
f 3683/804/9 2713/846/9 3684/846/9
f 3685/951/7 2908/902/7 3686/902/7
f 3687/775/9 3426/955/9 3688/955/9
f 2552/800/9 3305/809/9 2550/800/9
f 3663/1047/9 3278/1087/9 3280/1109/9
f 2698/918/9 3313/981/9 2696/918/9
f 3213/1025/9 3319/1103/9 3211/1025/9
f 3662/984/9 3322/937/9 3324/984/9
f 3666/960/9 3331/961/9 3333/960/9
f 3029/1054/7 3286/860/7 3028/1054/7
f 3661/832/9 3346/833/9 3348/832/9
f 3689/881/9 3308/1102/9 3690/1102/9
f 3691/929/9 3416/930/9 3692/930/9
f 3664/1007/9 3368/1114/9 3370/1007/9
f 2896/1012/9 3344/958/9 2894/1012/9
f 3693/855/9 3342/1082/9 3694/1082/9
f 2872/924/7 2915/41/7 2870/924/7
f 3017/985/9 3297/911/9 3015/985/9
f 3647/779/9 3359/1096/9 3361/779/9
f 3652/1105/7 3356/856/7 3358/1105/7
f 3375/923/9 3695/923/9 3374/878/9
f 3386/946/9 3696/946/9 3385/796/9
f 3429/875/9 3697/875/9 3428/828/9
f 3684/846/9 3698/846/9 3683/804/9
f 3383/1091/9 3699/1091/9 3382/947/9
f 3692/930/9 3700/930/9 3691/929/9
f 3381/901/9 3701/901/9 3380/867/9
f 3377/822/9 3702/822/9 3376/773/9
f 3379/1099/9 3703/1099/9 3378/824/9
f 3682/899/9 3704/899/9 3680/825/9
f 3474/793/9 3705/793/9 3472/812/9
f 3688/955/9 3706/955/9 3687/775/9
f 3690/1102/9 3707/1102/9 3689/881/9
f 3469/936/9 3708/936/9 3468/797/9
f 3679/1097/9 3709/1097/9 3678/791/9
f 3694/1082/9 3710/1082/9 3693/855/9
f 3499/893/7 3711/893/7 3498/25/7
f 3686/902/7 3712/902/7 3685/951/7
f 3477/940/7 3713/940/7 3476/852/7
f 3481/1022/7 3714/1022/7 3480/971/7
f 3483/959/7 3715/959/7 3482/831/7
f 3585/1046/7 3716/1046/7 3584/1101/7
f 3485/941/7 3717/941/7 3484/942/7
f 3479/781/7 3718/781/7 3478/40/7
f 3495/938/7 3719/938/7 3493/939/7
f 3490/1043/7 3720/1043/7 3489/1110/7
f 3492/1023/7 3721/1023/7 3491/983/7
f 3501/891/7 3722/891/7 3500/808/7
f 3487/1048/7 3723/1048/7 3486/967/7
f 2674/901/9 3724/867/9 3582/866/9
f 3582/866/9 3725/1006/659 3583/1108/9
f 3581/839/9 3726/1158/9 3668/963/9
f 3669/5/7 3677/1157/7 3672/1155/7
f 3668/963/9 3727/854/9 3667/853/9
f 3588/1010/7 3728/1010/7 3587/9/7
f 3497/905/7 3729/905/7 3496/39/7
f 2534/785/7 3730/785/7 2532/784/7
f 3002/853/9 2675/900/9 3667/853/9
f 2505/45/651 2659/889/651 2506/762/651
f 2508/764/652 2834/849/652 2509/765/652
f 2511/767/7 3339/768/7 2512/768/7
f 2514/769/651 2719/932/651 2515/770/651
f 2517/10/653 2683/907/653 2518/772/653
f 2520/3/653 3731/5/653 2521/774/653
f 2523/776/652 3104/882/652 2524/777/652
f 2526/779/13 3556/1113/13 2527/780/13
f 2529/48/651 2682/906/651 2530/782/651
f 2532/784/7 3732/784/7 2533/785/7
f 2535/786/651 2736/945/651 2536/787/651
f 2538/789/653 2641/876/653 2539/790/653
f 2541/792/13 3733/996/13 2542/793/13
f 2544/36/653 2711/927/653 2545/795/653
f 2547/797/653 2702/922/653 2548/798/653
f 2550/800/9 2712/801/9 2551/801/9
f 2553/802/653 2718/931/653 2554/803/653
f 2556/805/651 2669/897/651 2557/806/651
f 2559/808/654 3734/891/654 2560/800/654
f 2562/810/653 2701/766/653 2563/811/653
f 2565/34/651 2752/953/651 2566/813/651
f 2568/815/651 2686/910/651 2569/816/651
f 2571/818/15 3572/1141/15 2572/819/15
f 2574/821/23 3735/821/23 2575/822/23
f 2577/823/653 2684/908/653 2578/764/653
f 2580/825/653 2645/41/653 2581/826/653
f 2583/828/653 2743/948/653 2584/829/653
f 2586/831/654 3736/959/654 2587/832/654
f 2592/836/651 2668/896/651 2593/837/651
f 2595/839/15 3516/1119/15 2596/840/15
f 2598/842/651 2734/943/651 2599/843/651
f 2601/845/23 3737/845/23 2602/846/23
f 2604/847/15 3131/1085/15 2605/848/15
f 2607/849/15 3318/1067/15 2608/850/15
f 2610/852/654 3738/940/654 2611/853/654
f 2613/855/653 2620/776/653 2614/778/653
f 2616/857/651 2735/944/651 2617/858/651
f 2619/860/653 2768/962/653 2620/776/653
f 2621/861/7 3399/862/7 2622/862/7
f 2624/804/18 3739/802/18 2625/802/18
f 2627/863/15 3633/1150/15 2628/864/15
f 2615/856/653 2614/778/653 2630/866/653
f 2632/868/651 2770/964/651 2633/869/651
f 2635/871/651 2761/957/651 2636/872/651
f 2638/874/9 3429/875/9 2639/875/9
f 2522/775/653 2521/774/653 2641/876/653
f 2537/788/651 2536/787/651 2642/877/651
f 2644/878/653 3563/1057/653 2581/826/653
f 2646/879/653 2753/954/653 2647/880/653
f 2649/882/15 3401/1056/15 2650/883/15
f 2652/878/18 3740/834/18 2653/834/18
f 2655/885/651 2760/956/651 2656/886/651
f 2658/888/651 3166/1064/651 2659/889/651
f 2660/890/7 3501/891/7 2661/891/7
f 2663/892/7 3499/893/7 2664/893/7
f 2540/791/653 2539/790/653 2666/894/653
f 2507/763/651 2506/762/651 2668/896/651
f 2531/783/651 2530/782/651 2669/897/651
f 2670/898/9 3682/899/9 2671/899/9
f 2673/900/9 3381/901/9 2674/901/9
f 2676/902/13 3594/1027/13 2677/903/13
f 2679/809/13 2957/800/13 2680/905/13
f 2570/817/651 2569/816/651 2682/906/651
f 2547/797/653 2549/799/653 2683/907/653
f 2546/796/653 2545/795/653 2684/908/653
f 2685/909/651 3072/1066/651 2686/910/651
f 2687/911/13 2947/985/13 2688/891/13
f 2690/912/15 3632/1081/15 2691/913/15
f 2693/915/15 3068/982/15 2694/916/15
f 2696/918/9 2737/919/9 2697/919/9
f 2594/838/651 2593/837/651 2699/920/651
f 2579/824/653 2578/764/653 2701/766/653
f 2564/812/653 2563/811/653 2548/798/653
f 2703/835/655 3741/834/656 2704/878/656
f 2706/924/655 3742/41/656 2707/825/656
f 2519/773/653 2518/772/653 2709/925/653
f 2555/804/653 2554/803/653 2711/927/653
f 2712/801/9 3684/846/9 2713/846/9
f 2714/928/655 3743/895/656 2715/929/655
f 2717/929/653 2778/970/653 2718/931/653
f 2558/807/651 2557/806/651 2719/932/651
f 2600/844/651 2599/843/651 2720/933/651
f 2722/935/9 3469/936/9 2723/936/9
f 2725/937/13 2969/984/13 2726/938/13
f 2728/940/18 3744/853/18 2729/853/18
f 2731/833/13 2905/832/13 2732/941/13
f 2618/859/651 2617/858/651 2734/943/651
f 2567/814/651 2566/813/651 2735/944/651
f 2516/771/651 2515/770/651 2736/945/651
f 2737/919/9 3386/946/9 2738/946/9
f 2739/902/18 3745/904/18 2740/904/18
f 2742/947/653 2771/965/653 2584/829/653
f 2583/828/653 2585/830/653 2744/949/653
f 2746/950/23 3746/950/23 2747/946/23
f 2749/951/654 3747/902/654 2750/904/654
f 2565/34/651 2657/887/651 2656/886/651
f 2580/825/653 2582/827/653 2753/954/653
f 2754/955/13 3748/775/13 2755/789/13
f 2757/936/13 3749/797/13 2758/10/13
f 2637/873/651 2636/872/651 2760/956/651
f 2634/870/651 2633/869/651 2761/957/651
f 2762/958/13 2958/1012/13 2763/959/13
f 2765/939/654 3750/938/654 2766/960/654
f 2648/881/653 2647/880/653 2768/962/653
f 2632/868/651 3751/1050/651 2769/963/651
f 2710/926/653 2709/925/653 2771/965/653
f 2772/966/13 2949/972/13 2773/940/13
f 2775/967/654 3752/1048/654 2776/968/654
f 2667/895/653 2666/894/653 2778/970/653
f 2779/891/18 3753/800/18 2780/800/18
f 2782/971/654 3754/1022/654 2783/972/654
f 2785/942/654 3755/941/654 2786/973/654
f 2788/975/15 3205/1100/15 2789/976/15
f 2791/978/15 2848/1005/15 2792/979/15
f 2794/39/654 3756/905/660 2795/918/654
f 2797/5/652 3757/15/652 2798/982/652
f 2800/983/654 3758/1023/654 2801/984/654
f 2803/938/18 3759/960/18 2804/960/18
f 2806/784/654 3760/785/660 2807/985/654
f 2809/986/13 3457/1097/13 2810/928/13
f 2812/988/15 3552/1131/15 2813/989/15
f 2510/766/652 2509/765/652 2815/991/652
f 2817/992/15 2573/820/15 2572/819/15
f 2819/935/13 2757/936/13 2759/821/13
f 2821/907/652 3051/6/652 2822/863/652
f 2824/995/13 3506/1099/13 2825/996/13
f 2827/798/652 3048/1062/652 2828/997/652
f 2830/998/15 3544/8/15 2831/999/15
f 2833/908/652 3075/1067/652 2834/849/652
f 2835/801/13 3465/846/13 2836/950/13
f 2838/910/657 3636/1151/657 2839/1002/657
f 2841/780/13 3761/924/13 2842/899/13
f 2844/927/652 3071/37/652 2845/1003/652
f 2847/1004/15 3562/1136/15 2792/979/15
f 2849/775/18 3762/3/18 2850/3/18
f 2525/778/652 2524/777/652 2852/1006/652
f 2854/781/13 2841/780/13 2843/898/13
f 2856/826/652 3036/42/652 2857/1008/652
f 2861/1009/13 2754/955/13 2756/767/13
f 2863/1010/13 3557/994/13 2864/1011/13
f 2866/765/15 2607/849/15 2609/851/15
f 2868/1014/15 2690/912/15 2692/914/15
f 2870/924/7 3081/780/7 2871/780/7
f 2876/830/652 3050/829/652 2877/1017/652
f 2879/959/13 3578/1029/13 2880/1019/13
f 2882/889/657 3059/46/657 2883/1020/657
f 2885/1021/7 3481/1022/7 2886/1022/7
f 2888/792/7 3492/1023/7 2889/1023/7
f 2891/49/23 3763/788/23 2892/788/23
f 2894/1012/9 3276/1011/9 2895/1011/9
f 2897/943/657 3021/1053/657 2898/1024/657
f 2900/1025/13 2824/995/13 2826/792/13
f 2902/836/23 3764/763/23 2903/763/23
f 2905/832/13 3159/1019/13 2906/1026/13
f 2907/1027/7 3686/902/7 2908/902/7
f 2913/1028/7 2907/1027/7 2909/1027/7
f 2917/929/18 3765/895/18 2918/895/18
f 2920/1029/7 3483/959/7 2921/959/7
f 2923/904/13 3546/903/13 2924/1021/13
f 2799/774/652 2798/982/652 2926/915/652
f 2928/1022/13 3589/1021/13 2929/1030/13
s 0
f 2931/1031/15 3766/1032/18 2932/1032/15
f 2937/1035/15 3767/1036/18 2938/1036/15
s 1
f 2944/1007/13 3553/898/13 2945/1027/13
f 2947/985/13 3602/1052/13 2948/890/13
f 2949/972/13 3527/1030/13 2950/1040/13
f 2951/1003/15 3321/37/15 2952/1041/15
f 2954/1040/7 3477/940/7 2955/940/7
f 2957/800/13 2835/801/13 2837/1001/13
f 2958/1012/13 3567/1011/13 2959/1029/13
f 2960/918/13 3580/919/13 2961/862/13
f 2963/828/18 3768/948/18 2964/948/18
f 2966/34/23 3769/887/23 2967/887/23
f 2969/984/13 3139/794/13 2970/1044/13
f 2971/960/13 2819/935/13 2820/994/13
f 2973/973/13 3157/874/13 2974/1045/13
f 2976/1026/7 3485/941/7 2977/941/7
f 2979/1047/13 2861/1009/13 2862/768/13
f 2981/921/23 3770/838/23 2982/838/23
f 2984/790/652 3123/1076/652 2985/1049/652
f 2989/1045/7 3585/1046/7 2990/1046/7
f 2995/825/18 3771/41/18 2996/41/18
f 2998/968/13 2809/986/13 2811/987/13
f 3006/868/23 3772/1050/23 3007/1050/23
f 3012/963/657 3773/1158/657 3013/1051/657
f 3015/985/9 3415/1052/9 3016/1052/9
f 3020/858/657 3097/1074/657 3021/1053/657
f 3022/796/18 3774/36/18 3023/36/18
f 3025/881/18 3775/879/18 3026/879/18
f 3028/1054/7 2885/1021/7 2887/1021/7
f 2876/830/652 2878/1018/652 3030/1055/652
f 3032/880/652 3641/1107/652 3033/1056/652
f 3035/1057/652 3628/847/652 3036/42/652
f 3037/770/657 3115/1079/657 3038/1058/657
f 3040/886/657 3646/1154/657 3041/35/657
f 2858/827/652 2857/1008/652 3043/1059/652
f 3045/957/657 3105/869/657 3046/1060/657
f 2816/811/652 2815/991/652 3048/1062/652
f 3049/965/652 3103/1072/652 2877/1017/652
f 2829/799/652 2828/997/652 3051/6/652
f 3052/1048/13 3600/768/13 3053/986/13
f 3055/806/657 3117/1080/657 3056/1063/657
f 3058/1064/657 3083/1070/657 3059/46/657
f 2823/772/652 2822/863/652 3060/865/652
f 3062/938/13 3609/1044/13 3063/935/13
f 3065/970/652 3118/1081/652 3066/912/652
f 3068/982/15 3776/15/15 3069/1065/15
f 2844/927/652 3124/803/652 3070/1014/652
f 2685/909/651 2700/921/651 2699/920/651
f 2840/816/657 2839/1002/657 3073/44/657
f 2846/795/652 2845/1003/652 3075/1067/652
f 3076/837/657 3599/1145/657 3077/1068/657
f 2899/843/657 2898/1024/657 3079/1069/657
f 3081/780/7 3479/781/7 3082/781/7
f 3080/933/657 3079/1069/657 3083/1070/657
f 3084/871/23 3777/870/23 3085/870/23
f 2629/865/15 2628/864/15 3087/1071/15
f 3089/941/13 3113/1026/13 3090/874/13
f 3092/1023/13 2541/792/13 2543/794/13
f 3045/957/657 3047/1061/657 3094/1073/657
f 3096/944/657 3640/1152/657 3097/1074/657
f 3074/906/657 3073/44/657 3098/1075/657
f 3100/787/657 3122/1083/657 3101/47/657
f 3061/925/652 3060/865/652 3103/1072/652
f 2523/776/652 3034/962/652 3033/1056/652
f 3014/964/657 3013/1051/657 3046/1060/657
f 3106/1076/15 2693/915/15 2695/917/15
f 3042/953/657 3041/35/657 3108/1078/657
f 3110/1040/13 3778/1105/13 3111/901/13
f 3113/1026/13 3779/1016/13 3114/875/13
f 3037/770/657 3057/932/657 3056/1063/657
f 3116/897/657 3624/1148/657 3117/1080/657
f 2986/894/652 2985/1049/652 3118/1081/652
f 3119/1054/23 3780/1054/23 3120/1082/23
f 3039/945/657 3038/1058/657 3122/1083/657
f 2927/876/652 2926/915/652 3123/1076/652
f 3067/931/652 3066/912/652 3070/1014/652
f 3078/920/657 3077/1068/657 3125/1084/657
f 3127/791/18 3781/789/18 3128/789/18
f 3130/1055/15 3505/1118/15 3131/1085/15
f 3132/9/654 3782/1010/654 3133/1012/654
f 2939/1035/15 3615/1147/15 3135/1086/15
f 3136/19/654 3783/1121/654 3137/1047/654
f 3139/794/13 3784/793/13 3140/1088/13
f 3141/1023/18 3785/984/18 3142/984/18
f 3144/905/18 3786/918/18 3145/918/18
f 3147/991/15 2866/765/15 2867/1013/15
f 3149/1090/23 3787/1090/23 3150/1091/23
f 3152/941/18 3788/973/18 3153/973/18
f 3155/952/13 2923/904/13 2925/1022/13
f 3157/874/13 3508/875/13 3158/835/13
f 3159/1019/13 3451/1091/13 3160/1016/13
f 3161/930/13 3789/929/13 3162/802/13
f 2606/42/15 2605/848/15 3164/1092/15
f 2658/888/651 2721/934/651 2720/933/651
f 3167/997/15 3405/1062/658 3168/1093/658
f 3170/835/23 3790/835/23 3171/923/23
f 3173/1095/23 3791/1095/23 3174/955/23
f 3176/1096/13 2526/779/13 2528/781/13
f 3178/1016/23 3792/1016/23 3179/875/23
f 3181/767/23 3793/767/23 3182/1097/23
f 3184/1017/15 3447/1116/15 3185/1098/15
f 3187/924/23 3794/924/23 3188/899/23
f 3190/815/23 3795/909/23 3191/909/23
f 3193/1088/23 3796/1088/23 3194/936/23
f 3196/861/23 3797/861/23 3197/1099/23
f 3199/996/23 3798/996/23 3200/793/23
f 3202/928/23 3799/928/23 3203/930/23
f 2940/1037/15 3550/43/15 2789/976/15
f 3206/974/13 2973/973/13 2975/1046/13
f 3208/1028/23 3800/1028/23 3209/1102/23
f 3211/1025/9 3256/995/9 3212/995/9
f 3214/1103/13 2900/1025/13 2901/1023/13
f 3216/6/15 3167/997/15 3169/1094/15
f 3218/1095/655 3801/3/656 3219/775/656
f 3221/947/18 3802/926/18 3222/926/18
f 3227/842/23 3803/859/23 3228/859/23
f 3230/986/9 3679/1097/9 3231/1097/9
f 3233/767/655 3804/789/656 3234/791/656
f 3236/934/23 3805/844/23 3237/844/23
f 3239/769/23 3806/807/23 3240/807/23
f 3242/1087/13 2979/1047/13 2980/1048/13
f 3244/794/9 3474/793/9 3245/793/9
f 3247/1105/655 3807/856/656 3248/867/655
f 3253/812/18 3808/810/18 3254/810/18
f 3256/995/9 3379/1099/9 3257/1099/9
f 3261/1059/15 3446/1115/15 3262/1106/15
f 3264/777/15 3531/1122/15 3265/1108/15
f 3267/867/18 3809/856/18 3268/856/18
f 3270/994/7 3588/1010/7 3271/1010/7
f 3273/1019/9 3383/1091/9 3274/1091/9
f 3276/1011/9 3377/822/9 3277/822/9
f 3281/805/23 3810/783/23 3282/783/23
f 3284/987/7 2534/785/7 2533/785/7
f 3291/1001/7 3497/905/7 3292/905/7
f 3294/824/18 3811/823/18 3295/823/18
f 3299/981/13 2960/918/13 2962/1043/13
f 3301/1049/15 3106/1076/15 3107/1077/15
f 3303/969/13 2998/968/13 2999/785/13
f 3307/903/9 3690/1102/9 3308/1102/9
f 3310/773/18 3812/10/18 3311/10/18
f 3315/48/23 3813/817/23 3316/817/23
f 3318/1067/15 2951/1003/15 2953/1042/15
f 3321/37/15 2868/1014/15 2869/1015/15
f 3328/857/23 3814/814/23 3329/814/23
f 3339/768/7 3487/1048/7 3340/1048/7
f 3341/1030/9 3694/1082/9 3342/1082/9
f 3349/1113/9 3375/923/9 3350/923/9
f 3338/821/7 3270/994/7 3272/994/7
f 3362/1090/655 3815/926/656 3363/947/656
f 3365/797/18 3816/922/18 3366/922/18
f 3352/821/7 3817/10/7 3336/10/7
f 3374/878/9 3818/878/9 3350/923/9
f 3376/773/9 3819/773/9 3277/822/9
f 3378/824/9 3820/824/9 3257/1099/9
f 3380/867/9 3724/867/9 2674/901/9
f 3382/947/9 3821/947/9 3274/1091/9
f 3384/1112/7 3670/3/7 3325/3/7
f 3385/796/9 3822/796/9 2738/946/9
f 3387/1054/655 3823/860/656 3388/855/656
f 3390/855/18 3824/860/18 3391/860/18
f 3393/923/13 3825/878/13 3394/41/13
f 3396/1028/656 3826/879/656 3397/881/656
f 3399/862/7 3490/1043/7 3400/1043/7
f 3263/1107/15 3262/1106/15 2650/883/15
f 3402/996/655 3827/810/656 3403/812/656
f 3405/1062/658 3147/991/15 3148/1089/15
f 3406/899/13 3828/825/13 3407/879/13
f 3409/861/655 3829/823/656 3410/824/655
f 3412/1088/655 3830/922/656 3413/797/656
f 3415/1052/9 3692/930/9 3416/930/9
f 3417/1102/13 3831/881/13 3418/860/13
f 3420/961/13 2971/960/13 2972/1010/13
f 3422/1082/13 3832/855/13 3423/856/13
f 3425/1009/9 3688/955/9 3426/955/9
f 3428/828/9 3833/828/9 2639/875/9
f 3430/996/7 3834/810/7 3258/810/7
f 3431/1022/18 3835/972/18 3432/972/18
f 3434/821/655 3836/10/656 3435/773/656
f 3437/950/655 3837/36/655 3438/796/655
f 3440/845/655 3838/802/655 3441/804/655
f 3443/1016/655 3839/948/656 3444/828/656
f 3165/1008/15 3164/1092/15 3446/1115/15
f 3088/1072/15 3087/1071/15 3447/1116/15
f 3448/822/13 3840/773/13 3449/926/13
f 3451/1091/13 3841/947/13 3452/948/13
f 3453/793/13 3842/812/13 3454/922/13
f 3455/1114/13 2944/1007/13 2946/902/13
f 3457/1097/13 3843/791/13 3458/895/13
f 3459/45/23 3844/888/23 3460/888/23
f 3462/1117/13 3845/1095/13 3463/955/13
f 3465/846/13 3846/804/13 3466/36/13
f 3467/1090/7 3847/926/7 3250/926/7
f 3468/797/9 3848/797/9 2723/936/9
f 3470/845/7 3849/802/7 3224/802/7
f 3471/1088/7 3850/922/7 3371/922/7
f 2942/1039/15 3851/975/15 2788/975/15
s 0
f 2935/1034/15 2937/1035/18 2939/1035/15
s 1
f 3472/812/9 3852/812/9 3473/793/9
f 3475/1016/7 3853/948/7 2873/948/7
f 3476/852/7 3854/852/7 2955/940/7
f 3478/40/7 3855/40/7 3082/781/7
f 3480/971/7 3856/971/7 2886/1022/7
f 3482/831/7 3857/831/7 2921/959/7
f 3484/942/7 3858/942/7 2977/941/7
f 3486/967/7 3859/967/7 3340/1048/7
f 3488/968/9 3860/969/9 3288/969/9
f 3489/1110/7 3861/1110/7 3400/1043/7
f 3491/983/7 3862/983/7 2889/1023/7
f 3493/939/7 3863/939/7 3494/938/7
f 3496/39/7 3864/39/7 3292/905/7
f 3498/25/7 3018/25/7 2664/893/7
f 3500/808/7 3865/808/7 2661/891/7
f 3502/946/13 3866/796/13 3503/823/13
f 3186/1018/15 3185/1098/15 3505/1118/15
f 3506/1099/13 3867/824/13 3507/810/13
f 3508/875/13 3868/828/13 3509/834/13
f 3510/781/18 3869/1007/18 3511/1007/18
f 3513/1110/654 3870/1043/654 3514/1025/654
f 3516/1119/15 3532/1123/15 3517/1120/15
f 3518/1046/18 3871/779/18 3519/779/18
f 3521/40/654 3872/781/654 3522/1007/654
f 3524/1121/18 3873/1109/18 3525/1047/18
f 3527/1030/13 3422/1082/13 3424/1105/13
f 3528/1010/18 3874/1012/18 3529/1012/18
f 3264/777/15 2649/882/15 2651/884/15
f 3532/1123/15 2941/1038/15 3533/1124/15
f 3534/785/18 3875/985/18 3535/985/18
f 3537/1048/18 3876/968/18 3538/968/18
f 3540/1043/18 3877/1025/18 3541/1025/18
f 2830/998/15 3568/1140/15 3543/1125/15
f 2938/1036/15 2832/1000/15 2831/999/15
f 3546/903/13 3417/1102/13 3419/1054/13
f 2788/975/15 2790/977/15 3547/1127/15
f 2932/1032/15 2934/1033/15 3548/1128/15
f 2933/1031/15 3573/1142/15 3550/43/15
f 3551/1130/15 3597/1144/15 2813/989/15
f 3553/898/13 3878/899/13 3408/1028/13
f 3554/1132/15 2812/988/15 2814/990/15
f 3556/1113/13 3393/923/13 3395/924/13
f 3557/994/13 3879/821/13 3558/822/13
f 2817/992/15 2818/993/15 3559/38/15
f 2847/1004/15 3614/1146/15 3561/1135/15
f 2745/834/653 2744/949/653 3563/1057/653
f 3564/1137/15 3577/1143/15 3565/1138/15
f 2943/1039/15 3547/1127/15 3533/1124/15
f 3567/1011/13 3448/822/13 3450/1090/13
f 3568/1140/15 3566/1139/15 3565/1138/15
f 3569/1101/654 3880/1046/654 3570/779/654
f 3554/1132/15 3555/1133/15 3572/1141/15
f 2936/1034/15 3135/1086/15 3548/1128/15
f 2932/1032/15 3549/1129/15 3573/1142/15
f 3574/1001/13 3881/950/13 3575/946/13
f 3564/1137/15 2791/978/15 2793/980/15
f 3578/1029/13 3882/1090/13 3579/1091/13
f 3580/919/13 3502/946/13 3504/861/13
f 3581/839/9 3668/963/9 3582/866/9
f 3584/1101/7 3883/1101/7 2990/1046/7
f 3586/972/9 3884/966/9 3003/966/9
f 3587/9/7 3885/9/7 3271/1010/7
f 3589/1021/13 3886/1054/13 3590/1082/13
f 3591/987/13 3887/928/13 3592/930/13
f 3594/1027/13 3888/1028/13 3595/1102/13
f 3551/1130/15 3889/1159/15 3596/7/15
f 3598/896/657 3629/1149/657 3599/1145/657
f 3600/768/13 3890/767/13 3601/1097/13
f 3602/1052/13 3161/930/13 3163/845/13
f 3603/890/13 3891/845/13 3604/846/13
f 3005/972/9 3341/1030/9 3343/1030/9
f 3606/862/13 3892/861/13 3607/1099/13
f 3609/1044/13 3893/1088/13 3610/936/13
f 3611/1045/13 3894/835/13 3612/923/13
f 3560/1134/15 3559/38/15 3561/1135/15
f 2939/1035/15 2938/1036/15 3545/1126/15
f 3616/959/18 3895/832/18 3617/832/18
f 3619/786/23 3896/771/23 3620/771/23
f 3622/785/13 3591/987/13 3593/1052/13
f 3099/782/657 3098/1075/657 3624/1148/657
f 3625/885/23 3897/873/23 3626/873/23
f 3031/949/652 3030/1055/652 3628/847/652
f 2884/762/657 2883/1020/657 3629/1149/657
f 3630/891/13 3603/890/13 3605/801/13
f 3632/1081/15 3301/1049/15 3302/1111/15
f 3216/6/15 3217/1104/15 3633/1150/15
f 3634/1043/13 3606/862/13 3608/995/13
f 3126/1066/657 3125/1084/657 3636/1151/657
f 3637/1046/13 3611/1045/13 3613/1113/13
f 2591/835/7 2989/1045/7 2991/1045/7
f 3109/813/657 3108/1078/657 3640/1152/657
f 3252/1090/7 2920/1029/7 2922/1029/7
f 3044/954/652 3043/1059/652 3641/1107/652
f 3226/845/7 2660/890/7 2662/890/7
f 3095/872/657 3094/1073/657 3642/1153/657
f 3644/1121/13 3462/1117/13 3464/1009/13
f 3643/956/657 3642/1153/657 3646/1154/657
f 3260/996/7 2888/792/7 2890/792/7
f 3290/968/9 3230/986/9 3232/986/9
f 3361/779/9 3349/1113/9 3351/1113/9
f 3373/1088/7 3649/1044/7 3648/1044/7
f 3649/1044/7 3495/938/7 3494/938/7
f 2875/1016/7 2976/1026/7 2978/1026/7
f 3650/905/13 3574/1001/13 3576/919/13
f 3358/1105/7 2954/1040/7 2956/1040/7
f 3653/1105/23 3898/1105/23 3654/901/23
f 3355/973/9 2638/874/9 2640/874/9
f 2994/950/7 3291/1001/7 3293/1001/7
f 2912/928/7 3284/987/7 3285/987/7
f 3659/940/13 3110/1040/13 3112/900/13
f 3348/832/9 3273/1019/9 3275/1019/9
f 3324/984/9 3244/794/9 3246/794/9
f 3327/1112/7 2663/892/7 2665/892/7
f 3280/1109/9 3425/1009/9 3427/1009/9
f 3370/1007/9 2670/898/9 2672/898/9
f 3011/904/9 3307/903/9 3309/903/9
f 3333/960/9 2722/935/9 2724/935/9
f 2623/861/7 3899/823/7 3334/823/7
f 3639/835/7 3900/834/7 2589/834/7
f 2513/767/7 3901/789/7 2859/789/7
f 3657/950/7 3902/36/7 2992/36/7
f 3658/928/7 3903/895/7 2910/895/7
f 3667/853/9 2674/901/9 3582/866/9
f 2914/1028/7 3904/879/7 2987/879/7
f 3665/904/9 3905/952/9 3009/952/9
f 3667/853/9 3727/854/9 3000/854/9
f 3656/973/9 3906/974/9 3353/974/9
f 2665/892/7 3019/4/7 3669/5/7
f 3678/791/9 3907/791/9 3231/1097/9
f 3680/825/9 3908/825/9 3681/899/9
f 3683/804/9 3909/804/9 2713/846/9
f 3685/951/7 3910/951/7 2908/902/7
f 3687/775/9 3911/775/9 3426/955/9
f 2552/800/9 3912/809/9 3305/809/9
f 3663/1047/9 3913/1087/9 3278/1087/9
f 2698/918/9 3914/981/9 3313/981/9
f 3213/1025/9 3915/1103/9 3319/1103/9
f 3662/984/9 3916/937/9 3322/937/9
f 3666/960/9 3917/961/9 3331/961/9
f 3029/1054/7 3918/860/7 3286/860/7
f 3661/832/9 3919/833/9 3346/833/9
f 3689/881/9 3920/881/9 3308/1102/9
f 3691/929/9 3921/929/9 3416/930/9
f 3664/1007/9 3922/1114/9 3368/1114/9
f 2896/1012/9 3923/958/9 3344/958/9
f 3693/855/9 3924/855/9 3342/1082/9
f 2872/924/7 3925/41/7 2915/41/7
f 3017/985/9 3926/911/9 3297/911/9
f 3647/779/9 3927/1096/9 3359/1096/9
f 3652/1105/7 3928/856/7 3356/856/7
f 3669/5/7 3019/4/7 3677/1157/7
f 3002/853/9 2673/900/9 2675/900/9
f 3934/1160/9 3978/1161/9 3976/1162/9
f 3938/1163/18 3979/1164/18 3977/1165/18
f 3953/1166/661 3983/1167/661 3980/1168/661
f 3982/1169/23 3932/1170/23 3975/1171/23
f 3949/1172/662 3929/1173/662 3935/1174/662
f 4014/1175/663 4006/1176/663 4016/1177/663
f 3962/1178/23 3973/1179/23 3970/1180/23
f 3961/1181/664 3972/1182/664 3969/1183/664
f 3965/1184/18 3959/1185/18 3967/1186/18
f 3956/1187/9 3966/1188/9 3974/1189/9
f 3974/1189/9 3988/1190/9 4000/1191/9
f 3985/1192/18 3967/1186/18 3989/1193/18
f 3968/1168/665 3995/1194/665 3991/1195/665
f 3970/1180/23 3997/1196/23 3993/1197/23
f 3962/1178/23 3975/1171/23 3955/1198/23
f 3981/1199/666 3963/1200/666 3960/1181/666
f 3977/1165/18 3959/1185/18 3957/1201/18
f 3976/1162/9 3958/1202/9 3956/1187/9
f 3944/1203/667 3999/1204/667 3930/1173/667
f 3992/1205/668 3943/1206/668 3950/1207/668
f 3987/1208/669 3951/1172/669 3936/1174/669
f 4000/1191/9 3937/1209/9 3931/1210/9
f 4005/1211/670 4012/1212/670 4009/1213/670
f 4013/1214/23 4010/1215/23 4001/1216/23
f 4015/1217/18 4007/1218/18 4020/1219/18
f 4022/1220/671 4031/1221/671 4019/1222/671
f 3954/1223/672 4018/1224/672 3947/1225/672
f 3938/1163/18 4020/1219/18 3952/1226/18
f 3932/1170/23 4017/1227/23 4013/1214/23
f 3933/1160/663 4016/1177/663 3939/1228/663
f 4033/1229/672 4028/1230/672 4030/1231/672
f 4017/1227/23 4026/1232/23 4010/1215/23
f 4011/1212/673 4024/1233/673 4008/1213/673
f 4020/1219/18 4023/1232/18 4032/1234/18
f 3934/1160/9 3940/1228/9 3978/1161/9
f 3938/1163/18 3952/1226/18 3979/1164/18
f 3953/1166/661 3946/1235/661 3983/1167/661
f 3982/1169/23 3945/1236/23 3932/1170/23
f 3949/1172/662 3942/1203/662 3929/1173/662
f 4014/1175/663 4003/1237/663 4006/1176/663
f 3962/1178/23 3955/1198/23 3973/1179/23
f 3961/1181/664 3964/1200/664 3972/1182/664
f 3965/1184/18 3957/1201/18 3959/1185/18
f 3956/1187/9 3958/1202/9 3966/1188/9
f 3974/1189/9 3966/1188/9 3988/1190/9
f 3985/1192/18 3965/1184/18 3967/1186/18
f 3968/1168/665 3971/1167/665 3995/1194/665
f 3970/1180/23 3973/1179/23 3997/1196/23
f 3962/1178/23 3982/1169/23 3975/1171/23
f 3981/1199/666 3984/1176/666 3963/1200/666
f 3977/1165/18 3979/1164/18 3959/1185/18
f 3976/1162/9 3978/1161/9 3958/1202/9
f 3941/1238/674 3994/1197/674 3998/1196/674
f 3992/1205/668 3996/1239/668 3943/1206/668
f 3986/1192/675 3990/1193/675 3948/1240/675
f 4000/1191/9 3988/1190/9 3937/1209/9
f 4005/1211/670 4002/1230/670 4012/1212/670
f 4013/1214/23 4017/1227/23 4010/1215/23
f 4015/1217/18 4004/1216/18 4007/1218/18
f 4022/1220/671 4034/1233/671 4031/1221/671
f 3954/1223/672 4021/1239/672 4018/1224/672
f 3938/1163/18 4015/1217/18 4020/1219/18
f 3932/1170/23 3945/1236/23 4017/1227/23
f 3933/1160/663 4014/1175/663 4016/1177/663
f 4033/1229/672 4025/1224/672 4028/1230/672
f 4017/1227/23 4029/1241/23 4026/1232/23
f 4011/1212/673 4027/1221/673 4024/1233/673
f 4020/1219/18 4007/1218/18 4023/1232/18
f 4280/1242/676 4048/1243/676 4244/1244/676
f 4585/1245/677 4063/1246/677 4245/1247/677
f 4266/1248/678 4057/1249/678 4251/1250/678
f 4840/1251/679 4235/1252/679 4874/1253/679
f 4145/1254/680 4553/1255/680 4628/1256/680
f 4140/1257/681 4844/1258/681 4918/1259/681
f 4849/1260/682 4037/1261/682 4904/1262/682
f 4133/1263/683 4051/1264/683 4144/1265/683
f 4556/1266/18 4059/1267/18 4605/1268/18
f 4165/1269/684 4045/1270/684 4171/1271/684
f 5008/1272/685 4118/1273/685 4095/1274/685
f 5151/1275/686 4111/1276/686 4099/1277/686
f 5148/1278/687 4911/1279/687 5181/1280/687
f 5146/1281/688 4104/1282/688 4623/1283/688
f 5092/1284/689 4255/1285/689 5107/1286/689
f 4981/1287/690 4260/1288/690 4995/1289/690
f 4041/1290/676 4262/1291/676 4238/1292/676
f 4035/1261/23 4148/1293/23 4122/1294/23
f 4759/1295/691 4132/1263/691 4143/1265/691
f 4753/1296/692 4914/1259/692 4972/1297/692
f 4762/1298/693 4630/1256/693 4837/1299/693
f 4790/1300/694 4129/1301/694 4269/1248/694
f 4066/1302/695 4273/1303/695 4247/1304/695
f 4606/1305/696 4161/1306/696 4634/1307/696
f 4899/1308/697 4156/1309/697 4924/1310/697
f 4060/1311/683 4182/1312/683 4160/1313/683
f 4668/1314/698 4166/1269/698 4173/1271/698
f 4683/1315/690 4282/1242/690 4704/1316/690
f 4697/1317/699 4374/1318/699 4724/1319/699
f 4344/1320/700 4225/1321/700 4368/1322/700
f 4807/1323/701 4222/1324/701 4364/1325/701
f 4336/1326/699 4218/1327/699 4360/1328/699
f 4993/1329/699 4358/1330/699 4999/1331/699
f 5100/1332/702 4351/1333/702 5117/1334/702
f 4866/1335/703 4333/1336/703 4885/1337/703
f 4219/1324/704 4348/1338/704 4362/1325/704
f 4597/1339/705 4196/1340/705 4343/1341/705
f 4232/1342/699 4342/1343/699 4374/1318/699
f 4703/1344/706 4231/1345/706 4696/1346/706
f 4200/1347/707 4272/1303/707 4227/1321/707
f 4787/1348/708 4271/1248/708 4224/1324/708
f 4233/1349/706 4217/1350/706 4188/1351/706
f 4994/1352/706 4215/1353/706 4992/1354/706
f 5109/1286/709 4213/1355/709 5104/1332/709
f 4870/1335/710 4237/1252/710 4189/1356/710
f 4265/1248/711 4207/1357/711 4221/1324/711
f 4584/1245/712 4195/1340/712 4579/1358/712
f 4279/1359/706 4192/1360/706 4231/1345/706
f 4325/1361/713 4377/1362/713 4414/1363/713
f 4603/1364/714 4288/1365/714 4381/1366/714
f 4312/1367/715 4389/1368/715 4408/1369/715
f 4890/1370/716 4326/1371/716 4419/1372/716
f 5113/1373/717 4391/1374/717 5122/1375/717
f 4997/1376/713 4397/1377/713 5000/1378/713
f 4421/1379/713 4311/1380/713 4401/1381/713
f 4812/1382/718 4316/1367/718 4409/1369/718
f 4383/1383/719 4318/1384/719 4412/1385/719
f 4717/1386/713 4414/1363/713 4725/1387/713
f 4373/1388/720 4286/1389/720 4324/1390/720
f 4594/1339/721 4289/1365/721 4591/1391/721
f 4361/1325/722 4300/1392/722 4314/1367/722
f 4878/1393/723 4331/1336/723 4327/1371/723
f 5118/1334/724 4302/1394/724 5112/1373/724
f 4998/1395/720 4308/1396/720 4996/1397/720
f 4329/1398/720 4359/1399/720 4310/1400/720
f 4800/1401/725 4365/1325/725 4315/1367/725
f 4293/1402/726 4367/1322/726 4320/1384/726
f 4723/1403/720 4324/1390/720 4716/1404/720
f 4693/1405/727 4416/1363/727 4169/1406/727
f 4083/1407/728 4410/1385/728 4184/1312/728
f 4815/1382/729 4137/1263/729 4782/1408/729
f 4072/1409/730 4402/1381/730 4152/1410/730
f 4991/1411/731 4399/1377/731 4120/1412/731
f 5123/1375/732 4114/1276/732 5098/1413/732
f 4889/1370/733 4069/1414/733 4848/1260/733
f 4406/1369/734 4088/1415/734 4135/1263/734
f 4558/1266/735 4379/1366/735 4081/1416/735
f 4415/1363/736 4078/1417/736 4168/1406/736
f 4907/1418/737 4540/1419/737 4451/1420/737
f 4659/1421/738 4448/1422/738 4617/1423/738
f 4650/1424/739 4528/1425/739 4519/1426/739
f 4944/1427/740 4511/1428/740 4940/1429/740
f 4660/1421/741 4516/1426/741 4537/1430/741
f 4938/1429/742 4541/1419/742 4953/1431/742
f 4932/1432/743 4492/1433/743 4926/1434/743
f 4638/1435/744 4498/1436/744 4487/1437/744
f 4949/1427/745 4495/1433/745 4524/1438/745
f 4640/1435/746 4531/1425/746 4655/1439/746
f 4431/1440/747 4572/1441/747 4549/1442/747
f 4839/1443/18 4476/1444/18 4860/1445/18
f 4824/1446/748 4859/1447/748 4971/1448/748
f 4834/1449/749 4470/1450/749 4571/1451/749
f 5179/1452/750 4465/1453/750 4853/1454/750
f 5135/1455/751 4564/1456/751 5141/1457/751
f 4839/1443/18 4450/1420/18 4423/1458/18
f 4615/1423/752 4434/1459/752 4552/1460/752
f 4566/1451/753 4443/1461/753 4612/1462/753
f 4472/1463/23 4901/1262/23 4856/1464/23
f 4609/1465/754 4499/1436/754 4646/1466/754
f 4934/1432/755 4426/1467/755 4506/1468/755
f 4054/1469/756 4645/1466/756 4249/1470/756
f 4127/1301/757 4614/1471/757 4056/1249/757
f 4050/1472/752 4615/1423/752 4552/1460/752
f 5138/1473/758 4108/1474/758 5088/1475/758
f 4777/1476/759 4570/1451/759 4126/1477/759
f 4551/1478/760 4176/1479/760 4065/1302/760
f 4203/1480/761 4657/1439/761 4347/1481/761
f 4202/1480/762 4644/1466/762 4639/1435/762
f 4295/1482/763 4663/1421/763 4387/1483/763
f 4296/1482/764 4654/1439/764 4651/1424/764
f 4385/1483/765 4618/1423/765 4086/1484/765
f 4452/1420/766 4599/1364/766 4557/1266/766
f 4522/1438/767 4590/1391/767 4513/1428/767
f 4510/1428/768 4600/1364/768 4543/1419/768
f 4504/1468/769 4578/1358/769 4493/1433/769
f 4525/1438/770 4580/1358/770 4595/1339/770
f 4424/1458/771 4633/1485/771 4478/1444/771
f 4819/1446/772 4626/1256/772 4473/1486/772
f 5129/1487/773 4624/1283/773 4462/1453/773
f 4423/1458/18 4556/1266/18 4605/1268/18
f 4627/1488/774 4436/1459/774 4474/1463/774
f 4505/1468/775 4546/1489/775 4586/1245/775
f 4632/1307/776 4732/1490/776 4477/1491/776
f 4576/1441/777 4673/1492/777 4175/1493/777
f 4484/1494/778 4747/1495/778 4577/1441/778
f 4864/1496/779 4737/1490/779 4961/1497/779
f 4186/1312/729 4730/1498/729 4678/1499/729
f 5173/1500/780 4695/1405/780 5160/1501/780
f 5169/1502/720 4716/1404/720 5167/1503/720
f 4371/1322/781 4711/1504/781 4321/1384/781
f 5168/1505/713 4725/1387/713 5171/1500/713
f 4322/1384/782 4727/1498/782 4413/1385/782
f 4278/1303/783 4702/1506/783 4230/1321/783
f 5165/1507/706 4696/1346/706 5163/1508/706
f 4228/1321/784 4718/1509/784 4370/1322/784
f 5164/1510/699 4724/1319/699 5170/1511/699
f 5150/1512/690 4704/1316/690 5166/1513/690
f 5085/1514/785 4691/1515/785 4670/1516/785
f 4178/1479/786 4705/1517/786 4276/1303/786
f 4636/1307/787 4689/1518/787 4750/1519/787
f 4920/1310/788 4680/1520/788 4962/1521/788
f 4181/1312/789 4686/1522/789 4159/1313/789
f 5068/1523/790 4823/1446/790 5050/1524/790
f 5012/1525/791 4832/1449/791 4775/1476/791
f 5063/1526/792 4828/1527/792 4831/1528/792
f 5051/1524/793 4970/1448/793 5077/1529/793
f 4403/1381/794 4766/1530/794 4153/1410/794
f 5019/1531/729 4815/1382/729 4782/1408/729
f 5033/1532/795 4810/1323/795 4802/1401/795
f 4310/1400/720 4805/1533/720 4798/1534/720
f 5043/1535/796 4803/1401/796 4814/1382/796
f 4311/1380/713 4817/1536/713 4401/1381/713
f 4261/1537/706 4788/1538/706 4217/1350/706
f 5025/1539/708 4794/1300/708 4787/1348/708
f 4218/1327/699 4806/1540/699 4360/1328/699
f 5038/1541/797 4784/1348/797 4809/1323/797
f 5029/1542/798 4780/1543/798 4792/1300/798
f 4987/1544/799 4838/1299/799 5067/1523/799
f 5072/1545/800 4754/1296/800 4973/1297/800
f 5016/1531/801 4757/1295/801 4983/1546/801
f 4142/1547/690 4797/1548/690 4264/1291/690
f 4150/1549/802 4772/1550/802 4124/1551/802
f 5053/1552/803 4975/1297/803 4826/1553/803
f 5004/1272/804 4969/1448/804 4769/1550/804
f 4480/1494/805 4964/1521/805 4738/1554/805
f 4862/1445/806 4667/1314/806 4172/1271/806
f 4241/1555/807 4895/1556/807 4935/1432/807
f 4856/1464/23 4035/1261/23 4122/1294/23
f 4043/1270/18 4905/1418/18 4839/1443/18
f 5176/1452/808 4090/1274/808 5083/1514/808
f 4770/1550/809 4858/1447/809 4123/1551/809
f 4043/1270/18 4860/1445/18 4170/1271/18
f 4339/1557/810 4927/1434/810 4946/1427/810
f 4243/1555/811 4931/1434/811 4193/1558/811
f 4283/1559/812 4951/1431/812 4375/1560/812
f 4337/1557/813 4939/1429/813 4284/1559/813
f 4075/1561/814 4950/1431/814 4906/1418/814
f 4534/1430/815 4850/1260/815 4447/1422/815
f 4517/1426/816 4883/1337/816 4879/1393/816
f 4535/1430/817 4877/1393/817 4892/1370/817
f 4486/1437/818 4871/1253/818 4865/1335/818
f 4489/1437/819 4888/1337/819 4530/1425/819
f 4429/1440/820 4921/1310/820 4481/1494/820
f 4974/1297/821 4466/1450/821 4825/1553/821
f 5185/1280/822 4457/1562/822 5131/1563/822
f 4445/1422/823 4902/1262/823 4435/1459/823
f 4915/1259/824 4441/1461/824 4467/1450/824
f 4438/1564/825 4873/1253/825 4500/1436/825
f 4091/1274/826 5079/1529/826 5006/1272/826
f 4456/1562/827 5074/1545/827 5054/1552/827
f 4112/1276/828 4982/1546/828 4100/1277/828
f 4910/1279/829 4979/1565/829 5070/1545/829
f 4103/1282/830 5069/1523/830 4622/1283/830
f 4256/1285/831 5015/1566/831 5030/1542/831
f 4352/1333/832 5023/1539/832 5040/1541/832
f 4214/1355/833 5032/1542/833 5027/1539/833
f 4392/1374/834 5036/1532/834 5045/1535/834
f 4303/1394/835 5041/1541/835 5035/1532/835
f 4114/1276/732 5046/1535/732 5021/1531/732
f 4464/1453/836 5078/1529/836 4852/1454/836
f 4565/1456/837 5058/1567/837 5064/1568/837
f 4107/1474/838 5061/1569/838 5011/1525/838
f 4625/1283/839 5052/1524/839 4463/1453/839
f 4768/1530/840 5002/1378/840 4989/1411/840
f 4805/1533/720 4996/1397/720 4798/1534/720
f 4799/1570/713 5000/1378/713 4817/1536/713
f 4796/1571/706 4992/1354/706 4788/1538/706
f 4789/1572/699 4999/1331/699 4806/1540/699
f 4756/1573/690 4995/1289/690 4797/1548/690
f 4764/1574/841 5007/1272/841 4774/1550/841
f 4965/1521/842 5130/1563/842 4739/1554/842
f 4956/1497/843 5081/1514/843 4665/1516/843
f 4096/1274/844 5158/1575/844 5084/1514/844
f 4098/1576/690 5166/1513/690 4260/1288/690
f 4216/1577/699 5170/1511/699 4358/1330/699
f 4259/1578/706 5163/1508/706 4215/1353/706
f 4309/1579/713 5171/1500/713 4397/1377/713
f 4357/1580/720 5167/1503/720 4308/1396/720
f 4400/1377/845 5162/1501/845 4121/1412/845
f 4736/1490/846 5145/1281/846 5127/1487/846
f 4745/1495/847 5089/1475/847 4671/1492/847
f 4741/1581/848 5140/1582/848 4744/1583/848
f 4960/1497/849 5128/1487/849 5178/1452/849
f 4730/1498/729 5096/1413/729 4678/1499/729
f 4721/1509/850 5110/1373/850 4713/1504/850
f 4714/1504/851 5120/1375/851 4729/1498/851
f 4709/1517/783 5102/1332/783 4702/1506/783
f 4699/1506/852 5115/1334/852 4720/1509/852
f 4676/1584/853 5106/1286/853 4707/1517/853
f 4751/1519/854 5156/1585/854 5144/1281/854
f 4681/1520/855 5183/1280/855 4963/1521/855
f 4684/1522/856 5093/1413/856 5152/1275/856
f 4281/1242/857 4157/1586/857 4049/1243/857
f 4589/1245/858 4548/1489/858 4064/1246/858
f 4268/1248/859 4128/1301/859 4058/1249/859
f 4841/1251/860 4039/1587/860 4236/1252/860
f 4147/1254/861 4053/1588/861 4555/1255/861
f 4138/1257/862 4040/1589/862 4843/1258/862
f 4847/1260/863 4068/1414/863 4036/1261/863
f 4134/1263/864 4087/1415/864 4052/1264/864
f 4556/1266/18 4080/1416/18 4059/1267/18
f 4164/1269/865 4076/1561/865 4044/1270/865
f 5009/1272/866 4988/1590/866 4119/1273/866
f 5153/1275/867 5094/1413/867 4113/1276/867
f 5147/1278/868 4097/1591/868 4909/1279/868
f 5143/1281/869 5155/1585/869 4101/1282/869
f 5091/1284/870 4109/1592/870 4253/1285/870
f 4981/1287/690 4098/1576/690 4260/1288/690
f 4042/1290/871 4141/1547/871 4263/1291/871
f 4038/1261/872 4071/1414/872 4149/1293/872
f 4758/1295/873 4781/1408/873 4131/1263/873
f 4755/1296/874 4139/1257/874 4917/1259/874
f 4760/1298/875 4146/1254/875 4629/1256/875
f 4791/1300/876 4778/1543/876 4130/1301/876
f 4067/1302/877 4177/1479/877 4275/1303/877
f 4608/1305/878 4062/1593/878 4163/1306/878
f 4898/1308/879 4047/1594/879 4154/1309/879
f 4061/1311/864 4082/1407/864 4183/1312/864
f 4669/1516/880 4690/1515/880 4167/1595/880
f 4683/1315/690 4158/1586/690 4282/1242/690
f 4697/1317/699 4232/1342/699 4374/1318/699
f 4346/1320/881 4199/1347/881 4226/1321/881
f 4808/1323/882 4783/1348/882 4223/1324/882
f 4336/1326/699 4190/1596/699 4218/1327/699
f 4993/1329/699 4216/1577/699 4358/1330/699
f 5101/1332/883 4209/1355/883 4353/1333/883
f 4867/1335/884 4187/1356/884 4334/1336/884
f 4220/1324/885 4206/1357/885 4350/1338/885
f 4598/1339/886 4582/1358/886 4197/1340/886
f 4232/1342/699 4194/1597/699 4342/1343/699
f 4703/1344/706 4279/1359/706 4231/1345/706
f 4201/1347/887 4248/1304/887 4274/1303/887
f 4786/1348/888 4793/1300/888 4270/1248/888
f 4233/1349/706 4261/1537/706 4217/1350/706
f 4994/1352/706 4259/1578/706 4215/1353/706
f 5108/1286/889 4257/1285/889 4211/1355/889
f 4869/1335/890 4872/1253/890 4234/1252/890
f 4267/1248/891 4252/1250/891 4208/1357/891
f 4587/1245/892 4246/1247/892 4198/1340/892
f 4279/1359/706 4239/1598/706 4192/1360/706
f 4325/1361/713 4287/1599/713 4377/1362/713
f 4604/1364/893 4592/1391/893 4290/1365/893
f 4313/1367/894 4299/1392/894 4390/1368/894
f 4894/1370/895 4880/1393/895 4328/1371/895
f 5114/1373/896 4306/1394/896 4393/1374/896
f 4997/1376/713 4309/1579/713 4397/1377/713
f 4421/1379/713 4330/1600/713 4311/1380/713
f 4813/1382/795 4802/1401/795 4317/1367/795
f 4384/1383/897 4292/1402/897 4319/1384/897
f 4717/1386/713 4325/1361/713 4414/1363/713
f 4373/1388/720 4341/1601/720 4286/1389/720
f 4597/1339/705 4343/1341/705 4291/1365/705
f 4363/1325/898 4349/1338/898 4301/1392/898
f 4881/1393/899 4884/1337/899 4332/1336/899
f 5119/1334/900 4355/1333/900 4304/1394/900
f 4998/1395/720 4357/1580/720 4308/1396/720
f 4329/1398/720 4335/1602/720 4359/1399/720
f 4801/1401/797 4809/1323/797 4366/1325/797
f 4294/1402/901 4345/1320/901 4369/1322/901
f 4723/1403/720 4373/1388/720 4324/1390/720
f 4694/1405/902 4726/1387/902 4417/1363/902
f 4084/1407/903 4382/1383/903 4411/1385/903
f 4812/1382/718 4409/1369/718 4136/1263/718
f 4073/1409/904 4422/1379/904 4405/1381/904
f 4990/1411/905 5003/1378/905 4398/1377/905
f 5124/1375/906 4395/1374/906 4115/1276/906
f 4891/1370/907 4420/1372/907 4070/1414/907
f 4407/1369/908 4388/1368/908 4089/1415/908
f 4559/1266/909 4602/1364/909 4380/1366/909
f 4418/1363/904 4378/1362/904 4079/1417/904
f 4908/1418/910 4954/1431/910 4542/1419/910
f 4661/1421/911 4538/1430/911 4449/1422/911
f 4653/1424/912 4656/1439/912 4532/1425/912
f 4948/1427/913 4523/1438/913 4515/1428/913
f 4664/1421/914 4652/1424/914 4520/1426/914
f 4943/1429/915 4512/1428/915 4545/1419/915
f 4936/1432/916 4508/1468/916 4497/1433/916
f 4643/1435/917 4648/1466/917 4501/1436/917
f 4947/1427/918 4929/1434/918 4494/1433/918
f 4641/1435/919 4490/1437/919 4533/1425/919
f 4432/1440/920 4483/1494/920 4573/1441/920
f 4839/1443/18 4423/1458/18 4476/1444/18
f 4822/1446/921 4475/1486/921 4857/1447/921
f 4835/1603/922 4829/1604/922 4471/1605/922
f 5177/1452/846 5127/1487/846 4460/1453/846
f 5134/1455/923 4458/1606/923 4562/1456/923
f 4839/1443/18 4905/1418/18 4450/1420/18
f 4616/1423/823 4445/1422/823 4435/1459/823
f 4567/1451/924 4469/1450/924 4444/1461/924
f 4472/1463/23 4433/1459/23 4901/1262/23
f 4610/1465/925 4439/1564/925 4503/1436/925
f 4937/1432/926 4897/1556/926 4428/1467/926
f 4055/1469/927 4611/1465/927 4649/1466/927
f 4125/1477/928 4568/1451/928 4613/1462/928
f 4050/1472/752 4085/1484/752 4615/1423/752
f 5136/1473/929 4560/1607/929 4105/1474/929
f 4776/1476/930 4833/1449/930 4569/1451/930
f 4550/1442/931 4574/1441/931 4174/1493/931
f 4204/1480/932 4642/1435/932 4658/1439/932
f 4205/1480/933 4250/1470/933 4647/1466/933
f 4297/1482/914 4652/1424/914 4664/1421/914
f 4298/1482/761 4347/1481/761 4657/1439/761
f 4386/1483/934 4662/1421/934 4619/1423/934
f 4453/1420/935 4544/1419/935 4601/1364/935
f 4526/1438/936 4596/1339/936 4593/1391/936
f 4514/1428/893 4592/1391/893 4604/1364/893
f 4507/1468/937 4588/1245/937 4583/1358/937
f 4527/1438/938 4496/1433/938 4581/1358/938
f 4425/1608/939 4607/1305/939 4637/1307/939
f 4820/1446/693 4837/1299/693 4630/1256/693
f 5126/1487/854 5144/1281/854 4621/1283/854
f 4423/1458/18 4450/1420/18 4556/1266/18
f 4631/1256/940 4554/1255/940 4437/1609/940
f 4509/1468/941 4427/1467/941 4547/1489/941
f 4636/1307/787 4750/1519/787 4734/1490/787
f 4575/1441/942 4746/1495/942 4672/1492/942
f 4485/1610/943 4742/1611/943 4748/1603/943
f 4863/1496/944 4479/1491/944 4735/1490/944
f 4185/1312/782 4413/1385/782 4727/1498/782
f 5172/1500/902 4726/1387/902 4694/1405/902
f 5169/1502/720 4723/1403/720 4716/1404/720
f 4372/1322/852 4720/1509/852 4712/1504/852
f 5168/1505/713 4717/1386/713 4725/1387/713
f 4323/1384/850 4713/1504/850 4728/1498/850
f 4277/1303/945 4708/1517/945 4701/1506/945
f 5165/1507/706 4703/1344/706 4696/1346/706
f 4229/1321/946 4698/1506/946 4719/1509/946
f 5164/1510/699 4697/1317/699 4724/1319/699
f 5150/1512/690 4683/1315/690 4704/1316/690
f 5086/1514/947 5159/1575/947 4692/1515/947
f 4179/1479/948 4674/1584/948 4706/1517/948
f 4635/1307/949 4162/1306/949 4687/1518/949
f 4923/1310/874 4155/1309/874 4682/1520/874
f 4180/1312/873 4677/1499/873 4685/1522/873
f 5065/1523/693 4837/1299/693 4820/1446/693
f 5010/1525/950 5060/1569/950 4830/1449/950
f 5062/1526/951 5056/1602/951 4827/1527/951
f 5048/1524/952 4821/1446/952 4968/1448/952
f 4404/1381/902 4818/1536/902 4767/1530/902
f 5020/1531/834 5045/1535/834 4816/1382/834
f 5034/1532/832 5040/1541/832 4811/1323/832
f 4310/1400/720 4359/1399/720 4805/1533/720
f 5044/1535/835 5035/1532/835 4804/1401/835
f 4311/1380/713 4799/1570/713 4817/1536/713
f 4261/1537/706 4796/1571/706 4788/1538/706
f 5026/1539/953 5031/1542/953 4795/1300/953
f 4218/1327/699 4789/1572/699 4806/1540/699
f 5039/1541/954 5022/1539/954 4785/1348/954
f 5028/1542/955 5013/1566/955 4779/1543/955
f 4985/1544/956 4761/1298/956 4836/1299/956
f 5071/1545/957 4980/1565/957 4752/1296/957
f 5018/1531/873 4781/1408/873 4758/1295/873
f 4142/1547/690 4756/1573/690 4797/1548/690
f 4151/1549/958 4763/1574/958 4773/1550/958
f 5055/1552/959 5075/1545/959 4976/1297/959
f 5005/1272/793 5077/1529/793 4970/1448/793
f 4482/1494/960 4922/1310/960 4967/1521/960
f 4861/1496/961 4957/1497/961 4666/1516/961
f 4242/1555/962 4046/1612/962 4896/1556/962
f 4856/1464/23 4901/1262/23 4035/1261/23
f 4043/1270/18 4074/1561/18 4905/1418/18
f 5180/1452/963 4854/1454/963 4092/1274/963
f 4771/1550/748 4971/1448/748 4859/1447/748
f 4043/1270/18 4839/1443/18 4860/1445/18
f 4340/1557/964 4191/1558/964 4928/1434/964
f 4240/1555/965 4933/1432/965 4930/1434/965
f 4285/1559/966 4941/1429/966 4955/1431/966
f 4338/1557/967 4945/1427/967 4942/1429/967
f 4077/1561/968 4376/1560/968 4952/1431/968
f 4536/1430/969 4893/1370/969 4851/1260/969
f 4521/1426/970 4529/1425/970 4887/1337/970
f 4539/1430/971 4518/1426/971 4882/1393/971
f 4491/1437/972 4502/1436/972 4875/1253/972
f 4488/1437/973 4868/1335/973 4886/1337/973
f 4430/1440/974 4900/1308/974 4925/1310/974
f 4977/1297/975 4916/1259/975 4468/1450/975
f 5184/1280/976 4913/1279/976 4455/1562/976
f 4446/1422/977 4846/1260/977 4903/1262/977
f 4919/1259/978 4845/1258/978 4442/1461/978
f 4440/1564/979 4842/1251/979 4876/1253/979
f 4093/1274/980 4855/1454/980 5080/1529/980
f 4454/1562/981 4912/1279/981 5073/1545/981
f 4113/1276/867 5017/1531/867 4984/1546/867
f 4909/1279/868 4097/1591/868 4978/1565/868
f 4102/1282/982 4986/1544/982 5066/1523/982
f 4254/1285/983 4110/1592/983 5014/1566/983
f 4354/1333/984 4210/1355/984 5024/1539/984
f 4212/1355/953 4258/1285/953 5031/1542/953
f 4394/1374/985 4307/1394/985 5037/1532/985
f 4305/1394/986 4356/1333/986 5042/1541/986
f 4116/1276/987 4396/1374/987 5047/1535/987
f 4461/1453/988 5050/1524/988 5076/1529/988
f 4563/1456/989 4459/1606/989 5057/1567/989
f 4106/1474/990 4561/1607/990 5059/1569/990
f 4620/1283/799 5067/1523/799 5049/1524/799
f 4767/1530/902 4818/1536/902 5001/1378/902
f 4805/1533/720 4998/1395/720 4996/1397/720
f 4799/1570/713 4997/1376/713 5000/1378/713
f 4796/1571/706 4994/1352/706 4992/1354/706
f 4789/1572/699 4993/1329/699 4999/1331/699
f 4756/1573/690 4981/1287/690 4995/1289/690
f 4765/1574/866 4988/1590/866 5009/1272/866
f 4966/1521/991 5186/1280/991 5132/1563/991
f 4958/1497/992 5175/1452/992 5082/1514/992
f 4094/1274/993 4117/1273/993 5157/1575/993
f 4098/1576/690 5150/1512/690 5166/1513/690
f 4216/1577/699 5164/1510/699 5170/1511/699
f 4259/1578/706 5165/1507/706 5163/1508/706
f 4309/1579/713 5168/1505/713 5171/1500/713
f 4357/1580/720 5169/1502/720 5167/1503/720
f 4398/1377/905 5174/1500/905 5161/1501/905
f 4734/1490/787 4750/1519/787 5142/1281/787
f 4743/1495/994 5137/1473/994 5087/1475/994
f 4740/1581/995 5133/1528/995 5139/1582/995
f 4959/1497/996 4733/1490/996 5125/1487/996
f 4731/1498/717 5122/1375/717 5097/1413/717
f 4722/1509/702 5117/1334/702 5111/1373/702
f 4715/1504/724 5112/1373/724 5121/1375/724
f 4710/1517/889 5108/1286/889 5103/1332/889
f 4700/1506/997 5099/1332/997 5116/1334/997
f 4675/1584/998 5090/1284/998 5105/1286/998
f 4749/1519/999 4688/1518/999 5154/1585/999
f 4679/1520/957 5149/1278/957 5182/1280/957
f 4685/1522/873 4677/1499/873 5095/1413/873
f 5194/1613/1000 5243/1614/1000 5239/1615/1000
f 5326/1616/18 5214/1617/18 5245/1618/18
f 5216/1619/1001 5250/1620/1001 5246/1621/1001
f 5441/1622/1002 5193/1623/1002 5237/1624/1002
f 5211/1625/1003 5303/1626/1003 5294/1627/1003
f 5200/1628/1004 5430/1629/1004 5459/1630/1004
f 5435/1631/1005 5268/1632/1005 5448/1633/1005
f 5227/1634/1006 5263/1635/1006 5258/1636/1006
f 5332/1637/1007 5231/1638/1007 5260/1639/1007
f 5221/1640/1008 5256/1641/1008 5271/1642/1008
f 5442/1622/1009 5217/1643/1009 5434/1631/1009
f 5246/1621/1001 5233/1644/1001 5228/1634/1001
f 5317/1645/1010 5247/1618/1010 5229/1638/1010
f 5240/1615/1011 5225/1646/1011 5220/1640/1011
f 5272/1642/1012 5277/1647/1012 5290/1648/1012
f 5353/1649/1013 5261/1639/1013 5280/1650/1013
f 5259/1636/1001 5283/1651/1001 5279/1652/1001
f 5451/1633/1014 5287/1653/1014 5455/1654/1014
f 5456/1655/1015 5187/1656/1015 5464/1657/1015
f 5278/1652/1016 5205/1658/1016 5212/1659/1016
f 5351/1660/1017 5210/1625/1017 5293/1627/1017
f 5289/1648/1018 5198/1661/1018 5190/1662/1018
f 5357/1663/1019 5350/1660/1019 5291/1627/1019
f 5203/1664/1020 5344/1665/1020 5302/1626/1020
f 5266/1666/1021 5346/1667/1021 5284/1668/1021
f 5421/1669/1022 5333/1637/1022 5352/1649/1022
f 5402/1670/1023 5327/1616/1023 5316/1645/1023
f 5251/1671/1024 5311/1672/1024 5234/1673/1024
f 5417/1674/1025 5320/1645/1025 5335/1637/1025
f 5236/1673/1026 5338/1675/1026 5265/1666/1026
f 5297/1676/1027 5208/1677/1027 5215/1678/1027
f 5292/1627/1028 5397/1679/1028 5358/1663/1028
f 5207/1680/23 5321/1681/23 5249/1671/23
f 5412/1682/1029 5299/1683/1029 5330/1616/1029
f 5477/1684/1030 5394/1685/1030 5411/1682/1030
f 5361/1663/1031 5465/1657/1031 5428/1686/1031
f 5479/1687/1032 5403/1670/1032 5414/1674/1032
f 5470/1688/1033 5409/1682/1033 5404/1670/1033
f 5487/1689/1034 5416/1690/1034 5420/1691/1034
f 5426/1686/1035 5422/1692/1035 5359/1663/1035
f 5343/1665/1036 5396/1679/1036 5300/1626/1036
f 5339/1675/1037 5387/1693/1037 5345/1667/1037
f 5322/1681/1038 5368/1694/1038 5310/1672/1038
f 5314/1672/1039 5383/1695/1039 5341/1675/1039
f 5392/1696/1040 5307/1697/1040 5298/1676/1040
f 5308/1698/1041 5378/1699/1041 5325/1681/1041
f 5195/1700/1042 5489/1701/1042 5427/1686/1042
f 5274/1702/1043 5484/1687/1043 5488/1703/1043
f 5222/1704/1044 5475/1684/1044 5467/1688/1044
f 5253/1705/1045 5468/1688/1045 5481/1687/1045
f 5428/1686/1031 5189/1656/1031 5197/1700/1031
f 5201/1706/1046 5474/1684/1046 5241/1707/1046
f 5388/1708/1047 5463/1657/1047 5398/1679/1047
f 5382/1709/1048 5454/1710/1048 5386/1711/1048
f 5375/1699/1049 5437/1631/1049 5370/1694/1049
f 5369/1694/1050 5446/1633/1050 5380/1695/1050
f 5460/1712/1051 5364/1713/1051 5393/1714/1051
f 5365/1715/1052 5444/1622/1052 5377/1699/1052
f 5194/1613/1000 5202/1716/1000 5243/1614/1000
f 5326/1616/18 5295/1683/18 5214/1617/18
f 5216/1619/1001 5209/1717/1001 5250/1620/1001
f 5439/1622/1053 5429/1718/1053 5191/1623/1053
f 5211/1625/1003 5204/1664/1003 5303/1626/1003
f 5200/1628/1004 5192/1719/1004 5430/1629/1004
f 5436/1631/1054 5219/1643/1054 5269/1632/1054
f 5227/1634/1006 5232/1644/1006 5263/1635/1006
f 5331/1637/1055 5318/1645/1055 5230/1638/1055
f 5221/1640/1008 5226/1646/1008 5256/1641/1008
f 5443/1622/1056 5238/1624/1056 5218/1643/1056
f 5246/1621/1001 5250/1620/1001 5233/1644/1001
f 5319/1645/1057 5328/1616/1057 5248/1618/1057
f 5240/1615/1011 5244/1614/1011 5225/1646/1011
f 5272/1642/1012 5257/1641/1012 5277/1647/1012
f 5354/1649/1058 5334/1637/1058 5262/1639/1058
f 5259/1636/1001 5264/1635/1001 5283/1651/1001
f 5450/1633/1059 5270/1632/1059 5286/1653/1059
f 5457/1655/1060 5288/1720/1060 5188/1656/1060
f 5278/1652/1016 5282/1651/1016 5205/1658/1016
f 5356/1660/1061 5281/1721/1061 5213/1625/1061
f 5289/1648/1018 5276/1647/1018 5198/1661/1018
f 5360/1663/1062 5423/1692/1062 5355/1660/1062
f 5206/1664/1063 5285/1722/1063 5349/1665/1063
f 5267/1666/1064 5340/1675/1064 5347/1667/1064
f 5424/1669/1065 5418/1674/1065 5336/1637/1065
f 5406/1670/1066 5410/1682/1066 5329/1616/1066
f 5252/1671/1067 5323/1681/1067 5313/1672/1067
f 5413/1674/1068 5401/1670/1068 5315/1645/1068
f 5235/1673/1069 5312/1672/1069 5337/1675/1069
f 5297/1676/1027 5306/1697/1027 5208/1677/1027
f 5292/1627/1028 5301/1626/1028 5397/1679/1028
f 5207/1680/23 5304/1698/23 5321/1681/23
f 5408/1682/1070 5391/1685/1070 5296/1683/1070
f 5478/1684/1071 5461/1723/1071 5395/1685/1071
f 5361/1663/1031 5400/1679/1031 5465/1657/1031
f 5482/1687/1072 5471/1688/1072 5405/1670/1072
f 5466/1688/1073 5473/1684/1073 5407/1682/1073
f 5486/1703/1074 5480/1687/1074 5415/1674/1074
f 5425/1686/1075 5485/1701/1075 5419/1692/1075
f 5348/1665/1076 5389/1708/1076 5399/1679/1076
f 5342/1675/1077 5384/1695/1077 5390/1693/1077
f 5324/1681/1078 5376/1699/1078 5372/1694/1078
f 5309/1672/1079 5367/1694/1079 5379/1695/1079
f 5392/1696/1040 5363/1724/1040 5307/1697/1040
f 5305/1698/1080 5362/1715/1080 5374/1699/1080
f 5196/1700/1081 5275/1725/1081 5490/1701/1081
f 5273/1702/1082 5255/1705/1082 5483/1687/1082
f 5223/1704/1083 5242/1707/1083 5476/1684/1083
f 5254/1705/1084 5224/1704/1084 5469/1688/1084
f 5428/1686/1031 5465/1657/1031 5189/1656/1031
f 5199/1706/1085 5458/1723/1085 5472/1684/1085
f 5385/1708/1086 5452/1655/1086 5462/1657/1086
f 5381/1695/1087 5447/1633/1087 5453/1654/1087
f 5373/1699/1088 5440/1622/1088 5433/1631/1088
f 5371/1694/1089 5438/1631/1089 5449/1633/1089
f 5460/1712/1051 5431/1726/1051 5364/1713/1051
f 5366/1715/1090 5432/1718/1090 5445/1622/1090
f 5542/1727/7 5551/1728/7 5545/1729/7
f 5544/1730/15 5553/1731/15 5584/1732/15
f 5557/1733/13 5582/1734/13 5568/1735/13
f 5566/1736/15 5559/1737/15 5608/1738/15
f 5570/1739/13 5586/1740/13 5538/1741/13
f 5578/1742/15 5572/1743/15 5580/1744/15
f 5580/1744/15 5562/1745/15 5566/1736/15
f 5568/1735/13 5576/1746/13 5570/1739/13
f 5539/1741/1091 5547/1747/1091 5541/1727/1091
f 5584/1732/15 5574/1748/15 5578/1742/15
f 5602/1749/15 5592/1750/15 5613/1751/15
f 5589/1752/13 5611/1753/13 5555/1754/13
f 5555/1754/13 5564/1755/13 5557/1733/13
f 5609/1738/1092 5598/1756/1092 5603/1749/1092
f 5619/1751/13 5605/1757/13 5589/1752/13
f 5495/1758/18 5565/1759/18 5491/1760/18
f 5497/1761/23 5561/1762/23 5571/1763/23
f 5499/1764/23 5606/1765/23 5600/1766/23
f 5505/1767/23 5594/1768/23 5558/1769/23
f 5517/1770/23 5558/1769/23 5561/1762/23
f 5521/1771/23 5571/1763/23 5573/1772/23
f 5519/1773/18 5579/1774/18 5513/1775/18
f 5531/1776/18 5591/1777/18 5595/1778/18
f 5515/1779/18 5607/1780/18 5525/1781/18
f 5511/1782/18 5601/1783/18 5612/1784/18
f 5617/1785/9 5614/1786/9 5593/1787/9
f 5575/1788/23 5552/1789/23 5585/1790/23
f 5546/1791/23 5552/1789/23 5549/1792/23
f 5577/1793/18 5537/1794/18 5583/1795/18
f 5540/1796/18 5583/1795/18 5537/1794/18
f 5621/1797/18 5624/1798/18 5627/1799/18
f 5628/1800/23 5631/1801/23 5634/1802/23
f 5635/1803/23 5638/1804/23 5641/1805/23
f 5642/1806/18 5645/1807/18 5648/1808/18
f 5649/1809/23 5652/1810/23 5655/1811/23
f 5656/1812/18 5659/1813/18 5662/1814/18
f 5663/1815/18 5666/1816/18 5669/1817/18
f 5670/1818/23 5673/1819/23 5676/1820/23
f 5677/1821/23 5680/1822/23 5683/1823/23
f 5684/1824/23 5687/1825/23 5690/1826/23
f 5691/1827/23 5694/1828/23 5697/1829/23
f 5698/1830/18 5701/1831/18 5704/1832/18
f 5705/1833/23 5708/1834/23 5711/1835/23
f 5712/1836/18 5715/1837/18 5718/1838/18
f 5719/1839/18 5722/1840/18 5725/1841/18
f 5726/1842/23 5729/1843/23 5732/1844/23
f 5733/1845/23 5736/1846/23 5739/1847/23
f 5740/1848/18 5743/1849/18 5746/1850/18
f 5747/1851/18 5750/1852/18 5753/1853/18
f 5754/1854/18 5757/1855/18 5760/1856/18
f 5737/1857/1093 5745/1858/1093 5741/1859/1093
f 5668/1860/1094 5674/1861/1094 5672/1862/1094
f 5703/1863/1095 5695/1864/1095 5693/1865/1095
f 5639/1866/1096 5647/1867/1096 5643/1868/1096
f 5717/1869/1097 5709/1870/1097 5707/1871/1097
f 5689/1872/1098 5723/1729/1098 5721/1873/1098
f 5625/1874/1099 5633/1875/1099 5629/1876/1099
f 5751/1785/1100 5731/1877/1100 5727/1878/1100
f 5654/1879/1101 5660/1878/1101 5658/1880/1101
f 5682/1881/1102 5758/1876/1102 5756/1882/1102
f 5492/1883/7 5630/1884/7 5494/1885/7
f 5624/1798/18 5565/1759/18 5556/1886/18
f 5632/1875/15 5646/1867/15 5636/1887/15
f 5556/1886/18 5567/1888/18 5645/1807/18
f 5581/1889/23 5563/1890/23 5631/1801/23
f 5628/1800/23 5563/1890/23 5561/1762/23
f 5638/1804/23 5571/1763/23 5581/1889/23
f 5498/1891/9 5644/1892/9 5496/1864/9
f 5642/1806/18 5567/1888/18 5579/1774/18
f 5653/1879/15 5667/1860/15 5671/1862/15
f 5610/1893/23 5604/1894/23 5652/1810/23
f 5661/1892/7 5504/1895/7 5501/1896/7
f 5649/1809/23 5604/1894/23 5594/1768/23
f 5659/1813/18 5601/1783/18 5588/1897/18
f 5588/1897/18 5554/1898/18 5666/1816/18
f 5675/1778/9 5509/1787/9 5507/1786/9
f 5663/1815/18 5554/1898/18 5607/1780/18
f 5673/1819/23 5558/1769/23 5610/1893/23
f 5744/1858/15 5681/1881/15 5755/1882/15
f 5604/1894/23 5615/1899/23 5680/1822/23
f 5759/1870/7 5536/1900/7 5512/1901/7
f 5677/1821/23 5615/1899/23 5590/1902/23
f 5716/1869/15 5688/1872/15 5720/1873/15
f 5575/1788/23 5581/1889/23 5687/1825/23
f 5724/1903/7 5524/1904/7 5514/1905/7
f 5684/1824/23 5581/1889/23 5571/1763/23
f 5696/1857/9 5516/1906/9 5518/1903/9
f 5694/1828/23 5561/1762/23 5563/1890/23
f 5702/1863/15 5730/1877/15 5748/1907/15
f 5563/1890/23 5610/1893/23 5729/1843/23
f 5554/1898/18 5556/1886/18 5701/1831/18
f 5698/1830/18 5556/1886/18 5565/1759/18
f 5710/1866/9 5520/1908/9 5522/1909/9
f 5708/1834/23 5573/1772/23 5575/1788/23
f 5567/1888/18 5569/1910/18 5715/1837/18
f 5712/1836/18 5569/1910/18 5577/1793/18
f 5722/1840/18 5579/1774/18 5567/1888/18
f 5526/1911/7 5728/1908/7 5534/1912/7
f 5726/1842/23 5610/1893/23 5558/1769/23
f 5736/1846/23 5594/1768/23 5604/1894/23
f 5532/1913/9 5742/1914/9 5529/1884/9
f 5618/1915/18 5588/1897/18 5743/1849/18
f 5740/1848/18 5588/1897/18 5601/1783/18
f 5750/1852/18 5607/1780/18 5554/1898/18
f 5757/1855/18 5612/1784/18 5618/1915/18
f 5542/1727/7 5548/1747/7 5551/1728/7
f 5544/1730/15 5550/1916/15 5553/1731/15
f 5557/1733/13 5564/1755/13 5582/1734/13
f 5566/1736/15 5562/1745/15 5559/1737/15
f 5570/1739/13 5576/1746/13 5586/1740/13
f 5578/1742/15 5574/1748/15 5572/1743/15
f 5580/1744/15 5572/1743/15 5562/1745/15
f 5568/1735/13 5582/1734/13 5576/1746/13
f 5539/1741/1091 5587/1740/1091 5547/1747/1091
f 5584/1732/15 5553/1731/15 5574/1748/15
f 5602/1749/15 5597/1756/15 5592/1750/15
f 5589/1752/13 5605/1757/13 5611/1753/13
f 5555/1754/13 5611/1753/13 5564/1755/13
f 5609/1738/1092 5560/1737/1092 5598/1756/1092
f 5619/1751/13 5616/1917/13 5605/1757/13
f 5495/1758/18 5579/1774/18 5565/1759/18
f 5497/1761/23 5493/1918/23 5561/1762/23
f 5500/1919/18 5508/1920/18 5607/1780/18
f 5506/1921/18 5503/1922/18 5596/1766/18
f 5517/1770/23 5533/1923/23 5558/1769/23
f 5521/1771/23 5523/1924/23 5571/1763/23
f 5519/1773/18 5577/1793/18 5579/1774/18
f 5530/1925/23 5535/1926/23 5590/1902/23
f 5515/1779/18 5565/1759/18 5607/1780/18
f 5510/1927/23 5527/1928/23 5599/1929/23
f 5617/1785/9 5620/1917/9 5614/1786/9
f 5575/1788/23 5573/1772/23 5552/1789/23
f 5546/1791/23 5585/1790/23 5552/1789/23
f 5577/1793/18 5569/1910/18 5537/1794/18
f 5540/1796/18 5543/1899/18 5583/1795/18
f 5737/1857/1093 5735/1930/1093 5745/1858/1093
f 5668/1860/1094 5664/1914/1094 5674/1861/1094
f 5703/1863/1095 5699/1891/1095 5695/1864/1095
f 5639/1866/1096 5637/1887/1096 5647/1867/1096
f 5717/1869/1097 5713/1931/1097 5709/1870/1097
f 5689/1872/1098 5685/1932/1098 5723/1729/1098
f 5625/1874/1099 5623/1933/1099 5633/1875/1099
f 5751/1785/1100 5749/1907/1100 5731/1877/1100
f 5654/1879/1101 5650/1874/1101 5660/1878/1101
f 5682/1881/1102 5678/1934/1102 5758/1876/1102
f 5492/1883/7 5626/1913/7 5630/1884/7
f 5556/1886/18 5627/1799/18 5624/1798/18
f 5624/1798/18 5491/1760/18 5565/1759/18
f 5632/1875/15 5622/1933/15 5646/1867/15
f 5567/1888/18 5648/1808/18 5645/1807/18
f 5645/1807/18 5621/1797/18 5556/1886/18
f 5621/1797/18 5627/1799/18 5556/1886/18
f 5563/1890/23 5634/1802/23 5631/1801/23
f 5631/1801/23 5635/1803/23 5581/1889/23
f 5635/1803/23 5641/1805/23 5581/1889/23
f 5561/1762/23 5493/1918/23 5628/1800/23
f 5628/1800/23 5634/1802/23 5563/1890/23
f 5581/1889/23 5641/1805/23 5638/1804/23
f 5638/1804/23 5497/1761/23 5571/1763/23
f 5498/1891/9 5640/1935/9 5644/1892/9
f 5579/1774/18 5495/1758/18 5642/1806/18
f 5642/1806/18 5648/1808/18 5567/1888/18
f 5653/1879/15 5657/1880/15 5667/1860/15
f 5604/1894/23 5655/1811/23 5652/1810/23
f 5652/1810/23 5670/1818/23 5610/1893/23
f 5670/1818/23 5676/1820/23 5610/1893/23
f 5661/1892/7 5651/1935/7 5504/1895/7
f 5594/1768/23 5502/1936/23 5649/1809/23
f 5649/1809/23 5655/1811/23 5604/1894/23
f 5588/1897/18 5662/1814/18 5659/1813/18
f 5659/1813/18 5500/1919/18 5601/1783/18
f 5554/1898/18 5669/1817/18 5666/1816/18
f 5666/1816/18 5656/1812/18 5588/1897/18
f 5656/1812/18 5662/1814/18 5588/1897/18
f 5675/1778/9 5665/1937/9 5509/1787/9
f 5607/1780/18 5508/1920/18 5663/1815/18
f 5663/1815/18 5669/1817/18 5554/1898/18
f 5610/1893/23 5676/1820/23 5673/1819/23
f 5673/1819/23 5505/1767/23 5558/1769/23
f 5744/1858/15 5734/1930/15 5681/1881/15
f 5615/1899/23 5683/1823/23 5680/1822/23
f 5680/1822/23 5733/1845/23 5604/1894/23
f 5733/1845/23 5739/1847/23 5604/1894/23
f 5759/1870/7 5679/1931/7 5536/1900/7
f 5590/1902/23 5535/1926/23 5677/1821/23
f 5677/1821/23 5683/1823/23 5615/1899/23
f 5716/1869/15 5706/1871/15 5688/1872/15
f 5581/1889/23 5690/1826/23 5687/1825/23
f 5687/1825/23 5705/1833/23 5575/1788/23
f 5705/1833/23 5711/1835/23 5575/1788/23
f 5724/1903/7 5686/1906/7 5524/1904/7
f 5571/1763/23 5523/1924/23 5684/1824/23
f 5684/1824/23 5690/1826/23 5581/1889/23
f 5696/1857/9 5700/1859/9 5516/1906/9
f 5563/1890/23 5697/1829/23 5694/1828/23
f 5694/1828/23 5517/1770/23 5561/1762/23
f 5702/1863/15 5692/1865/15 5730/1877/15
f 5610/1893/23 5732/1844/23 5729/1843/23
f 5729/1843/23 5691/1827/23 5563/1890/23
f 5691/1827/23 5697/1829/23 5563/1890/23
f 5556/1886/18 5704/1832/18 5701/1831/18
f 5701/1831/18 5747/1851/18 5554/1898/18
f 5747/1851/18 5753/1853/18 5554/1898/18
f 5565/1759/18 5515/1779/18 5698/1830/18
f 5698/1830/18 5704/1832/18 5556/1886/18
f 5710/1866/9 5714/1868/9 5520/1908/9
f 5575/1788/23 5711/1835/23 5708/1834/23
f 5708/1834/23 5521/1771/23 5573/1772/23
f 5569/1910/18 5718/1838/18 5715/1837/18
f 5715/1837/18 5719/1839/18 5567/1888/18
f 5719/1839/18 5725/1841/18 5567/1888/18
f 5577/1793/18 5519/1773/18 5712/1836/18
f 5712/1836/18 5718/1838/18 5569/1910/18
f 5567/1888/18 5725/1841/18 5722/1840/18
f 5722/1840/18 5513/1775/18 5579/1774/18
f 5526/1911/7 5752/1909/7 5728/1908/7
f 5558/1769/23 5533/1923/23 5726/1842/23
f 5726/1842/23 5732/1844/23 5610/1893/23
f 5604/1894/23 5739/1847/23 5736/1846/23
f 5736/1846/23 5530/1925/23 5594/1768/23
f 5532/1913/9 5738/1938/9 5742/1914/9
f 5588/1897/18 5746/1850/18 5743/1849/18
f 5743/1849/18 5754/1854/18 5618/1915/18
f 5754/1854/18 5760/1856/18 5618/1915/18
f 5601/1783/18 5528/1939/18 5740/1848/18
f 5740/1848/18 5746/1850/18 5588/1897/18
f 5554/1898/18 5753/1853/18 5750/1852/18
f 5750/1852/18 5525/1781/18 5607/1780/18
f 5618/1915/18 5760/1856/18 5757/1855/18
f 5757/1855/18 5511/1782/18 5612/1784/18
f 5761/1940/1103 5762/1941/1103 5763/1942/1103
f 5761/1940/1103 5763/1942/1103 5764/1943/1103
f 5765/1944/9 5766/1945/9 5767/1946/9
f 5765/1944/9 5767/1946/9 5768/1947/9
f 5769/1948/3 5770/1949/3 5771/1950/3
f 5769/1948/3 5771/1950/3 5772/1951/3
f 5773/1952/1104 5774/1953/1104 5775/1954/1104
f 5773/1952/1104 5775/1954/1104 5776/1955/1104
f 5777/1956/4 5778/1957/4 5779/1958/4
f 5777/1956/4 5779/1958/4 5780/1959/4
f 5781/1960/5 5782/1961/5 5783/1962/5
f 5781/1960/5 5783/1962/5 5784/1963/5
f 5785/1952/1105 5786/1964/1105 5787/1965/1105
f 5785/1952/1105 5787/1965/1105 5788/1953/1105
f 5789/1966/1106 5790/1967/1106 5791/1968/1106
f 5789/1966/1106 5791/1968/1106 5792/1969/1106
f 5793/1970/1107 5794/1971/1107 5795/1972/1107
f 5793/1970/1107 5795/1972/1107 5796/1973/1107
f 5797/1974/1108 5798/1975/1108 5799/1976/1108
f 5797/1974/1108 5799/1976/1108 5800/1977/1108
f 5801/1970/1109 5802/1973/1109 5803/1978/1109
f 5801/1970/1109 5803/1978/1109 5804/1979/1109
f 5805/1980/1110 5806/1981/1110 5807/1982/1110
f 5805/1980/1110 5807/1982/1110 5808/1983/1110
f 5809/1984/1111 5810/1970/1111 5811/1979/1111
f 5809/1984/1111 5811/1979/1111 5812/1985/1111
f 5813/1986/1112 5814/1987/1112 5815/1988/1113
f 5813/1986/1112 5815/1988/1113 5816/1989/1113
f 5817/1990/1114 5818/1991/1114 5819/1992/1115
f 5817/1990/1114 5819/1992/1115 5820/1993/1115
f 5821/1942/1116 5822/1955/1116 5823/1954/1116
f 5821/1942/1116 5823/1954/1116 5824/1943/1116
f 5825/1994/1117 5826/1992/1117 5827/1995/1117
f 5825/1994/1117 5827/1995/1117 5828/1996/1117
f 5829/1973/1118 5830/1997/1118 5831/1998/1118
f 5829/1973/1118 5831/1998/1118 5832/1978/1118
f 5833/1991/1119 5834/1999/1119 5835/1995/1119
f 5833/1991/1119 5835/1995/1119 5836/1992/1119
f 5837/1940/1120 5838/2000/1120 5839/2001/1120
f 5837/1940/1120 5839/2001/1120 5840/1941/1120
f 5841/2002/1121 5842/2003/1121 5843/2001/1121
f 5841/2002/1121 5843/2001/1121 5844/2000/1121
f 5845/1943/1122 5846/1954/1123 5847/2004/1122
f 5845/1943/1122 5847/2004/1122 5848/2005/1122
f 5849/1953/1124 5850/1965/1125 5851/2006/1125
f 5849/1953/1124 5851/2006/1125 5852/2007/1124
f 5853/1997/1126 5854/2008/1126 5855/2009/1126
f 5853/1997/1126 5855/2009/1126 5856/1998/1126
f 5857/1999/1127 5858/2010/1127 5859/1967/1127
f 5857/1999/1127 5859/1967/1127 5860/1995/1127
f 5861/1981/1128 5862/1986/1128 5863/1989/1128
f 5861/1981/1128 5863/1989/1128 5864/1982/1128
f 5865/1996/1129 5866/1995/1129 5867/1967/1129
f 5865/1996/1129 5867/1967/1129 5868/1966/1129
f 5869/1973/1130 5870/1972/1130 5871/2011/1130
f 5869/1973/1130 5871/2011/1130 5872/1997/1130
f 5873/2012/1131 5874/2013/1132 5875/2000/1132
f 5873/2012/1131 5875/2000/1132 5876/1940/1131
f 5877/2007/1133 5878/2006/1133 5879/1975/1133
f 5877/2007/1133 5879/1975/1133 5880/1974/1133
f 5881/1964/7 5882/1955/7 5883/1941/7
f 5881/1964/7 5883/1941/7 5884/2003/7
f 5885/2014/6 5886/2015/6 5887/2016/6
f 5885/2014/6 5887/2016/6 5888/2017/6
f 5889/2018/11 5890/2019/11 5891/1959/11
f 5889/2018/11 5891/1959/11 5892/2020/11
f 5893/2021/4 5777/1956/4 5780/1959/4
f 5893/2021/4 5780/1959/4 5894/2019/4
f 5895/2010/1134 5896/2022/1134 5897/1968/1134
f 5895/2010/1134 5897/1968/1134 5898/1967/1134
f 5899/2023/1135 5900/2024/1136 5901/2025/1136
f 5899/2023/1135 5901/2025/1136 5902/2026/1135
f 5903/2015/1137 5904/2027/1137 5905/2028/1138
f 5903/2015/1137 5905/2028/1138 5906/2016/1138
f 5907/2027/1139 5908/1980/1139 5909/1983/1139
f 5907/2027/1139 5909/1983/1139 5910/2028/1139
f 5911/2010/1140 5912/2029/1140 5913/2030/1140
f 5911/2010/1140 5913/2030/1140 5914/2022/1140
f 5915/1984/1141 5916/2031/1141 5917/1971/1141
f 5915/1984/1141 5917/1971/1141 5918/1970/1141
f 5919/1950/1142 5920/1949/1143 5921/2031/1143
f 5919/1950/1142 5921/2031/1143 5922/1984/1142
f 5923/1969/1144 5924/1968/1145 5925/2019/1145
f 5923/1969/1144 5925/2019/1145 5926/2018/1144
f 5927/2022/1146 5928/2021/1146 5929/2019/1147
f 5927/2022/1146 5929/2019/1147 5930/1968/1147
f 5931/2032/3 5769/1948/3 5772/1951/3
f 5931/2032/3 5772/1951/3 5932/2033/3
f 5933/1950/1148 5934/1984/1148 5935/1985/1149
f 5933/1950/1148 5935/1985/1149 5936/2034/1149
f 5892/2020/11 5891/1959/11 5937/1958/11
f 5892/2020/11 5937/1958/11 5938/2035/11
f 5939/2036/6 5885/2014/6 5888/2017/6
f 5939/2036/6 5888/2017/6 5940/2037/6
f 5941/1951/10 5942/2038/10 5943/2039/10
f 5941/1951/10 5943/2039/10 5944/2033/10
f 5945/1950/10 5946/2034/10 5942/2038/10
f 5945/1950/10 5942/2038/10 5941/1951/10
f 5765/1944/9 5947/2040/9 5766/1945/9
f 5766/1945/9 5948/2041/9 5767/1946/9
f 5768/1947/9 5949/2042/9 5765/1944/9
f 5950/1942/7 5883/1941/7 5882/1955/7
f 5883/1941/7 5951/2001/7 5884/2003/7
f 5881/1964/7 5952/1952/7 5882/1955/7
f 5953/2025/5 5781/1960/5 5784/1963/5
f 5953/2025/5 5784/1963/5 5954/2026/5
f 5955/2043/1150 5956/2044/1150 5957/2045/1150
f 5955/2043/1150 5957/2045/1150 5958/2046/1150
f 5959/2047/1151 5960/2048/1151 5961/2049/1151
f 5959/2047/1151 5961/2049/1151 5962/2050/1151
f 5963/2051/1152 5964/2052/1152 5965/2053/1152
f 5963/2051/1152 5965/2053/1152 5966/2054/1152
f 5967/2055/1153 5968/2056/1153 5969/2057/1153
f 5967/2055/1153 5969/2057/1153 5970/2058/1153
f 5971/2048/1154 5972/2051/1154 5973/2054/1154
f 5971/2048/1154 5973/2054/1154 5974/2049/1154
f 5975/2059/1155 5976/2060/1155 5977/2061/1155
f 5975/2059/1155 5977/2061/1155 5978/2062/1155
f 5979/2060/1156 5980/2047/1156 5981/2050/1156
f 5979/2060/1156 5981/2050/1156 5982/2061/1156
f 5983/2063/1157 5984/2059/1157 5985/2062/1157
f 5983/2063/1157 5985/2062/1157 5986/2064/1157
f 5767/1946/9 5987/2065/9 5988/2066/9
f 5767/1946/9 5988/2066/9 5768/1947/9
f 5989/2063/1 5990/1961/1 5991/1960/1
f 5989/2063/1 5991/1960/1 5992/2059/1
f 5993/2036/12 5994/2067/12 5995/2068/12
f 5993/2036/12 5995/2068/12 5996/2014/12
f 5997/2002/1158 5998/2057/1158 5999/2003/1158
f 6000/1964/1159 6001/2056/1159 6002/1965/1159
f 6003/2027/1160 6004/2069/1160 6005/2070/1160
f 6003/2027/1160 6005/2070/1160 6006/1980/1161
f 6007/2051/1162 6008/2048/1162 6009/2071/1162
f 6007/2051/1162 6009/2071/1162 6010/2072/1162
f 6011/1980/1163 6012/2070/1163 6013/2073/1163
f 6011/1980/1163 6013/2073/1163 6014/1981/1163
f 6015/2048/1164 6016/2047/1164 6017/2024/1165
f 6015/2048/1164 6017/2024/1165 6018/2071/1165
f 6019/1981/1166 6020/2073/1166 6021/2074/1166
f 6019/1981/1166 6021/2074/1166 6022/1986/1166
f 6023/2075/1167 6024/2058/1167 6025/2057/1168
f 6023/2075/1167 6025/2057/1168 6026/2002/1168
f 6027/2052/1169 6028/2051/1169 6029/2072/1169
f 6027/2052/1169 6029/2072/1169 6030/2076/1169
f 6031/2077/1170 6032/2052/1171 6033/2076/1171
f 6031/2077/1170 6033/2076/1171 6034/2078/1170
f 5996/2014/12 5995/2068/12 6035/2079/12
f 5996/2014/12 6035/2079/12 6036/2015/12
f 6037/2047/1172 6038/2060/1172 6039/2025/1173
f 6037/2047/1172 6039/2025/1173 6040/2024/1173
f 6041/2015/1174 6042/2079/1175 6043/2069/1175
f 6041/2015/1174 6043/2069/1175 6044/2027/1174
f 5992/2059/1 5991/1960/1 6045/2025/1
f 5992/2059/1 6045/2025/1 6046/2060/1
f 6057/22/10 6138/23/10 6135/22/10
f 6110/21/1176 6089/2080/1176 6113/2081/1176
f 6062/3/11 6101/4/11 6092/5/11
f 6077/6/3 6099/7/3 6095/8/3
f 6107/9/4 6063/3/4 6080/10/4
f 6111/11/5 6081/10/5 6069/12/5
f 6066/13/6 6096/8/6 6117/14/6
f 6091/2080/7 6064/3/7 6061/15/7
f 6093/5/10 6098/16/10 6059/15/10
f 6114/2081/1177 6065/13/1177 6116/33/1177
f 6073/17/9 6100/16/9 6049/2/9
f 6085/1/9 6106/19/9 6052/18/9
f 6076/20/9 6112/21/9 6058/22/9
f 6055/24/9 6115/2081/9 6118/14/9
f 6073/17/9 6118/14/9 6097/8/9
f 6076/20/9 6106/19/9 6109/9/9
f 6085/1/9 6100/16/9 6103/4/9
f 6058/22/9 6115/2081/9 6088/23/9
f 6130/18/9 6136/22/9 6142/24/9
f 6050/18/6 6131/20/6 6128/18/6
f 6054/24/11 6137/23/11 6086/23/11
f 6084/1/12 6129/18/12 6126/1/12
f 6083/1/1 6123/2/1 6048/2/1
f 6072/17/4 6140/24/4 6053/24/4
f 6075/20/3 6134/22/3 6132/20/3
f 6047/2/5 6119/17/5 6071/17/5
f 6057/22/10 6087/23/10 6138/23/10
f 6110/21/1176 6068/12/1176 6089/2080/1176
f 6062/3/11 6104/25/11 6101/4/11
f 6077/6/3 6060/15/3 6099/7/3
f 6107/9/4 6105/19/4 6063/3/4
f 6111/11/5 6108/9/5 6081/10/5
f 6066/13/6 6078/6/6 6096/8/6
f 6079/6/7 6067/13/7 6061/15/7
f 6067/13/7 6091/2080/7 6061/15/7
f 6091/2080/7 6070/12/7 6064/3/7
f 6070/12/7 6082/10/7 6064/3/7
f 6064/3/7 6094/5/7 6061/15/7
f 6093/5/10 6102/4/10 6098/16/10
f 6114/2081/1177 6090/2080/1177 6065/13/1177
f 6073/17/9 6097/8/9 6100/16/9
f 6085/1/9 6103/4/9 6106/19/9
f 6076/20/9 6109/9/9 6112/21/9
f 6055/24/9 6088/23/9 6115/2081/9
f 6073/17/9 6055/24/9 6118/14/9
f 6076/20/9 6052/18/9 6106/19/9
f 6085/1/9 6049/2/9 6100/16/9
f 6058/22/9 6112/21/9 6115/2081/9
f 6142/24/9 6121/17/9 6124/2/9
f 6124/2/9 6127/1/9 6130/18/9
f 6130/18/9 6133/20/9 6136/22/9
f 6136/22/9 6139/23/9 6142/24/9
f 6142/24/9 6124/2/9 6130/18/9
f 6050/18/6 6074/20/6 6131/20/6
f 6054/24/11 6141/24/11 6137/23/11
f 6084/1/12 6051/18/12 6129/18/12
f 6083/1/1 6125/1/1 6123/2/1
f 6072/17/4 6120/17/4 6140/24/4
f 6075/20/3 6056/22/3 6134/22/3
f 6047/2/5 6122/2/5 6119/17/5
