# Blender 4.3.2
# www.blender.org
o defaultMaterial
v 33.619801 13.441097 -17.970207
v 87.057602 1.443186 -46.533310
v 82.077400 1.443184 -54.842308
v 31.696501 13.441096 -21.179007
v -17.970200 13.441113 33.619801
v -46.533302 1.443227 87.057617
v -37.776100 1.443228 91.199516
v -14.588300 13.441113 35.219303
v -3.736500 13.441092 -37.937511
v -9.675600 1.443170 -98.238319
v -19.258101 1.443171 -96.816910
v -7.437100 13.441092 -37.388607
v 76.306702 1.443181 -62.623306
v 29.468000 13.441095 -24.183807
v -28.654999 1.443229 94.463112
v -11.066000 13.441114 36.479603
v 69.801102 1.443179 -69.801109
v 26.955700 13.441094 -26.955708
v -19.258101 1.443230 96.816910
v -7.437100 13.441114 37.388599
v -11.066000 13.441092 -36.479610
v -28.654999 1.443172 -94.463112
v -37.776100 1.443173 -91.199516
v -14.588300 13.441092 -35.219311
v 62.623299 1.443177 -76.306709
v 24.183800 13.441094 -29.468008
v -9.675600 1.443230 98.238319
v -3.736500 13.441114 37.937504
v -14.588300 13.441092 -35.219311
v -37.776100 1.443173 -91.199516
v -46.533302 1.443174 -87.057617
v -17.970200 13.441092 -33.619808
v 54.842400 1.443175 -82.077415
v 21.178999 13.441093 -31.696510
v 0.000000 1.443230 98.713615
v 0.000000 13.441114 38.121101
v -54.842400 1.443175 -82.077415
v -21.178999 13.441093 -31.696510
v 46.533302 1.443174 -87.057617
v 17.970200 13.441092 -33.619808
v 9.675600 1.443230 98.238319
v 3.736500 13.441114 37.937504
v -62.623299 1.443177 -76.306709
v -24.183800 13.441094 -29.468008
v 37.776100 1.443173 -91.199516
v 14.588300 13.441092 -35.219311
v 19.258101 1.443230 96.816910
v 7.437100 13.441114 37.388599
v -69.801102 1.443179 -69.801109
v -26.955700 13.441094 -26.955708
v 28.654999 1.443172 -94.463112
v 11.066000 13.441092 -36.479610
v 28.654999 1.443229 94.463112
v 11.066000 13.441114 36.479603
v -76.306702 1.443181 -62.623306
v -29.468000 13.441095 -24.183807
v 19.258101 1.443171 -96.816910
v 7.437100 13.441092 -37.388607
v 37.776100 1.443228 91.199516
v 14.588300 13.441113 35.219303
v -82.077400 1.443184 -54.842308
v -31.696501 13.441096 -21.179007
v 9.675600 1.443170 -98.238319
v 3.736500 13.441092 -37.937511
v 46.533302 1.443227 87.057617
v 17.970200 13.441113 33.619801
v -87.057602 1.443186 -46.533310
v -33.619801 13.441097 -17.970207
v 0.000000 12.507291 -36.834709
v 0.000000 12.422690 -36.834709
v 3.610400 12.422690 -36.657310
v 3.610400 12.507291 -36.657310
v 54.842400 1.443225 82.077415
v 21.178999 13.441113 31.696503
v -91.199501 1.443189 -37.776108
v -35.219299 13.441098 -14.588305
v 62.623299 1.443223 76.306709
v 24.183800 13.441112 29.468000
v -94.463097 1.443192 -28.655104
v -36.479603 13.441099 -11.066006
v 69.801102 1.443221 69.801109
v 26.955700 13.441112 26.955700
v -96.816895 1.443194 -19.258102
v -37.388599 13.441101 -7.437106
v 76.306702 1.443219 62.623306
v 29.468000 13.441111 24.183800
v -98.238304 1.443197 -9.675601
v -37.937500 13.441102 -3.736505
v 82.077400 1.443217 54.842407
v 31.696501 13.441110 21.178999
v -98.713600 1.443200 -0.000000
v -38.121101 13.441103 -0.000004
v 87.057602 1.443214 46.533310
v 33.619801 13.441109 17.970200
v -98.238304 1.443203 9.675601
v -37.937500 13.441104 3.736497
v 91.199501 1.443212 37.776108
v 35.219299 13.441108 14.588298
v -96.816895 1.443206 19.258102
v -37.388599 13.441105 7.437097
v 94.463005 1.443209 28.655104
v 36.479603 13.441107 11.065998
v -94.463097 1.443209 28.655104
v -36.479603 13.441107 11.065998
v 96.816895 1.443206 19.258102
v 37.388599 13.441105 7.437097
v -91.199501 1.443212 37.776108
v -35.219299 13.441108 14.588298
v 98.238304 1.443203 9.675601
v 37.937500 13.441104 3.736497
v -87.057602 1.443214 46.533310
v -33.619801 13.441109 17.970200
v 98.713600 1.443200 -0.000000
v 38.121101 13.441103 -0.000004
v -82.077400 1.443217 54.842407
v -31.696501 13.441110 21.178999
v 98.238304 1.443197 -9.675601
v 37.937500 13.441102 -3.736505
v -76.306702 1.443219 62.623306
v -29.468000 13.441111 24.183800
v 96.816895 1.443194 -19.258102
v 37.388599 13.441101 -7.437106
v -69.801102 1.443221 69.801109
v -26.955700 13.441112 26.955700
v 94.463005 1.443192 -28.655104
v 36.479603 13.441099 -11.066006
v -62.623299 1.443223 76.306709
v -24.183800 13.441112 29.468000
v 91.199501 1.443189 -37.776108
v 35.219299 13.441098 -14.588305
v -54.842400 1.443225 82.077415
v -21.178999 13.441113 31.696503
v 6.361900 13.343812 31.983501
v 6.361900 13.259211 31.983501
v 9.466200 13.259211 31.205900
v 9.466200 13.343812 31.205900
v 0.000000 1.443170 -98.713615
v 0.000000 13.441092 -38.121109
v -3.112500 15.436092 -31.602011
v -2.760100 19.235895 -28.023611
v 0.000000 19.235895 -28.159212
v 0.000000 15.436092 -31.754908
v -23.058800 13.343796 -23.058807
v -23.058800 13.259194 -23.058807
v -25.207901 13.259194 -20.687607
v -25.207901 13.343796 -20.687607
v 9.466200 13.343793 -31.205908
v 9.466200 13.259192 -31.205908
v 6.361900 13.259192 -31.983509
v 6.361900 13.343793 -31.983509
v 12.479300 13.259211 30.127800
v 12.479300 13.343812 30.127800
v -27.114300 13.259195 -18.117207
v -27.114300 13.343797 -18.117207
v 3.196300 13.259192 -32.453106
v 3.196300 13.343793 -32.453106
v 15.372300 13.259210 28.759501
v 15.372300 13.343811 28.759501
v -28.759501 13.259196 -15.372306
v -28.759501 13.343798 -15.372306
v 18.117199 13.259210 27.114300
v 18.117199 13.343811 27.114300
v -30.127800 13.259197 -12.479306
v -30.127800 13.343799 -12.479306
v 20.687599 13.259209 25.208000
v 20.687599 13.343810 25.208000
v -31.205898 13.259198 -9.466206
v -31.205898 13.343800 -9.466206
v -6.361900 13.343793 -31.983509
v -6.361900 13.259192 -31.983509
v -9.466200 13.259192 -31.205908
v -9.466200 13.343793 -31.205908
v 23.058800 13.259208 23.058800
v 23.058800 13.343809 23.058800
v -31.983501 13.259199 -6.361905
v -31.983501 13.343801 -6.361905
v 25.207901 13.259208 20.687599
v 25.207901 13.343809 20.687599
v -32.453098 13.259200 -3.196304
v -32.453098 13.343801 -3.196304
v 27.114300 13.259207 18.117199
v 27.114300 13.343808 18.117199
v -32.610100 13.259201 -0.000004
v -32.610100 13.343802 -0.000004
v 28.759501 13.259206 15.372298
v 28.759501 13.343807 15.372298
v -32.453098 13.259202 3.196296
v -32.453098 13.343803 3.196296
v 30.127800 13.259205 12.479299
v 30.127800 13.343806 12.479299
v -31.983501 13.259203 6.361897
v -31.983501 13.343804 6.361897
v 31.205898 13.259204 9.466198
v 31.205898 13.343805 9.466198
v -31.205898 13.259204 9.466198
v -31.205898 13.343805 9.466198
v 31.983501 13.259203 6.361897
v 31.983501 13.343804 6.361897
v -30.127800 13.259205 12.479299
v -30.127800 13.343806 12.479299
v 32.453098 13.259202 3.196296
v 32.453098 13.343803 3.196296
v -28.759501 13.259206 15.372298
v -28.759501 13.343807 15.372298
v 32.610100 13.259201 -0.000004
v 32.610100 13.343802 -0.000004
v -27.114300 13.259207 18.117199
v -27.114300 13.343808 18.117199
v 32.453098 13.259200 -3.196304
v 32.453098 13.343801 -3.196304
v -25.208000 13.259208 20.687599
v -25.208000 13.343809 20.687599
v 31.983501 13.259199 -6.361905
v 31.983501 13.343801 -6.361905
v -23.058800 13.259208 23.058800
v -23.058800 13.343809 23.058800
v 31.205898 13.259198 -9.466206
v 31.205898 13.343800 -9.466206
v -20.687599 13.259209 25.207901
v -20.687599 13.343810 25.207901
v 30.127800 13.259197 -12.479306
v 30.127800 13.343799 -12.479306
v -18.117199 13.259210 27.114300
v -18.117199 13.343811 27.114300
v 28.759501 13.259196 -15.372306
v 28.759501 13.343798 -15.372306
v -15.372300 13.259210 28.759501
v -15.372300 13.343811 28.759501
v 27.114300 13.259195 -18.117207
v 27.114300 13.343797 -18.117207
v -12.479300 13.259211 30.127800
v -12.479300 13.343812 30.127800
v 25.208000 13.259194 -20.687607
v 25.208000 13.343796 -20.687607
v -9.466200 13.259211 31.205900
v -9.466200 13.343812 31.205900
v 23.058800 13.259194 -23.058807
v 23.058800 13.343796 -23.058807
v -6.361900 13.259211 31.983501
v -6.361900 13.343812 31.983501
v -12.479300 13.259192 -30.127808
v -12.479300 13.343793 -30.127808
v 20.687599 13.259193 -25.207909
v 20.687599 13.343795 -25.207909
v -3.196300 13.259211 32.453098
v -3.196300 13.343812 32.453098
v -12.479300 13.343793 -30.127808
v -12.479300 13.259192 -30.127808
v -15.372300 13.259192 -28.759508
v -15.372300 13.343794 -28.759508
v 18.117199 13.259192 -27.114307
v 18.117199 13.343794 -27.114307
v 0.000000 13.259211 32.610100
v 0.000000 13.343812 32.610100
v -18.117199 13.259192 -27.114307
v -18.117199 13.343794 -27.114307
v 15.372300 13.259192 -28.759508
v 15.372300 13.343794 -28.759508
v 3.196300 13.259211 32.453098
v 3.196300 13.343812 32.453098
v -20.687599 13.259193 -25.208008
v -20.687599 13.343795 -25.208008
v 12.479300 13.259192 -30.127808
v 12.479300 13.343793 -30.127808
v -2.390500 22.141794 -24.271412
v 0.000000 22.141794 -24.388811
v -1.877100 24.605297 -19.059111
v 0.000000 24.605297 -19.151310
v -1.298100 26.251301 -13.180209
v 0.000000 26.251301 -13.244010
v -0.741600 26.829302 -7.529809
v 0.000000 26.829302 -7.566309
v -5.493600 19.235895 -27.618111
v -4.758000 22.141794 -23.920210
v -3.736200 24.605297 -18.783310
v -2.583800 26.251301 -12.989510
v -1.476100 26.829302 -7.420909
v -8.174200 19.235895 -26.946709
v -7.079700 22.141794 -23.338711
v -5.559300 24.605297 -18.326710
v -3.844500 26.251301 -12.673710
v -2.196400 26.829302 -7.240409
v -10.776000 19.235895 -26.015709
v -9.333200 22.141794 -22.532312
v -7.328900 24.605297 -17.693510
v -5.068300 26.251301 -12.235909
v -2.895500 26.829302 -6.990309
v -13.274100 19.235895 -24.834209
v -11.496800 22.141796 -21.509012
v -9.333200 22.141794 -22.532312
v -10.776000 19.235895 -26.015709
v -9.027900 24.605297 -16.890011
v -7.328900 24.605297 -17.693510
v -6.243200 26.251301 -11.680209
v -5.068300 26.251301 -12.235909
v -3.566700 26.829302 -6.672810
v -2.895500 26.829302 -6.990309
v -15.644400 19.235895 -23.413509
v -13.549701 22.141796 -20.278610
v -10.639900 24.605297 -15.923710
v -7.358000 26.251301 -11.012010
v -4.203600 26.829302 -6.291109
v -17.863998 19.235897 -21.767309
v -15.472100 22.141796 -18.852810
v -12.149500 24.605299 -14.804209
v -8.401899 26.251301 -10.237809
v -4.800000 26.829302 -5.848809
v -19.911499 19.235897 -19.911509
v -17.245501 22.141796 -17.245510
v -13.542000 24.605299 -13.542009
v -9.364900 26.251303 -9.364909
v -5.350100 26.829302 -5.350209
v -21.767300 19.235897 -17.864008
v -18.852800 22.141798 -15.472110
v -14.804199 24.605299 -12.149509
v -10.237801 26.251303 -8.401909
v -5.848800 26.829302 -4.800009
v -23.413500 19.235899 -15.644408
v -20.278601 22.141798 -13.549709
v -15.923699 24.605299 -10.639909
v -11.012000 26.251303 -7.358009
v -6.291100 26.829302 -4.203609
v -24.834200 19.235899 -13.274208
v -21.509001 22.141798 -11.496809
v -16.889999 24.605301 -9.027909
v -11.680200 26.251303 -6.243209
v -6.672801 26.829302 -3.566709
v -26.015699 19.235899 -10.776007
v -22.532301 22.141800 -9.333208
v -17.693501 24.605301 -7.328909
v -12.235900 26.251303 -5.068209
v -6.990300 26.829304 -2.895408
v -26.946699 19.235901 -8.174208
v -23.338699 22.141800 -7.079708
v -18.326700 24.605301 -5.559309
v -12.673700 26.251303 -3.844508
v -7.240500 26.829304 -2.196409
v -27.618101 19.235901 -5.493607
v -23.920198 22.141800 -4.758008
v -18.783300 24.605301 -3.736308
v -12.989500 26.251305 -2.583808
v -7.420900 26.829304 -1.476108
v -28.023602 19.235903 -2.760106
v -24.271400 22.141802 -2.390507
v -19.059099 24.605303 -1.877108
v -13.180200 26.251305 -1.298108
v -7.529799 26.829304 -0.741608
v -28.159201 19.235903 -0.000006
v -24.388800 22.141802 -0.000007
v -19.151300 24.605303 -0.000007
v -13.244000 26.251305 -0.000008
v -7.566300 26.829304 -0.000008
v -28.023602 19.235903 2.760095
v -24.271400 22.141802 2.390494
v -19.059099 24.605303 1.877093
v -13.180200 26.251305 1.298092
v -7.529799 26.829304 0.741592
v -27.618101 19.235905 5.493595
v -23.920198 22.141804 4.757994
v -18.783300 24.605305 3.736193
v -12.989500 26.251305 2.583793
v -7.420900 26.829304 1.476092
v -26.946699 19.235905 8.174196
v -23.338699 22.141804 7.079694
v -18.326700 24.605305 5.559293
v -12.673700 26.251307 3.844493
v -7.240400 26.829304 2.196392
v -26.015699 19.235907 10.775995
v -22.532400 22.141804 9.333195
v -17.693501 24.605305 7.328894
v -12.235900 26.251307 5.068193
v -6.990300 26.829304 2.895492
v -24.834200 19.235907 13.274197
v -21.509001 22.141806 11.496796
v -16.889999 24.605305 9.027894
v -11.680200 26.251307 6.243193
v -6.672801 26.829306 3.566692
v -23.413500 19.235907 15.644397
v -20.278601 22.141806 13.549696
v -15.923699 24.605307 10.639894
v -11.012000 26.251307 7.357993
v -6.291100 26.829306 4.203593
v -21.767401 19.235909 17.863997
v -18.852800 22.141806 15.472096
v -14.804199 24.605307 12.149494
v -10.237801 26.251307 8.401894
v -5.848800 26.829306 4.799993
v -19.911499 19.235909 19.911497
v -17.245501 22.141808 17.245495
v -13.542000 24.605307 13.541994
v -9.364900 26.251307 9.364894
v -5.350200 26.829306 5.350092
v -17.863998 19.235909 21.767298
v -15.472100 22.141808 18.852795
v -12.149500 24.605307 14.804193
v -8.401899 26.251308 10.237794
v -4.800000 26.829306 5.848793
v -15.644400 19.235910 23.413498
v -13.549701 22.141808 20.278595
v -10.639900 24.605309 15.923695
v -7.358000 26.251308 11.011994
v -4.203600 26.829306 6.291092
v -13.274100 19.235910 24.834198
v -11.496800 22.141808 21.508997
v -9.027900 24.605309 16.889996
v -6.243200 26.251308 11.680194
v -3.566700 26.829306 6.672793
v -10.776000 19.235910 26.015697
v -9.333200 22.141809 22.532297
v -7.328900 24.605309 17.693495
v -5.068200 26.251308 12.235894
v -2.895400 26.829306 6.990293
v -8.174200 19.235910 26.946697
v -7.079700 22.141809 23.338696
v -5.559300 24.605309 18.326694
v -3.844500 26.251308 12.673695
v -2.196400 26.829306 7.240493
v -5.493600 19.235910 27.618099
v -4.758000 22.141809 23.920195
v -3.736300 24.605309 18.783295
v -2.583800 26.251308 12.989494
v -1.476100 26.829306 7.420893
v -2.760100 19.235910 28.023600
v -2.390500 22.141809 24.271397
v -1.877100 24.605309 19.059095
v -1.298100 26.251308 13.180194
v -0.741600 26.829306 7.529793
v 0.000000 19.235910 28.159201
v 0.000000 22.141809 24.388796
v 0.000000 24.605309 19.151295
v 0.000000 26.251308 13.243995
v 0.000000 26.829306 7.566293
v 2.760100 19.235910 28.023600
v 2.390500 22.141809 24.271397
v 1.877100 24.605309 19.059095
v 1.298100 26.251308 13.180194
v 0.741600 26.829306 7.529793
v 5.493600 19.235910 27.618099
v 4.758000 22.141809 23.920195
v 3.736200 24.605309 18.783295
v 2.583800 26.251308 12.989494
v 1.476100 26.829306 7.420893
v 8.174200 19.235910 26.946697
v 7.079700 22.141809 23.338696
v 5.559300 24.605309 18.326694
v 3.844500 26.251308 12.673695
v 2.196400 26.829306 7.240493
v 10.776000 19.235910 26.015697
v 9.333200 22.141809 22.532297
v 7.328900 24.605309 17.693495
v 5.068300 26.251308 12.235894
v 2.895500 26.829306 6.990293
v 13.274100 19.235910 24.834198
v 11.496800 22.141808 21.508997
v 9.027900 24.605309 16.889996
v 6.243200 26.251308 11.680194
v 3.566700 26.829306 6.672793
v 15.644400 19.235910 23.413498
v 13.549701 22.141808 20.278595
v 10.639900 24.605309 15.923695
v 7.358000 26.251308 11.011994
v 4.203600 26.829306 6.291092
v 17.863998 19.235909 21.767298
v 15.472100 22.141808 18.852795
v 12.149500 24.605307 14.804193
v 8.401899 26.251308 10.237794
v 4.800000 26.829306 5.848793
v 19.911499 19.235909 19.911497
v 17.245501 22.141808 17.245495
v 13.542000 24.605307 13.541994
v 9.364900 26.251307 9.364994
v 5.350100 26.829306 5.350193
v 21.767300 19.235909 17.863997
v 18.852800 22.141806 15.472096
v 14.804199 24.605307 12.149394
v 10.237801 26.251307 8.401894
v 5.848800 26.829306 4.799892
v 23.413500 19.235907 15.644397
v 20.278601 22.141806 13.549696
v 15.923699 24.605307 10.639894
v 11.012000 26.251307 7.357993
v 6.291100 26.829306 4.203593
v 24.834200 19.235907 13.274197
v 21.509001 22.141806 11.496796
v 16.889999 24.605305 9.027894
v 11.680200 26.251307 6.243193
v 6.672801 26.829306 3.566692
v 26.015699 19.235907 10.775995
v 22.532301 22.141804 9.333195
v 17.693501 24.605305 7.328894
v 12.235900 26.251307 5.068193
v 6.990300 26.829304 2.895392
v 26.946699 19.235905 8.174196
v 23.338699 22.141804 7.079694
v 18.326700 24.605305 5.559293
v 12.673700 26.251307 3.844493
v 7.240500 26.829304 2.196392
v 27.618101 19.235905 5.493595
v 23.920198 22.141804 4.757994
v 18.783300 24.605305 3.736293
v 12.989500 26.251305 2.583793
v 7.420900 26.829304 1.476092
v 28.023602 19.235903 2.760095
v 24.271400 22.141802 2.390494
v 19.059099 24.605303 1.877093
v 13.180200 26.251305 1.298092
v 7.529799 26.829304 0.741592
v 28.159201 19.235903 -0.000006
v 24.388800 22.141802 -0.000007
v 19.151300 24.605303 -0.000007
v 13.244000 26.251305 -0.000008
v 7.566300 26.829304 -0.000008
v 28.023602 19.235903 -2.760106
v 24.271400 22.141802 -2.390507
v 19.059099 24.605303 -1.877108
v 13.180200 26.251305 -1.298108
v 7.529799 26.829304 -0.741608
v 27.618101 19.235901 -5.493607
v 23.920198 22.141800 -4.758008
v 18.783300 24.605301 -3.736208
v 12.989500 26.251305 -2.583808
v 7.420900 26.829304 -1.476108
v 26.946699 19.235901 -8.174208
v 23.338699 22.141800 -7.079708
v 18.326700 24.605301 -5.559309
v 12.673700 26.251303 -3.844508
v 7.240500 26.829304 -2.196409
v 26.015699 19.235899 -10.776007
v 22.532400 22.141800 -9.333208
v 17.693501 24.605301 -7.328909
v 12.235900 26.251303 -5.068309
v 6.990300 26.829304 -2.895509
v 24.834200 19.235899 -13.274208
v 21.509001 22.141798 -11.496809
v 16.889999 24.605301 -9.027909
v 11.680200 26.251303 -6.243209
v 6.672801 26.829302 -3.566709
v 23.413500 19.235899 -15.644408
v 20.278601 22.141798 -13.549709
v 15.923699 24.605299 -10.639909
v 11.012000 26.251303 -7.358009
v 6.291100 26.829302 -4.203609
v 21.767401 19.235897 -17.864008
v 18.852800 22.141798 -15.472110
v 14.804199 24.605299 -12.149509
v 10.237801 26.251303 -8.401909
v 5.848800 26.829302 -4.800009
v 19.911499 19.235897 -19.911509
v 17.245501 22.141796 -17.245510
v 13.542000 24.605299 -13.542009
v 9.365000 26.251303 -9.364909
v 5.350200 26.829302 -5.350109
v 17.863998 19.235897 -21.767309
v 15.472100 22.141796 -18.852810
v 12.149500 24.605299 -14.804209
v 8.401899 26.251301 -10.237809
v 4.799900 26.829302 -5.848809
v 15.644400 19.235895 -23.413509
v 13.549701 22.141796 -20.278610
v 10.639900 24.605297 -15.923710
v 7.358000 26.251301 -11.012010
v 4.203600 26.829302 -6.291109
v 13.274100 19.235895 -24.834209
v 11.496800 22.141796 -21.509012
v 9.027900 24.605297 -16.890011
v 6.243200 26.251301 -11.680209
v 3.566700 26.829302 -6.672810
v 10.776000 19.235895 -26.015709
v 9.333200 22.141794 -22.532312
v 7.328900 24.605297 -17.693510
v 5.068300 26.251301 -12.235909
v 2.895500 26.829302 -6.990309
v 8.174200 19.235895 -26.946709
v 7.079700 22.141794 -23.338711
v 5.559300 24.605297 -18.326710
v 3.844500 26.251301 -12.673710
v 2.196400 26.829302 -7.240510
v 5.493600 19.235895 -27.618111
v 4.758000 22.141794 -23.920210
v 3.736300 24.605297 -18.783310
v 2.583800 26.251301 -12.989510
v 1.476100 26.829302 -7.420909
v 2.760100 19.235895 -28.023611
v 2.390500 22.141794 -24.271412
v 1.877100 24.605297 -19.059111
v 1.298100 26.251301 -13.180209
v 0.741600 26.829302 -7.529809
v 0.000000 13.259192 -32.610107
v 0.000000 13.343793 -32.610107
v -9.217999 15.436092 -30.387508
v -6.195100 15.436092 -31.144709
v 26.403200 15.436096 -17.642107
v 28.005299 15.436097 -14.969107
v -30.626900 12.507309 20.464298
v -30.626900 12.422709 20.464298
v -32.485302 12.422708 17.363798
v -32.485302 12.507308 17.363798
v 29.337702 15.436098 -12.152107
v -28.473600 12.507309 23.367701
v -28.473600 12.422709 23.367701
v 3.112500 15.436092 -31.602011
v 30.387501 15.436099 -9.218006
v -26.046101 12.507310 26.046101
v -26.046101 12.422709 26.046101
v 31.144699 15.436100 -6.195106
v -23.367701 12.507311 28.473600
v -23.367701 12.422710 28.473600
v 31.602001 15.436101 -3.112505
v -20.464300 12.507312 30.626900
v -20.464300 12.422711 30.626900
v 31.754898 15.436102 -0.000005
v -17.363800 12.507312 32.485302
v -17.363800 12.422711 32.485302
v 31.602001 15.436103 3.112496
v -14.096000 12.507313 34.030804
v -14.096000 12.422712 34.030804
v 31.144699 15.436104 6.195096
v -10.692600 12.507313 35.248604
v -10.692600 12.422712 35.248604
v 30.387501 15.436105 9.217997
v -7.186100 12.507313 36.126900
v -7.186100 12.422712 36.126900
v 29.337702 15.436106 12.151997
v -3.610400 12.507314 36.657303
v -3.610400 12.422713 36.657303
v 28.005299 15.436107 14.969097
v 0.000000 12.507314 36.834702
v 0.000000 12.422713 36.834702
v 26.403200 15.436108 17.642099
v 3.610400 12.507314 36.657303
v 3.610400 12.422713 36.657303
v 24.546801 15.436108 20.145100
v 7.186100 12.507313 36.126900
v 7.186100 12.422712 36.126900
v 22.454100 15.436109 22.454100
v 10.692600 12.507313 35.248604
v 10.692600 12.422712 35.248604
v 20.145100 15.436110 24.546900
v 14.096000 12.507313 34.030804
v 14.096000 12.422712 34.030804
v 17.642099 15.436110 26.403200
v 17.363800 12.507312 32.485302
v 17.363800 12.422711 32.485302
v 14.969100 15.436110 28.005299
v 20.464300 12.507312 30.626900
v 20.464300 12.422711 30.626900
v 12.152101 15.436110 29.337702
v 23.367701 12.507311 28.473600
v 23.367701 12.422710 28.473600
v 9.217999 15.436111 30.387501
v 26.046101 12.507310 26.046101
v 26.046101 12.422709 26.046101
v 6.195100 15.436111 31.144701
v 28.473600 12.507309 23.367701
v 28.473600 12.422709 23.367701
v 3.112500 15.436111 31.602003
v 30.626900 12.507309 20.464298
v 30.626900 12.422709 20.464298
v 0.000000 15.436111 31.754900
v 32.485302 12.507308 17.363798
v 32.485302 12.422708 17.363798
v -3.112500 15.436111 31.602003
v 34.030800 12.507306 14.095998
v 34.030800 12.422706 14.095998
v -6.195100 15.436111 31.144701
v 35.248600 12.507305 10.692598
v 35.248600 12.422705 10.692598
v -9.217999 15.436111 30.387501
v 36.126900 12.507304 7.186097
v 36.126900 12.422704 7.186097
v -12.151999 15.436110 29.337702
v 36.657299 12.507303 3.610397
v 36.657299 12.422703 3.610397
v -14.969100 15.436110 28.005299
v 36.834698 12.507302 -0.000004
v 36.834698 12.422702 -0.000004
v -17.642099 15.436110 26.403200
v 36.657299 12.507301 -3.610404
v 36.657299 12.422701 -3.610404
v -20.145100 15.436110 24.546801
v 36.126900 12.507300 -7.186105
v 36.126900 12.422700 -7.186105
v -22.454100 15.436109 22.454100
v 35.248600 12.507299 -10.692606
v 35.248600 12.422699 -10.692606
v -24.546900 15.436108 20.145100
v -3.322400 11.815991 -33.733307
v -3.484300 11.488992 -35.377213
v -6.935100 11.488992 -34.865307
v -6.612900 11.815991 -33.245209
v 84.321899 5.306399 -4.066802
v 84.321899 5.591900 -3.676302
v 86.159996 5.591900 -3.183802
v 86.355194 5.306400 -3.521902
v 6.612900 11.815991 -33.245209
v 6.935100 11.488992 -34.865307
v 3.484300 11.488992 -35.377213
v 3.322400 11.815991 -33.733307
v 9.839601 11.815992 -32.436909
v 10.319100 11.488992 -34.017609
v 12.971600 11.815992 -31.316309
v 13.603701 11.488993 -32.842411
v 15.978700 11.815993 -29.894009
v 16.757401 11.488993 -31.350809
v 18.831900 11.815993 -28.183910
v 19.749599 11.488994 -29.557308
v 21.503700 11.815994 -26.202309
v 22.551601 11.488994 -27.479206
v 23.968401 11.815994 -23.968407
v 25.136501 11.488995 -25.136509
v 26.202301 11.815995 -21.503708
v 27.479198 11.488996 -22.551607
v 28.183901 11.815996 -18.831907
v 29.557301 11.488997 -19.749607
v 29.894001 11.815997 -15.978706
v 31.350800 11.488997 -16.757406
v 31.316301 11.815998 -12.971605
v 32.842400 11.488998 -13.603706
v 32.436901 11.815999 -9.839605
v 34.017597 11.488999 -10.319106
v 33.245201 11.816000 -6.612905
v 34.865299 11.489000 -6.935105
v 33.733299 11.816001 -3.322404
v 35.377201 11.489001 -3.484304
v 33.896500 11.816002 -0.000004
v 35.548298 11.489002 -0.000003
v 33.733299 11.816003 3.322397
v 35.377201 11.489003 3.484297
v 33.245201 11.816004 6.612897
v 34.865299 11.489004 6.935098
v 32.436901 11.816005 9.839598
v 34.017597 11.489005 10.319098
v 31.316301 11.816006 12.971598
v 32.842400 11.489006 13.603699
v 29.894001 11.816007 15.978699
v 31.350800 11.489007 16.757399
v 28.183901 11.816008 18.831900
v 29.557301 11.489008 19.749599
v 26.202301 11.816009 21.503700
v 27.479198 11.489009 22.551600
v 23.968401 11.816010 23.968399
v 25.136501 11.489010 25.136501
v 21.503700 11.816010 26.202301
v 22.551601 11.489011 27.479198
v 18.831900 11.816010 28.183903
v 19.749599 11.489011 29.557301
v 15.978700 11.816010 29.894001
v 16.757401 11.489012 31.350801
v 12.971600 11.816011 31.316301
v 13.603701 11.489012 32.842403
v 9.839601 11.816011 32.436901
v 10.319100 11.489013 34.017601
v 6.612900 11.816012 33.245201
v 6.935100 11.489013 34.865299
v 3.322400 11.816012 33.733299
v 3.484300 11.489013 35.377205
v 0.000000 11.816012 33.896500
v 0.000000 11.489013 35.548302
v -3.322400 11.816012 33.733299
v -3.484300 11.489013 35.377205
v -6.612900 11.816012 33.245201
v -6.935100 11.489013 34.865299
v -9.839601 11.816011 32.436901
v -10.319100 11.489013 34.017601
v -12.971600 11.816011 31.316301
v -13.603701 11.489012 32.842403
v -15.978700 11.816010 29.894001
v -16.757401 11.489012 31.350801
v -18.831900 11.816010 28.183903
v -19.749599 11.489011 29.557301
v -21.503700 11.816010 26.202301
v -22.551601 11.489011 27.479198
v -23.968401 11.816010 23.968399
v -25.136501 11.489010 25.136501
v -26.202301 11.816009 21.503700
v -27.479198 11.489009 22.551600
v -28.183901 11.816008 18.831900
v -29.557301 11.489008 19.749599
v -29.894001 11.816007 15.978699
v -31.350800 11.489007 16.757399
v -31.316301 11.816006 12.971598
v -32.842400 11.489006 13.603699
v -32.436901 11.816005 9.839598
v -34.017597 11.489005 10.319098
v -33.245201 11.816004 6.612897
v -34.865299 11.489004 6.935098
v -33.733299 11.816003 3.322397
v -35.377201 11.489003 3.484297
v -33.896500 11.816002 -0.000004
v -35.548298 11.489002 -0.000003
v -33.733299 11.816001 -3.322404
v -35.377201 11.489001 -3.484304
v -33.245201 11.816000 -6.612905
v -34.865299 11.489000 -6.935105
v -32.436901 11.815999 -9.839605
v -34.017597 11.488999 -10.319106
v -31.316301 11.815998 -12.971605
v -32.842400 11.488998 -13.603706
v -29.894001 11.815997 -15.978706
v -31.350800 11.488997 -16.757406
v -28.183901 11.815996 -18.831907
v -29.557301 11.488997 -19.749607
v -26.202301 11.815995 -21.503708
v -27.479198 11.488996 -22.551607
v -23.968401 11.815994 -23.968407
v -25.136501 11.488995 -25.136509
v -21.503700 11.815994 -26.202309
v -22.551601 11.488994 -27.479206
v -18.831900 11.815993 -28.183910
v -19.749599 11.488994 -29.557308
v -15.978700 11.815993 -29.894009
v -16.757401 11.488993 -31.350809
v -12.971600 11.815992 -31.316309
v -13.603701 11.488993 -32.842411
v -9.839601 11.815992 -32.436909
v -10.319100 11.488992 -34.017609
v -13.603701 11.488993 -32.842411
v -12.971600 11.815992 -31.316309
v 0.000000 11.488992 -35.548309
v 0.000000 11.815991 -33.896507
v -34.030800 12.422706 14.095998
v -34.030800 12.507306 14.095998
v 24.546900 15.436096 -20.145107
v -12.152101 15.436093 -29.337709
v -35.248600 12.422705 10.692598
v -35.248600 12.507305 10.692598
v 22.454100 15.436095 -22.454107
v -14.969100 15.436093 -28.005306
v -12.152101 15.436093 -29.337709
v -36.126900 12.422704 7.186097
v -36.126900 12.507304 7.186097
v 20.145100 15.436094 -24.546808
v -17.642099 15.436094 -26.403208
v -36.657299 12.422703 3.610397
v -36.657299 12.507303 3.610397
v 17.642099 15.436094 -26.403208
v -20.145100 15.436094 -24.546907
v -36.834698 12.422702 -0.000004
v -36.834698 12.507302 -0.000004
v 14.969100 15.436093 -28.005306
v -22.454100 15.436095 -22.454107
v -36.657299 12.422701 -3.610404
v -36.657299 12.507301 -3.610404
v 12.151999 15.436093 -29.337709
v -24.546801 15.436096 -20.145107
v -36.126900 12.422700 -7.186105
v -36.126900 12.507300 -7.186105
v 9.217999 15.436092 -30.387508
v -26.403200 15.436096 -17.642107
v -35.248600 12.422699 -10.692606
v -35.248600 12.507299 -10.692606
v -3.610400 12.507291 -36.657310
v -3.610400 12.422690 -36.657310
v 6.195100 15.436092 -31.144709
v -28.005299 15.436097 -14.969107
v -34.030800 12.422698 -14.096005
v -34.030800 12.507298 -14.096005
v -29.337702 15.436098 -12.152006
v -32.485302 12.422696 -17.363806
v -32.485302 12.507297 -17.363806
v 7.186100 12.422691 -36.126907
v 7.186100 12.507292 -36.126907
v -3.196300 13.343793 -32.453106
v -3.196300 13.259192 -32.453106
v -30.387501 15.436099 -9.218006
v -30.626900 12.422695 -20.464306
v -30.626900 12.507296 -20.464306
v 10.692600 12.422691 -35.248611
v 10.692600 12.507292 -35.248611
v -31.144699 15.436100 -6.195106
v -28.473600 12.422695 -23.367708
v -28.473600 12.507296 -23.367708
v 14.096000 12.422691 -34.030811
v 14.096000 12.507292 -34.030811
v -31.602001 15.436101 -3.112505
v -26.046101 12.422694 -26.046108
v -26.046101 12.507295 -26.046108
v 17.363800 12.422692 -32.485310
v 17.363800 12.507293 -32.485310
v -31.754898 15.436102 -0.000005
v -23.367701 12.422693 -28.473608
v -23.367701 12.507294 -28.473608
v 20.464300 12.422692 -30.626907
v 20.464300 12.507293 -30.626907
v -31.602001 15.436103 3.112496
v -20.464300 12.422692 -30.626907
v -20.464300 12.507293 -30.626907
v 23.367701 12.422693 -28.473608
v 23.367701 12.507294 -28.473608
v -31.144699 15.436104 6.195096
v -17.363800 12.422692 -32.485310
v -17.363800 12.507293 -32.485310
v 26.046101 12.422694 -26.046108
v 26.046101 12.507295 -26.046108
v -30.387501 15.436105 9.217997
v -14.096000 12.422691 -34.030811
v -14.096000 12.507292 -34.030811
v 28.473600 12.422695 -23.367708
v 28.473600 12.507296 -23.367708
v -29.337702 15.436106 12.152098
v -14.096000 12.507292 -34.030811
v -14.096000 12.422691 -34.030811
v -10.692600 12.422691 -35.248611
v -10.692600 12.507292 -35.248611
v 30.626900 12.422695 -20.464306
v 30.626900 12.507296 -20.464306
v -28.005299 15.436107 14.969097
v -7.186100 12.422691 -36.126907
v -7.186100 12.507292 -36.126907
v 32.485302 12.422696 -17.363806
v 32.485302 12.507297 -17.363806
v -26.403200 15.436108 17.642099
v 34.030800 12.422698 -14.096005
v 34.030800 12.507298 -14.096005
v 86.821899 2.923202 4.330100
v 86.724800 3.874102 4.162000
v 84.321899 3.874102 4.805900
v 84.321899 2.923202 5.000000
v 79.991699 2.923201 2.500000
v 80.159798 3.874101 2.402899
v 79.515999 3.874101 -0.000001
v 79.321800 2.923200 -0.000001
v 86.821899 2.923199 -4.330102
v 86.724800 3.874099 -4.162002
v 88.483902 3.874100 -2.402902
v 88.652000 2.923200 -2.500001
v 88.652000 2.923201 2.500000
v 88.483902 3.874101 2.402899
v 81.821800 2.923202 4.330100
v 81.918900 3.874102 4.162000
v 79.991699 2.923200 -2.500001
v 80.159798 3.874100 -2.402902
v 81.918900 3.874099 -4.162002
v 81.821800 2.923199 -4.330102
v 89.321899 2.923200 -0.000001
v 89.127701 3.874101 -0.000001
v 84.321899 3.874099 -4.805902
v 84.321899 2.923199 -5.000002
v 82.288498 5.306400 -3.521902
v 83.677299 6.550801 -1.116402
v 84.321899 6.738801 -0.000002
v 84.321899 6.550801 -1.289202
v 80.799904 5.306400 -2.033402
v 81.138100 5.591900 -1.838202
v 82.483704 5.591900 -3.183802
v 83.205399 6.550801 -0.644602
v 80.255096 5.306401 -0.000002
v 80.645500 5.591901 -0.000002
v 83.032700 6.550801 -0.000002
v 80.799904 5.306401 2.033399
v 81.138100 5.591901 1.838199
v 83.205399 6.550801 0.644598
v 82.288498 5.306402 3.521899
v 82.483704 5.591902 3.183799
v 83.677299 6.550802 1.116398
v 84.321899 5.306402 4.066799
v 84.321899 5.591902 3.676299
v 84.321899 6.550802 1.289198
v 86.355194 5.306402 3.521899
v 86.159996 5.591902 3.183799
v 84.966400 6.550802 1.116398
v 87.843796 5.306401 2.033399
v 87.505600 5.591901 1.838199
v 85.438301 6.550801 0.644598
v 88.388596 5.306401 -0.000002
v 87.998199 5.591901 -0.000002
v 85.611000 6.550801 -0.000002
v 87.843796 5.306400 -2.033402
v 87.505600 5.591900 -1.838202
v 85.438301 6.550801 -0.644602
v 84.966400 6.550801 -1.116402
v 70.991501 5.306387 -45.682907
v 71.186699 5.591887 -45.344707
v 73.024902 5.591887 -45.837208
v 73.024902 5.306387 -46.227707
v 77.354996 2.923188 -39.660908
v 77.186897 3.874089 -39.758007
v 75.427803 3.874089 -37.998905
v 75.524902 2.923189 -37.830807
v 70.524902 2.923189 -37.830807
v 70.621902 3.874089 -37.998905
v 68.862801 3.874089 -39.758007
v 68.694702 2.923188 -39.660908
v 73.024902 2.923186 -47.160908
v 73.024902 3.874086 -46.966808
v 75.427803 3.874087 -46.322906
v 75.524902 2.923186 -46.491108
v 78.024902 2.923187 -42.160908
v 77.830704 3.874088 -42.160908
v 73.024902 2.923189 -37.160908
v 73.024902 3.874089 -37.355007
v 68.024895 2.923187 -42.160908
v 68.219002 3.874088 -42.160908
v 68.862801 3.874087 -44.563908
v 68.694702 2.923187 -44.660908
v 77.354996 2.923187 -44.660908
v 77.186897 3.874087 -44.563908
v 70.621902 3.874087 -46.322906
v 70.524902 2.923186 -46.491108
v 69.502899 5.306387 -44.194305
v 71.908401 6.550788 -42.805508
v 73.024902 6.738788 -42.160912
v 72.380295 6.550788 -43.277412
v 68.958099 5.306388 -42.160908
v 69.348503 5.591888 -42.160908
v 69.841095 5.591887 -43.999107
v 71.735695 6.550788 -42.160912
v 69.502899 5.306389 -40.127506
v 69.841095 5.591888 -40.322807
v 71.908401 6.550789 -41.516312
v 70.991501 5.306389 -38.639008
v 71.186699 5.591889 -38.977108
v 72.380295 6.550789 -41.044510
v 73.024902 5.306389 -38.094105
v 73.024902 5.591889 -38.484608
v 73.024902 6.550789 -40.871811
v 75.058296 5.306389 -38.639008
v 74.862999 5.591889 -38.977108
v 73.669395 6.550789 -41.044510
v 76.546799 5.306389 -40.127506
v 76.208595 5.591888 -40.322807
v 74.141296 6.550789 -41.516411
v 77.091599 5.306388 -42.160908
v 76.701202 5.591888 -42.160908
v 74.313995 6.550788 -42.160912
v 76.546799 5.306387 -44.194305
v 76.208595 5.591887 -43.999107
v 74.141296 6.550788 -42.805508
v 75.058296 5.306387 -45.682907
v 74.862999 5.591887 -45.344707
v 73.669395 6.550788 -43.277412
v 73.024902 6.550788 -43.450111
v 38.639000 5.306378 -75.058311
v 38.977100 5.591878 -74.863007
v 40.322800 5.591878 -76.208611
v 40.127502 5.306377 -76.546814
v 47.160900 2.923178 -73.024910
v 46.966801 3.874079 -73.024910
v 46.322899 3.874079 -70.621910
v 46.491100 2.923179 -70.524910
v 42.160900 2.923180 -68.024910
v 42.160900 3.874080 -68.219009
v 39.757999 3.874080 -68.862816
v 39.660900 2.923180 -68.694710
v 39.660900 2.923177 -77.355011
v 39.757999 3.874077 -77.186913
v 42.160900 3.874077 -77.830711
v 42.160900 2.923177 -78.024910
v 46.491100 2.923177 -75.524918
v 46.322899 3.874078 -75.427811
v 44.660900 2.923180 -68.694710
v 44.563900 3.874080 -68.862816
v 37.830799 2.923179 -70.524910
v 37.998901 3.874079 -70.621910
v 37.355000 3.874079 -73.024910
v 37.160900 2.923178 -73.024910
v 44.660900 2.923177 -77.355011
v 44.563900 3.874077 -77.186913
v 37.998901 3.874078 -75.427811
v 37.830799 2.923177 -75.524918
v 38.094101 5.306379 -73.024910
v 40.871799 6.550779 -73.024910
v 42.160900 6.738779 -73.024910
v 41.044502 6.550779 -73.669411
v 38.639000 5.306379 -70.991508
v 38.977100 5.591879 -71.186707
v 38.484600 5.591879 -73.024910
v 41.044502 6.550779 -72.380310
v 40.127502 5.306380 -69.502914
v 40.322800 5.591880 -69.841110
v 41.516300 6.550779 -71.908417
v 42.160900 5.306380 -68.958107
v 42.160900 5.591880 -69.348610
v 42.160900 6.550779 -71.735710
v 44.194298 5.306380 -69.502914
v 43.999100 5.591880 -69.841110
v 42.805500 6.550779 -71.908417
v 45.682899 5.306379 -70.991508
v 45.344700 5.591879 -71.186707
v 43.277401 6.550779 -72.380310
v 46.227699 5.306379 -73.024910
v 45.837200 5.591879 -73.024910
v 43.450100 6.550779 -73.024910
v 45.682899 5.306378 -75.058311
v 45.344700 5.591878 -74.863007
v 43.277401 6.550779 -73.669411
v 44.194298 5.306377 -76.546814
v 43.999100 5.591878 -76.208611
v 42.805500 6.550779 -74.141312
v 42.160900 5.306377 -77.091614
v 42.160900 5.591877 -76.701210
v 42.160900 6.550779 -74.314011
v 41.516399 6.550779 -74.141312
v -4.066800 5.306375 -84.321915
v -3.676300 5.591875 -84.321915
v -3.183800 5.591875 -86.160011
v -3.521900 5.306375 -86.355209
v 4.330100 2.923174 -86.821915
v 4.162000 3.874074 -86.724815
v 4.805900 3.874075 -84.321815
v 5.000000 2.923175 -84.321815
v 2.500000 2.923176 -79.991707
v 2.402900 3.874076 -80.159813
v 0.000000 3.874077 -79.516014
v 0.000000 2.923176 -79.321815
v -4.330100 2.923174 -86.821915
v -4.162000 3.874074 -86.724815
v -2.402900 3.874074 -88.483910
v -2.500000 2.923173 -88.652016
v 2.500000 2.923173 -88.652016
v 2.402900 3.874074 -88.483910
v 4.330100 2.923176 -81.821815
v 4.162000 3.874076 -81.918915
v -2.500000 2.923176 -79.991707
v -2.402900 3.874076 -80.159813
v -4.162000 3.874076 -81.918915
v -4.330100 2.923176 -81.821815
v 0.000000 2.923173 -89.321915
v 0.000000 3.874074 -89.127716
v -4.805900 3.874075 -84.321815
v -5.000000 2.923175 -84.321915
v -3.521900 5.306376 -82.288513
v -1.116400 6.550776 -83.677307
v 0.000000 6.738775 -84.321915
v -1.289200 6.550776 -84.321915
v -2.033400 5.306376 -80.799911
v -1.838200 5.591876 -81.138107
v -3.183800 5.591876 -82.483719
v -0.644600 6.550776 -83.205414
v 0.000000 5.306376 -80.255112
v 0.000000 5.591877 -80.645515
v 0.000000 6.550776 -83.032707
v 2.033400 5.306376 -80.799911
v 1.838200 5.591876 -81.138107
v 0.644600 6.550776 -83.205414
v 3.521900 5.306376 -82.288513
v 3.183800 5.591876 -82.483719
v 1.116400 6.550776 -83.677307
v 4.066800 5.306375 -84.321915
v 3.676300 5.591875 -84.321915
v 1.289200 6.550776 -84.321915
v 3.521900 5.306375 -86.355209
v 3.183800 5.591875 -86.160011
v 1.116400 6.550776 -84.966408
v 2.033400 5.306374 -87.843811
v 1.838100 5.591874 -87.505615
v 0.644600 6.550776 -85.438309
v 0.000000 5.306374 -88.388611
v 0.000000 5.591874 -87.998215
v 0.000000 6.550776 -85.611008
v -2.033400 5.306374 -87.843811
v -1.838200 5.591874 -87.505615
v -0.644600 6.550776 -85.438309
v -1.116400 6.550776 -84.966408
v -45.682899 5.306379 -70.991508
v -45.344700 5.591879 -71.186707
v -45.837200 5.591879 -73.024910
v -46.227699 5.306379 -73.024910
v -39.660900 2.923177 -77.355011
v -39.757999 3.874077 -77.186913
v -37.998901 3.874078 -75.427811
v -37.830799 2.923177 -75.524918
v -37.830799 2.923179 -70.524910
v -37.998901 3.874079 -70.621910
v -39.757999 3.874080 -68.862816
v -39.660900 2.923180 -68.694710
v -47.160900 2.923178 -73.024910
v -46.966801 3.874079 -73.024910
v -46.322899 3.874078 -75.427811
v -46.491100 2.923177 -75.524918
v -42.160900 2.923177 -78.024910
v -42.160900 3.874077 -77.830711
v -37.160900 2.923178 -73.024910
v -37.355000 3.874079 -73.024910
v -42.160900 2.923180 -68.024910
v -42.160900 3.874080 -68.219009
v -44.563900 3.874080 -68.862816
v -44.660900 2.923180 -68.694710
v -44.660900 2.923177 -77.355011
v -44.563900 3.874077 -77.186913
v -46.322899 3.874079 -70.621910
v -46.491100 2.923179 -70.524910
v -44.194298 5.306380 -69.502914
v -42.805500 6.550779 -71.908417
v -42.160900 6.738779 -73.024910
v -43.277401 6.550779 -72.380310
v -42.160900 5.306380 -68.958107
v -42.160900 5.591880 -69.348511
v -43.999100 5.591880 -69.841110
v -42.160900 6.550779 -71.735710
v -40.127502 5.306380 -69.502914
v -40.322800 5.591880 -69.841110
v -41.516300 6.550779 -71.908417
v -38.639000 5.306379 -70.991508
v -38.977100 5.591879 -71.186707
v -41.044502 6.550779 -72.380310
v -38.094101 5.306379 -73.024910
v -38.484600 5.591879 -73.024910
v -40.871799 6.550779 -73.024910
v -38.639000 5.306378 -75.058311
v -38.977100 5.591878 -74.863007
v -41.044502 6.550779 -73.669411
v -40.127502 5.306377 -76.546814
v -40.322800 5.591878 -76.208611
v -41.516399 6.550779 -74.141312
v -42.160900 5.306377 -77.091614
v -42.160900 5.591877 -76.701210
v -42.160900 6.550779 -74.314011
v -44.194298 5.306377 -76.546814
v -43.999100 5.591878 -76.208611
v -42.805500 6.550779 -74.141312
v -45.682899 5.306378 -75.058311
v -45.344700 5.591878 -74.863007
v -43.277401 6.550779 -73.669411
v -43.450100 6.550779 -73.024910
v -75.058296 5.306389 -38.639008
v -74.862999 5.591889 -38.977207
v -76.208595 5.591888 -40.322807
v -76.546799 5.306389 -40.127506
v -73.024902 2.923186 -47.160908
v -73.024902 3.874086 -46.966808
v -70.621902 3.874087 -46.322906
v -70.524902 2.923186 -46.491108
v -68.024895 2.923187 -42.160908
v -68.219002 3.874088 -42.160908
v -68.862801 3.874089 -39.758007
v -68.694702 2.923188 -39.660908
v -77.354996 2.923188 -39.660908
v -77.186897 3.874089 -39.758007
v -77.830704 3.874088 -42.160908
v -78.024902 2.923187 -42.160908
v -75.524902 2.923186 -46.491108
v -75.427803 3.874087 -46.322906
v -68.694702 2.923187 -44.660908
v -68.862801 3.874087 -44.563908
v -70.524902 2.923189 -37.830807
v -70.621902 3.874089 -37.998905
v -73.024902 3.874089 -37.355007
v -73.024902 2.923189 -37.160908
v -77.354996 2.923187 -44.660908
v -77.186897 3.874087 -44.563908
v -75.427803 3.874089 -37.998905
v -75.524902 2.923189 -37.830807
v -73.024902 5.306389 -38.094105
v -73.024902 6.550789 -40.871811
v -73.024902 6.738788 -42.160912
v -73.669395 6.550789 -41.044510
v -70.991501 5.306389 -38.639008
v -71.186699 5.591889 -38.977108
v -73.024902 5.591889 -38.484608
v -72.380295 6.550789 -41.044510
v -69.502899 5.306389 -40.127506
v -69.841095 5.591888 -40.322807
v -71.908401 6.550789 -41.516312
v -68.958099 5.306388 -42.160908
v -69.348503 5.591888 -42.160908
v -71.735695 6.550788 -42.160912
v -69.502899 5.306387 -44.194305
v -69.841095 5.591887 -43.999107
v -71.908401 6.550788 -42.805508
v -70.991501 5.306387 -45.682907
v -71.186699 5.591887 -45.344707
v -72.380295 6.550788 -43.277412
v -73.024902 5.306387 -46.227707
v -73.024902 5.591887 -45.837208
v -73.024902 6.550788 -43.450111
v -75.058296 5.306387 -45.682907
v -74.862999 5.591887 -45.344707
v -73.669395 6.550788 -43.277412
v -76.546799 5.306387 -44.194305
v -76.208595 5.591887 -43.999107
v -74.141296 6.550788 -42.805508
v -77.091599 5.306388 -42.160908
v -76.701202 5.591888 -42.160908
v -74.313995 6.550788 -42.160912
v -74.141296 6.550789 -41.516312
v -84.321899 5.306402 4.066799
v -84.321899 5.591902 3.676299
v -86.159996 5.591902 3.183799
v -86.355194 5.306402 3.521899
v -86.821899 2.923199 -4.330102
v -86.724800 3.874099 -4.162002
v -84.321800 3.874099 -4.805902
v -84.321800 2.923199 -5.000002
v -79.991699 2.923200 -2.500001
v -80.159798 3.874100 -2.402902
v -79.515999 3.874101 -0.000001
v -79.321800 2.923200 -0.000001
v -86.821899 2.923202 4.330100
v -86.724800 3.874102 4.162000
v -88.483902 3.874101 2.402999
v -88.652000 2.923201 2.500000
v -88.652000 2.923200 -2.500001
v -88.483902 3.874100 -2.402902
v -81.821800 2.923199 -4.330102
v -81.918900 3.874099 -4.162002
v -79.991699 2.923201 2.500000
v -80.159798 3.874101 2.402899
v -81.918900 3.874102 4.162000
v -81.821800 2.923202 4.330100
v -89.321899 2.923200 -0.000001
v -89.127701 3.874101 -0.000001
v -84.321800 3.874102 4.805900
v -84.321899 2.923202 5.000000
v -82.288498 5.306402 3.521899
v -83.677299 6.550802 1.116398
v -84.321899 6.738801 -0.000002
v -84.321899 6.550802 1.289198
v -80.799904 5.306401 2.033399
v -81.138100 5.591901 1.838199
v -82.483704 5.591902 3.183799
v -83.205399 6.550801 0.644598
v -80.255096 5.306401 -0.000002
v -80.645500 5.591901 -0.000002
v -83.032700 6.550801 -0.000002
v -80.799904 5.306400 -2.033402
v -81.138100 5.591900 -1.838202
v -83.205399 6.550801 -0.644602
v -82.288498 5.306400 -3.521902
v -82.483704 5.591900 -3.183802
v -83.677299 6.550801 -1.116402
v -84.321899 5.306399 -4.066802
v -84.321899 5.591900 -3.676302
v -84.321899 6.550801 -1.289102
v -86.355194 5.306400 -3.521902
v -86.159996 5.591900 -3.183802
v -84.966400 6.550801 -1.116402
v -87.843796 5.306400 -2.033402
v -87.505600 5.591900 -1.838102
v -85.438301 6.550801 -0.644602
v -88.388596 5.306401 -0.000002
v -87.998199 5.591901 -0.000002
v -85.611000 6.550801 -0.000002
v -87.843796 5.306401 2.033399
v -87.505600 5.591901 1.838199
v -85.438301 6.550801 0.644598
v -84.966400 6.550802 1.116398
v -70.991501 5.306415 45.682907
v -71.186699 5.591915 45.344707
v -73.024902 5.591915 45.837208
v -73.024902 5.306415 46.227707
v -77.354996 2.923212 39.660908
v -77.186897 3.874113 39.758007
v -75.427803 3.874112 37.998905
v -75.524902 2.923212 37.830807
v -70.524902 2.923212 37.830807
v -70.621902 3.874112 37.998905
v -68.862801 3.874113 39.758007
v -68.694702 2.923212 39.660908
v -73.024902 2.923215 47.160908
v -73.024902 3.874115 46.966808
v -75.427803 3.874115 46.323009
v -75.524902 2.923214 46.491108
v -78.024902 2.923213 42.160908
v -77.830704 3.874114 42.160908
v -73.024796 2.923212 37.160908
v -73.024902 3.874112 37.355007
v -68.024803 2.923213 42.160908
v -68.219002 3.874114 42.160908
v -68.862801 3.874114 44.563908
v -68.694702 2.923214 44.660908
v -77.354996 2.923214 44.660908
v -77.186897 3.874114 44.563908
v -70.621902 3.874115 46.322906
v -70.524902 2.923214 46.491108
v -69.502899 5.306414 44.194305
v -71.908401 6.550814 42.805500
v -73.024902 6.738814 42.160904
v -72.380295 6.550814 43.277405
v -68.958099 5.306414 42.160908
v -69.348503 5.591914 42.160908
v -69.841095 5.591914 43.999107
v -71.735695 6.550814 42.160904
v -69.502899 5.306413 40.127506
v -69.841095 5.591913 40.322807
v -71.908401 6.550814 41.516304
v -70.991501 5.306413 38.639008
v -71.186699 5.591913 38.977108
v -72.380295 6.550814 41.044502
v -73.024902 5.306412 38.094105
v -73.024902 5.591912 38.484608
v -73.024902 6.550814 40.871803
v -75.058296 5.306413 38.639008
v -74.862999 5.591913 38.977207
v -73.669395 6.550814 41.044502
v -76.546799 5.306413 40.127506
v -76.208595 5.591913 40.322807
v -74.141296 6.550814 41.516403
v -77.091599 5.306414 42.160908
v -76.701202 5.591914 42.160908
v -74.313995 6.550814 42.160904
v -76.546799 5.306414 44.194305
v -76.208595 5.591914 43.999107
v -74.141296 6.550814 42.805500
v -75.058296 5.306415 45.682907
v -74.862999 5.591915 45.344707
v -73.669395 6.550814 43.277405
v -73.024902 6.550815 43.450104
v -38.639000 5.306424 75.058311
v -38.977100 5.591924 74.863007
v -40.322800 5.591924 76.208611
v -40.127502 5.306424 76.546814
v -47.160900 2.923223 73.024910
v -46.966801 3.874123 73.024910
v -46.322899 3.874122 70.621910
v -46.491100 2.923222 70.524811
v -42.160900 2.923221 68.024910
v -42.160900 3.874121 68.219009
v -39.757999 3.874122 68.862816
v -39.660900 2.923221 68.694710
v -39.660900 2.923224 77.355011
v -39.757999 3.874124 77.186913
v -42.160900 3.874124 77.830811
v -42.160900 2.923224 78.024910
v -46.491100 2.923223 75.524918
v -46.322899 3.874124 75.427811
v -44.660900 2.923221 68.694710
v -44.563900 3.874122 68.862816
v -37.830799 2.923222 70.524910
v -37.998901 3.874122 70.621910
v -37.355000 3.874123 73.024910
v -37.160900 2.923223 73.024910
v -44.660900 2.923224 77.355011
v -44.563900 3.874124 77.186913
v -37.998901 3.874124 75.427811
v -37.830799 2.923223 75.524918
v -38.094101 5.306423 73.024910
v -40.871799 6.550823 73.024910
v -42.160900 6.738823 73.024910
v -41.044502 6.550824 73.669411
v -38.639000 5.306422 70.991508
v -38.977100 5.591922 71.186707
v -38.484600 5.591923 73.024910
v -41.044502 6.550823 72.380310
v -40.127502 5.306422 69.502914
v -40.322800 5.591922 69.841110
v -41.516300 6.550823 71.908417
v -42.160900 5.306422 68.958107
v -42.160900 5.591922 69.348511
v -42.160900 6.550823 71.735710
v -44.194298 5.306422 69.502914
v -43.999100 5.591922 69.841110
v -42.805500 6.550823 71.908417
v -45.682899 5.306422 70.991508
v -45.344700 5.591922 71.186707
v -43.277401 6.550823 72.380310
v -46.227699 5.306423 73.024910
v -45.837200 5.591923 73.024910
v -43.450100 6.550823 73.024910
v -45.682899 5.306424 75.058311
v -45.344700 5.591924 74.863007
v -43.277401 6.550824 73.669411
v -44.194298 5.306424 76.546814
v -43.999100 5.591924 76.208611
v -42.805500 6.550824 74.141312
v -42.160900 5.306424 77.091614
v -42.160900 5.591924 76.701210
v -42.160900 6.550824 74.314011
v -41.516300 6.550824 74.141312
v 4.066800 5.306427 84.321915
v 3.676300 5.591927 84.321915
v 3.183800 5.591927 86.160011
v 3.521900 5.306427 86.355209
v -4.330100 2.923227 86.821915
v -4.162000 3.874127 86.724815
v -4.805900 3.874126 84.321815
v -5.000000 2.923226 84.321815
v -2.500000 2.923225 79.991707
v -2.402900 3.874125 80.159813
v 0.000000 3.874125 79.516014
v 0.000000 2.923224 79.321815
v 4.330100 2.923227 86.821915
v 4.162000 3.874127 86.724815
v 2.403000 3.874127 88.483910
v 2.500000 2.923227 88.652016
v -2.500000 2.923227 88.652016
v -2.402900 3.874127 88.483810
v -4.330100 2.923225 81.821815
v -4.162000 3.874125 81.918915
v 2.500000 2.923225 79.991707
v 2.402900 3.874125 80.159813
v 4.162000 3.874125 81.918915
v 4.330100 2.923225 81.821815
v 0.000000 2.923227 89.321915
v 0.000000 3.874128 89.127716
v 4.805900 3.874126 84.321815
v 5.000000 2.923226 84.321915
v 3.521900 5.306426 82.288414
v 1.116400 6.550827 83.677307
v 0.000000 6.738827 84.321915
v 1.289200 6.550827 84.321915
v 2.033400 5.306425 80.799911
v 1.838200 5.591926 81.138107
v 3.183800 5.591926 82.483719
v 0.644600 6.550827 83.205414
v 0.000000 5.306425 80.255112
v 0.000000 5.591925 80.645515
v 0.000000 6.550827 83.032707
v -2.033400 5.306425 80.799911
v -1.838200 5.591926 81.138107
v -0.644600 6.550827 83.205414
v -3.521900 5.306426 82.288414
v -3.183800 5.591926 82.483719
v -1.116400 6.550827 83.677307
v -4.066800 5.306427 84.321915
v -3.676300 5.591927 84.321915
v -1.289100 6.550827 84.321915
v -3.521900 5.306427 86.355209
v -3.183800 5.591927 86.160011
v -1.116400 6.550827 84.966408
v -2.033400 5.306427 87.843811
v -1.838100 5.591928 87.505615
v -0.644600 6.550827 85.438309
v 0.000000 5.306427 88.388611
v 0.000000 5.591928 87.998215
v 0.000000 6.550827 85.611008
v 2.033400 5.306427 87.843811
v 1.838200 5.591928 87.505615
v 0.644600 6.550827 85.438309
v 1.116400 6.550827 84.966408
v 45.682899 5.306422 70.991508
v 45.344700 5.591922 71.186707
v 45.837200 5.591923 73.024910
v 46.227699 5.306423 73.024910
v 39.660900 2.923224 77.355011
v 39.757999 3.874124 77.186913
v 37.998901 3.874124 75.427811
v 37.830799 2.923223 75.524811
v 37.830799 2.923222 70.524811
v 37.998901 3.874122 70.621910
v 39.757999 3.874122 68.862816
v 39.660900 2.923221 68.694710
v 47.160900 2.923223 73.024910
v 46.966801 3.874123 73.024910
v 46.323002 3.874124 75.427811
v 46.491100 2.923223 75.524918
v 42.160900 2.923224 78.024910
v 42.160900 3.874124 77.830711
v 37.160900 2.923223 73.024811
v 37.355000 3.874123 73.024910
v 42.160900 2.923221 68.024811
v 42.160900 3.874121 68.219009
v 44.563900 3.874122 68.862816
v 44.660900 2.923221 68.694710
v 44.660900 2.923224 77.355011
v 44.563900 3.874124 77.186913
v 46.322899 3.874122 70.621910
v 46.491100 2.923222 70.524910
v 44.194298 5.306422 69.502914
v 42.805500 6.550823 71.908417
v 42.160900 6.738823 73.024910
v 43.277401 6.550823 72.380310
v 42.160900 5.306422 68.958107
v 42.160900 5.591922 69.348511
v 43.999100 5.591922 69.841110
v 42.160900 6.550823 71.735710
v 40.127502 5.306422 69.502914
v 40.322800 5.591922 69.841110
v 41.516300 6.550823 71.908417
v 38.639000 5.306422 70.991508
v 38.977100 5.591922 71.186707
v 41.044502 6.550823 72.380310
v 38.094101 5.306423 73.024811
v 38.484600 5.591923 73.024910
v 40.871799 6.550823 73.024910
v 38.639000 5.306424 75.058311
v 38.977200 5.591924 74.863007
v 41.044502 6.550824 73.669411
v 40.127502 5.306424 76.546814
v 40.322800 5.591924 76.208611
v 41.516399 6.550824 74.141312
v 42.160900 5.306424 77.091614
v 42.160900 5.591924 76.701210
v 42.160900 6.550824 74.314011
v 44.194298 5.306424 76.546814
v 43.999100 5.591924 76.208611
v 42.805500 6.550824 74.141312
v 45.682899 5.306424 75.058311
v 45.344700 5.591924 74.863007
v 43.277401 6.550824 73.669411
v 43.450100 6.550823 73.024910
v 75.058296 5.306413 38.639008
v 74.862999 5.591913 38.977108
v 76.208595 5.591913 40.322807
v 76.546799 5.306413 40.127506
v 73.024902 2.923215 47.160908
v 73.024902 3.874115 46.966808
v 70.621902 3.874115 46.322906
v 70.524803 2.923214 46.491009
v 68.024895 2.923213 42.160908
v 68.219002 3.874114 42.160908
v 68.862801 3.874113 39.758007
v 68.694702 2.923212 39.660908
v 77.354996 2.923212 39.660908
v 77.186897 3.874113 39.758007
v 77.830795 3.874114 42.160908
v 78.024902 2.923213 42.160908
v 75.524902 2.923214 46.491108
v 75.427803 3.874115 46.322906
v 68.694702 2.923214 44.660908
v 68.862801 3.874114 44.563908
v 70.524902 2.923212 37.830807
v 70.621902 3.874112 37.998905
v 73.024902 3.874112 37.355007
v 73.024902 2.923212 37.160908
v 77.354996 2.923214 44.660908
v 77.186897 3.874114 44.563908
v 75.427803 3.874112 37.998905
v 75.524902 2.923212 37.830807
v 73.024902 5.306412 38.094105
v 73.024902 6.550814 40.871803
v 73.024902 6.738814 42.160904
v 73.669395 6.550814 41.044502
v 70.991501 5.306413 38.639008
v 71.186699 5.591913 38.977108
v 73.024902 5.591912 38.484608
v 72.380295 6.550814 41.044502
v 69.502899 5.306413 40.127506
v 69.841095 5.591913 40.322807
v 71.908401 6.550814 41.516304
v 68.958099 5.306414 42.160908
v 69.348503 5.591914 42.160908
v 71.735695 6.550814 42.160904
v 69.502899 5.306414 44.194305
v 69.841095 5.591914 43.999107
v 71.908401 6.550814 42.805500
v 70.991501 5.306415 45.682907
v 71.186699 5.591915 45.344707
v 72.380295 6.550814 43.277405
v 73.024902 5.306415 46.227707
v 73.024902 5.591915 45.837208
v 73.024902 6.550815 43.450104
v 75.058296 5.306415 45.682907
v 74.862999 5.591915 45.344707
v 73.669395 6.550814 43.277405
v 76.546799 5.306414 44.194305
v 76.208595 5.591914 43.999107
v 74.141296 6.550814 42.805500
v 77.091599 5.306414 42.160908
v 76.701202 5.591914 42.160908
v 74.313995 6.550814 42.160904
v 74.141296 6.550814 41.516304
v 0.000000 -13.343812 -32.610100
v -3.196300 -13.343812 -32.453098
v -3.196300 -13.259211 -32.453098
v 0.000000 -13.259211 -32.610100
v 33.619801 -13.441109 -17.970200
v 31.696501 -13.441110 -21.178999
v 82.077400 -1.443217 -54.842308
v 87.057602 -1.443214 -46.533310
v -17.970200 -13.441092 33.619808
v -14.588300 -13.441092 35.219311
v -37.776100 -1.443173 91.199516
v -46.533302 -1.443174 87.057617
v -3.736500 -13.441114 -37.937504
v -7.437100 -13.441114 -37.388599
v -19.258101 -1.443230 -96.816910
v -9.675600 -1.443230 -98.238319
v 29.468000 -13.441111 -24.183800
v 76.306702 -1.443219 -62.623306
v -11.066000 -13.441092 36.479610
v -28.654999 -1.443172 94.463112
v 3.736500 -13.441114 -37.937504
v 0.000000 -13.441114 -38.121101
v 0.000000 -1.443230 -98.713615
v 9.675600 -1.443230 -98.238319
v 26.955700 -13.441112 -26.955700
v 69.801102 -1.443221 -69.801109
v -7.437100 -13.441092 37.388607
v -19.258101 -1.443171 96.816910
v -11.066000 -13.441114 -36.479603
v -14.588300 -13.441113 -35.219303
v -37.776100 -1.443228 -91.199516
v -28.654999 -1.443229 -94.463112
v 24.183800 -13.441112 -29.468000
v 62.623299 -1.443223 -76.306709
v -3.736500 -13.441092 37.937511
v -9.675600 -1.443170 98.238319
v -14.588300 -13.441113 -35.219303
v -17.970200 -13.441113 -33.619801
v -46.533302 -1.443227 -87.057617
v -37.776100 -1.443228 -91.199516
v 21.178999 -13.441113 -31.696503
v 54.842400 -1.443225 -82.077415
v 0.000000 -13.441092 38.121109
v 0.000000 -1.443170 98.713615
v -21.178999 -13.441113 -31.696503
v -54.842400 -1.443225 -82.077415
v 17.970200 -13.441113 -33.619801
v 46.533302 -1.443227 -87.057617
v 3.736500 -13.441092 37.937511
v 9.675600 -1.443170 98.238319
v -24.183800 -13.441112 -29.468000
v -62.623299 -1.443223 -76.306709
v 14.588300 -13.441113 -35.219303
v 37.776100 -1.443228 -91.199516
v 7.437100 -13.441092 37.388607
v 19.258101 -1.443171 96.816910
v -26.955700 -13.441112 -26.955700
v -69.801102 -1.443221 -69.801109
v 11.066000 -13.441114 -36.479603
v 28.654999 -1.443229 -94.463112
v 11.066000 -13.441092 36.479610
v 28.654999 -1.443172 94.463112
v -29.468000 -13.441111 -24.183800
v -76.306702 -1.443219 -62.623306
v 7.437100 -13.441114 -37.388599
v 19.258101 -1.443230 -96.816910
v 14.588300 -13.441092 35.219311
v 37.776100 -1.443173 91.199516
v -31.696501 -13.441110 -21.178999
v -82.077400 -1.443217 -54.842308
v 17.970200 -13.441092 33.619808
v 46.533302 -1.443174 87.057617
v -33.619801 -13.441109 -17.970200
v -87.057602 -1.443214 -46.533310
v 0.000000 -12.507314 -36.834702
v 3.610400 -12.507314 -36.657303
v 3.610400 -12.422713 -36.657303
v 0.000000 -12.422713 -36.834702
v 21.178999 -13.441093 31.696510
v 54.842400 -1.443175 82.077415
v -35.219299 -13.441108 -14.588298
v -91.199501 -1.443212 -37.776108
v 24.183800 -13.441094 29.468008
v 62.623299 -1.443177 76.306709
v -36.479603 -13.441107 -11.065998
v -94.463097 -1.443209 -28.655104
v 26.955700 -13.441094 26.955708
v 69.801102 -1.443179 69.801109
v -37.388599 -13.441105 -7.437097
v -96.816895 -1.443206 -19.258102
v 29.468000 -13.441095 24.183807
v 76.306702 -1.443181 62.623306
v -37.937500 -13.441104 -3.736497
v -98.238304 -1.443203 -9.675601
v 31.696501 -13.441096 21.179007
v 82.077400 -1.443184 54.842407
v -38.121101 -13.441103 0.000004
v -98.713600 -1.443200 0.000000
v 33.619801 -13.441097 17.970207
v 87.057602 -1.443186 46.533310
v -37.937500 -13.441102 3.736505
v -98.238304 -1.443197 9.675601
v 35.219299 -13.441098 14.588305
v 91.199501 -1.443189 37.776108
v -37.388599 -13.441101 7.437106
v -96.816895 -1.443194 19.258102
v 36.479603 -13.441099 11.066006
v 94.463005 -1.443192 28.655104
v -36.479603 -13.441099 11.066006
v -94.463097 -1.443192 28.655104
v 37.388599 -13.441101 7.437106
v 96.816895 -1.443194 19.258102
v -35.219299 -13.441098 14.588305
v -91.199501 -1.443189 37.776108
v 37.937500 -13.441102 3.736505
v 98.238304 -1.443197 9.675601
v -33.619801 -13.441097 17.970207
v -87.057602 -1.443186 46.533310
v 38.121101 -13.441103 0.000004
v 98.713600 -1.443200 0.000000
v -31.696501 -13.441096 21.179007
v -82.077400 -1.443184 54.842407
v 37.937500 -13.441104 -3.736497
v 98.238304 -1.443203 -9.675601
v -29.468000 -13.441095 24.183807
v -76.306702 -1.443181 62.623306
v 37.388599 -13.441105 -7.437097
v 96.816895 -1.443206 -19.258102
v -26.955700 -13.441094 26.955708
v -69.801102 -1.443179 69.801109
v 36.479603 -13.441107 -11.065998
v 94.463005 -1.443209 -28.655104
v -24.183800 -13.441094 29.468008
v -62.623299 -1.443177 76.306709
v 35.219299 -13.441108 -14.588298
v 91.199501 -1.443212 -37.776108
v -21.178999 -13.441093 31.696510
v -54.842400 -1.443175 82.077415
v 6.361900 -13.343793 31.983509
v 9.466200 -13.343793 31.205908
v 9.466200 -13.259192 31.205908
v 6.361900 -13.259192 31.983509
v -6.361900 -13.343812 -31.983501
v -6.361900 -13.259211 -31.983501
v -23.058800 -13.343809 -23.058800
v -25.207901 -13.343809 -20.687599
v -25.207901 -13.259208 -20.687599
v -23.058800 -13.259208 -23.058800
v 9.466200 -13.343812 -31.205900
v 6.361900 -13.343812 -31.983501
v 6.361900 -13.259211 -31.983501
v 9.466200 -13.259211 -31.205900
v 12.479300 -13.343793 30.127808
v 12.479300 -13.259192 30.127808
v -27.114300 -13.343808 -18.117199
v -27.114300 -13.259207 -18.117199
v 3.196300 -13.343812 -32.453098
v 3.196300 -13.259211 -32.453098
v 15.372300 -13.343794 28.759508
v 15.372300 -13.259192 28.759508
v -28.759501 -13.343807 -15.372298
v -28.759501 -13.259206 -15.372298
v 18.117199 -13.343794 27.114307
v 18.117199 -13.259192 27.114307
v -30.127800 -13.343806 -12.479299
v -30.127800 -13.259205 -12.479299
v 20.687599 -13.343795 25.208008
v 20.687599 -13.259193 25.208008
v -31.205898 -13.343805 -9.466198
v -31.205898 -13.259204 -9.466198
v -9.466200 -13.343812 -31.205900
v -9.466200 -13.259211 -31.205900
v 23.058800 -13.343796 23.058807
v 23.058800 -13.259194 23.058807
v -31.983501 -13.343804 -6.361897
v -31.983501 -13.259203 -6.361897
v 25.207901 -13.343796 20.687607
v 25.207901 -13.259194 20.687607
v -32.453098 -13.343803 -3.196296
v -32.453098 -13.259202 -3.196296
v 27.114300 -13.343797 18.117207
v 27.114300 -13.259195 18.117207
v -32.610100 -13.343802 0.000004
v -32.610100 -13.259201 0.000004
v 28.759501 -13.343798 15.372306
v 28.759501 -13.259196 15.372306
v -32.453098 -13.343801 3.196304
v -32.453098 -13.259200 3.196304
v 30.127800 -13.343799 12.479306
v 30.127800 -13.259197 12.479306
v -31.983501 -13.343801 6.361905
v -31.983501 -13.259199 6.361905
v 31.205898 -13.343800 9.466206
v 31.205898 -13.259198 9.466206
v -31.205898 -13.343800 9.466206
v -31.205898 -13.259198 9.466206
v 31.983501 -13.343801 6.361905
v 31.983501 -13.259199 6.361905
v -30.127800 -13.343799 12.479306
v -30.127800 -13.259197 12.479306
v 32.453098 -13.343801 3.196304
v 32.453098 -13.259200 3.196304
v -28.759501 -13.343798 15.372306
v -28.759501 -13.259196 15.372306
v 32.610100 -13.343802 0.000004
v 32.610100 -13.259201 0.000004
v -27.114300 -13.343797 18.117207
v -27.114300 -13.259195 18.117207
v 32.453098 -13.343803 -3.196296
v 32.453098 -13.259202 -3.196296
v -25.208000 -13.343796 20.687607
v -25.208000 -13.259194 20.687607
v 31.983501 -13.343804 -6.361897
v 31.983501 -13.259203 -6.361897
v -23.058800 -13.343796 23.058807
v -23.058800 -13.259194 23.058807
v 31.205898 -13.343805 -9.466198
v 31.205898 -13.259204 -9.466198
v -20.687599 -13.343795 25.207909
v -20.687599 -13.259193 25.207909
v 30.127800 -13.343806 -12.479299
v 30.127800 -13.259205 -12.479299
v -18.117199 -13.343794 27.114307
v -18.117199 -13.259192 27.114307
v 28.759501 -13.343807 -15.372298
v 28.759501 -13.259206 -15.372298
v -15.372300 -13.343794 28.759508
v -15.372300 -13.259192 28.759508
v 27.114300 -13.343808 -18.117199
v 27.114300 -13.259207 -18.117199
v -12.479300 -13.343793 30.127808
v -12.479300 -13.259192 30.127808
v 25.208000 -13.343809 -20.687599
v 25.208000 -13.259208 -20.687599
v -9.466200 -13.343793 31.205908
v -9.466200 -13.259192 31.205908
v 23.058800 -13.343809 -23.058800
v 23.058800 -13.259208 -23.058800
v -6.361900 -13.343793 31.983509
v -6.361900 -13.259192 31.983509
v -12.479300 -13.343812 -30.127800
v -12.479300 -13.259211 -30.127800
v 20.687599 -13.343810 -25.207901
v 20.687599 -13.259209 -25.207901
v -3.196300 -13.343793 32.453106
v -3.196300 -13.259192 32.453106
v -12.479300 -13.343812 -30.127800
v -15.372300 -13.343811 -28.759501
v -15.372300 -13.259210 -28.759501
v -12.479300 -13.259211 -30.127800
v 18.117199 -13.343811 -27.114300
v 18.117199 -13.259210 -27.114300
v 0.000000 -13.343793 32.610107
v 0.000000 -13.259192 32.610107
v -18.117199 -13.343811 -27.114300
v -18.117199 -13.259210 -27.114300
v 15.372300 -13.343811 -28.759501
v 15.372300 -13.259210 -28.759501
v 3.196300 -13.343793 32.453106
v 3.196300 -13.259192 32.453106
v -20.687599 -13.343810 -25.208000
v -20.687599 -13.259209 -25.208000
v 12.479300 -13.343812 -30.127800
v 12.479300 -13.259211 -30.127800
v -2.760100 -19.235910 -28.023600
v 0.000000 -19.235910 -28.159201
v 0.000000 -22.141809 -24.388796
v -2.390500 -22.141809 -24.271397
v 0.000000 -22.141808 -19.151295
v -1.877100 -22.141808 -19.059095
v 0.000000 -22.141806 -13.243996
v -1.298100 -22.141806 -13.180195
v 0.000000 -22.141804 -7.566295
v -0.741600 -22.141804 -7.529794
v -5.493600 -19.235910 -27.618099
v -4.758000 -22.141809 -23.920195
v -3.736200 -22.141808 -18.783295
v -2.583800 -22.141806 -12.989495
v -1.476100 -22.141804 -7.420894
v -8.174200 -19.235910 -26.946697
v -7.079700 -22.141809 -23.338696
v -5.559300 -22.141808 -18.326694
v -3.844500 -22.141806 -12.673696
v -2.196400 -22.141804 -7.240394
v -10.776000 -19.235910 -26.015697
v -9.333200 -22.141809 -22.532297
v -7.328900 -22.141808 -17.693495
v -5.068300 -22.141806 -12.235895
v -2.895500 -22.141804 -6.990294
v -13.274100 -19.235910 -24.834198
v -10.776000 -19.235910 -26.015697
v -9.333200 -22.141809 -22.532297
v -11.496800 -22.141808 -21.508997
v -7.328900 -22.141808 -17.693495
v -9.027900 -22.141808 -16.889996
v -5.068300 -22.141806 -12.235895
v -6.243200 -22.141806 -11.680195
v -2.895500 -22.141804 -6.990294
v -3.566700 -22.141804 -6.672795
v -15.644400 -19.235910 -23.413498
v -13.549701 -22.141808 -20.278595
v -10.639900 -22.141808 -15.923696
v -7.358000 -22.141806 -11.011995
v -4.203600 -22.141804 -6.291094
v -17.863998 -19.235909 -21.767298
v -15.472100 -22.141808 -18.852795
v -12.149500 -22.141806 -14.804194
v -8.401899 -22.141806 -10.237795
v -4.800000 -22.141804 -5.848794
v -19.911499 -19.235909 -19.911497
v -17.245501 -22.141808 -17.245495
v -13.542000 -22.141806 -13.541995
v -9.364900 -22.141804 -9.364895
v -5.350100 -22.141804 -5.350194
v -21.767300 -19.235909 -17.863997
v -18.852800 -22.141806 -15.472096
v -14.804199 -22.141806 -12.149495
v -10.237801 -22.141804 -8.401895
v -5.848800 -22.141804 -4.799994
v -23.413500 -19.235907 -15.644397
v -20.278601 -22.141806 -13.549696
v -15.923699 -22.141806 -10.639894
v -11.012000 -22.141804 -7.357994
v -6.291100 -22.141804 -4.203594
v -24.834200 -19.235907 -13.274197
v -21.509001 -22.141806 -11.496796
v -16.889999 -22.141804 -9.027895
v -11.680200 -22.141804 -6.243194
v -6.672801 -22.141804 -3.566694
v -26.015699 -19.235907 -10.775995
v -22.532301 -22.141804 -9.333195
v -17.693501 -22.141804 -7.328895
v -12.235900 -22.141804 -5.068194
v -6.990300 -22.141802 -2.895394
v -26.946699 -19.235905 -8.174196
v -23.338699 -22.141804 -7.079694
v -18.326700 -22.141804 -5.559294
v -12.673700 -22.141804 -3.844494
v -7.240500 -22.141802 -2.196394
v -27.618101 -19.235905 -5.493595
v -23.920198 -22.141804 -4.757994
v -18.783300 -22.141804 -3.736294
v -12.989500 -22.141802 -2.583794
v -7.420900 -22.141802 -1.476094
v -28.023602 -19.235903 -2.760095
v -24.271400 -22.141802 -2.390494
v -19.059099 -22.141802 -1.877094
v -13.180200 -22.141802 -1.298094
v -7.529799 -22.141802 -0.741593
v -28.159201 -19.235903 0.000006
v -24.388800 -22.141802 0.000007
v -19.151300 -22.141802 0.000007
v -13.244000 -22.141802 0.000007
v -7.566300 -22.141802 0.000007
v -28.023602 -19.235903 2.760106
v -24.271400 -22.141802 2.390507
v -19.059099 -22.141802 1.877107
v -13.180200 -22.141802 1.298107
v -7.529799 -22.141802 0.741607
v -27.618101 -19.235901 5.493607
v -23.920198 -22.141800 4.758008
v -18.783300 -22.141800 3.736207
v -12.989500 -22.141802 2.583807
v -7.420900 -22.141802 1.476107
v -26.946699 -19.235901 8.174208
v -23.338699 -22.141800 7.079708
v -18.326700 -22.141800 5.559308
v -12.673700 -22.141800 3.844507
v -7.240400 -22.141802 2.196407
v -26.015699 -19.235899 10.776007
v -22.532400 -22.141800 9.333208
v -17.693501 -22.141800 7.328908
v -12.235900 -22.141800 5.068208
v -6.990300 -22.141802 2.895507
v -24.834200 -19.235899 13.274208
v -21.509001 -22.141798 11.496809
v -16.889999 -22.141800 9.027908
v -11.680200 -22.141800 6.243207
v -6.672801 -22.141800 3.566707
v -23.413500 -19.235899 15.644408
v -20.278601 -22.141798 13.549709
v -15.923699 -22.141798 10.639908
v -11.012000 -22.141800 7.358007
v -6.291100 -22.141800 4.203608
v -21.767401 -19.235897 17.864008
v -18.852800 -22.141798 15.472110
v -14.804199 -22.141798 12.149508
v -10.237801 -22.141800 8.401908
v -5.848800 -22.141800 4.800007
v -19.911499 -19.235897 19.911509
v -17.245501 -22.141796 17.245510
v -13.542000 -22.141798 13.542008
v -9.364900 -22.141800 9.364908
v -5.350200 -22.141800 5.350107
v -17.863998 -19.235897 21.767309
v -15.472100 -22.141796 18.852810
v -12.149500 -22.141798 14.804208
v -8.401899 -22.141798 10.237808
v -4.800000 -22.141800 5.848808
v -15.644400 -19.235895 23.413509
v -13.549701 -22.141796 20.278610
v -10.639900 -22.141796 15.923709
v -7.358000 -22.141798 11.012009
v -4.203600 -22.141800 6.291107
v -13.274100 -19.235895 24.834209
v -11.496800 -22.141796 21.509012
v -9.027900 -22.141796 16.890011
v -6.243200 -22.141798 11.680208
v -3.566700 -22.141800 6.672808
v -10.776000 -19.235895 26.015709
v -9.333200 -22.141794 22.532312
v -7.328900 -22.141796 17.693510
v -5.068200 -22.141798 12.235909
v -2.895400 -22.141800 6.990308
v -8.174200 -19.235895 26.946709
v -7.079700 -22.141794 23.338711
v -5.559300 -22.141796 18.326710
v -3.844500 -22.141798 12.673709
v -2.196400 -22.141800 7.240508
v -5.493600 -19.235895 27.618111
v -4.758000 -22.141794 23.920210
v -3.736300 -22.141796 18.783310
v -2.583800 -22.141798 12.989509
v -1.476100 -22.141800 7.420907
v -2.760100 -19.235895 28.023611
v -2.390500 -22.141794 24.271412
v -1.877100 -22.141796 19.059111
v -1.298100 -22.141798 13.180208
v -0.741600 -22.141800 7.529808
v 0.000000 -19.235895 28.159212
v 0.000000 -22.141794 24.388811
v 0.000000 -22.141796 19.151310
v 0.000000 -22.141798 13.244009
v 0.000000 -22.141800 7.566308
v 2.760100 -19.235895 28.023611
v 2.390500 -22.141794 24.271412
v 1.877100 -22.141796 19.059111
v 1.298100 -22.141798 13.180208
v 0.741600 -22.141800 7.529808
v 5.493600 -19.235895 27.618111
v 4.758000 -22.141794 23.920210
v 3.736200 -22.141796 18.783310
v 2.583800 -22.141798 12.989509
v 1.476100 -22.141800 7.420907
v 8.174200 -19.235895 26.946709
v 7.079700 -22.141794 23.338711
v 5.559300 -22.141796 18.326710
v 3.844500 -22.141798 12.673709
v 2.196400 -22.141800 7.240508
v 10.776000 -19.235895 26.015709
v 9.333200 -22.141794 22.532312
v 7.328900 -22.141796 17.693510
v 5.068300 -22.141798 12.235909
v 2.895500 -22.141800 6.990308
v 13.274100 -19.235895 24.834209
v 11.496800 -22.141796 21.509012
v 9.027900 -22.141796 16.890011
v 6.243200 -22.141798 11.680208
v 3.566700 -22.141800 6.672808
v 15.644400 -19.235895 23.413509
v 13.549701 -22.141796 20.278610
v 10.639900 -22.141796 15.923709
v 7.358000 -22.141798 11.012009
v 4.203600 -22.141800 6.291107
v 17.863998 -19.235897 21.767309
v 15.472100 -22.141796 18.852810
v 12.149500 -22.141798 14.804208
v 8.401899 -22.141798 10.237808
v 4.800000 -22.141800 5.848808
v 19.911499 -19.235897 19.911509
v 17.245501 -22.141796 17.245510
v 13.542000 -22.141798 13.542008
v 9.364900 -22.141800 9.365008
v 5.350100 -22.141800 5.350208
v 21.767300 -19.235897 17.864008
v 18.852800 -22.141798 15.472110
v 14.804199 -22.141798 12.149408
v 10.237801 -22.141800 8.401908
v 5.848800 -22.141800 4.799907
v 23.413500 -19.235899 15.644408
v 20.278601 -22.141798 13.549709
v 15.923699 -22.141798 10.639908
v 11.012000 -22.141800 7.358007
v 6.291100 -22.141800 4.203608
v 24.834200 -19.235899 13.274208
v 21.509001 -22.141798 11.496809
v 16.889999 -22.141800 9.027908
v 11.680200 -22.141800 6.243207
v 6.672801 -22.141800 3.566707
v 26.015699 -19.235899 10.776007
v 22.532301 -22.141800 9.333208
v 17.693501 -22.141800 7.328908
v 12.235900 -22.141800 5.068208
v 6.990300 -22.141802 2.895407
v 26.946699 -19.235901 8.174208
v 23.338699 -22.141800 7.079708
v 18.326700 -22.141800 5.559308
v 12.673700 -22.141800 3.844507
v 7.240500 -22.141802 2.196407
v 27.618101 -19.235901 5.493607
v 23.920198 -22.141800 4.758008
v 18.783300 -22.141800 3.736307
v 12.989500 -22.141802 2.583807
v 7.420900 -22.141802 1.476107
v 28.023602 -19.235903 2.760106
v 24.271400 -22.141802 2.390507
v 19.059099 -22.141802 1.877107
v 13.180200 -22.141802 1.298107
v 7.529799 -22.141802 0.741607
v 28.159201 -19.235903 0.000006
v 24.388800 -22.141802 0.000007
v 19.151300 -22.141802 0.000007
v 13.244000 -22.141802 0.000007
v 7.566300 -22.141802 0.000007
v 28.023602 -19.235903 -2.760095
v 24.271400 -22.141802 -2.390494
v 19.059099 -22.141802 -1.877094
v 13.180200 -22.141802 -1.298094
v 7.529799 -22.141802 -0.741593
v 27.618101 -19.235905 -5.493595
v 23.920198 -22.141804 -4.757994
v 18.783300 -22.141804 -3.736194
v 12.989500 -22.141802 -2.583794
v 7.420900 -22.141802 -1.476094
v 26.946699 -19.235905 -8.174196
v 23.338699 -22.141804 -7.079694
v 18.326700 -22.141804 -5.559294
v 12.673700 -22.141804 -3.844494
v 7.240500 -22.141802 -2.196394
v 26.015699 -19.235907 -10.775995
v 22.532400 -22.141804 -9.333195
v 17.693501 -22.141804 -7.328895
v 12.235900 -22.141804 -5.068294
v 6.990300 -22.141802 -2.895494
v 24.834200 -19.235907 -13.274197
v 21.509001 -22.141806 -11.496796
v 16.889999 -22.141804 -9.027895
v 11.680200 -22.141804 -6.243194
v 6.672801 -22.141804 -3.566694
v 23.413500 -19.235907 -15.644397
v 20.278601 -22.141806 -13.549696
v 15.923699 -22.141806 -10.639894
v 11.012000 -22.141804 -7.357994
v 6.291100 -22.141804 -4.203594
v 21.767401 -19.235909 -17.863997
v 18.852800 -22.141806 -15.472096
v 14.804199 -22.141806 -12.149495
v 10.237801 -22.141804 -8.401895
v 5.848800 -22.141804 -4.799994
v 19.911499 -19.235909 -19.911497
v 17.245501 -22.141808 -17.245495
v 13.542000 -22.141806 -13.541995
v 9.365000 -22.141804 -9.364895
v 5.350200 -22.141804 -5.350094
v 17.863998 -19.235909 -21.767298
v 15.472100 -22.141808 -18.852795
v 12.149500 -22.141806 -14.804194
v 8.401899 -22.141806 -10.237795
v 4.799900 -22.141804 -5.848794
v 15.644400 -19.235910 -23.413498
v 13.549701 -22.141808 -20.278595
v 10.639900 -22.141808 -15.923696
v 7.358000 -22.141806 -11.011995
v 4.203600 -22.141804 -6.291094
v 13.274100 -19.235910 -24.834198
v 11.496800 -22.141808 -21.508997
v 9.027900 -22.141808 -16.889996
v 6.243200 -22.141806 -11.680195
v 3.566700 -22.141804 -6.672795
v 10.776000 -19.235910 -26.015697
v 9.333200 -22.141809 -22.532297
v 7.328900 -22.141808 -17.693495
v 5.068300 -22.141806 -12.235895
v 2.895500 -22.141804 -6.990294
v 8.174200 -19.235910 -26.946697
v 7.079700 -22.141809 -23.338696
v 5.559300 -22.141808 -18.326694
v 3.844500 -22.141806 -12.673696
v 2.196400 -22.141804 -7.240495
v 5.493600 -19.235910 -27.618099
v 4.758000 -22.141809 -23.920195
v 3.736300 -22.141808 -18.783295
v 2.583800 -22.141806 -12.989495
v 1.476100 -22.141804 -7.420894
v 2.760100 -19.235910 -28.023600
v 2.390500 -22.141809 -24.271397
v 1.877100 -22.141808 -19.059095
v 1.298100 -22.141806 -13.180195
v 0.741600 -22.141804 -7.529794
v -9.217999 -15.436111 -30.387501
v -6.195100 -15.436111 -31.144701
v 26.403200 -15.436108 -17.642099
v 28.005299 -15.436107 -14.969097
v -30.626900 -12.507296 20.464306
v -32.485302 -12.507297 17.363806
v -32.485302 -12.422696 17.363806
v -30.626900 -12.422695 20.464306
v -3.112500 -15.436111 -31.602003
v 29.337702 -15.436106 -12.152098
v -28.473600 -12.507296 23.367708
v -28.473600 -12.422695 23.367708
v 0.000000 -15.436111 -31.754900
v 30.387501 -15.436105 -9.217997
v -26.046101 -12.507295 26.046108
v -26.046101 -12.422694 26.046108
v 31.144699 -15.436104 -6.195096
v -23.367701 -12.507294 28.473608
v -23.367701 -12.422693 28.473608
v 31.602001 -15.436103 -3.112496
v -20.464300 -12.507293 30.626907
v -20.464300 -12.422692 30.626907
v 31.754898 -15.436102 0.000005
v -17.363800 -12.507293 32.485310
v -17.363800 -12.422692 32.485310
v 31.602001 -15.436101 3.112505
v -14.096000 -12.507292 34.030811
v -14.096000 -12.422691 34.030811
v 31.144699 -15.436100 6.195106
v -10.692600 -12.507292 35.248611
v -10.692600 -12.422691 35.248611
v 30.387501 -15.436099 9.218006
v -7.186100 -12.507292 36.126907
v -7.186100 -12.422691 36.126907
v 29.337702 -15.436098 12.152006
v -3.610400 -12.507291 36.657310
v -3.610400 -12.422690 36.657310
v 28.005299 -15.436097 14.969107
v 0.000000 -12.507291 36.834709
v 0.000000 -12.422690 36.834709
v 26.403200 -15.436096 17.642107
v 3.610400 -12.507291 36.657310
v 3.610400 -12.422690 36.657310
v 24.546801 -15.436096 20.145107
v 7.186100 -12.507292 36.126907
v 7.186100 -12.422691 36.126907
v 22.454100 -15.436095 22.454107
v 10.692600 -12.507292 35.248611
v 10.692600 -12.422691 35.248611
v 20.145100 -15.436094 24.546907
v 14.096000 -12.507292 34.030811
v 14.096000 -12.422691 34.030811
v 17.642099 -15.436094 26.403208
v 17.363800 -12.507293 32.485310
v 17.363800 -12.422692 32.485310
v 14.969100 -15.436093 28.005306
v 20.464300 -12.507293 30.626907
v 20.464300 -12.422692 30.626907
v 12.152101 -15.436093 29.337709
v 23.367701 -12.507294 28.473608
v 23.367701 -12.422693 28.473608
v 9.217999 -15.436092 30.387508
v 26.046101 -12.507295 26.046108
v 26.046101 -12.422694 26.046108
v 6.195100 -15.436092 31.144709
v 28.473600 -12.507296 23.367708
v 28.473600 -12.422695 23.367708
v 3.112500 -15.436092 31.602011
v 30.626900 -12.507296 20.464306
v 30.626900 -12.422695 20.464306
v 0.000000 -15.436092 31.754908
v 32.485302 -12.507297 17.363806
v 32.485302 -12.422696 17.363806
v -3.112500 -15.436092 31.602011
v 34.030800 -12.507298 14.096005
v 34.030800 -12.422698 14.096005
v -6.195100 -15.436092 31.144709
v 35.248600 -12.507299 10.692606
v 35.248600 -12.422699 10.692606
v -9.217999 -15.436092 30.387508
v 36.126900 -12.507300 7.186105
v 36.126900 -12.422700 7.186105
v -12.151999 -15.436093 29.337709
v 36.657299 -12.507301 3.610404
v 36.657299 -12.422701 3.610404
v -14.969100 -15.436093 28.005306
v 36.834698 -12.507302 0.000004
v 36.834698 -12.422702 0.000004
v -17.642099 -15.436094 26.403208
v 36.657299 -12.507303 -3.610397
v 36.657299 -12.422703 -3.610397
v -20.145100 -15.436094 24.546808
v 36.126900 -12.507304 -7.186097
v 36.126900 -12.422704 -7.186097
v -22.454100 -15.436095 22.454107
v 35.248600 -12.507305 -10.692598
v 35.248600 -12.422705 -10.692598
v -24.546900 -15.436096 20.145107
v -3.322400 -11.816012 -33.733299
v -6.612900 -11.816012 -33.245201
v -6.935100 -11.489013 -34.865299
v -3.484300 -11.489013 -35.377205
v 84.321899 -5.306402 -4.066799
v 86.355194 -5.306402 -3.521899
v 86.159996 -5.591902 -3.183799
v 84.321899 -5.591902 -3.676299
v 6.612900 -11.816012 -33.245201
v 3.322400 -11.816012 -33.733299
v 3.484300 -11.489013 -35.377205
v 6.935100 -11.489013 -34.865299
v 9.839601 -11.816011 -32.436901
v 10.319100 -11.489013 -34.017601
v 12.971600 -11.816011 -31.316301
v 13.603701 -11.489012 -32.842403
v 15.978700 -11.816010 -29.894001
v 16.757401 -11.489012 -31.350801
v 18.831900 -11.816010 -28.183903
v 19.749599 -11.489011 -29.557301
v 21.503700 -11.816010 -26.202301
v 22.551601 -11.489011 -27.479198
v 23.968401 -11.816010 -23.968399
v 25.136501 -11.489010 -25.136501
v 26.202301 -11.816009 -21.503700
v 27.479198 -11.489009 -22.551600
v 28.183901 -11.816008 -18.831900
v 29.557301 -11.489008 -19.749599
v 29.894001 -11.816007 -15.978699
v 31.350800 -11.489007 -16.757399
v 31.316301 -11.816006 -12.971598
v 32.842400 -11.489006 -13.603699
v 32.436901 -11.816005 -9.839598
v 34.017597 -11.489005 -10.319098
v 33.245201 -11.816004 -6.612897
v 34.865299 -11.489004 -6.935098
v 33.733299 -11.816003 -3.322397
v 35.377201 -11.489003 -3.484297
v 33.896500 -11.816002 0.000004
v 35.548298 -11.489002 0.000003
v 33.733299 -11.816001 3.322404
v 35.377201 -11.489001 3.484304
v 33.245201 -11.816000 6.612905
v 34.865299 -11.489000 6.935105
v 32.436901 -11.815999 9.839605
v 34.017597 -11.488999 10.319106
v 31.316301 -11.815998 12.971605
v 32.842400 -11.488998 13.603706
v 29.894001 -11.815997 15.978706
v 31.350800 -11.488997 16.757406
v 28.183901 -11.815996 18.831907
v 29.557301 -11.488997 19.749607
v 26.202301 -11.815995 21.503708
v 27.479198 -11.488996 22.551607
v 23.968401 -11.815994 23.968407
v 25.136501 -11.488995 25.136509
v 21.503700 -11.815994 26.202309
v 22.551601 -11.488994 27.479206
v 18.831900 -11.815993 28.183910
v 19.749599 -11.488994 29.557308
v 15.978700 -11.815993 29.894009
v 16.757401 -11.488993 31.350809
v 12.971600 -11.815992 31.316309
v 13.603701 -11.488993 32.842411
v 9.839601 -11.815992 32.436909
v 10.319100 -11.488992 34.017609
v 6.612900 -11.815991 33.245209
v 6.935100 -11.488992 34.865307
v 3.322400 -11.815991 33.733307
v 3.484300 -11.488992 35.377213
v 0.000000 -11.815991 33.896507
v 0.000000 -11.488992 35.548309
v -3.322400 -11.815991 33.733307
v -3.484300 -11.488992 35.377213
v -6.612900 -11.815991 33.245209
v -6.935100 -11.488992 34.865307
v -9.839601 -11.815992 32.436909
v -10.319100 -11.488992 34.017609
v -12.971600 -11.815992 31.316309
v -13.603701 -11.488993 32.842411
v -15.978700 -11.815993 29.894009
v -16.757401 -11.488993 31.350809
v -18.831900 -11.815993 28.183910
v -19.749599 -11.488994 29.557308
v -21.503700 -11.815994 26.202309
v -22.551601 -11.488994 27.479206
v -23.968401 -11.815994 23.968407
v -25.136501 -11.488995 25.136509
v -26.202301 -11.815995 21.503708
v -27.479198 -11.488996 22.551607
v -28.183901 -11.815996 18.831907
v -29.557301 -11.488997 19.749607
v -29.894001 -11.815997 15.978706
v -31.350800 -11.488997 16.757406
v -31.316301 -11.815998 12.971605
v -32.842400 -11.488998 13.603706
v -32.436901 -11.815999 9.839605
v -34.017597 -11.488999 10.319106
v -33.245201 -11.816000 6.612905
v -34.865299 -11.489000 6.935105
v -33.733299 -11.816001 3.322404
v -35.377201 -11.489001 3.484304
v -33.896500 -11.816002 0.000004
v -35.548298 -11.489002 0.000003
v -33.733299 -11.816003 -3.322397
v -35.377201 -11.489003 -3.484297
v -33.245201 -11.816004 -6.612897
v -34.865299 -11.489004 -6.935098
v -32.436901 -11.816005 -9.839598
v -34.017597 -11.489005 -10.319098
v -31.316301 -11.816006 -12.971598
v -32.842400 -11.489006 -13.603699
v -29.894001 -11.816007 -15.978699
v -31.350800 -11.489007 -16.757399
v -28.183901 -11.816008 -18.831900
v -29.557301 -11.489008 -19.749599
v -26.202301 -11.816009 -21.503700
v -27.479198 -11.489009 -22.551600
v -23.968401 -11.816010 -23.968399
v -25.136501 -11.489010 -25.136501
v -21.503700 -11.816010 -26.202301
v -22.551601 -11.489011 -27.479198
v -18.831900 -11.816010 -28.183903
v -19.749599 -11.489011 -29.557301
v -15.978700 -11.816010 -29.894001
v -16.757401 -11.489012 -31.350801
v -12.971600 -11.816011 -31.316301
v -13.603701 -11.489012 -32.842403
v -9.839601 -11.816011 -32.436901
v -12.971600 -11.816011 -31.316301
v -13.603701 -11.489012 -32.842403
v -10.319100 -11.489013 -34.017601
v 0.000000 -11.816012 -33.896500
v 0.000000 -11.489013 -35.548302
v -34.030800 -12.507298 14.096005
v -34.030800 -12.422698 14.096005
v 24.546900 -15.436108 -20.145100
v -12.152101 -15.436110 -29.337702
v -35.248600 -12.507299 10.692606
v -35.248600 -12.422699 10.692606
v 22.454100 -15.436109 -22.454100
v -14.969100 -15.436110 -28.005299
v -12.152101 -15.436110 -29.337702
v -36.126900 -12.507300 7.186105
v -36.126900 -12.422700 7.186105
v 20.145100 -15.436110 -24.546801
v -17.642099 -15.436110 -26.403200
v -36.657299 -12.507301 3.610404
v -36.657299 -12.422701 3.610404
v 17.642099 -15.436110 -26.403200
v -20.145100 -15.436110 -24.546900
v -36.834698 -12.507302 0.000004
v -36.834698 -12.422702 0.000004
v 14.969100 -15.436110 -28.005299
v -22.454100 -15.436109 -22.454100
v -36.657299 -12.507303 -3.610397
v -36.657299 -12.422703 -3.610397
v 12.151999 -15.436110 -29.337702
v -24.546801 -15.436108 -20.145100
v -36.126900 -12.507304 -7.186097
v -36.126900 -12.422704 -7.186097
v 9.217999 -15.436111 -30.387501
v -26.403200 -15.436108 -17.642099
v -35.248600 -12.507305 -10.692598
v -35.248600 -12.422705 -10.692598
v -3.610400 -12.507314 -36.657303
v -3.610400 -12.422713 -36.657303
v 6.195100 -15.436111 -31.144701
v -28.005299 -15.436107 -14.969097
v -34.030800 -12.507306 -14.095998
v -34.030800 -12.422706 -14.095998
v 3.112500 -15.436111 -31.602003
v -29.337702 -15.436106 -12.151997
v -32.485302 -12.507308 -17.363798
v -32.485302 -12.422708 -17.363798
v 7.186100 -12.507313 -36.126900
v 7.186100 -12.422712 -36.126900
v -30.387501 -15.436105 -9.217997
v -30.626900 -12.507309 -20.464298
v -30.626900 -12.422709 -20.464298
v 10.692600 -12.507313 -35.248604
v 10.692600 -12.422712 -35.248604
v -31.144699 -15.436104 -6.195096
v -28.473600 -12.507309 -23.367701
v -28.473600 -12.422709 -23.367701
v 14.096000 -12.507313 -34.030804
v 14.096000 -12.422712 -34.030804
v -31.602001 -15.436103 -3.112496
v -26.046101 -12.507310 -26.046101
v -26.046101 -12.422709 -26.046101
v 17.363800 -12.507312 -32.485302
v 17.363800 -12.422711 -32.485302
v -31.754898 -15.436102 0.000005
v -23.367701 -12.507311 -28.473600
v -23.367701 -12.422710 -28.473600
v 20.464300 -12.507312 -30.626900
v 20.464300 -12.422711 -30.626900
v -31.602001 -15.436101 3.112505
v -20.464300 -12.507312 -30.626900
v -20.464300 -12.422711 -30.626900
v 23.367701 -12.507311 -28.473600
v 23.367701 -12.422710 -28.473600
v -31.144699 -15.436100 6.195106
v -17.363800 -12.507312 -32.485302
v -17.363800 -12.422711 -32.485302
v 26.046101 -12.507310 -26.046101
v 26.046101 -12.422709 -26.046101
v -30.387501 -15.436099 9.218006
v -14.096000 -12.507313 -34.030804
v -14.096000 -12.422712 -34.030804
v 28.473600 -12.507309 -23.367701
v 28.473600 -12.422709 -23.367701
v -29.337702 -15.436098 12.152107
v -14.096000 -12.507313 -34.030804
v -10.692600 -12.507313 -35.248604
v -10.692600 -12.422712 -35.248604
v -14.096000 -12.422712 -34.030804
v 30.626900 -12.507309 -20.464298
v 30.626900 -12.422709 -20.464298
v -28.005299 -15.436097 14.969107
v -7.186100 -12.507313 -36.126900
v -7.186100 -12.422712 -36.126900
v 32.485302 -12.507308 -17.363798
v 32.485302 -12.422708 -17.363798
v -26.403200 -15.436096 17.642107
v 34.030800 -12.507306 -14.095998
v 34.030800 -12.422706 -14.095998
v 86.821899 -2.923299 4.330102
v 84.321899 -2.923299 5.000002
v 84.321899 -3.874099 4.805902
v 86.724800 -3.874099 4.162002
v 79.991699 -2.923300 2.500001
v 79.321800 -2.923300 0.000001
v 79.515999 -3.874101 0.000001
v 80.159798 -3.874100 2.402902
v 86.821899 -2.923302 -4.330100
v 88.652000 -2.923301 -2.500000
v 88.483902 -3.874101 -2.402899
v 86.724800 -3.874102 -4.162000
v 88.652000 -2.923300 2.500001
v 88.483902 -3.874100 2.402902
v 81.821800 -2.923299 4.330102
v 81.918900 -3.874099 4.162002
v 79.991699 -2.923301 -2.500000
v 81.821800 -2.923302 -4.330100
v 81.918900 -3.874102 -4.162000
v 80.159798 -3.874101 -2.402899
v 89.321899 -2.923300 0.000001
v 89.127701 -3.874101 0.000001
v 84.321899 -2.923302 -5.000000
v 84.321899 -3.874102 -4.805900
v 82.288498 -5.306402 -3.521899
v 84.321899 -6.550802 -1.289198
v 84.966400 -6.550802 -1.116398
v 84.321899 -6.738801 0.000002
v 80.799904 -5.306401 -2.033399
v 82.483704 -5.591902 -3.183799
v 81.138100 -5.591901 -1.838199
v 83.205399 -6.550801 -0.644598
v 83.677299 -6.550802 -1.116398
v 80.255096 -5.306401 0.000002
v 80.645500 -5.591901 0.000002
v 83.032700 -6.550801 0.000002
v 80.799904 -5.306400 2.033402
v 81.138100 -5.591900 1.838202
v 83.205399 -6.550801 0.644602
v 82.288498 -5.306400 3.521902
v 82.483704 -5.591900 3.183802
v 83.677299 -6.550801 1.116402
v 84.321899 -5.306399 4.066802
v 84.321899 -5.591900 3.676302
v 84.321899 -6.550801 1.289202
v 86.355194 -5.306400 3.521902
v 86.159996 -5.591900 3.183802
v 84.966400 -6.550801 1.116402
v 87.843796 -5.306400 2.033402
v 87.505600 -5.591900 1.838202
v 85.438301 -6.550801 0.644602
v 88.388596 -5.306401 0.000002
v 87.998199 -5.591901 0.000002
v 85.611000 -6.550801 0.000002
v 87.843796 -5.306401 -2.033399
v 87.505600 -5.591901 -1.838199
v 85.438301 -6.550801 -0.644598
v 70.991501 -5.306415 -45.682907
v 73.024902 -5.306415 -46.227707
v 73.024902 -5.591915 -45.837208
v 71.186699 -5.591915 -45.344707
v 77.354996 -2.923312 -39.660908
v 75.524902 -2.923312 -37.830807
v 75.427803 -3.874112 -37.998905
v 77.186897 -3.874113 -39.758007
v 70.524902 -2.923312 -37.830807
v 68.694702 -2.923312 -39.660908
v 68.862801 -3.874113 -39.758007
v 70.621902 -3.874112 -37.998905
v 73.024902 -2.923315 -47.160908
v 75.524902 -2.923314 -46.491108
v 75.427803 -3.874115 -46.322906
v 73.024902 -3.874115 -46.966808
v 78.024902 -2.923313 -42.160908
v 77.830704 -3.874114 -42.160908
v 73.024902 -2.923311 -37.160908
v 73.024902 -3.874112 -37.355007
v 68.024895 -2.923313 -42.160908
v 68.694702 -2.923314 -44.660908
v 68.862801 -3.874114 -44.563908
v 68.219002 -3.874114 -42.160908
v 77.354996 -2.923314 -44.660908
v 77.186897 -3.874114 -44.563908
v 70.524902 -2.923314 -46.491108
v 70.621902 -3.874115 -46.322906
v 69.502899 -5.306414 -44.194305
v 72.380295 -6.550814 -43.277405
v 73.024902 -6.550815 -43.450104
v 73.024902 -6.738814 -42.160904
v 68.958099 -5.306414 -42.160908
v 69.841095 -5.591914 -43.999107
v 69.348503 -5.591914 -42.160908
v 71.735695 -6.550814 -42.160904
v 71.908401 -6.550814 -42.805500
v 69.502899 -5.306413 -40.127506
v 69.841095 -5.591913 -40.322807
v 71.908401 -6.550814 -41.516304
v 70.991501 -5.306413 -38.639008
v 71.186699 -5.591913 -38.977108
v 72.380295 -6.550814 -41.044502
v 73.024902 -5.306412 -38.094105
v 73.024902 -5.591912 -38.484608
v 73.024902 -6.550814 -40.871803
v 75.058296 -5.306413 -38.639008
v 74.862999 -5.591913 -38.977108
v 73.669395 -6.550814 -41.044502
v 76.546799 -5.306413 -40.127506
v 76.208595 -5.591913 -40.322807
v 74.141296 -6.550814 -41.516403
v 77.091599 -5.306414 -42.160908
v 76.701202 -5.591914 -42.160908
v 74.313995 -6.550814 -42.160904
v 76.546799 -5.306414 -44.194305
v 76.208595 -5.591914 -43.999107
v 74.141296 -6.550814 -42.805500
v 75.058296 -5.306415 -45.682907
v 74.862999 -5.591915 -45.344707
v 73.669395 -6.550814 -43.277405
v 38.639000 -5.306424 -75.058311
v 40.127502 -5.306424 -76.546814
v 40.322800 -5.591924 -76.208611
v 38.977100 -5.591924 -74.863007
v 47.160900 -2.923322 -73.024910
v 46.491100 -2.923322 -70.524910
v 46.322899 -3.874122 -70.621910
v 46.966801 -3.874123 -73.024910
v 42.160900 -2.923321 -68.024910
v 39.660900 -2.923321 -68.694710
v 39.757999 -3.874122 -68.862816
v 42.160900 -3.874121 -68.219009
v 39.660900 -2.923324 -77.355011
v 42.160900 -2.923324 -78.024910
v 42.160900 -3.874124 -77.830711
v 39.757999 -3.874124 -77.186913
v 46.491100 -2.923323 -75.524918
v 46.322899 -3.874124 -75.427811
v 44.660900 -2.923321 -68.694710
v 44.563900 -3.874122 -68.862816
v 37.830799 -2.923322 -70.524910
v 37.160900 -2.923322 -73.024910
v 37.355000 -3.874123 -73.024910
v 37.998901 -3.874122 -70.621910
v 44.660900 -2.923324 -77.355011
v 44.563900 -3.874124 -77.186913
v 37.830799 -2.923323 -75.524918
v 37.998901 -3.874124 -75.427811
v 38.094101 -5.306423 -73.024910
v 41.044502 -6.550824 -73.669411
v 41.516399 -6.550824 -74.141312
v 42.160900 -6.738823 -73.024910
v 38.639000 -5.306422 -70.991508
v 38.484600 -5.591923 -73.024910
v 38.977100 -5.591922 -71.186707
v 41.044502 -6.550823 -72.380310
v 40.871799 -6.550823 -73.024910
v 40.127502 -5.306422 -69.502914
v 40.322800 -5.591922 -69.841110
v 41.516300 -6.550823 -71.908417
v 42.160900 -5.306422 -68.958107
v 42.160900 -5.591922 -69.348610
v 42.160900 -6.550823 -71.735710
v 44.194298 -5.306422 -69.502914
v 43.999100 -5.591922 -69.841110
v 42.805500 -6.550823 -71.908417
v 45.682899 -5.306422 -70.991508
v 45.344700 -5.591922 -71.186707
v 43.277401 -6.550823 -72.380310
v 46.227699 -5.306423 -73.024910
v 45.837200 -5.591923 -73.024910
v 43.450100 -6.550823 -73.024910
v 45.682899 -5.306424 -75.058311
v 45.344700 -5.591924 -74.863007
v 43.277401 -6.550824 -73.669411
v 44.194298 -5.306424 -76.546814
v 43.999100 -5.591924 -76.208611
v 42.805500 -6.550824 -74.141312
v 42.160900 -5.306424 -77.091614
v 42.160900 -5.591924 -76.701210
v 42.160900 -6.550824 -74.314011
v -4.066800 -5.306427 -84.321915
v -3.521900 -5.306427 -86.355209
v -3.183800 -5.591927 -86.160011
v -3.676300 -5.591927 -84.321915
v 4.330100 -2.923326 -86.821915
v 5.000000 -2.923326 -84.321815
v 4.805900 -3.874126 -84.321815
v 4.162000 -3.874127 -86.724815
v 2.500000 -2.923325 -79.991707
v 0.000000 -2.923324 -79.321815
v 0.000000 -3.874125 -79.516014
v 2.402900 -3.874125 -80.159813
v -4.330100 -2.923326 -86.821915
v -2.500000 -2.923327 -88.652016
v -2.402900 -3.874127 -88.483910
v -4.162000 -3.874127 -86.724815
v 2.500000 -2.923327 -88.652016
v 2.402900 -3.874127 -88.483910
v 4.330100 -2.923325 -81.821815
v 4.162000 -3.874125 -81.918915
v -2.500000 -2.923325 -79.991707
v -4.330100 -2.923325 -81.821815
v -4.162000 -3.874125 -81.918915
v -2.402900 -3.874125 -80.159813
v 0.000000 -2.923327 -89.321915
v 0.000000 -3.874128 -89.127716
v -5.000000 -2.923326 -84.321915
v -4.805900 -3.874126 -84.321815
v -3.521900 -5.306426 -82.288513
v -1.289200 -6.550827 -84.321915
v -1.116400 -6.550827 -84.966408
v 0.000000 -6.738827 -84.321915
v -2.033400 -5.306425 -80.799911
v -3.183800 -5.591926 -82.483719
v -1.838200 -5.591926 -81.138107
v -0.644600 -6.550827 -83.205414
v -1.116400 -6.550827 -83.677307
v 0.000000 -5.306425 -80.255112
v 0.000000 -5.591925 -80.645515
v 0.000000 -6.550827 -83.032707
v 2.033400 -5.306425 -80.799911
v 1.838200 -5.591926 -81.138107
v 0.644600 -6.550827 -83.205414
v 3.521900 -5.306426 -82.288513
v 3.183800 -5.591926 -82.483719
v 1.116400 -6.550827 -83.677307
v 4.066800 -5.306427 -84.321915
v 3.676300 -5.591927 -84.321915
v 1.289200 -6.550827 -84.321915
v 3.521900 -5.306427 -86.355209
v 3.183800 -5.591927 -86.160011
v 1.116400 -6.550827 -84.966408
v 2.033400 -5.306427 -87.843811
v 1.838100 -5.591928 -87.505615
v 0.644600 -6.550827 -85.438309
v 0.000000 -5.306427 -88.388611
v 0.000000 -5.591928 -87.998215
v 0.000000 -6.550827 -85.611008
v -2.033400 -5.306427 -87.843811
v -1.838200 -5.591928 -87.505615
v -0.644600 -6.550827 -85.438309
v -45.682899 -5.306422 -70.991508
v -46.227699 -5.306423 -73.024910
v -45.837200 -5.591923 -73.024910
v -45.344700 -5.591922 -71.186707
v -39.660900 -2.923324 -77.355011
v -37.830799 -2.923323 -75.524918
v -37.998901 -3.874124 -75.427811
v -39.757999 -3.874124 -77.186913
v -37.830799 -2.923322 -70.524910
v -39.660900 -2.923321 -68.694710
v -39.757999 -3.874122 -68.862816
v -37.998901 -3.874122 -70.621910
v -47.160900 -2.923322 -73.024910
v -46.491100 -2.923323 -75.524918
v -46.322899 -3.874124 -75.427811
v -46.966801 -3.874123 -73.024910
v -42.160900 -2.923324 -78.024910
v -42.160900 -3.874124 -77.830711
v -37.160900 -2.923322 -73.024910
v -37.355000 -3.874123 -73.024910
v -42.160900 -2.923321 -68.024910
v -44.660900 -2.923321 -68.694710
v -44.563900 -3.874122 -68.862816
v -42.160900 -3.874121 -68.219009
v -44.660900 -2.923324 -77.355011
v -44.563900 -3.874124 -77.186913
v -46.491100 -2.923322 -70.524910
v -46.322899 -3.874122 -70.621910
v -44.194298 -5.306422 -69.502914
v -43.277401 -6.550823 -72.380310
v -43.450100 -6.550823 -73.024910
v -42.160900 -6.738823 -73.024910
v -42.160900 -5.306422 -68.958107
v -43.999100 -5.591922 -69.841110
v -42.160900 -5.591922 -69.348511
v -42.160900 -6.550823 -71.735710
v -42.805500 -6.550823 -71.908417
v -40.127502 -5.306422 -69.502914
v -40.322800 -5.591922 -69.841110
v -41.516300 -6.550823 -71.908417
v -38.639000 -5.306422 -70.991508
v -38.977100 -5.591922 -71.186707
v -41.044502 -6.550823 -72.380310
v -38.094101 -5.306423 -73.024910
v -38.484600 -5.591923 -73.024910
v -40.871799 -6.550823 -73.024910
v -38.639000 -5.306424 -75.058311
v -38.977100 -5.591924 -74.863007
v -41.044502 -6.550824 -73.669411
v -40.127502 -5.306424 -76.546814
v -40.322800 -5.591924 -76.208611
v -41.516399 -6.550824 -74.141312
v -42.160900 -5.306424 -77.091614
v -42.160900 -5.591924 -76.701210
v -42.160900 -6.550824 -74.314011
v -44.194298 -5.306424 -76.546814
v -43.999100 -5.591924 -76.208611
v -42.805500 -6.550824 -74.141312
v -45.682899 -5.306424 -75.058311
v -45.344700 -5.591924 -74.863007
v -43.277401 -6.550824 -73.669411
v -75.058296 -5.306413 -38.639008
v -76.546799 -5.306413 -40.127506
v -76.208595 -5.591913 -40.322807
v -74.862999 -5.591913 -38.977207
v -73.024902 -2.923315 -47.160908
v -70.524902 -2.923314 -46.491108
v -70.621902 -3.874115 -46.322906
v -73.024902 -3.874115 -46.966808
v -68.024895 -2.923313 -42.160908
v -68.694702 -2.923312 -39.660908
v -68.862801 -3.874113 -39.758007
v -68.219002 -3.874114 -42.160908
v -77.354996 -2.923312 -39.660908
v -78.024902 -2.923313 -42.160908
v -77.830704 -3.874114 -42.160908
v -77.186897 -3.874113 -39.758007
v -75.524902 -2.923314 -46.491108
v -75.427803 -3.874115 -46.322906
v -68.694702 -2.923314 -44.660908
v -68.862801 -3.874114 -44.563908
v -70.524902 -2.923312 -37.830807
v -73.024902 -2.923311 -37.160908
v -73.024902 -3.874112 -37.355007
v -70.621902 -3.874112 -37.998905
v -77.354996 -2.923314 -44.660908
v -77.186897 -3.874114 -44.563908
v -75.524902 -2.923312 -37.830807
v -75.427803 -3.874112 -37.998905
v -73.024902 -5.306412 -38.094105
v -73.669395 -6.550814 -41.044502
v -74.141296 -6.550814 -41.516304
v -73.024902 -6.738814 -42.160904
v -70.991501 -5.306413 -38.639008
v -73.024902 -5.591912 -38.484608
v -71.186699 -5.591913 -38.977108
v -72.380295 -6.550814 -41.044502
v -73.024902 -6.550814 -40.871803
v -69.502899 -5.306413 -40.127506
v -69.841095 -5.591913 -40.322807
v -71.908401 -6.550814 -41.516304
v -68.958099 -5.306414 -42.160908
v -69.348503 -5.591914 -42.160908
v -71.735695 -6.550814 -42.160904
v -69.502899 -5.306414 -44.194305
v -69.841095 -5.591914 -43.999107
v -71.908401 -6.550814 -42.805500
v -70.991501 -5.306415 -45.682907
v -71.186699 -5.591915 -45.344707
v -72.380295 -6.550814 -43.277405
v -73.024902 -5.306415 -46.227707
v -73.024902 -5.591915 -45.837208
v -73.024902 -6.550815 -43.450104
v -75.058296 -5.306415 -45.682907
v -74.862999 -5.591915 -45.344707
v -73.669395 -6.550814 -43.277405
v -76.546799 -5.306414 -44.194305
v -76.208595 -5.591914 -43.999107
v -74.141296 -6.550814 -42.805500
v -77.091599 -5.306414 -42.160908
v -76.701202 -5.591914 -42.160908
v -74.313995 -6.550814 -42.160904
v -84.321899 -5.306399 4.066802
v -86.355194 -5.306400 3.521902
v -86.159996 -5.591900 3.183802
v -84.321899 -5.591900 3.676302
v -86.821899 -2.923302 -4.330100
v -84.321800 -2.923302 -5.000000
v -84.321800 -3.874102 -4.805900
v -86.724800 -3.874102 -4.162000
v -79.991699 -2.923301 -2.500000
v -79.321800 -2.923300 0.000001
v -79.515999 -3.874101 0.000001
v -80.159798 -3.874101 -2.402899
v -86.821899 -2.923299 4.330102
v -88.652000 -2.923300 2.500001
v -88.483902 -3.874100 2.403002
v -86.724800 -3.874099 4.162002
v -88.652000 -2.923301 -2.500000
v -88.483902 -3.874101 -2.402899
v -81.821800 -2.923302 -4.330100
v -81.918900 -3.874102 -4.162000
v -79.991699 -2.923300 2.500001
v -81.821800 -2.923299 4.330102
v -81.918900 -3.874099 4.162002
v -80.159798 -3.874100 2.402902
v -89.321899 -2.923300 0.000001
v -89.127701 -3.874101 0.000001
v -84.321899 -2.923299 5.000002
v -84.321800 -3.874099 4.805902
v -82.288498 -5.306400 3.521902
v -84.321899 -6.550801 1.289202
v -84.966400 -6.550801 1.116402
v -84.321899 -6.738801 0.000002
v -80.799904 -5.306400 2.033402
v -82.483704 -5.591900 3.183802
v -81.138100 -5.591900 1.838202
v -83.205399 -6.550801 0.644602
v -83.677299 -6.550801 1.116402
v -80.255096 -5.306401 0.000002
v -80.645500 -5.591901 0.000002
v -83.032700 -6.550801 0.000002
v -80.799904 -5.306401 -2.033399
v -81.138100 -5.591901 -1.838199
v -83.205399 -6.550801 -0.644598
v -82.288498 -5.306402 -3.521899
v -82.483704 -5.591902 -3.183799
v -83.677299 -6.550802 -1.116398
v -84.321899 -5.306402 -4.066799
v -84.321899 -5.591902 -3.676299
v -84.321899 -6.550802 -1.289098
v -86.355194 -5.306402 -3.521899
v -86.159996 -5.591902 -3.183799
v -84.966400 -6.550802 -1.116398
v -87.843796 -5.306401 -2.033399
v -87.505600 -5.591901 -1.838099
v -85.438301 -6.550801 -0.644598
v -88.388596 -5.306401 0.000002
v -87.998199 -5.591901 0.000002
v -85.611000 -6.550801 0.000002
v -87.843796 -5.306400 2.033402
v -87.505600 -5.591900 1.838202
v -85.438301 -6.550801 0.644602
v -70.991501 -5.306387 45.682907
v -73.024902 -5.306387 46.227707
v -73.024902 -5.591887 45.837208
v -71.186699 -5.591887 45.344707
v -77.354996 -2.923288 39.660908
v -75.524902 -2.923289 37.830807
v -75.427803 -3.874089 37.998905
v -77.186897 -3.874089 39.758007
v -70.524902 -2.923289 37.830807
v -68.694702 -2.923288 39.660908
v -68.862801 -3.874089 39.758007
v -70.621902 -3.874089 37.998905
v -73.024902 -2.923286 47.160908
v -75.524902 -2.923286 46.491108
v -75.427803 -3.874087 46.323009
v -73.024902 -3.874086 46.966808
v -78.024902 -2.923287 42.160908
v -77.830704 -3.874088 42.160908
v -73.024796 -2.923289 37.160908
v -73.024902 -3.874089 37.355007
v -68.024803 -2.923287 42.160908
v -68.694702 -2.923287 44.660908
v -68.862801 -3.874087 44.563908
v -68.219002 -3.874088 42.160908
v -77.354996 -2.923287 44.660908
v -77.186897 -3.874087 44.563908
v -70.524902 -2.923286 46.491108
v -70.621902 -3.874087 46.322906
v -69.502899 -5.306387 44.194305
v -72.380295 -6.550788 43.277412
v -73.024902 -6.550788 43.450111
v -73.024902 -6.738788 42.160912
v -68.958099 -5.306388 42.160908
v -69.841095 -5.591887 43.999107
v -69.348503 -5.591888 42.160908
v -71.735695 -6.550788 42.160912
v -71.908401 -6.550788 42.805508
v -69.502899 -5.306389 40.127506
v -69.841095 -5.591888 40.322807
v -71.908401 -6.550789 41.516312
v -70.991501 -5.306389 38.639008
v -71.186699 -5.591889 38.977108
v -72.380295 -6.550789 41.044510
v -73.024902 -5.306389 38.094105
v -73.024902 -5.591889 38.484608
v -73.024902 -6.550789 40.871811
v -75.058296 -5.306389 38.639008
v -74.862999 -5.591889 38.977207
v -73.669395 -6.550789 41.044510
v -76.546799 -5.306389 40.127506
v -76.208595 -5.591888 40.322807
v -74.141296 -6.550789 41.516411
v -77.091599 -5.306388 42.160908
v -76.701202 -5.591888 42.160908
v -74.313995 -6.550788 42.160912
v -76.546799 -5.306387 44.194305
v -76.208595 -5.591887 43.999107
v -74.141296 -6.550788 42.805508
v -75.058296 -5.306387 45.682907
v -74.862999 -5.591887 45.344707
v -73.669395 -6.550788 43.277412
v -38.639000 -5.306378 75.058311
v -40.127502 -5.306377 76.546814
v -40.322800 -5.591878 76.208611
v -38.977100 -5.591878 74.863007
v -47.160900 -2.923278 73.024910
v -46.491100 -2.923279 70.524811
v -46.322899 -3.874079 70.621910
v -46.966801 -3.874079 73.024910
v -42.160900 -2.923280 68.024910
v -39.660900 -2.923280 68.694710
v -39.757999 -3.874080 68.862816
v -42.160900 -3.874080 68.219009
v -39.660900 -2.923277 77.355011
v -42.160900 -2.923277 78.024910
v -42.160900 -3.874077 77.830811
v -39.757999 -3.874077 77.186913
v -46.491100 -2.923277 75.524918
v -46.322899 -3.874078 75.427811
v -44.660900 -2.923280 68.694710
v -44.563900 -3.874080 68.862816
v -37.830799 -2.923279 70.524910
v -37.160900 -2.923278 73.024910
v -37.355000 -3.874079 73.024910
v -37.998901 -3.874079 70.621910
v -44.660900 -2.923277 77.355011
v -44.563900 -3.874077 77.186913
v -37.830799 -2.923277 75.524918
v -37.998901 -3.874078 75.427811
v -38.094101 -5.306379 73.024910
v -41.044502 -6.550779 73.669411
v -41.516300 -6.550779 74.141312
v -42.160900 -6.738779 73.024910
v -38.639000 -5.306379 70.991508
v -38.484600 -5.591879 73.024910
v -38.977100 -5.591879 71.186707
v -41.044502 -6.550779 72.380310
v -40.871799 -6.550779 73.024910
v -40.127502 -5.306380 69.502914
v -40.322800 -5.591880 69.841110
v -41.516300 -6.550779 71.908417
v -42.160900 -5.306380 68.958107
v -42.160900 -5.591880 69.348511
v -42.160900 -6.550779 71.735710
v -44.194298 -5.306380 69.502914
v -43.999100 -5.591880 69.841110
v -42.805500 -6.550779 71.908417
v -45.682899 -5.306379 70.991508
v -45.344700 -5.591879 71.186707
v -43.277401 -6.550779 72.380310
v -46.227699 -5.306379 73.024910
v -45.837200 -5.591879 73.024910
v -43.450100 -6.550779 73.024910
v -45.682899 -5.306378 75.058311
v -45.344700 -5.591878 74.863007
v -43.277401 -6.550779 73.669411
v -44.194298 -5.306377 76.546814
v -43.999100 -5.591878 76.208611
v -42.805500 -6.550779 74.141312
v -42.160900 -5.306377 77.091614
v -42.160900 -5.591877 76.701210
v -42.160900 -6.550779 74.314011
v 4.066800 -5.306375 84.321915
v 3.521900 -5.306375 86.355209
v 3.183800 -5.591875 86.160011
v 3.676300 -5.591875 84.321915
v -4.330100 -2.923274 86.821915
v -5.000000 -2.923275 84.321815
v -4.805900 -3.874075 84.321815
v -4.162000 -3.874074 86.724815
v -2.500000 -2.923276 79.991707
v 0.000000 -2.923276 79.321815
v 0.000000 -3.874077 79.516014
v -2.402900 -3.874076 80.159813
v 4.330100 -2.923274 86.821915
v 2.500000 -2.923273 88.652016
v 2.403000 -3.874074 88.483910
v 4.162000 -3.874074 86.724815
v -2.500000 -2.923273 88.652016
v -2.402900 -3.874074 88.483810
v -4.330100 -2.923275 81.821815
v -4.162000 -3.874076 81.918915
v 2.500000 -2.923276 79.991707
v 4.330100 -2.923275 81.821815
v 4.162000 -3.874076 81.918915
v 2.402900 -3.874076 80.159813
v 0.000000 -2.923273 89.321915
v 0.000000 -3.874074 89.127716
v 5.000000 -2.923275 84.321915
v 4.805900 -3.874075 84.321815
v 3.521900 -5.306376 82.288414
v 1.289200 -6.550776 84.321915
v 1.116400 -6.550776 84.966408
v 0.000000 -6.738775 84.321915
v 2.033400 -5.306376 80.799911
v 3.183800 -5.591876 82.483719
v 1.838200 -5.591876 81.138107
v 0.644600 -6.550776 83.205414
v 1.116400 -6.550776 83.677307
v 0.000000 -5.306376 80.255112
v 0.000000 -5.591877 80.645515
v 0.000000 -6.550776 83.032707
v -2.033400 -5.306376 80.799911
v -1.838200 -5.591876 81.138107
v -0.644600 -6.550776 83.205414
v -3.521900 -5.306376 82.288414
v -3.183800 -5.591876 82.483719
v -1.116400 -6.550776 83.677307
v -4.066800 -5.306375 84.321915
v -3.676300 -5.591875 84.321915
v -1.289100 -6.550776 84.321915
v -3.521900 -5.306375 86.355209
v -3.183800 -5.591875 86.160011
v -1.116400 -6.550776 84.966408
v -2.033400 -5.306374 87.843811
v -1.838100 -5.591874 87.505615
v -0.644600 -6.550776 85.438309
v 0.000000 -5.306374 88.388611
v 0.000000 -5.591874 87.998215
v 0.000000 -6.550776 85.611008
v 2.033400 -5.306374 87.843811
v 1.838200 -5.591874 87.505615
v 0.644600 -6.550776 85.438309
v 45.682899 -5.306379 70.991508
v 46.227699 -5.306379 73.024910
v 45.837200 -5.591879 73.024910
v 45.344700 -5.591879 71.186707
v 39.660900 -2.923277 77.355011
v 37.830799 -2.923277 75.524811
v 37.998901 -3.874078 75.427811
v 39.757999 -3.874077 77.186913
v 37.830799 -2.923279 70.524811
v 39.660900 -2.923280 68.694710
v 39.757999 -3.874080 68.862816
v 37.998901 -3.874079 70.621910
v 47.160900 -2.923278 73.024910
v 46.491100 -2.923277 75.524918
v 46.323002 -3.874078 75.427811
v 46.966801 -3.874079 73.024910
v 42.160900 -2.923277 78.024910
v 42.160900 -3.874077 77.830711
v 37.160900 -2.923278 73.024811
v 37.355000 -3.874079 73.024910
v 42.160900 -2.923280 68.024811
v 44.660900 -2.923280 68.694710
v 44.563900 -3.874080 68.862816
v 42.160900 -3.874080 68.219009
v 44.660900 -2.923277 77.355011
v 44.563900 -3.874077 77.186913
v 46.491100 -2.923279 70.524910
v 46.322899 -3.874079 70.621910
v 44.194298 -5.306380 69.502914
v 43.277401 -6.550779 72.380310
v 43.450100 -6.550779 73.024910
v 42.160900 -6.738779 73.024910
v 42.160900 -5.306380 68.958107
v 43.999100 -5.591880 69.841110
v 42.160900 -5.591880 69.348511
v 42.160900 -6.550779 71.735710
v 42.805500 -6.550779 71.908417
v 40.127502 -5.306380 69.502914
v 40.322800 -5.591880 69.841110
v 41.516300 -6.550779 71.908417
v 38.639000 -5.306379 70.991508
v 38.977100 -5.591879 71.186707
v 41.044502 -6.550779 72.380310
v 38.094101 -5.306379 73.024811
v 38.484600 -5.591879 73.024910
v 40.871799 -6.550779 73.024910
v 38.639000 -5.306378 75.058311
v 38.977200 -5.591878 74.863007
v 41.044502 -6.550779 73.669411
v 40.127502 -5.306377 76.546814
v 40.322800 -5.591878 76.208611
v 41.516399 -6.550779 74.141312
v 42.160900 -5.306377 77.091614
v 42.160900 -5.591877 76.701210
v 42.160900 -6.550779 74.314011
v 44.194298 -5.306377 76.546814
v 43.999100 -5.591878 76.208611
v 42.805500 -6.550779 74.141312
v 45.682899 -5.306378 75.058311
v 45.344700 -5.591878 74.863007
v 43.277401 -6.550779 73.669411
v 75.058296 -5.306389 38.639008
v 76.546799 -5.306389 40.127506
v 76.208595 -5.591888 40.322807
v 74.862999 -5.591889 38.977108
v 73.024902 -2.923286 47.160908
v 70.524803 -2.923286 46.491009
v 70.621902 -3.874087 46.322906
v 73.024902 -3.874086 46.966808
v 68.024895 -2.923287 42.160908
v 68.694702 -2.923288 39.660908
v 68.862801 -3.874089 39.758007
v 68.219002 -3.874088 42.160908
v 77.354996 -2.923288 39.660908
v 78.024902 -2.923287 42.160908
v 77.830795 -3.874088 42.160908
v 77.186897 -3.874089 39.758007
v 75.524902 -2.923286 46.491108
v 75.427803 -3.874087 46.322906
v 68.694702 -2.923287 44.660908
v 68.862801 -3.874087 44.563908
v 70.524902 -2.923289 37.830807
v 73.024902 -2.923289 37.160908
v 73.024902 -3.874089 37.355007
v 70.621902 -3.874089 37.998905
v 77.354996 -2.923287 44.660908
v 77.186897 -3.874087 44.563908
v 75.524902 -2.923289 37.830807
v 75.427803 -3.874089 37.998905
v 73.024902 -5.306389 38.094105
v 73.669395 -6.550789 41.044510
v 74.141296 -6.550789 41.516312
v 73.024902 -6.738788 42.160912
v 70.991501 -5.306389 38.639008
v 73.024902 -5.591889 38.484608
v 71.186699 -5.591889 38.977108
v 72.380295 -6.550789 41.044510
v 73.024902 -6.550789 40.871811
v 69.502899 -5.306389 40.127506
v 69.841095 -5.591888 40.322807
v 71.908401 -6.550789 41.516312
v 68.958099 -5.306388 42.160908
v 69.348503 -5.591888 42.160908
v 71.735695 -6.550788 42.160912
v 69.502899 -5.306387 44.194305
v 69.841095 -5.591887 43.999107
v 71.908401 -6.550788 42.805508
v 70.991501 -5.306387 45.682907
v 71.186699 -5.591887 45.344707
v 72.380295 -6.550788 43.277412
v 73.024902 -5.306387 46.227707
v 73.024902 -5.591887 45.837208
v 73.024902 -6.550788 43.450111
v 75.058296 -5.306387 45.682907
v 74.862999 -5.591887 45.344707
v 73.669395 -6.550788 43.277412
v 76.546799 -5.306387 44.194305
v 76.208595 -5.591887 43.999107
v 74.141296 -6.550788 42.805508
v 77.091599 -5.306388 42.160908
v 76.701202 -5.591888 42.160908
v 74.313995 -6.550788 42.160912
v -9.801700 -0.000030 -99.518517
v 0.000000 -0.000030 -100.000015
v -19.508999 -0.000030 -98.078514
v -29.028500 -0.000029 -95.694016
v -38.268299 -0.000028 -92.387917
v -47.139702 -0.000027 -88.192116
v -38.268299 -0.000028 -92.387917
v -55.556999 -0.000025 -83.147011
v -63.439297 -0.000023 -77.301010
v -70.710701 -0.000021 -70.710709
v -77.301003 -0.000019 -63.439308
v -83.147003 -0.000017 -55.557011
v -88.192101 -0.000014 -47.139709
v -92.388000 -0.000012 -38.268307
v -95.694000 -0.000009 -29.028503
v -98.078499 -0.000006 -19.509003
v -99.518501 -0.000003 -9.801702
v -100.000000 0.000000 0.000000
v -99.518501 0.000003 9.801702
v -98.078499 0.000006 19.509003
v -95.694000 0.000009 29.028503
v -92.388000 0.000012 38.268307
v -88.192101 0.000014 47.139709
v -83.147003 0.000017 55.557011
v -77.301003 0.000019 63.439308
v -70.710701 0.000021 70.710709
v -63.439297 0.000023 77.301010
v -55.556999 0.000025 83.147011
v -47.139702 0.000027 88.192116
v -38.268299 0.000028 92.388016
v -29.028500 0.000029 95.694016
v -19.508999 0.000030 98.078514
v -9.801700 0.000030 99.518517
v 0.000000 0.000030 100.000015
v 9.801700 0.000030 99.518517
v 19.508999 0.000030 98.078514
v 29.028500 0.000029 95.694016
v 38.268299 0.000028 92.388016
v 47.139702 0.000027 88.192116
v 55.556999 0.000025 83.147011
v 63.439297 0.000023 77.301010
v 70.710701 0.000021 70.710709
v 77.301003 0.000019 63.439308
v 83.147003 0.000017 55.557011
v 88.192101 0.000014 47.139709
v 92.388000 0.000012 38.268307
v 95.694000 0.000009 29.028503
v 98.078499 0.000006 19.509003
v 99.518501 0.000003 9.801702
v 100.000000 0.000000 0.000000
v 99.518501 -0.000003 -9.801702
v 98.078499 -0.000006 -19.509003
v 95.694000 -0.000009 -29.028503
v 92.388000 -0.000012 -38.268307
v 88.192101 -0.000014 -47.139709
v 83.147003 -0.000017 -55.557011
v 77.301003 -0.000019 -63.439308
v 70.710701 -0.000021 -70.710709
v 63.439297 -0.000023 -77.301010
v 55.556999 -0.000025 -83.147011
v 47.139702 -0.000027 -88.192116
v 38.268299 -0.000028 -92.387917
v 29.028500 -0.000029 -95.694016
v 19.508999 -0.000030 -98.078514
v 9.801700 -0.000030 -99.518517
v 0.000000 11.488992 -35.548309
v 3.484300 11.488992 -35.377213
v 6.935100 11.488992 -34.865307
v 10.319100 11.488992 -34.017609
v 13.603701 11.488993 -32.842411
v 16.757401 11.488993 -31.350809
v 19.749599 11.488994 -29.557308
v 22.551601 11.488994 -27.479206
v 25.136501 11.488995 -25.136509
v 27.479198 11.488996 -22.551607
v 29.557301 11.488997 -19.749607
v 31.350800 11.488997 -16.757406
v 32.842400 11.488998 -13.603706
v 34.017597 11.488999 -10.319106
v 34.865299 11.489000 -6.935105
v 35.377201 11.489001 -3.484304
v 35.548298 11.489002 -0.000003
v 35.377201 11.489003 3.484297
v 34.865299 11.489004 6.935098
v 34.017597 11.489005 10.319098
v 32.842400 11.489006 13.603699
v 31.350800 11.489007 16.757399
v 29.557301 11.489008 19.749599
v 27.479198 11.489009 22.551600
v 25.136501 11.489010 25.136501
v 22.551601 11.489011 27.479198
v 19.749599 11.489011 29.557301
v 16.757401 11.489012 31.350801
v 13.603701 11.489012 32.842403
v 10.319100 11.489013 34.017601
v 6.935100 11.489013 34.865299
v 3.484300 11.489013 35.377205
v 0.000000 11.489013 35.548302
v -3.484300 11.489013 35.377205
v -6.935100 11.489013 34.865299
v -10.319100 11.489013 34.017601
v -13.603701 11.489012 32.842403
v -16.757401 11.489012 31.350801
v -19.749599 11.489011 29.557301
v -22.551601 11.489011 27.479198
v -25.136501 11.489010 25.136501
v -27.479198 11.489009 22.551600
v -29.557301 11.489008 19.749599
v -31.350800 11.489007 16.757399
v -32.842400 11.489006 13.603699
v -34.017597 11.489005 10.319098
v -34.865299 11.489004 6.935098
v -35.377201 11.489003 3.484297
v -35.548298 11.489002 -0.000003
v -35.377201 11.489001 -3.484304
v -34.865299 11.489000 -6.935105
v -34.017597 11.488999 -10.319106
v -32.842400 11.488998 -13.603706
v -31.350800 11.488997 -16.757406
v -29.557301 11.488997 -19.749607
v -27.479198 11.488996 -22.551607
v -25.136501 11.488995 -25.136509
v -22.551601 11.488994 -27.479206
v -19.749599 11.488994 -29.557308
v -16.757401 11.488993 -31.350809
v -13.603701 11.488993 -32.842411
v -13.603701 11.488993 -32.842411
v -10.319100 11.488992 -34.017609
v -6.935100 11.488992 -34.865307
v -3.484300 11.488992 -35.377213
v -9.801700 -0.000030 -99.518517
v 0.000000 -0.000030 -100.000015
v -19.508999 -0.000030 -98.078514
v -29.028500 -0.000029 -95.694016
v -38.268299 -0.000028 -92.387917
v -47.139702 -0.000027 -88.192116
v -38.268299 -0.000028 -92.387917
v -55.556999 -0.000025 -83.147011
v -63.439297 -0.000023 -77.301010
v -70.710701 -0.000021 -70.710709
v -77.301003 -0.000019 -63.439308
v -83.147003 -0.000017 -55.557011
v -88.192101 -0.000014 -47.139709
v -92.388000 -0.000012 -38.268307
v -95.694000 -0.000009 -29.028503
v -98.078499 -0.000006 -19.509003
v -99.518501 -0.000003 -9.801702
v -100.000000 0.000000 0.000000
v -99.518501 0.000003 9.801702
v -98.078499 0.000006 19.509003
v -95.694000 0.000009 29.028503
v -92.388000 0.000012 38.268307
v -88.192101 0.000014 47.139709
v -83.147003 0.000017 55.557011
v -77.301003 0.000019 63.439308
v -70.710701 0.000021 70.710709
v -63.439297 0.000023 77.301010
v -55.556999 0.000025 83.147011
v -47.139702 0.000027 88.192116
v -38.268299 0.000028 92.388016
v -29.028500 0.000029 95.694016
v -19.508999 0.000030 98.078514
v -9.801700 0.000030 99.518517
v 0.000000 0.000030 100.000015
v 9.801700 0.000030 99.518517
v 19.508999 0.000030 98.078514
v 29.028500 0.000029 95.694016
v 38.268299 0.000028 92.388016
v 47.139702 0.000027 88.192116
v 55.556999 0.000025 83.147011
v 63.439297 0.000023 77.301010
v 70.710701 0.000021 70.710709
v 77.301003 0.000019 63.439308
v 83.147003 0.000017 55.557011
v 88.192101 0.000014 47.139709
v 92.388000 0.000012 38.268307
v 95.694000 0.000009 29.028503
v 98.078499 0.000006 19.509003
v 99.518501 0.000003 9.801702
v 100.000000 0.000000 0.000000
v 99.518501 -0.000003 -9.801702
v 98.078499 -0.000006 -19.509003
v 95.694000 -0.000009 -29.028503
v 92.388000 -0.000012 -38.268307
v 88.192101 -0.000014 -47.139709
v 83.147003 -0.000017 -55.557011
v 77.301003 -0.000019 -63.439308
v 70.710701 -0.000021 -70.710709
v 63.439297 -0.000023 -77.301010
v 55.556999 -0.000025 -83.147011
v 47.139702 -0.000027 -88.192116
v 38.268299 -0.000028 -92.387917
v 29.028500 -0.000029 -95.694016
v 19.508999 -0.000030 -98.078514
v 9.801700 -0.000030 -99.518517
v 0.000000 -11.489013 -35.548302
v 3.484300 -11.489013 -35.377205
v 6.935100 -11.489013 -34.865299
v 10.319100 -11.489013 -34.017601
v 13.603701 -11.489012 -32.842403
v 16.757401 -11.489012 -31.350801
v 19.749599 -11.489011 -29.557301
v 22.551601 -11.489011 -27.479198
v 25.136501 -11.489010 -25.136501
v 27.479198 -11.489009 -22.551600
v 29.557301 -11.489008 -19.749599
v 31.350800 -11.489007 -16.757399
v 32.842400 -11.489006 -13.603699
v 34.017597 -11.489005 -10.319098
v 34.865299 -11.489004 -6.935098
v 35.377201 -11.489003 -3.484297
v 35.548298 -11.489002 0.000003
v 35.377201 -11.489001 3.484304
v 34.865299 -11.489000 6.935105
v 34.017597 -11.488999 10.319106
v 32.842400 -11.488998 13.603706
v 31.350800 -11.488997 16.757406
v 29.557301 -11.488997 19.749607
v 27.479198 -11.488996 22.551607
v 25.136501 -11.488995 25.136509
v 22.551601 -11.488994 27.479206
v 19.749599 -11.488994 29.557308
v 16.757401 -11.488993 31.350809
v 13.603701 -11.488993 32.842411
v 10.319100 -11.488992 34.017609
v 6.935100 -11.488992 34.865307
v 3.484300 -11.488992 35.377213
v 0.000000 -11.488992 35.548309
v -3.484300 -11.488992 35.377213
v -6.935100 -11.488992 34.865307
v -10.319100 -11.488992 34.017609
v -13.603701 -11.488993 32.842411
v -16.757401 -11.488993 31.350809
v -19.749599 -11.488994 29.557308
v -22.551601 -11.488994 27.479206
v -25.136501 -11.488995 25.136509
v -27.479198 -11.488996 22.551607
v -29.557301 -11.488997 19.749607
v -31.350800 -11.488997 16.757406
v -32.842400 -11.488998 13.603706
v -34.017597 -11.488999 10.319106
v -34.865299 -11.489000 6.935105
v -35.377201 -11.489001 3.484304
v -35.548298 -11.489002 0.000003
v -35.377201 -11.489003 -3.484297
v -34.865299 -11.489004 -6.935098
v -34.017597 -11.489005 -10.319098
v -32.842400 -11.489006 -13.603699
v -31.350800 -11.489007 -16.757399
v -29.557301 -11.489008 -19.749599
v -27.479198 -11.489009 -22.551600
v -25.136501 -11.489010 -25.136501
v -22.551601 -11.489011 -27.479198
v -19.749599 -11.489011 -29.557301
v -16.757401 -11.489012 -31.350801
v -13.603701 -11.489012 -32.842403
v -13.603701 -11.489012 -32.842403
v -10.319100 -11.489013 -34.017601
v -6.935100 -11.489013 -34.865299
v -3.484300 -11.489013 -35.377205
v 0.000000 26.829405 -0.000008
v 0.000000 -22.141802 0.000007
v -3.112500 3.129091 -31.602007
v -2.760100 8.811893 -28.023607
v 0.000000 8.811893 -28.159208
v 0.000000 3.129091 -31.754904
v -2.390500 13.157894 -24.271408
v 0.000000 13.157894 -24.388807
v -1.877100 16.842197 -19.059109
v 0.000000 16.842197 -19.151308
v -1.298100 19.303900 -13.180207
v 0.000000 19.303900 -13.244008
v -0.741600 20.168402 -7.529807
v 0.000000 20.168402 -7.566308
v -5.493600 8.811893 -27.618107
v -4.758000 13.157894 -23.920206
v -3.736200 16.842197 -18.783308
v -2.583800 19.303900 -12.989508
v -1.476100 20.168402 -7.420907
v -8.174200 8.811893 -26.946705
v -7.079700 13.157895 -23.338707
v -5.559300 16.842197 -18.326708
v -3.844500 19.303900 -12.673708
v -2.196400 20.168402 -7.240407
v -10.776000 8.811893 -26.015705
v -9.333200 13.157895 -22.532309
v -7.328900 16.842197 -17.693508
v -5.068300 19.303900 -12.235908
v -2.895500 20.168402 -6.990307
v -13.274100 8.811893 -24.834206
v -11.496800 13.157895 -21.509008
v -9.333200 13.157895 -22.532309
v -10.776000 8.811893 -26.015705
v -9.027900 16.842197 -16.890009
v -7.328900 16.842197 -17.693508
v -6.243200 19.303900 -11.680207
v -5.068300 19.303900 -12.235908
v -3.566700 20.168402 -6.672808
v -2.895500 20.168402 -6.990307
v -15.644400 8.811894 -23.413506
v -13.549701 13.157896 -20.278606
v -10.639900 16.842197 -15.923707
v -7.358000 19.303900 -11.012008
v -4.203600 20.168402 -6.291107
v -17.863998 8.811894 -21.767305
v -15.472100 13.157896 -18.852806
v -12.149500 16.842199 -14.804206
v -8.401899 19.303900 -10.237807
v -4.800000 20.168402 -5.848807
v -19.911499 8.811895 -19.911505
v -17.245501 13.157897 -17.245506
v -13.542000 16.842199 -13.542006
v -9.364900 19.303902 -9.364907
v -5.350100 20.168402 -5.350207
v -21.767300 8.811895 -17.864004
v -18.852800 13.157897 -15.472107
v -14.804199 16.842199 -12.149507
v -10.237801 19.303902 -8.401907
v -5.848800 20.168402 -4.800007
v -23.413500 8.811896 -15.644405
v -20.278601 13.157898 -13.549706
v -15.923699 16.842199 -10.639906
v -11.012000 19.303902 -7.358006
v -6.291100 20.168402 -4.203607
v -24.834200 8.811897 -13.274205
v -21.509001 13.157898 -11.496806
v -16.889999 16.842201 -9.027906
v -11.680200 19.303902 -6.243207
v -6.672801 20.168402 -3.566707
v -26.015699 8.811898 -10.776004
v -22.532301 13.157899 -9.333205
v -17.693501 16.842201 -7.328907
v -12.235900 19.303902 -5.068207
v -6.990300 20.168404 -2.895406
v -26.946699 8.811898 -8.174205
v -23.338699 13.157900 -7.079705
v -18.326700 16.842201 -5.559306
v -12.673700 19.303902 -3.844507
v -7.240500 20.168404 -2.196407
v -27.618101 8.811899 -5.493604
v -23.920198 13.157900 -4.758005
v -18.783300 16.842201 -3.736306
v -12.989500 19.303904 -2.583807
v -7.420900 20.168404 -1.476106
v -28.023602 8.811900 -2.760103
v -24.271400 13.157901 -2.390504
v -19.059099 16.842203 -1.877105
v -13.180200 19.303904 -1.298106
v -7.529799 20.168404 -0.741606
v -28.159201 8.811901 -0.000003
v -24.388800 13.157902 -0.000004
v -19.151300 16.842203 -0.000005
v -13.244000 19.303904 -0.000006
v -7.566300 20.168404 -0.000006
v -28.023602 8.811902 2.760098
v -24.271400 13.157903 2.390496
v -19.059099 16.842203 1.877095
v -13.180200 19.303904 1.298094
v -7.529799 20.168404 0.741594
v -27.618101 8.811903 5.493598
v -23.920198 13.157904 4.757997
v -18.783300 16.842205 3.736196
v -12.989500 19.303904 2.583795
v -7.420900 20.168404 1.476094
v -26.946699 8.811904 8.174199
v -23.338699 13.157904 7.079697
v -18.326700 16.842205 5.559296
v -12.673700 19.303905 3.844495
v -7.240400 20.168404 2.196394
v -26.015699 8.811904 10.775998
v -22.532400 13.157905 9.333198
v -17.693501 16.842205 7.328896
v -12.235900 19.303905 5.068195
v -6.990300 20.168404 2.895494
v -24.834200 8.811905 13.274199
v -21.509001 13.157906 11.496799
v -16.889999 16.842205 9.027897
v -11.680200 19.303905 6.243195
v -6.672801 20.168406 3.566694
v -23.413500 8.811906 15.644400
v -20.278601 13.157906 13.549699
v -15.923699 16.842207 10.639896
v -11.012000 19.303905 7.357995
v -6.291100 20.168406 4.203595
v -21.767401 8.811907 17.864000
v -18.852800 13.157907 15.472099
v -14.804199 16.842207 12.149497
v -10.237801 19.303905 8.401896
v -5.848800 20.168406 4.799994
v -19.911499 8.811907 19.911501
v -17.245501 13.157907 17.245499
v -13.542000 16.842207 13.541997
v -9.364900 19.303905 9.364896
v -5.350200 20.168406 5.350094
v -17.863998 8.811908 21.767302
v -15.472100 13.157907 18.852798
v -12.149500 16.842207 14.804196
v -8.401899 19.303907 10.237796
v -4.800000 20.168406 5.848795
v -15.644400 8.811908 23.413502
v -13.549701 13.157907 20.278599
v -10.639900 16.842209 15.923697
v -7.358000 19.303907 11.011996
v -4.203600 20.168406 6.291094
v -13.274100 8.811909 24.834202
v -11.496800 13.157908 21.509001
v -9.027900 16.842209 16.889997
v -6.243200 19.303907 11.680196
v -3.566700 20.168406 6.672795
v -10.776000 8.811909 26.015701
v -9.333200 13.157908 22.532301
v -7.328900 16.842209 17.693497
v -5.068200 19.303907 12.235896
v -2.895400 20.168406 6.990295
v -8.174200 8.811910 26.946701
v -7.079700 13.157908 23.338699
v -5.559300 16.842209 18.326696
v -3.844500 19.303907 12.673697
v -2.196400 20.168406 7.240495
v -5.493600 8.811910 27.618103
v -4.758000 13.157909 23.920198
v -3.736300 16.842209 18.783297
v -2.583800 19.303907 12.989496
v -1.476100 20.168406 7.420895
v -2.760100 8.811910 28.023603
v -2.390500 13.157909 24.271400
v -1.877100 16.842209 19.059097
v -1.298100 19.303907 13.180196
v -0.741600 20.168406 7.529795
v 0.000000 8.811910 28.159204
v 0.000000 13.157909 24.388800
v 0.000000 16.842209 19.151297
v 0.000000 19.303907 13.243997
v 0.000000 20.168406 7.566295
v 2.760100 8.811910 28.023603
v 2.390500 13.157909 24.271400
v 1.877100 16.842209 19.059097
v 1.298100 19.303907 13.180196
v 0.741600 20.168406 7.529795
v 5.493600 8.811910 27.618103
v 4.758000 13.157909 23.920198
v 3.736200 16.842209 18.783297
v 2.583800 19.303907 12.989496
v 1.476100 20.168406 7.420895
v 8.174200 8.811910 26.946701
v 7.079700 13.157908 23.338699
v 5.559300 16.842209 18.326696
v 3.844500 19.303907 12.673697
v 2.196400 20.168406 7.240495
v 10.776000 8.811909 26.015701
v 9.333200 13.157908 22.532301
v 7.328900 16.842209 17.693497
v 5.068300 19.303907 12.235896
v 2.895500 20.168406 6.990295
v 13.274100 8.811909 24.834202
v 11.496800 13.157908 21.509001
v 9.027900 16.842209 16.889997
v 6.243200 19.303907 11.680196
v 3.566700 20.168406 6.672795
v 15.644400 8.811908 23.413502
v 13.549701 13.157907 20.278599
v 10.639900 16.842209 15.923697
v 7.358000 19.303907 11.011996
v 4.203600 20.168406 6.291094
v 17.863998 8.811908 21.767302
v 15.472100 13.157907 18.852798
v 12.149500 16.842207 14.804196
v 8.401899 19.303907 10.237796
v 4.800000 20.168406 5.848795
v 19.911499 8.811907 19.911501
v 17.245501 13.157907 17.245499
v 13.542000 16.842207 13.541997
v 9.364900 19.303905 9.364996
v 5.350100 20.168406 5.350195
v 21.767300 8.811907 17.864000
v 18.852800 13.157907 15.472099
v 14.804199 16.842207 12.149397
v 10.237801 19.303905 8.401896
v 5.848800 20.168406 4.799894
v 23.413500 8.811906 15.644400
v 20.278601 13.157906 13.549699
v 15.923699 16.842207 10.639896
v 11.012000 19.303905 7.357995
v 6.291100 20.168406 4.203595
v 24.834200 8.811905 13.274199
v 21.509001 13.157906 11.496799
v 16.889999 16.842205 9.027897
v 11.680200 19.303905 6.243195
v 6.672801 20.168406 3.566694
v 26.015699 8.811904 10.775998
v 22.532301 13.157905 9.333198
v 17.693501 16.842205 7.328896
v 12.235900 19.303905 5.068195
v 6.990300 20.168404 2.895394
v 26.946699 8.811904 8.174199
v 23.338699 13.157904 7.079697
v 18.326700 16.842205 5.559296
v 12.673700 19.303905 3.844495
v 7.240500 20.168404 2.196394
v 27.618101 8.811903 5.493598
v 23.920198 13.157904 4.757997
v 18.783300 16.842205 3.736296
v 12.989500 19.303904 2.583795
v 7.420900 20.168404 1.476094
v 28.023602 8.811902 2.760098
v 24.271400 13.157903 2.390496
v 19.059099 16.842203 1.877095
v 13.180200 19.303904 1.298094
v 7.529799 20.168404 0.741594
v 28.159201 8.811901 -0.000003
v 24.388800 13.157902 -0.000004
v 19.151300 16.842203 -0.000005
v 13.244000 19.303904 -0.000006
v 7.566300 20.168404 -0.000006
v 28.023602 8.811900 -2.760103
v 24.271400 13.157901 -2.390504
v 19.059099 16.842203 -1.877105
v 13.180200 19.303904 -1.298106
v 7.529799 20.168404 -0.741606
v 27.618101 8.811899 -5.493604
v 23.920198 13.157900 -4.758005
v 18.783300 16.842201 -3.736206
v 12.989500 19.303904 -2.583807
v 7.420900 20.168404 -1.476106
v 26.946699 8.811898 -8.174205
v 23.338699 13.157900 -7.079705
v 18.326700 16.842201 -5.559306
v 12.673700 19.303902 -3.844507
v 7.240500 20.168404 -2.196407
v 26.015699 8.811898 -10.776004
v 22.532400 13.157899 -9.333205
v 17.693501 16.842201 -7.328907
v 12.235900 19.303902 -5.068306
v 6.990300 20.168404 -2.895507
v 24.834200 8.811897 -13.274205
v 21.509001 13.157898 -11.496806
v 16.889999 16.842201 -9.027906
v 11.680200 19.303902 -6.243207
v 6.672801 20.168402 -3.566707
v 23.413500 8.811896 -15.644405
v 20.278601 13.157898 -13.549706
v 15.923699 16.842199 -10.639906
v 11.012000 19.303902 -7.358006
v 6.291100 20.168402 -4.203607
v 21.767401 8.811895 -17.864004
v 18.852800 13.157897 -15.472107
v 14.804199 16.842199 -12.149507
v 10.237801 19.303902 -8.401907
v 5.848800 20.168402 -4.800007
v 19.911499 8.811895 -19.911505
v 17.245501 13.157897 -17.245506
v 13.542000 16.842199 -13.542006
v 9.365000 19.303902 -9.364907
v 5.350200 20.168402 -5.350107
v 17.863998 8.811894 -21.767305
v 15.472100 13.157896 -18.852806
v 12.149500 16.842199 -14.804206
v 8.401899 19.303900 -10.237807
v 4.799900 20.168402 -5.848807
v 15.644400 8.811894 -23.413506
v 13.549701 13.157896 -20.278606
v 10.639900 16.842197 -15.923707
v 7.358000 19.303900 -11.012008
v 4.203600 20.168402 -6.291107
v 13.274100 8.811893 -24.834206
v 11.496800 13.157895 -21.509008
v 9.027900 16.842197 -16.890009
v 6.243200 19.303900 -11.680207
v 3.566700 20.168402 -6.672808
v 10.776000 8.811893 -26.015705
v 9.333200 13.157895 -22.532309
v 7.328900 16.842197 -17.693508
v 5.068300 19.303900 -12.235908
v 2.895500 20.168402 -6.990307
v 8.174200 8.811893 -26.946705
v 7.079700 13.157895 -23.338707
v 5.559300 16.842197 -18.326708
v 3.844500 19.303900 -12.673708
v 2.196400 20.168402 -7.240508
v 5.493600 8.811893 -27.618107
v 4.758000 13.157894 -23.920206
v 3.736300 16.842197 -18.783308
v 2.583800 19.303900 -12.989508
v 1.476100 20.168402 -7.420907
v 2.760100 8.811893 -28.023607
v 2.390500 13.157894 -24.271408
v 1.877100 16.842197 -19.059109
v 1.298100 19.303900 -13.180207
v 0.741600 20.168402 -7.529807
v -9.217999 3.129091 -30.387505
v -6.195100 3.129091 -31.144705
v 26.403200 3.129095 -17.642103
v 28.005299 3.129096 -14.969103
v 29.337702 3.129097 -12.152103
v 3.112500 3.129091 -31.602007
v 30.387501 3.129098 -9.218002
v 31.144699 3.129099 -6.195102
v 31.602001 3.129100 -3.112501
v 31.754898 3.129101 -0.000001
v 31.602001 3.129102 3.112499
v 31.144699 3.129102 6.195100
v 30.387501 3.129103 9.218000
v 29.337702 3.129104 12.152000
v 28.005299 3.129105 14.969101
v 26.403200 3.129106 17.642103
v 24.546801 3.129107 20.145103
v 22.454100 3.129107 22.454103
v 20.145100 3.129108 24.546904
v 17.642099 3.129109 26.403204
v 14.969100 3.129109 28.005302
v 12.152101 3.129109 29.337706
v 9.217999 3.129110 30.387505
v 6.195100 3.129110 31.144705
v 3.112500 3.129110 31.602007
v 0.000000 3.129110 31.754904
v -3.112500 3.129110 31.602007
v -6.195100 3.129110 31.144705
v -9.217999 3.129110 30.387505
v -12.151999 3.129109 29.337706
v -14.969100 3.129109 28.005302
v -17.642099 3.129109 26.403204
v -20.145100 3.129108 24.546804
v -22.454100 3.129107 22.454103
v -24.546900 3.129107 20.145103
v 24.546900 3.129094 -20.145103
v -12.152101 3.129092 -29.337706
v 22.454100 3.129094 -22.454103
v -14.969100 3.129092 -28.005302
v -12.152101 3.129092 -29.337706
v 20.145100 3.129093 -24.546804
v -17.642099 3.129092 -26.403204
v 17.642099 3.129092 -26.403204
v -20.145100 3.129093 -24.546904
v 14.969100 3.129092 -28.005302
v -22.454100 3.129094 -22.454103
v 12.151999 3.129092 -29.337706
v -24.546801 3.129094 -20.145103
v 9.217999 3.129091 -30.387505
v -26.403200 3.129095 -17.642103
v 6.195100 3.129091 -31.144705
v -28.005299 3.129096 -14.969103
v -29.337702 3.129097 -12.152002
v -30.387501 3.129098 -9.218002
v -31.144699 3.129099 -6.195102
v -31.602001 3.129100 -3.112501
v -31.754898 3.129101 -0.000001
v -31.602001 3.129102 3.112499
v -31.144699 3.129102 6.195100
v -30.387501 3.129103 9.218000
v -29.337702 3.129104 12.152102
v -28.005299 3.129105 14.969101
v -26.403200 3.129106 17.642103
v -3.196300 -0.000010 -32.453102
v 0.000000 -0.000010 -32.610104
v -6.361900 -0.000010 -31.983505
v -9.466200 -0.000009 -31.205904
v -12.479300 -0.000009 -30.127804
v -15.372300 -0.000009 -28.759504
v -12.479300 -0.000009 -30.127804
v -18.117199 -0.000008 -27.114304
v -20.687599 -0.000008 -25.207905
v -23.058800 -0.000007 -23.058804
v -25.208000 -0.000006 -20.687603
v -27.114300 -0.000005 -18.117203
v -28.759501 -0.000005 -15.372302
v -30.127800 -0.000004 -12.479302
v -31.205898 -0.000003 -9.466202
v -31.983501 -0.000002 -6.361901
v -32.453098 -0.000001 -3.196300
v -32.610100 0.000000 0.000000
v -32.453098 0.000001 3.196300
v -31.983501 0.000002 6.361901
v -31.205898 0.000003 9.466202
v -30.127800 0.000004 12.479302
v -28.759501 0.000005 15.372302
v -27.114300 0.000005 18.117203
v -25.207901 0.000006 20.687603
v -23.058800 0.000007 23.058804
v -20.687599 0.000008 25.208004
v -18.117199 0.000008 27.114304
v -15.372300 0.000009 28.759504
v -12.479300 0.000009 30.127804
v -9.466200 0.000009 31.205904
v -6.361900 0.000010 31.983505
v -3.196300 0.000010 32.453102
v 0.000000 0.000010 32.610104
v 3.196300 0.000010 32.453102
v 6.361900 0.000010 31.983505
v 9.466200 0.000009 31.205904
v 12.479300 0.000009 30.127804
v 15.372300 0.000009 28.759504
v 18.117199 0.000008 27.114304
v 20.687599 0.000008 25.208004
v 23.058800 0.000007 23.058804
v 25.208000 0.000006 20.687603
v 27.114300 0.000005 18.117203
v 28.759501 0.000005 15.372302
v 30.127800 0.000004 12.479302
v 31.205898 0.000003 9.466202
v 31.983501 0.000002 6.361901
v 32.453098 0.000001 3.196300
v 32.610100 0.000000 0.000000
v 32.453098 -0.000001 -3.196300
v 31.983501 -0.000002 -6.361901
v 31.205898 -0.000003 -9.466202
v 30.127800 -0.000004 -12.479302
v 28.759501 -0.000005 -15.372302
v 27.114300 -0.000005 -18.117203
v 25.207901 -0.000006 -20.687603
v 23.058800 -0.000007 -23.058804
v 20.687599 -0.000008 -25.207905
v 18.117199 -0.000008 -27.114304
v 15.372300 -0.000009 -28.759504
v 12.479300 -0.000009 -30.127804
v 9.466200 -0.000009 -31.205904
v 6.361900 -0.000010 -31.983505
v 3.196300 -0.000010 -32.453102
v 0.000000 20.168404 -0.000006
v -3.112500 -3.129091 31.602007
v -2.760100 -8.811893 28.023607
v 0.000000 -8.811893 28.159208
v 0.000000 -3.129091 31.754904
v -2.390500 -13.157894 24.271408
v 0.000000 -13.157894 24.388807
v -1.877100 -16.842197 19.059109
v 0.000000 -16.842197 19.151308
v -1.298100 -19.303900 13.180207
v 0.000000 -19.303900 13.244008
v -0.741600 -20.168402 7.529807
v 0.000000 -20.168402 7.566308
v -5.493600 -8.811893 27.618107
v -4.758000 -13.157894 23.920206
v -3.736200 -16.842197 18.783308
v -2.583800 -19.303900 12.989508
v -1.476100 -20.168402 7.420907
v -8.174200 -8.811893 26.946705
v -7.079700 -13.157895 23.338707
v -5.559300 -16.842197 18.326708
v -3.844500 -19.303900 12.673708
v -2.196400 -20.168402 7.240407
v -10.776000 -8.811893 26.015705
v -9.333200 -13.157895 22.532309
v -7.328900 -16.842197 17.693508
v -5.068300 -19.303900 12.235908
v -2.895500 -20.168402 6.990307
v -13.274100 -8.811893 24.834206
v -11.496800 -13.157895 21.509008
v -9.333200 -13.157895 22.532309
v -10.776000 -8.811893 26.015705
v -9.027900 -16.842197 16.890009
v -7.328900 -16.842197 17.693508
v -6.243200 -19.303900 11.680207
v -5.068300 -19.303900 12.235908
v -3.566700 -20.168402 6.672808
v -2.895500 -20.168402 6.990307
v -15.644400 -8.811894 23.413506
v -13.549701 -13.157896 20.278606
v -10.639900 -16.842197 15.923707
v -7.358000 -19.303900 11.012008
v -4.203600 -20.168402 6.291107
v -17.863998 -8.811894 21.767305
v -15.472100 -13.157896 18.852806
v -12.149500 -16.842199 14.804206
v -8.401899 -19.303900 10.237807
v -4.800000 -20.168402 5.848807
v -19.911499 -8.811895 19.911505
v -17.245501 -13.157897 17.245506
v -13.542000 -16.842199 13.542006
v -9.364900 -19.303902 9.364907
v -5.350100 -20.168402 5.350207
v -21.767300 -8.811895 17.864004
v -18.852800 -13.157897 15.472107
v -14.804199 -16.842199 12.149507
v -10.237801 -19.303902 8.401907
v -5.848800 -20.168402 4.800007
v -23.413500 -8.811896 15.644405
v -20.278601 -13.157898 13.549706
v -15.923699 -16.842199 10.639906
v -11.012000 -19.303902 7.358006
v -6.291100 -20.168402 4.203607
v -24.834200 -8.811897 13.274205
v -21.509001 -13.157898 11.496806
v -16.889999 -16.842201 9.027906
v -11.680200 -19.303902 6.243207
v -6.672801 -20.168402 3.566707
v -26.015699 -8.811898 10.776004
v -22.532301 -13.157899 9.333205
v -17.693501 -16.842201 7.328907
v -12.235900 -19.303902 5.068207
v -6.990300 -20.168404 2.895406
v -26.946699 -8.811898 8.174205
v -23.338699 -13.157900 7.079705
v -18.326700 -16.842201 5.559306
v -12.673700 -19.303902 3.844507
v -7.240500 -20.168404 2.196407
v -27.618101 -8.811899 5.493604
v -23.920198 -13.157900 4.758005
v -18.783300 -16.842201 3.736306
v -12.989500 -19.303904 2.583807
v -7.420900 -20.168404 1.476106
v -28.023602 -8.811900 2.760103
v -24.271400 -13.157901 2.390504
v -19.059099 -16.842203 1.877105
v -13.180200 -19.303904 1.298106
v -7.529799 -20.168404 0.741606
v -28.159201 -8.811901 0.000003
v -24.388800 -13.157902 0.000004
v -19.151300 -16.842203 0.000005
v -13.244000 -19.303904 0.000006
v -7.566300 -20.168404 0.000006
v -28.023602 -8.811902 -2.760098
v -24.271400 -13.157903 -2.390496
v -19.059099 -16.842203 -1.877095
v -13.180200 -19.303904 -1.298094
v -7.529799 -20.168404 -0.741594
v -27.618101 -8.811903 -5.493598
v -23.920198 -13.157904 -4.757997
v -18.783300 -16.842205 -3.736196
v -12.989500 -19.303904 -2.583795
v -7.420900 -20.168404 -1.476094
v -26.946699 -8.811904 -8.174199
v -23.338699 -13.157904 -7.079697
v -18.326700 -16.842205 -5.559296
v -12.673700 -19.303905 -3.844495
v -7.240400 -20.168404 -2.196394
v -26.015699 -8.811904 -10.775998
v -22.532400 -13.157905 -9.333198
v -17.693501 -16.842205 -7.328896
v -12.235900 -19.303905 -5.068195
v -6.990300 -20.168404 -2.895494
v -24.834200 -8.811905 -13.274199
v -21.509001 -13.157906 -11.496799
v -16.889999 -16.842205 -9.027897
v -11.680200 -19.303905 -6.243195
v -6.672801 -20.168406 -3.566694
v -23.413500 -8.811906 -15.644400
v -20.278601 -13.157906 -13.549699
v -15.923699 -16.842207 -10.639896
v -11.012000 -19.303905 -7.357995
v -6.291100 -20.168406 -4.203595
v -21.767401 -8.811907 -17.864000
v -18.852800 -13.157907 -15.472099
v -14.804199 -16.842207 -12.149497
v -10.237801 -19.303905 -8.401896
v -5.848800 -20.168406 -4.799994
v -19.911499 -8.811907 -19.911501
v -17.245501 -13.157907 -17.245499
v -13.542000 -16.842106 -13.541997
v -9.364900 -19.303905 -9.364896
v -5.350200 -20.168406 -5.350094
v -17.863998 -8.811908 -21.767302
v -15.472100 -13.157907 -18.852798
v -12.149500 -16.842106 -14.804196
v -8.401899 -19.303907 -10.237796
v -4.800000 -20.168406 -5.848795
v -15.644400 -8.811908 -23.413502
v -13.549701 -13.157907 -20.278599
v -10.639900 -16.842108 -15.923697
v -7.358000 -19.303907 -11.011996
v -4.203600 -20.168406 -6.291094
v -13.274100 -8.811909 -24.834202
v -11.496800 -13.157908 -21.509001
v -9.027900 -16.842108 -16.889997
v -6.243200 -19.303907 -11.680196
v -3.566700 -20.168406 -6.672795
v -10.776000 -8.811909 -26.015701
v -9.333200 -13.157908 -22.532301
v -7.328900 -16.842108 -17.693497
v -5.068200 -19.303907 -12.235896
v -2.895400 -20.168406 -6.990295
v -8.174200 -8.811910 -26.946701
v -7.079700 -13.157908 -23.338699
v -5.559300 -16.842108 -18.326696
v -3.844500 -19.303907 -12.673697
v -2.196400 -20.168406 -7.240495
v -5.493600 -8.811910 -27.618103
v -4.758000 -13.157909 -23.920198
v -3.736300 -16.842108 -18.783297
v -2.583800 -19.303907 -12.989496
v -1.476100 -20.168406 -7.420895
v -2.760100 -8.811910 -28.023603
v -2.390500 -13.157909 -24.271400
v -1.877100 -16.842108 -19.059097
v -1.298100 -19.303907 -13.180196
v -0.741600 -20.168406 -7.529795
v 0.000000 -8.811910 -28.159204
v 0.000000 -13.157909 -24.388800
v 0.000000 -16.842108 -19.151297
v 0.000000 -19.303907 -13.243997
v 0.000000 -20.168406 -7.566295
v 2.760100 -8.811910 -28.023603
v 2.390500 -13.157909 -24.271400
v 1.877100 -16.842108 -19.059097
v 1.298100 -19.303907 -13.180196
v 0.741600 -20.168406 -7.529795
v 5.493600 -8.811910 -27.618103
v 4.758000 -13.157909 -23.920198
v 3.736200 -16.842108 -18.783297
v 2.583800 -19.303907 -12.989496
v 1.476100 -20.168406 -7.420895
v 8.174200 -8.811910 -26.946701
v 7.079700 -13.157908 -23.338699
v 5.559300 -16.842108 -18.326696
v 3.844500 -19.303907 -12.673697
v 2.196400 -20.168406 -7.240495
v 10.776000 -8.811909 -26.015701
v 9.333200 -13.157908 -22.532301
v 7.328900 -16.842108 -17.693497
v 5.068300 -19.303907 -12.235896
v 2.895500 -20.168406 -6.990295
v 13.274100 -8.811909 -24.834202
v 11.496800 -13.157908 -21.509001
v 9.027900 -16.842108 -16.889997
v 6.243200 -19.303907 -11.680196
v 3.566700 -20.168406 -6.672795
v 15.644400 -8.811908 -23.413502
v 13.549701 -13.157907 -20.278599
v 10.639900 -16.842108 -15.923697
v 7.358000 -19.303907 -11.011996
v 4.203600 -20.168406 -6.291094
v 17.863998 -8.811908 -21.767302
v 15.472100 -13.157907 -18.852798
v 12.149500 -16.842106 -14.804196
v 8.401899 -19.303907 -10.237796
v 4.800000 -20.168406 -5.848795
v 19.911499 -8.811907 -19.911501
v 17.245501 -13.157907 -17.245499
v 13.542000 -16.842106 -13.541997
v 9.364900 -19.303905 -9.364996
v 5.350100 -20.168406 -5.350195
v 21.767300 -8.811907 -17.864000
v 18.852800 -13.157907 -15.472099
v 14.804199 -16.842106 -12.149397
v 10.237801 -19.303905 -8.401896
v 5.848800 -20.168406 -4.799894
v 23.413500 -8.811906 -15.644400
v 20.278601 -13.157906 -13.549699
v 15.923699 -16.842207 -10.639896
v 11.012000 -19.303905 -7.357995
v 6.291100 -20.168406 -4.203595
v 24.834200 -8.811905 -13.274199
v 21.509001 -13.157906 -11.496799
v 16.889999 -16.842205 -9.027897
v 11.680200 -19.303905 -6.243195
v 6.672801 -20.168406 -3.566694
v 26.015699 -8.811904 -10.775998
v 22.532301 -13.157905 -9.333198
v 17.693501 -16.842205 -7.328896
v 12.235900 -19.303905 -5.068195
v 6.990300 -20.168404 -2.895394
v 26.946699 -8.811904 -8.174199
v 23.338699 -13.157904 -7.079697
v 18.326700 -16.842205 -5.559296
v 12.673700 -19.303905 -3.844495
v 7.240500 -20.168404 -2.196394
v 27.618101 -8.811903 -5.493598
v 23.920198 -13.157904 -4.757997
v 18.783300 -16.842205 -3.736296
v 12.989500 -19.303904 -2.583795
v 7.420900 -20.168404 -1.476094
v 28.023602 -8.811902 -2.760098
v 24.271400 -13.157903 -2.390496
v 19.059099 -16.842203 -1.877095
v 13.180200 -19.303904 -1.298094
v 7.529799 -20.168404 -0.741594
v 28.159201 -8.811901 0.000003
v 24.388800 -13.157902 0.000004
v 19.151300 -16.842203 0.000005
v 13.244000 -19.303904 0.000006
v 7.566300 -20.168404 0.000006
v 28.023602 -8.811900 2.760103
v 24.271400 -13.157901 2.390504
v 19.059099 -16.842203 1.877105
v 13.180200 -19.303904 1.298106
v 7.529799 -20.168404 0.741606
v 27.618101 -8.811899 5.493604
v 23.920198 -13.157900 4.758005
v 18.783300 -16.842201 3.736206
v 12.989500 -19.303904 2.583807
v 7.420900 -20.168404 1.476106
v 26.946699 -8.811898 8.174205
v 23.338699 -13.157900 7.079705
v 18.326700 -16.842201 5.559306
v 12.673700 -19.303902 3.844507
v 7.240500 -20.168404 2.196407
v 26.015699 -8.811898 10.776004
v 22.532400 -13.157899 9.333205
v 17.693501 -16.842201 7.328907
v 12.235900 -19.303902 5.068306
v 6.990300 -20.168404 2.895507
v 24.834200 -8.811897 13.274205
v 21.509001 -13.157898 11.496806
v 16.889999 -16.842201 9.027906
v 11.680200 -19.303902 6.243207
v 6.672801 -20.168402 3.566707
v 23.413500 -8.811896 15.644405
v 20.278601 -13.157898 13.549706
v 15.923699 -16.842199 10.639906
v 11.012000 -19.303902 7.358006
v 6.291100 -20.168402 4.203607
v 21.767401 -8.811895 17.864004
v 18.852800 -13.157897 15.472107
v 14.804199 -16.842199 12.149507
v 10.237801 -19.303902 8.401907
v 5.848800 -20.168402 4.800007
v 19.911499 -8.811895 19.911505
v 17.245501 -13.157897 17.245506
v 13.542000 -16.842199 13.542006
v 9.365000 -19.303902 9.364907
v 5.350200 -20.168402 5.350107
v 17.863998 -8.811894 21.767305
v 15.472100 -13.157896 18.852806
v 12.149500 -16.842199 14.804206
v 8.401899 -19.303900 10.237807
v 4.799900 -20.168402 5.848807
v 15.644400 -8.811894 23.413506
v 13.549701 -13.157896 20.278606
v 10.639900 -16.842197 15.923707
v 7.358000 -19.303900 11.012008
v 4.203600 -20.168402 6.291107
v 13.274100 -8.811893 24.834206
v 11.496800 -13.157895 21.509008
v 9.027900 -16.842197 16.890009
v 6.243200 -19.303900 11.680207
v 3.566700 -20.168402 6.672808
v 10.776000 -8.811893 26.015705
v 9.333200 -13.157895 22.532309
v 7.328900 -16.842197 17.693508
v 5.068300 -19.303900 12.235908
v 2.895500 -20.168402 6.990307
v 8.174200 -8.811893 26.946705
v 7.079700 -13.157895 23.338707
v 5.559300 -16.842197 18.326708
v 3.844500 -19.303900 12.673708
v 2.196400 -20.168402 7.240508
v 5.493600 -8.811893 27.618107
v 4.758000 -13.157894 23.920206
v 3.736300 -16.842197 18.783308
v 2.583800 -19.303900 12.989508
v 1.476100 -20.168402 7.420907
v 2.760100 -8.811893 28.023607
v 2.390500 -13.157894 24.271408
v 1.877100 -16.842197 19.059109
v 1.298100 -19.303900 13.180207
v 0.741600 -20.168402 7.529807
v -9.217999 -3.129091 30.387505
v -6.195100 -3.129091 31.144705
v 26.403200 -3.129095 17.642103
v 28.005299 -3.129096 14.969103
v 29.337702 -3.129097 12.152103
v 3.112500 -3.129091 31.602007
v 30.387501 -3.129098 9.218002
v 31.144699 -3.129099 6.195102
v 31.602001 -3.129100 3.112501
v 31.754898 -3.129101 0.000001
v 31.602001 -3.129102 -3.112499
v 31.144699 -3.129102 -6.195100
v 30.387501 -3.129103 -9.218000
v 29.337702 -3.129104 -12.152000
v 28.005299 -3.129105 -14.969101
v 26.403200 -3.129106 -17.642103
v 24.546801 -3.129107 -20.145103
v 22.454100 -3.129107 -22.454103
v 20.145100 -3.129108 -24.546904
v 17.642099 -3.129109 -26.403204
v 14.969100 -3.129109 -28.005302
v 12.152101 -3.129109 -29.337706
v 9.217999 -3.129110 -30.387505
v 6.195100 -3.129110 -31.144705
v 3.112500 -3.129110 -31.602007
v 0.000000 -3.129110 -31.754904
v -3.112500 -3.129110 -31.602007
v -6.195100 -3.129110 -31.144705
v -9.217999 -3.129110 -30.387505
v -12.151999 -3.129109 -29.337706
v -14.969100 -3.129109 -28.005302
v -17.642099 -3.129109 -26.403204
v -20.145100 -3.129108 -24.546804
v -22.454100 -3.129107 -22.454103
v -24.546900 -3.129107 -20.145103
v 24.546900 -3.129094 20.145103
v -12.152101 -3.129092 29.337706
v 22.454100 -3.129094 22.454103
v -14.969100 -3.129092 28.005302
v -12.152101 -3.129092 29.337706
v 20.145100 -3.129093 24.546804
v -17.642099 -3.129092 26.403204
v 17.642099 -3.129092 26.403204
v -20.145100 -3.129093 24.546904
v 14.969100 -3.129092 28.005302
v -22.454100 -3.129094 22.454103
v 12.151999 -3.129092 29.337706
v -24.546801 -3.129094 20.145103
v 9.217999 -3.129091 30.387505
v -26.403200 -3.129095 17.642103
v 6.195100 -3.129091 31.144705
v -28.005299 -3.129096 14.969103
v -29.337702 -3.129097 12.152002
v -30.387501 -3.129098 9.218002
v -31.144699 -3.129099 6.195102
v -31.602001 -3.129100 3.112501
v -31.754898 -3.129101 0.000001
v -31.602001 -3.129102 -3.112499
v -31.144699 -3.129102 -6.195100
v -30.387501 -3.129103 -9.218000
v -29.337702 -3.129104 -12.152102
v -28.005299 -3.129105 -14.969101
v -26.403200 -3.129106 -17.642103
v -3.196300 0.000010 32.453102
v 0.000000 0.000010 32.610104
v -6.361900 0.000010 31.983505
v -9.466200 0.000009 31.205904
v -12.479300 0.000009 30.127804
v -15.372300 0.000009 28.759504
v -12.479300 0.000009 30.127804
v -18.117199 0.000008 27.114304
v -20.687599 0.000008 25.208004
v -23.058800 0.000007 23.058804
v -25.207901 0.000006 20.687603
v -27.114300 0.000005 18.117203
v -28.759501 0.000005 15.372302
v -30.127800 0.000004 12.479302
v -31.205898 0.000003 9.466202
v -31.983501 0.000002 6.361901
v -32.453098 0.000001 3.196300
v -32.453098 -0.000001 -3.196300
v -31.983501 -0.000002 -6.361901
v -31.205898 -0.000003 -9.466202
v -30.127800 -0.000004 -12.479302
v -28.759501 -0.000005 -15.372302
v -27.114300 -0.000005 -18.117203
v -25.208000 -0.000006 -20.687603
v -23.058800 -0.000007 -23.058804
v -20.687599 -0.000008 -25.207905
v -18.117199 -0.000008 -27.114304
v -15.372300 -0.000009 -28.759504
v -12.479300 -0.000009 -30.127804
v -9.466200 -0.000009 -31.205904
v -6.361900 -0.000010 -31.983505
v -3.196300 -0.000010 -32.453102
v 0.000000 -0.000010 -32.610104
v 3.196300 -0.000010 -32.453102
v 6.361900 -0.000010 -31.983505
v 9.466200 -0.000009 -31.205904
v 12.479300 -0.000009 -30.127804
v 15.372300 -0.000009 -28.759504
v 18.117199 -0.000008 -27.114304
v 20.687599 -0.000008 -25.207905
v 23.058800 -0.000007 -23.058804
v 25.207901 -0.000006 -20.687603
v 27.114300 -0.000005 -18.117203
v 28.759501 -0.000005 -15.372302
v 30.127800 -0.000004 -12.479302
v 31.205898 -0.000003 -9.466202
v 31.983501 -0.000002 -6.361901
v 32.453098 -0.000001 -3.196300
v 32.453098 0.000001 3.196300
v 31.983501 0.000002 6.361901
v 31.205898 0.000003 9.466202
v 30.127800 0.000004 12.479302
v 28.759501 0.000005 15.372302
v 27.114300 0.000005 18.117203
v 25.208000 0.000006 20.687603
v 23.058800 0.000007 23.058804
v 20.687599 0.000008 25.208004
v 18.117199 0.000008 27.114304
v 15.372300 0.000009 28.759504
v 12.479300 0.000009 30.127804
v 9.466200 0.000009 31.205904
v 6.361900 0.000010 31.983505
v 3.196300 0.000010 32.453102
v 0.000000 -20.168404 0.000006
vn -0.1684 0.9793 0.1125
vn -0.1786 0.9793 0.0955
vn 0.4441 0.8640 -0.2374
vn 0.4187 0.8640 -0.2797
vn 0.0775 0.9793 -0.1871
vn 0.0955 0.9793 -0.1786
vn -0.2374 0.8640 0.4441
vn -0.1927 0.8640 0.4652
vn 0.0395 0.9793 0.1986
vn 0.0199 0.9793 0.2016
vn -0.0494 0.8640 -0.5011
vn -0.0982 0.8640 -0.4939
vn -0.1566 0.9793 0.1285
vn 0.3893 0.8640 -0.3195
vn 0.0588 0.9793 -0.1938
vn -0.1462 0.8640 0.4819
vn -0.1432 0.9793 0.1432
vn 0.3561 0.8640 -0.3561
vn 0.0395 0.9793 -0.1986
vn -0.0982 0.8640 0.4939
vn 0.0775 0.9793 0.1871
vn 0.0588 0.9793 0.1938
vn -0.1462 0.8640 -0.4819
vn -0.1927 0.8640 -0.4652
vn -0.1285 0.9793 0.1566
vn 0.3195 0.8640 -0.3893
vn 0.0199 0.9793 -0.2016
vn -0.0494 0.8640 0.5011
vn 0.0955 0.9793 0.1786
vn -0.2374 0.8640 -0.4441
vn -0.1125 0.9793 0.1684
vn 0.2798 0.8640 -0.4187
vn -0.0000 0.9793 -0.2025
vn -0.0000 0.8640 0.5035
vn 0.1125 0.9793 0.1684
vn -0.2798 0.8640 -0.4187
vn -0.0955 0.9793 0.1786
vn 0.2374 0.8640 -0.4441
vn -0.0199 0.9793 -0.2016
vn 0.0494 0.8640 0.5011
vn 0.1285 0.9793 0.1566
vn -0.3195 0.8640 -0.3893
vn -0.0775 0.9793 0.1871
vn 0.1927 0.8640 -0.4652
vn -0.0395 0.9793 -0.1986
vn 0.0982 0.8640 0.4939
vn 0.1432 0.9793 0.1432
vn -0.3561 0.8640 -0.3561
vn -0.0588 0.9793 0.1938
vn 0.1462 0.8640 -0.4819
vn -0.0588 0.9793 -0.1938
vn 0.1462 0.8640 0.4819
vn 0.1566 0.9793 0.1285
vn -0.3893 0.8640 -0.3195
vn -0.0395 0.9793 0.1986
vn 0.0982 0.8640 -0.4939
vn -0.0775 0.9793 -0.1871
vn 0.1927 0.8640 0.4652
vn 0.1684 0.9793 0.1125
vn -0.4187 0.8640 -0.2798
vn -0.0199 0.9793 0.2016
vn 0.0494 0.8640 -0.5011
vn -0.0955 0.9793 -0.1786
vn 0.2374 0.8640 0.4441
vn 0.1786 0.9793 0.0955
vn -0.4441 0.8640 -0.2374
vn -0.0870 0.4600 0.8836
vn -0.0000 0.4600 0.8879
vn -0.0000 0.4485 0.8938
vn -0.0876 0.4485 0.8895
vn -0.1125 0.9793 -0.1684
vn 0.2798 0.8640 0.4187
vn 0.1871 0.9793 0.0775
vn -0.4652 0.8640 -0.1927
vn -0.1285 0.9793 -0.1566
vn 0.3195 0.8640 0.3893
vn 0.1938 0.9793 0.0588
vn -0.4819 0.8640 -0.1462
vn -0.1432 0.9793 -0.1432
vn 0.3561 0.8640 0.3561
vn 0.1986 0.9793 0.0395
vn -0.4939 0.8640 -0.0982
vn -0.1566 0.9793 -0.1285
vn 0.3893 0.8640 0.3195
vn 0.2016 0.9793 0.0199
vn -0.5011 0.8640 -0.0494
vn -0.1684 0.9793 -0.1125
vn 0.4187 0.8640 0.2798
vn 0.2025 0.9793 -0.0000
vn -0.5035 0.8640 -0.0000
vn -0.1786 0.9793 -0.0955
vn 0.4441 0.8640 0.2374
vn 0.2016 0.9793 -0.0199
vn -0.5011 0.8640 0.0494
vn -0.1871 0.9793 -0.0775
vn 0.4652 0.8640 0.1927
vn 0.1986 0.9793 -0.0395
vn -0.4939 0.8640 0.0982
vn -0.1938 0.9793 -0.0588
vn 0.4819 0.8640 0.1462
vn 0.1938 0.9793 -0.0588
vn -0.4819 0.8640 0.1462
vn -0.1986 0.9793 -0.0395
vn 0.4939 0.8640 0.0982
vn 0.1871 0.9793 -0.0775
vn -0.4652 0.8640 0.1927
vn -0.2016 0.9793 -0.0199
vn 0.5011 0.8640 0.0494
vn 0.1786 0.9793 -0.0955
vn -0.4441 0.8640 0.2374
vn -0.2025 0.9793 -0.0000
vn 0.5035 0.8640 -0.0000
vn 0.1684 0.9793 -0.1125
vn -0.4187 0.8640 0.2798
vn -0.2016 0.9793 0.0199
vn 0.5011 0.8640 -0.0494
vn 0.1566 0.9793 -0.1285
vn -0.3893 0.8640 0.3195
vn -0.1986 0.9793 0.0395
vn 0.4939 0.8640 -0.0982
vn 0.1432 0.9793 -0.1432
vn -0.3561 0.8640 0.3561
vn -0.1938 0.9793 0.0588
vn 0.4819 0.8640 -0.1462
vn 0.1285 0.9793 -0.1566
vn -0.3195 0.8640 0.3893
vn -0.1871 0.9793 0.0775
vn 0.4652 0.8640 -0.1927
vn 0.1125 0.9793 -0.1684
vn -0.2798 0.8640 0.4187
vn 0.2849 0.1917 0.9392
vn 0.1915 0.1917 0.9626
vn 0.1820 0.3598 0.9151
vn 0.2709 0.3598 0.8929
vn -0.0000 0.9793 0.2025
vn -0.0000 0.8640 -0.5035
vn -0.0000 0.5395 -0.8420
vn -0.0825 0.5395 -0.8379
vn -0.0658 0.7407 -0.6686
vn -0.0000 0.7407 -0.6718
vn -0.7587 0.1917 -0.6226
vn -0.6940 0.1917 -0.6940
vn -0.6598 0.3598 -0.6598
vn -0.7212 0.3598 -0.5919
vn 0.1915 0.1917 -0.9626
vn 0.2849 0.1917 -0.9392
vn 0.2708 0.3598 -0.8929
vn 0.1820 0.3598 -0.9151
vn 0.3756 0.1917 0.9068
vn 0.3571 0.3598 0.8620
vn -0.8161 0.1917 -0.5453
vn -0.7758 0.3598 -0.5184
vn 0.0962 0.1917 -0.9767
vn 0.0915 0.3598 -0.9285
vn 0.4627 0.1917 0.8656
vn 0.4398 0.3598 0.8229
vn -0.8656 0.1917 -0.4627
vn -0.8229 0.3598 -0.4398
vn 0.5453 0.1917 0.8161
vn 0.5184 0.3598 0.7758
vn -0.9068 0.1917 -0.3756
vn -0.8620 0.3598 -0.3571
vn 0.6226 0.1917 0.7587
vn 0.5919 0.3598 0.7212
vn -0.9392 0.1917 -0.2849
vn -0.8929 0.3598 -0.2708
vn -0.2849 0.1917 -0.9392
vn -0.1915 0.1917 -0.9626
vn -0.1820 0.3598 -0.9151
vn -0.2709 0.3598 -0.8929
vn 0.6940 0.1917 0.6940
vn 0.6598 0.3598 0.6598
vn -0.9626 0.1917 -0.1915
vn -0.9151 0.3598 -0.1820
vn 0.7587 0.1917 0.6226
vn 0.7212 0.3598 0.5919
vn -0.9767 0.1917 -0.0962
vn -0.9285 0.3598 -0.0915
vn 0.8161 0.1917 0.5453
vn 0.7758 0.3598 0.5184
vn -0.9815 0.1917 -0.0000
vn -0.9330 0.3598 -0.0000
vn 0.8656 0.1917 0.4627
vn 0.8229 0.3598 0.4398
vn -0.9767 0.1917 0.0962
vn -0.9285 0.3598 0.0915
vn 0.9067 0.1917 0.3756
vn 0.8620 0.3598 0.3571
vn -0.9626 0.1917 0.1915
vn -0.9151 0.3598 0.1820
vn 0.9392 0.1917 0.2849
vn 0.8929 0.3598 0.2708
vn -0.9392 0.1917 0.2849
vn -0.8929 0.3598 0.2709
vn 0.9626 0.1917 0.1915
vn 0.9151 0.3598 0.1820
vn -0.9068 0.1917 0.3756
vn -0.8620 0.3598 0.3571
vn 0.9767 0.1917 0.0962
vn 0.9285 0.3598 0.0915
vn -0.8656 0.1917 0.4627
vn -0.8229 0.3598 0.4398
vn 0.9815 0.1917 -0.0000
vn 0.9330 0.3598 -0.0000
vn -0.8161 0.1917 0.5453
vn -0.7758 0.3598 0.5184
vn 0.9767 0.1917 -0.0962
vn 0.9285 0.3598 -0.0915
vn -0.7587 0.1917 0.6226
vn -0.7212 0.3598 0.5919
vn 0.9626 0.1917 -0.1915
vn 0.9151 0.3598 -0.1820
vn -0.6940 0.1917 0.6940
vn -0.6598 0.3598 0.6598
vn 0.9392 0.1917 -0.2849
vn 0.8929 0.3598 -0.2709
vn -0.6226 0.1917 0.7587
vn -0.5919 0.3598 0.7212
vn 0.9068 0.1917 -0.3756
vn 0.8620 0.3598 -0.3571
vn -0.5453 0.1917 0.8161
vn -0.5184 0.3598 0.7758
vn 0.8656 0.1917 -0.4627
vn 0.8229 0.3598 -0.4398
vn -0.4627 0.1917 0.8656
vn -0.4398 0.3598 0.8229
vn 0.8161 0.1917 -0.5453
vn 0.7758 0.3598 -0.5184
vn -0.3756 0.1917 0.9067
vn -0.3571 0.3598 0.8620
vn 0.7587 0.1917 -0.6226
vn 0.7212 0.3598 -0.5919
vn -0.2849 0.1917 0.9392
vn -0.2708 0.3598 0.8929
vn 0.6940 0.1917 -0.6940
vn 0.6598 0.3598 -0.6598
vn -0.1915 0.1917 0.9626
vn -0.1820 0.3598 0.9151
vn -0.3756 0.1917 -0.9068
vn -0.3571 0.3598 -0.8620
vn 0.6226 0.1917 -0.7587
vn 0.5919 0.3598 -0.7212
vn -0.0962 0.1917 0.9767
vn -0.0915 0.3598 0.9285
vn -0.4627 0.1917 -0.8656
vn -0.3756 0.1917 -0.9067
vn -0.4398 0.3598 -0.8229
vn 0.5453 0.1917 -0.8161
vn 0.5184 0.3598 -0.7758
vn -0.0000 0.1917 0.9815
vn -0.0000 0.3598 0.9330
vn -0.5453 0.1917 -0.8161
vn -0.5184 0.3598 -0.7758
vn 0.4627 0.1917 -0.8656
vn 0.4398 0.3598 -0.8229
vn 0.0962 0.1917 0.9767
vn 0.0915 0.3598 0.9285
vn -0.6226 0.1917 -0.7587
vn -0.5919 0.3598 -0.7212
vn 0.3756 0.1917 -0.9068
vn 0.3571 0.3598 -0.8620
vn -0.0513 0.8520 -0.5210
vn -0.0000 0.8520 -0.5236
vn -0.0344 0.9365 -0.3489
vn -0.0000 0.9365 -0.3505
vn -0.0184 0.9822 -0.1872
vn -0.0000 0.9822 -0.1881
vn -0.0051 0.9986 -0.0520
vn -0.0000 0.9986 -0.0523
vn -0.1311 0.7407 -0.6589
vn -0.1021 0.8520 -0.5135
vn -0.0684 0.9365 -0.3438
vn -0.0367 0.9822 -0.1845
vn -0.0102 0.9986 -0.0513
vn -0.1950 0.7407 -0.6429
vn -0.1520 0.8520 -0.5010
vn -0.1018 0.9365 -0.3355
vn -0.0546 0.9822 -0.1800
vn -0.0152 0.9986 -0.0500
vn -0.2571 0.7407 -0.6207
vn -0.2004 0.8520 -0.4837
vn -0.1341 0.9365 -0.3239
vn -0.0720 0.9822 -0.1738
vn -0.0200 0.9986 -0.0483
vn -0.2571 0.7407 -0.6206
vn -0.3167 0.7407 -0.5925
vn -0.2468 0.8520 -0.4617
vn -0.1652 0.9365 -0.3092
vn -0.1342 0.9365 -0.3239
vn -0.0887 0.9822 -0.1659
vn -0.0246 0.9986 -0.0461
vn -0.3732 0.7407 -0.5586
vn -0.2909 0.8520 -0.4353
vn -0.1948 0.9365 -0.2915
vn -0.1045 0.9822 -0.1564
vn -0.0290 0.9986 -0.0435
vn -0.4262 0.7407 -0.5193
vn -0.3321 0.8520 -0.4047
vn -0.2224 0.9365 -0.2710
vn -0.1193 0.9822 -0.1454
vn -0.0332 0.9986 -0.0404
vn -0.4750 0.7407 -0.4750
vn -0.3702 0.8520 -0.3702
vn -0.2479 0.9365 -0.2479
vn -0.1330 0.9822 -0.1330
vn -0.0370 0.9986 -0.0370
vn -0.5193 0.7407 -0.4262
vn -0.4047 0.8520 -0.3321
vn -0.2710 0.9365 -0.2224
vn -0.1454 0.9822 -0.1193
vn -0.0404 0.9986 -0.0332
vn -0.5586 0.7407 -0.3732
vn -0.4353 0.8520 -0.2909
vn -0.2915 0.9365 -0.1948
vn -0.1564 0.9822 -0.1045
vn -0.0435 0.9986 -0.0290
vn -0.5925 0.7407 -0.3167
vn -0.4617 0.8520 -0.2468
vn -0.3092 0.9365 -0.1652
vn -0.1659 0.9822 -0.0887
vn -0.0461 0.9986 -0.0246
vn -0.6206 0.7407 -0.2571
vn -0.4837 0.8520 -0.2004
vn -0.3239 0.9365 -0.1341
vn -0.1738 0.9822 -0.0720
vn -0.0483 0.9986 -0.0200
vn -0.6429 0.7407 -0.1950
vn -0.5010 0.8520 -0.1520
vn -0.3354 0.9365 -0.1018
vn -0.1800 0.9822 -0.0546
vn -0.0500 0.9986 -0.0152
vn -0.6589 0.7407 -0.1311
vn -0.5135 0.8520 -0.1021
vn -0.3438 0.9365 -0.0684
vn -0.1845 0.9822 -0.0367
vn -0.0513 0.9986 -0.0102
vn -0.6685 0.7407 -0.0659
vn -0.5210 0.8520 -0.0513
vn -0.3489 0.9365 -0.0344
vn -0.1872 0.9822 -0.0184
vn -0.0520 0.9986 -0.0051
vn -0.6718 0.7407 -0.0000
vn -0.5236 0.8520 -0.0000
vn -0.3505 0.9365 -0.0000
vn -0.1881 0.9822 -0.0000
vn -0.0523 0.9986 -0.0000
vn -0.6686 0.7407 0.0658
vn -0.5210 0.8520 0.0513
vn -0.3489 0.9365 0.0344
vn -0.1872 0.9822 0.0184
vn -0.0520 0.9986 0.0051
vn -0.6589 0.7407 0.1311
vn -0.5135 0.8520 0.1021
vn -0.3438 0.9365 0.0684
vn -0.1845 0.9822 0.0367
vn -0.0513 0.9986 0.0102
vn -0.6429 0.7407 0.1950
vn -0.5010 0.8520 0.1520
vn -0.3354 0.9365 0.1018
vn -0.1800 0.9822 0.0546
vn -0.0500 0.9986 0.0152
vn -0.6206 0.7407 0.2571
vn -0.4837 0.8520 0.2004
vn -0.3239 0.9365 0.1341
vn -0.1738 0.9822 0.0720
vn -0.0483 0.9986 0.0200
vn -0.5925 0.7407 0.3167
vn -0.4617 0.8520 0.2468
vn -0.3092 0.9365 0.1653
vn -0.1659 0.9822 0.0887
vn -0.0461 0.9986 0.0246
vn -0.5586 0.7407 0.3732
vn -0.4353 0.8520 0.2909
vn -0.2915 0.9365 0.1947
vn -0.1564 0.9822 0.1045
vn -0.0435 0.9986 0.0290
vn -0.5193 0.7407 0.4262
vn -0.4047 0.8520 0.3321
vn -0.2710 0.9365 0.2224
vn -0.1454 0.9822 0.1193
vn -0.0404 0.9986 0.0332
vn -0.4750 0.7407 0.4750
vn -0.3702 0.8520 0.3702
vn -0.2479 0.9365 0.2479
vn -0.1330 0.9822 0.1330
vn -0.0370 0.9986 0.0370
vn -0.4262 0.7407 0.5193
vn -0.3321 0.8520 0.4047
vn -0.2224 0.9365 0.2710
vn -0.1193 0.9822 0.1454
vn -0.0332 0.9986 0.0404
vn -0.3732 0.7407 0.5586
vn -0.2909 0.8520 0.4353
vn -0.1948 0.9365 0.2915
vn -0.1045 0.9822 0.1564
vn -0.0290 0.9986 0.0435
vn -0.3167 0.7407 0.5925
vn -0.2468 0.8520 0.4617
vn -0.1652 0.9365 0.3092
vn -0.0887 0.9822 0.1659
vn -0.0246 0.9986 0.0461
vn -0.2571 0.7407 0.6206
vn -0.2004 0.8520 0.4837
vn -0.1341 0.9365 0.3239
vn -0.0720 0.9822 0.1738
vn -0.0200 0.9986 0.0483
vn -0.1950 0.7407 0.6429
vn -0.1520 0.8520 0.5010
vn -0.1018 0.9365 0.3354
vn -0.0546 0.9822 0.1800
vn -0.0152 0.9986 0.0500
vn -0.1311 0.7407 0.6589
vn -0.1021 0.8520 0.5135
vn -0.0684 0.9365 0.3438
vn -0.0367 0.9822 0.1845
vn -0.0102 0.9986 0.0513
vn -0.0659 0.7407 0.6685
vn -0.0513 0.8520 0.5210
vn -0.0344 0.9365 0.3489
vn -0.0184 0.9822 0.1872
vn -0.0051 0.9986 0.0520
vn -0.0000 0.7407 0.6718
vn -0.0000 0.8520 0.5236
vn -0.0000 0.9365 0.3505
vn -0.0000 0.9822 0.1881
vn -0.0000 0.9986 0.0523
vn 0.0658 0.7407 0.6685
vn 0.0513 0.8520 0.5210
vn 0.0344 0.9365 0.3489
vn 0.0184 0.9822 0.1872
vn 0.0051 0.9986 0.0520
vn 0.1311 0.7407 0.6589
vn 0.1021 0.8520 0.5135
vn 0.0684 0.9365 0.3438
vn 0.0367 0.9822 0.1845
vn 0.0102 0.9986 0.0513
vn 0.1950 0.7407 0.6429
vn 0.1520 0.8520 0.5010
vn 0.1018 0.9365 0.3354
vn 0.0546 0.9822 0.1800
vn 0.0152 0.9986 0.0500
vn 0.2571 0.7407 0.6206
vn 0.2004 0.8520 0.4837
vn 0.1341 0.9365 0.3239
vn 0.0720 0.9822 0.1738
vn 0.0200 0.9986 0.0483
vn 0.3167 0.7407 0.5925
vn 0.2468 0.8520 0.4617
vn 0.1652 0.9365 0.3092
vn 0.0887 0.9822 0.1659
vn 0.0246 0.9986 0.0461
vn 0.3732 0.7407 0.5586
vn 0.2909 0.8520 0.4353
vn 0.1948 0.9365 0.2915
vn 0.1045 0.9822 0.1564
vn 0.0290 0.9986 0.0435
vn 0.4262 0.7407 0.5193
vn 0.3321 0.8520 0.4047
vn 0.2224 0.9365 0.2710
vn 0.1193 0.9822 0.1454
vn 0.0332 0.9986 0.0404
vn 0.4750 0.7407 0.4750
vn 0.3702 0.8520 0.3702
vn 0.2479 0.9365 0.2479
vn 0.1330 0.9822 0.1330
vn 0.0370 0.9986 0.0370
vn 0.5193 0.7407 0.4262
vn 0.4047 0.8520 0.3321
vn 0.2710 0.9365 0.2224
vn 0.1454 0.9822 0.1193
vn 0.0404 0.9986 0.0332
vn 0.5586 0.7407 0.3732
vn 0.4353 0.8520 0.2909
vn 0.2915 0.9365 0.1948
vn 0.1564 0.9822 0.1045
vn 0.0435 0.9986 0.0291
vn 0.5925 0.7407 0.3167
vn 0.4617 0.8520 0.2468
vn 0.3092 0.9365 0.1652
vn 0.1659 0.9822 0.0887
vn 0.0461 0.9986 0.0246
vn 0.6206 0.7407 0.2571
vn 0.4837 0.8520 0.2004
vn 0.3239 0.9365 0.1341
vn 0.1738 0.9822 0.0720
vn 0.0483 0.9986 0.0200
vn 0.6429 0.7407 0.1950
vn 0.5010 0.8520 0.1520
vn 0.3354 0.9365 0.1018
vn 0.1800 0.9822 0.0546
vn 0.0500 0.9986 0.0152
vn 0.6589 0.7407 0.1311
vn 0.5135 0.8520 0.1021
vn 0.3438 0.9365 0.0684
vn 0.1845 0.9822 0.0367
vn 0.0513 0.9986 0.0102
vn 0.6685 0.7407 0.0658
vn 0.5210 0.8520 0.0513
vn 0.3489 0.9365 0.0344
vn 0.1872 0.9822 0.0184
vn 0.0520 0.9986 0.0051
vn 0.6718 0.7407 -0.0000
vn 0.5236 0.8520 -0.0000
vn 0.3505 0.9365 -0.0000
vn 0.1881 0.9822 -0.0000
vn 0.0523 0.9986 -0.0000
vn 0.6686 0.7407 -0.0658
vn 0.5210 0.8520 -0.0513
vn 0.3489 0.9365 -0.0344
vn 0.1872 0.9822 -0.0184
vn 0.0520 0.9986 -0.0051
vn 0.6589 0.7407 -0.1311
vn 0.5135 0.8520 -0.1021
vn 0.3438 0.9365 -0.0684
vn 0.1845 0.9822 -0.0367
vn 0.0513 0.9986 -0.0102
vn 0.6429 0.7407 -0.1950
vn 0.5010 0.8520 -0.1520
vn 0.3354 0.9365 -0.1018
vn 0.1800 0.9822 -0.0546
vn 0.0500 0.9986 -0.0152
vn 0.6206 0.7407 -0.2571
vn 0.4837 0.8520 -0.2004
vn 0.3239 0.9365 -0.1341
vn 0.1738 0.9822 -0.0720
vn 0.0483 0.9986 -0.0200
vn 0.5925 0.7407 -0.3167
vn 0.4617 0.8520 -0.2468
vn 0.3092 0.9365 -0.1653
vn 0.1659 0.9822 -0.0887
vn 0.0461 0.9986 -0.0246
vn 0.5586 0.7407 -0.3732
vn 0.4353 0.8520 -0.2909
vn 0.2915 0.9365 -0.1948
vn 0.1564 0.9822 -0.1045
vn 0.0435 0.9986 -0.0290
vn 0.5193 0.7407 -0.4262
vn 0.4047 0.8520 -0.3321
vn 0.2710 0.9365 -0.2224
vn 0.1454 0.9822 -0.1193
vn 0.0404 0.9986 -0.0332
vn 0.4750 0.7407 -0.4750
vn 0.3702 0.8520 -0.3702
vn 0.2479 0.9365 -0.2479
vn 0.1330 0.9822 -0.1330
vn 0.0370 0.9986 -0.0370
vn 0.4262 0.7407 -0.5193
vn 0.3321 0.8520 -0.4047
vn 0.2224 0.9365 -0.2710
vn 0.1193 0.9822 -0.1454
vn 0.0332 0.9986 -0.0404
vn 0.3732 0.7407 -0.5586
vn 0.2909 0.8520 -0.4353
vn 0.1948 0.9365 -0.2915
vn 0.1045 0.9822 -0.1564
vn 0.0291 0.9986 -0.0435
vn 0.3167 0.7407 -0.5925
vn 0.2468 0.8520 -0.4617
vn 0.1652 0.9365 -0.3092
vn 0.0887 0.9822 -0.1659
vn 0.0246 0.9986 -0.0461
vn 0.2571 0.7407 -0.6206
vn 0.2004 0.8520 -0.4837
vn 0.1341 0.9365 -0.3239
vn 0.0720 0.9822 -0.1738
vn 0.0200 0.9986 -0.0483
vn 0.1950 0.7407 -0.6429
vn 0.1520 0.8520 -0.5010
vn 0.1018 0.9365 -0.3354
vn 0.0546 0.9822 -0.1800
vn 0.0152 0.9986 -0.0500
vn 0.1311 0.7407 -0.6589
vn 0.1021 0.8520 -0.5135
vn 0.0684 0.9365 -0.3438
vn 0.0367 0.9822 -0.1845
vn 0.0102 0.9986 -0.0513
vn 0.0659 0.7407 -0.6685
vn 0.0513 0.8520 -0.5210
vn 0.0344 0.9365 -0.3489
vn 0.0184 0.9822 -0.1872
vn 0.0051 0.9986 -0.0520
vn -0.0000 0.1917 -0.9815
vn -0.0000 0.3598 -0.9330
vn -0.1643 0.5395 -0.8258
vn -0.2444 0.5395 -0.8057
vn 0.7426 0.5395 -0.3969
vn 0.7001 0.5395 -0.4678
vn 0.7831 0.4600 -0.4186
vn 0.7383 0.4600 -0.4933
vn 0.7431 0.4486 -0.4965
vn 0.7882 0.4485 -0.4213
vn 0.7779 0.5395 -0.3222
vn 0.6864 0.4600 -0.5633
vn 0.6909 0.4486 -0.5670
vn 0.0825 0.5395 -0.8379
vn 0.8057 0.5395 -0.2444
vn 0.6279 0.4600 -0.6279
vn 0.6320 0.4485 -0.6320
vn 0.8258 0.5395 -0.1643
vn 0.5633 0.4600 -0.6864
vn 0.5670 0.4486 -0.6909
vn 0.8379 0.5395 -0.0825
vn 0.4933 0.4600 -0.7383
vn 0.4965 0.4486 -0.7431
vn 0.8420 0.5395 -0.0000
vn 0.4186 0.4600 -0.7831
vn 0.4213 0.4485 -0.7882
vn 0.8379 0.5395 0.0825
vn 0.3398 0.4600 -0.8203
vn 0.3420 0.4485 -0.8257
vn 0.8258 0.5395 0.1643
vn 0.2577 0.4600 -0.8497
vn 0.2595 0.4486 -0.8553
vn 0.8057 0.5395 0.2444
vn 0.1732 0.4600 -0.8709
vn 0.1744 0.4485 -0.8766
vn 0.7779 0.5395 0.3222
vn 0.0870 0.4600 -0.8836
vn 0.0876 0.4485 -0.8895
vn 0.7426 0.5395 0.3969
vn -0.0000 0.4600 -0.8879
vn -0.0000 0.4485 -0.8938
vn 0.7001 0.5395 0.4678
vn -0.0870 0.4600 -0.8836
vn -0.0876 0.4485 -0.8895
vn 0.6509 0.5395 0.5342
vn -0.1732 0.4600 -0.8709
vn -0.1744 0.4485 -0.8766
vn 0.5954 0.5395 0.5954
vn -0.2578 0.4600 -0.8497
vn -0.2594 0.4486 -0.8553
vn 0.5342 0.5395 0.6509
vn -0.3398 0.4600 -0.8203
vn -0.3420 0.4485 -0.8257
vn 0.4678 0.5395 0.7001
vn -0.4186 0.4600 -0.7831
vn -0.4213 0.4485 -0.7882
vn 0.3969 0.5395 0.7426
vn -0.4933 0.4600 -0.7383
vn -0.4965 0.4486 -0.7431
vn 0.3222 0.5395 0.7779
vn -0.5633 0.4600 -0.6864
vn -0.5670 0.4486 -0.6909
vn 0.2444 0.5395 0.8057
vn -0.6279 0.4600 -0.6279
vn -0.6320 0.4485 -0.6320
vn 0.1643 0.5395 0.8258
vn -0.6864 0.4600 -0.5633
vn -0.6909 0.4486 -0.5670
vn 0.0825 0.5395 0.8379
vn -0.7383 0.4600 -0.4933
vn -0.7431 0.4486 -0.4965
vn -0.0000 0.5395 0.8420
vn -0.7831 0.4600 -0.4186
vn -0.7882 0.4485 -0.4213
vn -0.0825 0.5395 0.8379
vn -0.8203 0.4600 -0.3398
vn -0.8257 0.4485 -0.3420
vn -0.1643 0.5395 0.8258
vn -0.8497 0.4600 -0.2577
vn -0.8553 0.4486 -0.2594
vn -0.2444 0.5395 0.8057
vn -0.8709 0.4600 -0.1732
vn -0.8766 0.4485 -0.1744
vn -0.3222 0.5395 0.7779
vn -0.8836 0.4600 -0.0870
vn -0.8895 0.4485 -0.0876
vn -0.3969 0.5395 0.7426
vn -0.8879 0.4600 -0.0000
vn -0.8938 0.4485 -0.0000
vn -0.4678 0.5395 0.7001
vn -0.8836 0.4600 0.0870
vn -0.8895 0.4485 0.0876
vn -0.5342 0.5395 0.6509
vn -0.8709 0.4600 0.1732
vn -0.8766 0.4485 0.1744
vn -0.5954 0.5395 0.5954
vn -0.8497 0.4600 0.2578
vn -0.8553 0.4486 0.2594
vn -0.6509 0.5395 0.5342
vn -0.0953 0.8725 -0.4792
vn -0.0479 0.8725 -0.4862
vn 0.0222 0.9740 0.2253
vn 0.0442 0.9740 0.2220
vn 0.3875 0.6321 -0.6711
vn -0.0000 0.6321 -0.7749
vn -0.0000 0.8656 -0.5007
vn 0.2504 0.8656 -0.4337
vn 0.0479 0.8725 -0.4862
vn 0.0953 0.8725 -0.4792
vn -0.0441 0.9740 0.2220
vn -0.0222 0.9740 0.2253
vn 0.1418 0.8725 -0.4675
vn -0.0657 0.9740 0.2166
vn 0.1870 0.8725 -0.4514
vn -0.0866 0.9740 0.2092
vn 0.2303 0.8725 -0.4309
vn -0.1067 0.9740 0.1997
vn 0.2714 0.8725 -0.4062
vn -0.1257 0.9740 0.1882
vn 0.3099 0.8725 -0.3776
vn -0.1436 0.9740 0.1750
vn 0.3455 0.8725 -0.3455
vn -0.1600 0.9740 0.1601
vn 0.3777 0.8725 -0.3099
vn -0.1750 0.9740 0.1436
vn 0.4062 0.8725 -0.2714
vn -0.1882 0.9740 0.1258
vn 0.4309 0.8725 -0.2303
vn -0.1996 0.9740 0.1067
vn 0.4514 0.8725 -0.1870
vn -0.2091 0.9740 0.0867
vn 0.4675 0.8725 -0.1418
vn -0.2166 0.9740 0.0657
vn 0.4792 0.8725 -0.0953
vn -0.2220 0.9740 0.0442
vn 0.4862 0.8725 -0.0479
vn -0.2253 0.9740 0.0222
vn 0.4885 0.8725 -0.0000
vn -0.2264 0.9740 -0.0000
vn 0.4862 0.8725 0.0479
vn -0.2253 0.9740 -0.0222
vn 0.4792 0.8725 0.0953
vn -0.2220 0.9740 -0.0441
vn 0.4675 0.8725 0.1418
vn -0.2166 0.9740 -0.0657
vn 0.4514 0.8725 0.1870
vn -0.2092 0.9740 -0.0866
vn 0.4309 0.8725 0.2303
vn -0.1997 0.9740 -0.1067
vn 0.4062 0.8725 0.2714
vn -0.1882 0.9740 -0.1257
vn 0.3776 0.8725 0.3099
vn -0.1750 0.9740 -0.1436
vn 0.3455 0.8725 0.3455
vn -0.1601 0.9740 -0.1600
vn 0.3099 0.8725 0.3777
vn -0.1436 0.9740 -0.1750
vn 0.2714 0.8725 0.4062
vn -0.1258 0.9740 -0.1882
vn 0.2303 0.8725 0.4309
vn -0.1067 0.9740 -0.1996
vn 0.1870 0.8725 0.4514
vn -0.0867 0.9740 -0.2091
vn 0.1418 0.8725 0.4675
vn -0.0657 0.9740 -0.2166
vn 0.0953 0.8725 0.4792
vn -0.0442 0.9740 -0.2220
vn 0.0479 0.8725 0.4862
vn -0.0222 0.9740 -0.2253
vn -0.0000 0.8725 0.4885
vn -0.0000 0.9740 -0.2264
vn -0.0479 0.8725 0.4862
vn 0.0222 0.9740 -0.2253
vn -0.0953 0.8725 0.4792
vn 0.0441 0.9740 -0.2220
vn -0.1418 0.8725 0.4675
vn 0.0657 0.9740 -0.2166
vn -0.1870 0.8725 0.4514
vn 0.0866 0.9740 -0.2092
vn -0.2303 0.8725 0.4309
vn 0.1067 0.9740 -0.1997
vn -0.2714 0.8725 0.4062
vn 0.1257 0.9740 -0.1882
vn -0.3099 0.8725 0.3776
vn 0.1436 0.9740 -0.1750
vn -0.3455 0.8725 0.3455
vn 0.1600 0.9740 -0.1601
vn -0.3777 0.8725 0.3099
vn 0.1750 0.9740 -0.1436
vn -0.4062 0.8725 0.2714
vn 0.1882 0.9740 -0.1258
vn -0.4309 0.8725 0.2303
vn 0.1996 0.9740 -0.1067
vn -0.4514 0.8725 0.1870
vn 0.2091 0.9740 -0.0867
vn -0.4675 0.8725 0.1418
vn 0.2166 0.9740 -0.0657
vn -0.4792 0.8725 0.0953
vn 0.2220 0.9740 -0.0442
vn -0.4862 0.8725 0.0479
vn 0.2253 0.9740 -0.0222
vn -0.4885 0.8725 -0.0000
vn 0.2264 0.9740 -0.0000
vn -0.4862 0.8725 -0.0479
vn 0.2253 0.9740 0.0222
vn -0.4792 0.8725 -0.0953
vn 0.2220 0.9740 0.0441
vn -0.4675 0.8725 -0.1418
vn 0.2166 0.9740 0.0657
vn -0.4514 0.8725 -0.1870
vn 0.2092 0.9740 0.0866
vn -0.4309 0.8725 -0.2303
vn 0.1997 0.9740 0.1067
vn -0.4062 0.8725 -0.2714
vn 0.1882 0.9740 0.1257
vn -0.3776 0.8725 -0.3099
vn 0.1750 0.9740 0.1436
vn -0.3455 0.8725 -0.3455
vn 0.1601 0.9740 0.1600
vn -0.3099 0.8725 -0.3777
vn 0.1436 0.9740 0.1750
vn -0.2714 0.8725 -0.4062
vn 0.1258 0.9740 0.1882
vn -0.2303 0.8725 -0.4309
vn 0.1067 0.9740 0.1996
vn -0.1870 0.8725 -0.4514
vn 0.0867 0.9740 0.2091
vn -0.1418 0.8725 -0.4675
vn 0.0657 0.9740 0.2166
vn 0.0866 0.9740 0.2091
vn -0.0000 0.8725 -0.4885
vn -0.0000 0.9740 0.2264
vn 0.8203 0.4600 -0.3398
vn 0.8257 0.4485 -0.3420
vn 0.6509 0.5395 -0.5342
vn -0.3222 0.5395 -0.7779
vn 0.8497 0.4600 -0.2578
vn 0.8553 0.4486 -0.2594
vn 0.5954 0.5395 -0.5954
vn -0.3969 0.5395 -0.7426
vn 0.8709 0.4600 -0.1732
vn 0.8766 0.4485 -0.1744
vn 0.5342 0.5395 -0.6509
vn -0.4678 0.5395 -0.7001
vn 0.8836 0.4600 -0.0870
vn 0.8895 0.4485 -0.0876
vn 0.4678 0.5395 -0.7001
vn -0.5342 0.5395 -0.6509
vn 0.8879 0.4600 -0.0000
vn 0.8938 0.4485 -0.0000
vn 0.3969 0.5395 -0.7426
vn -0.5954 0.5395 -0.5954
vn 0.8836 0.4600 0.0870
vn 0.8895 0.4485 0.0876
vn 0.3222 0.5395 -0.7779
vn -0.6509 0.5395 -0.5342
vn 0.8709 0.4600 0.1732
vn 0.8766 0.4485 0.1744
vn 0.2444 0.5395 -0.8057
vn -0.7001 0.5395 -0.4678
vn 0.8497 0.4600 0.2577
vn 0.8553 0.4486 0.2594
vn 0.0870 0.4600 0.8836
vn 0.0876 0.4485 0.8895
vn 0.1643 0.5395 -0.8258
vn -0.7426 0.5395 -0.3969
vn 0.8203 0.4600 0.3398
vn 0.8257 0.4485 0.3420
vn -0.7779 0.5395 -0.3222
vn 0.7831 0.4600 0.4186
vn 0.7882 0.4485 0.4213
vn -0.1732 0.4600 0.8709
vn -0.1744 0.4485 0.8766
vn -0.0962 0.1917 -0.9767
vn -0.0915 0.3598 -0.9285
vn -0.8057 0.5395 -0.2444
vn 0.7383 0.4600 0.4933
vn 0.7431 0.4486 0.4965
vn -0.2577 0.4600 0.8497
vn -0.2595 0.4486 0.8553
vn -0.8258 0.5395 -0.1643
vn 0.6864 0.4600 0.5633
vn 0.6909 0.4486 0.5670
vn -0.3398 0.4600 0.8203
vn -0.3420 0.4485 0.8257
vn -0.8379 0.5395 -0.0825
vn 0.6279 0.4600 0.6279
vn 0.6320 0.4485 0.6320
vn -0.4186 0.4600 0.7831
vn -0.4213 0.4485 0.7882
vn -0.8420 0.5395 -0.0000
vn 0.5633 0.4600 0.6864
vn 0.5670 0.4486 0.6909
vn -0.4933 0.4600 0.7383
vn -0.4965 0.4486 0.7431
vn -0.8379 0.5395 0.0825
vn 0.4933 0.4600 0.7383
vn 0.4965 0.4486 0.7431
vn -0.5633 0.4600 0.6864
vn -0.5670 0.4486 0.6909
vn -0.8258 0.5395 0.1643
vn 0.4186 0.4600 0.7831
vn 0.4213 0.4485 0.7882
vn -0.6279 0.4600 0.6279
vn -0.6320 0.4485 0.6320
vn -0.8057 0.5395 0.2444
vn 0.3398 0.4600 0.8203
vn 0.3420 0.4485 0.8257
vn -0.6864 0.4600 0.5633
vn -0.6909 0.4486 0.5670
vn -0.7779 0.5395 0.3222
vn 0.2578 0.4600 0.8497
vn 0.2594 0.4486 0.8553
vn -0.7383 0.4600 0.4933
vn -0.7431 0.4486 0.4965
vn -0.7426 0.5395 0.3969
vn 0.1732 0.4600 0.8709
vn 0.1744 0.4485 0.8766
vn -0.7831 0.4600 0.4186
vn -0.7882 0.4485 0.4213
vn -0.7001 0.5395 0.4678
vn -0.8203 0.4600 0.3398
vn -0.8257 0.4485 0.3420
vn -0.0000 0.2000 0.9798
vn 0.4899 0.2000 0.8485
vn 0.4728 0.3256 0.8188
vn -0.0000 0.3255 0.9455
vn -0.9798 0.2001 -0.0000
vn -0.8485 0.2000 0.4899
vn -0.8188 0.3256 0.4728
vn -0.9455 0.3256 -0.0000
vn 0.8485 0.2000 -0.4899
vn 0.4899 0.2000 -0.8485
vn 0.4728 0.3256 -0.8188
vn 0.8188 0.3256 -0.4728
vn 0.8485 0.2000 0.4899
vn 0.8189 0.3256 0.4727
vn -0.4899 0.2000 0.8485
vn -0.4728 0.3256 0.8188
vn -0.4899 0.2000 -0.8485
vn -0.8485 0.2000 -0.4899
vn -0.8189 0.3256 -0.4727
vn -0.4728 0.3256 -0.8188
vn 0.9798 0.2001 -0.0000
vn 0.9455 0.3256 -0.0000
vn -0.0000 0.2000 -0.9798
vn -0.0000 0.3255 -0.9455
vn -0.3875 0.6321 -0.6711
vn -0.1393 0.9604 -0.2412
vn -0.0000 1.0000 -0.0000
vn -0.0000 0.9604 -0.2785
vn -0.6711 0.6321 -0.3875
vn -0.4336 0.8656 -0.2504
vn -0.2504 0.8656 -0.4337
vn -0.2412 0.9604 -0.1393
vn -0.7749 0.6321 -0.0000
vn -0.5008 0.8656 -0.0000
vn -0.2785 0.9604 -0.0000
vn -0.6711 0.6321 0.3875
vn -0.4336 0.8656 0.2504
vn -0.2412 0.9604 0.1393
vn -0.3875 0.6321 0.6711
vn -0.2504 0.8656 0.4337
vn -0.1393 0.9604 0.2412
vn -0.0000 0.6321 0.7749
vn -0.0000 0.8656 0.5007
vn -0.0000 0.9604 0.2785
vn 0.3875 0.6321 0.6711
vn 0.2504 0.8656 0.4337
vn 0.1393 0.9604 0.2412
vn 0.6711 0.6321 0.3875
vn 0.4336 0.8656 0.2504
vn 0.2412 0.9604 0.1393
vn 0.7749 0.6321 -0.0000
vn 0.5008 0.8656 -0.0000
vn 0.2785 0.9604 -0.0000
vn 0.6711 0.6321 -0.3874
vn 0.4336 0.8656 -0.2504
vn 0.2412 0.9604 -0.1393
vn 0.1393 0.9604 -0.2412
vn -0.3874 0.6321 -0.6711
vn -0.2504 0.8656 -0.4336
vn -0.4728 0.3255 0.8188
vn -0.8189 0.3256 0.4728
vn 0.4899 0.2001 -0.8485
vn -0.9798 0.2000 -0.0000
vn -0.9455 0.3255 -0.0000
vn -0.8189 0.3255 -0.4728
vn 0.8188 0.3255 -0.4728
vn -0.4898 0.2001 -0.8485
vn -0.6711 0.6321 -0.3874
vn -0.6711 0.6321 0.3874
vn -0.4336 0.8656 0.2503
vn -0.1392 0.9604 0.2412
vn 0.6711 0.6321 0.3874
vn 0.3874 0.6321 -0.6711
vn 0.2503 0.8656 -0.4336
vn -0.4337 0.8656 -0.2504
vn -0.2503 0.8656 -0.4336
vn 0.8485 0.2001 0.4899
vn 0.9798 0.2000 -0.0000
vn 0.9455 0.3255 -0.0000
vn 0.8188 0.3256 0.4728
vn -0.4728 0.3256 0.8189
vn -0.0000 0.2001 -0.9798
vn -0.0000 0.3256 -0.9455
vn 0.8485 0.2001 -0.4899
vn 0.4728 0.3255 0.8188
vn -0.8188 0.3255 0.4728
vn 0.4728 0.3255 -0.8189
vn -0.8188 0.3256 -0.4728
vn -0.4337 0.8656 0.2504
vn -0.5007 0.8656 -0.0000
vn -0.3874 0.6321 0.6711
vn -0.2503 0.8656 0.4336
vn 0.3874 0.6321 0.6711
vn 0.2504 0.8656 0.4336
vn 0.5007 0.8656 -0.0000
vn 0.6711 0.6321 -0.3875
vn 0.4336 0.8656 -0.2503
vn 0.2504 0.8656 -0.4336
vn -0.0000 0.8656 -0.5008
vn -0.0000 0.2001 0.9798
vn -0.0000 0.3256 0.9455
vn 0.4727 0.3256 -0.8189
vn -0.4727 0.3256 0.8189
vn -0.2504 0.8656 0.4336
vn -0.0000 0.8656 0.5008
vn 0.4337 0.8656 0.2504
vn 0.4337 0.8656 -0.2504
vn 0.8188 0.3255 0.4728
vn 0.4728 0.3256 0.8189
vn -0.8485 0.2001 -0.4899
vn -0.4728 0.3255 0.8189
vn -0.4728 0.3255 -0.8188
vn -0.8485 0.2001 0.4899
vn 0.2503 0.8656 0.4336
vn 0.2412 0.9604 0.1392
vn 0.8189 0.3256 0.4728
vn -0.4899 0.2001 -0.8485
vn 0.1392 0.9604 -0.2412
vn 0.4728 0.3255 -0.8188
vn 0.8189 0.3255 0.4728
vn -0.8189 0.3255 0.4728
vn 0.4898 0.2001 0.8485
vn 0.4728 0.3256 -0.8189
vn -0.4899 0.2001 0.8485
vn -0.2412 0.9604 -0.1392
vn -0.0000 0.6320 0.7749
vn 0.4728 0.3255 0.8189
vn -0.8189 0.3256 -0.4728
vn 0.4899 0.2001 0.8485
vn -0.0000 -0.3598 -0.9330
vn -0.0000 -0.1917 -0.9815
vn -0.0962 -0.1917 -0.9767
vn -0.0915 -0.3598 -0.9285
vn 0.4441 -0.8640 -0.2374
vn -0.1786 -0.9793 0.0955
vn -0.1684 -0.9793 0.1125
vn 0.4187 -0.8640 -0.2798
vn -0.2374 -0.8640 0.4441
vn 0.0955 -0.9793 -0.1786
vn 0.0775 -0.9793 -0.1871
vn -0.1927 -0.8640 0.4652
vn -0.0494 -0.8640 -0.5011
vn 0.0199 -0.9793 0.2016
vn 0.0395 -0.9793 0.1986
vn -0.0982 -0.8640 -0.4939
vn -0.1566 -0.9793 0.1285
vn 0.3893 -0.8640 -0.3195
vn 0.0588 -0.9793 -0.1938
vn -0.1462 -0.8640 0.4819
vn 0.0494 -0.8640 -0.5011
vn -0.0199 -0.9793 0.2016
vn -0.0000 -0.9793 0.2025
vn -0.0000 -0.8640 -0.5035
vn -0.1432 -0.9793 0.1432
vn 0.3561 -0.8640 -0.3561
vn 0.0395 -0.9793 -0.1986
vn -0.0982 -0.8640 0.4939
vn -0.1462 -0.8640 -0.4819
vn 0.0588 -0.9793 0.1938
vn 0.0775 -0.9793 0.1871
vn -0.1927 -0.8640 -0.4652
vn -0.1285 -0.9793 0.1566
vn 0.3195 -0.8640 -0.3893
vn 0.0199 -0.9793 -0.2016
vn -0.0494 -0.8640 0.5011
vn 0.0955 -0.9793 0.1786
vn -0.2374 -0.8640 -0.4441
vn -0.1125 -0.9793 0.1684
vn 0.2798 -0.8640 -0.4187
vn -0.0000 -0.9793 -0.2025
vn -0.0000 -0.8640 0.5035
vn 0.1125 -0.9793 0.1684
vn -0.2798 -0.8640 -0.4187
vn -0.0955 -0.9793 0.1786
vn 0.2374 -0.8640 -0.4441
vn -0.0199 -0.9793 -0.2016
vn 0.0494 -0.8640 0.5011
vn 0.1285 -0.9793 0.1566
vn -0.3195 -0.8640 -0.3893
vn -0.0775 -0.9793 0.1871
vn 0.1927 -0.8640 -0.4652
vn -0.0395 -0.9793 -0.1986
vn 0.0982 -0.8640 0.4939
vn 0.1432 -0.9793 0.1432
vn -0.3561 -0.8640 -0.3561
vn -0.0588 -0.9793 0.1938
vn 0.1462 -0.8640 -0.4819
vn -0.0588 -0.9793 -0.1938
vn 0.1462 -0.8640 0.4819
vn 0.1566 -0.9793 0.1285
vn -0.3893 -0.8640 -0.3195
vn -0.0395 -0.9793 0.1986
vn 0.0982 -0.8640 -0.4939
vn -0.0775 -0.9793 -0.1871
vn 0.1927 -0.8640 0.4652
vn 0.1684 -0.9793 0.1125
vn -0.4187 -0.8640 -0.2797
vn -0.0955 -0.9793 -0.1786
vn 0.2374 -0.8640 0.4441
vn 0.1786 -0.9793 0.0955
vn -0.4441 -0.8640 -0.2374
vn -0.0000 -0.4485 0.8938
vn -0.0000 -0.4600 0.8879
vn -0.0870 -0.4600 0.8836
vn -0.0876 -0.4485 0.8895
vn -0.1125 -0.9793 -0.1684
vn 0.2798 -0.8640 0.4187
vn 0.1871 -0.9793 0.0775
vn -0.4652 -0.8640 -0.1927
vn -0.1285 -0.9793 -0.1566
vn 0.3195 -0.8640 0.3893
vn 0.1938 -0.9793 0.0588
vn -0.4819 -0.8640 -0.1462
vn -0.1432 -0.9793 -0.1432
vn 0.3561 -0.8640 0.3561
vn 0.1986 -0.9793 0.0395
vn -0.4939 -0.8640 -0.0982
vn -0.1566 -0.9793 -0.1285
vn 0.3893 -0.8640 0.3195
vn 0.2016 -0.9793 0.0199
vn -0.5011 -0.8640 -0.0494
vn -0.1684 -0.9793 -0.1125
vn 0.4187 -0.8640 0.2798
vn 0.2025 -0.9793 -0.0000
vn -0.5035 -0.8640 -0.0000
vn -0.1786 -0.9793 -0.0955
vn 0.4441 -0.8640 0.2374
vn 0.2016 -0.9793 -0.0199
vn -0.5011 -0.8640 0.0494
vn -0.1871 -0.9793 -0.0775
vn 0.4652 -0.8640 0.1927
vn 0.1986 -0.9793 -0.0395
vn -0.4939 -0.8640 0.0982
vn -0.1938 -0.9793 -0.0588
vn 0.4819 -0.8640 0.1462
vn 0.1938 -0.9793 -0.0588
vn -0.4819 -0.8640 0.1462
vn -0.1986 -0.9793 -0.0395
vn 0.4939 -0.8640 0.0982
vn 0.1871 -0.9793 -0.0775
vn -0.4652 -0.8640 0.1927
vn -0.2016 -0.9793 -0.0199
vn 0.5011 -0.8640 0.0494
vn 0.1786 -0.9793 -0.0955
vn -0.4441 -0.8640 0.2374
vn -0.2025 -0.9793 -0.0000
vn 0.5035 -0.8640 -0.0000
vn 0.1684 -0.9793 -0.1125
vn -0.4187 -0.8640 0.2798
vn -0.2016 -0.9793 0.0199
vn 0.5011 -0.8640 -0.0494
vn 0.1566 -0.9793 -0.1285
vn -0.3893 -0.8640 0.3195
vn -0.1986 -0.9793 0.0395
vn 0.4939 -0.8640 -0.0982
vn 0.1432 -0.9793 -0.1432
vn -0.3561 -0.8640 0.3561
vn -0.1938 -0.9793 0.0588
vn 0.4819 -0.8640 -0.1462
vn 0.1285 -0.9793 -0.1566
vn -0.3195 -0.8640 0.3893
vn -0.1871 -0.9793 0.0775
vn 0.4652 -0.8640 -0.1927
vn 0.1125 -0.9793 -0.1684
vn -0.2798 -0.8640 0.4187
vn 0.1820 -0.3598 0.9151
vn 0.1915 -0.1917 0.9626
vn 0.2849 -0.1917 0.9392
vn 0.2708 -0.3598 0.8929
vn -0.1915 -0.1917 -0.9626
vn -0.1820 -0.3598 -0.9151
vn -0.6598 -0.3598 -0.6598
vn -0.6940 -0.1917 -0.6940
vn -0.7587 -0.1917 -0.6226
vn -0.7212 -0.3598 -0.5919
vn 0.2708 -0.3598 -0.8929
vn 0.2849 -0.1917 -0.9392
vn 0.1915 -0.1917 -0.9626
vn 0.1820 -0.3598 -0.9151
vn 0.3756 -0.1917 0.9068
vn 0.3571 -0.3598 0.8620
vn -0.8161 -0.1917 -0.5453
vn -0.7758 -0.3598 -0.5184
vn 0.0962 -0.1917 -0.9767
vn 0.0915 -0.3598 -0.9285
vn 0.4627 -0.1917 0.8656
vn 0.4398 -0.3598 0.8229
vn -0.8656 -0.1917 -0.4627
vn -0.8229 -0.3598 -0.4398
vn 0.5453 -0.1917 0.8161
vn 0.5184 -0.3598 0.7758
vn -0.9067 -0.1917 -0.3756
vn -0.8620 -0.3598 -0.3571
vn 0.6226 -0.1917 0.7587
vn 0.5919 -0.3598 0.7213
vn -0.9392 -0.1917 -0.2849
vn -0.8929 -0.3598 -0.2709
vn -0.2849 -0.1917 -0.9392
vn -0.2708 -0.3598 -0.8929
vn 0.6940 -0.1917 0.6940
vn 0.6598 -0.3598 0.6598
vn -0.9626 -0.1917 -0.1915
vn -0.9151 -0.3598 -0.1820
vn 0.7587 -0.1917 0.6226
vn 0.7212 -0.3598 0.5919
vn -0.9767 -0.1917 -0.0962
vn -0.9285 -0.3598 -0.0915
vn 0.8161 -0.1917 0.5453
vn 0.7758 -0.3598 0.5184
vn -0.9815 -0.1917 -0.0000
vn -0.9330 -0.3598 -0.0000
vn 0.8656 -0.1917 0.4627
vn 0.8229 -0.3598 0.4398
vn -0.9767 -0.1917 0.0962
vn -0.9285 -0.3598 0.0915
vn 0.9067 -0.1917 0.3756
vn 0.8620 -0.3598 0.3571
vn -0.9626 -0.1917 0.1915
vn -0.9151 -0.3598 0.1820
vn 0.9392 -0.1917 0.2849
vn 0.8929 -0.3598 0.2709
vn -0.9392 -0.1917 0.2849
vn -0.8929 -0.3598 0.2708
vn 0.9626 -0.1917 0.1915
vn 0.9151 -0.3598 0.1820
vn -0.9068 -0.1917 0.3756
vn -0.8620 -0.3598 0.3571
vn 0.9767 -0.1917 0.0962
vn 0.9285 -0.3598 0.0915
vn -0.8656 -0.1917 0.4627
vn -0.8229 -0.3598 0.4398
vn 0.9815 -0.1917 -0.0000
vn 0.9330 -0.3598 -0.0000
vn -0.8161 -0.1917 0.5453
vn -0.7758 -0.3598 0.5184
vn 0.9767 -0.1917 -0.0962
vn 0.9285 -0.3598 -0.0915
vn -0.7587 -0.1917 0.6226
vn -0.7213 -0.3598 0.5919
vn 0.9626 -0.1917 -0.1915
vn 0.9151 -0.3598 -0.1820
vn -0.6940 -0.1917 0.6940
vn -0.6598 -0.3598 0.6598
vn 0.9392 -0.1917 -0.2849
vn 0.8929 -0.3598 -0.2708
vn -0.6226 -0.1917 0.7587
vn -0.5919 -0.3598 0.7212
vn 0.9068 -0.1917 -0.3756
vn 0.8620 -0.3598 -0.3571
vn -0.5453 -0.1917 0.8161
vn -0.5184 -0.3598 0.7758
vn 0.8656 -0.1917 -0.4627
vn 0.8229 -0.3598 -0.4398
vn -0.4627 -0.1917 0.8656
vn -0.4398 -0.3598 0.8229
vn 0.8161 -0.1917 -0.5453
vn 0.7758 -0.3598 -0.5184
vn -0.3756 -0.1917 0.9067
vn -0.3571 -0.3598 0.8620
vn 0.7587 -0.1917 -0.6226
vn 0.7213 -0.3598 -0.5919
vn -0.2849 -0.1917 0.9392
vn -0.2708 -0.3598 0.8929
vn 0.6940 -0.1917 -0.6940
vn 0.6598 -0.3598 -0.6598
vn -0.1915 -0.1917 0.9626
vn -0.1820 -0.3598 0.9151
vn -0.3756 -0.1917 -0.9068
vn -0.3571 -0.3598 -0.8620
vn 0.6226 -0.1917 -0.7587
vn 0.5919 -0.3598 -0.7212
vn -0.0962 -0.1917 0.9767
vn -0.0915 -0.3598 0.9285
vn -0.4627 -0.1917 -0.8656
vn -0.4398 -0.3598 -0.8229
vn 0.5453 -0.1917 -0.8161
vn 0.5184 -0.3598 -0.7758
vn -0.0000 -0.1917 0.9815
vn -0.0000 -0.3598 0.9330
vn -0.5453 -0.1917 -0.8161
vn -0.5184 -0.3598 -0.7758
vn 0.4627 -0.1917 -0.8656
vn 0.4398 -0.3598 -0.8229
vn 0.0962 -0.1917 0.9767
vn 0.0915 -0.3598 0.9285
vn -0.6226 -0.1917 -0.7587
vn -0.5919 -0.3598 -0.7213
vn 0.3756 -0.1917 -0.9067
vn 0.3571 -0.3598 -0.8620
vn -0.0325 -0.9435 -0.3298
vn -0.0658 -0.7407 -0.6685
vn -0.0000 -0.7407 -0.6718
vn -0.0000 -0.9435 -0.3314
vn -0.0000 -1.0000 -0.0000
vn -0.0647 -0.9435 -0.3250
vn -0.1311 -0.7407 -0.6589
vn -0.0962 -0.9435 -0.3172
vn -0.1950 -0.7407 -0.6429
vn -0.1268 -0.9435 -0.3062
vn -0.2571 -0.7407 -0.6207
vn -0.1562 -0.9435 -0.2923
vn -0.3167 -0.7407 -0.5925
vn -0.2571 -0.7407 -0.6206
vn -0.1841 -0.9435 -0.2756
vn -0.3732 -0.7407 -0.5586
vn -0.2103 -0.9435 -0.2562
vn -0.4262 -0.7407 -0.5193
vn -0.2344 -0.9435 -0.2344
vn -0.4750 -0.7407 -0.4750
vn -0.2562 -0.9435 -0.2103
vn -0.5193 -0.7407 -0.4262
vn -0.2756 -0.9435 -0.1841
vn -0.5586 -0.7407 -0.3732
vn -0.2923 -0.9435 -0.1562
vn -0.5925 -0.7407 -0.3167
vn -0.3062 -0.9435 -0.1268
vn -0.6206 -0.7407 -0.2571
vn -0.3172 -0.9435 -0.0962
vn -0.6429 -0.7407 -0.1950
vn -0.3250 -0.9435 -0.0647
vn -0.6589 -0.7407 -0.1311
vn -0.3298 -0.9435 -0.0325
vn -0.6685 -0.7407 -0.0658
vn -0.3314 -0.9435 -0.0000
vn -0.6718 -0.7407 -0.0000
vn -0.3298 -0.9435 0.0325
vn -0.6686 -0.7407 0.0658
vn -0.3250 -0.9435 0.0647
vn -0.6589 -0.7407 0.1311
vn -0.3172 -0.9435 0.0962
vn -0.6429 -0.7407 0.1950
vn -0.3062 -0.9435 0.1268
vn -0.6206 -0.7407 0.2571
vn -0.2923 -0.9435 0.1562
vn -0.5925 -0.7407 0.3167
vn -0.2756 -0.9435 0.1841
vn -0.5586 -0.7407 0.3732
vn -0.2562 -0.9435 0.2102
vn -0.5193 -0.7407 0.4262
vn -0.2343 -0.9435 0.2344
vn -0.4750 -0.7407 0.4750
vn -0.2103 -0.9435 0.2562
vn -0.4262 -0.7407 0.5193
vn -0.1841 -0.9435 0.2756
vn -0.3732 -0.7407 0.5586
vn -0.1562 -0.9435 0.2923
vn -0.3167 -0.7407 0.5925
vn -0.1268 -0.9435 0.3062
vn -0.2571 -0.7407 0.6206
vn -0.0962 -0.9435 0.3172
vn -0.1950 -0.7407 0.6429
vn -0.0647 -0.9435 0.3250
vn -0.1311 -0.7407 0.6589
vn -0.0325 -0.9435 0.3298
vn -0.0659 -0.7407 0.6685
vn -0.0000 -0.9435 0.3314
vn -0.0000 -0.7407 0.6718
vn 0.0325 -0.9435 0.3298
vn 0.0658 -0.7407 0.6686
vn 0.0647 -0.9435 0.3250
vn 0.1311 -0.7407 0.6589
vn 0.0962 -0.9435 0.3172
vn 0.1950 -0.7407 0.6429
vn 0.1268 -0.9435 0.3062
vn 0.2571 -0.7407 0.6206
vn 0.1562 -0.9435 0.2923
vn 0.3167 -0.7407 0.5925
vn 0.1841 -0.9435 0.2756
vn 0.3732 -0.7407 0.5586
vn 0.2103 -0.9435 0.2562
vn 0.4262 -0.7407 0.5193
vn 0.2344 -0.9435 0.2344
vn 0.4750 -0.7407 0.4750
vn 0.2562 -0.9435 0.2103
vn 0.5193 -0.7407 0.4262
vn 0.2756 -0.9435 0.1841
vn 0.5586 -0.7407 0.3732
vn 0.2923 -0.9435 0.1562
vn 0.5925 -0.7407 0.3167
vn 0.3062 -0.9435 0.1268
vn 0.6206 -0.7407 0.2571
vn 0.3172 -0.9435 0.0962
vn 0.6429 -0.7407 0.1950
vn 0.3250 -0.9435 0.0647
vn 0.6589 -0.7407 0.1311
vn 0.3298 -0.9435 0.0325
vn 0.6685 -0.7407 0.0659
vn 0.3314 -0.9435 -0.0000
vn 0.6718 -0.7407 -0.0000
vn 0.3298 -0.9435 -0.0325
vn 0.6685 -0.7407 -0.0658
vn 0.3250 -0.9435 -0.0647
vn 0.6589 -0.7407 -0.1311
vn 0.3172 -0.9435 -0.0962
vn 0.6429 -0.7407 -0.1950
vn 0.3062 -0.9435 -0.1268
vn 0.6206 -0.7407 -0.2571
vn 0.2923 -0.9435 -0.1562
vn 0.5925 -0.7407 -0.3167
vn 0.2756 -0.9435 -0.1841
vn 0.5586 -0.7407 -0.3732
vn 0.2562 -0.9435 -0.2102
vn 0.5193 -0.7407 -0.4262
vn 0.2343 -0.9435 -0.2344
vn 0.4750 -0.7407 -0.4750
vn 0.2103 -0.9435 -0.2562
vn 0.4262 -0.7407 -0.5193
vn 0.1841 -0.9435 -0.2756
vn 0.3732 -0.7407 -0.5586
vn 0.1562 -0.9435 -0.2923
vn 0.3167 -0.7407 -0.5925
vn 0.1268 -0.9435 -0.3062
vn 0.2571 -0.7407 -0.6206
vn 0.0962 -0.9435 -0.3172
vn 0.1950 -0.7407 -0.6429
vn 0.0647 -0.9435 -0.3250
vn 0.1311 -0.7407 -0.6589
vn 0.0325 -0.9435 -0.3298
vn 0.0659 -0.7407 -0.6685
vn -0.2444 -0.5395 -0.8057
vn -0.1643 -0.5395 -0.8258
vn 0.7001 -0.5395 -0.4678
vn 0.7426 -0.5395 -0.3969
vn 0.7431 -0.4486 -0.4965
vn 0.7383 -0.4600 -0.4933
vn 0.7831 -0.4600 -0.4186
vn 0.7882 -0.4485 -0.4213
vn -0.0825 -0.5395 -0.8379
vn 0.7779 -0.5395 -0.3222
vn 0.6909 -0.4486 -0.5670
vn 0.6864 -0.4600 -0.5633
vn -0.0000 -0.5395 -0.8420
vn 0.8057 -0.5395 -0.2444
vn 0.6320 -0.4485 -0.6320
vn 0.6279 -0.4600 -0.6278
vn 0.8258 -0.5395 -0.1643
vn 0.5670 -0.4486 -0.6909
vn 0.5633 -0.4600 -0.6864
vn 0.8379 -0.5395 -0.0825
vn 0.4965 -0.4486 -0.7431
vn 0.4933 -0.4600 -0.7383
vn 0.8420 -0.5395 -0.0000
vn 0.4213 -0.4485 -0.7882
vn 0.4186 -0.4600 -0.7831
vn 0.8379 -0.5395 0.0825
vn 0.3420 -0.4485 -0.8257
vn 0.3398 -0.4600 -0.8203
vn 0.8258 -0.5395 0.1643
vn 0.2594 -0.4486 -0.8553
vn 0.2578 -0.4600 -0.8497
vn 0.8057 -0.5395 0.2444
vn 0.1744 -0.4485 -0.8766
vn 0.1732 -0.4600 -0.8709
vn 0.7779 -0.5395 0.3222
vn 0.0876 -0.4485 -0.8895
vn 0.0870 -0.4600 -0.8836
vn 0.7426 -0.5395 0.3969
vn -0.0000 -0.4485 -0.8938
vn -0.0000 -0.4600 -0.8879
vn 0.7001 -0.5395 0.4678
vn -0.0876 -0.4485 -0.8895
vn -0.0870 -0.4600 -0.8836
vn 0.6509 -0.5395 0.5342
vn -0.1744 -0.4485 -0.8766
vn -0.1732 -0.4600 -0.8709
vn 0.5954 -0.5395 0.5954
vn -0.2594 -0.4486 -0.8553
vn -0.2577 -0.4600 -0.8497
vn 0.5342 -0.5395 0.6509
vn -0.3420 -0.4485 -0.8257
vn -0.3398 -0.4600 -0.8203
vn 0.4678 -0.5395 0.7001
vn -0.4213 -0.4485 -0.7882
vn -0.4186 -0.4600 -0.7831
vn 0.3969 -0.5395 0.7426
vn -0.4965 -0.4486 -0.7431
vn -0.4933 -0.4600 -0.7383
vn 0.3222 -0.5395 0.7779
vn -0.5670 -0.4486 -0.6909
vn -0.5633 -0.4600 -0.6864
vn 0.2444 -0.5395 0.8057
vn -0.6320 -0.4485 -0.6320
vn -0.6278 -0.4600 -0.6279
vn 0.1643 -0.5395 0.8258
vn -0.6909 -0.4486 -0.5670
vn -0.6864 -0.4600 -0.5633
vn 0.0825 -0.5395 0.8379
vn -0.7431 -0.4486 -0.4965
vn -0.7383 -0.4600 -0.4933
vn -0.0000 -0.5395 0.8420
vn -0.7882 -0.4485 -0.4213
vn -0.7831 -0.4600 -0.4186
vn -0.0825 -0.5395 0.8379
vn -0.8257 -0.4485 -0.3420
vn -0.8203 -0.4600 -0.3398
vn -0.1643 -0.5395 0.8258
vn -0.8553 -0.4486 -0.2594
vn -0.8497 -0.4600 -0.2577
vn -0.2444 -0.5395 0.8057
vn -0.8766 -0.4485 -0.1744
vn -0.8709 -0.4600 -0.1732
vn -0.3222 -0.5395 0.7779
vn -0.8895 -0.4485 -0.0876
vn -0.8836 -0.4600 -0.0870
vn -0.3969 -0.5395 0.7426
vn -0.8938 -0.4485 -0.0000
vn -0.8879 -0.4600 -0.0000
vn -0.4678 -0.5395 0.7001
vn -0.8895 -0.4485 0.0876
vn -0.8836 -0.4600 0.0870
vn -0.5342 -0.5395 0.6509
vn -0.8766 -0.4485 0.1744
vn -0.8709 -0.4600 0.1732
vn -0.5954 -0.5395 0.5954
vn -0.8553 -0.4486 0.2594
vn -0.8497 -0.4600 0.2577
vn -0.6509 -0.5395 0.5342
vn 0.0222 -0.9740 0.2253
vn -0.0479 -0.8725 -0.4862
vn -0.0953 -0.8725 -0.4792
vn 0.0441 -0.9740 0.2220
vn -0.0000 -0.8656 -0.5007
vn -0.0000 -0.6321 -0.7749
vn 0.3875 -0.6321 -0.6711
vn 0.2504 -0.8656 -0.4337
vn -0.0442 -0.9740 0.2220
vn 0.0953 -0.8725 -0.4792
vn 0.0479 -0.8725 -0.4862
vn -0.0222 -0.9740 0.2253
vn -0.0657 -0.9740 0.2166
vn 0.1418 -0.8725 -0.4675
vn -0.0867 -0.9740 0.2091
vn 0.1870 -0.8725 -0.4514
vn -0.1067 -0.9740 0.1996
vn 0.2303 -0.8725 -0.4309
vn -0.1258 -0.9740 0.1882
vn 0.2714 -0.8725 -0.4062
vn -0.1436 -0.9740 0.1750
vn 0.3099 -0.8725 -0.3776
vn -0.1601 -0.9740 0.1600
vn 0.3455 -0.8725 -0.3455
vn -0.1750 -0.9740 0.1436
vn 0.3777 -0.8725 -0.3099
vn -0.1882 -0.9740 0.1257
vn 0.4062 -0.8725 -0.2714
vn -0.1997 -0.9740 0.1067
vn 0.4309 -0.8725 -0.2303
vn -0.2092 -0.9740 0.0866
vn 0.4514 -0.8725 -0.1870
vn -0.2166 -0.9740 0.0657
vn 0.4675 -0.8725 -0.1418
vn -0.2220 -0.9740 0.0441
vn 0.4792 -0.8725 -0.0953
vn -0.2253 -0.9740 0.0222
vn 0.4862 -0.8725 -0.0479
vn -0.2264 -0.9740 -0.0000
vn 0.4885 -0.8725 -0.0000
vn -0.2253 -0.9740 -0.0222
vn 0.4862 -0.8725 0.0479
vn -0.2220 -0.9740 -0.0442
vn 0.4792 -0.8725 0.0953
vn -0.2166 -0.9740 -0.0657
vn 0.4675 -0.8725 0.1418
vn -0.2091 -0.9740 -0.0867
vn 0.4514 -0.8725 0.1870
vn -0.1996 -0.9740 -0.1067
vn 0.4309 -0.8725 0.2303
vn -0.1882 -0.9740 -0.1258
vn 0.4062 -0.8725 0.2714
vn -0.1750 -0.9740 -0.1436
vn 0.3776 -0.8725 0.3099
vn -0.1600 -0.9740 -0.1601
vn 0.3455 -0.8725 0.3455
vn -0.1436 -0.9740 -0.1750
vn 0.3099 -0.8725 0.3777
vn -0.1257 -0.9740 -0.1882
vn 0.2714 -0.8725 0.4062
vn -0.1067 -0.9740 -0.1997
vn 0.2303 -0.8725 0.4309
vn -0.0866 -0.9740 -0.2092
vn 0.1870 -0.8725 0.4514
vn -0.0657 -0.9740 -0.2166
vn 0.1418 -0.8725 0.4675
vn -0.0441 -0.9740 -0.2220
vn 0.0953 -0.8725 0.4792
vn -0.0222 -0.9740 -0.2253
vn 0.0479 -0.8725 0.4862
vn -0.0000 -0.9740 -0.2264
vn -0.0000 -0.8725 0.4885
vn 0.0222 -0.9740 -0.2253
vn -0.0479 -0.8725 0.4862
vn 0.0442 -0.9740 -0.2220
vn -0.0953 -0.8725 0.4792
vn 0.0657 -0.9740 -0.2166
vn -0.1418 -0.8725 0.4675
vn 0.0867 -0.9740 -0.2091
vn -0.1870 -0.8725 0.4514
vn 0.1067 -0.9740 -0.1996
vn -0.2303 -0.8725 0.4309
vn 0.1258 -0.9740 -0.1882
vn -0.2714 -0.8725 0.4062
vn 0.1436 -0.9740 -0.1750
vn -0.3099 -0.8725 0.3776
vn 0.1601 -0.9740 -0.1600
vn -0.3455 -0.8725 0.3455
vn 0.1750 -0.9740 -0.1436
vn -0.3777 -0.8725 0.3099
vn 0.1882 -0.9740 -0.1257
vn -0.4062 -0.8725 0.2714
vn 0.1997 -0.9740 -0.1067
vn -0.4309 -0.8725 0.2303
vn 0.2092 -0.9740 -0.0866
vn -0.4514 -0.8725 0.1870
vn 0.2166 -0.9740 -0.0657
vn -0.4675 -0.8725 0.1418
vn 0.2220 -0.9740 -0.0441
vn -0.4792 -0.8725 0.0953
vn 0.2253 -0.9740 -0.0222
vn -0.4862 -0.8725 0.0479
vn 0.2264 -0.9740 -0.0000
vn -0.4885 -0.8725 -0.0000
vn 0.2253 -0.9740 0.0222
vn -0.4862 -0.8725 -0.0479
vn 0.2220 -0.9740 0.0442
vn -0.4792 -0.8725 -0.0953
vn 0.2166 -0.9740 0.0657
vn -0.4675 -0.8725 -0.1418
vn 0.2091 -0.9740 0.0867
vn -0.4514 -0.8725 -0.1870
vn 0.1996 -0.9740 0.1067
vn -0.4309 -0.8725 -0.2303
vn 0.1882 -0.9740 0.1258
vn -0.4062 -0.8725 -0.2714
vn 0.1750 -0.9740 0.1436
vn -0.3776 -0.8725 -0.3099
vn 0.1600 -0.9740 0.1601
vn -0.3455 -0.8725 -0.3455
vn 0.1436 -0.9740 0.1750
vn -0.3099 -0.8725 -0.3777
vn 0.1257 -0.9740 0.1882
vn -0.2714 -0.8725 -0.4062
vn 0.1067 -0.9740 0.1997
vn -0.2303 -0.8725 -0.4309
vn 0.0866 -0.9740 0.2091
vn -0.1870 -0.8725 -0.4514
vn 0.0657 -0.9740 0.2166
vn -0.1418 -0.8725 -0.4675
vn -0.0000 -0.8725 -0.4885
vn -0.0000 -0.9740 0.2264
vn 0.8203 -0.4600 -0.3398
vn 0.8257 -0.4485 -0.3420
vn 0.6509 -0.5395 -0.5342
vn -0.3222 -0.5395 -0.7779
vn 0.8497 -0.4600 -0.2577
vn 0.8553 -0.4486 -0.2594
vn 0.5954 -0.5395 -0.5954
vn -0.3969 -0.5395 -0.7426
vn 0.8709 -0.4600 -0.1732
vn 0.8766 -0.4485 -0.1744
vn 0.5342 -0.5395 -0.6509
vn -0.4678 -0.5395 -0.7001
vn 0.8836 -0.4600 -0.0870
vn 0.8895 -0.4485 -0.0876
vn 0.4678 -0.5395 -0.7001
vn -0.5342 -0.5395 -0.6509
vn 0.8879 -0.4600 -0.0000
vn 0.8938 -0.4485 -0.0000
vn 0.3969 -0.5395 -0.7426
vn -0.5954 -0.5395 -0.5954
vn 0.8836 -0.4600 0.0870
vn 0.8895 -0.4485 0.0876
vn 0.3222 -0.5395 -0.7779
vn -0.6509 -0.5395 -0.5342
vn 0.8709 -0.4600 0.1732
vn 0.8766 -0.4485 0.1744
vn 0.2444 -0.5395 -0.8057
vn -0.7001 -0.5395 -0.4678
vn 0.8497 -0.4600 0.2577
vn 0.8553 -0.4486 0.2594
vn 0.0876 -0.4485 0.8895
vn 0.0870 -0.4600 0.8836
vn 0.1643 -0.5395 -0.8258
vn -0.7426 -0.5395 -0.3969
vn 0.8203 -0.4600 0.3398
vn 0.8257 -0.4485 0.3420
vn 0.0825 -0.5395 -0.8379
vn -0.7779 -0.5395 -0.3222
vn 0.7831 -0.4600 0.4186
vn 0.7882 -0.4485 0.4213
vn -0.1732 -0.4600 0.8709
vn -0.1744 -0.4485 0.8766
vn -0.8057 -0.5395 -0.2444
vn 0.7383 -0.4600 0.4933
vn 0.7431 -0.4486 0.4965
vn -0.2578 -0.4600 0.8497
vn -0.2594 -0.4486 0.8553
vn -0.8258 -0.5395 -0.1643
vn 0.6864 -0.4600 0.5633
vn 0.6909 -0.4486 0.5670
vn -0.3398 -0.4600 0.8203
vn -0.3420 -0.4485 0.8257
vn -0.8379 -0.5395 -0.0825
vn 0.6278 -0.4600 0.6279
vn 0.6320 -0.4485 0.6320
vn -0.4186 -0.4600 0.7831
vn -0.4213 -0.4485 0.7882
vn -0.8420 -0.5395 -0.0000
vn 0.5633 -0.4600 0.6864
vn 0.5670 -0.4486 0.6909
vn -0.4933 -0.4600 0.7383
vn -0.4965 -0.4486 0.7431
vn -0.8379 -0.5395 0.0825
vn 0.4933 -0.4600 0.7383
vn 0.4965 -0.4486 0.7431
vn -0.5633 -0.4600 0.6864
vn -0.5670 -0.4486 0.6909
vn -0.8258 -0.5395 0.1643
vn 0.4186 -0.4600 0.7831
vn 0.4213 -0.4485 0.7882
vn -0.6279 -0.4600 0.6278
vn -0.6320 -0.4485 0.6320
vn -0.8057 -0.5395 0.2444
vn 0.3398 -0.4600 0.8203
vn 0.3421 -0.4485 0.8257
vn -0.6864 -0.4600 0.5633
vn -0.6909 -0.4486 0.5670
vn -0.7779 -0.5395 0.3222
vn 0.3420 -0.4485 0.8257
vn 0.2577 -0.4600 0.8497
vn 0.2594 -0.4486 0.8553
vn -0.7383 -0.4600 0.4933
vn -0.7431 -0.4486 0.4965
vn -0.7426 -0.5395 0.3969
vn 0.1732 -0.4600 0.8709
vn 0.1744 -0.4485 0.8766
vn -0.7831 -0.4600 0.4186
vn -0.7882 -0.4485 0.4213
vn -0.7001 -0.5395 0.4678
vn -0.8203 -0.4600 0.3398
vn -0.8257 -0.4485 0.3420
vn 0.4728 -0.3256 0.8188
vn 0.4899 -0.2000 0.8485
vn -0.0000 -0.2000 0.9798
vn -0.0000 -0.3256 0.9455
vn -0.8188 -0.3256 0.4728
vn -0.8485 -0.2001 0.4899
vn -0.9798 -0.2001 -0.0000
vn -0.9455 -0.3256 -0.0000
vn 0.4728 -0.3256 -0.8188
vn 0.4899 -0.2000 -0.8485
vn 0.8485 -0.2000 -0.4899
vn 0.8188 -0.3256 -0.4728
vn 0.8189 -0.3256 0.4727
vn 0.8485 -0.2001 0.4899
vn -0.4728 -0.3256 0.8188
vn -0.4899 -0.2000 0.8485
vn -0.8189 -0.3256 -0.4727
vn -0.8485 -0.2001 -0.4899
vn -0.4899 -0.2000 -0.8485
vn -0.4728 -0.3256 -0.8188
vn 0.9455 -0.3256 -0.0000
vn 0.9798 -0.2001 -0.0000
vn -0.0000 -0.2000 -0.9798
vn -0.0000 -0.3256 -0.9455
vn -0.3875 -0.6321 -0.6711
vn -0.0000 -0.9604 -0.2785
vn 0.1393 -0.9604 -0.2412
vn -0.4336 -0.8656 -0.2504
vn -0.6711 -0.6321 -0.3875
vn -0.2504 -0.8656 -0.4337
vn -0.2412 -0.9604 -0.1393
vn -0.1393 -0.9604 -0.2412
vn -0.5008 -0.8656 -0.0000
vn -0.7749 -0.6321 -0.0000
vn -0.2785 -0.9604 -0.0000
vn -0.4337 -0.8656 0.2504
vn -0.6711 -0.6321 0.3875
vn -0.2412 -0.9604 0.1393
vn -0.2504 -0.8656 0.4337
vn -0.3875 -0.6321 0.6711
vn -0.1393 -0.9604 0.2412
vn -0.0000 -0.8656 0.5007
vn -0.0000 -0.6321 0.7749
vn -0.0000 -0.9604 0.2785
vn 0.2504 -0.8656 0.4337
vn 0.3875 -0.6321 0.6711
vn 0.1393 -0.9604 0.2412
vn 0.4336 -0.8656 0.2504
vn 0.6711 -0.6321 0.3875
vn 0.2412 -0.9604 0.1393
vn 0.5008 -0.8656 -0.0000
vn 0.7749 -0.6321 -0.0000
vn 0.2785 -0.9604 -0.0000
vn 0.4336 -0.8656 -0.2504
vn 0.6711 -0.6321 -0.3874
vn 0.2412 -0.9604 -0.1393
vn -0.2504 -0.8656 -0.4336
vn -0.3874 -0.6321 -0.6711
vn -0.8485 -0.2000 0.4899
vn 0.4899 -0.2001 -0.8485
vn -0.9798 -0.2000 -0.0000
vn -0.8485 -0.2000 -0.4899
vn -0.8188 -0.3256 -0.4728
vn 0.8188 -0.3255 -0.4728
vn -0.4898 -0.2001 -0.8485
vn -0.6711 -0.6321 -0.3874
vn -0.4336 -0.8656 0.2503
vn -0.6711 -0.6321 0.3874
vn 0.6711 -0.6321 0.3874
vn 0.2504 -0.8656 -0.4336
vn 0.3874 -0.6321 -0.6711
vn -0.4337 -0.8656 -0.2504
vn -0.2503 -0.8656 -0.4336
vn 0.9798 -0.2000 -0.0000
vn 0.8188 -0.3256 0.4728
vn -0.4727 -0.3256 0.8189
vn -0.0000 -0.2001 -0.9798
vn 0.8485 -0.2001 -0.4899
vn 0.4728 -0.3255 0.8188
vn -0.8188 -0.3255 0.4728
vn 0.4728 -0.3256 -0.8189
vn -0.5007 -0.8656 -0.0000
vn -0.2412 -0.9604 0.1392
vn -0.2504 -0.8656 0.4336
vn -0.3874 -0.6321 0.6711
vn 0.2504 -0.8656 0.4336
vn 0.3874 -0.6321 0.6711
vn 0.5007 -0.8656 -0.0000
vn 0.4336 -0.8656 -0.2503
vn 0.6711 -0.6321 -0.3875
vn -0.0000 -0.8656 -0.5008
vn -0.0000 -0.2001 0.9798
vn 0.4727 -0.3256 -0.8189
vn 0.8485 -0.2000 0.4899
vn -0.4899 -0.2001 0.8485
vn -0.0000 -0.8656 0.5008
vn 0.4337 -0.8656 0.2504
vn 0.4337 -0.8656 -0.2504
vn -0.4336 -0.8656 0.2504
vn -0.4728 -0.3255 -0.8188
vn -0.8485 -0.2001 0.4898
vn 0.2503 -0.8656 0.4336
vn 0.8189 -0.3256 0.4728
vn -0.4899 -0.2001 -0.8485
vn -0.8189 -0.3256 -0.4728
vn 0.1392 -0.9604 0.2412
vn -0.1392 -0.9604 -0.2412
vn 0.4898 -0.2001 0.8485
vn 0.2412 -0.9604 -0.1392
vn -0.0000 -0.6320 0.7749
vn -0.9455 -0.3255 -0.0000
vn 0.8485 -0.2001 -0.4898
vn -0.0000 -0.3255 0.9455
vn -0.4728 -0.3256 0.8189
vn 0.4899 -0.2001 0.8485
vn -0.0000 -0.0001 -1.0000
vn -0.0981 -0.0001 -0.9952
vn -0.1951 -0.0000 -0.9808
vn -0.2903 -0.0000 -0.9569
vn -0.3827 -0.0000 -0.9239
vn -0.4714 -0.0001 -0.8819
vn -0.5556 -0.0000 -0.8314
vn -0.6344 -0.0001 -0.7730
vn -0.7071 -0.0001 -0.7071
vn -0.7730 -0.0001 -0.6344
vn -0.8315 -0.0001 -0.5555
vn -0.8819 -0.0001 -0.4714
vn -0.9239 -0.0001 -0.3826
vn -0.9570 -0.0000 -0.2902
vn -0.9808 -0.0000 -0.1951
vn -0.9952 -0.0001 -0.0980
vn -1.0000 -0.0001 -0.0000
vn -0.9952 -0.0001 0.0981
vn -0.9808 -0.0000 0.1951
vn -0.9569 -0.0000 0.2903
vn -0.9239 -0.0001 0.3827
vn -0.8819 -0.0001 0.4714
vn -0.8314 -0.0000 0.5556
vn -0.7730 -0.0001 0.6344
vn -0.7071 -0.0000 0.7071
vn -0.6344 -0.0001 0.7730
vn -0.5555 -0.0000 0.8315
vn -0.4714 -0.0001 0.8819
vn -0.3826 -0.0001 0.9239
vn -0.2902 -0.0000 0.9570
vn -0.1951 -0.0000 0.9808
vn -0.0980 -0.0001 0.9952
vn -0.0000 -0.0001 1.0000
vn 0.0981 -0.0001 0.9952
vn 0.1951 -0.0000 0.9808
vn 0.2903 -0.0000 0.9569
vn 0.3827 -0.0001 0.9239
vn 0.4714 -0.0001 0.8819
vn 0.5556 -0.0000 0.8314
vn 0.6344 -0.0001 0.7730
vn 0.7071 -0.0001 0.7071
vn 0.7730 -0.0001 0.6344
vn 0.8315 -0.0000 0.5555
vn 0.8819 -0.0001 0.4714
vn 0.9239 -0.0001 0.3826
vn 0.9570 -0.0001 0.2902
vn 0.9808 -0.0000 0.1951
vn 0.9952 -0.0001 0.0980
vn 1.0000 -0.0001 -0.0000
vn 0.9952 -0.0001 -0.0981
vn 0.9808 -0.0000 -0.1951
vn 0.9569 -0.0001 -0.2903
vn 0.9239 -0.0001 -0.3827
vn 0.8819 -0.0001 -0.4714
vn 0.8314 -0.0001 -0.5556
vn 0.7730 -0.0001 -0.6344
vn 0.7071 -0.0000 -0.7071
vn 0.6344 -0.0001 -0.7730
vn 0.5555 -0.0000 -0.8315
vn 0.4714 -0.0001 -0.8819
vn 0.3826 -0.0000 -0.9239
vn 0.2903 -0.0000 -0.9570
vn 0.1951 -0.0000 -0.9808
vn 0.0980 -0.0001 -0.9952
vn -0.0657 0.9740 0.2167
vn -0.1258 0.9740 0.1883
vn -0.1601 0.9740 0.1601
vn -0.1997 0.9740 0.1068
vn -0.2167 0.9740 0.0657
vn -0.2167 0.9740 -0.0657
vn -0.1883 0.9740 -0.1258
vn -0.1601 0.9740 -0.1601
vn -0.1068 0.9740 -0.1997
vn -0.0657 0.9740 -0.2167
vn 0.0657 0.9740 -0.2167
vn 0.1258 0.9740 -0.1883
vn 0.1601 0.9740 -0.1601
vn 0.1997 0.9740 -0.1068
vn 0.2167 0.9740 -0.0657
vn 0.2167 0.9740 0.0657
vn 0.1883 0.9740 0.1258
vn 0.1601 0.9740 0.1601
vn 0.1068 0.9740 0.1997
vn 0.0866 0.9740 0.2092
vn 0.0657 0.9740 0.2167
vn -0.0980 0.0001 -0.9952
vn -0.0000 0.0001 -1.0000
vn -0.2903 -0.0000 -0.9570
vn -0.3826 -0.0000 -0.9239
vn -0.4714 0.0001 -0.8819
vn -0.5555 -0.0000 -0.8315
vn -0.6344 0.0001 -0.7730
vn -0.7071 -0.0000 -0.7071
vn -0.7730 0.0001 -0.6344
vn -0.8314 0.0001 -0.5556
vn -0.8819 0.0001 -0.4714
vn -0.9239 0.0001 -0.3827
vn -0.9569 -0.0000 -0.2903
vn -0.9952 0.0001 -0.0981
vn -1.0000 0.0001 -0.0000
vn -0.9952 0.0001 0.0980
vn -0.9570 -0.0000 0.2902
vn -0.9239 0.0001 0.3826
vn -0.8819 0.0001 0.4714
vn -0.8315 -0.0000 0.5555
vn -0.7730 0.0001 0.6344
vn -0.7071 0.0001 0.7071
vn -0.6344 0.0001 0.7730
vn -0.5556 -0.0000 0.8314
vn -0.4714 0.0001 0.8819
vn -0.3827 0.0001 0.9239
vn -0.2903 -0.0000 0.9569
vn -0.0981 0.0001 0.9952
vn -0.0000 0.0001 1.0000
vn 0.0980 0.0001 0.9952
vn 0.2902 -0.0000 0.9570
vn 0.3826 0.0001 0.9239
vn 0.4714 0.0001 0.8819
vn 0.5555 -0.0000 0.8315
vn 0.6344 0.0001 0.7730
vn 0.7071 -0.0000 0.7071
vn 0.7730 0.0001 0.6344
vn 0.8314 -0.0000 0.5556
vn 0.8819 0.0001 0.4714
vn 0.9239 0.0001 0.3827
vn 0.9569 0.0001 0.2903
vn 0.9952 0.0001 0.0981
vn 1.0000 0.0001 -0.0000
vn 0.9952 0.0001 -0.0980
vn 0.9570 0.0001 -0.2902
vn 0.9239 0.0001 -0.3826
vn 0.8819 0.0001 -0.4714
vn 0.8315 0.0001 -0.5555
vn 0.7730 0.0001 -0.6344
vn 0.7071 0.0001 -0.7071
vn 0.6344 0.0001 -0.7730
vn 0.5556 -0.0000 -0.8314
vn 0.4714 0.0001 -0.8819
vn 0.3827 -0.0000 -0.9239
vn 0.2903 -0.0000 -0.9569
vn 0.0981 0.0001 -0.9952
vn -0.0657 -0.9740 0.2167
vn -0.1068 -0.9740 0.1997
vn -0.1601 -0.9740 0.1601
vn -0.1883 -0.9740 0.1258
vn -0.2167 -0.9740 0.0657
vn -0.2167 -0.9740 -0.0657
vn -0.1997 -0.9740 -0.1068
vn -0.1601 -0.9740 -0.1601
vn -0.1258 -0.9740 -0.1883
vn -0.0657 -0.9740 -0.2167
vn 0.0657 -0.9740 -0.2167
vn 0.1068 -0.9740 -0.1997
vn 0.1601 -0.9740 -0.1601
vn 0.1883 -0.9740 -0.1258
vn 0.2167 -0.9740 -0.0657
vn 0.2167 -0.9740 0.0657
vn 0.1997 -0.9740 0.1068
vn 0.1601 -0.9740 0.1601
vn 0.1258 -0.9740 0.1883
vn 0.0866 -0.9740 0.2092
vn 0.0657 -0.9740 0.2167
vn -0.0000 0.4019 -0.9157
vn -0.0898 0.4019 -0.9113
vn -0.0787 0.5956 -0.7994
vn -0.0000 0.5956 -0.8033
vn -0.0659 0.7402 -0.6691
vn -0.0000 0.7402 -0.6724
vn -0.0476 0.8743 -0.4831
vn -0.0000 0.8743 -0.4855
vn -0.0268 0.9620 -0.2718
vn -0.0000 0.9620 -0.2731
vn -0.0076 0.9970 -0.0774
vn -0.0000 0.9970 -0.0778
vn -0.1567 0.5956 -0.7879
vn -0.1312 0.7402 -0.6595
vn -0.0947 0.8743 -0.4761
vn -0.0533 0.9620 -0.2679
vn -0.0152 0.9970 -0.0763
vn -0.2332 0.5956 -0.7687
vn -0.1952 0.7402 -0.6434
vn -0.1409 0.8743 -0.4646
vn -0.0793 0.9620 -0.2613
vn -0.0226 0.9970 -0.0745
vn -0.3074 0.5956 -0.7422
vn -0.2573 0.7402 -0.6212
vn -0.1858 0.8742 -0.4485
vn -0.1045 0.9620 -0.2523
vn -0.0297 0.9970 -0.0719
vn -0.3787 0.5956 -0.7085
vn -0.3170 0.7402 -0.5930
vn -0.2289 0.8742 -0.4282
vn -0.1287 0.9620 -0.2409
vn -0.0367 0.9970 -0.0686
vn -0.0298 0.9970 -0.0719
vn -0.4463 0.5956 -0.6679
vn -0.3736 0.7402 -0.5591
vn -0.2697 0.8743 -0.4037
vn -0.1517 0.9620 -0.2271
vn -0.0432 0.9970 -0.0647
vn -0.5096 0.5956 -0.6210
vn -0.4266 0.7402 -0.5198
vn -0.3080 0.8742 -0.3753
vn -0.1733 0.9620 -0.2111
vn -0.0494 0.9970 -0.0602
vn -0.5680 0.5956 -0.5680
vn -0.4754 0.7402 -0.4754
vn -0.3433 0.8743 -0.3433
vn -0.1931 0.9620 -0.1931
vn -0.0550 0.9970 -0.0550
vn -0.6210 0.5956 -0.5096
vn -0.5198 0.7402 -0.4266
vn -0.3753 0.8742 -0.3080
vn -0.2111 0.9620 -0.1733
vn -0.0602 0.9970 -0.0494
vn -0.6679 0.5956 -0.4463
vn -0.5591 0.7402 -0.3736
vn -0.4037 0.8743 -0.2697
vn -0.2271 0.9620 -0.1517
vn -0.0647 0.9970 -0.0432
vn -0.7085 0.5956 -0.3787
vn -0.5930 0.7402 -0.3170
vn -0.4282 0.8742 -0.2289
vn -0.2409 0.9620 -0.1287
vn -0.0686 0.9970 -0.0367
vn -0.7422 0.5956 -0.3074
vn -0.6212 0.7402 -0.2573
vn -0.4485 0.8742 -0.1858
vn -0.2523 0.9620 -0.1045
vn -0.0719 0.9970 -0.0298
vn -0.7687 0.5956 -0.2332
vn -0.6434 0.7402 -0.1952
vn -0.4646 0.8743 -0.1409
vn -0.2613 0.9620 -0.0793
vn -0.0745 0.9970 -0.0226
vn -0.7879 0.5956 -0.1567
vn -0.6595 0.7402 -0.1312
vn -0.4761 0.8743 -0.0947
vn -0.2679 0.9620 -0.0533
vn -0.0763 0.9970 -0.0152
vn -0.7994 0.5956 -0.0787
vn -0.6691 0.7402 -0.0659
vn -0.4831 0.8743 -0.0476
vn -0.2718 0.9620 -0.0268
vn -0.0774 0.9970 -0.0076
vn -0.8033 0.5956 -0.0000
vn -0.6724 0.7402 -0.0000
vn -0.4855 0.8743 -0.0000
vn -0.2731 0.9620 -0.0000
vn -0.0778 0.9970 -0.0000
vn -0.7994 0.5956 0.0787
vn -0.6691 0.7402 0.0659
vn -0.4831 0.8743 0.0476
vn -0.2718 0.9620 0.0268
vn -0.0774 0.9970 0.0076
vn -0.7879 0.5956 0.1567
vn -0.6595 0.7402 0.1312
vn -0.4761 0.8743 0.0947
vn -0.2679 0.9620 0.0533
vn -0.0763 0.9970 0.0152
vn -0.7687 0.5956 0.2332
vn -0.6434 0.7402 0.1952
vn -0.4646 0.8743 0.1409
vn -0.2613 0.9620 0.0793
vn -0.0745 0.9970 0.0226
vn -0.7422 0.5956 0.3074
vn -0.6212 0.7402 0.2573
vn -0.4485 0.8743 0.1858
vn -0.2523 0.9620 0.1045
vn -0.0719 0.9970 0.0298
vn -0.7085 0.5956 0.3787
vn -0.5930 0.7402 0.3170
vn -0.4282 0.8742 0.2289
vn -0.2409 0.9620 0.1287
vn -0.0686 0.9970 0.0367
vn -0.6679 0.5956 0.4463
vn -0.5591 0.7402 0.3736
vn -0.4037 0.8743 0.2697
vn -0.2271 0.9620 0.1517
vn -0.0647 0.9970 0.0432
vn -0.6210 0.5956 0.5096
vn -0.5198 0.7402 0.4266
vn -0.3753 0.8742 0.3080
vn -0.2111 0.9620 0.1733
vn -0.0602 0.9970 0.0494
vn -0.5680 0.5956 0.5680
vn -0.4754 0.7402 0.4754
vn -0.3433 0.8743 0.3433
vn -0.1931 0.9620 0.1931
vn -0.0550 0.9970 0.0550
vn -0.5096 0.5956 0.6210
vn -0.4266 0.7402 0.5198
vn -0.3080 0.8742 0.3753
vn -0.1733 0.9620 0.2111
vn -0.0494 0.9970 0.0602
vn -0.4463 0.5956 0.6679
vn -0.3736 0.7402 0.5591
vn -0.2697 0.8743 0.4037
vn -0.1517 0.9620 0.2271
vn -0.0432 0.9970 0.0647
vn -0.3787 0.5956 0.7085
vn -0.3170 0.7402 0.5930
vn -0.2289 0.8742 0.4282
vn -0.1287 0.9620 0.2409
vn -0.0367 0.9970 0.0686
vn -0.3074 0.5956 0.7422
vn -0.2573 0.7402 0.6212
vn -0.1858 0.8743 0.4485
vn -0.1045 0.9620 0.2523
vn -0.0298 0.9970 0.0719
vn -0.2332 0.5956 0.7687
vn -0.1952 0.7402 0.6434
vn -0.1409 0.8743 0.4646
vn -0.0793 0.9620 0.2613
vn -0.0226 0.9970 0.0745
vn -0.1567 0.5956 0.7879
vn -0.1312 0.7402 0.6595
vn -0.0947 0.8743 0.4761
vn -0.0533 0.9620 0.2679
vn -0.0152 0.9970 0.0763
vn -0.0787 0.5956 0.7994
vn -0.0659 0.7402 0.6691
vn -0.0476 0.8743 0.4831
vn -0.0268 0.9620 0.2718
vn -0.0076 0.9970 0.0774
vn -0.0000 0.5956 0.8033
vn -0.0000 0.7402 0.6724
vn -0.0000 0.8743 0.4855
vn -0.0000 0.9620 0.2731
vn -0.0000 0.9970 0.0778
vn 0.0787 0.5956 0.7994
vn 0.0659 0.7402 0.6691
vn 0.0476 0.8743 0.4831
vn 0.0268 0.9620 0.2718
vn 0.0076 0.9970 0.0774
vn 0.1567 0.5956 0.7879
vn 0.1312 0.7402 0.6595
vn 0.0947 0.8743 0.4761
vn 0.0533 0.9620 0.2679
vn 0.0152 0.9970 0.0763
vn 0.2332 0.5956 0.7687
vn 0.1952 0.7402 0.6434
vn 0.1409 0.8743 0.4646
vn 0.0793 0.9620 0.2613
vn 0.0226 0.9970 0.0745
vn 0.3074 0.5956 0.7422
vn 0.2573 0.7402 0.6212
vn 0.1858 0.8743 0.4485
vn 0.1045 0.9620 0.2523
vn 0.0298 0.9970 0.0719
vn 0.3787 0.5956 0.7085
vn 0.3170 0.7402 0.5930
vn 0.2289 0.8742 0.4282
vn 0.1287 0.9620 0.2409
vn 0.0367 0.9970 0.0686
vn 0.4463 0.5956 0.6679
vn 0.3736 0.7402 0.5591
vn 0.2697 0.8743 0.4037
vn 0.1517 0.9620 0.2271
vn 0.0432 0.9970 0.0647
vn 0.5096 0.5956 0.6210
vn 0.4266 0.7402 0.5198
vn 0.3080 0.8742 0.3753
vn 0.1733 0.9620 0.2111
vn 0.0494 0.9970 0.0602
vn 0.5680 0.5956 0.5680
vn 0.4754 0.7402 0.4754
vn 0.3433 0.8743 0.3433
vn 0.1931 0.9620 0.1931
vn 0.0550 0.9970 0.0550
vn 0.6210 0.5956 0.5096
vn 0.5198 0.7402 0.4266
vn 0.3753 0.8742 0.3080
vn 0.2111 0.9620 0.1733
vn 0.0602 0.9970 0.0494
vn 0.6679 0.5956 0.4463
vn 0.5591 0.7402 0.3736
vn 0.4037 0.8743 0.2697
vn 0.2271 0.9620 0.1517
vn 0.0647 0.9970 0.0432
vn 0.7085 0.5956 0.3787
vn 0.5930 0.7402 0.3170
vn 0.4282 0.8742 0.2289
vn 0.2409 0.9620 0.1287
vn 0.0686 0.9970 0.0367
vn 0.7422 0.5956 0.3074
vn 0.6212 0.7402 0.2573
vn 0.4485 0.8743 0.1858
vn 0.2523 0.9620 0.1045
vn 0.0719 0.9970 0.0298
vn 0.7687 0.5956 0.2332
vn 0.6434 0.7402 0.1952
vn 0.4646 0.8743 0.1409
vn 0.2613 0.9620 0.0793
vn 0.0745 0.9970 0.0226
vn 0.7879 0.5956 0.1567
vn 0.6595 0.7402 0.1312
vn 0.4761 0.8743 0.0947
vn 0.2679 0.9620 0.0533
vn 0.0763 0.9970 0.0152
vn 0.7994 0.5956 0.0787
vn 0.6691 0.7402 0.0659
vn 0.4831 0.8743 0.0476
vn 0.2718 0.9620 0.0268
vn 0.0774 0.9970 0.0076
vn 0.8033 0.5956 -0.0000
vn 0.6724 0.7402 -0.0000
vn 0.4855 0.8743 -0.0000
vn 0.2731 0.9620 -0.0000
vn 0.0778 0.9970 -0.0000
vn 0.7994 0.5956 -0.0787
vn 0.6691 0.7402 -0.0659
vn 0.4831 0.8743 -0.0476
vn 0.2718 0.9620 -0.0268
vn 0.0774 0.9970 -0.0076
vn 0.7879 0.5956 -0.1567
vn 0.6595 0.7402 -0.1312
vn 0.4761 0.8743 -0.0947
vn 0.2679 0.9620 -0.0533
vn 0.0763 0.9970 -0.0152
vn 0.7687 0.5956 -0.2332
vn 0.6434 0.7402 -0.1952
vn 0.4646 0.8743 -0.1409
vn 0.2613 0.9620 -0.0793
vn 0.0745 0.9970 -0.0226
vn 0.7422 0.5956 -0.3074
vn 0.6212 0.7402 -0.2573
vn 0.4485 0.8743 -0.1858
vn 0.2523 0.9620 -0.1045
vn 0.0719 0.9970 -0.0298
vn 0.7085 0.5956 -0.3787
vn 0.5930 0.7402 -0.3170
vn 0.4282 0.8742 -0.2289
vn 0.2409 0.9620 -0.1287
vn 0.0686 0.9970 -0.0367
vn 0.6679 0.5956 -0.4463
vn 0.5591 0.7402 -0.3736
vn 0.4037 0.8743 -0.2697
vn 0.2271 0.9620 -0.1517
vn 0.0647 0.9970 -0.0432
vn 0.6210 0.5956 -0.5096
vn 0.5198 0.7402 -0.4266
vn 0.3753 0.8742 -0.3080
vn 0.2111 0.9620 -0.1733
vn 0.0602 0.9970 -0.0494
vn 0.5680 0.5956 -0.5680
vn 0.4754 0.7402 -0.4754
vn 0.3433 0.8743 -0.3433
vn 0.1931 0.9620 -0.1931
vn 0.0550 0.9970 -0.0550
vn 0.5096 0.5956 -0.6210
vn 0.4266 0.7402 -0.5198
vn 0.3080 0.8742 -0.3753
vn 0.1733 0.9620 -0.2111
vn 0.0494 0.9970 -0.0602
vn 0.4463 0.5956 -0.6679
vn 0.3736 0.7402 -0.5591
vn 0.2697 0.8743 -0.4037
vn 0.1517 0.9620 -0.2271
vn 0.0432 0.9970 -0.0647
vn 0.3787 0.5956 -0.7085
vn 0.3170 0.7402 -0.5930
vn 0.2289 0.8742 -0.4282
vn 0.1287 0.9620 -0.2409
vn 0.0367 0.9970 -0.0686
vn 0.3074 0.5956 -0.7422
vn 0.2573 0.7402 -0.6212
vn 0.1858 0.8742 -0.4485
vn 0.1045 0.9620 -0.2523
vn 0.0298 0.9970 -0.0719
vn 0.2332 0.5956 -0.7687
vn 0.1952 0.7402 -0.6434
vn 0.1409 0.8743 -0.4646
vn 0.0793 0.9620 -0.2613
vn 0.0226 0.9970 -0.0745
vn 0.1567 0.5956 -0.7879
vn 0.1312 0.7402 -0.6595
vn 0.0947 0.8743 -0.4761
vn 0.0533 0.9620 -0.2679
vn 0.0152 0.9970 -0.0763
vn 0.0787 0.5956 -0.7994
vn 0.0659 0.7402 -0.6691
vn 0.0476 0.8743 -0.4831
vn 0.0268 0.9620 -0.2718
vn 0.0076 0.9970 -0.0774
vn -0.1786 0.4019 -0.8981
vn -0.2658 0.4019 -0.8762
vn 0.8076 0.4019 -0.4316
vn 0.7614 0.4019 -0.5087
vn 0.8460 0.4019 -0.3504
vn 0.0898 0.4019 -0.9113
vn 0.8762 0.4019 -0.2658
vn 0.8981 0.4019 -0.1786
vn 0.9113 0.4019 -0.0898
vn 0.9157 0.4019 -0.0000
vn 0.9113 0.4019 0.0898
vn 0.8981 0.4019 0.1786
vn 0.8762 0.4019 0.2658
vn 0.8460 0.4019 0.3504
vn 0.8076 0.4019 0.4316
vn 0.7614 0.4019 0.5087
vn 0.7078 0.4019 0.5809
vn 0.6475 0.4019 0.6475
vn 0.5809 0.4019 0.7078
vn 0.5087 0.4019 0.7614
vn 0.4316 0.4019 0.8076
vn 0.3504 0.4019 0.8460
vn 0.2658 0.4019 0.8762
vn 0.1786 0.4019 0.8981
vn 0.0898 0.4019 0.9113
vn -0.0000 0.4019 0.9157
vn -0.0898 0.4019 0.9113
vn -0.1786 0.4019 0.8981
vn -0.2658 0.4019 0.8762
vn -0.3504 0.4019 0.8460
vn -0.4316 0.4019 0.8076
vn -0.5087 0.4019 0.7614
vn -0.5809 0.4019 0.7078
vn -0.6475 0.4019 0.6475
vn -0.7078 0.4019 0.5809
vn 0.7078 0.4019 -0.5809
vn -0.3504 0.4019 -0.8460
vn 0.6475 0.4019 -0.6475
vn -0.4316 0.4019 -0.8076
vn 0.5809 0.4019 -0.7078
vn -0.5087 0.4019 -0.7614
vn 0.5087 0.4019 -0.7614
vn -0.5809 0.4019 -0.7078
vn 0.4316 0.4019 -0.8076
vn -0.6475 0.4019 -0.6475
vn 0.3504 0.4019 -0.8460
vn -0.7078 0.4019 -0.5809
vn 0.2658 0.4019 -0.8762
vn -0.7614 0.4019 -0.5087
vn 0.1786 0.4019 -0.8981
vn -0.8076 0.4019 -0.4316
vn -0.8460 0.4019 -0.3504
vn -0.8762 0.4019 -0.2658
vn -0.8981 0.4019 -0.1786
vn -0.9113 0.4019 -0.0898
vn -0.9157 0.4019 -0.0000
vn -0.9113 0.4019 0.0898
vn -0.8981 0.4019 0.1786
vn -0.8762 0.4019 0.2658
vn -0.8460 0.4019 0.3504
vn -0.8076 0.4019 0.4316
vn -0.7614 0.4019 0.5087
vn -0.0000 -0.0000 -1.0000
vn -0.0980 -0.0000 -0.9952
vn -0.3827 0.0001 -0.9239
vn -0.4714 -0.0000 -0.8819
vn -0.5556 -0.0000 -0.8315
vn -0.6344 -0.0000 -0.7730
vn -0.8315 -0.0000 -0.5556
vn -0.8819 -0.0000 -0.4714
vn -0.9239 -0.0000 -0.3827
vn -0.9952 -0.0000 -0.0980
vn -1.0000 -0.0000 -0.0000
vn -0.9952 -0.0000 0.0980
vn -0.9239 -0.0000 0.3827
vn -0.8819 -0.0000 0.4714
vn -0.8315 -0.0000 0.5556
vn -0.7730 -0.0000 0.6344
vn -0.5556 -0.0000 0.8315
vn -0.4714 -0.0000 0.8819
vn -0.3827 -0.0000 0.9239
vn -0.0980 -0.0000 0.9952
vn -0.0000 -0.0000 1.0000
vn 0.0980 -0.0000 0.9952
vn 0.3827 -0.0000 0.9239
vn 0.4714 -0.0000 0.8819
vn 0.5556 -0.0000 0.8315
vn 0.6344 -0.0000 0.7730
vn 0.8315 -0.0000 0.5556
vn 0.8819 -0.0000 0.4714
vn 0.9239 -0.0000 0.3827
vn 0.9569 -0.0000 0.2903
vn 0.9952 -0.0000 0.0980
vn 1.0000 -0.0000 -0.0000
vn 0.9952 -0.0000 -0.0980
vn 0.9569 -0.0000 -0.2903
vn 0.9239 -0.0000 -0.3827
vn 0.8819 -0.0000 -0.4714
vn 0.8315 -0.0000 -0.5556
vn 0.7730 -0.0000 -0.6344
vn 0.6344 -0.0000 -0.7730
vn 0.5556 -0.0000 -0.8315
vn 0.4714 -0.0000 -0.8819
vn 0.0980 -0.0000 -0.9952
vn -0.0000 -0.4019 0.9157
vn -0.0898 -0.4019 0.9113
vn -0.0787 -0.5956 0.7994
vn -0.0000 -0.5956 0.8033
vn -0.0659 -0.7402 0.6691
vn -0.0000 -0.7402 0.6724
vn -0.0476 -0.8743 0.4831
vn -0.0000 -0.8743 0.4855
vn -0.0268 -0.9620 0.2718
vn -0.0000 -0.9620 0.2731
vn -0.0076 -0.9970 0.0774
vn -0.0000 -0.9970 0.0778
vn -0.1567 -0.5956 0.7879
vn -0.1312 -0.7402 0.6595
vn -0.0947 -0.8743 0.4761
vn -0.0533 -0.9620 0.2679
vn -0.0152 -0.9970 0.0763
vn -0.2332 -0.5956 0.7687
vn -0.1952 -0.7402 0.6434
vn -0.1409 -0.8743 0.4646
vn -0.0793 -0.9620 0.2613
vn -0.0226 -0.9970 0.0745
vn -0.3074 -0.5956 0.7422
vn -0.2573 -0.7402 0.6212
vn -0.1858 -0.8742 0.4485
vn -0.1045 -0.9620 0.2523
vn -0.0297 -0.9970 0.0719
vn -0.3787 -0.5956 0.7085
vn -0.3170 -0.7402 0.5930
vn -0.2289 -0.8742 0.4282
vn -0.1287 -0.9620 0.2409
vn -0.0367 -0.9970 0.0686
vn -0.0298 -0.9970 0.0719
vn -0.4463 -0.5956 0.6679
vn -0.3736 -0.7402 0.5591
vn -0.2697 -0.8743 0.4037
vn -0.1517 -0.9620 0.2271
vn -0.0432 -0.9970 0.0647
vn -0.5096 -0.5956 0.6210
vn -0.4266 -0.7402 0.5198
vn -0.3080 -0.8742 0.3753
vn -0.1733 -0.9620 0.2111
vn -0.0494 -0.9970 0.0602
vn -0.5680 -0.5956 0.5680
vn -0.4754 -0.7402 0.4754
vn -0.3433 -0.8743 0.3433
vn -0.1931 -0.9620 0.1931
vn -0.0550 -0.9970 0.0550
vn -0.6210 -0.5956 0.5096
vn -0.5198 -0.7402 0.4266
vn -0.3753 -0.8742 0.3080
vn -0.2111 -0.9620 0.1733
vn -0.0602 -0.9970 0.0494
vn -0.6679 -0.5956 0.4463
vn -0.5591 -0.7402 0.3736
vn -0.4037 -0.8743 0.2697
vn -0.2271 -0.9620 0.1517
vn -0.0647 -0.9970 0.0432
vn -0.7085 -0.5956 0.3787
vn -0.5930 -0.7402 0.3170
vn -0.4282 -0.8742 0.2289
vn -0.2409 -0.9620 0.1287
vn -0.0686 -0.9970 0.0367
vn -0.7422 -0.5956 0.3074
vn -0.6212 -0.7402 0.2573
vn -0.4485 -0.8743 0.1858
vn -0.2523 -0.9620 0.1045
vn -0.0719 -0.9970 0.0298
vn -0.7687 -0.5956 0.2332
vn -0.6434 -0.7402 0.1952
vn -0.4646 -0.8743 0.1409
vn -0.2613 -0.9620 0.0793
vn -0.0745 -0.9970 0.0226
vn -0.7879 -0.5956 0.1567
vn -0.6595 -0.7402 0.1312
vn -0.4761 -0.8743 0.0947
vn -0.2679 -0.9620 0.0533
vn -0.0763 -0.9970 0.0152
vn -0.7994 -0.5956 0.0787
vn -0.6691 -0.7402 0.0659
vn -0.4831 -0.8743 0.0476
vn -0.2718 -0.9620 0.0268
vn -0.0774 -0.9970 0.0076
vn -0.8033 -0.5956 -0.0000
vn -0.6724 -0.7402 -0.0000
vn -0.4855 -0.8743 -0.0000
vn -0.2731 -0.9620 -0.0000
vn -0.0778 -0.9970 -0.0000
vn -0.7994 -0.5956 -0.0787
vn -0.6691 -0.7402 -0.0659
vn -0.4831 -0.8743 -0.0476
vn -0.2718 -0.9620 -0.0268
vn -0.0774 -0.9970 -0.0076
vn -0.7879 -0.5956 -0.1567
vn -0.6595 -0.7402 -0.1312
vn -0.4761 -0.8743 -0.0947
vn -0.2679 -0.9620 -0.0533
vn -0.0763 -0.9970 -0.0152
vn -0.7687 -0.5956 -0.2332
vn -0.6434 -0.7402 -0.1952
vn -0.4646 -0.8743 -0.1409
vn -0.2613 -0.9620 -0.0793
vn -0.0745 -0.9970 -0.0226
vn -0.7422 -0.5956 -0.3074
vn -0.6212 -0.7402 -0.2573
vn -0.4485 -0.8743 -0.1858
vn -0.2523 -0.9620 -0.1045
vn -0.0719 -0.9970 -0.0298
vn -0.7085 -0.5956 -0.3787
vn -0.5930 -0.7402 -0.3170
vn -0.4282 -0.8742 -0.2289
vn -0.2409 -0.9620 -0.1287
vn -0.0686 -0.9970 -0.0367
vn -0.6679 -0.5956 -0.4463
vn -0.5591 -0.7402 -0.3736
vn -0.4037 -0.8743 -0.2697
vn -0.2271 -0.9620 -0.1517
vn -0.0647 -0.9970 -0.0432
vn -0.6210 -0.5956 -0.5096
vn -0.5198 -0.7402 -0.4266
vn -0.3753 -0.8742 -0.3080
vn -0.2111 -0.9620 -0.1733
vn -0.0602 -0.9970 -0.0494
vn -0.5680 -0.5956 -0.5680
vn -0.4754 -0.7402 -0.4754
vn -0.3433 -0.8742 -0.3433
vn -0.1931 -0.9620 -0.1931
vn -0.0550 -0.9970 -0.0550
vn -0.5096 -0.5956 -0.6210
vn -0.4266 -0.7402 -0.5198
vn -0.3080 -0.8742 -0.3753
vn -0.1733 -0.9620 -0.2111
vn -0.0494 -0.9970 -0.0602
vn -0.4463 -0.5956 -0.6679
vn -0.3736 -0.7402 -0.5591
vn -0.2697 -0.8743 -0.4037
vn -0.1517 -0.9620 -0.2271
vn -0.0432 -0.9970 -0.0647
vn -0.3787 -0.5956 -0.7085
vn -0.3170 -0.7402 -0.5930
vn -0.2289 -0.8742 -0.4282
vn -0.1287 -0.9620 -0.2409
vn -0.0367 -0.9970 -0.0686
vn -0.3074 -0.5956 -0.7422
vn -0.2573 -0.7402 -0.6212
vn -0.1858 -0.8743 -0.4485
vn -0.1045 -0.9620 -0.2523
vn -0.0298 -0.9970 -0.0719
vn -0.2332 -0.5956 -0.7687
vn -0.1952 -0.7402 -0.6434
vn -0.1409 -0.8743 -0.4646
vn -0.0793 -0.9620 -0.2614
vn -0.0226 -0.9970 -0.0745
vn -0.1567 -0.5956 -0.7879
vn -0.1312 -0.7402 -0.6595
vn -0.0947 -0.8743 -0.4761
vn -0.0533 -0.9620 -0.2679
vn -0.0152 -0.9970 -0.0763
vn -0.0787 -0.5956 -0.7994
vn -0.0659 -0.7402 -0.6691
vn -0.0476 -0.8743 -0.4831
vn -0.0268 -0.9620 -0.2718
vn -0.0076 -0.9970 -0.0774
vn -0.0000 -0.5956 -0.8033
vn -0.0000 -0.7402 -0.6724
vn -0.0000 -0.8743 -0.4855
vn -0.0000 -0.9620 -0.2731
vn -0.0000 -0.9970 -0.0778
vn 0.0787 -0.5956 -0.7994
vn 0.0659 -0.7402 -0.6691
vn 0.0476 -0.8743 -0.4831
vn 0.0268 -0.9620 -0.2718
vn 0.0076 -0.9970 -0.0774
vn 0.1567 -0.5956 -0.7879
vn 0.1312 -0.7402 -0.6595
vn 0.0947 -0.8743 -0.4761
vn 0.0533 -0.9620 -0.2679
vn 0.0152 -0.9970 -0.0763
vn 0.2332 -0.5956 -0.7687
vn 0.1952 -0.7402 -0.6434
vn 0.1409 -0.8743 -0.4646
vn 0.0793 -0.9620 -0.2614
vn 0.0226 -0.9970 -0.0745
vn 0.3074 -0.5956 -0.7422
vn 0.2573 -0.7402 -0.6212
vn 0.1858 -0.8743 -0.4485
vn 0.1045 -0.9620 -0.2523
vn 0.0298 -0.9970 -0.0719
vn 0.3787 -0.5956 -0.7085
vn 0.3169 -0.7402 -0.5930
vn 0.2289 -0.8742 -0.4282
vn 0.1287 -0.9620 -0.2409
vn 0.0367 -0.9970 -0.0686
vn 0.4463 -0.5956 -0.6679
vn 0.3736 -0.7402 -0.5591
vn 0.2697 -0.8743 -0.4037
vn 0.1517 -0.9620 -0.2271
vn 0.0432 -0.9970 -0.0647
vn 0.5096 -0.5956 -0.6210
vn 0.4266 -0.7402 -0.5198
vn 0.3080 -0.8742 -0.3753
vn 0.1733 -0.9620 -0.2111
vn 0.0494 -0.9970 -0.0602
vn 0.5680 -0.5956 -0.5680
vn 0.4754 -0.7402 -0.4754
vn 0.3433 -0.8743 -0.3433
vn 0.1931 -0.9620 -0.1931
vn 0.0550 -0.9970 -0.0550
vn 0.6210 -0.5956 -0.5096
vn 0.5198 -0.7402 -0.4266
vn 0.3753 -0.8743 -0.3080
vn 0.2111 -0.9620 -0.1733
vn 0.0602 -0.9970 -0.0494
vn 0.6679 -0.5956 -0.4463
vn 0.5591 -0.7402 -0.3736
vn 0.4036 -0.8743 -0.2697
vn 0.2271 -0.9620 -0.1517
vn 0.0647 -0.9970 -0.0432
vn 0.7085 -0.5956 -0.3787
vn 0.5930 -0.7402 -0.3170
vn 0.4282 -0.8742 -0.2289
vn 0.2409 -0.9620 -0.1287
vn 0.0686 -0.9970 -0.0367
vn 0.7422 -0.5956 -0.3074
vn 0.6212 -0.7402 -0.2573
vn 0.4485 -0.8743 -0.1858
vn 0.2523 -0.9620 -0.1045
vn 0.0719 -0.9970 -0.0298
vn 0.7687 -0.5956 -0.2332
vn 0.6434 -0.7402 -0.1952
vn 0.4646 -0.8743 -0.1409
vn 0.2613 -0.9620 -0.0793
vn 0.0745 -0.9970 -0.0226
vn 0.7879 -0.5956 -0.1567
vn 0.6595 -0.7402 -0.1312
vn 0.4761 -0.8743 -0.0947
vn 0.2679 -0.9620 -0.0533
vn 0.0763 -0.9970 -0.0152
vn 0.7994 -0.5956 -0.0787
vn 0.6691 -0.7402 -0.0659
vn 0.4831 -0.8743 -0.0476
vn 0.2718 -0.9620 -0.0268
vn 0.0774 -0.9970 -0.0076
vn 0.8033 -0.5956 -0.0000
vn 0.6724 -0.7402 -0.0000
vn 0.4855 -0.8743 -0.0000
vn 0.2731 -0.9620 -0.0000
vn 0.0778 -0.9970 -0.0000
vn 0.7994 -0.5956 0.0787
vn 0.6691 -0.7402 0.0659
vn 0.4831 -0.8743 0.0476
vn 0.2718 -0.9620 0.0268
vn 0.0774 -0.9970 0.0076
vn 0.7879 -0.5956 0.1567
vn 0.6595 -0.7402 0.1312
vn 0.4761 -0.8743 0.0947
vn 0.2679 -0.9620 0.0533
vn 0.0763 -0.9970 0.0152
vn 0.7687 -0.5956 0.2332
vn 0.6434 -0.7402 0.1952
vn 0.4646 -0.8743 0.1409
vn 0.2613 -0.9620 0.0793
vn 0.0745 -0.9970 0.0226
vn 0.7422 -0.5956 0.3074
vn 0.6212 -0.7402 0.2573
vn 0.4485 -0.8743 0.1858
vn 0.2523 -0.9620 0.1045
vn 0.0719 -0.9970 0.0298
vn 0.7085 -0.5956 0.3787
vn 0.5930 -0.7402 0.3170
vn 0.4282 -0.8742 0.2289
vn 0.2409 -0.9620 0.1287
vn 0.0686 -0.9970 0.0367
vn 0.6679 -0.5956 0.4463
vn 0.5591 -0.7402 0.3736
vn 0.4037 -0.8743 0.2697
vn 0.2271 -0.9620 0.1517
vn 0.0647 -0.9970 0.0432
vn 0.6210 -0.5956 0.5096
vn 0.5198 -0.7402 0.4266
vn 0.3753 -0.8742 0.3080
vn 0.2111 -0.9620 0.1733
vn 0.0602 -0.9970 0.0494
vn 0.5680 -0.5956 0.5680
vn 0.4754 -0.7402 0.4754
vn 0.3433 -0.8743 0.3433
vn 0.1931 -0.9620 0.1931
vn 0.0550 -0.9970 0.0550
vn 0.5096 -0.5956 0.6210
vn 0.4266 -0.7402 0.5198
vn 0.3080 -0.8742 0.3753
vn 0.1733 -0.9620 0.2111
vn 0.0494 -0.9970 0.0602
vn 0.4463 -0.5956 0.6679
vn 0.3736 -0.7402 0.5591
vn 0.2697 -0.8743 0.4037
vn 0.1517 -0.9620 0.2271
vn 0.0432 -0.9970 0.0647
vn 0.3787 -0.5956 0.7085
vn 0.3170 -0.7402 0.5930
vn 0.2289 -0.8742 0.4282
vn 0.1287 -0.9620 0.2409
vn 0.0367 -0.9970 0.0686
vn 0.3074 -0.5956 0.7422
vn 0.2573 -0.7402 0.6212
vn 0.1858 -0.8742 0.4485
vn 0.1045 -0.9620 0.2523
vn 0.0298 -0.9970 0.0719
vn 0.2332 -0.5956 0.7687
vn 0.1952 -0.7402 0.6434
vn 0.1409 -0.8743 0.4646
vn 0.0793 -0.9620 0.2613
vn 0.0226 -0.9970 0.0745
vn 0.1567 -0.5956 0.7879
vn 0.1312 -0.7402 0.6595
vn 0.0947 -0.8743 0.4761
vn 0.0533 -0.9620 0.2679
vn 0.0152 -0.9970 0.0763
vn 0.0787 -0.5956 0.7994
vn 0.0659 -0.7402 0.6691
vn 0.0476 -0.8743 0.4831
vn 0.0268 -0.9620 0.2718
vn 0.0076 -0.9970 0.0774
vn -0.1786 -0.4019 0.8981
vn -0.2658 -0.4019 0.8762
vn 0.8076 -0.4019 0.4316
vn 0.7614 -0.4019 0.5087
vn 0.8460 -0.4019 0.3504
vn 0.0898 -0.4019 0.9113
vn 0.8762 -0.4019 0.2658
vn 0.8981 -0.4019 0.1786
vn 0.9113 -0.4019 0.0898
vn 0.9157 -0.4019 -0.0000
vn 0.9113 -0.4019 -0.0898
vn 0.8981 -0.4019 -0.1786
vn 0.8762 -0.4019 -0.2658
vn 0.8460 -0.4019 -0.3504
vn 0.8076 -0.4019 -0.4316
vn 0.7614 -0.4019 -0.5087
vn 0.7078 -0.4019 -0.5809
vn 0.6475 -0.4019 -0.6475
vn 0.5809 -0.4019 -0.7078
vn 0.5087 -0.4019 -0.7614
vn 0.4316 -0.4019 -0.8076
vn 0.3504 -0.4019 -0.8460
vn 0.2658 -0.4019 -0.8762
vn 0.1786 -0.4019 -0.8981
vn 0.0898 -0.4019 -0.9113
vn -0.0000 -0.4019 -0.9157
vn -0.0898 -0.4019 -0.9113
vn -0.1786 -0.4019 -0.8981
vn -0.2658 -0.4019 -0.8762
vn -0.3504 -0.4019 -0.8460
vn -0.4316 -0.4019 -0.8076
vn -0.5087 -0.4019 -0.7614
vn -0.5809 -0.4019 -0.7078
vn -0.6475 -0.4019 -0.6475
vn -0.7078 -0.4019 -0.5809
vn 0.7078 -0.4019 0.5809
vn -0.3504 -0.4019 0.8460
vn 0.6475 -0.4019 0.6475
vn -0.4316 -0.4019 0.8076
vn 0.5809 -0.4019 0.7078
vn -0.5087 -0.4019 0.7614
vn 0.5087 -0.4019 0.7614
vn -0.5809 -0.4019 0.7078
vn 0.4316 -0.4019 0.8076
vn -0.6475 -0.4019 0.6475
vn 0.3504 -0.4019 0.8460
vn -0.7078 -0.4019 0.5809
vn 0.2658 -0.4019 0.8762
vn -0.7614 -0.4019 0.5087
vn 0.1786 -0.4019 0.8981
vn -0.8076 -0.4019 0.4316
vn -0.8460 -0.4019 0.3504
vn -0.8762 -0.4019 0.2658
vn -0.8981 -0.4019 0.1786
vn -0.9113 -0.4019 0.0898
vn -0.9157 -0.4019 -0.0000
vn -0.9113 -0.4019 -0.0898
vn -0.8981 -0.4019 -0.1786
vn -0.8762 -0.4019 -0.2658
vn -0.8460 -0.4019 -0.3504
vn -0.8076 -0.4019 -0.4316
vn -0.7614 -0.4019 -0.5087
vn -0.3827 -0.0001 0.9239
vn -0.6344 -0.0000 0.7730
vn -0.7730 -0.0000 -0.6344
vn 0.7730 -0.0000 0.6344
vt 0.251504 0.645831
vt 0.242496 0.646663
vt 0.221987 0.499425
vt 0.244775 0.497366
vt 0.194998 0.819426
vt 0.202360 0.824789
vt 0.119994 0.949577
vt 0.101420 0.935989
vt 0.341289 0.696212
vt 0.336549 0.688565
vt 0.459470 0.605924
vt 0.471299 0.625462
vt 0.260565 0.645839
vt 0.267650 0.497435
vt 0.188170 0.813400
vt 0.084193 0.920737
vt 0.269574 0.646695
vt 0.290413 0.499629
vt 0.181943 0.806768
vt 0.068461 0.903954
vt 0.348733 0.712424
vt 0.345346 0.704189
vt 0.481316 0.646007
vt 0.489605 0.667454
vt 0.278446 0.648386
vt 0.312867 0.503926
vt 0.176361 0.799601
vt 0.054360 0.885788
vt 0.354269 0.753332
vt 0.355122 0.744287
vt 0.504978 0.745960
vt 0.503326 0.769205
vt 0.287130 0.650885
vt 0.334819 0.510288
vt 0.171469 0.791940
vt 0.042009 0.866395
vt 0.352703 0.762342
vt 0.499712 0.792103
vt 0.295551 0.654187
vt 0.356080 0.518662
vt 0.167311 0.783854
vt 0.031515 0.845942
vt 0.350378 0.771215
vt 0.494034 0.814532
vt 0.303628 0.658249
vt 0.376467 0.528974
vt 0.163923 0.775414
vt 0.022970 0.824606
vt 0.347278 0.779835
vt 0.486307 0.836320
vt 0.311289 0.663047
vt 0.395802 0.541135
vt 0.161331 0.766695
vt 0.016447 0.802572
vt 0.343421 0.788119
vt 0.476594 0.857287
vt 0.318462 0.668534
vt 0.413918 0.555036
vt 0.159559 0.757765
vt 0.012004 0.780032
vt 0.338830 0.796018
vt 0.464978 0.877255
vt 0.325094 0.674645
vt 0.430662 0.570559
vt 0.158630 0.748723
vt 0.009675 0.757182
vt 0.333526 0.803458
vt 0.451559 0.896053
vt 0.322294 0.677429
vt 0.328093 0.683863
vt 0.327920 0.684005
vt 0.322134 0.677587
vt 0.158536 0.739646
vt 0.009480 0.734220
vt 0.327553 0.810374
vt 0.436454 0.913519
vt 0.159288 0.730587
vt 0.011420 0.711344
vt 0.320960 0.816708
vt 0.419792 0.929501
vt 0.160884 0.721650
vt 0.015476 0.688754
vt 0.313818 0.822403
vt 0.401720 0.943862
vt 0.163294 0.712911
vt 0.021610 0.666643
vt 0.306182 0.827403
vt 0.382396 0.956479
vt 0.166510 0.704427
vt 0.029771 0.645202
vt 0.298110 0.831678
vt 0.361986 0.967243
vt 0.170507 0.696273
vt 0.039887 0.624618
vt 0.289675 0.835171
vt 0.340670 0.976060
vt 0.175235 0.688526
vt 0.051872 0.605068
vt 0.280962 0.837863
vt 0.318632 0.982857
vt 0.180664 0.681256
vt 0.065618 0.586720
vt 0.272043 0.839744
vt 0.296063 0.987578
vt 0.186745 0.674533
vt 0.081006 0.569734
vt 0.262986 0.840785
vt 0.273158 0.990180
vt 0.193408 0.668407
vt 0.097901 0.554253
vt 0.253870 0.840977
vt 0.250115 0.990642
vt 0.200619 0.662926
vt 0.116157 0.540411
vt 0.244772 0.840322
vt 0.227132 0.988961
vt 0.208312 0.658140
vt 0.135616 0.528328
vt 0.235768 0.838824
vt 0.204411 0.985149
vt 0.216418 0.654089
vt 0.156109 0.518107
vt 0.226958 0.836493
vt 0.182147 0.979244
vt 0.224867 0.650806
vt 0.177461 0.509839
vt 0.218413 0.833367
vt 0.160533 0.971298
vt 0.233591 0.648321
vt 0.199484 0.503594
vt 0.210189 0.829455
vt 0.139755 0.961381
vt 0.603197 0.278889
vt 0.602570 0.263106
vt 0.603031 0.263066
vt 0.603659 0.278892
vt 0.331138 0.681344
vt 0.445889 0.587569
vt 0.291193 0.346123
vt 0.284600 0.333375
vt 0.307443 0.322627
vt 0.313034 0.333764
vt 0.305310 0.163051
vt 0.294490 0.174603
vt 0.294140 0.174300
vt 0.304985 0.162722
vt 0.298211 0.376936
vt 0.308153 0.388395
vt 0.307830 0.388699
vt 0.297864 0.377214
vt 0.602318 0.294658
vt 0.602778 0.294705
vt 0.316959 0.152425
vt 0.316663 0.152072
vt 0.289213 0.364709
vt 0.288845 0.364957
vt 0.599977 0.310276
vt 0.600430 0.310367
vt 0.329395 0.142808
vt 0.329129 0.142433
vt 0.596151 0.325594
vt 0.596593 0.325728
vt 0.342554 0.134247
vt 0.342321 0.133852
vt 0.590904 0.340459
vt 0.591332 0.340632
vt 0.356389 0.126866
vt 0.356190 0.126452
vt 0.262831 0.310113
vt 0.268038 0.324438
vt 0.267625 0.324603
vt 0.262410 0.310252
vt 0.584309 0.354794
vt 0.584719 0.355007
vt 0.370798 0.120655
vt 0.370635 0.120225
vt 0.576341 0.368431
vt 0.576728 0.368683
vt 0.385726 0.115758
vt 0.385602 0.115315
vt 0.567136 0.381236
vt 0.567497 0.381523
vt 0.401017 0.112191
vt 0.400932 0.111740
vt 0.556779 0.393095
vt 0.557111 0.393414
vt 0.416559 0.109998
vt 0.416516 0.109541
vt 0.545377 0.403908
vt 0.545677 0.404256
vt 0.432235 0.109208
vt 0.432233 0.108749
vt 0.533036 0.413574
vt 0.533303 0.413948
vt 0.447920 0.109836
vt 0.447960 0.109378
vt 0.519865 0.422081
vt 0.520095 0.422478
vt 0.463488 0.111883
vt 0.463569 0.111430
vt 0.505933 0.429278
vt 0.506124 0.429695
vt 0.478815 0.115338
vt 0.478937 0.114894
vt 0.491426 0.435131
vt 0.491577 0.435563
vt 0.493767 0.120187
vt 0.493929 0.119756
vt 0.476473 0.439598
vt 0.476583 0.440040
vt 0.508208 0.126394
vt 0.508408 0.125979
vt 0.461207 0.442649
vt 0.461275 0.443099
vt 0.522065 0.133890
vt 0.522304 0.133495
vt 0.445766 0.444275
vt 0.445793 0.444728
vt 0.535168 0.142699
vt 0.535444 0.142329
vt 0.430288 0.444481
vt 0.430274 0.444934
vt 0.547391 0.152686
vt 0.547700 0.152343
vt 0.414880 0.443306
vt 0.414825 0.443755
vt 0.558627 0.163769
vt 0.558966 0.163455
vt 0.399678 0.440726
vt 0.399582 0.441166
vt 0.568772 0.175850
vt 0.569139 0.175570
vt 0.384819 0.436803
vt 0.384686 0.437233
vt 0.577734 0.188820
vt 0.578125 0.188575
vt 0.370364 0.431618
vt 0.370193 0.432034
vt 0.585490 0.202573
vt 0.585903 0.202365
vt 0.258444 0.295584
vt 0.258023 0.295712
vt 0.356451 0.425143
vt 0.356245 0.425541
vt 0.591902 0.217042
vt 0.592335 0.216875
vt 0.267408 0.213962
vt 0.259983 0.228256
vt 0.259562 0.228036
vt 0.266994 0.213733
vt 0.343193 0.417505
vt 0.342953 0.417882
vt 0.596910 0.232055
vt 0.597356 0.231929
vt 0.275569 0.200140
vt 0.275175 0.199888
vt 0.330673 0.408776
vt 0.330403 0.409131
vt 0.600474 0.247455
vt 0.600929 0.247372
vt 0.284599 0.187008
vt 0.284225 0.186731
vt 0.318971 0.399042
vt 0.318672 0.399372
vt 0.327864 0.313580
vt 0.332466 0.323221
vt 0.352457 0.303579
vt 0.355809 0.311287
vt 0.378694 0.294217
vt 0.380791 0.299665
vt 0.403331 0.286679
vt 0.404403 0.289833
vt 0.302617 0.310957
vt 0.324014 0.303413
vt 0.349785 0.295492
vt 0.377116 0.288558
vt 0.402568 0.283416
vt 0.298637 0.298814
vt 0.320962 0.292816
vt 0.347818 0.287068
vt 0.376074 0.282699
vt 0.402129 0.280075
vt 0.295444 0.286149
vt 0.318747 0.281754
vt 0.346614 0.278345
vt 0.375601 0.276694
vt 0.402022 0.276687
vt 0.296703 0.244842
vt 0.302228 0.232387
vt 0.323967 0.242486
vt 0.319811 0.253339
vt 0.350044 0.253020
vt 0.347331 0.261538
vt 0.377517 0.262397
vt 0.375971 0.268300
vt 0.402891 0.269716
vt 0.402171 0.273050
vt 0.308536 0.220642
vt 0.328945 0.232257
vt 0.353513 0.244901
vt 0.379602 0.256747
vt 0.403937 0.266486
vt 0.315615 0.209619
vt 0.334682 0.222672
vt 0.357663 0.237257
vt 0.382205 0.251384
vt 0.405292 0.263393
vt 0.323478 0.199374
vt 0.341155 0.213774
vt 0.362448 0.230134
vt 0.385295 0.246340
vt 0.406940 0.260463
vt 0.332026 0.189871
vt 0.348257 0.205544
vt 0.367795 0.223549
vt 0.388815 0.241664
vt 0.408858 0.257722
vt 0.341262 0.181186
vt 0.355967 0.198034
vt 0.373663 0.217541
vt 0.392736 0.237379
vt 0.411025 0.255194
vt 0.351121 0.173362
vt 0.364256 0.191309
vt 0.380018 0.212140
vt 0.397015 0.233514
vt 0.413417 0.252899
vt 0.361569 0.166435
vt 0.373052 0.185374
vt 0.386763 0.207385
vt 0.401617 0.230089
vt 0.416009 0.250854
vt 0.372546 0.160462
vt 0.382258 0.180246
vt 0.393878 0.203286
vt 0.406486 0.227134
vt 0.418776 0.249077
vt 0.383976 0.155547
vt 0.391860 0.176024
vt 0.401309 0.199878
vt 0.411587 0.224663
vt 0.421690 0.247579
vt 0.395743 0.151614
vt 0.401750 0.172651
vt 0.408970 0.197170
vt 0.416872 0.222691
vt 0.424723 0.246372
vt 0.407790 0.148751
vt 0.411874 0.170192
vt 0.416817 0.195182
vt 0.422296 0.221229
vt 0.427849 0.245464
vt 0.420026 0.146984
vt 0.422150 0.168664
vt 0.424788 0.193944
vt 0.427814 0.220288
vt 0.431037 0.244857
vt 0.432357 0.146328
vt 0.432507 0.168078
vt 0.432814 0.193432
vt 0.433377 0.219868
vt 0.434260 0.244561
vt 0.444686 0.146792
vt 0.442857 0.168438
vt 0.440833 0.193664
vt 0.438938 0.219972
vt 0.437488 0.244574
vt 0.456915 0.148373
vt 0.453115 0.169741
vt 0.448780 0.194635
vt 0.444451 0.220595
vt 0.440691 0.244893
vt 0.468922 0.151121
vt 0.463184 0.172024
vt 0.456587 0.196352
vt 0.449870 0.221731
vt 0.443844 0.245514
vt 0.480638 0.154899
vt 0.473003 0.175176
vt 0.464188 0.198766
vt 0.455147 0.223367
vt 0.446917 0.246431
vt 0.491957 0.159745
vt 0.482482 0.179221
vt 0.471522 0.201873
vt 0.460237 0.225487
vt 0.449883 0.247633
vt 0.502737 0.165672
vt 0.491513 0.184165
vt 0.478516 0.205661
vt 0.465096 0.228074
vt 0.452720 0.249106
vt 0.512954 0.172519
vt 0.500068 0.189883
vt 0.485128 0.210066
vt 0.469685 0.231100
vt 0.455398 0.250842
vt 0.522486 0.180292
vt 0.508053 0.196369
vt 0.491294 0.215065
vt 0.473964 0.234540
vt 0.457895 0.252821
vt 0.531268 0.188914
vt 0.515361 0.203604
vt 0.496961 0.220618
vt 0.477895 0.238364
vt 0.460190 0.255026
vt 0.539195 0.198333
vt 0.521991 0.211453
vt 0.502078 0.226673
vt 0.481445 0.242537
vt 0.462263 0.257436
vt 0.546209 0.208449
vt 0.527854 0.219892
vt 0.506603 0.233177
vt 0.484584 0.247021
vt 0.464097 0.260029
vt 0.552181 0.219202
vt 0.532850 0.228863
vt 0.510479 0.240082
vt 0.487282 0.251778
vt 0.465677 0.262781
vt 0.557179 0.230438
vt 0.537026 0.238241
vt 0.513704 0.247308
vt 0.489518 0.256765
vt 0.466986 0.265670
vt 0.561099 0.242098
vt 0.540300 0.247970
vt 0.516234 0.254802
vt 0.491274 0.261937
vt 0.468013 0.268667
vt 0.563905 0.254077
vt 0.542642 0.257962
vt 0.518047 0.262499
vt 0.492532 0.267250
vt 0.468751 0.271747
vt 0.565578 0.266269
vt 0.544035 0.268131
vt 0.519109 0.270333
vt 0.493284 0.272655
vt 0.469194 0.274881
vt 0.566016 0.278560
vt 0.544458 0.278386
vt 0.519446 0.278226
vt 0.493521 0.278105
vt 0.469337 0.278042
vt 0.565381 0.290829
vt 0.543919 0.288633
vt 0.519035 0.286115
vt 0.493243 0.283551
vt 0.469179 0.281201
vt 0.563524 0.302971
vt 0.542371 0.298770
vt 0.517881 0.293928
vt 0.492450 0.288945
vt 0.468726 0.284331
vt 0.560592 0.314891
vt 0.539931 0.308721
vt 0.515998 0.301596
vt 0.491154 0.294238
vt 0.467975 0.287402
vt 0.556544 0.326482
vt 0.536565 0.318397
vt 0.513403 0.309052
vt 0.489364 0.299385
vt 0.466936 0.290388
vt 0.551360 0.337594
vt 0.532264 0.327691
vt 0.510102 0.316221
vt 0.487095 0.304339
vt 0.465622 0.293263
vt 0.545229 0.348209
vt 0.527115 0.336536
vt 0.506145 0.323043
vt 0.484368 0.309055
vt 0.464037 0.296001
vt 0.538104 0.358185
vt 0.521197 0.344881
vt 0.501580 0.329471
vt 0.481211 0.313494
vt 0.462200 0.298575
vt 0.530091 0.367457
vt 0.514487 0.352597
vt 0.496419 0.335429
vt 0.477649 0.317616
vt 0.460127 0.300965
vt 0.521233 0.375921
vt 0.507116 0.359677
vt 0.490734 0.340888
vt 0.473714 0.321385
vt 0.457836 0.303148
vt 0.511633 0.383514
vt 0.499114 0.366032
vt 0.484561 0.345790
vt 0.469440 0.324769
vt 0.455347 0.305105
vt 0.501345 0.390110
vt 0.490531 0.371562
vt 0.477949 0.350077
vt 0.464865 0.327737
vt 0.452682 0.306819
vt 0.490530 0.395770
vt 0.481497 0.376307
vt 0.470972 0.353743
vt 0.460030 0.330263
vt 0.449865 0.308274
vt 0.479242 0.400393
vt 0.472063 0.380187
vt 0.463682 0.356742
vt 0.454975 0.332326
vt 0.446920 0.309457
vt 0.467584 0.403944
vt 0.462313 0.383171
vt 0.456142 0.359051
vt 0.449744 0.333907
vt 0.443873 0.310356
vt 0.455657 0.406399
vt 0.452328 0.385241
vt 0.448413 0.360634
vt 0.444385 0.334992
vt 0.440750 0.310963
vt 0.443564 0.407746
vt 0.442197 0.386378
vt 0.440569 0.361511
vt 0.438939 0.335572
vt 0.437580 0.311272
vt 0.431407 0.407986
vt 0.432005 0.386578
vt 0.432669 0.361657
vt 0.433456 0.335640
vt 0.434390 0.311279
vt 0.419298 0.407047
vt 0.421835 0.385842
vt 0.424785 0.361061
vt 0.427980 0.335195
vt 0.431208 0.310983
vt 0.407333 0.405093
vt 0.411771 0.384185
vt 0.416975 0.359753
vt 0.422559 0.334239
vt 0.428062 0.310386
vt 0.395592 0.402062
vt 0.401891 0.381628
vt 0.409304 0.357730
vt 0.417238 0.332779
vt 0.424981 0.309492
vt 0.384199 0.397934
vt 0.392289 0.378153
vt 0.401840 0.354997
vt 0.412063 0.330824
vt 0.421991 0.308309
vt 0.373182 0.392874
vt 0.383025 0.373831
vt 0.394642 0.351593
vt 0.407076 0.328389
vt 0.419118 0.306839
vt 0.362651 0.386847
vt 0.374149 0.368727
vt 0.387752 0.347545
vt 0.402320 0.325490
vt 0.416391 0.305098
vt 0.352674 0.379920
vt 0.365739 0.362840
vt 0.381230 0.342874
vt 0.397835 0.322147
vt 0.413834 0.303098
vt 0.343311 0.372148
vt 0.357844 0.356204
vt 0.375133 0.337600
vt 0.393663 0.318388
vt 0.411471 0.300855
vt 0.334617 0.363588
vt 0.350529 0.348883
vt 0.369497 0.331777
vt 0.389836 0.314228
vt 0.409325 0.298386
vt 0.326690 0.354277
vt 0.343836 0.340913
vt 0.364366 0.325415
vt 0.386395 0.309707
vt 0.407419 0.295711
vt 0.319472 0.344333
vt 0.337803 0.332345
vt 0.359792 0.318578
vt 0.383369 0.304843
vt 0.405771 0.292851
vt 0.281210 0.351826
vt 0.280825 0.352047
vt 0.278831 0.320171
vt 0.273915 0.306478
vt 0.416326 0.431735
vt 0.402148 0.429362
vt 0.253961 0.836987
vt 0.245234 0.836356
vt 0.245261 0.836131
vt 0.253967 0.836761
vt 0.430682 0.432800
vt 0.236605 0.834921
vt 0.236653 0.834700
vt 0.298766 0.358256
vt 0.445098 0.432582
vt 0.228150 0.832694
vt 0.228218 0.832478
vt 0.459463 0.431038
vt 0.219945 0.829691
vt 0.220033 0.829482
vt 0.473655 0.428170
vt 0.212059 0.825934
vt 0.212166 0.825735
vt 0.487549 0.423990
vt 0.204558 0.821459
vt 0.204682 0.821270
vt 0.501015 0.418521
vt 0.197489 0.816321
vt 0.197631 0.816145
vt 0.513922 0.411794
vt 0.190942 0.810540
vt 0.191099 0.810377
vt 0.526204 0.403963
vt 0.184962 0.804182
vt 0.185134 0.804035
vt 0.537656 0.394929
vt 0.179603 0.797299
vt 0.179788 0.797169
vt 0.548236 0.384858
vt 0.174913 0.789949
vt 0.175109 0.789836
vt 0.557836 0.373827
vt 0.170926 0.782191
vt 0.171132 0.782098
vt 0.566360 0.361925
vt 0.167678 0.774095
vt 0.167892 0.774020
vt 0.573711 0.349255
vt 0.165195 0.765729
vt 0.165414 0.765675
vt 0.579920 0.335988
vt 0.163496 0.757172
vt 0.163719 0.757138
vt 0.584763 0.322151
vt 0.162596 0.748497
vt 0.162822 0.748485
vt 0.588304 0.307915
vt 0.162508 0.739781
vt 0.162734 0.739789
vt 0.590464 0.293405
vt 0.163230 0.731100
vt 0.163453 0.731129
vt 0.591282 0.278758
vt 0.164753 0.722525
vt 0.164973 0.722575
vt 0.590685 0.264099
vt 0.167069 0.714134
vt 0.167283 0.714204
vt 0.588735 0.249560
vt 0.170158 0.705998
vt 0.170365 0.706088
vt 0.585415 0.235262
vt 0.173993 0.698185
vt 0.174191 0.698293
vt 0.580752 0.221336
vt 0.178521 0.690748
vt 0.178708 0.690874
vt 0.574778 0.207925
vt 0.183730 0.683776
vt 0.183904 0.683919
vt 0.567662 0.195098
vt 0.189558 0.677321
vt 0.189718 0.677479
vt 0.559296 0.183048
vt 0.195958 0.671439
vt 0.196102 0.671612
vt 0.549853 0.171823
vt 0.202876 0.666184
vt 0.203004 0.666370
vt 0.539405 0.161528
vt 0.210256 0.661595
vt 0.210366 0.661792
vt 0.528042 0.152259
vt 0.218034 0.657711
vt 0.218125 0.657917
vt 0.515859 0.144106
vt 0.226140 0.654565
vt 0.226211 0.654778
vt 0.503029 0.137043
vt 0.258554 0.328250
vt 0.264931 0.342817
vt 0.257737 0.346283
vt 0.251122 0.331255
vt 0.231032 0.168284
vt 0.227550 0.161922
vt 0.226354 0.163123
vt 0.229407 0.168695
vt 0.280762 0.370435
vt 0.290208 0.383293
vt 0.283916 0.388312
vt 0.274099 0.374957
vt 0.300700 0.395381
vt 0.294761 0.400927
vt 0.312108 0.406662
vt 0.306647 0.412687
vt 0.324460 0.416971
vt 0.319509 0.423454
vt 0.337687 0.426225
vt 0.333292 0.433132
vt 0.351707 0.434332
vt 0.347918 0.441617
vt 0.366413 0.441211
vt 0.363278 0.448801
vt 0.381734 0.446699
vt 0.379260 0.454598
vt 0.397498 0.450901
vt 0.395742 0.458989
vt 0.413604 0.453676
vt 0.412581 0.461890
vt 0.429954 0.454912
vt 0.429669 0.463253
vt 0.446406 0.454741
vt 0.446888 0.463082
vt 0.462813 0.453042
vt 0.464066 0.461326
vt 0.479041 0.449825
vt 0.481062 0.457981
vt 0.494945 0.445100
vt 0.497725 0.453055
vt 0.510377 0.438897
vt 0.513898 0.446570
vt 0.525186 0.431271
vt 0.529410 0.438573
vt 0.539179 0.422206
vt 0.544092 0.429118
vt 0.552340 0.411942
vt 0.557856 0.418355
vt 0.564474 0.400444
vt 0.570599 0.406345
vt 0.575511 0.387843
vt 0.582180 0.393132
vt 0.585316 0.374224
vt 0.592463 0.378858
vt 0.593797 0.359734
vt 0.601338 0.363660
vt 0.600783 0.344467
vt 0.608696 0.347676
vt 0.606389 0.328643
vt 0.614547 0.331088
vt 0.610476 0.312367
vt 0.618813 0.314029
vt 0.612931 0.295749
vt 0.621431 0.296625
vt 0.613900 0.278974
vt 0.622425 0.279033
vt 0.613205 0.262180
vt 0.621706 0.261430
vt 0.610990 0.245512
vt 0.619381 0.243978
vt 0.607209 0.229124
vt 0.615424 0.226803
vt 0.601899 0.213163
vt 0.609849 0.210067
vt 0.595059 0.197794
vt 0.602665 0.193964
vt 0.586774 0.183167
vt 0.594013 0.178634
vt 0.577241 0.169350
vt 0.584005 0.164176
vt 0.566451 0.156502
vt 0.572699 0.150719
vt 0.554503 0.144718
vt 0.560181 0.138376
vt 0.541505 0.134104
vt 0.546561 0.127261
vt 0.527590 0.124750
vt 0.531970 0.117488
vt 0.512838 0.116823
vt 0.516536 0.109162
vt 0.497477 0.110221
vt 0.500442 0.102282
vt 0.481592 0.105081
vt 0.483813 0.096915
vt 0.465317 0.101421
vt 0.466782 0.093095
vt 0.448791 0.099257
vt 0.449495 0.090840
vt 0.432147 0.098599
vt 0.432088 0.090157
vt 0.415517 0.099442
vt 0.414700 0.091044
vt 0.399036 0.101772
vt 0.397472 0.093486
vt 0.382834 0.105556
vt 0.380545 0.097452
vt 0.367042 0.110735
vt 0.364067 0.102892
vt 0.351809 0.117336
vt 0.348155 0.109748
vt 0.337164 0.125118
vt 0.332908 0.117908
vt 0.323273 0.134182
vt 0.318403 0.127310
vt 0.310113 0.144318
vt 0.304704 0.137887
vt 0.297823 0.155502
vt 0.291922 0.149529
vt 0.286433 0.167616
vt 0.280112 0.162121
vt 0.276029 0.180630
vt 0.269255 0.175565
vt 0.266493 0.194377
vt 0.259373 0.189822
vt 0.257927 0.208789
vt 0.250514 0.204746
vt 0.250390 0.223643
vt 0.242743 0.220231
vt 0.248709 0.298139
vt 0.253107 0.313310
vt 0.245475 0.315811
vt 0.240934 0.299970
vt 0.272371 0.356890
vt 0.265368 0.360892
vt 0.262706 0.836805
vt 0.262691 0.836579
vt 0.388260 0.425753
vt 0.269767 0.292376
vt 0.271393 0.835809
vt 0.271357 0.835585
vt 0.374804 0.420846
vt 0.271216 0.233783
vt 0.278184 0.219896
vt 0.279949 0.834002
vt 0.279892 0.833783
vt 0.361809 0.414858
vt 0.285841 0.206685
vt 0.288308 0.831420
vt 0.288231 0.831206
vt 0.349410 0.407753
vt 0.294291 0.194181
vt 0.296399 0.828069
vt 0.296302 0.827863
vt 0.337686 0.399611
vt 0.303629 0.182506
vt 0.304142 0.823968
vt 0.304027 0.823772
vt 0.326707 0.390515
vt 0.313728 0.171591
vt 0.311477 0.819170
vt 0.311344 0.818986
vt 0.316518 0.380552
vt 0.324626 0.161577
vt 0.318322 0.813698
vt 0.318173 0.813527
vt 0.333285 0.690796
vt 0.333100 0.690923
vt 0.307240 0.369735
vt 0.336262 0.152526
vt 0.324643 0.807629
vt 0.324479 0.807473
vt 0.348579 0.144490
vt 0.330374 0.800996
vt 0.330196 0.800856
vt 0.315925 0.671557
vt 0.315780 0.671729
vt 0.274129 0.338387
vt 0.273728 0.338580
vt 0.361508 0.137533
vt 0.335464 0.793860
vt 0.335273 0.793737
vt 0.309037 0.666297
vt 0.308909 0.666482
vt 0.375001 0.131813
vt 0.339867 0.786278
vt 0.339665 0.786172
vt 0.301689 0.661693
vt 0.301579 0.661889
vt 0.388909 0.127208
vt 0.343575 0.778316
vt 0.343364 0.778229
vt 0.293937 0.657803
vt 0.293845 0.658008
vt 0.403164 0.123866
vt 0.346537 0.770026
vt 0.346318 0.769959
vt 0.285869 0.654634
vt 0.285796 0.654847
vt 0.417653 0.121813
vt 0.348771 0.761495
vt 0.348547 0.761447
vt 0.277539 0.652236
vt 0.277487 0.652454
vt 0.432261 0.121072
vt 0.350288 0.752796
vt 0.350060 0.752765
vt 0.269019 0.650607
vt 0.268988 0.650830
vt 0.446872 0.121654
vt 0.351179 0.744053
vt 0.350950 0.744030
vt 0.260377 0.649797
vt 0.260366 0.650022
vt 0.461367 0.123564
vt 0.341770 0.705847
vt 0.345102 0.713763
vt 0.344899 0.713848
vt 0.341569 0.705941
vt 0.251694 0.649788
vt 0.251704 0.650013
vt 0.475642 0.126769
vt 0.337863 0.698148
vt 0.337667 0.698257
vt 0.243043 0.650584
vt 0.243074 0.650807
vt 0.489566 0.131284
vt 0.234500 0.652182
vt 0.234552 0.652401
vt 0.200025 0.189216
vt 0.211159 0.195608
vt 0.212293 0.191141
vt 0.203249 0.185910
vt 0.200140 0.153971
vt 0.193584 0.165173
vt 0.198083 0.166346
vt 0.203427 0.157250
vt 0.241387 0.178082
vt 0.241387 0.165373
vt 0.236995 0.166582
vt 0.236955 0.176948
vt 0.223977 0.195572
vt 0.222728 0.191144
vt 0.193576 0.178083
vt 0.198035 0.176837
vt 0.224204 0.147866
vt 0.211409 0.147712
vt 0.212592 0.152173
vt 0.223012 0.152292
vt 0.235039 0.189145
vt 0.231751 0.185942
vt 0.235131 0.154398
vt 0.231913 0.157626
vt 0.221307 0.158390
vt 0.218687 0.167794
vt 0.217570 0.171713
vt 0.220491 0.168889
vt 0.214116 0.158176
vt 0.214550 0.159813
vt 0.220876 0.159984
vt 0.216574 0.167782
vt 0.207928 0.161809
vt 0.209091 0.162973
vt 0.214720 0.168795
vt 0.204214 0.167878
vt 0.205816 0.168336
vt 0.213653 0.170620
vt 0.204072 0.175069
vt 0.205692 0.174654
vt 0.213639 0.172727
vt 0.207573 0.181361
vt 0.208766 0.180187
vt 0.214677 0.174553
vt 0.213755 0.185047
vt 0.214199 0.183434
vt 0.216482 0.175611
vt 0.220952 0.185142
vt 0.220531 0.183523
vt 0.218567 0.175622
vt 0.227226 0.181642
vt 0.226054 0.180452
vt 0.220402 0.174621
vt 0.230900 0.175476
vt 0.229290 0.175028
vt 0.221453 0.172815
vt 0.221500 0.170728
vt 0.087592 0.120146
vt 0.084147 0.113763
vt 0.082936 0.114959
vt 0.085966 0.120549
vt 0.056522 0.140908
vt 0.067507 0.147355
vt 0.068675 0.142901
vt 0.059738 0.137633
vt 0.056908 0.105656
vt 0.049976 0.116756
vt 0.054663 0.118076
vt 0.060007 0.108917
vt 0.097827 0.129902
vt 0.097827 0.117426
vt 0.093588 0.118488
vt 0.093448 0.128778
vt 0.080424 0.147467
vt 0.079183 0.143004
vt 0.050062 0.129875
vt 0.054544 0.128616
vt 0.080921 0.099737
vt 0.068143 0.099497
vt 0.069289 0.103943
vt 0.079704 0.104169
vt 0.091562 0.140954
vt 0.088263 0.137749
vt 0.091918 0.106296
vt 0.088512 0.109569
vt 0.077853 0.110116
vt 0.075224 0.119617
vt 0.074127 0.123505
vt 0.077036 0.120674
vt 0.070655 0.110078
vt 0.071096 0.111684
vt 0.077426 0.111742
vt 0.073129 0.119570
vt 0.064512 0.113601
vt 0.065662 0.114771
vt 0.071278 0.120583
vt 0.060760 0.119639
vt 0.062367 0.120123
vt 0.070209 0.122407
vt 0.060585 0.126877
vt 0.062233 0.126493
vt 0.070197 0.124515
vt 0.064120 0.133295
vt 0.065337 0.132095
vt 0.071242 0.126335
vt 0.070458 0.136898
vt 0.070859 0.135272
vt 0.073042 0.127421
vt 0.077556 0.136821
vt 0.077138 0.135231
vt 0.075134 0.127420
vt 0.083744 0.133409
vt 0.082605 0.132214
vt 0.076967 0.126410
vt 0.087435 0.127306
vt 0.085837 0.126852
vt 0.078025 0.124599
vt 0.078038 0.122512
vt 0.029004 0.184958
vt 0.035510 0.181489
vt 0.034294 0.180262
vt 0.028615 0.183313
vt 0.008354 0.154126
vt 0.002145 0.164926
vt 0.006475 0.166055
vt 0.011583 0.157247
vt 0.043124 0.153678
vt 0.031822 0.147458
vt 0.030758 0.151934
vt 0.039908 0.157062
vt 0.018831 0.195188
vt 0.031670 0.195587
vt 0.030644 0.191045
vt 0.020195 0.190802
vt 0.002035 0.177412
vt 0.006264 0.176359
vt 0.019113 0.147721
vt 0.020394 0.152072
vt 0.049840 0.178073
vt 0.049840 0.164921
vt 0.045313 0.166220
vt 0.045266 0.176888
vt 0.008006 0.188484
vt 0.011335 0.185397
vt 0.043212 0.189449
vt 0.039818 0.185934
vt 0.039154 0.175085
vt 0.029564 0.172536
vt 0.025641 0.171430
vt 0.028468 0.174348
vt 0.039043 0.167913
vt 0.037451 0.168352
vt 0.037509 0.174681
vt 0.029600 0.170412
vt 0.035564 0.161684
vt 0.034374 0.162858
vt 0.028538 0.168579
vt 0.029356 0.158029
vt 0.028907 0.159649
vt 0.026717 0.167533
vt 0.022167 0.157997
vt 0.022576 0.159612
vt 0.024616 0.167500
vt 0.015860 0.161500
vt 0.017057 0.162696
vt 0.022797 0.168551
vt 0.012380 0.167781
vt 0.013975 0.168186
vt 0.021754 0.170354
vt 0.012416 0.174797
vt 0.013985 0.174386
vt 0.021747 0.172422
vt 0.015727 0.180987
vt 0.016924 0.179851
vt 0.022738 0.174241
vt 0.021777 0.184765
vt 0.022261 0.183159
vt 0.024521 0.175336
vt 0.026622 0.175352
vt 0.076953 0.233006
vt 0.083371 0.229605
vt 0.082202 0.228375
vt 0.076572 0.231373
vt 0.056627 0.201946
vt 0.050206 0.212772
vt 0.054562 0.213955
vt 0.059828 0.205123
vt 0.091297 0.201845
vt 0.080092 0.195607
vt 0.078997 0.200043
vt 0.088077 0.205204
vt 0.066803 0.243197
vt 0.079610 0.243596
vt 0.078599 0.239085
vt 0.068173 0.238819
vt 0.050016 0.225354
vt 0.054272 0.224316
vt 0.067495 0.195728
vt 0.068716 0.200078
vt 0.097987 0.226369
vt 0.097987 0.213089
vt 0.093436 0.214380
vt 0.093254 0.225023
vt 0.055987 0.236473
vt 0.059329 0.233389
vt 0.091015 0.237525
vt 0.087843 0.234077
vt 0.087256 0.223341
vt 0.077607 0.220655
vt 0.073702 0.219513
vt 0.076499 0.222450
vt 0.087172 0.216063
vt 0.085566 0.216497
vt 0.085592 0.222895
vt 0.077659 0.218533
vt 0.083715 0.209785
vt 0.082514 0.210953
vt 0.076639 0.216673
vt 0.077529 0.206086
vt 0.077075 0.207703
vt 0.074810 0.215601
vt 0.070269 0.205951
vt 0.070711 0.207590
vt 0.072702 0.215585
vt 0.064036 0.209608
vt 0.065229 0.210772
vt 0.070881 0.216619
vt 0.060480 0.215779
vt 0.062076 0.216192
vt 0.069825 0.218413
vt 0.060454 0.222791
vt 0.062037 0.222400
vt 0.069807 0.220479
vt 0.063749 0.228985
vt 0.064955 0.227868
vt 0.070784 0.222302
vt 0.069766 0.232793
vt 0.070254 0.231196
vt 0.072558 0.223406
vt 0.074652 0.223437
vt 0.125614 0.206370
vt 0.118331 0.206356
vt 0.118781 0.207990
vt 0.125178 0.207996
vt 0.128419 0.243415
vt 0.139542 0.237304
vt 0.136190 0.233946
vt 0.127289 0.239195
vt 0.098415 0.226623
vt 0.104837 0.237596
vt 0.108115 0.234195
vt 0.102661 0.225392
vt 0.139494 0.202152
vt 0.128291 0.195663
vt 0.127041 0.200185
vt 0.136178 0.205390
vt 0.145865 0.226083
vt 0.141556 0.224944
vt 0.116027 0.243596
vt 0.117070 0.239210
vt 0.104045 0.202620
vt 0.097987 0.213948
vt 0.102456 0.214951
vt 0.107472 0.205775
vt 0.145885 0.213310
vt 0.141430 0.214450
vt 0.115123 0.195663
vt 0.116465 0.200362
vt 0.111981 0.210037
vt 0.119171 0.216944
vt 0.122059 0.219805
vt 0.120995 0.215890
vt 0.108645 0.216424
vt 0.110247 0.216803
vt 0.113226 0.211210
vt 0.118122 0.218778
vt 0.108671 0.223511
vt 0.110272 0.223065
vt 0.118130 0.220888
vt 0.112285 0.229685
vt 0.113457 0.228496
vt 0.119212 0.222700
vt 0.118552 0.233326
vt 0.118963 0.231679
vt 0.121048 0.223725
vt 0.125788 0.233161
vt 0.125307 0.231558
vt 0.123138 0.223693
vt 0.131911 0.229469
vt 0.130708 0.228334
vt 0.124954 0.222652
vt 0.135330 0.223308
vt 0.133745 0.222891
vt 0.125976 0.220827
vt 0.135387 0.216241
vt 0.133782 0.216651
vt 0.125950 0.218741
vt 0.131880 0.209979
vt 0.130685 0.211160
vt 0.124920 0.216921
vt 0.123090 0.215899
vt 0.022187 0.040870
vt 0.029453 0.040915
vt 0.029013 0.039282
vt 0.022627 0.039249
vt 0.019405 0.003834
vt 0.008203 0.010038
vt 0.011588 0.013391
vt 0.020546 0.008070
vt 0.049811 0.020604
vt 0.042916 0.009608
vt 0.039796 0.012982
vt 0.045177 0.021939
vt 0.008370 0.045025
vt 0.019482 0.051515
vt 0.020743 0.047023
vt 0.011668 0.041817
vt 0.002035 0.021337
vt 0.006327 0.022441
vt 0.031814 0.003674
vt 0.030782 0.008047
vt 0.043660 0.044746
vt 0.049811 0.033581
vt 0.045477 0.032477
vt 0.040289 0.041576
vt 0.002049 0.033952
vt 0.006459 0.032818
vt 0.032585 0.051584
vt 0.031279 0.046901
vt 0.035818 0.037280
vt 0.028662 0.030317
vt 0.025773 0.027446
vt 0.026830 0.031366
vt 0.039208 0.030924
vt 0.037600 0.030536
vt 0.034582 0.036100
vt 0.029725 0.028478
vt 0.039210 0.023800
vt 0.037590 0.024232
vt 0.029694 0.026361
vt 0.035594 0.017567
vt 0.034395 0.018744
vt 0.028613 0.024550
vt 0.029305 0.013948
vt 0.028887 0.015585
vt 0.026778 0.023524
vt 0.022090 0.014119
vt 0.022581 0.015709
vt 0.024688 0.023552
vt 0.016082 0.017817
vt 0.017250 0.018950
vt 0.022901 0.024612
vt 0.012462 0.023879
vt 0.014065 0.024329
vt 0.021885 0.026421
vt 0.012436 0.031021
vt 0.014040 0.030604
vt 0.021869 0.028500
vt 0.015946 0.037259
vt 0.017138 0.036080
vt 0.022902 0.030323
vt 0.024732 0.031351
vt 0.135000 0.031310
vt 0.135049 0.024071
vt 0.133418 0.024511
vt 0.133385 0.030871
vt 0.097827 0.033953
vt 0.104020 0.045258
vt 0.107424 0.041868
vt 0.102228 0.032867
vt 0.114678 0.003740
vt 0.103805 0.010682
vt 0.107142 0.013755
vt 0.116038 0.008359
vt 0.139208 0.045071
vt 0.145560 0.033955
vt 0.141118 0.032729
vt 0.135976 0.041800
vt 0.115354 0.051577
vt 0.116479 0.047245
vt 0.097994 0.021593
vt 0.102173 0.022667
vt 0.139092 0.009834
vt 0.127690 0.003626
vt 0.126596 0.008009
vt 0.135711 0.013284
vt 0.128149 0.051525
vt 0.126987 0.047083
vt 0.145560 0.021108
vt 0.141064 0.022267
vt 0.131415 0.017712
vt 0.124469 0.024862
vt 0.121600 0.027739
vt 0.125514 0.026689
vt 0.125043 0.014307
vt 0.124654 0.015917
vt 0.130235 0.018949
vt 0.122638 0.023804
vt 0.117915 0.014309
vt 0.118347 0.015927
vt 0.120522 0.023804
vt 0.111705 0.017925
vt 0.112879 0.019121
vt 0.118706 0.024890
vt 0.108085 0.024187
vt 0.109721 0.024609
vt 0.117676 0.026727
vt 0.108227 0.031414
vt 0.109829 0.030933
vt 0.117701 0.028822
vt 0.111925 0.037559
vt 0.113066 0.036352
vt 0.118767 0.030617
vt 0.118116 0.040993
vt 0.118536 0.039403
vt 0.120579 0.031628
vt 0.125182 0.041066
vt 0.124782 0.039457
vt 0.122655 0.031642
vt 0.131400 0.037535
vt 0.130235 0.036341
vt 0.124475 0.030608
vt 0.125500 0.028781
vt 0.213881 0.136885
vt 0.221058 0.136920
vt 0.220639 0.135296
vt 0.214299 0.135280
vt 0.211352 0.099510
vt 0.199882 0.105752
vt 0.203291 0.109205
vt 0.212418 0.104017
vt 0.241083 0.117232
vt 0.234931 0.106267
vt 0.231659 0.109397
vt 0.236736 0.118333
vt 0.199838 0.141087
vt 0.211022 0.147663
vt 0.212281 0.143132
vt 0.203160 0.137859
vt 0.193505 0.117148
vt 0.197853 0.118295
vt 0.224062 0.099806
vt 0.222764 0.104174
vt 0.235187 0.140659
vt 0.241083 0.129636
vt 0.236877 0.128577
vt 0.231830 0.137556
vt 0.193497 0.129970
vt 0.197952 0.128841
vt 0.224238 0.147604
vt 0.222895 0.142922
vt 0.227393 0.133327
vt 0.220273 0.126398
vt 0.217406 0.123531
vt 0.218452 0.127443
vt 0.230762 0.127009
vt 0.229181 0.126598
vt 0.226175 0.132140
vt 0.221326 0.124574
vt 0.230872 0.119902
vt 0.229251 0.120340
vt 0.221331 0.122470
vt 0.227199 0.113804
vt 0.226026 0.114954
vt 0.220267 0.120656
vt 0.221099 0.110063
vt 0.220631 0.111692
vt 0.218439 0.119612
vt 0.213831 0.110117
vt 0.214282 0.111731
vt 0.216341 0.119624
vt 0.207608 0.113773
vt 0.208813 0.114929
vt 0.214537 0.120685
vt 0.204128 0.119983
vt 0.205720 0.120405
vt 0.213517 0.122496
vt 0.203994 0.127105
vt 0.205616 0.126693
vt 0.213496 0.124577
vt 0.207519 0.133464
vt 0.208717 0.132247
vt 0.214532 0.126406
vt 0.216361 0.127429
vt 0.125187 0.062285
vt 0.118036 0.062181
vt 0.118455 0.063801
vt 0.124772 0.063878
vt 0.127673 0.099650
vt 0.139149 0.093403
vt 0.135738 0.089949
vt 0.126608 0.095144
vt 0.097827 0.081947
vt 0.104144 0.092924
vt 0.107410 0.089773
vt 0.102246 0.080823
vt 0.139183 0.058125
vt 0.128071 0.051577
vt 0.126807 0.056072
vt 0.135875 0.061338
vt 0.145522 0.082004
vt 0.141175 0.080860
vt 0.114976 0.099342
vt 0.116269 0.094981
vt 0.104120 0.058336
vt 0.097830 0.069205
vt 0.102205 0.070418
vt 0.107283 0.061412
vt 0.145522 0.069194
vt 0.141077 0.070323
vt 0.114962 0.051581
vt 0.116249 0.056214
vt 0.111712 0.065727
vt 0.118753 0.072732
vt 0.121632 0.075606
vt 0.120588 0.071690
vt 0.108319 0.072001
vt 0.109907 0.072402
vt 0.112927 0.066904
vt 0.117714 0.074561
vt 0.108211 0.079071
vt 0.109828 0.078666
vt 0.117721 0.076660
vt 0.111713 0.085319
vt 0.112916 0.084163
vt 0.118774 0.078474
vt 0.117914 0.089101
vt 0.118355 0.087454
vt 0.120595 0.079521
vt 0.125198 0.089052
vt 0.124732 0.087432
vt 0.122692 0.079514
vt 0.131420 0.085380
vt 0.130214 0.084223
vt 0.124496 0.078457
vt 0.134904 0.079169
vt 0.133312 0.078745
vt 0.125519 0.076647
vt 0.135056 0.072054
vt 0.133426 0.072455
vt 0.125542 0.074567
vt 0.131522 0.065720
vt 0.130319 0.066919
vt 0.124508 0.072737
vt 0.122682 0.071709
vt 0.173170 0.062349
vt 0.166060 0.062206
vt 0.166468 0.063824
vt 0.172751 0.063932
vt 0.175672 0.099710
vt 0.187162 0.093406
vt 0.183735 0.089954
vt 0.174589 0.095182
vt 0.145642 0.081785
vt 0.151879 0.092934
vt 0.155199 0.089765
vt 0.150097 0.080692
vt 0.187058 0.058217
vt 0.176034 0.051780
vt 0.174788 0.056201
vt 0.183787 0.061416
vt 0.193495 0.081972
vt 0.189148 0.080849
vt 0.162877 0.099448
vt 0.164181 0.095040
vt 0.152221 0.058082
vt 0.145753 0.069034
vt 0.150148 0.070305
vt 0.155395 0.061364
vt 0.193419 0.069194
vt 0.188998 0.070341
vt 0.163220 0.051780
vt 0.164341 0.056216
vt 0.159719 0.065695
vt 0.166734 0.072719
vt 0.169595 0.075599
vt 0.168561 0.071689
vt 0.156253 0.071972
vt 0.157836 0.072403
vt 0.160919 0.066896
vt 0.165659 0.074540
vt 0.156052 0.079143
vt 0.157694 0.078715
vt 0.165669 0.076657
vt 0.159725 0.085323
vt 0.160913 0.084170
vt 0.166729 0.078475
vt 0.165860 0.089107
vt 0.166333 0.087469
vt 0.168559 0.079522
vt 0.173165 0.089054
vt 0.172713 0.087434
vt 0.170662 0.079511
vt 0.179402 0.085384
vt 0.178196 0.084226
vt 0.172469 0.078448
vt 0.182887 0.079177
vt 0.181292 0.078744
vt 0.173492 0.076632
vt 0.182999 0.072088
vt 0.181379 0.072477
vt 0.173514 0.074543
vt 0.179470 0.065780
vt 0.178272 0.066974
vt 0.172450 0.072735
vt 0.170641 0.071713
vt 0.182822 0.119824
vt 0.179264 0.113628
vt 0.178074 0.114798
vt 0.181229 0.120267
vt 0.151831 0.140913
vt 0.163064 0.147663
vt 0.164318 0.142960
vt 0.155192 0.137702
vt 0.152140 0.106109
vt 0.145735 0.117038
vt 0.150117 0.118293
vt 0.155311 0.109359
vt 0.193497 0.129777
vt 0.193497 0.116876
vt 0.188986 0.118070
vt 0.189049 0.128558
vt 0.176146 0.147375
vt 0.174924 0.143045
vt 0.145642 0.129750
vt 0.150090 0.128662
vt 0.175535 0.099710
vt 0.163052 0.099799
vt 0.164197 0.104155
vt 0.174492 0.103978
vt 0.187179 0.140858
vt 0.183947 0.137603
vt 0.186830 0.105608
vt 0.183499 0.109063
vt 0.173016 0.109954
vt 0.170589 0.119573
vt 0.169561 0.123491
vt 0.172403 0.120616
vt 0.165868 0.110202
vt 0.166305 0.111776
vt 0.172598 0.111599
vt 0.168486 0.119579
vt 0.159635 0.113665
vt 0.160830 0.114851
vt 0.166664 0.120633
vt 0.156211 0.119935
vt 0.157795 0.120358
vt 0.165631 0.122469
vt 0.156042 0.127124
vt 0.157683 0.126681
vt 0.165652 0.124579
vt 0.159756 0.133393
vt 0.160919 0.132172
vt 0.166724 0.126389
vt 0.166078 0.136909
vt 0.166467 0.135282
vt 0.168557 0.127413
vt 0.173203 0.136782
vt 0.172771 0.135185
vt 0.170643 0.127377
vt 0.179392 0.133291
vt 0.178234 0.132087
vt 0.172459 0.126337
vt 0.183061 0.127032
vt 0.181417 0.126603
vt 0.173480 0.124500
vt 0.173440 0.122420
vt 0.182909 0.167764
vt 0.179359 0.161568
vt 0.178170 0.162735
vt 0.181317 0.168205
vt 0.151920 0.188865
vt 0.163170 0.195607
vt 0.164421 0.190902
vt 0.155282 0.185648
vt 0.152241 0.154030
vt 0.145814 0.164971
vt 0.150201 0.166231
vt 0.155414 0.157289
vt 0.193576 0.177711
vt 0.193576 0.164823
vt 0.189069 0.166015
vt 0.189131 0.176495
vt 0.176251 0.195308
vt 0.175026 0.190981
vt 0.145719 0.177696
vt 0.150171 0.176606
vt 0.175655 0.147662
vt 0.163180 0.147719
vt 0.164319 0.152079
vt 0.174605 0.151924
vt 0.187270 0.188786
vt 0.184038 0.185536
vt 0.186924 0.153565
vt 0.183595 0.157012
vt 0.173120 0.157899
vt 0.170645 0.167491
vt 0.169622 0.171427
vt 0.172468 0.168543
vt 0.165989 0.158121
vt 0.166440 0.159702
vt 0.172714 0.159539
vt 0.168547 0.167518
vt 0.159743 0.161610
vt 0.160942 0.162801
vt 0.166745 0.168588
vt 0.156298 0.167883
vt 0.157881 0.168310
vt 0.165685 0.170402
vt 0.156123 0.175067
vt 0.157763 0.174624
vt 0.165708 0.172510
vt 0.159843 0.181332
vt 0.161006 0.180109
vt 0.166781 0.174316
vt 0.166179 0.184845
vt 0.166568 0.183215
vt 0.168609 0.175331
vt 0.173305 0.184723
vt 0.172873 0.183127
vt 0.170700 0.175336
vt 0.179482 0.181230
vt 0.178324 0.180028
vt 0.172522 0.174286
vt 0.183146 0.174971
vt 0.181502 0.174542
vt 0.173547 0.172442
vt 0.173509 0.170354
vt 0.668571 0.304730
vt 0.668936 0.304470
vt 0.678256 0.316630
vt 0.677910 0.316916
vt 0.805401 0.887798
vt 0.770011 0.743334
vt 0.778687 0.740767
vt 0.827351 0.881295
vt 0.544288 0.507189
vt 0.666887 0.592683
vt 0.662044 0.600381
vt 0.532046 0.526666
vt 0.986926 0.700908
vt 0.841987 0.669513
vt 0.843563 0.660664
vt 0.990704 0.678332
vt 0.787097 0.737410
vt 0.848599 0.872781
vt 0.657927 0.608499
vt 0.521669 0.547194
vt 0.973209 0.744482
vt 0.836471 0.686699
vt 0.839623 0.678221
vt 0.981081 0.723017
vt 0.795161 0.733276
vt 0.868961 0.862331
vt 0.654583 0.616975
vt 0.513248 0.568595
vt 0.992413 0.655448
vt 0.844377 0.651765
vt 0.844470 0.642877
vt 0.992159 0.632342
vt 0.802792 0.728419
vt 0.888259 0.850036
vt 0.652042 0.625714
vt 0.506856 0.590681
vt 0.976893 0.554027
vt 0.838499 0.611078
vt 0.834347 0.602976
vt 0.966799 0.533148
vt 0.809950 0.722876
vt 0.906329 0.836001
vt 0.650325 0.634645
vt 0.502545 0.613262
vt 0.829549 0.595196
vt 0.955020 0.513282
vt 0.816565 0.716683
vt 0.923012 0.820350
vt 0.649445 0.643691
vt 0.500352 0.636141
vt 0.824120 0.587826
vt 0.941490 0.494568
vt 0.822565 0.709915
vt 0.938165 0.803218
vt 0.649412 0.652775
vt 0.500294 0.659119
vt 0.818054 0.580965
vt 0.926288 0.477188
vt 0.827911 0.702615
vt 0.951658 0.784754
vt 0.650226 0.661814
vt 0.502369 0.681998
vt 0.811409 0.574696
vt 0.909540 0.461298
vt 0.832561 0.694856
vt 0.963373 0.765119
vt 0.651871 0.670750
vt 0.506561 0.704581
vt 0.804220 0.569054
vt 0.891388 0.447037
vt 0.654347 0.679503
vt 0.512835 0.726672
vt 0.796535 0.564087
vt 0.871990 0.434528
vt 0.835638 0.676952
vt 0.835852 0.677021
vt 0.832823 0.685151
vt 0.832616 0.685063
vt 0.657622 0.687978
vt 0.521133 0.748080
vt 0.788424 0.559866
vt 0.851514 0.423881
vt 0.661666 0.696106
vt 0.531384 0.768620
vt 0.779966 0.556416
vt 0.830141 0.415187
vt 0.666445 0.703818
vt 0.543495 0.788114
vt 0.771231 0.553765
vt 0.808057 0.408519
vt 0.671917 0.711043
vt 0.557361 0.806396
vt 0.762291 0.551938
vt 0.785453 0.403935
vt 0.678039 0.717739
vt 0.572864 0.823308
vt 0.753224 0.550950
vt 0.762527 0.401472
vt 0.684768 0.723837
vt 0.589868 0.838702
vt 0.744109 0.550809
vt 0.739476 0.401150
vt 0.692022 0.729272
vt 0.608225 0.852448
vt 0.735023 0.551516
vt 0.716500 0.402972
vt 0.699752 0.734020
vt 0.627778 0.864426
vt 0.726051 0.553064
vt 0.693798 0.406919
vt 0.707901 0.738027
vt 0.648356 0.874532
vt 0.717259 0.555446
vt 0.671567 0.412956
vt 0.716375 0.741255
vt 0.669781 0.882680
vt 0.708722 0.558632
vt 0.649997 0.421031
vt 0.725107 0.743695
vt 0.691867 0.888800
vt 0.700532 0.562595
vt 0.629274 0.431073
vt 0.734030 0.745301
vt 0.714423 0.892840
vt 0.692736 0.567299
vt 0.609577 0.442995
vt 0.743057 0.746070
vt 0.737251 0.894765
vt 0.685409 0.572719
vt 0.591076 0.456694
vt 0.752105 0.745995
vt 0.760155 0.894563
vt 0.678631 0.578786
vt 0.573931 0.472050
vt 0.761117 0.745086
vt 0.782938 0.892234
vt 0.672435 0.585456
vt 0.558290 0.488930
vt 0.885507 0.049029
vt 0.885275 0.049430
vt 0.871227 0.042170
vt 0.871419 0.041749
vt 0.688468 0.328101
vt 0.688141 0.328410
vt 0.836004 0.365366
vt 0.835878 0.364925
vt 0.850755 0.360044
vt 0.850916 0.360473
vt 0.646425 0.264480
vt 0.646840 0.264312
vt 0.653125 0.278265
vt 0.652725 0.278465
vt 0.856557 0.036311
vt 0.856709 0.035874
vt 0.865143 0.353999
vt 0.865336 0.354412
vt 0.660512 0.291687
vt 0.660128 0.291919
vt 0.841433 0.031827
vt 0.841543 0.031378
vt 0.878976 0.346858
vt 0.879201 0.347254
vt 0.825936 0.028795
vt 0.826004 0.028337
vt 0.892180 0.338603
vt 0.892439 0.338979
vt 0.810214 0.027238
vt 0.810238 0.026776
vt 0.904595 0.329246
vt 0.904884 0.329598
vt 0.699419 0.338921
vt 0.699112 0.339249
vt 0.794406 0.027164
vt 0.794387 0.026702
vt 0.916180 0.318914
vt 0.916497 0.319240
vt 0.778650 0.028594
vt 0.778586 0.028136
vt 0.926840 0.307600
vt 0.927185 0.307897
vt 0.763139 0.031542
vt 0.763031 0.031093
vt 0.936485 0.295386
vt 0.936855 0.295652
vt 0.747997 0.035905
vt 0.747849 0.035468
vt 0.945025 0.282353
vt 0.945418 0.282586
vt 0.733330 0.041667
vt 0.733140 0.041247
vt 0.952379 0.268593
vt 0.952791 0.268790
vt 0.719325 0.048800
vt 0.719098 0.048401
vt 0.958472 0.254208
vt 0.958901 0.254367
vt 0.706060 0.057150
vt 0.705798 0.056774
vt 0.963243 0.239307
vt 0.963686 0.239427
vt 0.693638 0.066703
vt 0.693342 0.066352
vt 0.966643 0.224005
vt 0.967096 0.224084
vt 0.682164 0.077358
vt 0.681836 0.077038
vt 0.968621 0.208426
vt 0.969080 0.208463
vt 0.671737 0.089022
vt 0.671381 0.088733
vt 0.969146 0.192705
vt 0.969607 0.192699
vt 0.662444 0.101591
vt 0.662064 0.101336
vt 0.968215 0.176978
vt 0.968674 0.176929
vt 0.654356 0.114952
vt 0.653955 0.114735
vt 0.965808 0.161378
vt 0.966261 0.161286
vt 0.647589 0.128970
vt 0.647171 0.128791
vt 0.961919 0.146093
vt 0.962361 0.145959
vt 0.642108 0.143483
vt 0.641677 0.143342
vt 0.956648 0.131237
vt 0.957076 0.131063
vt 0.637975 0.158422
vt 0.637533 0.158320
vt 0.949997 0.116915
vt 0.950407 0.116700
vt 0.635205 0.173655
vt 0.634757 0.173593
vt 0.942008 0.103314
vt 0.942395 0.103062
vt 0.633797 0.189057
vt 0.633345 0.189035
vt 0.932824 0.090509
vt 0.933186 0.090223
vt 0.710931 0.349141
vt 0.710634 0.349475
vt 0.633762 0.204514
vt 0.633311 0.204534
vt 0.922460 0.078613
vt 0.922794 0.078294
vt 0.773560 0.374154
vt 0.773537 0.373689
vt 0.789343 0.372928
vt 0.789377 0.373392
vt 0.635114 0.219867
vt 0.634668 0.219925
vt 0.911014 0.067732
vt 0.911317 0.067382
vt 0.805104 0.371327
vt 0.805166 0.371785
vt 0.637751 0.235011
vt 0.637312 0.235107
vt 0.898581 0.057967
vt 0.898849 0.057590
vt 0.820641 0.368672
vt 0.820735 0.369122
vt 0.641668 0.249876
vt 0.641239 0.250010
vt 0.723648 0.277887
vt 0.706772 0.292776
vt 0.698931 0.282962
vt 0.716767 0.269620
vt 0.743126 0.259606
vt 0.737494 0.253305
vt 0.762689 0.239585
vt 0.758599 0.235384
vt 0.779898 0.220287
vt 0.777474 0.217987
vt 0.731332 0.285683
vt 0.715433 0.302108
vt 0.749394 0.265443
vt 0.767189 0.243399
vt 0.782551 0.222351
vt 0.739750 0.292923
vt 0.724892 0.310854
vt 0.756265 0.270773
vt 0.772098 0.246807
vt 0.785411 0.224153
vt 0.748947 0.299586
vt 0.735165 0.319094
vt 0.763732 0.275529
vt 0.777378 0.249754
vt 0.788453 0.225670
vt 0.787066 0.310300
vt 0.787194 0.334061
vt 0.773701 0.333906
vt 0.775558 0.309569
vt 0.788345 0.282398
vt 0.779523 0.281323
vt 0.791264 0.253663
vt 0.785279 0.252609
vt 0.795198 0.227642
vt 0.791878 0.226904
vt 0.798349 0.310040
vt 0.800371 0.333230
vt 0.797118 0.282629
vt 0.797244 0.254124
vt 0.798559 0.228040
vt 0.809367 0.308839
vt 0.813220 0.331420
vt 0.805743 0.282054
vt 0.803177 0.254001
vt 0.801925 0.228102
vt 0.820073 0.306699
vt 0.825701 0.328597
vt 0.814164 0.280694
vt 0.809025 0.253306
vt 0.805265 0.227832
vt 0.830441 0.303719
vt 0.837804 0.324853
vt 0.822332 0.278606
vt 0.814720 0.252071
vt 0.808547 0.227238
vt 0.840418 0.299897
vt 0.849464 0.320160
vt 0.830198 0.275811
vt 0.820228 0.250313
vt 0.811741 0.226332
vt 0.849933 0.295231
vt 0.860615 0.314547
vt 0.837723 0.272329
vt 0.825507 0.248057
vt 0.814817 0.225125
vt 0.858953 0.289784
vt 0.871210 0.308033
vt 0.844829 0.268226
vt 0.830525 0.245327
vt 0.817751 0.223632
vt 0.867423 0.283632
vt 0.881177 0.300655
vt 0.851502 0.263518
vt 0.835231 0.242160
vt 0.820516 0.221871
vt 0.875247 0.276747
vt 0.890390 0.292429
vt 0.857687 0.258237
vt 0.839597 0.238583
vt 0.823090 0.219859
vt 0.882433 0.269247
vt 0.898866 0.283487
vt 0.863340 0.252455
vt 0.843591 0.234630
vt 0.825451 0.217618
vt 0.888898 0.261151
vt 0.906504 0.273842
vt 0.868422 0.246204
vt 0.847184 0.230338
vt 0.827581 0.215168
vt 0.894593 0.252525
vt 0.913244 0.263563
vt 0.872885 0.239526
vt 0.850347 0.225744
vt 0.829465 0.212536
vt 0.899478 0.243428
vt 0.919031 0.252726
vt 0.876716 0.232492
vt 0.853058 0.220889
vt 0.831083 0.209742
vt 0.903511 0.233935
vt 0.923814 0.241412
vt 0.879877 0.225149
vt 0.855298 0.215816
vt 0.832423 0.206814
vt 0.906656 0.224123
vt 0.927551 0.229708
vt 0.882340 0.217559
vt 0.857048 0.210567
vt 0.833477 0.203779
vt 0.908839 0.214064
vt 0.930143 0.217705
vt 0.884073 0.209780
vt 0.858295 0.205188
vt 0.834236 0.200664
vt 0.910131 0.203860
vt 0.931680 0.205521
vt 0.885089 0.201890
vt 0.859031 0.199725
vt 0.834695 0.197497
vt 0.910473 0.193582
vt 0.932083 0.193238
vt 0.885366 0.193948
vt 0.859251 0.194227
vt 0.834851 0.194306
vt 0.909811 0.183327
vt 0.931281 0.180980
vt 0.884884 0.186025
vt 0.858952 0.188741
vt 0.834706 0.191117
vt 0.908248 0.173173
vt 0.929401 0.168841
vt 0.883684 0.178185
vt 0.858142 0.183314
vt 0.834258 0.187963
vt 0.905746 0.163209
vt 0.926394 0.156930
vt 0.881756 0.170497
vt 0.856826 0.177992
vt 0.833512 0.184869
vt 0.902279 0.153540
vt 0.922296 0.145338
vt 0.879116 0.163027
vt 0.855017 0.172823
vt 0.832478 0.181863
vt 0.897970 0.144224
vt 0.917110 0.134183
vt 0.875789 0.155841
vt 0.852731 0.167851
vt 0.831164 0.178971
vt 0.892802 0.135354
vt 0.910913 0.123559
vt 0.871805 0.149001
vt 0.849988 0.163120
vt 0.829584 0.176220
vt 0.886784 0.127042
vt 0.903698 0.113607
vt 0.867184 0.142578
vt 0.846813 0.158672
vt 0.827753 0.173630
vt 0.880051 0.119302
vt 0.895630 0.104336
vt 0.861996 0.136610
vt 0.843235 0.154545
vt 0.825683 0.171230
vt 0.872617 0.112230
vt 0.886721 0.095862
vt 0.856271 0.131157
vt 0.839285 0.150776
vt 0.823397 0.169038
vt 0.864551 0.105889
vt 0.877051 0.088261
vt 0.850059 0.126267
vt 0.834998 0.147397
vt 0.820914 0.167074
vt 0.855921 0.100333
vt 0.866707 0.081595
vt 0.843405 0.122000
vt 0.830413 0.144439
vt 0.818257 0.165354
vt 0.846802 0.095619
vt 0.855751 0.076005
vt 0.836390 0.118365
vt 0.825571 0.141928
vt 0.815449 0.163895
vt 0.837285 0.091780
vt 0.844364 0.071391
vt 0.829063 0.115409
vt 0.820513 0.139885
vt 0.812516 0.162710
vt 0.827438 0.088901
vt 0.832571 0.067943
vt 0.821489 0.113158
vt 0.815285 0.138332
vt 0.809485 0.161805
vt 0.817382 0.086910
vt 0.820521 0.065562
vt 0.813738 0.111630
vt 0.809936 0.137277
vt 0.806381 0.161194
vt 0.807181 0.085873
vt 0.808295 0.064333
vt 0.805877 0.110837
vt 0.804510 0.136732
vt 0.803233 0.160881
vt 0.796930 0.085848
vt 0.796020 0.064332
vt 0.797978 0.110805
vt 0.799056 0.136703
vt 0.800070 0.160864
vt 0.786727 0.086782
vt 0.783793 0.065406
vt 0.790115 0.111517
vt 0.793625 0.137190
vt 0.796917 0.161152
vt 0.776650 0.088624
vt 0.771724 0.067649
vt 0.782350 0.112946
vt 0.788262 0.138185
vt 0.793806 0.161736
vt 0.766808 0.091454
vt 0.759918 0.071000
vt 0.774761 0.115116
vt 0.783017 0.139682
vt 0.790762 0.162614
vt 0.757261 0.095151
vt 0.748486 0.075463
vt 0.767401 0.117973
vt 0.777933 0.141667
vt 0.787814 0.163776
vt 0.748105 0.099730
vt 0.737528 0.080962
vt 0.760340 0.121508
vt 0.773057 0.144122
vt 0.784988 0.165214
vt 0.739450 0.105185
vt 0.727180 0.087506
vt 0.753650 0.125705
vt 0.768430 0.147027
vt 0.782309 0.166914
vt 0.731316 0.111384
vt 0.717458 0.094929
vt 0.747371 0.130495
vt 0.764093 0.150357
vt 0.779800 0.168863
vt 0.723796 0.118314
vt 0.708475 0.103225
vt 0.741563 0.135854
vt 0.760085 0.154082
vt 0.777485 0.171043
vt 0.716954 0.125914
vt 0.700304 0.112316
vt 0.736275 0.141734
vt 0.756440 0.158171
vt 0.775385 0.173435
vt 0.710842 0.134118
vt 0.693011 0.122119
vt 0.731567 0.148094
vt 0.753192 0.162588
vt 0.773518 0.176018
vt 0.705515 0.142854
vt 0.686652 0.132548
vt 0.727453 0.154860
vt 0.750368 0.167297
vt 0.771903 0.178772
vt 0.701014 0.152044
vt 0.681271 0.143508
vt 0.723980 0.161988
vt 0.747992 0.172258
vt 0.770553 0.181670
vt 0.697374 0.161616
vt 0.676986 0.154931
vt 0.721189 0.169417
vt 0.746087 0.177429
vt 0.769483 0.184690
vt 0.694619 0.171484
vt 0.673689 0.166661
vt 0.719079 0.177082
vt 0.744671 0.182768
vt 0.768702 0.187805
vt 0.692765 0.181570
vt 0.671469 0.178650
vt 0.717679 0.184925
vt 0.743757 0.188228
vt 0.768220 0.190986
vt 0.691866 0.191796
vt 0.670397 0.190791
vt 0.717016 0.192882
vt 0.743355 0.193766
vt 0.768039 0.194205
vt 0.691886 0.202074
vt 0.670340 0.202989
vt 0.717078 0.200881
vt 0.743472 0.199336
vt 0.768168 0.197438
vt 0.692787 0.212332
vt 0.671375 0.215156
vt 0.717860 0.208873
vt 0.744110 0.204892
vt 0.768607 0.200654
vt 0.694603 0.222499
vt 0.673474 0.227203
vt 0.719368 0.216794
vt 0.745268 0.210388
vt 0.769353 0.203823
vt 0.697326 0.232514
vt 0.676615 0.239050
vt 0.721608 0.224581
vt 0.746938 0.215773
vt 0.770403 0.206919
vt 0.700924 0.242289
vt 0.680759 0.250620
vt 0.724547 0.232180
vt 0.749120 0.221013
vt 0.771750 0.209911
vt 0.705382 0.251769
vt 0.685923 0.261807
vt 0.728193 0.239545
vt 0.751795 0.226052
vt 0.773386 0.212771
vt 0.710671 0.260897
vt 0.691974 0.272609
vt 0.732510 0.246601
vt 0.754960 0.230857
vt 0.775299 0.215473
vt 0.707486 0.330306
vt 0.696979 0.320040
vt 0.649379 0.161074
vt 0.653231 0.147145
vt 0.702538 0.566292
vt 0.702430 0.566093
vt 0.710296 0.562292
vt 0.710385 0.562500
vt 0.687269 0.309199
vt 0.658333 0.133602
vt 0.695080 0.570799
vt 0.694954 0.570611
vt 0.678391 0.297745
vt 0.664738 0.120618
vt 0.688074 0.575978
vt 0.687931 0.575802
vt 0.672231 0.108192
vt 0.681578 0.581786
vt 0.681419 0.581625
vt 0.680870 0.096508
vt 0.675652 0.588173
vt 0.675479 0.588027
vt 0.690569 0.085665
vt 0.670346 0.595081
vt 0.670161 0.594951
vt 0.701242 0.075758
vt 0.665704 0.602453
vt 0.665507 0.602342
vt 0.712797 0.066864
vt 0.661768 0.610225
vt 0.661562 0.610132
vt 0.725141 0.059075
vt 0.658570 0.618328
vt 0.658356 0.618254
vt 0.738202 0.052557
vt 0.656135 0.626690
vt 0.655915 0.626637
vt 0.751802 0.047169
vt 0.654487 0.635236
vt 0.654264 0.635203
vt 0.765873 0.043077
vt 0.653642 0.643892
vt 0.653416 0.643881
vt 0.780288 0.040458
vt 0.653607 0.652585
vt 0.653381 0.652595
vt 0.794894 0.039088
vt 0.654383 0.661243
vt 0.654160 0.661274
vt 0.809567 0.039153
vt 0.655964 0.669794
vt 0.655745 0.669845
vt 0.824167 0.040581
vt 0.658332 0.678162
vt 0.658118 0.678233
vt 0.838574 0.043377
vt 0.661461 0.686274
vt 0.661254 0.686365
vt 0.852653 0.047521
vt 0.665327 0.694055
vt 0.665130 0.694165
vt 0.866234 0.053053
vt 0.669897 0.701437
vt 0.669711 0.701565
vt 0.879279 0.059763
vt 0.675137 0.708360
vt 0.674963 0.708504
vt 0.891639 0.067672
vt 0.680999 0.714763
vt 0.680840 0.714923
vt 0.903190 0.076726
vt 0.687430 0.720595
vt 0.687286 0.720768
vt 0.913833 0.086825
vt 0.694377 0.725805
vt 0.694250 0.725991
vt 0.923487 0.097872
vt 0.701777 0.730344
vt 0.701668 0.730542
vt 0.932063 0.109772
vt 0.709566 0.734175
vt 0.709476 0.734382
vt 0.939396 0.122456
vt 0.717677 0.737266
vt 0.717606 0.737480
vt 0.945620 0.135728
vt 0.726032 0.739607
vt 0.725982 0.739827
vt 0.950573 0.149530
vt 0.734570 0.741145
vt 0.734541 0.741368
vt 0.954086 0.163750
vt 0.743209 0.741886
vt 0.743200 0.742111
vt 0.956374 0.178220
vt 0.751876 0.741818
vt 0.751889 0.742043
vt 0.957255 0.192835
vt 0.664088 0.328323
vt 0.670307 0.323193
vt 0.680969 0.335197
vt 0.675071 0.340748
vt 0.208794 0.211122
vt 0.207596 0.209920
vt 0.204112 0.216287
vt 0.205737 0.216698
vt 0.636648 0.286549
vt 0.643911 0.282909
vt 0.651692 0.297007
vt 0.644729 0.301199
vt 0.629681 0.271271
vt 0.637280 0.268180
vt 0.623942 0.255387
vt 0.631778 0.252950
vt 0.619584 0.239018
vt 0.627624 0.237259
vt 0.616631 0.222294
vt 0.624819 0.221220
vt 0.615088 0.205326
vt 0.623348 0.204965
vt 0.615089 0.188238
vt 0.623359 0.188609
vt 0.616590 0.171170
vt 0.624846 0.172280
vt 0.619643 0.154262
vt 0.627762 0.156121
vt 0.624205 0.137697
vt 0.632124 0.140266
vt 0.630221 0.121556
vt 0.637942 0.124842
vt 0.637692 0.105935
vt 0.645077 0.109928
vt 0.646650 0.091052
vt 0.653645 0.095737
vt 0.656972 0.077050
vt 0.663509 0.082373
vt 0.668563 0.064056
vt 0.674583 0.069967
vt 0.681323 0.052187
vt 0.686770 0.058635
vt 0.695132 0.041554
vt 0.699963 0.048468
vt 0.709873 0.032212
vt 0.714080 0.039582
vt 0.725457 0.024225
vt 0.728948 0.031946
vt 0.741782 0.017757
vt 0.744535 0.025821
vt 0.758684 0.012868
vt 0.760660 0.021166
vt 0.775981 0.009552
vt 0.777163 0.017994
vt 0.793543 0.007951
vt 0.793911 0.016466
vt 0.811177 0.008021
vt 0.810734 0.016557
vt 0.828719 0.009778
vt 0.827463 0.018213
vt 0.845978 0.013177
vt 0.843950 0.021438
vt 0.862850 0.018154
vt 0.860054 0.026230
vt 0.879226 0.024676
vt 0.875676 0.032434
vt 0.894896 0.032780
vt 0.890616 0.040174
vt 0.909736 0.042288
vt 0.904787 0.049233
vt 0.923582 0.053189
vt 0.917991 0.059626
vt 0.936317 0.065333
vt 0.930155 0.071207
vt 0.947835 0.078591
vt 0.941175 0.083859
vt 0.958085 0.092845
vt 0.950937 0.097501
vt 0.967005 0.108003
vt 0.959463 0.111950
vt 0.974411 0.123965
vt 0.966523 0.127172
vt 0.980272 0.140532
vt 0.972120 0.142995
vt 0.984605 0.157557
vt 0.976274 0.159245
vt 0.987266 0.174921
vt 0.978826 0.175816
vt 0.988296 0.192440
vt 0.979792 0.192539
vt 0.987668 0.209950
vt 0.979221 0.209249
vt 0.985423 0.227275
vt 0.977101 0.225800
vt 0.981605 0.244273
vt 0.973473 0.242047
vt 0.976268 0.260808
vt 0.968390 0.257860
vt 0.969474 0.276757
vt 0.961910 0.273118
vt 0.961291 0.291998
vt 0.954098 0.287704
vt 0.951802 0.306415
vt 0.945034 0.301511
vt 0.941103 0.319902
vt 0.934806 0.314439
vt 0.929309 0.332365
vt 0.923521 0.326412
vt 0.916529 0.343784
vt 0.911238 0.337338
vt 0.902838 0.354087
vt 0.898134 0.347255
vt 0.888328 0.363198
vt 0.884197 0.355956
vt 0.873100 0.371051
vt 0.869589 0.363508
vt 0.857337 0.377669
vt 0.854439 0.369893
vt 0.841129 0.383000
vt 0.838830 0.375047
vt 0.824574 0.387159
vt 0.822844 0.378995
vt 0.807719 0.390092
vt 0.806586 0.381832
vt 0.790710 0.391865
vt 0.790146 0.383554
vt 0.773622 0.392461
vt 0.773708 0.384198
vt 0.686867 0.352469
vt 0.692394 0.346523
vt 0.704445 0.356978
vt 0.699476 0.363336
vt 0.660556 0.310427
vt 0.653927 0.315152
vt 0.718480 0.559244
vt 0.718549 0.559459
vt 0.646796 0.175272
vt 0.718683 0.340050
vt 0.726912 0.556950
vt 0.726961 0.557171
vt 0.645477 0.189631
vt 0.788526 0.360842
vt 0.773177 0.361386
vt 0.735527 0.555469
vt 0.735555 0.555694
vt 0.645474 0.204040
vt 0.803541 0.359399
vt 0.744243 0.554795
vt 0.744250 0.555021
vt 0.646625 0.218379
vt 0.818259 0.356956
vt 0.752988 0.554933
vt 0.752973 0.555159
vt 0.649127 0.232549
vt 0.832629 0.353464
vt 0.761685 0.555884
vt 0.761650 0.556108
vt 0.652825 0.246439
vt 0.846623 0.348882
vt 0.770260 0.557639
vt 0.770204 0.557859
vt 0.657577 0.259990
vt 0.860175 0.343321
vt 0.778639 0.560185
vt 0.778563 0.560399
vt 0.837915 0.668606
vt 0.838134 0.668655
vt 0.663523 0.273087
vt 0.873154 0.336599
vt 0.786753 0.563500
vt 0.786657 0.563706
vt 0.670510 0.285671
vt 0.885494 0.328845
vt 0.794532 0.567551
vt 0.794418 0.567747
vt 0.829079 0.692983
vt 0.828881 0.692876
vt 0.897168 0.320178
vt 0.801896 0.572316
vt 0.801764 0.572501
vt 0.824610 0.700424
vt 0.824422 0.700300
vt 0.908000 0.310480
vt 0.808801 0.577725
vt 0.808652 0.577897
vt 0.819487 0.707433
vt 0.819312 0.707291
vt 0.917955 0.299890
vt 0.815180 0.583757
vt 0.815017 0.583915
vt 0.813719 0.713927
vt 0.813558 0.713770
vt 0.926950 0.288478
vt 0.820996 0.590349
vt 0.820819 0.590492
vt 0.807378 0.719860
vt 0.807232 0.719689
vt 0.934905 0.276313
vt 0.826223 0.597441
vt 0.826033 0.597569
vt 0.800515 0.725182
vt 0.800385 0.724998
vt 0.941746 0.263478
vt 0.830844 0.604962
vt 0.830644 0.605076
vt 0.793184 0.729843
vt 0.793073 0.729647
vt 0.947406 0.250070
vt 0.834914 0.612765
vt 0.834709 0.612872
vt 0.785455 0.733802
vt 0.785362 0.733597
vt 0.951823 0.236190
vt 0.840391 0.642980
vt 0.840610 0.642984
vt 0.840449 0.651548
vt 0.840228 0.651536
vt 0.777389 0.737028
vt 0.777316 0.736815
vt 0.954981 0.221943
vt 0.839670 0.660133
vt 0.839448 0.660103
vt 0.769056 0.739488
vt 0.769002 0.739270
vt 0.956794 0.207449
vt 0.760532 0.741165
vt 0.760499 0.740942
vt 0.222854 0.239133
vt 0.223988 0.243596
vt 0.235109 0.237211
vt 0.231889 0.233909
vt 0.237056 0.214361
vt 0.241556 0.213191
vt 0.235018 0.201982
vt 0.231725 0.205255
vt 0.198145 0.214586
vt 0.193748 0.213377
vt 0.193758 0.226094
vt 0.198191 0.224957
vt 0.212427 0.239141
vt 0.211181 0.243567
vt 0.237101 0.224848
vt 0.241556 0.226095
vt 0.222567 0.200164
vt 0.223756 0.195703
vt 0.210949 0.195848
vt 0.212142 0.200280
vt 0.203402 0.233947
vt 0.200117 0.237153
vt 0.200008 0.202388
vt 0.203229 0.205620
vt 0.213850 0.206383
vt 0.214642 0.216899
vt 0.213638 0.218734
vt 0.217564 0.219705
vt 0.220604 0.207799
vt 0.221039 0.206164
vt 0.214282 0.207978
vt 0.218536 0.215760
vt 0.216437 0.215809
vt 0.226051 0.210970
vt 0.227216 0.209808
vt 0.220393 0.216771
vt 0.229318 0.216348
vt 0.230923 0.215889
vt 0.221460 0.218592
vt 0.229451 0.222667
vt 0.231070 0.223082
vt 0.221515 0.220701
vt 0.226380 0.228189
vt 0.227571 0.229362
vt 0.220475 0.222538
vt 0.220949 0.231431
vt 0.221393 0.233044
vt 0.218666 0.223602
vt 0.214619 0.231522
vt 0.214199 0.233140
vt 0.216579 0.223617
vt 0.209095 0.228454
vt 0.207924 0.229644
vt 0.214742 0.222619
vt 0.205856 0.223032
vt 0.204246 0.223481
vt 0.213688 0.220817
vt 0.130764 0.132187
vt 0.131977 0.133378
vt 0.135402 0.126988
vt 0.133780 0.126601
vt 0.116448 0.104255
vt 0.115265 0.099801
vt 0.104295 0.106287
vt 0.107523 0.109553
vt 0.102509 0.129126
vt 0.097827 0.130459
vt 0.104785 0.141534
vt 0.107873 0.138267
vt 0.141405 0.128638
vt 0.145642 0.129696
vt 0.145642 0.117222
vt 0.141261 0.118347
vt 0.126964 0.104123
vt 0.128197 0.099650
vt 0.102358 0.118588
vt 0.097871 0.117343
vt 0.117159 0.143219
vt 0.116024 0.147663
vt 0.128786 0.147398
vt 0.127561 0.142974
vt 0.136070 0.109366
vt 0.139371 0.106153
vt 0.139756 0.140823
vt 0.136347 0.137560
vt 0.125700 0.137040
vt 0.124883 0.126433
vt 0.125883 0.124599
vt 0.121960 0.123632
vt 0.118952 0.135482
vt 0.118514 0.137087
vt 0.125271 0.135417
vt 0.120985 0.127578
vt 0.123089 0.127527
vt 0.113514 0.132404
vt 0.112367 0.133576
vt 0.119127 0.126570
vt 0.110205 0.127058
vt 0.108600 0.127546
vt 0.118047 0.124748
vt 0.110053 0.120688
vt 0.108404 0.120308
vt 0.118027 0.122639
vt 0.113140 0.115076
vt 0.111920 0.113879
vt 0.119064 0.120815
vt 0.118653 0.111883
vt 0.118248 0.110257
vt 0.120858 0.119722
vt 0.124934 0.111909
vt 0.125349 0.110316
vt 0.122947 0.119716
vt 0.130419 0.114918
vt 0.131552 0.113708
vt 0.124779 0.120716
vt 0.133648 0.120303
vt 0.135242 0.119825
vt 0.125833 0.122518
vt 0.082265 0.162797
vt 0.083482 0.161569
vt 0.076971 0.158102
vt 0.076583 0.159747
vt 0.054460 0.177001
vt 0.050133 0.178131
vt 0.056342 0.188920
vt 0.059569 0.185801
vt 0.078736 0.191131
vt 0.079794 0.195607
vt 0.091101 0.189403
vt 0.087886 0.186016
vt 0.078609 0.152012
vt 0.079632 0.147467
vt 0.066791 0.147878
vt 0.068159 0.152263
vt 0.054243 0.166708
vt 0.050016 0.165659
vt 0.068376 0.190981
vt 0.067091 0.195329
vt 0.093295 0.176853
vt 0.097827 0.178154
vt 0.097827 0.164986
vt 0.093248 0.166173
vt 0.059304 0.157673
vt 0.055975 0.154590
vt 0.091187 0.153600
vt 0.087791 0.157120
vt 0.087130 0.167978
vt 0.076442 0.168708
vt 0.074597 0.167709
vt 0.073627 0.171633
vt 0.085425 0.174722
vt 0.087019 0.175161
vt 0.085483 0.168382
vt 0.077576 0.172628
vt 0.077538 0.170514
vt 0.082355 0.180222
vt 0.083545 0.181395
vt 0.076552 0.174476
vt 0.076897 0.183419
vt 0.077343 0.185038
vt 0.074724 0.175530
vt 0.070567 0.183445
vt 0.070155 0.185060
vt 0.072623 0.175568
vt 0.065045 0.180349
vt 0.063847 0.181546
vt 0.070807 0.174520
vt 0.061950 0.174864
vt 0.060357 0.175270
vt 0.069730 0.172729
vt 0.061957 0.168677
vt 0.060390 0.168266
vt 0.069722 0.170652
vt 0.064893 0.163215
vt 0.063697 0.162080
vt 0.070713 0.168829
vt 0.070229 0.159905
vt 0.069744 0.158300
vt 0.072496 0.167730
vt 0.034210 0.210819
vt 0.035380 0.209587
vt 0.028962 0.206179
vt 0.028571 0.207816
vt 0.006582 0.225255
vt 0.002232 0.226438
vt 0.008648 0.237243
vt 0.011843 0.234071
vt 0.030986 0.239158
vt 0.032073 0.243596
vt 0.043303 0.237384
vt 0.040084 0.234015
vt 0.030599 0.200104
vt 0.031601 0.195587
vt 0.018790 0.196023
vt 0.020168 0.200399
vt 0.006287 0.214904
vt 0.002035 0.213870
vt 0.020715 0.239107
vt 0.019492 0.243449
vt 0.045457 0.224827
vt 0.050016 0.226123
vt 0.050016 0.212822
vt 0.045276 0.214171
vt 0.011334 0.205834
vt 0.007992 0.202755
vt 0.043029 0.201653
vt 0.039855 0.205108
vt 0.039271 0.215855
vt 0.028511 0.216749
vt 0.026661 0.215766
vt 0.025718 0.219691
vt 0.037577 0.222705
vt 0.039186 0.223140
vt 0.037605 0.216301
vt 0.029676 0.220663
vt 0.029621 0.218543
vt 0.034517 0.228259
vt 0.035732 0.229426
vt 0.028659 0.222521
vt 0.029051 0.231497
vt 0.029526 0.233110
vt 0.026833 0.223587
vt 0.022697 0.231599
vt 0.022270 0.233236
vt 0.024727 0.223633
vt 0.017234 0.228433
vt 0.016043 0.229594
vt 0.022900 0.222596
vt 0.014087 0.223019
vt 0.012493 0.223432
vt 0.021841 0.220800
vt 0.014046 0.216815
vt 0.012464 0.216425
vt 0.021819 0.218731
vt 0.016959 0.211348
vt 0.015754 0.210232
vt 0.022795 0.216907
vt 0.022252 0.208022
vt 0.021775 0.206429
vt 0.024567 0.215800
vt 0.124923 0.159988
vt 0.125372 0.158354
vt 0.118089 0.158367
vt 0.118525 0.159993
vt 0.107511 0.185935
vt 0.104156 0.189289
vt 0.115273 0.195414
vt 0.116406 0.191195
vt 0.135580 0.186205
vt 0.138858 0.189608
vt 0.145288 0.178631
vt 0.141040 0.177398
vt 0.116665 0.152183
vt 0.115417 0.147663
vt 0.104219 0.154144
vt 0.107531 0.157382
vt 0.102152 0.176924
vt 0.097842 0.178060
vt 0.126621 0.191219
vt 0.127662 0.195607
vt 0.141249 0.166952
vt 0.145719 0.165950
vt 0.139660 0.154618
vt 0.136232 0.157774
vt 0.102278 0.166432
vt 0.097827 0.165291
vt 0.128581 0.147663
vt 0.127239 0.152361
vt 0.131723 0.162036
vt 0.122711 0.167892
vt 0.120614 0.167904
vt 0.121657 0.171808
vt 0.133455 0.168802
vt 0.135057 0.168423
vt 0.130477 0.163208
vt 0.125587 0.170772
vt 0.124536 0.168942
vt 0.133427 0.175066
vt 0.135028 0.175514
vt 0.125583 0.172876
vt 0.130233 0.180503
vt 0.131406 0.181693
vt 0.124504 0.174681
vt 0.124731 0.183693
vt 0.125142 0.185339
vt 0.122689 0.175733
vt 0.118399 0.183564
vt 0.117916 0.185165
vt 0.120593 0.175703
vt 0.113004 0.180328
vt 0.111798 0.181462
vt 0.118778 0.174664
vt 0.109968 0.174870
vt 0.108381 0.175288
vt 0.117761 0.172842
vt 0.109920 0.168632
vt 0.108316 0.168222
vt 0.117746 0.170760
vt 0.113018 0.163152
vt 0.111824 0.161971
vt 0.118781 0.168933
vt 0.172620 0.016176
vt 0.173059 0.014542
vt 0.165791 0.014590
vt 0.166232 0.016212
vt 0.155187 0.042057
vt 0.151805 0.045408
vt 0.163001 0.051611
vt 0.164144 0.047375
vt 0.183405 0.042475
vt 0.186523 0.045851
vt 0.193425 0.034854
vt 0.188789 0.033517
vt 0.164345 0.008437
vt 0.163082 0.003945
vt 0.151972 0.010440
vt 0.155271 0.013646
vt 0.149932 0.033015
vt 0.145642 0.034118
vt 0.174385 0.047405
vt 0.175414 0.051780
vt 0.189089 0.022978
vt 0.193425 0.021873
vt 0.187268 0.010705
vt 0.183898 0.013877
vt 0.150064 0.022644
vt 0.145656 0.021511
vt 0.176187 0.003870
vt 0.174883 0.008555
vt 0.179427 0.018175
vt 0.170441 0.024096
vt 0.168341 0.024113
vt 0.169388 0.028019
vt 0.181212 0.024920
vt 0.182819 0.024532
vt 0.178191 0.019356
vt 0.173340 0.026982
vt 0.172275 0.025144
vt 0.181203 0.031223
vt 0.182822 0.031655
vt 0.173312 0.029099
vt 0.178006 0.036708
vt 0.179204 0.037886
vt 0.172234 0.030909
vt 0.172495 0.039862
vt 0.172912 0.041501
vt 0.170404 0.031933
vt 0.166179 0.039731
vt 0.165689 0.041323
vt 0.168322 0.031905
vt 0.160843 0.036499
vt 0.159676 0.037632
vt 0.166511 0.030874
vt 0.157663 0.031130
vt 0.156062 0.031579
vt 0.165492 0.029055
vt 0.157642 0.024860
vt 0.156039 0.024441
vt 0.165477 0.026971
vt 0.160742 0.019383
vt 0.159549 0.018204
vt 0.166511 0.025145
vt 0.085548 0.030549
vt 0.087179 0.030990
vt 0.087131 0.023749
vt 0.085516 0.024188
vt 0.059572 0.013170
vt 0.056172 0.009781
vt 0.049976 0.021076
vt 0.054376 0.022166
vt 0.059268 0.041292
vt 0.055926 0.044362
vt 0.066797 0.051317
vt 0.068161 0.046698
vt 0.093250 0.022330
vt 0.097693 0.021104
vt 0.091341 0.009987
vt 0.088109 0.013258
vt 0.068622 0.007804
vt 0.067500 0.003474
vt 0.054308 0.032371
vt 0.050127 0.033439
vt 0.078721 0.047053
vt 0.079814 0.051439
vt 0.091222 0.045231
vt 0.087840 0.041779
vt 0.079123 0.007972
vt 0.080287 0.003533
vt 0.097693 0.033954
vt 0.093195 0.032795
vt 0.083544 0.037350
vt 0.077641 0.028373
vt 0.077626 0.026279
vt 0.073726 0.027324
vt 0.076782 0.039143
vt 0.077171 0.040753
vt 0.082364 0.036112
vt 0.074766 0.031259
vt 0.076597 0.030200
vt 0.070476 0.039130
vt 0.070043 0.040748
vt 0.072652 0.031261
vt 0.065012 0.035932
vt 0.063837 0.037127
vt 0.070837 0.030177
vt 0.061863 0.030438
vt 0.060225 0.030858
vt 0.069810 0.028344
vt 0.061980 0.024103
vt 0.060376 0.023622
vt 0.069838 0.026258
vt 0.065208 0.018683
vt 0.064069 0.017476
vt 0.070873 0.024443
vt 0.070671 0.015641
vt 0.070252 0.014052
vt 0.072695 0.023429
vt 0.076914 0.015595
vt 0.077315 0.013986
vt 0.074775 0.023415
vt 0.082366 0.018714
vt 0.083531 0.017522
vt 0.076599 0.024451
vt 0.213945 0.087141
vt 0.213527 0.088765
vt 0.220706 0.088730
vt 0.220287 0.087125
vt 0.231317 0.061069
vt 0.234726 0.057620
vt 0.223267 0.051373
vt 0.222197 0.055880
vt 0.202939 0.061237
vt 0.199668 0.058102
vt 0.193504 0.069066
vt 0.197852 0.070171
vt 0.222304 0.094979
vt 0.223563 0.099510
vt 0.234747 0.092935
vt 0.231426 0.089707
vt 0.236744 0.070153
vt 0.241090 0.069011
vt 0.211845 0.056024
vt 0.210552 0.051651
vt 0.197705 0.080418
vt 0.193497 0.081476
vt 0.199393 0.092503
vt 0.202752 0.089400
vt 0.236637 0.080693
vt 0.241090 0.081824
vt 0.210345 0.099450
vt 0.211689 0.094768
vt 0.207190 0.085171
vt 0.216132 0.079284
vt 0.218224 0.079270
vt 0.217175 0.075371
vt 0.205403 0.078441
vt 0.203822 0.078851
vt 0.208408 0.083983
vt 0.213255 0.076417
vt 0.214310 0.078240
vt 0.205336 0.072183
vt 0.203716 0.071744
vt 0.213249 0.074315
vt 0.208566 0.066802
vt 0.207394 0.065651
vt 0.214310 0.072502
vt 0.213968 0.063548
vt 0.213502 0.061918
vt 0.216134 0.071461
vt 0.220329 0.063597
vt 0.220780 0.061982
vt 0.218223 0.071477
vt 0.225800 0.066786
vt 0.227004 0.065633
vt 0.220047 0.072504
vt 0.228882 0.072255
vt 0.230472 0.071835
vt 0.221071 0.074325
vt 0.228978 0.078539
vt 0.230599 0.078953
vt 0.221091 0.076411
vt 0.225872 0.084092
vt 0.227069 0.085310
vt 0.220054 0.078244
vt 0.077044 0.063669
vt 0.077464 0.062047
vt 0.070309 0.062152
vt 0.070724 0.063745
vt 0.059763 0.089805
vt 0.056356 0.093259
vt 0.067828 0.099497
vt 0.068893 0.094991
vt 0.088099 0.089630
vt 0.091362 0.092783
vt 0.097684 0.081812
vt 0.093266 0.080686
vt 0.068688 0.055936
vt 0.067423 0.051439
vt 0.056309 0.057994
vt 0.059619 0.061207
vt 0.054326 0.080727
vt 0.049983 0.081872
vt 0.079237 0.094833
vt 0.080527 0.099194
vt 0.093309 0.070287
vt 0.097684 0.069074
vt 0.091391 0.058202
vt 0.088226 0.061280
vt 0.054420 0.070195
vt 0.049976 0.069068
vt 0.080541 0.051441
vt 0.079253 0.056077
vt 0.083795 0.065600
vt 0.074908 0.071546
vt 0.072818 0.071571
vt 0.073881 0.075464
vt 0.085611 0.072275
vt 0.087197 0.071873
vt 0.082579 0.066779
vt 0.077812 0.074400
vt 0.076739 0.072579
vt 0.085690 0.078527
vt 0.087305 0.078932
vt 0.077805 0.076506
vt 0.082599 0.084016
vt 0.083801 0.085173
vt 0.076754 0.078324
vt 0.077155 0.087301
vt 0.077595 0.088949
vt 0.074936 0.079373
vt 0.070766 0.087274
vt 0.070301 0.088896
vt 0.072846 0.079365
vt 0.065278 0.084079
vt 0.064074 0.085235
vt 0.071017 0.078343
vt 0.062183 0.078612
vt 0.060594 0.079035
vt 0.069988 0.076524
vt 0.062071 0.072324
vt 0.060441 0.071924
vt 0.069962 0.074438
vt 0.065177 0.066787
vt 0.063974 0.065588
vt 0.070994 0.072604
vt 0.029047 0.063634
vt 0.029457 0.062015
vt 0.022345 0.062154
vt 0.022763 0.063735
vt 0.011788 0.089754
vt 0.008363 0.093203
vt 0.019845 0.099504
vt 0.020930 0.094978
vt 0.040326 0.089580
vt 0.043643 0.092751
vt 0.049886 0.081610
vt 0.045432 0.080516
vt 0.020730 0.056005
vt 0.019484 0.051584
vt 0.008464 0.058021
vt 0.011735 0.061219
vt 0.006380 0.080654
vt 0.002035 0.081777
vt 0.031341 0.094844
vt 0.032640 0.099253
vt 0.045383 0.070127
vt 0.049780 0.068856
vt 0.043310 0.057893
vt 0.040132 0.061176
vt 0.006531 0.070146
vt 0.002110 0.069001
vt 0.032302 0.051584
vt 0.031180 0.056023
vt 0.035803 0.065510
vt 0.026946 0.071504
vt 0.024863 0.071532
vt 0.025932 0.075418
vt 0.037691 0.072231
vt 0.039275 0.071798
vt 0.034602 0.066712
vt 0.029848 0.074342
vt 0.028774 0.072529
vt 0.037841 0.078538
vt 0.039481 0.078965
vt 0.029875 0.076451
vt 0.034621 0.083980
vt 0.035807 0.085134
vt 0.028818 0.078278
vt 0.029197 0.087270
vt 0.029669 0.088909
vt 0.026992 0.079330
vt 0.022807 0.087227
vt 0.022355 0.088849
vt 0.024897 0.079320
vt 0.017321 0.084030
vt 0.016116 0.085187
vt 0.023068 0.078296
vt 0.014235 0.078554
vt 0.012641 0.078986
vt 0.022040 0.076476
vt 0.014154 0.072279
vt 0.012533 0.071890
vt 0.022017 0.074392
vt 0.017250 0.066769
vt 0.016052 0.065578
vt 0.023047 0.072564
vt 0.034469 0.132365
vt 0.035659 0.133536
vt 0.039219 0.127341
vt 0.037628 0.126898
vt 0.020719 0.104205
vt 0.019466 0.099504
vt 0.008234 0.106249
vt 0.011595 0.109462
vt 0.006506 0.128877
vt 0.002121 0.130131
vt 0.008529 0.141065
vt 0.011700 0.137813
vt 0.045381 0.129096
vt 0.049890 0.130290
vt 0.049890 0.117397
vt 0.045444 0.118616
vt 0.031319 0.104127
vt 0.032543 0.099799
vt 0.006484 0.118504
vt 0.002035 0.117413
vt 0.020590 0.143016
vt 0.019446 0.147373
vt 0.031932 0.147458
vt 0.030887 0.143189
vt 0.040340 0.109574
vt 0.043572 0.106320
vt 0.043226 0.141556
vt 0.039895 0.138101
vt 0.029409 0.137212
vt 0.028786 0.126539
vt 0.029825 0.124728
vt 0.025932 0.123671
vt 0.022695 0.135393
vt 0.022259 0.136967
vt 0.028991 0.135567
vt 0.024868 0.127586
vt 0.026972 0.127587
vt 0.017219 0.132320
vt 0.016024 0.133506
vt 0.023044 0.126538
vt 0.014185 0.126814
vt 0.012601 0.127237
vt 0.022008 0.124706
vt 0.014078 0.120491
vt 0.012436 0.120047
vt 0.022025 0.122602
vt 0.017325 0.114995
vt 0.016160 0.113774
vt 0.023093 0.120802
vt 0.022865 0.111878
vt 0.022477 0.110252
vt 0.024902 0.119741
vt 0.029159 0.111984
vt 0.029593 0.110387
vt 0.026994 0.119778
vt 0.034625 0.115094
vt 0.035785 0.113889
vt 0.028805 0.120815
vt 0.037819 0.120573
vt 0.039461 0.120143
vt 0.029861 0.122634
vt 0.178336 0.228512
vt 0.179525 0.229681
vt 0.183080 0.223484
vt 0.181488 0.223042
vt 0.164575 0.200366
vt 0.163321 0.195665
vt 0.152084 0.202412
vt 0.155446 0.205625
vt 0.150365 0.225044
vt 0.145979 0.226304
vt 0.152406 0.237240
vt 0.155577 0.233981
vt 0.189241 0.225236
vt 0.193748 0.226428
vt 0.193748 0.213538
vt 0.189303 0.214757
vt 0.175173 0.200283
vt 0.176393 0.195955
vt 0.150336 0.214671
vt 0.145884 0.213581
vt 0.164477 0.239185
vt 0.163341 0.243544
vt 0.175818 0.243596
vt 0.174766 0.239332
vt 0.184201 0.205715
vt 0.187430 0.202459
vt 0.187093 0.237689
vt 0.183762 0.234240
vt 0.173277 0.233353
vt 0.172636 0.222698
vt 0.173673 0.220882
vt 0.169773 0.219833
vt 0.166588 0.231562
vt 0.166140 0.233142
vt 0.172869 0.231712
vt 0.168716 0.223762
vt 0.170823 0.223754
vt 0.161100 0.228473
vt 0.159902 0.229663
vt 0.166906 0.222692
vt 0.158043 0.222967
vt 0.156460 0.223393
vt 0.165841 0.220881
vt 0.157929 0.216655
vt 0.156288 0.216211
vt 0.165858 0.218776
vt 0.161178 0.211161
vt 0.160012 0.209939
vt 0.166925 0.216978
vt 0.166727 0.208041
vt 0.166337 0.206414
vt 0.168727 0.215922
vt 0.173014 0.208134
vt 0.173454 0.206549
vt 0.170821 0.215915
vt 0.178482 0.211225
vt 0.179653 0.210024
vt 0.172641 0.216958
vt 0.181675 0.216714
vt 0.183319 0.216285
vt 0.173703 0.218782
vt 0.449662 0.584501
vt 0.463512 0.603218
vt 0.475572 0.623138
vt 0.485774 0.644066
vt 0.494206 0.665833
vt 0.509942 0.746162
vt 0.508236 0.769772
vt 0.504542 0.793098
vt 0.498746 0.815966
vt 0.490864 0.838184
vt 0.480957 0.859565
vt 0.469109 0.879928
vt 0.455423 0.899098
vt 0.440017 0.916909
vt 0.423025 0.933207
vt 0.404594 0.947852
vt 0.384885 0.960718
vt 0.364070 0.971694
vt 0.342331 0.980684
vt 0.319856 0.987615
vt 0.296840 0.992427
vt 0.273481 0.995080
vt 0.249980 0.995550
vt 0.226542 0.993833
vt 0.203371 0.989945
vt 0.180666 0.983921
vt 0.158624 0.975816
vt 0.137435 0.965701
vt 0.117283 0.953662
vt 0.098341 0.939804
vt 0.080774 0.924248
vt 0.064732 0.907132
vt 0.050352 0.888605
vt 0.037758 0.868827
vt 0.027058 0.847968
vt 0.018344 0.826209
vt 0.011694 0.803738
vt 0.007163 0.780750
vt 0.004790 0.757447
vt 0.004593 0.734030
vt 0.006573 0.710701
vt 0.010710 0.687663
vt 0.016968 0.665115
vt 0.025292 0.643250
vt 0.035610 0.622258
vt 0.047833 0.602321
vt 0.061854 0.583610
vt 0.077548 0.566288
vt 0.094778 0.550502
vt 0.113396 0.536387
vt 0.133241 0.524066
vt 0.154142 0.513644
vt 0.175917 0.505213
vt 0.198378 0.498846
vt 0.221327 0.494596
vt 0.244567 0.492497
vt 0.267895 0.492569
vt 0.291109 0.494808
vt 0.314007 0.499192
vt 0.336395 0.505682
vt 0.358077 0.514223
vt 0.378867 0.524741
vt 0.398584 0.537144
vt 0.417059 0.551322
vt 0.434134 0.567153
vt 0.324865 0.686504
vt 0.319324 0.680350
vt 0.313249 0.674747
vt 0.306657 0.669735
vt 0.299631 0.665328
vt 0.292227 0.661607
vt 0.284518 0.658577
vt 0.276573 0.656283
vt 0.268446 0.654744
vt 0.260179 0.653982
vt 0.251871 0.653963
vt 0.243620 0.654719
vt 0.235462 0.656262
vt 0.227462 0.658537
vt 0.219717 0.661541
vt 0.212288 0.665250
vt 0.205238 0.669633
vt 0.198629 0.674651
vt 0.192527 0.680259
vt 0.186972 0.686438
vt 0.181989 0.693105
vt 0.177659 0.700208
vt 0.173996 0.707675
vt 0.171042 0.715445
vt 0.168834 0.723446
vt 0.167395 0.731641
vt 0.166698 0.739945
vt 0.166779 0.748258
vt 0.167655 0.756543
vt 0.169276 0.764732
vt 0.171646 0.772724
vt 0.174749 0.780459
vt 0.178556 0.787869
vt 0.183034 0.794890
vt 0.188144 0.801453
vt 0.193870 0.807515
vt 0.200130 0.813045
vt 0.206881 0.817957
vt 0.214051 0.822233
vt 0.221582 0.825823
vt 0.229406 0.828687
vt 0.237488 0.830797
vt 0.245743 0.832174
vt 0.254080 0.832780
vt 0.262433 0.832607
vt 0.270730 0.831657
vt 0.278893 0.829940
vt 0.286865 0.827463
vt 0.294598 0.824243
vt 0.302008 0.820329
vt 0.309011 0.815748
vt 0.315551 0.810521
vt 0.321590 0.804719
vt 0.327065 0.798382
vt 0.331927 0.791566
vt 0.336131 0.784332
vt 0.339650 0.776723
vt 0.342465 0.768770
vt 0.344614 0.760575
vt 0.346086 0.752220
vt 0.346920 0.743782
vt 0.341199 0.715241
vt 0.337993 0.707586
vt 0.334224 0.700190
vt 0.329836 0.693143
vt 0.991689 0.701938
vt 0.985726 0.724484
vt 0.995548 0.678922
vt 0.997307 0.655610
vt 0.997081 0.632139
vt 0.971125 0.530828
vt 0.981386 0.552020
vt 0.959134 0.510589
vt 0.945340 0.491508
vt 0.929838 0.473784
vt 0.912758 0.457579
vt 0.894246 0.443035
vt 0.874462 0.430278
vt 0.853580 0.419421
vt 0.831783 0.410554
vt 0.809260 0.403755
vt 0.786209 0.399081
vt 0.762828 0.396570
vt 0.739320 0.396243
vt 0.715889 0.398101
vt 0.692738 0.402127
vt 0.670066 0.408284
vt 0.648068 0.416520
vt 0.626935 0.426761
vt 0.606848 0.438920
vt 0.587981 0.452891
vt 0.570497 0.468551
vt 0.554546 0.485766
vt 0.540267 0.504387
vt 0.527782 0.524251
vt 0.517200 0.545186
vt 0.508613 0.567011
vt 0.502094 0.589536
vt 0.497698 0.612565
vt 0.495463 0.635897
vt 0.495404 0.659330
vt 0.497521 0.682662
vt 0.501797 0.705693
vt 0.508195 0.728222
vt 0.516659 0.750055
vt 0.527113 0.771001
vt 0.539465 0.790881
vt 0.553606 0.809525
vt 0.569416 0.826771
vt 0.586758 0.842470
vt 0.605479 0.856488
vt 0.625419 0.868703
vt 0.646406 0.879009
vt 0.668256 0.887318
vt 0.690780 0.893559
vt 0.713783 0.897678
vt 0.737063 0.899641
vt 0.760421 0.899435
vt 0.783655 0.897059
vt 0.806564 0.892534
vt 0.828949 0.885902
vt 0.850618 0.877220
vt 0.871383 0.866561
vt 0.891063 0.854022
vt 0.909491 0.839710
vt 0.926505 0.823747
vt 0.941958 0.806275
vt 0.955718 0.787446
vt 0.967665 0.767421
vt 0.977696 0.746374
vt 0.828982 0.683510
vt 0.831879 0.675731
vt 0.825402 0.690995
vt 0.821137 0.698106
vt 0.816241 0.704800
vt 0.810732 0.711001
vt 0.804660 0.716673
vt 0.798113 0.721769
vt 0.791119 0.726210
vt 0.783720 0.729990
vt 0.776020 0.733084
vt 0.768072 0.735426
vt 0.759915 0.737021
vt 0.751659 0.737875
vt 0.743374 0.737937
vt 0.735103 0.737221
vt 0.726920 0.735738
vt 0.718914 0.733512
vt 0.711159 0.730548
vt 0.703693 0.726866
vt 0.696599 0.722531
vt 0.689961 0.717547
vt 0.683800 0.711948
vt 0.678174 0.705826
vt 0.673168 0.699208
vt 0.668796 0.692138
vt 0.665096 0.684687
vt 0.662103 0.676916
vt 0.659838 0.668888
vt 0.658308 0.660703
vt 0.657567 0.652427
vt 0.657604 0.644105
vt 0.658415 0.635816
vt 0.659995 0.627633
vt 0.662331 0.619626
vt 0.665404 0.611857
vt 0.669159 0.604408
vt 0.673601 0.597363
vt 0.678697 0.590744
vt 0.684360 0.584619
vt 0.690574 0.579070
vt 0.697299 0.574110
vt 0.704433 0.569781
vt 0.711934 0.566159
vt 0.719755 0.563247
vt 0.727811 0.561059
vt 0.736036 0.559644
vt 0.744362 0.559000
vt 0.752715 0.559133
vt 0.761023 0.560042
vt 0.769213 0.561720
vt 0.777217 0.564154
vt 0.784966 0.567325
vt 0.792402 0.571211
vt 0.799457 0.575759
vt 0.806049 0.580918
vt 0.812127 0.586685
vt 0.817687 0.593019
vt 0.822703 0.599815
vt 0.827134 0.607046
vt 0.831045 0.614602
vt 0.836324 0.651309
vt 0.836486 0.643053
vt 0.835542 0.659559
vt 0.834065 0.667724
vt 0.436238 0.278051
vt 0.801558 0.193942
vt 0.025643 0.439937
vt 0.020961 0.430884
vt 0.037182 0.423252
vt 0.041153 0.431160
vt 0.051684 0.416828
vt 0.054952 0.423674
vt 0.069148 0.409726
vt 0.071528 0.415199
vt 0.087779 0.403077
vt 0.089268 0.406946
vt 0.105274 0.397725
vt 0.106035 0.399964
vt 0.033755 0.414965
vt 0.048950 0.409608
vt 0.067250 0.403983
vt 0.086658 0.399059
vt 0.104733 0.395408
vt 0.030929 0.406342
vt 0.046783 0.402083
vt 0.065854 0.398001
vt 0.085918 0.394898
vt 0.104420 0.393035
vt 0.028661 0.397348
vt 0.045210 0.394227
vt 0.064999 0.391806
vt 0.085583 0.390634
vt 0.104345 0.390629
vt 0.029556 0.368015
vt 0.033479 0.359171
vt 0.048917 0.366342
vt 0.045965 0.374050
vt 0.067434 0.373823
vt 0.065508 0.379872
vt 0.086943 0.380482
vt 0.085846 0.384674
vt 0.104962 0.385679
vt 0.104451 0.388046
vt 0.037959 0.350831
vt 0.052451 0.359079
vt 0.069898 0.368057
vt 0.088424 0.376469
vt 0.105704 0.383385
vt 0.042985 0.343003
vt 0.056526 0.352272
vt 0.072844 0.362629
vt 0.090272 0.372661
vt 0.106667 0.381189
vt 0.048569 0.335728
vt 0.061122 0.345953
vt 0.076243 0.357571
vt 0.092467 0.369080
vt 0.107837 0.379108
vt 0.054639 0.328980
vt 0.066165 0.340109
vt 0.080040 0.352895
vt 0.094966 0.365759
vt 0.109199 0.377162
vt 0.061198 0.322812
vt 0.071640 0.334776
vt 0.084207 0.348629
vt 0.097750 0.362716
vt 0.110738 0.375367
vt 0.068199 0.317256
vt 0.077527 0.330001
vt 0.088719 0.344793
vt 0.100789 0.359971
vt 0.112436 0.373737
vt 0.075619 0.312337
vt 0.083773 0.325786
vt 0.093509 0.341417
vt 0.104057 0.357539
vt 0.114277 0.372285
vt 0.083414 0.308096
vt 0.090310 0.322145
vt 0.098561 0.338506
vt 0.107515 0.355441
vt 0.116242 0.371022
vt 0.091530 0.304606
vt 0.097128 0.319147
vt 0.103838 0.336086
vt 0.111137 0.353686
vt 0.118311 0.369959
vt 0.099886 0.301813
vt 0.104152 0.316751
vt 0.109279 0.334162
vt 0.114890 0.352286
vt 0.120465 0.369102
vt 0.108441 0.299780
vt 0.111341 0.315005
vt 0.114851 0.332751
vt 0.118742 0.351248
vt 0.122685 0.368457
vt 0.117129 0.298525
vt 0.118638 0.313920
vt 0.120511 0.331872
vt 0.122660 0.350579
vt 0.124949 0.368026
vt 0.125886 0.298059
vt 0.125993 0.313504
vt 0.126210 0.331508
vt 0.126610 0.350281
vt 0.127237 0.367816
vt 0.134641 0.298389
vt 0.133342 0.313759
vt 0.131905 0.331673
vt 0.130559 0.350355
vt 0.129529 0.367825
vt 0.143325 0.299511
vt 0.140627 0.314685
vt 0.137549 0.332363
vt 0.134474 0.350797
vt 0.131804 0.368052
vt 0.151852 0.301463
vt 0.147777 0.316306
vt 0.143092 0.333582
vt 0.138322 0.351604
vt 0.134043 0.368493
vt 0.160171 0.304146
vt 0.154750 0.318545
vt 0.148490 0.335296
vt 0.142069 0.352766
vt 0.136225 0.369144
vt 0.168209 0.307586
vt 0.161481 0.321417
vt 0.153698 0.337502
vt 0.145684 0.354271
vt 0.138332 0.369997
vt 0.175864 0.311796
vt 0.167894 0.324928
vt 0.158665 0.340192
vt 0.149135 0.356108
vt 0.140346 0.371043
vt 0.183120 0.316658
vt 0.173969 0.328988
vt 0.163360 0.343320
vt 0.152393 0.358257
vt 0.142248 0.372276
vt 0.189888 0.322178
vt 0.179639 0.333594
vt 0.167739 0.346871
vt 0.155432 0.360700
vt 0.144021 0.373681
vt 0.196125 0.328300
vt 0.184829 0.338732
vt 0.171762 0.350814
vt 0.158223 0.363415
vt 0.145651 0.375247
vt 0.201754 0.334988
vt 0.189537 0.344306
vt 0.175396 0.355113
vt 0.160745 0.366378
vt 0.147123 0.376959
vt 0.206734 0.342172
vt 0.193700 0.350298
vt 0.178609 0.359732
vt 0.162973 0.369563
vt 0.148425 0.378800
vt 0.210975 0.349808
vt 0.197248 0.356669
vt 0.181362 0.364635
vt 0.164889 0.372941
vt 0.149547 0.380754
vt 0.214525 0.357787
vt 0.200213 0.363328
vt 0.183652 0.369766
vt 0.166477 0.376482
vt 0.150477 0.382806
vt 0.217308 0.366067
vt 0.202538 0.370236
vt 0.185448 0.375088
vt 0.167724 0.380155
vt 0.151206 0.384934
vt 0.219301 0.374574
vt 0.204201 0.377332
vt 0.186736 0.380554
vt 0.168618 0.383928
vt 0.151730 0.387121
vt 0.220489 0.383231
vt 0.205191 0.384554
vt 0.187490 0.386117
vt 0.169151 0.387766
vt 0.152045 0.389347
vt 0.220800 0.391959
vt 0.205491 0.391836
vt 0.187729 0.391722
vt 0.169320 0.391636
vt 0.152146 0.391591
vt 0.220349 0.400671
vt 0.205108 0.399112
vt 0.187438 0.397324
vt 0.169123 0.395503
vt 0.152034 0.393835
vt 0.219030 0.409294
vt 0.204009 0.406311
vt 0.186618 0.402872
vt 0.168559 0.399333
vt 0.151712 0.396057
vt 0.216948 0.417758
vt 0.202276 0.413377
vt 0.185281 0.408317
vt 0.167639 0.403093
vt 0.151179 0.398238
vt 0.214074 0.425989
vt 0.199886 0.420248
vt 0.183438 0.413612
vt 0.166368 0.406748
vt 0.150441 0.400358
vt 0.210393 0.433880
vt 0.196832 0.426848
vt 0.181094 0.418703
vt 0.164756 0.410265
vt 0.149508 0.402400
vt 0.206038 0.441418
vt 0.193175 0.433129
vt 0.178284 0.423547
vt 0.162820 0.413614
vt 0.148383 0.404344
vt 0.200979 0.448502
vt 0.188973 0.439055
vt 0.175043 0.428112
vt 0.160578 0.416767
vt 0.147078 0.406172
vt 0.195289 0.455087
vt 0.184208 0.444534
vt 0.171377 0.432343
vt 0.158048 0.419694
vt 0.145606 0.407869
vt 0.188999 0.461097
vt 0.178974 0.449562
vt 0.167341 0.436219
vt 0.155254 0.422370
vt 0.143979 0.409420
vt 0.182181 0.466489
vt 0.173291 0.454075
vt 0.162957 0.439700
vt 0.152220 0.424773
vt 0.142212 0.410809
vt 0.174876 0.471173
vt 0.167196 0.458002
vt 0.158261 0.442745
vt 0.148971 0.426881
vt 0.140319 0.412026
vt 0.167196 0.475192
vt 0.160781 0.461371
vt 0.153307 0.445348
vt 0.145537 0.428675
vt 0.138319 0.413060
vt 0.159180 0.478475
vt 0.154082 0.464126
vt 0.148131 0.447478
vt 0.141947 0.430139
vt 0.136227 0.413899
vt 0.150901 0.480997
vt 0.147158 0.466245
vt 0.142776 0.449117
vt 0.138233 0.431262
vt 0.134064 0.414538
vt 0.142432 0.482740
vt 0.140068 0.467715
vt 0.137288 0.450242
vt 0.134427 0.432033
vt 0.131846 0.414969
vt 0.133845 0.483697
vt 0.132873 0.468522
vt 0.131717 0.450864
vt 0.130560 0.432444
vt 0.129595 0.415188
vt 0.125212 0.483867
vt 0.125636 0.468665
vt 0.126108 0.450968
vt 0.126666 0.432493
vt 0.127330 0.415194
vt 0.116613 0.483200
vt 0.118414 0.468142
vt 0.120509 0.450544
vt 0.122778 0.432177
vt 0.125070 0.414984
vt 0.108116 0.481812
vt 0.111268 0.466966
vt 0.114963 0.449616
vt 0.118928 0.431498
vt 0.122836 0.414560
vt 0.099778 0.479660
vt 0.104252 0.465150
vt 0.109516 0.448179
vt 0.115150 0.430461
vt 0.120648 0.413924
vt 0.091688 0.476729
vt 0.097433 0.462682
vt 0.104216 0.446238
vt 0.111475 0.429073
vt 0.118525 0.413085
vt 0.083865 0.473136
vt 0.090855 0.459613
vt 0.099104 0.443821
vt 0.107934 0.427344
vt 0.116485 0.412041
vt 0.076386 0.468856
vt 0.084552 0.455988
vt 0.094212 0.440947
vt 0.104556 0.425285
vt 0.114549 0.410804
vt 0.069301 0.463937
vt 0.078579 0.451808
vt 0.089580 0.437629
vt 0.101372 0.422911
vt 0.112733 0.409384
vt 0.062653 0.458418
vt 0.072973 0.447096
vt 0.085250 0.433885
vt 0.098409 0.420242
vt 0.111055 0.407791
vt 0.056480 0.452339
vt 0.067778 0.441897
vt 0.081248 0.429750
vt 0.095691 0.417287
vt 0.109531 0.406038
vt 0.050850 0.445727
vt 0.063026 0.436238
vt 0.077605 0.425232
vt 0.093248 0.414078
vt 0.108177 0.404138
vt 0.045725 0.438666
vt 0.058742 0.430153
vt 0.074356 0.420376
vt 0.091099 0.410623
vt 0.107007 0.402107
vt 0.016865 0.421508
vt 0.013374 0.411784
vt 0.114502 0.500731
vt 0.104434 0.499046
vt 0.124697 0.501488
vt 0.031021 0.448553
vt 0.134933 0.501333
vt 0.145134 0.500237
vt 0.155213 0.498200
vt 0.165079 0.495232
vt 0.174641 0.491348
vt 0.183807 0.486571
vt 0.192528 0.481010
vt 0.200661 0.474595
vt 0.208174 0.467444
vt 0.214991 0.459610
vt 0.221044 0.451159
vt 0.226264 0.442161
vt 0.230673 0.432740
vt 0.234112 0.422914
vt 0.236626 0.412805
vt 0.238161 0.402501
vt 0.238741 0.392100
vt 0.238318 0.381690
vt 0.236933 0.371366
vt 0.234575 0.361213
vt 0.231264 0.351324
vt 0.227022 0.341800
vt 0.221969 0.332692
vt 0.216028 0.324134
vt 0.209322 0.316163
vt 0.201903 0.308853
vt 0.193833 0.302270
vt 0.185182 0.296481
vt 0.176071 0.291466
vt 0.094572 0.496483
vt 0.010428 0.401770
vt 0.085017 0.492999
vt 0.011457 0.360162
vt 0.016405 0.350301
vt 0.075789 0.488747
vt 0.021843 0.340920
vt 0.066984 0.483701
vt 0.027843 0.332040
vt 0.058659 0.477920
vt 0.034474 0.323749
vt 0.050862 0.471460
vt 0.041646 0.315998
vt 0.043627 0.464385
vt 0.049384 0.308888
vt 0.037038 0.456704
vt 0.057648 0.302460
vt 0.066394 0.296754
vt 0.075575 0.291814
vt 0.085157 0.287752
vt 0.095033 0.284481
vt 0.105156 0.282108
vt 0.115445 0.280651
vt 0.125818 0.280124
vt 0.136194 0.280537
vt 0.146487 0.281894
vt 0.156623 0.284170
vt 0.166511 0.287376
vt 0.018554 0.443987
vt 0.013526 0.434444
vt 0.009201 0.424538
vt 0.005502 0.414365
vt 0.002387 0.404049
vt 0.003480 0.356237
vt 0.008753 0.346087
vt 0.014548 0.336271
vt 0.020960 0.326947
vt 0.027985 0.318137
vt 0.035668 0.309934
vt 0.043940 0.302389
vt 0.052771 0.295559
vt 0.062116 0.289480
vt 0.071940 0.284238
vt 0.082172 0.279828
vt 0.092773 0.276351
vt 0.103631 0.273818
vt 0.114668 0.272261
vt 0.125800 0.271700
vt 0.136938 0.272145
vt 0.147993 0.273599
vt 0.158877 0.276052
vt 0.169494 0.279496
vt 0.179749 0.283903
vt 0.189590 0.289227
vt 0.198894 0.295482
vt 0.207574 0.302574
vt 0.215552 0.310444
vt 0.222757 0.319023
vt 0.229121 0.328233
vt 0.234628 0.337999
vt 0.239182 0.348274
vt 0.242738 0.358935
vt 0.245269 0.369871
vt 0.246757 0.380985
vt 0.247202 0.392193
vt 0.246579 0.403391
vt 0.244916 0.414482
vt 0.242199 0.425359
vt 0.238473 0.435914
vt 0.233790 0.446094
vt 0.228132 0.455779
vt 0.221595 0.464872
vt 0.214241 0.473293
vt 0.206144 0.480971
vt 0.197380 0.487835
vt 0.188027 0.493876
vt 0.178134 0.498986
vt 0.167832 0.503143
vt 0.157213 0.506315
vt 0.146373 0.508482
vt 0.135408 0.509637
vt 0.124417 0.509783
vt 0.113475 0.508949
vt 0.102680 0.507116
vt 0.092128 0.504331
vt 0.081864 0.500648
vt 0.071984 0.496050
vt 0.062569 0.490626
vt 0.053679 0.484428
vt 0.045369 0.477516
vt 0.037687 0.469955
vt 0.030627 0.461818
vt 0.024237 0.453135
vt 0.128642 0.391598
s 1
f 4/1/1 1/2/2 2/3/3
f 2/3/3 3/4/4 4/1/1
f 8/5/5 5/6/6 6/7/7
f 6/7/7 7/8/8 8/5/5
f 12/9/9 9/10/10 10/11/11
f 10/11/11 11/12/12 12/9/9
f 14/13/13 4/1/1 3/4/4
f 3/4/4 13/14/14 14/13/13
f 16/15/15 8/5/5 7/8/8
f 7/8/8 15/16/16 16/15/15
f 18/17/17 14/13/13 13/14/14
f 13/14/14 17/18/18 18/17/17
f 20/19/19 16/15/15 15/16/16
f 15/16/16 19/20/20 20/19/19
f 24/21/21 21/22/22 22/23/23
f 22/23/23 23/24/24 24/21/21
f 26/25/25 18/17/17 17/18/18
f 17/18/18 25/26/26 26/25/25
f 28/27/27 20/19/19 19/20/20
f 19/20/20 27/28/28 28/27/27
f 32/29/29 29/30/21 30/31/24
f 30/31/24 31/32/30 32/29/29
f 34/33/31 26/25/25 25/26/26
f 25/26/26 33/34/32 34/33/31
f 36/35/33 28/27/27 27/28/28
f 27/28/28 35/36/34 36/35/33
f 38/37/35 32/29/29 31/32/30
f 31/32/30 37/38/36 38/37/35
f 40/39/37 34/33/31 33/34/32
f 33/34/32 39/40/38 40/39/37
f 42/41/39 36/35/33 35/36/34
f 35/36/34 41/42/40 42/41/39
f 44/43/41 38/37/35 37/38/36
f 37/38/36 43/44/42 44/43/41
f 46/45/43 40/39/37 39/40/38
f 39/40/38 45/46/44 46/45/43
f 48/47/45 42/41/39 41/42/40
f 41/42/40 47/48/46 48/47/45
f 50/49/47 44/43/41 43/44/42
f 43/44/42 49/50/48 50/49/47
f 52/51/49 46/45/43 45/46/44
f 45/46/44 51/52/50 52/51/49
f 54/53/51 48/47/45 47/48/46
f 47/48/46 53/54/52 54/53/51
f 56/55/53 50/49/47 49/50/48
f 49/50/48 55/56/54 56/55/53
f 58/57/55 52/51/49 51/52/50
f 51/52/50 57/58/56 58/57/55
f 60/59/57 54/53/51 53/54/52
f 53/54/52 59/60/58 60/59/57
f 62/61/59 56/55/53 55/56/54
f 55/56/54 61/62/60 62/61/59
f 64/63/61 58/57/55 57/58/56
f 57/58/56 63/64/62 64/63/61
f 66/65/63 60/59/57 59/60/58
f 59/60/58 65/66/64 66/65/63
f 68/67/65 62/61/59 61/62/60
f 61/62/60 67/68/66 68/67/65
f 72/69/67 69/70/68 70/71/69
f 70/71/69 71/72/70 72/69/67
f 74/73/71 66/65/63 65/66/64
f 65/66/64 73/74/72 74/73/71
f 76/75/73 68/67/65 67/68/66
f 67/68/66 75/76/74 76/75/73
f 21/22/22 12/9/9 11/12/12
f 11/12/12 22/23/23 21/22/22
f 78/77/75 74/73/71 73/74/72
f 73/74/72 77/78/76 78/77/75
f 80/79/77 76/75/73 75/76/74
f 75/76/74 79/80/78 80/79/77
f 82/81/79 78/77/75 77/78/76
f 77/78/76 81/82/80 82/81/79
f 84/83/81 80/79/77 79/80/78
f 79/80/78 83/84/82 84/83/81
f 86/85/83 82/81/79 81/82/80
f 81/82/80 85/86/84 86/85/83
f 88/87/85 84/83/81 83/84/82
f 83/84/82 87/88/86 88/87/85
f 90/89/87 86/85/83 85/86/84
f 85/86/84 89/90/88 90/89/87
f 92/91/89 88/87/85 87/88/86
f 87/88/86 91/92/90 92/91/89
f 94/93/91 90/89/87 89/90/88
f 89/90/88 93/94/92 94/93/91
f 96/95/93 92/91/89 91/92/90
f 91/92/90 95/96/94 96/95/93
f 98/97/95 94/93/91 93/94/92
f 93/94/92 97/98/96 98/97/95
f 100/99/97 96/95/93 95/96/94
f 95/96/94 99/100/98 100/99/97
f 102/101/99 98/97/95 97/98/96
f 97/98/96 101/102/100 102/101/99
f 104/103/101 100/99/97 99/100/98
f 99/100/98 103/104/102 104/103/101
f 106/105/103 102/101/99 101/102/100
f 101/102/100 105/106/104 106/105/103
f 108/107/105 104/103/101 103/104/102
f 103/104/102 107/108/106 108/107/105
f 110/109/107 106/105/103 105/106/104
f 105/106/104 109/110/108 110/109/107
f 112/111/109 108/107/105 107/108/106
f 107/108/106 111/112/110 112/111/109
f 114/113/111 110/109/107 109/110/108
f 109/110/108 113/114/112 114/113/111
f 116/115/113 112/111/109 111/112/110
f 111/112/110 115/116/114 116/115/113
f 118/117/115 114/113/111 113/114/112
f 113/114/112 117/118/116 118/117/115
f 120/119/117 116/115/113 115/116/114
f 115/116/114 119/120/118 120/119/117
f 122/121/119 118/117/115 117/118/116
f 117/118/116 121/122/120 122/121/119
f 124/123/121 120/119/117 119/120/118
f 119/120/118 123/124/122 124/123/121
f 126/125/123 122/121/119 121/122/120
f 121/122/120 125/126/124 126/125/123
f 128/127/125 124/123/121 123/124/122
f 123/124/122 127/128/126 128/127/125
f 130/129/127 126/125/123 125/126/124
f 125/126/124 129/130/128 130/129/127
f 132/131/129 128/127/125 127/128/126
f 127/128/126 131/132/130 132/131/129
f 1/2/2 130/129/127 129/130/128
f 129/130/128 2/3/3 1/2/2
f 5/6/6 132/131/129 131/132/130
f 131/132/130 6/7/7 5/6/6
f 136/133/131 133/134/132 134/135/133
f 134/135/133 135/136/134 136/133/131
f 138/137/135 64/63/61 63/64/62
f 63/64/62 137/138/136 138/137/135
f 142/139/137 139/140/138 140/141/139
f 140/141/139 141/142/140 142/139/137
f 146/143/141 143/144/142 144/145/143
f 144/145/143 145/146/144 146/143/141
f 150/147/145 147/148/146 148/149/147
f 148/149/147 149/150/148 150/147/145
f 152/151/149 136/133/131 135/136/134
f 135/136/134 151/152/150 152/151/149
f 154/153/151 146/143/141 145/146/144
f 145/146/144 153/154/152 154/153/151
f 156/155/153 150/147/145 149/150/148
f 149/150/148 155/156/154 156/155/153
f 158/157/155 152/151/149 151/152/150
f 151/152/150 157/158/156 158/157/155
f 160/159/157 154/153/151 153/154/152
f 153/154/152 159/160/158 160/159/157
f 9/10/10 138/137/135 137/138/136
f 137/138/136 10/11/11 9/10/10
f 162/161/159 158/157/155 157/158/156
f 157/158/156 161/162/160 162/161/159
f 164/163/161 160/159/157 159/160/158
f 159/160/158 163/164/162 164/163/161
f 166/165/163 162/161/159 161/162/160
f 161/162/160 165/166/164 166/165/163
f 168/167/165 164/163/161 163/164/162
f 163/164/162 167/168/166 168/167/165
f 172/169/167 169/170/168 170/171/169
f 170/171/169 171/172/170 172/169/167
f 174/173/171 166/165/163 165/166/164
f 165/166/164 173/174/172 174/173/171
f 176/175/173 168/167/165 167/168/166
f 167/168/166 175/176/174 176/175/173
f 178/177/175 174/173/171 173/174/172
f 173/174/172 177/178/176 178/177/175
f 180/179/177 176/175/173 175/176/174
f 175/176/174 179/180/178 180/179/177
f 182/181/179 178/177/175 177/178/176
f 177/178/176 181/182/180 182/181/179
f 184/183/181 180/179/177 179/180/178
f 179/180/178 183/184/182 184/183/181
f 186/185/183 182/181/179 181/182/180
f 181/182/180 185/186/184 186/185/183
f 188/187/185 184/183/181 183/184/182
f 183/184/182 187/188/186 188/187/185
f 190/189/187 186/185/183 185/186/184
f 185/186/184 189/190/188 190/189/187
f 192/191/189 188/187/185 187/188/186
f 187/188/186 191/192/190 192/191/189
f 194/193/191 190/189/187 189/190/188
f 189/190/188 193/194/192 194/193/191
f 196/195/193 192/191/189 191/192/190
f 191/192/190 195/196/194 196/195/193
f 198/197/195 194/193/191 193/194/192
f 193/194/192 197/198/196 198/197/195
f 200/199/197 196/195/193 195/196/194
f 195/196/194 199/200/198 200/199/197
f 202/201/199 198/197/195 197/198/196
f 197/198/196 201/202/200 202/201/199
f 204/203/201 200/199/197 199/200/198
f 199/200/198 203/204/202 204/203/201
f 206/205/203 202/201/199 201/202/200
f 201/202/200 205/206/204 206/205/203
f 208/207/205 204/203/201 203/204/202
f 203/204/202 207/208/206 208/207/205
f 210/209/207 206/205/203 205/206/204
f 205/206/204 209/210/208 210/209/207
f 212/211/209 208/207/205 207/208/206
f 207/208/206 211/212/210 212/211/209
f 214/213/211 210/209/207 209/210/208
f 209/210/208 213/214/212 214/213/211
f 216/215/213 212/211/209 211/212/210
f 211/212/210 215/216/214 216/215/213
f 218/217/215 214/213/211 213/214/212
f 213/214/212 217/218/216 218/217/215
f 220/219/217 216/215/213 215/216/214
f 215/216/214 219/220/218 220/219/217
f 222/221/219 218/217/215 217/218/216
f 217/218/216 221/222/220 222/221/219
f 224/223/221 220/219/217 219/220/218
f 219/220/218 223/224/222 224/223/221
f 226/225/223 222/221/219 221/222/220
f 221/222/220 225/226/224 226/225/223
f 228/227/225 224/223/221 223/224/222
f 223/224/222 227/228/226 228/227/225
f 230/229/227 226/225/223 225/226/224
f 225/226/224 229/230/228 230/229/227
f 232/231/229 228/227/225 227/228/226
f 227/228/226 231/232/230 232/231/229
f 234/233/231 230/229/227 229/230/228
f 229/230/228 233/234/232 234/233/231
f 236/235/233 232/231/229 231/232/230
f 231/232/230 235/236/234 236/235/233
f 238/237/235 234/233/231 233/234/232
f 233/234/232 237/238/236 238/237/235
f 240/239/237 236/235/233 235/236/234
f 235/236/234 239/240/238 240/239/237
f 242/241/239 172/169/167 171/172/170
f 171/172/170 241/242/240 242/241/239
f 244/243/241 238/237/235 237/238/236
f 237/238/236 243/244/242 244/243/241
f 246/245/243 240/239/237 239/240/238
f 239/240/238 245/246/244 246/245/243
f 250/247/245 247/248/246 248/249/240
f 248/249/240 249/250/247 250/247/245
f 252/251/248 244/243/241 243/244/242
f 243/244/242 251/252/249 252/251/248
f 254/253/250 246/245/243 245/246/244
f 245/246/244 253/254/251 254/253/250
f 256/255/252 250/247/245 249/250/247
f 249/250/247 255/256/253 256/255/252
f 258/257/254 252/251/248 251/252/249
f 251/252/249 257/258/255 258/257/254
f 260/259/256 254/253/250 253/254/251
f 253/254/251 259/260/257 260/259/256
f 262/261/258 256/255/252 255/256/253
f 255/256/253 261/262/259 262/261/258
f 264/263/260 258/257/254 257/258/255
f 257/258/255 263/264/261 264/263/260
f 133/134/132 260/259/256 259/260/257
f 259/260/257 134/135/133 133/134/132
f 143/144/142 262/261/258 261/262/259
f 261/262/259 144/145/143 143/144/142
f 147/148/146 264/263/260 263/264/261
f 263/264/261 148/149/147 147/148/146
f 141/142/140 140/141/139 265/265/262
f 265/265/262 266/266/263 141/142/140
f 266/266/263 265/265/262 267/267/264
f 267/267/264 268/268/265 266/266/263
f 268/268/265 267/267/264 269/269/266
f 269/269/266 270/270/267 268/268/265
f 270/270/267 269/269/266 271/271/268
f 271/271/268 272/272/269 270/270/267
f 140/141/139 273/273/270 274/274/271
f 274/274/271 265/265/262 140/141/139
f 265/265/262 274/274/271 275/275/272
f 275/275/272 267/267/264 265/265/262
f 267/267/264 275/275/272 276/276/273
f 276/276/273 269/269/266 267/267/264
f 269/269/266 276/276/273 277/277/274
f 277/277/274 271/271/268 269/269/266
f 273/273/270 278/278/275 279/279/276
f 279/279/276 274/274/271 273/273/270
f 274/274/271 279/279/276 280/280/277
f 280/280/277 275/275/272 274/274/271
f 275/275/272 280/280/277 281/281/278
f 281/281/278 276/276/273 275/275/272
f 276/276/273 281/281/278 282/282/279
f 282/282/279 277/277/274 276/276/273
f 278/278/275 283/283/280 284/284/281
f 284/284/281 279/279/276 278/278/275
f 279/279/276 284/284/281 285/285/282
f 285/285/282 280/280/277 279/279/276
f 280/280/277 285/285/282 286/286/283
f 286/286/283 281/281/278 280/280/277
f 281/281/278 286/286/283 287/287/284
f 287/287/284 282/282/279 281/281/278
f 291/288/285 288/289/286 289/290/287
f 289/290/287 290/291/281 291/288/285
f 290/291/281 289/290/287 292/292/288
f 292/292/288 293/293/289 290/291/281
f 293/293/289 292/292/288 294/294/290
f 294/294/290 295/295/283 293/293/289
f 295/295/283 294/294/290 296/296/291
f 296/296/291 297/297/284 295/295/283
f 288/289/286 298/298/292 299/299/293
f 299/299/293 289/290/287 288/289/286
f 289/290/287 299/299/293 300/300/294
f 300/300/294 292/292/288 289/290/287
f 292/292/288 300/300/294 301/301/295
f 301/301/295 294/294/290 292/292/288
f 294/294/290 301/301/295 302/302/296
f 302/302/296 296/296/291 294/294/290
f 298/298/292 303/303/297 304/304/298
f 304/304/298 299/299/293 298/298/292
f 299/299/293 304/304/298 305/305/299
f 305/305/299 300/300/294 299/299/293
f 300/300/294 305/305/299 306/306/300
f 306/306/300 301/301/295 300/300/294
f 301/301/295 306/306/300 307/307/301
f 307/307/301 302/302/296 301/301/295
f 303/303/297 308/308/302 309/309/303
f 309/309/303 304/304/298 303/303/297
f 304/304/298 309/309/303 310/310/304
f 310/310/304 305/305/299 304/304/298
f 305/305/299 310/310/304 311/311/305
f 311/311/305 306/306/300 305/305/299
f 306/306/300 311/311/305 312/312/306
f 312/312/306 307/307/301 306/306/300
f 308/308/302 313/313/307 314/314/308
f 314/314/308 309/309/303 308/308/302
f 309/309/303 314/314/308 315/315/309
f 315/315/309 310/310/304 309/309/303
f 310/310/304 315/315/309 316/316/310
f 316/316/310 311/311/305 310/310/304
f 311/311/305 316/316/310 317/317/311
f 317/317/311 312/312/306 311/311/305
f 313/313/307 318/318/312 319/319/313
f 319/319/313 314/314/308 313/313/307
f 314/314/308 319/319/313 320/320/314
f 320/320/314 315/315/309 314/314/308
f 315/315/309 320/320/314 321/321/315
f 321/321/315 316/316/310 315/315/309
f 316/316/310 321/321/315 322/322/316
f 322/322/316 317/317/311 316/316/310
f 318/318/312 323/323/317 324/324/318
f 324/324/318 319/319/313 318/318/312
f 319/319/313 324/324/318 325/325/319
f 325/325/319 320/320/314 319/319/313
f 320/320/314 325/325/319 326/326/320
f 326/326/320 321/321/315 320/320/314
f 321/321/315 326/326/320 327/327/321
f 327/327/321 322/322/316 321/321/315
f 323/323/317 328/328/322 329/329/323
f 329/329/323 324/324/318 323/323/317
f 324/324/318 329/329/323 330/330/324
f 330/330/324 325/325/319 324/324/318
f 325/325/319 330/330/324 331/331/325
f 331/331/325 326/326/320 325/325/319
f 326/326/320 331/331/325 332/332/326
f 332/332/326 327/327/321 326/326/320
f 328/328/322 333/333/327 334/334/328
f 334/334/328 329/329/323 328/328/322
f 329/329/323 334/334/328 335/335/329
f 335/335/329 330/330/324 329/329/323
f 330/330/324 335/335/329 336/336/330
f 336/336/330 331/331/325 330/330/324
f 331/331/325 336/336/330 337/337/331
f 337/337/331 332/332/326 331/331/325
f 333/333/327 338/338/332 339/339/333
f 339/339/333 334/334/328 333/333/327
f 334/334/328 339/339/333 340/340/334
f 340/340/334 335/335/329 334/334/328
f 335/335/329 340/340/334 341/341/335
f 341/341/335 336/336/330 335/335/329
f 336/336/330 341/341/335 342/342/336
f 342/342/336 337/337/331 336/336/330
f 338/338/332 343/343/337 344/344/338
f 344/344/338 339/339/333 338/338/332
f 339/339/333 344/344/338 345/345/339
f 345/345/339 340/340/334 339/339/333
f 340/340/334 345/345/339 346/346/340
f 346/346/340 341/341/335 340/340/334
f 341/341/335 346/346/340 347/347/341
f 347/347/341 342/342/336 341/341/335
f 343/343/337 348/348/342 349/349/343
f 349/349/343 344/344/338 343/343/337
f 344/344/338 349/349/343 350/350/344
f 350/350/344 345/345/339 344/344/338
f 345/345/339 350/350/344 351/351/345
f 351/351/345 346/346/340 345/345/339
f 346/346/340 351/351/345 352/352/346
f 352/352/346 347/347/341 346/346/340
f 348/348/342 353/353/347 354/354/348
f 354/354/348 349/349/343 348/348/342
f 349/349/343 354/354/348 355/355/349
f 355/355/349 350/350/344 349/349/343
f 350/350/344 355/355/349 356/356/350
f 356/356/350 351/351/345 350/350/344
f 351/351/345 356/356/350 357/357/351
f 357/357/351 352/352/346 351/351/345
f 353/353/347 358/358/352 359/359/353
f 359/359/353 354/354/348 353/353/347
f 354/354/348 359/359/353 360/360/354
f 360/360/354 355/355/349 354/354/348
f 355/355/349 360/360/354 361/361/355
f 361/361/355 356/356/350 355/355/349
f 356/356/350 361/361/355 362/362/356
f 362/362/356 357/357/351 356/356/350
f 358/358/352 363/363/357 364/364/358
f 364/364/358 359/359/353 358/358/352
f 359/359/353 364/364/358 365/365/359
f 365/365/359 360/360/354 359/359/353
f 360/360/354 365/365/359 366/366/360
f 366/366/360 361/361/355 360/360/354
f 361/361/355 366/366/360 367/367/361
f 367/367/361 362/362/356 361/361/355
f 363/363/357 368/368/362 369/369/363
f 369/369/363 364/364/358 363/363/357
f 364/364/358 369/369/363 370/370/364
f 370/370/364 365/365/359 364/364/358
f 365/365/359 370/370/364 371/371/365
f 371/371/365 366/366/360 365/365/359
f 366/366/360 371/371/365 372/372/366
f 372/372/366 367/367/361 366/366/360
f 368/368/362 373/373/367 374/374/368
f 374/374/368 369/369/363 368/368/362
f 369/369/363 374/374/368 375/375/369
f 375/375/369 370/370/364 369/369/363
f 370/370/364 375/375/369 376/376/370
f 376/376/370 371/371/365 370/370/364
f 371/371/365 376/376/370 377/377/371
f 377/377/371 372/372/366 371/371/365
f 373/373/367 378/378/372 379/379/373
f 379/379/373 374/374/368 373/373/367
f 374/374/368 379/379/373 380/380/374
f 380/380/374 375/375/369 374/374/368
f 375/375/369 380/380/374 381/381/375
f 381/381/375 376/376/370 375/375/369
f 376/376/370 381/381/375 382/382/376
f 382/382/376 377/377/371 376/376/370
f 378/378/372 383/383/377 384/384/378
f 384/384/378 379/379/373 378/378/372
f 379/379/373 384/384/378 385/385/379
f 385/385/379 380/380/374 379/379/373
f 380/380/374 385/385/379 386/386/380
f 386/386/380 381/381/375 380/380/374
f 381/381/375 386/386/380 387/387/381
f 387/387/381 382/382/376 381/381/375
f 383/383/377 388/388/382 389/389/383
f 389/389/383 384/384/378 383/383/377
f 384/384/378 389/389/383 390/390/384
f 390/390/384 385/385/379 384/384/378
f 385/385/379 390/390/384 391/391/385
f 391/391/385 386/386/380 385/385/379
f 386/386/380 391/391/385 392/392/386
f 392/392/386 387/387/381 386/386/380
f 388/388/382 393/393/387 394/394/388
f 394/394/388 389/389/383 388/388/382
f 389/389/383 394/394/388 395/395/389
f 395/395/389 390/390/384 389/389/383
f 390/390/384 395/395/389 396/396/390
f 396/396/390 391/391/385 390/390/384
f 391/391/385 396/396/390 397/397/391
f 397/397/391 392/392/386 391/391/385
f 393/393/387 398/398/392 399/399/393
f 399/399/393 394/394/388 393/393/387
f 394/394/388 399/399/393 400/400/394
f 400/400/394 395/395/389 394/394/388
f 395/395/389 400/400/394 401/401/395
f 401/401/395 396/396/390 395/395/389
f 396/396/390 401/401/395 402/402/396
f 402/402/396 397/397/391 396/396/390
f 398/398/392 403/403/397 404/404/398
f 404/404/398 399/399/393 398/398/392
f 399/399/393 404/404/398 405/405/399
f 405/405/399 400/400/394 399/399/393
f 400/400/394 405/405/399 406/406/400
f 406/406/400 401/401/395 400/400/394
f 401/401/395 406/406/400 407/407/401
f 407/407/401 402/402/396 401/401/395
f 403/403/397 408/408/402 409/409/403
f 409/409/403 404/404/398 403/403/397
f 404/404/398 409/409/403 410/410/404
f 410/410/404 405/405/399 404/404/398
f 405/405/399 410/410/404 411/411/405
f 411/411/405 406/406/400 405/405/399
f 406/406/400 411/411/405 412/412/406
f 412/412/406 407/407/401 406/406/400
f 408/408/402 413/413/407 414/414/408
f 414/414/408 409/409/403 408/408/402
f 409/409/403 414/414/408 415/415/409
f 415/415/409 410/410/404 409/409/403
f 410/410/404 415/415/409 416/416/410
f 416/416/410 411/411/405 410/410/404
f 411/411/405 416/416/410 417/417/411
f 417/417/411 412/412/406 411/411/405
f 413/413/407 418/418/412 419/419/413
f 419/419/413 414/414/408 413/413/407
f 414/414/408 419/419/413 420/420/414
f 420/420/414 415/415/409 414/414/408
f 415/415/409 420/420/414 421/421/415
f 421/421/415 416/416/410 415/415/409
f 416/416/410 421/421/415 422/422/416
f 422/422/416 417/417/411 416/416/410
f 418/418/412 423/423/417 424/424/418
f 424/424/418 419/419/413 418/418/412
f 419/419/413 424/424/418 425/425/419
f 425/425/419 420/420/414 419/419/413
f 420/420/414 425/425/419 426/426/420
f 426/426/420 421/421/415 420/420/414
f 421/421/415 426/426/420 427/427/421
f 427/427/421 422/422/416 421/421/415
f 423/423/417 428/428/422 429/429/423
f 429/429/423 424/424/418 423/423/417
f 424/424/418 429/429/423 430/430/424
f 430/430/424 425/425/419 424/424/418
f 425/425/419 430/430/424 431/431/425
f 431/431/425 426/426/420 425/425/419
f 426/426/420 431/431/425 432/432/426
f 432/432/426 427/427/421 426/426/420
f 428/428/422 433/433/427 434/434/428
f 434/434/428 429/429/423 428/428/422
f 429/429/423 434/434/428 435/435/429
f 435/435/429 430/430/424 429/429/423
f 430/430/424 435/435/429 436/436/430
f 436/436/430 431/431/425 430/430/424
f 431/431/425 436/436/430 437/437/431
f 437/437/431 432/432/426 431/431/425
f 433/433/427 438/438/432 439/439/433
f 439/439/433 434/434/428 433/433/427
f 434/434/428 439/439/433 440/440/434
f 440/440/434 435/435/429 434/434/428
f 435/435/429 440/440/434 441/441/435
f 441/441/435 436/436/430 435/435/429
f 436/436/430 441/441/435 442/442/436
f 442/442/436 437/437/431 436/436/430
f 438/438/432 443/443/437 444/444/438
f 444/444/438 439/439/433 438/438/432
f 439/439/433 444/444/438 445/445/439
f 445/445/439 440/440/434 439/439/433
f 440/440/434 445/445/439 446/446/440
f 446/446/440 441/441/435 440/440/434
f 441/441/435 446/446/440 447/447/441
f 447/447/441 442/442/436 441/441/435
f 443/443/437 448/448/442 449/449/443
f 449/449/443 444/444/438 443/443/437
f 444/444/438 449/449/443 450/450/444
f 450/450/444 445/445/439 444/444/438
f 445/445/439 450/450/444 451/451/445
f 451/451/445 446/446/440 445/445/439
f 446/446/440 451/451/445 452/452/446
f 452/452/446 447/447/441 446/446/440
f 448/448/442 453/453/447 454/454/448
f 454/454/448 449/449/443 448/448/442
f 449/449/443 454/454/448 455/455/449
f 455/455/449 450/450/444 449/449/443
f 450/450/444 455/455/449 456/456/450
f 456/456/450 451/451/445 450/450/444
f 451/451/445 456/456/450 457/457/451
f 457/457/451 452/452/446 451/451/445
f 453/453/447 458/458/452 459/459/453
f 459/459/453 454/454/448 453/453/447
f 454/454/448 459/459/453 460/460/454
f 460/460/454 455/455/449 454/454/448
f 455/455/449 460/460/454 461/461/455
f 461/461/455 456/456/450 455/455/449
f 456/456/450 461/461/455 462/462/456
f 462/462/456 457/457/451 456/456/450
f 458/458/452 463/463/457 464/464/458
f 464/464/458 459/459/453 458/458/452
f 459/459/453 464/464/458 465/465/459
f 465/465/459 460/460/454 459/459/453
f 460/460/454 465/465/459 466/466/460
f 466/466/460 461/461/455 460/460/454
f 461/461/455 466/466/460 467/467/461
f 467/467/461 462/462/456 461/461/455
f 463/463/457 468/468/462 469/469/463
f 469/469/463 464/464/458 463/463/457
f 464/464/458 469/469/463 470/470/464
f 470/470/464 465/465/459 464/464/458
f 465/465/459 470/470/464 471/471/465
f 471/471/465 466/466/460 465/465/459
f 466/466/460 471/471/465 472/472/466
f 472/472/466 467/467/461 466/466/460
f 468/468/462 473/473/467 474/474/468
f 474/474/468 469/469/463 468/468/462
f 469/469/463 474/474/468 475/475/469
f 475/475/469 470/470/464 469/469/463
f 470/470/464 475/475/469 476/476/470
f 476/476/470 471/471/465 470/470/464
f 471/471/465 476/476/470 477/477/471
f 477/477/471 472/472/466 471/471/465
f 473/473/467 478/478/472 479/479/473
f 479/479/473 474/474/468 473/473/467
f 474/474/468 479/479/473 480/480/474
f 480/480/474 475/475/469 474/474/468
f 475/475/469 480/480/474 481/481/475
f 481/481/475 476/476/470 475/475/469
f 476/476/470 481/481/475 482/482/476
f 482/482/476 477/477/471 476/476/470
f 478/478/472 483/483/477 484/484/478
f 484/484/478 479/479/473 478/478/472
f 479/479/473 484/484/478 485/485/479
f 485/485/479 480/480/474 479/479/473
f 480/480/474 485/485/479 486/486/480
f 486/486/480 481/481/475 480/480/474
f 481/481/475 486/486/480 487/487/481
f 487/487/481 482/482/476 481/481/475
f 483/483/477 488/488/482 489/489/483
f 489/489/483 484/484/478 483/483/477
f 484/484/478 489/489/483 490/490/484
f 490/490/484 485/485/479 484/484/478
f 485/485/479 490/490/484 491/491/485
f 491/491/485 486/486/480 485/485/479
f 486/486/480 491/491/485 492/492/486
f 492/492/486 487/487/481 486/486/480
f 488/488/482 493/493/487 494/494/488
f 494/494/488 489/489/483 488/488/482
f 489/489/483 494/494/488 495/495/489
f 495/495/489 490/490/484 489/489/483
f 490/490/484 495/495/489 496/496/490
f 496/496/490 491/491/485 490/490/484
f 491/491/485 496/496/490 497/497/491
f 497/497/491 492/492/486 491/491/485
f 493/493/487 498/498/492 499/499/493
f 499/499/493 494/494/488 493/493/487
f 494/494/488 499/499/493 500/500/494
f 500/500/494 495/495/489 494/494/488
f 495/495/489 500/500/494 501/501/495
f 501/501/495 496/496/490 495/495/489
f 496/496/490 501/501/495 502/502/496
f 502/502/496 497/497/491 496/496/490
f 498/498/492 503/503/497 504/504/498
f 504/504/498 499/499/493 498/498/492
f 499/499/493 504/504/498 505/505/499
f 505/505/499 500/500/494 499/499/493
f 500/500/494 505/505/499 506/506/500
f 506/506/500 501/501/495 500/500/494
f 501/501/495 506/506/500 507/507/501
f 507/507/501 502/502/496 501/501/495
f 503/503/497 508/508/502 509/509/503
f 509/509/503 504/504/498 503/503/497
f 504/504/498 509/509/503 510/510/504
f 510/510/504 505/505/499 504/504/498
f 505/505/499 510/510/504 511/511/505
f 511/511/505 506/506/500 505/505/499
f 506/506/500 511/511/505 512/512/506
f 512/512/506 507/507/501 506/506/500
f 508/508/502 513/513/507 514/514/508
f 514/514/508 509/509/503 508/508/502
f 509/509/503 514/514/508 515/515/509
f 515/515/509 510/510/504 509/509/503
f 510/510/504 515/515/509 516/516/510
f 516/516/510 511/511/505 510/510/504
f 511/511/505 516/516/510 517/517/511
f 517/517/511 512/512/506 511/511/505
f 513/513/507 518/518/512 519/519/513
f 519/519/513 514/514/508 513/513/507
f 514/514/508 519/519/513 520/520/514
f 520/520/514 515/515/509 514/514/508
f 515/515/509 520/520/514 521/521/515
f 521/521/515 516/516/510 515/515/509
f 516/516/510 521/521/515 522/522/516
f 522/522/516 517/517/511 516/516/510
f 518/518/512 523/523/517 524/524/518
f 524/524/518 519/519/513 518/518/512
f 519/519/513 524/524/518 525/525/519
f 525/525/519 520/520/514 519/519/513
f 520/520/514 525/525/519 526/526/520
f 526/526/520 521/521/515 520/520/514
f 521/521/515 526/526/520 527/527/521
f 527/527/521 522/522/516 521/521/515
f 523/523/517 528/528/522 529/529/523
f 529/529/523 524/524/518 523/523/517
f 524/524/518 529/529/523 530/530/524
f 530/530/524 525/525/519 524/524/518
f 525/525/519 530/530/524 531/531/525
f 531/531/525 526/526/520 525/525/519
f 526/526/520 531/531/525 532/532/526
f 532/532/526 527/527/521 526/526/520
f 528/528/522 533/533/527 534/534/528
f 534/534/528 529/529/523 528/528/522
f 529/529/523 534/534/528 535/535/529
f 535/535/529 530/530/524 529/529/523
f 530/530/524 535/535/529 536/536/530
f 536/536/530 531/531/525 530/530/524
f 531/531/525 536/536/530 537/537/531
f 537/537/531 532/532/526 531/531/525
f 533/533/527 538/538/532 539/539/533
f 539/539/533 534/534/528 533/533/527
f 534/534/528 539/539/533 540/540/534
f 540/540/534 535/535/529 534/534/528
f 535/535/529 540/540/534 541/541/535
f 541/541/535 536/536/530 535/535/529
f 536/536/530 541/541/535 542/542/536
f 542/542/536 537/537/531 536/536/530
f 538/538/532 543/543/537 544/544/538
f 544/544/538 539/539/533 538/538/532
f 539/539/533 544/544/538 545/545/539
f 545/545/539 540/540/534 539/539/533
f 540/540/534 545/545/539 546/546/540
f 546/546/540 541/541/535 540/540/534
f 541/541/535 546/546/540 547/547/541
f 547/547/541 542/542/536 541/541/535
f 543/543/537 548/548/542 549/549/543
f 549/549/543 544/544/538 543/543/537
f 544/544/538 549/549/543 550/550/544
f 550/550/544 545/545/539 544/544/538
f 545/545/539 550/550/544 551/551/545
f 551/551/545 546/546/540 545/545/539
f 546/546/540 551/551/545 552/552/546
f 552/552/546 547/547/541 546/546/540
f 548/548/542 553/553/547 554/554/548
f 554/554/548 549/549/543 548/548/542
f 549/549/543 554/554/548 555/555/549
f 555/555/549 550/550/544 549/549/543
f 550/550/544 555/555/549 556/556/550
f 556/556/550 551/551/545 550/550/544
f 551/551/545 556/556/550 557/557/551
f 557/557/551 552/552/546 551/551/545
f 553/553/547 558/558/552 559/559/553
f 559/559/553 554/554/548 553/553/547
f 554/554/548 559/559/553 560/560/554
f 560/560/554 555/555/549 554/554/548
f 555/555/549 560/560/554 561/561/555
f 561/561/555 556/556/550 555/555/549
f 556/556/550 561/561/555 562/562/556
f 562/562/556 557/557/551 556/556/550
f 558/558/552 563/563/557 564/564/558
f 564/564/558 559/559/553 558/558/552
f 559/559/553 564/564/558 565/565/559
f 565/565/559 560/560/554 559/559/553
f 560/560/554 565/565/559 566/566/560
f 566/566/560 561/561/555 560/560/554
f 561/561/555 566/566/560 567/567/561
f 567/567/561 562/562/556 561/561/555
f 563/563/557 568/568/562 569/569/563
f 569/569/563 564/564/558 563/563/557
f 564/564/558 569/569/563 570/570/564
f 570/570/564 565/565/559 564/564/558
f 565/565/559 570/570/564 571/571/565
f 571/571/565 566/566/560 565/565/559
f 566/566/560 571/571/565 572/572/566
f 572/572/566 567/567/561 566/566/560
f 568/568/562 573/573/567 574/574/568
f 574/574/568 569/569/563 568/568/562
f 569/569/563 574/574/568 575/575/569
f 575/575/569 570/570/564 569/569/563
f 570/570/564 575/575/569 576/576/570
f 576/576/570 571/571/565 570/570/564
f 571/571/565 576/576/570 577/577/571
f 577/577/571 572/572/566 571/571/565
f 573/573/567 578/578/572 579/579/573
f 579/579/573 574/574/568 573/573/567
f 574/574/568 579/579/573 580/580/574
f 580/580/574 575/575/569 574/574/568
f 575/575/569 580/580/574 581/581/575
f 581/581/575 576/576/570 575/575/569
f 576/576/570 581/581/575 582/582/576
f 582/582/576 577/577/571 576/576/570
f 578/578/572 583/583/577 584/584/578
f 584/584/578 579/579/573 578/578/572
f 579/579/573 584/584/578 585/585/579
f 585/585/579 580/580/574 579/579/573
f 580/580/574 585/585/579 586/586/580
f 586/586/580 581/581/575 580/580/574
f 581/581/575 586/586/580 587/587/581
f 587/587/581 582/582/576 581/581/575
f 583/583/577 141/142/140 266/266/263
f 266/266/263 584/584/578 583/583/577
f 584/584/578 266/266/263 268/268/265
f 268/268/265 585/585/579 584/584/578
f 585/585/579 268/268/265 270/270/267
f 270/270/267 586/586/580 585/585/579
f 586/586/580 270/270/267 272/272/269
f 272/272/269 587/587/581 586/586/580
f 589/588/582 156/155/153 155/156/154
f 155/156/154 588/589/583 589/588/582
f 591/590/584 590/591/585 278/278/275
f 278/278/275 273/273/270 591/590/584
f 593/592/586 592/593/587 538/538/532
f 538/538/532 533/533/527 593/592/586
f 597/594/588 594/595/589 595/596/590
f 595/596/590 596/597/591 597/594/588
f 139/140/138 591/590/584 273/273/270
f 273/273/270 140/141/139 139/140/138
f 598/598/592 593/592/586 533/533/527
f 533/533/527 528/528/522 598/598/592
f 594/595/589 599/599/593 600/600/594
f 600/600/594 595/596/590 594/595/589
f 601/601/595 142/139/137 141/142/140
f 141/142/140 583/583/577 601/601/595
f 602/602/596 598/598/592 528/528/522
f 528/528/522 523/523/517 602/602/596
f 599/599/593 603/603/597 604/604/598
f 604/604/598 600/600/594 599/599/593
f 605/605/599 602/602/596 523/523/517
f 523/523/517 518/518/512 605/605/599
f 603/603/597 606/606/600 607/607/601
f 607/607/601 604/604/598 603/603/597
f 608/608/602 605/605/599 518/518/512
f 518/518/512 513/513/507 608/608/602
f 606/606/600 609/609/603 610/610/604
f 610/610/604 607/607/601 606/606/600
f 611/611/605 608/608/602 513/513/507
f 513/513/507 508/508/502 611/611/605
f 609/609/603 612/612/606 613/613/607
f 613/613/607 610/610/604 609/609/603
f 614/614/608 611/611/605 508/508/502
f 508/508/502 503/503/497 614/614/608
f 612/612/606 615/615/609 616/616/610
f 616/616/610 613/613/607 612/612/606
f 617/617/611 614/614/608 503/503/497
f 503/503/497 498/498/492 617/617/611
f 615/615/609 618/618/612 619/619/613
f 619/619/613 616/616/610 615/615/609
f 620/620/614 617/617/611 498/498/492
f 498/498/492 493/493/487 620/620/614
f 618/618/612 621/621/615 622/622/616
f 622/622/616 619/619/613 618/618/612
f 623/623/617 620/620/614 493/493/487
f 493/493/487 488/488/482 623/623/617
f 621/621/615 624/624/618 625/625/619
f 625/625/619 622/622/616 621/621/615
f 626/626/620 623/623/617 488/488/482
f 488/488/482 483/483/477 626/626/620
f 624/624/618 627/627/621 628/628/622
f 628/628/622 625/625/619 624/624/618
f 629/629/623 626/626/620 483/483/477
f 483/483/477 478/478/472 629/629/623
f 627/627/621 630/630/624 631/631/625
f 631/631/625 628/628/622 627/627/621
f 632/632/626 629/629/623 478/478/472
f 478/478/472 473/473/467 632/632/626
f 630/630/624 633/633/627 634/634/628
f 634/634/628 631/631/625 630/630/624
f 635/635/629 632/632/626 473/473/467
f 473/473/467 468/468/462 635/635/629
f 633/633/627 636/636/630 637/637/631
f 637/637/631 634/634/628 633/633/627
f 638/638/632 635/635/629 468/468/462
f 468/468/462 463/463/457 638/638/632
f 636/636/630 639/639/633 640/640/634
f 640/640/634 637/637/631 636/636/630
f 641/641/635 638/638/632 463/463/457
f 463/463/457 458/458/452 641/641/635
f 639/639/633 642/642/636 643/643/637
f 643/643/637 640/640/634 639/639/633
f 644/644/638 641/641/635 458/458/452
f 458/458/452 453/453/447 644/644/638
f 642/642/636 645/645/639 646/646/640
f 646/646/640 643/643/637 642/642/636
f 647/647/641 644/644/638 453/453/447
f 453/453/447 448/448/442 647/647/641
f 645/645/639 648/648/642 649/649/643
f 649/649/643 646/646/640 645/645/639
f 650/650/644 647/647/641 448/448/442
f 448/448/442 443/443/437 650/650/644
f 648/648/642 651/651/645 652/652/646
f 652/652/646 649/649/643 648/648/642
f 653/653/647 650/650/644 443/443/437
f 443/443/437 438/438/432 653/653/647
f 651/651/645 654/654/648 655/655/649
f 655/655/649 652/652/646 651/651/645
f 656/656/650 653/653/647 438/438/432
f 438/438/432 433/433/427 656/656/650
f 654/654/648 657/657/651 658/658/652
f 658/658/652 655/655/649 654/654/648
f 659/659/653 656/656/650 433/433/427
f 433/433/427 428/428/422 659/659/653
f 657/657/651 660/660/654 661/661/655
f 661/661/655 658/658/652 657/657/651
f 662/662/656 659/659/653 428/428/422
f 428/428/422 423/423/417 662/662/656
f 660/660/654 663/663/657 664/664/658
f 664/664/658 661/661/655 660/660/654
f 665/665/659 662/662/656 423/423/417
f 423/423/417 418/418/412 665/665/659
f 663/663/657 666/666/660 667/667/661
f 667/667/661 664/664/658 663/663/657
f 668/668/662 665/665/659 418/418/412
f 418/418/412 413/413/407 668/668/662
f 666/666/660 669/669/663 670/670/664
f 670/670/664 667/667/661 666/666/660
f 671/671/665 668/668/662 413/413/407
f 413/413/407 408/408/402 671/671/665
f 669/669/663 672/672/666 673/673/667
f 673/673/667 670/670/664 669/669/663
f 674/674/668 671/671/665 408/408/402
f 408/408/402 403/403/397 674/674/668
f 672/672/666 675/675/669 676/676/670
f 676/676/670 673/673/667 672/672/666
f 677/677/671 674/674/668 403/403/397
f 403/403/397 398/398/392 677/677/671
f 675/675/669 678/678/672 679/679/673
f 679/679/673 676/676/670 675/675/669
f 680/680/674 677/677/671 398/398/392
f 398/398/392 393/393/387 680/680/674
f 678/678/672 681/681/675 682/682/676
f 682/682/676 679/679/673 678/678/672
f 683/683/677 680/680/674 393/393/387
f 393/393/387 388/388/382 683/683/677
f 681/681/675 684/684/678 685/685/679
f 685/685/679 682/682/676 681/681/675
f 686/686/680 683/683/677 388/388/382
f 388/388/382 383/383/377 686/686/680
f 690/687/681 687/688/682 688/689/683
f 688/689/683 689/690/684 690/687/681
f 694/691/685 691/692/686 692/693/687
f 692/693/687 693/694/688 694/691/685
f 698/695/689 695/696/690 696/697/691
f 696/697/691 697/698/692 698/695/689
f 695/696/690 699/699/693 700/700/694
f 700/700/694 696/697/691 695/696/690
f 699/699/693 701/701/695 702/702/696
f 702/702/696 700/700/694 699/699/693
f 701/701/695 703/703/697 704/704/698
f 704/704/698 702/702/696 701/701/695
f 703/703/697 705/705/699 706/706/700
f 706/706/700 704/704/698 703/703/697
f 705/705/699 707/707/701 708/708/702
f 708/708/702 706/706/700 705/705/699
f 707/707/701 709/709/703 710/710/704
f 710/710/704 708/708/702 707/707/701
f 709/709/703 711/711/705 712/712/706
f 712/712/706 710/710/704 709/709/703
f 711/711/705 713/713/707 714/714/708
f 714/714/708 712/712/706 711/711/705
f 713/713/707 715/715/709 716/716/710
f 716/716/710 714/714/708 713/713/707
f 715/715/709 717/717/711 718/718/712
f 718/718/712 716/716/710 715/715/709
f 717/717/711 719/719/713 720/720/714
f 720/720/714 718/718/712 717/717/711
f 719/719/713 721/721/715 722/722/716
f 722/722/716 720/720/714 719/719/713
f 721/721/715 723/723/717 724/724/718
f 724/724/718 722/722/716 721/721/715
f 723/723/717 725/725/719 726/726/720
f 726/726/720 724/724/718 723/723/717
f 725/725/719 727/727/721 728/728/722
f 728/728/722 726/726/720 725/725/719
f 727/727/721 729/729/723 730/730/724
f 730/730/724 728/728/722 727/727/721
f 729/729/723 731/731/725 732/732/726
f 732/732/726 730/730/724 729/729/723
f 731/731/725 733/733/727 734/734/728
f 734/734/728 732/732/726 731/731/725
f 733/733/727 735/735/729 736/736/730
f 736/736/730 734/734/728 733/733/727
f 735/735/729 737/737/731 738/738/732
f 738/738/732 736/736/730 735/735/729
f 737/737/731 739/739/733 740/740/734
f 740/740/734 738/738/732 737/737/731
f 739/739/733 741/741/735 742/742/736
f 742/742/736 740/740/734 739/739/733
f 741/741/735 743/743/737 744/744/738
f 744/744/738 742/742/736 741/741/735
f 743/743/737 745/745/739 746/746/740
f 746/746/740 744/744/738 743/743/737
f 745/745/739 747/747/741 748/748/742
f 748/748/742 746/746/740 745/745/739
f 747/747/741 749/749/743 750/750/744
f 750/750/744 748/748/742 747/747/741
f 749/749/743 751/751/745 752/752/746
f 752/752/746 750/750/744 749/749/743
f 751/751/745 753/753/747 754/754/748
f 754/754/748 752/752/746 751/751/745
f 753/753/747 755/755/749 756/756/750
f 756/756/750 754/754/748 753/753/747
f 755/755/749 757/757/751 758/758/752
f 758/758/752 756/756/750 755/755/749
f 757/757/751 759/759/753 760/760/754
f 760/760/754 758/758/752 757/757/751
f 759/759/753 761/761/755 762/762/756
f 762/762/756 760/760/754 759/759/753
f 761/761/755 763/763/757 764/764/758
f 764/764/758 762/762/756 761/761/755
f 763/763/757 765/765/759 766/766/760
f 766/766/760 764/764/758 763/763/757
f 765/765/759 767/767/761 768/768/762
f 768/768/762 766/766/760 765/765/759
f 767/767/761 769/769/763 770/770/764
f 770/770/764 768/768/762 767/767/761
f 769/769/763 771/771/765 772/772/766
f 772/772/766 770/770/764 769/769/763
f 771/771/765 773/773/767 774/774/768
f 774/774/768 772/772/766 771/771/765
f 773/773/767 775/775/769 776/776/770
f 776/776/770 774/774/768 773/773/767
f 775/775/769 777/777/771 778/778/772
f 778/778/772 776/776/770 775/775/769
f 777/777/771 779/779/773 780/780/774
f 780/780/774 778/778/772 777/777/771
f 779/779/773 781/781/775 782/782/776
f 782/782/776 780/780/774 779/779/773
f 781/781/775 783/783/777 784/784/778
f 784/784/778 782/782/776 781/781/775
f 783/783/777 785/785/779 786/786/780
f 786/786/780 784/784/778 783/783/777
f 785/785/779 787/787/781 788/788/782
f 788/788/782 786/786/780 785/785/779
f 787/787/781 789/789/783 790/790/784
f 790/790/784 788/788/782 787/787/781
f 789/789/783 791/791/785 792/792/786
f 792/792/786 790/790/784 789/789/783
f 791/791/785 793/793/787 794/794/788
f 794/794/788 792/792/786 791/791/785
f 793/793/787 795/795/789 796/796/790
f 796/796/790 794/794/788 793/793/787
f 795/795/789 797/797/791 798/798/792
f 798/798/792 796/796/790 795/795/789
f 797/797/791 799/799/793 800/800/794
f 800/800/794 798/798/792 797/797/791
f 799/799/793 801/801/795 802/802/796
f 802/802/796 800/800/794 799/799/793
f 801/801/795 803/803/797 804/804/798
f 804/804/798 802/802/796 801/801/795
f 803/803/797 805/805/799 806/806/800
f 806/806/800 804/804/798 803/803/797
f 805/805/799 807/807/801 808/808/802
f 808/808/802 806/806/800 805/805/799
f 807/807/801 809/809/803 810/810/804
f 810/810/804 808/808/802 807/807/801
f 809/809/803 811/811/805 812/812/806
f 812/812/806 810/810/804 809/809/803
f 811/811/805 813/813/807 814/814/808
f 814/814/808 812/812/806 811/811/805
f 818/815/807 815/816/809 816/817/810
f 816/817/810 817/818/811 818/815/807
f 815/816/809 690/687/681 689/690/684
f 689/690/684 816/817/810 815/816/809
f 820/819/812 698/695/689 697/698/692
f 697/698/692 819/820/813 820/819/812
f 822/821/814 597/594/588 596/597/591
f 596/597/591 821/822/815 822/821/814
f 592/593/587 823/823/816 543/543/537
f 543/543/537 538/538/532 592/593/587
f 590/591/585 824/824/817 283/283/280
f 283/283/280 278/278/275 590/591/585
f 826/825/818 822/821/814 821/822/815
f 821/822/815 825/826/819 826/825/818
f 823/823/816 827/827/820 548/548/542
f 548/548/542 543/543/537 823/823/816
f 829/828/817 828/829/821 288/289/286
f 288/289/286 291/288/285 829/828/817
f 831/830/822 826/825/818 825/826/819
f 825/826/819 830/831/823 831/830/822
f 827/827/820 832/832/824 553/553/547
f 553/553/547 548/548/542 827/827/820
f 828/829/821 833/833/825 298/298/292
f 298/298/292 288/289/286 828/829/821
f 835/834/826 831/830/822 830/831/823
f 830/831/823 834/835/827 835/834/826
f 832/832/824 836/836/828 558/558/552
f 558/558/552 553/553/547 832/832/824
f 833/833/825 837/837/829 303/303/297
f 303/303/297 298/298/292 833/833/825
f 839/838/830 835/834/826 834/835/827
f 834/835/827 838/839/831 839/838/830
f 836/836/828 840/840/832 563/563/557
f 563/563/557 558/558/552 836/836/828
f 837/837/829 841/841/833 308/308/302
f 308/308/302 303/303/297 837/837/829
f 843/842/834 839/838/830 838/839/831
f 838/839/831 842/843/835 843/842/834
f 840/840/832 844/844/836 568/568/562
f 568/568/562 563/563/557 840/840/832
f 841/841/833 845/845/837 313/313/307
f 313/313/307 308/308/302 841/841/833
f 847/846/838 843/842/834 842/843/835
f 842/843/835 846/847/839 847/846/838
f 844/844/836 848/848/840 573/573/567
f 573/573/567 568/568/562 844/844/836
f 845/845/837 849/849/841 318/318/312
f 318/318/312 313/313/307 845/845/837
f 851/850/842 847/846/838 846/847/839
f 846/847/839 850/851/843 851/850/842
f 69/70/68 852/852/844 853/853/845
f 853/853/845 70/71/69 69/70/68
f 848/848/840 854/854/846 578/578/572
f 578/578/572 573/573/567 848/848/840
f 849/849/841 855/855/847 323/323/317
f 323/323/317 318/318/312 849/849/841
f 857/856/848 851/850/842 850/851/843
f 850/851/843 856/857/849 857/856/848
f 687/688/682 820/819/812 819/820/813
f 819/820/813 688/689/683 687/688/682
f 854/854/846 601/601/595 583/583/577
f 583/583/577 578/578/572 854/854/846
f 855/855/847 858/858/850 328/328/322
f 328/328/322 323/323/317 855/855/847
f 860/859/851 857/856/848 856/857/849
f 856/857/849 859/860/852 860/859/851
f 862/861/853 72/69/67 71/72/70
f 71/72/70 861/862/854 862/861/853
f 169/170/168 863/863/855 864/864/856
f 864/864/856 170/171/169 169/170/168
f 858/858/850 865/865/857 333/333/327
f 333/333/327 328/328/322 858/858/850
f 867/866/858 860/859/851 859/860/852
f 859/860/852 866/867/859 867/866/858
f 869/868/860 862/861/853 861/862/854
f 861/862/854 868/869/861 869/868/860
f 865/865/857 870/870/862 338/338/332
f 338/338/332 333/333/327 865/865/857
f 872/871/863 867/866/858 866/867/859
f 866/867/859 871/872/864 872/871/863
f 874/873/865 869/868/860 868/869/861
f 868/869/861 873/874/866 874/873/865
f 870/870/862 875/875/867 343/343/337
f 343/343/337 338/338/332 870/870/862
f 877/876/868 872/871/863 871/872/864
f 871/872/864 876/877/869 877/876/868
f 879/878/870 874/873/865 873/874/866
f 873/874/866 878/879/871 879/878/870
f 875/875/867 880/880/872 348/348/342
f 348/348/342 343/343/337 875/875/867
f 882/881/873 877/876/868 876/877/869
f 876/877/869 881/882/874 882/881/873
f 884/883/875 879/878/870 878/879/871
f 878/879/871 883/884/876 884/883/875
f 880/880/872 885/885/877 353/353/347
f 353/353/347 348/348/342 880/880/872
f 887/886/878 882/881/873 881/882/874
f 881/882/874 886/887/879 887/886/878
f 889/888/880 884/883/875 883/884/876
f 883/884/876 888/889/881 889/888/880
f 885/885/877 890/890/882 358/358/352
f 358/358/352 353/353/347 885/885/877
f 892/891/883 887/886/878 886/887/879
f 886/887/879 891/892/884 892/891/883
f 894/893/885 889/888/880 888/889/881
f 888/889/881 893/894/886 894/893/885
f 890/890/882 895/895/887 363/363/357
f 363/363/357 358/358/352 890/890/882
f 897/896/888 892/891/883 891/892/884
f 891/892/884 896/897/889 897/896/888
f 899/898/890 894/893/885 893/894/886
f 893/894/886 898/899/891 899/898/890
f 895/895/887 900/900/892 368/368/362
f 368/368/362 363/363/357 895/895/887
f 904/901/893 901/902/888 902/903/889
f 902/903/889 903/904/894 904/901/893
f 906/905/895 899/898/890 898/899/891
f 898/899/891 905/906/896 906/905/895
f 900/900/892 907/907/897 373/373/367
f 373/373/367 368/368/362 900/900/892
f 909/908/898 904/901/893 903/904/894
f 903/904/894 908/909/899 909/908/898
f 911/910/900 906/905/895 905/906/896
f 905/906/896 910/911/901 911/910/900
f 907/907/897 912/912/902 378/378/372
f 378/378/372 373/373/367 907/907/897
f 852/852/844 909/908/898 908/909/899
f 908/909/899 853/853/845 852/852/844
f 914/913/903 911/910/900 910/911/901
f 910/911/901 913/914/904 914/913/903
f 912/912/902 686/686/680 383/383/377
f 383/383/377 378/378/372 912/912/902
f 684/684/678 914/913/903 913/914/904
f 913/914/904 685/685/679 684/684/678
f 918/915/905 915/916/906 916/917/907
f 916/917/907 917/918/908 918/915/905
f 922/919/909 919/920/910 920/921/911
f 920/921/911 921/922/912 922/919/909
f 926/923/913 923/924/914 924/925/915
f 924/925/915 925/926/916 926/923/913
f 915/916/906 927/927/917 928/928/918
f 928/928/918 916/917/907 915/916/906
f 919/920/910 929/929/919 930/930/920
f 930/930/920 920/921/911 919/920/910
f 934/931/921 931/932/922 932/933/923
f 932/933/923 933/934/924 934/931/921
f 927/927/917 935/935/925 936/936/926
f 936/936/926 928/928/918 927/927/917
f 929/929/919 918/915/905 917/918/908
f 917/918/908 930/930/920 929/929/919
f 938/937/927 934/931/921 933/934/924
f 933/934/924 937/938/928 938/937/927
f 931/932/922 922/919/909 921/922/912
f 921/922/912 932/933/923 931/932/922
f 935/935/925 926/923/913 925/926/916
f 925/926/916 936/936/926 935/935/925
f 923/924/914 938/937/927 937/938/928
f 937/938/928 924/925/915 923/924/914
f 937/938/928 933/934/924 939/939/929
f 939/939/929 691/692/686 937/938/928
f 940/940/930 941/941/931 942/942/932
f 939/939/929 943/943/933 944/944/934
f 944/944/934 945/945/935 939/939/929
f 933/934/924 932/933/923 943/943/933
f 943/943/933 939/939/929 933/934/924
f 946/946/936 941/941/931 940/940/930
f 943/943/933 947/947/937 948/948/938
f 948/948/938 944/944/934 943/943/933
f 932/933/923 921/922/912 947/947/937
f 947/947/937 943/943/933 932/933/923
f 949/949/939 941/941/931 946/946/936
f 947/947/937 950/950/940 951/951/941
f 951/951/941 948/948/938 947/947/937
f 921/922/912 920/921/911 950/950/940
f 950/950/940 947/947/937 921/922/912
f 952/952/942 941/941/931 949/949/939
f 950/950/940 953/953/943 954/954/944
f 954/954/944 951/951/941 950/950/940
f 920/921/911 930/930/920 953/953/943
f 953/953/943 950/950/940 920/921/911
f 955/955/945 941/941/931 952/952/942
f 953/953/943 956/956/946 957/957/947
f 957/957/947 954/954/944 953/953/943
f 930/930/920 917/918/908 956/956/946
f 956/956/946 953/953/943 930/930/920
f 958/958/948 941/941/931 955/955/945
f 956/956/946 959/959/949 960/960/950
f 960/960/950 957/957/947 956/956/946
f 917/918/908 916/917/907 959/959/949
f 959/959/949 956/956/946 917/918/908
f 961/961/951 941/941/931 958/958/948
f 959/959/949 962/962/952 963/963/953
f 963/963/953 960/960/950 959/959/949
f 916/917/907 928/928/918 962/962/952
f 962/962/952 959/959/949 916/917/907
f 964/964/954 941/941/931 961/961/951
f 962/962/952 965/965/955 966/966/956
f 966/966/956 963/963/953 962/962/952
f 928/928/918 936/936/926 965/965/955
f 965/965/955 962/962/952 928/928/918
f 967/967/957 941/941/931 964/964/954
f 965/965/955 968/968/958 969/969/959
f 969/969/959 966/966/956 965/965/955
f 936/936/926 925/926/916 968/968/958
f 968/968/958 965/965/955 936/936/926
f 970/970/960 941/941/931 967/967/957
f 968/968/958 694/691/685 693/694/688
f 693/694/688 969/969/959 968/968/958
f 925/926/916 924/925/915 694/691/685
f 694/691/685 968/968/958 925/926/916
f 971/971/961 941/941/931 970/970/960
f 975/972/686 972/973/962 973/974/963
f 973/974/963 974/975/687 975/972/686
f 924/925/915 937/938/928 691/692/686
f 691/692/686 694/691/685 924/925/915
f 942/942/932 941/941/931 971/971/961
f 691/692/686 939/939/929 945/945/935
f 945/945/935 692/693/687 691/692/686
f 979/976/906 976/977/917 977/978/918
f 977/978/918 978/979/907 979/976/906
f 983/980/910 980/981/919 981/982/964
f 981/982/964 982/983/965 983/980/910
f 987/984/966 984/985/927 985/986/928
f 985/986/928 986/987/915 987/984/966
f 976/977/917 988/988/925 989/989/926
f 989/989/926 977/978/918 976/977/917
f 980/981/919 990/990/905 991/991/908
f 991/991/908 981/982/964 980/981/919
f 995/992/922 992/993/967 993/994/968
f 993/994/968 994/995/969 995/992/922
f 988/988/925 996/996/913 997/997/970
f 997/997/970 989/989/926 988/988/925
f 990/990/905 979/976/906 978/979/907
f 978/979/907 991/991/908 990/990/905
f 999/998/971 995/992/922 994/995/969
f 994/995/969 998/999/924 999/998/971
f 992/993/967 983/980/910 982/983/965
f 982/983/965 993/994/968 992/993/967
f 996/996/913 987/984/966 986/987/915
f 986/987/915 997/997/970 996/996/913
f 984/985/927 999/998/971 998/999/924
f 998/999/924 985/986/928 984/985/927
f 998/999/924 994/995/969 1000/1000/972
f 1000/1000/972 972/973/962 998/999/924
f 1001/1001/936 1002/1002/931 1003/1003/930
f 1000/1000/972 1004/1004/937 1005/1005/938
f 1005/1005/938 1006/1006/934 1000/1000/972
f 994/995/969 993/994/968 1004/1004/937
f 1004/1004/937 1000/1000/972 994/995/969
f 1007/1007/939 1002/1002/931 1001/1001/936
f 1004/1004/937 1008/1008/973 1009/1009/974
f 1009/1009/974 1005/1005/938 1004/1004/937
f 993/994/968 982/983/965 1008/1008/973
f 1008/1008/973 1004/1004/937 993/994/968
f 1010/1010/942 1002/1002/931 1007/1007/939
f 1008/1008/973 1011/1011/943 1012/1012/944
f 1012/1012/944 1009/1009/974 1008/1008/973
f 982/983/965 981/982/964 1011/1011/943
f 1011/1011/943 1008/1008/973 982/983/965
f 1013/1013/975 1002/1002/931 1010/1010/942
f 1011/1011/943 1014/1014/946 1015/1015/947
f 1015/1015/947 1012/1012/944 1011/1011/943
f 981/982/964 991/991/908 1014/1014/946
f 1014/1014/946 1011/1011/943 981/982/964
f 1016/1016/948 1002/1002/931 1013/1013/975
f 1014/1014/946 1017/1017/949 1018/1018/950
f 1018/1018/950 1015/1015/947 1014/1014/946
f 991/991/908 978/979/907 1017/1017/949
f 1017/1017/949 1014/1014/946 991/991/908
f 1019/1019/951 1002/1002/931 1016/1016/948
f 1017/1017/949 1020/1020/976 1021/1021/953
f 1021/1021/953 1018/1018/950 1017/1017/949
f 978/979/907 977/978/918 1020/1020/976
f 1020/1020/976 1017/1017/949 978/979/907
f 1022/1022/954 1002/1002/931 1019/1019/951
f 1020/1020/976 1023/1023/955 1024/1024/956
f 1024/1024/956 1021/1021/953 1020/1020/976
f 977/978/918 989/989/926 1023/1023/955
f 1023/1023/955 1020/1020/976 977/978/918
f 1025/1025/957 1002/1002/931 1022/1022/954
f 1023/1023/955 1026/1026/958 1027/1027/959
f 1027/1027/959 1024/1024/956 1023/1023/955
f 989/989/926 997/997/970 1026/1026/958
f 1026/1026/958 1023/1023/955 989/989/926
f 1028/1028/960 1002/1002/931 1025/1025/957
f 1026/1026/958 1029/1029/977 1030/1030/978
f 1030/1030/978 1027/1027/959 1026/1026/958
f 997/997/970 986/987/915 1029/1029/977
f 1029/1029/977 1026/1026/958 997/997/970
f 1031/1031/961 1002/1002/931 1028/1028/960
f 1029/1029/977 975/972/686 974/975/687
f 974/975/687 1030/1030/978 1029/1029/977
f 986/987/915 985/986/928 975/972/686
f 975/972/686 1029/1029/977 986/987/915
f 1032/1032/932 1002/1002/931 1031/1031/961
f 1036/1033/962 1033/1034/933 1034/1035/979
f 1034/1035/979 1035/1036/980 1036/1033/962
f 985/986/928 998/999/924 972/973/962
f 972/973/962 975/972/686 985/986/928
f 1003/1003/930 1002/1002/931 1032/1032/932
f 972/973/962 1000/1000/972 1006/1006/934
f 1006/1006/934 973/974/963 972/973/962
f 1040/1037/981 1037/1038/982 1038/1039/983
f 1038/1039/983 1039/1040/984 1040/1037/981
f 1044/1041/919 1041/1042/905 1042/1043/908
f 1042/1043/908 1043/1044/985 1044/1041/919
f 1048/1045/986 1045/1046/921 1046/1047/924
f 1046/1047/924 1047/1048/987 1048/1045/986
f 1037/1038/982 1049/1049/988 1050/1050/916
f 1050/1050/916 1038/1039/983 1037/1038/982
f 1041/1042/905 1051/1051/906 1052/1052/989
f 1052/1052/989 1042/1043/908 1041/1042/905
f 1056/1053/967 1053/1054/910 1054/1055/990
f 1054/1055/990 1055/1056/968 1056/1053/967
f 1049/1049/988 1057/1057/914 1058/1058/991
f 1058/1058/991 1050/1050/916 1049/1049/988
f 1051/1051/906 1040/1037/981 1039/1040/984
f 1039/1040/984 1052/1052/989 1051/1051/906
f 1060/1059/922 1056/1053/967 1055/1056/968
f 1055/1056/968 1059/1060/992 1060/1059/922
f 1053/1054/910 1044/1041/919 1043/1044/985
f 1043/1044/985 1054/1055/990 1053/1054/910
f 1057/1057/914 1048/1045/986 1047/1048/987
f 1047/1048/987 1058/1058/991 1057/1057/914
f 1045/1046/921 1060/1059/922 1059/1060/992
f 1059/1060/992 1046/1047/924 1045/1046/921
f 1059/1060/992 1055/1056/968 1061/1061/937
f 1061/1061/937 1033/1034/933 1059/1060/992
f 1062/1062/939 1063/1063/931 1064/1064/936
f 1061/1061/937 1065/1065/940 1066/1066/993
f 1066/1066/993 1067/1067/994 1061/1061/937
f 1055/1056/968 1054/1055/990 1065/1065/940
f 1065/1065/940 1061/1061/937 1055/1056/968
f 1068/1068/942 1063/1063/931 1062/1062/939
f 1065/1065/940 1069/1069/995 1070/1070/996
f 1070/1070/996 1066/1066/993 1065/1065/940
f 1054/1055/990 1043/1044/985 1069/1069/995
f 1069/1069/995 1065/1065/940 1054/1055/990
f 1071/1071/945 1063/1063/931 1068/1068/942
f 1069/1069/995 1072/1072/946 1073/1073/947
f 1073/1073/947 1070/1070/996 1069/1069/995
f 1043/1044/985 1042/1043/908 1072/1072/946
f 1072/1072/946 1069/1069/995 1043/1044/985
f 1074/1074/948 1063/1063/931 1071/1071/945
f 1072/1072/946 1075/1075/997 1076/1076/998
f 1076/1076/998 1073/1073/947 1072/1072/946
f 1042/1043/908 1052/1052/989 1075/1075/997
f 1075/1075/997 1072/1072/946 1042/1043/908
f 1077/1077/951 1063/1063/931 1074/1074/948
f 1075/1075/997 1078/1078/976 1079/1079/953
f 1079/1079/953 1076/1076/998 1075/1075/997
f 1052/1052/989 1039/1040/984 1078/1078/976
f 1078/1078/976 1075/1075/997 1052/1052/989
f 1080/1080/954 1063/1063/931 1077/1077/951
f 1078/1078/976 1081/1081/955 1082/1082/999
f 1082/1082/999 1079/1079/953 1078/1078/976
f 1039/1040/984 1038/1039/983 1081/1081/955
f 1081/1081/955 1078/1078/976 1039/1040/984
f 1083/1083/957 1063/1063/931 1080/1080/954
f 1081/1081/955 1084/1084/1000 1085/1085/1001
f 1085/1085/1001 1082/1082/999 1081/1081/955
f 1038/1039/983 1050/1050/916 1084/1084/1000
f 1084/1084/1000 1081/1081/955 1038/1039/983
f 1086/1086/960 1063/1063/931 1083/1083/957
f 1084/1084/1000 1087/1087/977 1088/1088/1002
f 1088/1088/1002 1085/1085/1001 1084/1084/1000
f 1050/1050/916 1058/1058/991 1087/1087/977
f 1087/1087/977 1084/1084/1000 1050/1050/916
f 1089/1089/961 1063/1063/931 1086/1086/960
f 1087/1087/977 1090/1090/686 1091/1091/1003
f 1091/1091/1003 1088/1088/1002 1087/1087/977
f 1058/1058/991 1047/1048/987 1090/1090/686
f 1090/1090/686 1087/1087/977 1058/1058/991
f 1092/1092/932 1063/1063/931 1089/1089/961
f 1090/1090/686 1036/1033/962 1035/1036/980
f 1035/1036/980 1091/1091/1003 1090/1090/686
f 1047/1048/987 1046/1047/924 1036/1033/962
f 1036/1033/962 1090/1090/686 1047/1048/987
f 1093/1093/930 1063/1063/931 1092/1092/932
f 1097/1094/933 1094/1095/937 1095/1096/994
f 1095/1096/994 1096/1097/979 1097/1094/933
f 1046/1047/924 1059/1060/992 1033/1034/933
f 1033/1034/933 1036/1033/962 1046/1047/924
f 1064/1064/936 1063/1063/931 1093/1093/930
f 1033/1034/933 1061/1061/937 1067/1067/994
f 1067/1067/994 1034/1035/979 1033/1034/933
f 1101/1098/982 1098/1099/913 1099/1100/916
f 1099/1100/916 1100/1101/983 1101/1098/982
f 1105/1102/1004 1102/1103/906 1103/1104/907
f 1103/1104/907 1104/1105/1005 1105/1102/1004
f 1109/1106/921 1106/1107/922 1107/1108/992
f 1107/1108/992 1108/1109/924 1109/1106/921
f 1098/1099/913 1110/1110/914 1111/1111/1006
f 1111/1111/1006 1099/1100/916 1098/1099/913
f 1102/1103/906 1112/1112/917 1113/1113/984
f 1113/1113/984 1103/1104/907 1102/1103/906
f 1117/1114/910 1114/1115/919 1115/1116/1007
f 1115/1116/1007 1116/1117/911 1117/1114/910
f 1110/1110/914 1118/1118/986 1119/1119/987
f 1119/1119/987 1111/1111/1006 1110/1110/914
f 1112/1112/917 1101/1098/982 1100/1101/983
f 1100/1101/983 1113/1113/984 1112/1112/917
f 1121/1120/967 1117/1114/910 1116/1117/911
f 1116/1117/911 1120/1121/968 1121/1120/967
f 1114/1115/919 1105/1102/1004 1104/1105/1005
f 1104/1105/1005 1115/1116/1007 1114/1115/919
f 1118/1118/986 1109/1106/921 1108/1109/924
f 1108/1109/924 1119/1119/987 1118/1118/986
f 1106/1107/922 1121/1120/967 1120/1121/968
f 1120/1121/968 1107/1108/992 1106/1107/922
f 1120/1121/968 1116/1117/911 1122/1122/940
f 1122/1122/940 1094/1095/937 1120/1121/968
f 1123/1123/942 1124/1124/931 1125/1125/939
f 1122/1122/940 1126/1126/943 1127/1127/1008
f 1127/1127/1008 1128/1128/993 1122/1122/940
f 1116/1117/911 1115/1116/1007 1126/1126/943
f 1126/1126/943 1122/1122/940 1116/1117/911
f 1129/1129/945 1124/1124/931 1123/1123/942
f 1126/1126/943 1130/1130/946 1131/1131/1009
f 1131/1131/1009 1127/1127/1008 1126/1126/943
f 1115/1116/1007 1104/1105/1005 1130/1130/946
f 1130/1130/946 1126/1126/943 1115/1116/1007
f 1132/1132/948 1124/1124/931 1129/1129/945
f 1130/1130/946 1133/1133/949 1134/1134/998
f 1134/1134/998 1131/1131/1009 1130/1130/946
f 1104/1105/1005 1103/1104/907 1133/1133/949
f 1133/1133/949 1130/1130/946 1104/1105/1005
f 1135/1135/951 1124/1124/931 1132/1132/948
f 1133/1133/949 1136/1136/952 1137/1137/1010
f 1137/1137/1010 1134/1134/998 1133/1133/949
f 1103/1104/907 1113/1113/984 1136/1136/952
f 1136/1136/952 1133/1133/949 1103/1104/907
f 1138/1138/954 1124/1124/931 1135/1135/951
f 1136/1136/952 1139/1139/955 1140/1140/999
f 1140/1140/999 1137/1137/1010 1136/1136/952
f 1113/1113/984 1100/1101/983 1139/1139/955
f 1139/1139/955 1136/1136/952 1113/1113/984
f 1141/1141/957 1124/1124/931 1138/1138/954
f 1139/1139/955 1142/1142/1000 1143/1143/1011
f 1143/1143/1011 1140/1140/999 1139/1139/955
f 1100/1101/983 1099/1100/916 1142/1142/1000
f 1142/1142/1000 1139/1139/955 1100/1101/983
f 1144/1144/960 1124/1124/931 1141/1141/957
f 1142/1142/1000 1145/1145/685 1146/1146/1002
f 1146/1146/1002 1143/1143/1011 1142/1142/1000
f 1099/1100/916 1111/1111/1006 1145/1145/685
f 1145/1145/685 1142/1142/1000 1099/1100/916
f 1147/1147/961 1124/1124/931 1144/1144/960
f 1145/1145/685 1148/1148/686 1149/1149/1003
f 1149/1149/1003 1146/1146/1002 1145/1145/685
f 1111/1111/1006 1119/1119/987 1148/1148/686
f 1148/1148/686 1145/1145/685 1111/1111/1006
f 1150/1150/932 1124/1124/931 1147/1147/961
f 1148/1148/686 1151/1151/929 1152/1152/963
f 1152/1152/963 1149/1149/1003 1148/1148/686
f 1119/1119/987 1108/1109/924 1151/1151/929
f 1151/1151/929 1148/1148/686 1119/1119/987
f 1153/1153/930 1124/1124/931 1150/1150/932
f 1151/1151/929 1097/1094/933 1096/1097/979
f 1096/1097/979 1152/1152/963 1151/1151/929
f 1108/1109/924 1107/1108/992 1097/1094/933
f 1097/1094/933 1151/1151/929 1108/1109/924
f 1154/1154/936 1124/1124/931 1153/1153/930
f 1158/1155/937 1155/1156/973 1156/1157/941
f 1156/1157/941 1157/1158/994 1158/1155/937
f 1107/1108/992 1120/1121/968 1094/1095/937
f 1094/1095/937 1097/1094/933 1107/1108/992
f 1125/1125/939 1124/1124/931 1154/1154/936
f 1094/1095/937 1122/1122/940 1128/1128/993
f 1128/1128/993 1095/1096/994 1094/1095/937
f 1162/1159/913 1159/1160/914 1160/1161/1006
f 1160/1161/1006 1161/1162/916 1162/1159/913
f 1166/1163/906 1163/1164/917 1164/1165/1012
f 1164/1165/1012 1165/1166/1013 1166/1163/906
f 1170/1167/1014 1167/1168/967 1168/1169/968
f 1168/1169/968 1169/1170/992 1170/1167/1014
f 1159/1160/914 1171/1171/986 1172/1172/987
f 1172/1172/987 1160/1161/1006 1159/1160/914
f 1163/1164/917 1173/1173/982 1174/1174/983
f 1174/1174/983 1164/1165/1012 1163/1164/917
f 1178/1175/919 1175/1176/905 1176/1177/908
f 1176/1177/908 1177/1178/1015 1178/1175/919
f 1171/1171/986 1179/1179/921 1180/1180/1016
f 1180/1180/1016 1172/1172/987 1171/1171/986
f 1173/1173/982 1162/1159/913 1161/1162/916
f 1161/1162/916 1174/1174/983 1173/1173/982
f 1182/1181/1017 1178/1175/919 1177/1178/1015
f 1177/1178/1015 1181/1182/911 1182/1181/1017
f 1175/1176/905 1166/1163/906 1165/1166/1013
f 1165/1166/1013 1176/1177/908 1175/1176/905
f 1179/1179/921 1170/1167/1014 1169/1170/992
f 1169/1170/992 1180/1180/1016 1179/1179/921
f 1167/1168/967 1182/1181/1017 1181/1182/911
f 1181/1182/911 1168/1169/968 1167/1168/967
f 1181/1182/911 1177/1178/1015 1183/1183/995
f 1183/1183/995 1155/1156/973 1181/1182/911
f 1184/1184/945 1185/1185/931 1186/1186/942
f 1183/1183/995 1187/1187/946 1188/1188/1009
f 1188/1188/1009 1189/1189/1008 1183/1183/995
f 1177/1178/1015 1176/1177/908 1187/1187/946
f 1187/1187/946 1183/1183/995 1177/1178/1015
f 1190/1190/948 1185/1185/931 1184/1184/945
f 1187/1187/946 1191/1191/997 1192/1192/1018
f 1192/1192/1018 1188/1188/1009 1187/1187/946
f 1176/1177/908 1165/1166/1013 1191/1191/997
f 1191/1191/997 1187/1187/946 1176/1177/908
f 1193/1193/951 1185/1185/931 1190/1190/948
f 1191/1191/997 1194/1194/952 1195/1195/1010
f 1195/1195/1010 1192/1192/1018 1191/1191/997
f 1165/1166/1013 1164/1165/1012 1194/1194/952
f 1194/1194/952 1191/1191/997 1165/1166/1013
f 1196/1196/1019 1185/1185/931 1193/1193/951
f 1194/1194/952 1197/1197/955 1198/1198/999
f 1198/1198/999 1195/1195/1010 1194/1194/952
f 1164/1165/1012 1174/1174/983 1197/1197/955
f 1197/1197/955 1194/1194/952 1164/1165/1012
f 1199/1199/957 1185/1185/931 1196/1196/1019
f 1197/1197/955 1200/1200/1000 1201/1201/1011
f 1201/1201/1011 1198/1198/999 1197/1197/955
f 1174/1174/983 1161/1162/916 1200/1200/1000
f 1200/1200/1000 1197/1197/955 1174/1174/983
f 1202/1202/960 1185/1185/931 1199/1199/957
f 1200/1200/1000 1203/1203/977 1204/1204/1002
f 1204/1204/1002 1201/1201/1011 1200/1200/1000
f 1161/1162/916 1160/1161/1006 1203/1203/977
f 1203/1203/977 1200/1200/1000 1161/1162/916
f 1205/1205/961 1185/1185/931 1202/1202/960
f 1203/1203/977 1206/1206/686 1207/1207/1003
f 1207/1207/1003 1204/1204/1002 1203/1203/977
f 1160/1161/1006 1172/1172/987 1206/1206/686
f 1206/1206/686 1203/1203/977 1160/1161/1006
f 1208/1208/932 1185/1185/931 1205/1205/961
f 1206/1206/686 1209/1209/962 1210/1210/963
f 1210/1210/963 1207/1207/1003 1206/1206/686
f 1172/1172/987 1180/1180/1016 1209/1209/962
f 1209/1209/962 1206/1206/686 1172/1172/987
f 1211/1211/930 1185/1185/931 1208/1208/932
f 1209/1209/962 1212/1212/972 1213/1213/934
f 1213/1213/934 1210/1210/963 1209/1209/962
f 1180/1180/1016 1169/1170/992 1212/1212/972
f 1212/1212/972 1209/1209/962 1180/1180/1016
f 1214/1214/936 1185/1185/931 1211/1211/930
f 1212/1212/972 1158/1155/937 1157/1158/994
f 1157/1158/994 1213/1213/934 1212/1212/972
f 1169/1170/992 1168/1169/968 1158/1155/937
f 1158/1155/937 1212/1212/972 1169/1170/992
f 1215/1215/939 1185/1185/931 1214/1214/936
f 1219/1216/973 1216/1217/943 1217/1218/1008
f 1217/1218/1008 1218/1219/974 1219/1216/973
f 1168/1169/968 1181/1182/911 1155/1156/973
f 1155/1156/973 1158/1155/937 1168/1169/968
f 1186/1186/942 1185/1185/931 1215/1215/939
f 1155/1156/973 1183/1183/995 1189/1189/1008
f 1189/1189/1008 1156/1157/941 1155/1156/973
f 1223/1220/966 1220/1221/927 1221/1222/928
f 1221/1222/928 1222/1223/915 1223/1220/966
f 1227/1224/917 1224/1225/982 1225/1226/983
f 1225/1226/983 1226/1227/1020 1227/1224/917
f 1231/1228/909 1228/1229/910 1229/1230/965
f 1229/1230/965 1230/1231/912 1231/1228/909
f 1220/1221/927 1232/1232/1021 1233/1233/924
f 1233/1233/924 1221/1222/928 1220/1221/927
f 1224/1225/982 1234/1234/913 1235/1235/970
f 1235/1235/970 1225/1226/983 1224/1225/982
f 1239/1236/905 1236/1237/906 1237/1238/989
f 1237/1238/989 1238/1239/908 1239/1236/905
f 1232/1232/1021 1240/1240/922 1241/1241/969
f 1241/1241/969 1233/1233/924 1232/1232/1021
f 1234/1234/913 1223/1220/966 1222/1223/915
f 1222/1223/915 1235/1235/970 1234/1234/913
f 1243/1242/919 1239/1236/905 1238/1239/908
f 1238/1239/908 1242/1243/920 1243/1242/919
f 1236/1237/906 1227/1224/917 1226/1227/1020
f 1226/1227/1020 1237/1238/989 1236/1237/906
f 1240/1240/922 1231/1228/909 1230/1231/912
f 1230/1231/912 1241/1241/969 1240/1240/922
f 1228/1229/910 1243/1242/919 1242/1243/920
f 1242/1243/920 1229/1230/965 1228/1229/910
f 1242/1243/920 1238/1239/908 1244/1244/946
f 1244/1244/946 1216/1217/943 1242/1243/920
f 1245/1245/948 1246/1246/931 1247/1247/945
f 1244/1244/946 1248/1248/949 1249/1249/950
f 1249/1249/950 1250/1250/947 1244/1244/946
f 1238/1239/908 1237/1238/989 1248/1248/949
f 1248/1248/949 1244/1244/946 1238/1239/908
f 1251/1251/951 1246/1246/931 1245/1245/948
f 1248/1248/949 1252/1252/952 1253/1253/953
f 1253/1253/953 1249/1249/950 1248/1248/949
f 1237/1238/989 1226/1227/1020 1252/1252/952
f 1252/1252/952 1248/1248/949 1237/1238/989
f 1254/1254/954 1246/1246/931 1251/1251/951
f 1252/1252/952 1255/1255/955 1256/1256/956
f 1256/1256/956 1253/1253/953 1252/1252/952
f 1226/1227/1020 1225/1226/983 1255/1255/955
f 1255/1255/955 1252/1252/952 1226/1227/1020
f 1257/1257/957 1246/1246/931 1254/1254/954
f 1255/1255/955 1258/1258/958 1259/1259/959
f 1259/1259/959 1256/1256/956 1255/1255/955
f 1225/1226/983 1235/1235/970 1258/1258/958
f 1258/1258/958 1255/1255/955 1225/1226/983
f 1260/1260/960 1246/1246/931 1257/1257/957
f 1258/1258/958 1261/1261/977 1262/1262/1002
f 1262/1262/1002 1259/1259/959 1258/1258/958
f 1235/1235/970 1222/1223/915 1261/1261/977
f 1261/1261/977 1258/1258/958 1235/1235/970
f 1263/1263/961 1246/1246/931 1260/1260/960
f 1261/1261/977 1264/1264/686 1265/1265/687
f 1265/1265/687 1262/1262/1002 1261/1261/977
f 1222/1223/915 1221/1222/928 1264/1264/686
f 1264/1264/686 1261/1261/977 1222/1223/915
f 1266/1266/932 1246/1246/931 1263/1263/961
f 1264/1264/686 1267/1267/929 1268/1268/980
f 1268/1268/980 1265/1265/687 1264/1264/686
f 1221/1222/928 1233/1233/924 1267/1267/929
f 1267/1267/929 1264/1264/686 1221/1222/928
f 1269/1269/930 1246/1246/931 1266/1266/932
f 1267/1267/929 1270/1270/972 1271/1271/934
f 1271/1271/934 1268/1268/980 1267/1267/929
f 1233/1233/924 1241/1241/969 1270/1270/972
f 1270/1270/972 1267/1267/929 1233/1233/924
f 1272/1272/936 1246/1246/931 1269/1269/930
f 1270/1270/972 1273/1273/937 1274/1274/938
f 1274/1274/938 1271/1271/934 1270/1270/972
f 1241/1241/969 1230/1231/912 1273/1273/937
f 1273/1273/937 1270/1270/972 1241/1241/969
f 1275/1275/939 1246/1246/931 1272/1272/936
f 1273/1273/937 1219/1216/973 1218/1219/974
f 1218/1219/974 1274/1274/938 1273/1273/937
f 1230/1231/912 1229/1230/965 1219/1216/973
f 1219/1216/973 1273/1273/937 1230/1231/912
f 1276/1276/942 1246/1246/931 1275/1275/939
f 1280/1277/943 1277/1278/946 1278/1279/947
f 1278/1279/947 1279/1280/944 1280/1277/943
f 1229/1230/965 1242/1243/920 1216/1217/943
f 1216/1217/943 1219/1216/973 1229/1230/965
f 1247/1247/945 1246/1246/931 1276/1276/942
f 1216/1217/943 1244/1244/946 1250/1250/947
f 1250/1250/947 1217/1218/1008 1216/1217/943
f 1284/1281/927 1281/1282/921 1282/1283/924
f 1282/1283/924 1283/1284/928 1284/1281/927
f 1288/1285/925 1285/1286/913 1286/1287/916
f 1286/1287/916 1287/1288/926 1288/1285/925
f 1292/1289/910 1289/1290/919 1290/1291/920
f 1290/1291/920 1291/1292/990 1292/1289/910
f 1281/1282/921 1293/1293/922 1294/1294/923
f 1294/1294/923 1282/1283/924 1281/1282/921
f 1285/1286/913 1295/1295/914 1296/1296/915
f 1296/1296/915 1286/1287/916 1285/1286/913
f 1300/1297/906 1297/1298/917 1298/1299/918
f 1298/1299/918 1299/1300/907 1300/1297/906
f 1293/1293/922 1301/1301/909 1302/1302/912
f 1302/1302/912 1294/1294/923 1293/1293/922
f 1295/1295/914 1284/1281/927 1283/1284/928
f 1283/1284/928 1296/1296/915 1295/1295/914
f 1304/1303/905 1300/1297/906 1299/1300/907
f 1299/1300/907 1303/1304/908 1304/1303/905
f 1297/1298/917 1288/1285/925 1287/1288/926
f 1287/1288/926 1298/1299/918 1297/1298/917
f 1301/1301/909 1292/1289/910 1291/1292/990
f 1291/1292/990 1302/1302/912 1301/1301/909
f 1289/1290/919 1304/1303/905 1303/1304/908
f 1303/1304/908 1290/1291/920 1289/1290/919
f 1303/1304/908 1299/1300/907 1305/1305/949
f 1305/1305/949 1277/1278/946 1303/1304/908
f 1306/1306/951 1307/1307/931 1308/1308/948
f 1305/1305/949 1309/1309/952 1310/1310/953
f 1310/1310/953 1311/1311/950 1305/1305/949
f 1299/1300/907 1298/1299/918 1309/1309/952
f 1309/1309/952 1305/1305/949 1299/1300/907
f 1312/1312/954 1307/1307/931 1306/1306/951
f 1309/1309/952 1313/1313/955 1314/1314/956
f 1314/1314/956 1310/1310/953 1309/1309/952
f 1298/1299/918 1287/1288/926 1313/1313/955
f 1313/1313/955 1309/1309/952 1298/1299/918
f 1315/1315/957 1307/1307/931 1312/1312/954
f 1313/1313/955 1316/1316/1000 1317/1317/959
f 1317/1317/959 1314/1314/956 1313/1313/955
f 1287/1288/926 1286/1287/916 1316/1316/1000
f 1316/1316/1000 1313/1313/955 1287/1288/926
f 1318/1318/960 1307/1307/931 1315/1315/957
f 1316/1316/1000 1319/1319/685 1320/1320/688
f 1320/1320/688 1317/1317/959 1316/1316/1000
f 1286/1287/916 1296/1296/915 1319/1319/685
f 1319/1319/685 1316/1316/1000 1286/1287/916
f 1321/1321/1022 1307/1307/931 1318/1318/960
f 1319/1319/685 1322/1322/686 1323/1323/687
f 1323/1323/687 1320/1320/688 1319/1319/685
f 1296/1296/915 1283/1284/928 1322/1322/686
f 1322/1322/686 1319/1319/685 1296/1296/915
f 1324/1324/932 1307/1307/931 1321/1321/1022
f 1322/1322/686 1325/1325/929 1326/1326/935
f 1326/1326/935 1323/1323/687 1322/1322/686
f 1283/1284/928 1282/1283/924 1325/1325/929
f 1325/1325/929 1322/1322/686 1283/1284/928
f 1327/1327/930 1307/1307/931 1324/1324/932
f 1325/1325/929 1328/1328/933 1329/1329/934
f 1329/1329/934 1326/1326/935 1325/1325/929
f 1282/1283/924 1294/1294/923 1328/1328/933
f 1328/1328/933 1325/1325/929 1282/1283/924
f 1330/1330/936 1307/1307/931 1327/1327/930
f 1328/1328/933 1331/1331/937 1332/1332/938
f 1332/1332/938 1329/1329/934 1328/1328/933
f 1294/1294/923 1302/1302/912 1331/1331/937
f 1331/1331/937 1328/1328/933 1294/1294/923
f 1333/1333/939 1307/1307/931 1330/1330/936
f 1331/1331/937 1334/1334/973 1335/1335/941
f 1335/1335/941 1332/1332/938 1331/1331/937
f 1302/1302/912 1291/1292/990 1334/1334/973
f 1334/1334/973 1331/1331/937 1302/1302/912
f 1336/1336/942 1307/1307/931 1333/1333/939
f 1334/1334/973 1280/1277/943 1279/1280/944
f 1279/1280/944 1335/1335/941 1334/1334/973
f 1291/1292/990 1290/1291/920 1280/1277/943
f 1280/1277/943 1334/1334/973 1291/1292/990
f 1337/1337/945 1307/1307/931 1336/1336/942
f 1341/1338/946 1338/1339/997 1339/1340/998
f 1339/1340/998 1340/1341/947 1341/1338/946
f 1290/1291/920 1303/1304/908 1277/1278/946
f 1277/1278/946 1280/1277/943 1290/1291/920
f 1308/1308/948 1307/1307/931 1337/1337/945
f 1277/1278/946 1305/1305/949 1311/1311/950
f 1311/1311/950 1278/1279/947 1277/1278/946
f 1345/1342/921 1342/1343/922 1343/1344/923
f 1343/1344/923 1344/1345/924 1345/1342/921
f 1349/1346/913 1346/1347/914 1347/1348/1023
f 1347/1348/1023 1348/1349/916 1349/1346/913
f 1353/1350/919 1350/1351/905 1351/1352/908
f 1351/1352/908 1352/1353/985 1353/1350/919
f 1342/1343/922 1354/1354/909 1355/1355/912
f 1355/1355/912 1343/1344/923 1342/1343/922
f 1346/1347/914 1356/1356/927 1357/1357/928
f 1357/1357/928 1347/1348/1023 1346/1347/914
f 1361/1358/917 1358/1359/925 1359/1360/926
f 1359/1360/926 1360/1361/1024 1361/1358/917
f 1354/1354/909 1362/1362/910 1363/1363/1025
f 1363/1363/1025 1355/1355/912 1354/1354/909
f 1356/1356/927 1345/1342/921 1344/1345/924
f 1344/1345/924 1357/1357/928 1356/1356/927
f 1365/1364/1026 1361/1358/917 1360/1361/1024
f 1360/1361/1024 1364/1365/907 1365/1364/1026
f 1358/1359/925 1349/1346/913 1348/1349/916
f 1348/1349/916 1359/1360/926 1358/1359/925
f 1362/1362/910 1353/1350/919 1352/1353/985
f 1352/1353/985 1363/1363/1025 1362/1362/910
f 1350/1351/905 1365/1364/1026 1364/1365/907
f 1364/1365/907 1351/1352/908 1350/1351/905
f 1364/1365/907 1360/1361/1024 1366/1366/976
f 1366/1366/976 1338/1339/997 1364/1365/907
f 1367/1367/954 1368/1368/931 1369/1369/951
f 1366/1366/976 1370/1370/955 1371/1371/956
f 1371/1371/956 1372/1372/953 1366/1366/976
f 1360/1361/1024 1359/1360/926 1370/1370/955
f 1370/1370/955 1366/1366/976 1360/1361/1024
f 1373/1373/957 1368/1368/931 1367/1367/954
f 1370/1370/955 1374/1374/958 1375/1375/1001
f 1375/1375/1001 1371/1371/956 1370/1370/955
f 1359/1360/926 1348/1349/916 1374/1374/958
f 1374/1374/958 1370/1370/955 1359/1360/926
f 1376/1376/960 1368/1368/931 1373/1373/957
f 1374/1374/958 1377/1377/685 1378/1378/688
f 1378/1378/688 1375/1375/1001 1374/1374/958
f 1348/1349/916 1347/1348/1023 1377/1377/685
f 1377/1377/685 1374/1374/958 1348/1349/916
f 1379/1379/1022 1368/1368/931 1376/1376/960
f 1377/1377/685 1380/1380/686 1381/1381/687
f 1381/1381/687 1378/1378/688 1377/1377/685
f 1347/1348/1023 1357/1357/928 1380/1380/686
f 1380/1380/686 1377/1377/685 1347/1348/1023
f 1382/1382/932 1368/1368/931 1379/1379/1022
f 1380/1380/686 1383/1383/929 1384/1384/963
f 1384/1384/963 1381/1381/687 1380/1380/686
f 1357/1357/928 1344/1345/924 1383/1383/929
f 1383/1383/929 1380/1380/686 1357/1357/928
f 1385/1385/930 1368/1368/931 1382/1382/932
f 1383/1383/929 1386/1386/972 1387/1387/934
f 1387/1387/934 1384/1384/963 1383/1383/929
f 1344/1345/924 1343/1344/923 1386/1386/972
f 1386/1386/972 1383/1383/929 1344/1345/924
f 1388/1388/936 1368/1368/931 1385/1385/930
f 1386/1386/972 1389/1389/937 1390/1390/938
f 1390/1390/938 1387/1387/934 1386/1386/972
f 1343/1344/923 1355/1355/912 1389/1389/937
f 1389/1389/937 1386/1386/972 1343/1344/923
f 1391/1391/939 1368/1368/931 1388/1388/936
f 1389/1389/937 1392/1392/973 1393/1393/941
f 1393/1393/941 1390/1390/938 1389/1389/937
f 1355/1355/912 1363/1363/1025 1392/1392/973
f 1392/1392/973 1389/1389/937 1355/1355/912
f 1394/1394/942 1368/1368/931 1391/1391/939
f 1392/1392/973 1395/1395/995 1396/1396/996
f 1396/1396/996 1393/1393/941 1392/1392/973
f 1363/1363/1025 1352/1353/985 1395/1395/995
f 1395/1395/995 1392/1392/973 1363/1363/1025
f 1397/1397/945 1368/1368/931 1394/1394/942
f 1395/1395/995 1341/1338/946 1340/1341/947
f 1340/1341/947 1396/1396/996 1395/1395/995
f 1352/1353/985 1351/1352/908 1341/1338/946
f 1341/1338/946 1395/1395/995 1352/1353/985
f 1398/1398/948 1368/1368/931 1397/1397/945
f 1402/1399/997 1399/1400/952 1400/1401/1010
f 1400/1401/1010 1401/1402/1018 1402/1399/997
f 1351/1352/908 1364/1365/907 1338/1339/997
f 1338/1339/997 1341/1338/946 1351/1352/908
f 1369/1369/951 1368/1368/931 1398/1398/948
f 1338/1339/997 1366/1366/976 1372/1372/953
f 1372/1372/953 1339/1340/998 1338/1339/997
f 1406/1403/1014 1403/1404/967 1404/1405/968
f 1404/1405/968 1405/1406/992 1406/1403/1014
f 1410/1407/914 1407/1408/927 1408/1409/928
f 1408/1409/928 1409/1410/1027 1410/1407/914
f 1414/1411/905 1411/1412/906 1412/1413/907
f 1412/1413/907 1413/1414/1005 1414/1411/905
f 1403/1404/967 1415/1415/1017 1416/1416/911
f 1416/1416/911 1404/1405/968 1403/1404/967
f 1407/1408/927 1417/1417/921 1418/1418/1016
f 1418/1418/1016 1408/1409/928 1407/1408/927
f 1422/1419/982 1419/1420/913 1420/1421/970
f 1420/1421/970 1421/1422/983 1422/1419/982
f 1415/1415/1017 1423/1423/919 1424/1424/920
f 1424/1424/920 1416/1416/911 1415/1415/1017
f 1417/1417/921 1406/1403/1014 1405/1406/992
f 1405/1406/992 1418/1418/1016 1417/1417/921
f 1426/1425/917 1422/1419/982 1421/1422/983
f 1421/1422/983 1425/1426/984 1426/1425/917
f 1419/1420/913 1410/1407/914 1409/1410/1027
f 1409/1410/1027 1420/1421/970 1419/1420/913
f 1423/1423/919 1414/1411/905 1413/1414/1005
f 1413/1414/1005 1424/1424/920 1423/1423/919
f 1411/1412/906 1426/1425/917 1425/1426/984
f 1425/1426/984 1412/1413/907 1411/1412/906
f 1425/1426/984 1421/1422/983 1427/1427/955
f 1427/1427/955 1399/1400/952 1425/1426/984
f 1428/1428/957 1429/1429/931 1430/1430/1019
f 1427/1427/955 1431/1431/1000 1432/1432/1011
f 1432/1432/1011 1433/1433/999 1427/1427/955
f 1421/1422/983 1420/1421/970 1431/1431/1000
f 1431/1431/1000 1427/1427/955 1421/1422/983
f 1434/1434/960 1429/1429/931 1428/1428/957
f 1431/1431/1000 1435/1435/685 1436/1436/1002
f 1436/1436/1002 1432/1432/1011 1431/1431/1000
f 1420/1421/970 1409/1410/1027 1435/1435/685
f 1435/1435/685 1431/1431/1000 1420/1421/970
f 1437/1437/961 1429/1429/931 1434/1434/960
f 1435/1435/685 1438/1438/686 1439/1439/1003
f 1439/1439/1003 1436/1436/1002 1435/1435/685
f 1409/1410/1027 1408/1409/928 1438/1438/686
f 1438/1438/686 1435/1435/685 1409/1410/1027
f 1440/1440/932 1429/1429/931 1437/1437/961
f 1438/1438/686 1441/1441/962 1442/1442/963
f 1442/1442/963 1439/1439/1003 1438/1438/686
f 1408/1409/928 1418/1418/1016 1441/1441/962
f 1441/1441/962 1438/1438/686 1408/1409/928
f 1443/1443/930 1429/1429/931 1440/1440/932
f 1441/1441/962 1444/1444/972 1445/1445/934
f 1445/1445/934 1442/1442/963 1441/1441/962
f 1418/1418/1016 1405/1406/992 1444/1444/972
f 1444/1444/972 1441/1441/962 1418/1418/1016
f 1446/1446/936 1429/1429/931 1443/1443/930
f 1444/1444/972 1447/1447/937 1448/1448/994
f 1448/1448/994 1445/1445/934 1444/1444/972
f 1405/1406/992 1404/1405/968 1447/1447/937
f 1447/1447/937 1444/1444/972 1405/1406/992
f 1449/1449/939 1429/1429/931 1446/1446/936
f 1447/1447/937 1450/1450/940 1451/1451/974
f 1451/1451/974 1448/1448/994 1447/1447/937
f 1404/1405/968 1416/1416/911 1450/1450/940
f 1450/1450/940 1447/1447/937 1404/1405/968
f 1452/1452/942 1429/1429/931 1449/1449/939
f 1450/1450/940 1453/1453/995 1454/1454/1008
f 1454/1454/1008 1451/1451/974 1450/1450/940
f 1416/1416/911 1424/1424/920 1453/1453/995
f 1453/1453/995 1450/1450/940 1416/1416/911
f 1455/1455/945 1429/1429/931 1452/1452/942
f 1453/1453/995 1456/1456/946 1457/1457/1009
f 1457/1457/1009 1454/1454/1008 1453/1453/995
f 1424/1424/920 1413/1414/1005 1456/1456/946
f 1456/1456/946 1453/1453/995 1424/1424/920
f 1458/1458/948 1429/1429/931 1455/1455/945
f 1456/1456/946 1402/1399/997 1401/1402/1018
f 1401/1402/1018 1457/1457/1009 1456/1456/946
f 1413/1414/1005 1412/1413/907 1402/1399/997
f 1402/1399/997 1456/1456/946 1413/1414/1005
f 1459/1459/951 1429/1429/931 1458/1458/948
f 1463/1460/952 1460/1461/955 1461/1462/999
f 1461/1462/999 1462/1463/1010 1463/1460/952
f 1412/1413/907 1425/1426/984 1399/1400/952
f 1399/1400/952 1402/1399/997 1412/1413/907
f 1430/1430/1019 1429/1429/931 1459/1459/951
f 1399/1400/952 1427/1427/955 1433/1433/999
f 1433/1433/999 1400/1401/1010 1399/1400/952
f 1467/1464/967 1464/1465/910 1465/1466/911
f 1465/1466/911 1466/1467/968 1467/1464/967
f 1471/1468/986 1468/1469/921 1469/1470/924
f 1469/1470/924 1470/1471/987 1471/1468/986
f 1475/1472/906 1472/1473/917 1473/1474/984
f 1473/1474/984 1474/1475/989 1475/1472/906
f 1464/1465/910 1476/1476/1028 1477/1477/920
f 1477/1477/920 1465/1466/911 1464/1465/910
f 1468/1469/921 1478/1478/922 1479/1479/992
f 1479/1479/992 1469/1470/924 1468/1469/921
f 1483/1480/913 1480/1481/914 1481/1482/1006
f 1481/1482/1006 1482/1483/916 1483/1480/913
f 1476/1476/1028 1484/1484/1004 1485/1485/1005
f 1485/1485/1005 1477/1477/920 1476/1476/1028
f 1478/1478/922 1467/1464/967 1466/1467/968
f 1466/1467/968 1479/1479/992 1478/1478/922
f 1487/1486/982 1483/1480/913 1482/1483/916
f 1482/1483/916 1486/1487/983 1487/1486/982
f 1480/1481/914 1471/1468/986 1470/1471/987
f 1470/1471/987 1481/1482/1006 1480/1481/914
f 1484/1484/1004 1475/1472/906 1474/1475/989
f 1474/1475/989 1485/1485/1005 1484/1484/1004
f 1472/1473/917 1487/1486/982 1486/1487/983
f 1486/1487/983 1473/1474/984 1472/1473/917
f 1486/1487/983 1482/1483/916 1488/1488/1000
f 1488/1488/1000 1460/1461/955 1486/1487/983
f 1489/1489/960 1490/1490/931 1491/1491/957
f 1488/1488/1000 1492/1492/685 1493/1493/1002
f 1493/1493/1002 1494/1494/1011 1488/1488/1000
f 1482/1483/916 1481/1482/1006 1492/1492/685
f 1492/1492/685 1488/1488/1000 1482/1483/916
f 1495/1495/961 1490/1490/931 1489/1489/960
f 1492/1492/685 1496/1496/686 1497/1497/1003
f 1497/1497/1003 1493/1493/1002 1492/1492/685
f 1481/1482/1006 1470/1471/987 1496/1496/686
f 1496/1496/686 1492/1492/685 1481/1482/1006
f 1498/1498/932 1490/1490/931 1495/1495/961
f 1496/1496/686 1499/1499/962 1500/1500/963
f 1500/1500/963 1497/1497/1003 1496/1496/686
f 1470/1471/987 1469/1470/924 1499/1499/962
f 1499/1499/962 1496/1496/686 1470/1471/987
f 1501/1501/930 1490/1490/931 1498/1498/932
f 1499/1499/962 1502/1502/933 1503/1503/979
f 1503/1503/979 1500/1500/963 1499/1499/962
f 1469/1470/924 1479/1479/992 1502/1502/933
f 1502/1502/933 1499/1499/962 1469/1470/924
f 1504/1504/1029 1490/1490/931 1501/1501/930
f 1502/1502/933 1505/1505/937 1506/1506/994
f 1506/1506/994 1503/1503/979 1502/1502/933
f 1479/1479/992 1466/1467/968 1505/1505/937
f 1505/1505/937 1502/1502/933 1479/1479/992
f 1507/1507/939 1490/1490/931 1504/1504/1029
f 1505/1505/937 1508/1508/940 1509/1509/993
f 1509/1509/993 1506/1506/994 1505/1505/937
f 1466/1467/968 1465/1466/911 1508/1508/940
f 1508/1508/940 1505/1505/937 1466/1467/968
f 1510/1510/942 1490/1490/931 1507/1507/939
f 1508/1508/940 1511/1511/943 1512/1512/1008
f 1512/1512/1008 1509/1509/993 1508/1508/940
f 1465/1466/911 1477/1477/920 1511/1511/943
f 1511/1511/943 1508/1508/940 1465/1466/911
f 1513/1513/945 1490/1490/931 1510/1510/942
f 1511/1511/943 1514/1514/1030 1515/1515/1009
f 1515/1515/1009 1512/1512/1008 1511/1511/943
f 1477/1477/920 1485/1485/1005 1514/1514/1030
f 1514/1514/1030 1511/1511/943 1477/1477/920
f 1516/1516/948 1490/1490/931 1513/1513/945
f 1514/1514/1030 1517/1517/997 1518/1518/998
f 1518/1518/998 1515/1515/1009 1514/1514/1030
f 1485/1485/1005 1474/1475/989 1517/1517/997
f 1517/1517/997 1514/1514/1030 1485/1485/1005
f 1519/1519/951 1490/1490/931 1516/1516/948
f 1517/1517/997 1463/1460/952 1462/1463/1010
f 1462/1463/1010 1518/1518/998 1517/1517/997
f 1474/1475/989 1473/1474/984 1463/1460/952
f 1463/1460/952 1517/1517/997 1474/1475/989
f 1520/1520/954 1490/1490/931 1519/1519/951
f 1524/1521/955 1521/1522/958 1522/1523/959
f 1522/1523/959 1523/1524/999 1524/1521/955
f 1473/1474/984 1486/1487/983 1460/1461/955
f 1460/1461/955 1463/1460/952 1473/1474/984
f 1491/1491/957 1490/1490/931 1520/1520/954
f 1460/1461/955 1488/1488/1000 1494/1494/1011
f 1494/1494/1011 1461/1462/999 1460/1461/955
f 1528/1525/910 1525/1526/919 1526/1527/985
f 1526/1527/985 1527/1528/990 1528/1525/910
f 1532/1529/921 1529/1530/922 1530/1531/992
f 1530/1531/992 1531/1532/924 1532/1529/921
f 1536/1533/917 1533/1534/982 1534/1535/983
f 1534/1535/983 1535/1536/1024 1536/1533/917
f 1525/1526/919 1537/1537/1004 1538/1538/1005
f 1538/1538/1005 1526/1527/985 1525/1526/919
f 1529/1530/922 1539/1539/967 1540/1540/968
f 1540/1540/968 1530/1531/992 1529/1530/922
f 1544/1541/914 1541/1542/986 1542/1543/987
f 1542/1543/987 1543/1544/991 1544/1541/914
f 1537/1537/1004 1545/1545/906 1546/1546/1031
f 1546/1546/1031 1538/1538/1005 1537/1537/1004
f 1539/1539/967 1528/1525/910 1527/1528/990
f 1527/1528/990 1540/1540/968 1539/1539/967
f 1548/1547/913 1544/1541/914 1543/1544/991
f 1543/1544/991 1547/1548/916 1548/1547/913
f 1541/1542/986 1532/1529/921 1531/1532/924
f 1531/1532/924 1542/1543/987 1541/1542/986
f 1545/1545/906 1536/1533/917 1535/1536/1024
f 1535/1536/1024 1546/1546/1031 1545/1545/906
f 1533/1534/982 1548/1547/913 1547/1548/916
f 1547/1548/916 1534/1535/983 1533/1534/982
f 1547/1548/916 1543/1544/991 1549/1549/977
f 1549/1549/977 1521/1522/958 1547/1548/916
f 1550/1550/961 1551/1551/931 1552/1552/960
f 1549/1549/977 1553/1553/686 1554/1554/1003
f 1554/1554/1003 1555/1555/1002 1549/1549/977
f 1543/1544/991 1542/1543/987 1553/1553/686
f 1553/1553/686 1549/1549/977 1543/1544/991
f 1556/1556/932 1551/1551/931 1550/1550/961
f 1553/1553/686 1557/1557/962 1558/1558/980
f 1558/1558/980 1554/1554/1003 1553/1553/686
f 1542/1543/987 1531/1532/924 1557/1557/962
f 1557/1557/962 1553/1553/686 1542/1543/987
f 1559/1559/930 1551/1551/931 1556/1556/932
f 1557/1557/962 1560/1560/933 1561/1561/979
f 1561/1561/979 1558/1558/980 1557/1557/962
f 1531/1532/924 1530/1531/992 1560/1560/933
f 1560/1560/933 1557/1557/962 1531/1532/924
f 1562/1562/1029 1551/1551/931 1559/1559/930
f 1560/1560/933 1563/1563/937 1564/1564/994
f 1564/1564/994 1561/1561/979 1560/1560/933
f 1530/1531/992 1540/1540/968 1563/1563/937
f 1563/1563/937 1560/1560/933 1530/1531/992
f 1565/1565/939 1551/1551/931 1562/1562/1029
f 1563/1563/937 1566/1566/973 1567/1567/941
f 1567/1567/941 1564/1564/994 1563/1563/937
f 1540/1540/968 1527/1528/990 1566/1566/973
f 1566/1566/973 1563/1563/937 1540/1540/968
f 1568/1568/942 1551/1551/931 1565/1565/939
f 1566/1566/973 1569/1569/995 1570/1570/1008
f 1570/1570/1008 1567/1567/941 1566/1566/973
f 1527/1528/990 1526/1527/985 1569/1569/995
f 1569/1569/995 1566/1566/973 1527/1528/990
f 1571/1571/945 1551/1551/931 1568/1568/942
f 1569/1569/995 1572/1572/946 1573/1573/1009
f 1573/1573/1009 1570/1570/1008 1569/1569/995
f 1526/1527/985 1538/1538/1005 1572/1572/946
f 1572/1572/946 1569/1569/995 1526/1527/985
f 1574/1574/948 1551/1551/931 1571/1571/945
f 1572/1572/946 1575/1575/997 1576/1576/998
f 1576/1576/998 1573/1573/1009 1572/1572/946
f 1538/1538/1005 1546/1546/1031 1575/1575/997
f 1575/1575/997 1572/1572/946 1538/1538/1005
f 1577/1577/951 1551/1551/931 1574/1574/948
f 1575/1575/997 1578/1578/976 1579/1579/953
f 1579/1579/953 1576/1576/998 1575/1575/997
f 1546/1546/1031 1535/1536/1024 1578/1578/976
f 1578/1578/976 1575/1575/997 1546/1546/1031
f 1580/1580/954 1551/1551/931 1577/1577/951
f 1578/1578/976 1524/1521/955 1523/1524/999
f 1523/1524/999 1579/1579/953 1578/1578/976
f 1535/1536/1024 1534/1535/983 1524/1521/955
f 1524/1521/955 1578/1578/976 1535/1536/1024
f 1581/1581/957 1551/1551/931 1580/1580/954
f 1585/1582/958 1582/1583/685 1583/1584/688
f 1583/1584/688 1584/1585/1001 1585/1582/958
f 1534/1535/983 1547/1548/916 1521/1522/958
f 1521/1522/958 1524/1521/955 1534/1535/983
f 1552/1552/960 1551/1551/931 1581/1581/957
f 1521/1522/958 1549/1549/977 1555/1555/1002
f 1555/1555/1002 1522/1523/959 1521/1522/958
f 1589/1586/919 1586/1587/905 1587/1588/908
f 1587/1588/908 1588/1589/1015 1589/1586/919
f 1593/1590/922 1590/1591/967 1591/1592/968
f 1591/1592/968 1592/1593/1032 1593/1590/922
f 1597/1594/982 1594/1595/913 1595/1596/970
f 1595/1596/970 1596/1597/926 1597/1594/982
f 1586/1587/905 1598/1598/1033 1599/1599/907
f 1599/1599/907 1587/1588/908 1586/1587/905
f 1590/1591/967 1600/1600/910 1601/1601/990
f 1601/1601/990 1591/1592/968 1590/1591/967
f 1605/1602/927 1602/1603/921 1603/1604/1016
f 1603/1604/1016 1604/1605/928 1605/1602/927
f 1598/1598/1033 1606/1606/917 1607/1607/984
f 1607/1607/984 1599/1599/907 1598/1598/1033
f 1600/1600/910 1589/1586/919 1588/1589/1015
f 1588/1589/1015 1601/1601/990 1600/1600/910
f 1609/1608/914 1605/1602/927 1604/1605/928
f 1604/1605/928 1608/1609/915 1609/1608/914
f 1602/1603/921 1593/1590/922 1592/1593/1032
f 1592/1593/1032 1603/1604/1016 1602/1603/921
f 1606/1606/917 1597/1594/982 1596/1597/926
f 1596/1597/926 1607/1607/984 1606/1606/917
f 1594/1595/913 1609/1608/914 1608/1609/915
f 1608/1609/915 1595/1596/970 1594/1595/913
f 1608/1609/915 1604/1605/928 1610/1610/686
f 1610/1610/686 1582/1583/685 1608/1609/915
f 1611/1611/932 1612/1612/931 1613/1613/1022
f 1610/1610/686 1614/1614/929 1615/1615/935
f 1615/1615/935 1616/1616/687 1610/1610/686
f 1604/1605/928 1603/1604/1016 1614/1614/929
f 1614/1614/929 1610/1610/686 1604/1605/928
f 1617/1617/930 1612/1612/931 1611/1611/932
f 1614/1614/929 1618/1618/933 1619/1619/934
f 1619/1619/934 1615/1615/935 1614/1614/929
f 1603/1604/1016 1592/1593/1032 1618/1618/933
f 1618/1618/933 1614/1614/929 1603/1604/1016
f 1620/1620/936 1612/1612/931 1617/1617/930
f 1618/1618/933 1621/1621/937 1622/1622/938
f 1622/1622/938 1619/1619/934 1618/1618/933
f 1592/1593/1032 1591/1592/968 1621/1621/937
f 1621/1621/937 1618/1618/933 1592/1593/1032
f 1623/1623/939 1612/1612/931 1620/1620/936
f 1621/1621/937 1624/1624/973 1625/1625/941
f 1625/1625/941 1622/1622/938 1621/1621/937
f 1591/1592/968 1601/1601/990 1624/1624/973
f 1624/1624/973 1621/1621/937 1591/1592/968
f 1626/1626/942 1612/1612/931 1623/1623/939
f 1624/1624/973 1627/1627/995 1628/1628/1008
f 1628/1628/1008 1625/1625/941 1624/1624/973
f 1601/1601/990 1588/1589/1015 1627/1627/995
f 1627/1627/995 1624/1624/973 1601/1601/990
f 1629/1629/945 1612/1612/931 1626/1626/942
f 1627/1627/995 1630/1630/946 1631/1631/947
f 1631/1631/947 1628/1628/1008 1627/1627/995
f 1588/1589/1015 1587/1588/908 1630/1630/946
f 1630/1630/946 1627/1627/995 1588/1589/1015
f 1632/1632/948 1612/1612/931 1629/1629/945
f 1630/1630/946 1633/1633/949 1634/1634/1018
f 1634/1634/1018 1631/1631/947 1630/1630/946
f 1587/1588/908 1599/1599/907 1633/1633/949
f 1633/1633/949 1630/1630/946 1587/1588/908
f 1635/1635/951 1612/1612/931 1632/1632/948
f 1633/1633/949 1636/1636/976 1637/1637/953
f 1637/1637/953 1634/1634/1018 1633/1633/949
f 1599/1599/907 1607/1607/984 1636/1636/976
f 1636/1636/976 1633/1633/949 1599/1599/907
f 1638/1638/954 1612/1612/931 1635/1635/951
f 1636/1636/976 1639/1639/955 1640/1640/956
f 1640/1640/956 1637/1637/953 1636/1636/976
f 1607/1607/984 1596/1597/926 1639/1639/955
f 1639/1639/955 1636/1636/976 1607/1607/984
f 1641/1641/957 1612/1612/931 1638/1638/954
f 1639/1639/955 1585/1582/958 1584/1585/1001
f 1584/1585/1001 1640/1640/956 1639/1639/955
f 1596/1597/926 1595/1596/970 1585/1582/958
f 1585/1582/958 1639/1639/955 1596/1597/926
f 1642/1642/960 1612/1612/931 1641/1641/957
f 1646/1643/1034 1643/1644/1035 1644/1645/1036
f 1644/1645/1036 1645/1646/1037 1646/1643/1034
f 1595/1596/970 1608/1609/915 1582/1583/685
f 1582/1583/685 1585/1582/958 1595/1596/970
f 1613/1613/1022 1612/1612/931 1642/1642/960
f 1582/1583/685 1610/1610/686 1616/1616/687
f 1616/1616/687 1583/1584/688 1582/1583/685
f 1650/1647/1038 1647/1648/1039 1648/1649/1040
f 1648/1649/1040 1649/1650/1041 1650/1647/1038
f 1654/1651/1042 1651/1652/1043 1652/1653/1044
f 1652/1653/1044 1653/1654/1045 1654/1651/1042
f 1658/1655/1046 1655/1656/1047 1656/1657/1048
f 1656/1657/1048 1657/1658/1049 1658/1655/1046
f 1649/1650/1041 1648/1649/1040 1659/1659/1050
f 1659/1659/1050 1660/1660/1051 1649/1650/1041
f 1653/1654/1045 1652/1653/1044 1661/1661/1052
f 1661/1661/1052 1662/1662/1053 1653/1654/1045
f 1666/1663/1054 1663/1664/1055 1664/1665/1056
f 1664/1665/1056 1665/1666/1057 1666/1663/1054
f 1660/1660/1051 1659/1659/1050 1667/1667/1058
f 1667/1667/1058 1668/1668/1059 1660/1660/1051
f 1662/1662/1053 1661/1661/1052 1669/1669/1060
f 1669/1669/1060 1670/1670/1061 1662/1662/1053
f 1674/1671/1062 1671/1672/1063 1672/1673/1064
f 1672/1673/1064 1673/1674/1065 1674/1671/1062
f 1668/1668/1059 1667/1667/1058 1675/1675/1066
f 1675/1675/1066 1676/1676/1067 1668/1668/1059
f 1670/1670/1061 1669/1669/1060 1677/1677/1068
f 1677/1677/1068 1678/1678/1069 1670/1670/1061
f 1682/1679/1065 1679/1680/1064 1680/1681/1070
f 1680/1681/1070 1681/1682/1071 1682/1679/1065
f 1676/1676/1067 1675/1675/1066 1683/1683/1072
f 1683/1683/1072 1684/1684/1073 1676/1676/1067
f 1678/1678/1069 1677/1677/1068 1685/1685/1074
f 1685/1685/1074 1686/1686/1075 1678/1678/1069
f 1681/1682/1071 1680/1681/1070 1687/1687/1076
f 1687/1687/1076 1688/1688/1077 1681/1682/1071
f 1684/1684/1073 1683/1683/1072 1689/1689/1078
f 1689/1689/1078 1690/1690/1079 1684/1684/1073
f 1686/1686/1075 1685/1685/1074 1691/1691/1080
f 1691/1691/1080 1692/1692/1081 1686/1686/1075
f 1688/1688/1077 1687/1687/1076 1693/1693/1082
f 1693/1693/1082 1694/1694/1083 1688/1688/1077
f 1690/1690/1079 1689/1689/1078 1695/1695/1084
f 1695/1695/1084 1696/1696/1085 1690/1690/1079
f 1692/1692/1081 1691/1691/1080 1697/1697/1086
f 1697/1697/1086 1698/1698/1087 1692/1692/1081
f 1694/1694/1083 1693/1693/1082 1699/1699/1088
f 1699/1699/1088 1700/1700/1089 1694/1694/1083
f 1696/1696/1085 1695/1695/1084 1701/1701/1090
f 1701/1701/1090 1702/1702/1091 1696/1696/1085
f 1698/1698/1087 1697/1697/1086 1703/1703/1092
f 1703/1703/1092 1704/1704/1093 1698/1698/1087
f 1700/1700/1089 1699/1699/1088 1705/1705/1094
f 1705/1705/1094 1706/1706/1095 1700/1700/1089
f 1702/1702/1091 1701/1701/1090 1707/1707/1096
f 1707/1707/1096 1708/1708/1097 1702/1702/1091
f 1704/1704/1093 1703/1703/1092 1709/1709/1098
f 1709/1709/1098 1710/1710/1099 1704/1704/1093
f 1706/1706/1095 1705/1705/1094 1711/1711/1100
f 1711/1711/1100 1712/1712/1101 1706/1706/1095
f 1708/1708/1097 1707/1707/1096 1663/1664/1055
f 1663/1664/1055 1666/1663/1054 1708/1708/1097
f 1710/1710/1099 1709/1709/1098 1713/1713/1102
f 1713/1713/1102 1714/1714/1103 1710/1710/1099
f 1712/1712/1101 1711/1711/1100 1715/1715/1104
f 1715/1715/1104 1716/1716/1105 1712/1712/1101
f 1720/1717/1106 1717/1718/1107 1718/1719/1108
f 1718/1719/1108 1719/1720/1109 1720/1717/1106
f 1714/1714/1103 1713/1713/1102 1721/1721/1110
f 1721/1721/1110 1722/1722/1111 1714/1714/1103
f 1716/1716/1105 1715/1715/1104 1723/1723/1112
f 1723/1723/1112 1724/1724/1113 1716/1716/1105
f 1657/1658/1049 1656/1657/1048 1671/1672/1063
f 1671/1672/1063 1674/1671/1062 1657/1658/1049
f 1722/1722/1111 1721/1721/1110 1725/1725/1114
f 1725/1725/1114 1726/1726/1115 1722/1722/1111
f 1724/1724/1113 1723/1723/1112 1727/1727/1116
f 1727/1727/1116 1728/1728/1117 1724/1724/1113
f 1726/1726/1115 1725/1725/1114 1729/1729/1118
f 1729/1729/1118 1730/1730/1119 1726/1726/1115
f 1728/1728/1117 1727/1727/1116 1731/1731/1120
f 1731/1731/1120 1732/1732/1121 1728/1728/1117
f 1730/1730/1119 1729/1729/1118 1733/1733/1122
f 1733/1733/1122 1734/1734/1123 1730/1730/1119
f 1732/1732/1121 1731/1731/1120 1735/1735/1124
f 1735/1735/1124 1736/1736/1125 1732/1732/1121
f 1734/1734/1123 1733/1733/1122 1737/1737/1126
f 1737/1737/1126 1738/1738/1127 1734/1734/1123
f 1736/1736/1125 1735/1735/1124 1739/1739/1128
f 1739/1739/1128 1740/1740/1129 1736/1736/1125
f 1738/1738/1127 1737/1737/1126 1741/1741/1130
f 1741/1741/1130 1742/1742/1131 1738/1738/1127
f 1740/1740/1129 1739/1739/1128 1743/1743/1132
f 1743/1743/1132 1744/1744/1133 1740/1740/1129
f 1742/1742/1131 1741/1741/1130 1745/1745/1134
f 1745/1745/1134 1746/1746/1135 1742/1742/1131
f 1744/1744/1133 1743/1743/1132 1747/1747/1136
f 1747/1747/1136 1748/1748/1137 1744/1744/1133
f 1746/1746/1135 1745/1745/1134 1749/1749/1138
f 1749/1749/1138 1750/1750/1139 1746/1746/1135
f 1748/1748/1137 1747/1747/1136 1751/1751/1140
f 1751/1751/1140 1752/1752/1141 1748/1748/1137
f 1750/1750/1139 1749/1749/1138 1753/1753/1142
f 1753/1753/1142 1754/1754/1143 1750/1750/1139
f 1752/1752/1141 1751/1751/1140 1755/1755/1144
f 1755/1755/1144 1756/1756/1145 1752/1752/1141
f 1754/1754/1143 1753/1753/1142 1757/1757/1146
f 1757/1757/1146 1758/1758/1147 1754/1754/1143
f 1756/1756/1145 1755/1755/1144 1759/1759/1148
f 1759/1759/1148 1760/1760/1149 1756/1756/1145
f 1758/1758/1147 1757/1757/1146 1761/1761/1150
f 1761/1761/1150 1762/1762/1151 1758/1758/1147
f 1760/1760/1149 1759/1759/1148 1763/1763/1152
f 1763/1763/1152 1764/1764/1153 1760/1760/1149
f 1762/1762/1151 1761/1761/1150 1765/1765/1154
f 1765/1765/1154 1766/1766/1155 1762/1762/1151
f 1764/1764/1153 1763/1763/1152 1767/1767/1156
f 1767/1767/1156 1768/1768/1157 1764/1764/1153
f 1766/1766/1155 1765/1765/1154 1769/1769/1158
f 1769/1769/1158 1770/1770/1159 1766/1766/1155
f 1768/1768/1157 1767/1767/1156 1771/1771/1160
f 1771/1771/1160 1772/1772/1161 1768/1768/1157
f 1770/1770/1159 1769/1769/1158 1773/1773/1162
f 1773/1773/1162 1774/1774/1163 1770/1770/1159
f 1772/1772/1161 1771/1771/1160 1775/1775/1164
f 1775/1775/1164 1776/1776/1165 1772/1772/1161
f 1774/1774/1163 1773/1773/1162 1777/1777/1166
f 1777/1777/1166 1778/1778/1167 1774/1774/1163
f 1776/1776/1165 1775/1775/1164 1779/1779/1168
f 1779/1779/1168 1780/1780/1169 1776/1776/1165
f 1778/1778/1167 1777/1777/1166 1647/1648/1039
f 1647/1648/1039 1650/1647/1038 1778/1778/1167
f 1780/1780/1169 1779/1779/1168 1651/1652/1043
f 1651/1652/1043 1654/1651/1042 1780/1780/1169
f 1784/1781/1170 1781/1782/1171 1782/1783/1172
f 1782/1783/1172 1783/1784/1173 1784/1781/1170
f 1645/1646/1037 1644/1645/1036 1785/1785/1174
f 1785/1785/1174 1786/1786/1175 1645/1646/1037
f 1790/1787/1176 1787/1788/1177 1788/1789/1178
f 1788/1789/1178 1789/1790/1179 1790/1787/1176
f 1794/1791/1180 1791/1792/1181 1792/1793/1182
f 1792/1793/1182 1793/1794/1183 1794/1791/1180
f 1783/1784/1173 1782/1783/1172 1795/1795/1184
f 1795/1795/1184 1796/1796/1185 1783/1784/1173
f 1789/1790/1179 1788/1789/1178 1797/1797/1186
f 1797/1797/1186 1798/1798/1187 1789/1790/1179
f 1793/1794/1183 1792/1793/1182 1799/1799/1188
f 1799/1799/1188 1800/1800/1189 1793/1794/1183
f 1796/1796/1185 1795/1795/1184 1801/1801/1190
f 1801/1801/1190 1802/1802/1191 1796/1796/1185
f 1798/1798/1187 1797/1797/1186 1803/1803/1192
f 1803/1803/1192 1804/1804/1193 1798/1798/1187
f 1665/1666/1057 1664/1665/1056 1655/1656/1047
f 1655/1656/1047 1658/1655/1046 1665/1666/1057
f 1802/1802/1191 1801/1801/1190 1805/1805/1194
f 1805/1805/1194 1806/1806/1195 1802/1802/1191
f 1804/1804/1193 1803/1803/1192 1807/1807/1196
f 1807/1807/1196 1808/1808/1197 1804/1804/1193
f 1806/1806/1195 1805/1805/1194 1809/1809/1198
f 1809/1809/1198 1810/1810/1199 1806/1806/1195
f 1808/1808/1197 1807/1807/1196 1811/1811/1200
f 1811/1811/1200 1812/1812/1201 1808/1808/1197
f 1786/1786/1175 1785/1785/1174 1813/1813/1202
f 1813/1813/1202 1814/1814/1203 1786/1786/1175
f 1810/1810/1199 1809/1809/1198 1815/1815/1204
f 1815/1815/1204 1816/1816/1205 1810/1810/1199
f 1812/1812/1201 1811/1811/1200 1817/1817/1206
f 1817/1817/1206 1818/1818/1207 1812/1812/1201
f 1816/1816/1205 1815/1815/1204 1819/1819/1208
f 1819/1819/1208 1820/1820/1209 1816/1816/1205
f 1818/1818/1207 1817/1817/1206 1821/1821/1210
f 1821/1821/1210 1822/1822/1211 1818/1818/1207
f 1820/1820/1209 1819/1819/1208 1823/1823/1212
f 1823/1823/1212 1824/1824/1213 1820/1820/1209
f 1822/1822/1211 1821/1821/1210 1825/1825/1214
f 1825/1825/1214 1826/1826/1215 1822/1822/1211
f 1824/1824/1213 1823/1823/1212 1827/1827/1216
f 1827/1827/1216 1828/1828/1217 1824/1824/1213
f 1826/1826/1215 1825/1825/1214 1829/1829/1218
f 1829/1829/1218 1830/1830/1219 1826/1826/1215
f 1828/1828/1217 1827/1827/1216 1831/1831/1220
f 1831/1831/1220 1832/1832/1221 1828/1828/1217
f 1830/1830/1219 1829/1829/1218 1833/1833/1222
f 1833/1833/1222 1834/1834/1223 1830/1830/1219
f 1832/1832/1221 1831/1831/1220 1835/1835/1224
f 1835/1835/1224 1836/1836/1225 1832/1832/1221
f 1834/1834/1223 1833/1833/1222 1837/1837/1226
f 1837/1837/1226 1838/1838/1227 1834/1834/1223
f 1836/1836/1225 1835/1835/1224 1839/1839/1228
f 1839/1839/1228 1840/1840/1229 1836/1836/1225
f 1838/1838/1227 1837/1837/1226 1841/1841/1230
f 1841/1841/1230 1842/1842/1231 1838/1838/1227
f 1840/1840/1229 1839/1839/1228 1843/1843/1232
f 1843/1843/1232 1844/1844/1233 1840/1840/1229
f 1842/1842/1231 1841/1841/1230 1845/1845/1234
f 1845/1845/1234 1846/1846/1235 1842/1842/1231
f 1844/1844/1233 1843/1843/1232 1847/1847/1236
f 1847/1847/1236 1848/1848/1237 1844/1844/1233
f 1846/1846/1235 1845/1845/1234 1849/1849/1238
f 1849/1849/1238 1850/1850/1239 1846/1846/1235
f 1848/1848/1237 1847/1847/1236 1851/1851/1240
f 1851/1851/1240 1852/1852/1241 1848/1848/1237
f 1850/1850/1239 1849/1849/1238 1853/1853/1242
f 1853/1853/1242 1854/1854/1243 1850/1850/1239
f 1852/1852/1241 1851/1851/1240 1855/1855/1244
f 1855/1855/1244 1856/1856/1245 1852/1852/1241
f 1854/1854/1243 1853/1853/1242 1857/1857/1246
f 1857/1857/1246 1858/1858/1247 1854/1854/1243
f 1856/1856/1245 1855/1855/1244 1859/1859/1248
f 1859/1859/1248 1860/1860/1249 1856/1856/1245
f 1858/1858/1247 1857/1857/1246 1861/1861/1250
f 1861/1861/1250 1862/1862/1251 1858/1858/1247
f 1860/1860/1249 1859/1859/1248 1863/1863/1252
f 1863/1863/1252 1864/1864/1253 1860/1860/1249
f 1862/1862/1251 1861/1861/1250 1865/1865/1254
f 1865/1865/1254 1866/1866/1255 1862/1862/1251
f 1864/1864/1253 1863/1863/1252 1867/1867/1256
f 1867/1867/1256 1868/1868/1257 1864/1864/1253
f 1866/1866/1255 1865/1865/1254 1869/1869/1258
f 1869/1869/1258 1870/1870/1259 1866/1866/1255
f 1868/1868/1257 1867/1867/1256 1871/1871/1260
f 1871/1871/1260 1872/1872/1261 1868/1868/1257
f 1870/1870/1259 1869/1869/1258 1873/1873/1262
f 1873/1873/1262 1874/1874/1263 1870/1870/1259
f 1872/1872/1261 1871/1871/1260 1875/1875/1264
f 1875/1875/1264 1876/1876/1265 1872/1872/1261
f 1874/1874/1263 1873/1873/1262 1877/1877/1266
f 1877/1877/1266 1878/1878/1267 1874/1874/1263
f 1876/1876/1265 1875/1875/1264 1879/1879/1268
f 1879/1879/1268 1880/1880/1269 1876/1876/1265
f 1878/1878/1267 1877/1877/1266 1881/1881/1270
f 1881/1881/1270 1882/1882/1271 1878/1878/1267
f 1814/1814/1203 1813/1813/1202 1883/1883/1272
f 1883/1883/1272 1884/1884/1273 1814/1814/1203
f 1880/1880/1269 1879/1879/1268 1885/1885/1274
f 1885/1885/1274 1886/1886/1275 1880/1880/1269
f 1882/1882/1271 1881/1881/1270 1887/1887/1276
f 1887/1887/1276 1888/1888/1277 1882/1882/1271
f 1892/1889/1273 1889/1890/1272 1890/1891/1278
f 1890/1891/1278 1891/1892/1279 1892/1889/1273
f 1886/1886/1275 1885/1885/1274 1893/1893/1280
f 1893/1893/1280 1894/1894/1281 1886/1886/1275
f 1888/1888/1277 1887/1887/1276 1895/1895/1282
f 1895/1895/1282 1896/1896/1283 1888/1888/1277
f 1891/1892/1279 1890/1891/1278 1897/1897/1284
f 1897/1897/1284 1898/1898/1285 1891/1892/1279
f 1894/1894/1281 1893/1893/1280 1899/1899/1286
f 1899/1899/1286 1900/1900/1287 1894/1894/1281
f 1896/1896/1283 1895/1895/1282 1901/1901/1288
f 1901/1901/1288 1902/1902/1289 1896/1896/1283
f 1898/1898/1285 1897/1897/1284 1903/1903/1290
f 1903/1903/1290 1904/1904/1291 1898/1898/1285
f 1900/1900/1287 1899/1899/1286 1905/1905/1292
f 1905/1905/1292 1906/1906/1293 1900/1900/1287
f 1902/1902/1289 1901/1901/1288 1781/1782/1171
f 1781/1782/1171 1784/1781/1170 1902/1902/1289
f 1904/1904/1291 1903/1903/1290 1787/1788/1177
f 1787/1788/1177 1790/1787/1176 1904/1904/1291
f 1906/1906/1293 1905/1905/1292 1791/1792/1181
f 1791/1792/1181 1794/1791/1180 1906/1906/1293
f 1910/1907/1294 1907/1908/1295 1908/1909/1296
f 1908/1909/1296 1909/1910/1297 1910/1907/1294
f 1912/1911/1298 1910/1907/1294 1909/1910/1297
f 1909/1910/1297 1911/1912/1298 1912/1911/1298
s 0
f 1914/1913/1298 1912/1911/1298 1911/1912/1298
f 1911/1912/1298 1913/1914/1298 1914/1913/1298
f 1916/1915/1298 1914/1913/1298 1913/1914/1298
f 1913/1914/1298 1915/1916/1298 1916/1915/1298
s 1
f 1918/1917/1299 1917/1918/1300 1907/1908/1295
f 1907/1908/1295 1910/1907/1294 1918/1917/1299
f 1919/1919/1298 1918/1917/1299 1910/1907/1294
f 1910/1907/1294 1912/1911/1298 1919/1919/1298
s 0
f 1920/1920/1298 1919/1919/1298 1912/1911/1298
f 1912/1911/1298 1914/1913/1298 1920/1920/1298
f 1921/1921/1298 1920/1920/1298 1914/1913/1298
f 1914/1913/1298 1916/1915/1298 1921/1921/1298
s 1
f 1923/1922/1301 1922/1923/1302 1917/1918/1300
f 1917/1918/1300 1918/1917/1299 1923/1922/1301
f 1924/1924/1298 1923/1922/1301 1918/1917/1299
f 1918/1917/1299 1919/1919/1298 1924/1924/1298
s 0
f 1925/1925/1298 1924/1924/1298 1919/1919/1298
f 1919/1919/1298 1920/1920/1298 1925/1925/1298
f 1926/1926/1298 1925/1925/1298 1920/1920/1298
f 1920/1920/1298 1921/1921/1298 1926/1926/1298
s 1
f 1928/1927/1303 1927/1928/1304 1922/1923/1302
f 1922/1923/1302 1923/1922/1301 1928/1927/1303
f 1929/1929/1298 1928/1927/1303 1923/1922/1301
f 1923/1922/1301 1924/1924/1298 1929/1929/1298
s 0
f 1930/1930/1298 1929/1929/1298 1924/1924/1298
f 1924/1924/1298 1925/1925/1298 1930/1930/1298
f 1931/1931/1298 1930/1930/1298 1925/1925/1298
f 1925/1925/1298 1926/1926/1298 1931/1931/1298
s 1
f 1935/1932/1305 1932/1933/1306 1933/1934/1307
f 1933/1934/1307 1934/1935/1303 1935/1932/1305
f 1937/1936/1298 1935/1932/1305 1934/1935/1303
f 1934/1935/1303 1936/1937/1298 1937/1936/1298
s 0
f 1939/1938/1298 1937/1936/1298 1936/1937/1298
f 1936/1937/1298 1938/1939/1298 1939/1938/1298
f 1941/1940/1298 1939/1938/1298 1938/1939/1298
f 1938/1939/1298 1940/1941/1298 1941/1940/1298
s 1
f 1943/1942/1308 1942/1943/1309 1932/1933/1306
f 1932/1933/1306 1935/1932/1305 1943/1942/1308
f 1944/1944/1298 1943/1942/1308 1935/1932/1305
f 1935/1932/1305 1937/1936/1298 1944/1944/1298
s 0
f 1945/1945/1298 1944/1944/1298 1937/1936/1298
f 1937/1936/1298 1939/1938/1298 1945/1945/1298
f 1946/1946/1298 1945/1945/1298 1939/1938/1298
f 1939/1938/1298 1941/1940/1298 1946/1946/1298
s 1
f 1948/1947/1310 1947/1948/1311 1942/1943/1309
f 1942/1943/1309 1943/1942/1308 1948/1947/1310
f 1949/1949/1298 1948/1947/1310 1943/1942/1308
f 1943/1942/1308 1944/1944/1298 1949/1949/1298
s 0
f 1950/1950/1298 1949/1949/1298 1944/1944/1298
f 1944/1944/1298 1945/1945/1298 1950/1950/1298
f 1951/1951/1298 1950/1950/1298 1945/1945/1298
f 1945/1945/1298 1946/1946/1298 1951/1951/1298
s 1
f 1953/1952/1312 1952/1953/1313 1947/1948/1311
f 1947/1948/1311 1948/1947/1310 1953/1952/1312
f 1954/1954/1298 1953/1952/1312 1948/1947/1310
f 1948/1947/1310 1949/1949/1298 1954/1954/1298
s 0
f 1955/1955/1298 1954/1954/1298 1949/1949/1298
f 1949/1949/1298 1950/1950/1298 1955/1955/1298
f 1956/1956/1298 1955/1955/1298 1950/1950/1298
f 1950/1950/1298 1951/1951/1298 1956/1956/1298
s 1
f 1958/1957/1314 1957/1958/1315 1952/1953/1313
f 1952/1953/1313 1953/1952/1312 1958/1957/1314
f 1959/1959/1298 1958/1957/1314 1953/1952/1312
f 1953/1952/1312 1954/1954/1298 1959/1959/1298
s 0
f 1960/1960/1298 1959/1959/1298 1954/1954/1298
f 1954/1954/1298 1955/1955/1298 1960/1960/1298
f 1961/1961/1298 1960/1960/1298 1955/1955/1298
f 1955/1955/1298 1956/1956/1298 1961/1961/1298
s 1
f 1963/1962/1316 1962/1963/1317 1957/1958/1315
f 1957/1958/1315 1958/1957/1314 1963/1962/1316
f 1964/1964/1298 1963/1962/1316 1958/1957/1314
f 1958/1957/1314 1959/1959/1298 1964/1964/1298
s 0
f 1965/1965/1298 1964/1964/1298 1959/1959/1298
f 1959/1959/1298 1960/1960/1298 1965/1965/1298
f 1966/1966/1298 1965/1965/1298 1960/1960/1298
f 1960/1960/1298 1961/1961/1298 1966/1966/1298
s 1
f 1968/1967/1318 1967/1968/1319 1962/1963/1317
f 1962/1963/1317 1963/1962/1316 1968/1967/1318
f 1969/1969/1298 1968/1967/1318 1963/1962/1316
f 1963/1962/1316 1964/1964/1298 1969/1969/1298
s 0
f 1970/1970/1298 1969/1969/1298 1964/1964/1298
f 1964/1964/1298 1965/1965/1298 1970/1970/1298
f 1971/1971/1298 1970/1970/1298 1965/1965/1298
f 1965/1965/1298 1966/1966/1298 1971/1971/1298
s 1
f 1973/1972/1320 1972/1973/1321 1967/1968/1319
f 1967/1968/1319 1968/1967/1318 1973/1972/1320
f 1974/1974/1298 1973/1972/1320 1968/1967/1318
f 1968/1967/1318 1969/1969/1298 1974/1974/1298
s 0
f 1975/1975/1298 1974/1974/1298 1969/1969/1298
f 1969/1969/1298 1970/1970/1298 1975/1975/1298
f 1976/1976/1298 1975/1975/1298 1970/1970/1298
f 1970/1970/1298 1971/1971/1298 1976/1976/1298
s 1
f 1978/1977/1322 1977/1978/1323 1972/1973/1321
f 1972/1973/1321 1973/1972/1320 1978/1977/1322
f 1979/1979/1298 1978/1977/1322 1973/1972/1320
f 1973/1972/1320 1974/1974/1298 1979/1979/1298
s 0
f 1980/1980/1298 1979/1979/1298 1974/1974/1298
f 1974/1974/1298 1975/1975/1298 1980/1980/1298
f 1981/1981/1298 1980/1980/1298 1975/1975/1298
f 1975/1975/1298 1976/1976/1298 1981/1981/1298
s 1
f 1983/1982/1324 1982/1983/1325 1977/1978/1323
f 1977/1978/1323 1978/1977/1322 1983/1982/1324
f 1984/1984/1298 1983/1982/1324 1978/1977/1322
f 1978/1977/1322 1979/1979/1298 1984/1984/1298
s 0
f 1985/1985/1298 1984/1984/1298 1979/1979/1298
f 1979/1979/1298 1980/1980/1298 1985/1985/1298
f 1986/1986/1298 1985/1985/1298 1980/1980/1298
f 1980/1980/1298 1981/1981/1298 1986/1986/1298
s 1
f 1988/1987/1326 1987/1988/1327 1982/1983/1325
f 1982/1983/1325 1983/1982/1324 1988/1987/1326
f 1989/1989/1298 1988/1987/1326 1983/1982/1324
f 1983/1982/1324 1984/1984/1298 1989/1989/1298
s 0
f 1990/1990/1298 1989/1989/1298 1984/1984/1298
f 1984/1984/1298 1985/1985/1298 1990/1990/1298
f 1991/1991/1298 1990/1990/1298 1985/1985/1298
f 1985/1985/1298 1986/1986/1298 1991/1991/1298
s 1
f 1993/1992/1328 1992/1993/1329 1987/1988/1327
f 1987/1988/1327 1988/1987/1326 1993/1992/1328
f 1994/1994/1298 1993/1992/1328 1988/1987/1326
f 1988/1987/1326 1989/1989/1298 1994/1994/1298
s 0
f 1995/1995/1298 1994/1994/1298 1989/1989/1298
f 1989/1989/1298 1990/1990/1298 1995/1995/1298
f 1996/1996/1298 1995/1995/1298 1990/1990/1298
f 1990/1990/1298 1991/1991/1298 1996/1996/1298
s 1
f 1998/1997/1330 1997/1998/1331 1992/1993/1329
f 1992/1993/1329 1993/1992/1328 1998/1997/1330
f 1999/1999/1298 1998/1997/1330 1993/1992/1328
f 1993/1992/1328 1994/1994/1298 1999/1999/1298
s 0
f 2000/2000/1298 1999/1999/1298 1994/1994/1298
f 1994/1994/1298 1995/1995/1298 2000/2000/1298
f 2001/2001/1298 2000/2000/1298 1995/1995/1298
f 1995/1995/1298 1996/1996/1298 2001/2001/1298
s 1
f 2003/2002/1332 2002/2003/1333 1997/1998/1331
f 1997/1998/1331 1998/1997/1330 2003/2002/1332
f 2004/2004/1298 2003/2002/1332 1998/1997/1330
f 1998/1997/1330 1999/1999/1298 2004/2004/1298
s 0
f 2005/2005/1298 2004/2004/1298 1999/1999/1298
f 1999/1999/1298 2000/2000/1298 2005/2005/1298
f 2006/2006/1298 2005/2005/1298 2000/2000/1298
f 2000/2000/1298 2001/2001/1298 2006/2006/1298
s 1
f 2008/2007/1334 2007/2008/1335 2002/2003/1333
f 2002/2003/1333 2003/2002/1332 2008/2007/1334
f 2009/2009/1298 2008/2007/1334 2003/2002/1332
f 2003/2002/1332 2004/2004/1298 2009/2009/1298
s 0
f 2010/2010/1298 2009/2009/1298 2004/2004/1298
f 2004/2004/1298 2005/2005/1298 2010/2010/1298
f 2011/2011/1298 2010/2010/1298 2005/2005/1298
f 2005/2005/1298 2006/2006/1298 2011/2011/1298
s 1
f 2013/2012/1336 2012/2013/1337 2007/2008/1335
f 2007/2008/1335 2008/2007/1334 2013/2012/1336
f 2014/2014/1298 2013/2012/1336 2008/2007/1334
f 2008/2007/1334 2009/2009/1298 2014/2014/1298
s 0
f 2015/2015/1298 2014/2014/1298 2009/2009/1298
f 2009/2009/1298 2010/2010/1298 2015/2015/1298
f 2016/2016/1298 2015/2015/1298 2010/2010/1298
f 2010/2010/1298 2011/2011/1298 2016/2016/1298
s 1
f 2018/2017/1338 2017/2018/1339 2012/2013/1337
f 2012/2013/1337 2013/2012/1336 2018/2017/1338
f 2019/2019/1298 2018/2017/1338 2013/2012/1336
f 2013/2012/1336 2014/2014/1298 2019/2019/1298
s 0
f 2020/2020/1298 2019/2019/1298 2014/2014/1298
f 2014/2014/1298 2015/2015/1298 2020/2020/1298
f 2021/2021/1298 2020/2020/1298 2015/2015/1298
f 2015/2015/1298 2016/2016/1298 2021/2021/1298
s 1
f 2023/2022/1340 2022/2023/1341 2017/2018/1339
f 2017/2018/1339 2018/2017/1338 2023/2022/1340
f 2024/2024/1298 2023/2022/1340 2018/2017/1338
f 2018/2017/1338 2019/2019/1298 2024/2024/1298
s 0
f 2025/2025/1298 2024/2024/1298 2019/2019/1298
f 2019/2019/1298 2020/2020/1298 2025/2025/1298
f 2026/2026/1298 2025/2025/1298 2020/2020/1298
f 2020/2020/1298 2021/2021/1298 2026/2026/1298
s 1
f 2028/2027/1342 2027/2028/1343 2022/2023/1341
f 2022/2023/1341 2023/2022/1340 2028/2027/1342
f 2029/2029/1298 2028/2027/1342 2023/2022/1340
f 2023/2022/1340 2024/2024/1298 2029/2029/1298
s 0
f 2030/2030/1298 2029/2029/1298 2024/2024/1298
f 2024/2024/1298 2025/2025/1298 2030/2030/1298
f 2031/2031/1298 2030/2030/1298 2025/2025/1298
f 2025/2025/1298 2026/2026/1298 2031/2031/1298
s 1
f 2033/2032/1344 2032/2033/1345 2027/2028/1343
f 2027/2028/1343 2028/2027/1342 2033/2032/1344
f 2034/2034/1298 2033/2032/1344 2028/2027/1342
f 2028/2027/1342 2029/2029/1298 2034/2034/1298
s 0
f 2035/2035/1298 2034/2034/1298 2029/2029/1298
f 2029/2029/1298 2030/2030/1298 2035/2035/1298
f 2036/2036/1298 2035/2035/1298 2030/2030/1298
f 2030/2030/1298 2031/2031/1298 2036/2036/1298
s 1
f 2038/2037/1346 2037/2038/1347 2032/2033/1345
f 2032/2033/1345 2033/2032/1344 2038/2037/1346
f 2039/2039/1298 2038/2037/1346 2033/2032/1344
f 2033/2032/1344 2034/2034/1298 2039/2039/1298
s 0
f 2040/2040/1298 2039/2039/1298 2034/2034/1298
f 2034/2034/1298 2035/2035/1298 2040/2040/1298
f 2041/2041/1298 2040/2040/1298 2035/2035/1298
f 2035/2035/1298 2036/2036/1298 2041/2041/1298
s 1
f 2043/2042/1348 2042/2043/1349 2037/2038/1347
f 2037/2038/1347 2038/2037/1346 2043/2042/1348
f 2044/2044/1298 2043/2042/1348 2038/2037/1346
f 2038/2037/1346 2039/2039/1298 2044/2044/1298
s 0
f 2045/2045/1298 2044/2044/1298 2039/2039/1298
f 2039/2039/1298 2040/2040/1298 2045/2045/1298
f 2046/2046/1298 2045/2045/1298 2040/2040/1298
f 2040/2040/1298 2041/2041/1298 2046/2046/1298
s 1
f 2048/2047/1350 2047/2048/1351 2042/2043/1349
f 2042/2043/1349 2043/2042/1348 2048/2047/1350
f 2049/2049/1298 2048/2047/1350 2043/2042/1348
f 2043/2042/1348 2044/2044/1298 2049/2049/1298
s 0
f 2050/2050/1298 2049/2049/1298 2044/2044/1298
f 2044/2044/1298 2045/2045/1298 2050/2050/1298
f 2051/2051/1298 2050/2050/1298 2045/2045/1298
f 2045/2045/1298 2046/2046/1298 2051/2051/1298
s 1
f 2053/2052/1352 2052/2053/1353 2047/2048/1351
f 2047/2048/1351 2048/2047/1350 2053/2052/1352
f 2054/2054/1298 2053/2052/1352 2048/2047/1350
f 2048/2047/1350 2049/2049/1298 2054/2054/1298
s 0
f 2055/2055/1298 2054/2054/1298 2049/2049/1298
f 2049/2049/1298 2050/2050/1298 2055/2055/1298
f 2056/2056/1298 2055/2055/1298 2050/2050/1298
f 2050/2050/1298 2051/2051/1298 2056/2056/1298
s 1
f 2058/2057/1354 2057/2058/1355 2052/2053/1353
f 2052/2053/1353 2053/2052/1352 2058/2057/1354
f 2059/2059/1298 2058/2057/1354 2053/2052/1352
f 2053/2052/1352 2054/2054/1298 2059/2059/1298
s 0
f 2060/2060/1298 2059/2059/1298 2054/2054/1298
f 2054/2054/1298 2055/2055/1298 2060/2060/1298
f 2061/2061/1298 2060/2060/1298 2055/2055/1298
f 2055/2055/1298 2056/2056/1298 2061/2061/1298
s 1
f 2063/2062/1356 2062/2063/1357 2057/2058/1355
f 2057/2058/1355 2058/2057/1354 2063/2062/1356
f 2064/2064/1298 2063/2062/1356 2058/2057/1354
f 2058/2057/1354 2059/2059/1298 2064/2064/1298
s 0
f 2065/2065/1298 2064/2064/1298 2059/2059/1298
f 2059/2059/1298 2060/2060/1298 2065/2065/1298
f 2066/2066/1298 2065/2065/1298 2060/2060/1298
f 2060/2060/1298 2061/2061/1298 2066/2066/1298
s 1
f 2068/2067/1358 2067/2068/1359 2062/2063/1357
f 2062/2063/1357 2063/2062/1356 2068/2067/1358
f 2069/2069/1298 2068/2067/1358 2063/2062/1356
f 2063/2062/1356 2064/2064/1298 2069/2069/1298
s 0
f 2070/2070/1298 2069/2069/1298 2064/2064/1298
f 2064/2064/1298 2065/2065/1298 2070/2070/1298
f 2071/2071/1298 2070/2070/1298 2065/2065/1298
f 2065/2065/1298 2066/2066/1298 2071/2071/1298
s 1
f 2073/2072/1360 2072/2073/1361 2067/2068/1359
f 2067/2068/1359 2068/2067/1358 2073/2072/1360
f 2074/2074/1298 2073/2072/1360 2068/2067/1358
f 2068/2067/1358 2069/2069/1298 2074/2074/1298
s 0
f 2075/2075/1298 2074/2074/1298 2069/2069/1298
f 2069/2069/1298 2070/2070/1298 2075/2075/1298
f 2076/2076/1298 2075/2075/1298 2070/2070/1298
f 2070/2070/1298 2071/2071/1298 2076/2076/1298
s 1
f 2078/2077/1362 2077/2078/1363 2072/2073/1361
f 2072/2073/1361 2073/2072/1360 2078/2077/1362
f 2079/2079/1298 2078/2077/1362 2073/2072/1360
f 2073/2072/1360 2074/2074/1298 2079/2079/1298
s 0
f 2080/2080/1298 2079/2079/1298 2074/2074/1298
f 2074/2074/1298 2075/2075/1298 2080/2080/1298
f 2081/2081/1298 2080/2080/1298 2075/2075/1298
f 2075/2075/1298 2076/2076/1298 2081/2081/1298
s 1
f 2083/2082/1364 2082/2083/1365 2077/2078/1363
f 2077/2078/1363 2078/2077/1362 2083/2082/1364
f 2084/2084/1298 2083/2082/1364 2078/2077/1362
f 2078/2077/1362 2079/2079/1298 2084/2084/1298
s 0
f 2085/2085/1298 2084/2084/1298 2079/2079/1298
f 2079/2079/1298 2080/2080/1298 2085/2085/1298
f 2086/2086/1298 2085/2085/1298 2080/2080/1298
f 2080/2080/1298 2081/2081/1298 2086/2086/1298
s 1
f 2088/2087/1366 2087/2088/1367 2082/2083/1365
f 2082/2083/1365 2083/2082/1364 2088/2087/1366
f 2089/2089/1298 2088/2087/1366 2083/2082/1364
f 2083/2082/1364 2084/2084/1298 2089/2089/1298
s 0
f 2090/2090/1298 2089/2089/1298 2084/2084/1298
f 2084/2084/1298 2085/2085/1298 2090/2090/1298
f 2091/2091/1298 2090/2090/1298 2085/2085/1298
f 2085/2085/1298 2086/2086/1298 2091/2091/1298
s 1
f 2093/2092/1368 2092/2093/1369 2087/2088/1367
f 2087/2088/1367 2088/2087/1366 2093/2092/1368
f 2094/2094/1298 2093/2092/1368 2088/2087/1366
f 2088/2087/1366 2089/2089/1298 2094/2094/1298
s 0
f 2095/2095/1298 2094/2094/1298 2089/2089/1298
f 2089/2089/1298 2090/2090/1298 2095/2095/1298
f 2096/2096/1298 2095/2095/1298 2090/2090/1298
f 2090/2090/1298 2091/2091/1298 2096/2096/1298
s 1
f 2098/2097/1370 2097/2098/1371 2092/2093/1369
f 2092/2093/1369 2093/2092/1368 2098/2097/1370
f 2099/2099/1298 2098/2097/1370 2093/2092/1368
f 2093/2092/1368 2094/2094/1298 2099/2099/1298
s 0
f 2100/2100/1298 2099/2099/1298 2094/2094/1298
f 2094/2094/1298 2095/2095/1298 2100/2100/1298
f 2101/2101/1298 2100/2100/1298 2095/2095/1298
f 2095/2095/1298 2096/2096/1298 2101/2101/1298
s 1
f 2103/2102/1372 2102/2103/1373 2097/2098/1371
f 2097/2098/1371 2098/2097/1370 2103/2102/1372
f 2104/2104/1298 2103/2102/1372 2098/2097/1370
f 2098/2097/1370 2099/2099/1298 2104/2104/1298
s 0
f 2105/2105/1298 2104/2104/1298 2099/2099/1298
f 2099/2099/1298 2100/2100/1298 2105/2105/1298
f 2106/2106/1298 2105/2105/1298 2100/2100/1298
f 2100/2100/1298 2101/2101/1298 2106/2106/1298
s 1
f 2108/2107/1374 2107/2108/1375 2102/2103/1373
f 2102/2103/1373 2103/2102/1372 2108/2107/1374
f 2109/2109/1298 2108/2107/1374 2103/2102/1372
f 2103/2102/1372 2104/2104/1298 2109/2109/1298
s 0
f 2110/2110/1298 2109/2109/1298 2104/2104/1298
f 2104/2104/1298 2105/2105/1298 2110/2110/1298
f 2111/2111/1298 2110/2110/1298 2105/2105/1298
f 2105/2105/1298 2106/2106/1298 2111/2111/1298
s 1
f 2113/2112/1376 2112/2113/1377 2107/2108/1375
f 2107/2108/1375 2108/2107/1374 2113/2112/1376
f 2114/2114/1298 2113/2112/1376 2108/2107/1374
f 2108/2107/1374 2109/2109/1298 2114/2114/1298
s 0
f 2115/2115/1298 2114/2114/1298 2109/2109/1298
f 2109/2109/1298 2110/2110/1298 2115/2115/1298
f 2116/2116/1298 2115/2115/1298 2110/2110/1298
f 2110/2110/1298 2111/2111/1298 2116/2116/1298
s 1
f 2118/2117/1378 2117/2118/1379 2112/2113/1377
f 2112/2113/1377 2113/2112/1376 2118/2117/1378
f 2119/2119/1298 2118/2117/1378 2113/2112/1376
f 2113/2112/1376 2114/2114/1298 2119/2119/1298
s 0
f 2120/2120/1298 2119/2119/1298 2114/2114/1298
f 2114/2114/1298 2115/2115/1298 2120/2120/1298
f 2121/2121/1298 2120/2120/1298 2115/2115/1298
f 2115/2115/1298 2116/2116/1298 2121/2121/1298
s 1
f 2123/2122/1380 2122/2123/1381 2117/2118/1379
f 2117/2118/1379 2118/2117/1378 2123/2122/1380
f 2124/2124/1298 2123/2122/1380 2118/2117/1378
f 2118/2117/1378 2119/2119/1298 2124/2124/1298
s 0
f 2125/2125/1298 2124/2124/1298 2119/2119/1298
f 2119/2119/1298 2120/2120/1298 2125/2125/1298
f 2126/2126/1298 2125/2125/1298 2120/2120/1298
f 2120/2120/1298 2121/2121/1298 2126/2126/1298
s 1
f 2128/2127/1382 2127/2128/1383 2122/2123/1381
f 2122/2123/1381 2123/2122/1380 2128/2127/1382
f 2129/2129/1298 2128/2127/1382 2123/2122/1380
f 2123/2122/1380 2124/2124/1298 2129/2129/1298
s 0
f 2130/2130/1298 2129/2129/1298 2124/2124/1298
f 2124/2124/1298 2125/2125/1298 2130/2130/1298
f 2131/2131/1298 2130/2130/1298 2125/2125/1298
f 2125/2125/1298 2126/2126/1298 2131/2131/1298
s 1
f 2133/2132/1384 2132/2133/1385 2127/2128/1383
f 2127/2128/1383 2128/2127/1382 2133/2132/1384
f 2134/2134/1298 2133/2132/1384 2128/2127/1382
f 2128/2127/1382 2129/2129/1298 2134/2134/1298
s 0
f 2135/2135/1298 2134/2134/1298 2129/2129/1298
f 2129/2129/1298 2130/2130/1298 2135/2135/1298
f 2136/2136/1298 2135/2135/1298 2130/2130/1298
f 2130/2130/1298 2131/2131/1298 2136/2136/1298
s 1
f 2138/2137/1386 2137/2138/1387 2132/2133/1385
f 2132/2133/1385 2133/2132/1384 2138/2137/1386
f 2139/2139/1298 2138/2137/1386 2133/2132/1384
f 2133/2132/1384 2134/2134/1298 2139/2139/1298
s 0
f 2140/2140/1298 2139/2139/1298 2134/2134/1298
f 2134/2134/1298 2135/2135/1298 2140/2140/1298
f 2141/2141/1298 2140/2140/1298 2135/2135/1298
f 2135/2135/1298 2136/2136/1298 2141/2141/1298
s 1
f 2143/2142/1388 2142/2143/1389 2137/2138/1387
f 2137/2138/1387 2138/2137/1386 2143/2142/1388
f 2144/2144/1298 2143/2142/1388 2138/2137/1386
f 2138/2137/1386 2139/2139/1298 2144/2144/1298
s 0
f 2145/2145/1298 2144/2144/1298 2139/2139/1298
f 2139/2139/1298 2140/2140/1298 2145/2145/1298
f 2146/2146/1298 2145/2145/1298 2140/2140/1298
f 2140/2140/1298 2141/2141/1298 2146/2146/1298
s 1
f 2148/2147/1390 2147/2148/1391 2142/2143/1389
f 2142/2143/1389 2143/2142/1388 2148/2147/1390
f 2149/2149/1298 2148/2147/1390 2143/2142/1388
f 2143/2142/1388 2144/2144/1298 2149/2149/1298
s 0
f 2150/2150/1298 2149/2149/1298 2144/2144/1298
f 2144/2144/1298 2145/2145/1298 2150/2150/1298
f 2151/2151/1298 2150/2150/1298 2145/2145/1298
f 2145/2145/1298 2146/2146/1298 2151/2151/1298
s 1
f 2153/2152/1392 2152/2153/1393 2147/2148/1391
f 2147/2148/1391 2148/2147/1390 2153/2152/1392
f 2154/2154/1298 2153/2152/1392 2148/2147/1390
f 2148/2147/1390 2149/2149/1298 2154/2154/1298
s 0
f 2155/2155/1298 2154/2154/1298 2149/2149/1298
f 2149/2149/1298 2150/2150/1298 2155/2155/1298
f 2156/2156/1298 2155/2155/1298 2150/2150/1298
f 2150/2150/1298 2151/2151/1298 2156/2156/1298
s 1
f 2158/2157/1394 2157/2158/1395 2152/2153/1393
f 2152/2153/1393 2153/2152/1392 2158/2157/1394
f 2159/2159/1298 2158/2157/1394 2153/2152/1392
f 2153/2152/1392 2154/2154/1298 2159/2159/1298
s 0
f 2160/2160/1298 2159/2159/1298 2154/2154/1298
f 2154/2154/1298 2155/2155/1298 2160/2160/1298
f 2161/2161/1298 2160/2160/1298 2155/2155/1298
f 2155/2155/1298 2156/2156/1298 2161/2161/1298
s 1
f 2163/2162/1396 2162/2163/1397 2157/2158/1395
f 2157/2158/1395 2158/2157/1394 2163/2162/1396
f 2164/2164/1298 2163/2162/1396 2158/2157/1394
f 2158/2157/1394 2159/2159/1298 2164/2164/1298
s 0
f 2165/2165/1298 2164/2164/1298 2159/2159/1298
f 2159/2159/1298 2160/2160/1298 2165/2165/1298
f 2166/2166/1298 2165/2165/1298 2160/2160/1298
f 2160/2160/1298 2161/2161/1298 2166/2166/1298
s 1
f 2168/2167/1398 2167/2168/1399 2162/2163/1397
f 2162/2163/1397 2163/2162/1396 2168/2167/1398
f 2169/2169/1298 2168/2167/1398 2163/2162/1396
f 2163/2162/1396 2164/2164/1298 2169/2169/1298
s 0
f 2170/2170/1298 2169/2169/1298 2164/2164/1298
f 2164/2164/1298 2165/2165/1298 2170/2170/1298
f 2171/2171/1298 2170/2170/1298 2165/2165/1298
f 2165/2165/1298 2166/2166/1298 2171/2171/1298
s 1
f 2173/2172/1400 2172/2173/1401 2167/2168/1399
f 2167/2168/1399 2168/2167/1398 2173/2172/1400
f 2174/2174/1298 2173/2172/1400 2168/2167/1398
f 2168/2167/1398 2169/2169/1298 2174/2174/1298
s 0
f 2175/2175/1298 2174/2174/1298 2169/2169/1298
f 2169/2169/1298 2170/2170/1298 2175/2175/1298
f 2176/2176/1298 2175/2175/1298 2170/2170/1298
f 2170/2170/1298 2171/2171/1298 2176/2176/1298
s 1
f 2178/2177/1402 2177/2178/1403 2172/2173/1401
f 2172/2173/1401 2173/2172/1400 2178/2177/1402
f 2179/2179/1298 2178/2177/1402 2173/2172/1400
f 2173/2172/1400 2174/2174/1298 2179/2179/1298
s 0
f 2180/2180/1298 2179/2179/1298 2174/2174/1298
f 2174/2174/1298 2175/2175/1298 2180/2180/1298
f 2181/2181/1298 2180/2180/1298 2175/2175/1298
f 2175/2175/1298 2176/2176/1298 2181/2181/1298
s 1
f 2183/2182/1404 2182/2183/1405 2177/2178/1403
f 2177/2178/1403 2178/2177/1402 2183/2182/1404
f 2184/2184/1298 2183/2182/1404 2178/2177/1402
f 2178/2177/1402 2179/2179/1298 2184/2184/1298
s 0
f 2185/2185/1298 2184/2184/1298 2179/2179/1298
f 2179/2179/1298 2180/2180/1298 2185/2185/1298
f 2186/2186/1298 2185/2185/1298 2180/2180/1298
f 2180/2180/1298 2181/2181/1298 2186/2186/1298
s 1
f 2188/2187/1406 2187/2188/1407 2182/2183/1405
f 2182/2183/1405 2183/2182/1404 2188/2187/1406
f 2189/2189/1298 2188/2187/1406 2183/2182/1404
f 2183/2182/1404 2184/2184/1298 2189/2189/1298
s 0
f 2190/2190/1298 2189/2189/1298 2184/2184/1298
f 2184/2184/1298 2185/2185/1298 2190/2190/1298
f 2191/2191/1298 2190/2190/1298 2185/2185/1298
f 2185/2185/1298 2186/2186/1298 2191/2191/1298
s 1
f 2193/2192/1408 2192/2193/1409 2187/2188/1407
f 2187/2188/1407 2188/2187/1406 2193/2192/1408
f 2194/2194/1298 2193/2192/1408 2188/2187/1406
f 2188/2187/1406 2189/2189/1298 2194/2194/1298
s 0
f 2195/2195/1298 2194/2194/1298 2189/2189/1298
f 2189/2189/1298 2190/2190/1298 2195/2195/1298
f 2196/2196/1298 2195/2195/1298 2190/2190/1298
f 2190/2190/1298 2191/2191/1298 2196/2196/1298
s 1
f 2198/2197/1410 2197/2198/1411 2192/2193/1409
f 2192/2193/1409 2193/2192/1408 2198/2197/1410
f 2199/2199/1298 2198/2197/1410 2193/2192/1408
f 2193/2192/1408 2194/2194/1298 2199/2199/1298
s 0
f 2200/2200/1298 2199/2199/1298 2194/2194/1298
f 2194/2194/1298 2195/2195/1298 2200/2200/1298
f 2201/2201/1298 2200/2200/1298 2195/2195/1298
f 2195/2195/1298 2196/2196/1298 2201/2201/1298
s 1
f 2203/2202/1412 2202/2203/1413 2197/2198/1411
f 2197/2198/1411 2198/2197/1410 2203/2202/1412
f 2204/2204/1298 2203/2202/1412 2198/2197/1410
f 2198/2197/1410 2199/2199/1298 2204/2204/1298
s 0
f 2205/2205/1298 2204/2204/1298 2199/2199/1298
f 2199/2199/1298 2200/2200/1298 2205/2205/1298
f 2206/2206/1298 2205/2205/1298 2200/2200/1298
f 2200/2200/1298 2201/2201/1298 2206/2206/1298
s 1
f 2208/2207/1414 2207/2208/1415 2202/2203/1413
f 2202/2203/1413 2203/2202/1412 2208/2207/1414
f 2209/2209/1298 2208/2207/1414 2203/2202/1412
f 2203/2202/1412 2204/2204/1298 2209/2209/1298
s 0
f 2210/2210/1298 2209/2209/1298 2204/2204/1298
f 2204/2204/1298 2205/2205/1298 2210/2210/1298
f 2211/2211/1298 2210/2210/1298 2205/2205/1298
f 2205/2205/1298 2206/2206/1298 2211/2211/1298
s 1
f 2213/2212/1416 2212/2213/1417 2207/2208/1415
f 2207/2208/1415 2208/2207/1414 2213/2212/1416
f 2214/2214/1298 2213/2212/1416 2208/2207/1414
f 2208/2207/1414 2209/2209/1298 2214/2214/1298
s 0
f 2215/2215/1298 2214/2214/1298 2209/2209/1298
f 2209/2209/1298 2210/2210/1298 2215/2215/1298
f 2216/2216/1298 2215/2215/1298 2210/2210/1298
f 2210/2210/1298 2211/2211/1298 2216/2216/1298
s 1
f 2218/2217/1418 2217/2218/1419 2212/2213/1417
f 2212/2213/1417 2213/2212/1416 2218/2217/1418
f 2219/2219/1298 2218/2217/1418 2213/2212/1416
f 2213/2212/1416 2214/2214/1298 2219/2219/1298
s 0
f 2220/2220/1298 2219/2219/1298 2214/2214/1298
f 2214/2214/1298 2215/2215/1298 2220/2220/1298
f 2221/2221/1298 2220/2220/1298 2215/2215/1298
f 2215/2215/1298 2216/2216/1298 2221/2221/1298
s 1
f 2223/2222/1420 2222/2223/1421 2217/2218/1419
f 2217/2218/1419 2218/2217/1418 2223/2222/1420
f 2224/2224/1298 2223/2222/1420 2218/2217/1418
f 2218/2217/1418 2219/2219/1298 2224/2224/1298
s 0
f 2225/2225/1298 2224/2224/1298 2219/2219/1298
f 2219/2219/1298 2220/2220/1298 2225/2225/1298
f 2226/2226/1298 2225/2225/1298 2220/2220/1298
f 2220/2220/1298 2221/2221/1298 2226/2226/1298
s 1
f 2228/2227/1422 2227/2228/1423 2222/2223/1421
f 2222/2223/1421 2223/2222/1420 2228/2227/1422
f 2229/2229/1298 2228/2227/1422 2223/2222/1420
f 2223/2222/1420 2224/2224/1298 2229/2229/1298
s 0
f 2230/2230/1298 2229/2229/1298 2224/2224/1298
f 2224/2224/1298 2225/2225/1298 2230/2230/1298
f 2231/2231/1298 2230/2230/1298 2225/2225/1298
f 2225/2225/1298 2226/2226/1298 2231/2231/1298
s 1
f 1909/1910/1297 1908/1909/1296 2227/2228/1423
f 2227/2228/1423 2228/2227/1422 1909/1910/1297
f 1911/1912/1298 1909/1910/1297 2228/2227/1422
f 2228/2227/1422 2229/2229/1298 1911/1912/1298
s 0
f 1913/1914/1298 1911/1912/1298 2229/2229/1298
f 2229/2229/1298 2230/2230/1298 1913/1914/1298
f 1915/1916/1298 1913/1914/1298 2230/2230/1298
f 2230/2230/1298 2231/2231/1298 1915/1916/1298
s 1
f 1800/1800/1189 1799/1799/1188 1643/1644/1035
f 1643/1644/1035 1646/1643/1034 1800/1800/1189
f 1922/1923/1302 2232/2232/1424 2233/2233/1425
f 2233/2233/1425 1917/1918/1300 1922/1923/1302
f 2182/2183/1405 2234/2234/1426 2235/2235/1427
f 2235/2235/1427 2177/2178/1403 2182/2183/1405
f 2239/2236/1428 2236/2237/1429 2237/2238/1430
f 2237/2238/1430 2238/2239/1431 2239/2236/1428
f 1917/1918/1300 2233/2233/1425 2240/2240/1432
f 2240/2240/1432 1907/1908/1295 1917/1918/1300
f 2177/2178/1403 2235/2235/1427 2241/2241/1433
f 2241/2241/1433 2172/2173/1401 2177/2178/1403
f 2243/2242/1434 2242/2243/1435 2236/2237/1429
f 2236/2237/1429 2239/2236/1428 2243/2242/1434
f 1907/1908/1295 2240/2240/1432 2244/2244/1436
f 2244/2244/1436 1908/1909/1296 1907/1908/1295
f 2172/2173/1401 2241/2241/1433 2245/2245/1437
f 2245/2245/1437 2167/2168/1399 2172/2173/1401
f 2247/2246/1438 2246/2247/1439 2242/2243/1435
f 2242/2243/1435 2243/2242/1434 2247/2246/1438
f 2167/2168/1399 2245/2245/1437 2248/2248/1440
f 2248/2248/1440 2162/2163/1397 2167/2168/1399
f 2250/2249/1441 2249/2250/1442 2246/2247/1439
f 2246/2247/1439 2247/2246/1438 2250/2249/1441
f 2162/2163/1397 2248/2248/1440 2251/2251/1443
f 2251/2251/1443 2157/2158/1395 2162/2163/1397
f 2253/2252/1444 2252/2253/1445 2249/2250/1442
f 2249/2250/1442 2250/2249/1441 2253/2252/1444
f 2157/2158/1395 2251/2251/1443 2254/2254/1446
f 2254/2254/1446 2152/2153/1393 2157/2158/1395
f 2256/2255/1447 2255/2256/1448 2252/2253/1445
f 2252/2253/1445 2253/2252/1444 2256/2255/1447
f 2152/2153/1393 2254/2254/1446 2257/2257/1449
f 2257/2257/1449 2147/2148/1391 2152/2153/1393
f 2259/2258/1450 2258/2259/1451 2255/2256/1448
f 2255/2256/1448 2256/2255/1447 2259/2258/1450
f 2147/2148/1391 2257/2257/1449 2260/2260/1452
f 2260/2260/1452 2142/2143/1389 2147/2148/1391
f 2262/2261/1453 2261/2262/1454 2258/2259/1451
f 2258/2259/1451 2259/2258/1450 2262/2261/1453
f 2142/2143/1389 2260/2260/1452 2263/2263/1455
f 2263/2263/1455 2137/2138/1387 2142/2143/1389
f 2265/2264/1456 2264/2265/1457 2261/2262/1454
f 2261/2262/1454 2262/2261/1453 2265/2264/1456
f 2137/2138/1387 2263/2263/1455 2266/2266/1458
f 2266/2266/1458 2132/2133/1385 2137/2138/1387
f 2268/2267/1459 2267/2268/1460 2264/2265/1457
f 2264/2265/1457 2265/2264/1456 2268/2267/1459
f 2132/2133/1385 2266/2266/1458 2269/2269/1461
f 2269/2269/1461 2127/2128/1383 2132/2133/1385
f 2271/2270/1462 2270/2271/1463 2267/2268/1460
f 2267/2268/1460 2268/2267/1459 2271/2270/1462
f 2127/2128/1383 2269/2269/1461 2272/2272/1464
f 2272/2272/1464 2122/2123/1381 2127/2128/1383
f 2274/2273/1465 2273/2274/1466 2270/2271/1463
f 2270/2271/1463 2271/2270/1462 2274/2273/1465
f 2122/2123/1381 2272/2272/1464 2275/2275/1467
f 2275/2275/1467 2117/2118/1379 2122/2123/1381
f 2277/2276/1468 2276/2277/1469 2273/2274/1466
f 2273/2274/1466 2274/2273/1465 2277/2276/1468
f 2117/2118/1379 2275/2275/1467 2278/2278/1470
f 2278/2278/1470 2112/2113/1377 2117/2118/1379
f 2280/2279/1471 2279/2280/1472 2276/2277/1469
f 2276/2277/1469 2277/2276/1468 2280/2279/1471
f 2112/2113/1377 2278/2278/1470 2281/2281/1473
f 2281/2281/1473 2107/2108/1375 2112/2113/1377
f 2283/2282/1474 2282/2283/1475 2279/2280/1472
f 2279/2280/1472 2280/2279/1471 2283/2282/1474
f 2107/2108/1375 2281/2281/1473 2284/2284/1476
f 2284/2284/1476 2102/2103/1373 2107/2108/1375
f 2286/2285/1477 2285/2286/1478 2282/2283/1475
f 2282/2283/1475 2283/2282/1474 2286/2285/1477
f 2102/2103/1373 2284/2284/1476 2287/2287/1479
f 2287/2287/1479 2097/2098/1371 2102/2103/1373
f 2289/2288/1480 2288/2289/1481 2285/2286/1478
f 2285/2286/1478 2286/2285/1477 2289/2288/1480
f 2097/2098/1371 2287/2287/1479 2290/2290/1482
f 2290/2290/1482 2092/2093/1369 2097/2098/1371
f 2292/2291/1483 2291/2292/1484 2288/2289/1481
f 2288/2289/1481 2289/2288/1480 2292/2291/1483
f 2092/2093/1369 2290/2290/1482 2293/2293/1485
f 2293/2293/1485 2087/2088/1367 2092/2093/1369
f 2295/2294/1486 2294/2295/1487 2291/2292/1484
f 2291/2292/1484 2292/2291/1483 2295/2294/1486
f 2087/2088/1367 2293/2293/1485 2296/2296/1488
f 2296/2296/1488 2082/2083/1365 2087/2088/1367
f 2298/2297/1489 2297/2298/1490 2294/2295/1487
f 2294/2295/1487 2295/2294/1486 2298/2297/1489
f 2082/2083/1365 2296/2296/1488 2299/2299/1491
f 2299/2299/1491 2077/2078/1363 2082/2083/1365
f 2301/2300/1492 2300/2301/1493 2297/2298/1490
f 2297/2298/1490 2298/2297/1489 2301/2300/1492
f 2077/2078/1363 2299/2299/1491 2302/2302/1494
f 2302/2302/1494 2072/2073/1361 2077/2078/1363
f 2304/2303/1495 2303/2304/1496 2300/2301/1493
f 2300/2301/1493 2301/2300/1492 2304/2303/1495
f 2072/2073/1361 2302/2302/1494 2305/2305/1497
f 2305/2305/1497 2067/2068/1359 2072/2073/1361
f 2307/2306/1498 2306/2307/1499 2303/2304/1496
f 2303/2304/1496 2304/2303/1495 2307/2306/1498
f 2067/2068/1359 2305/2305/1497 2308/2308/1500
f 2308/2308/1500 2062/2063/1357 2067/2068/1359
f 2310/2309/1501 2309/2310/1502 2306/2307/1499
f 2306/2307/1499 2307/2306/1498 2310/2309/1501
f 2062/2063/1357 2308/2308/1500 2311/2311/1503
f 2311/2311/1503 2057/2058/1355 2062/2063/1357
f 2313/2312/1504 2312/2313/1505 2309/2310/1502
f 2309/2310/1502 2310/2309/1501 2313/2312/1504
f 2057/2058/1355 2311/2311/1503 2314/2314/1506
f 2314/2314/1506 2052/2053/1353 2057/2058/1355
f 2316/2315/1507 2315/2316/1508 2312/2313/1505
f 2312/2313/1505 2313/2312/1504 2316/2315/1507
f 2052/2053/1353 2314/2314/1506 2317/2317/1509
f 2317/2317/1509 2047/2048/1351 2052/2053/1353
f 2319/2318/1510 2318/2319/1511 2315/2316/1508
f 2315/2316/1508 2316/2315/1507 2319/2318/1510
f 2047/2048/1351 2317/2317/1509 2320/2320/1512
f 2320/2320/1512 2042/2043/1349 2047/2048/1351
f 2322/2321/1513 2321/2322/1514 2318/2319/1511
f 2318/2319/1511 2319/2318/1510 2322/2321/1513
f 2042/2043/1349 2320/2320/1512 2323/2323/1515
f 2323/2323/1515 2037/2038/1347 2042/2043/1349
f 2325/2324/1516 2324/2325/1517 2321/2322/1514
f 2321/2322/1514 2322/2321/1513 2325/2324/1516
f 2037/2038/1347 2323/2323/1515 2326/2326/1518
f 2326/2326/1518 2032/2033/1345 2037/2038/1347
f 2328/2327/1519 2327/2328/1520 2324/2325/1517
f 2324/2325/1517 2325/2324/1516 2328/2327/1519
f 2032/2033/1345 2326/2326/1518 2329/2329/1521
f 2329/2329/1521 2027/2028/1343 2032/2033/1345
f 2333/2330/1522 2330/2331/1523 2331/2332/1524
f 2331/2332/1524 2332/2333/1525 2333/2330/1522
f 2337/2334/1526 2334/2335/1527 2335/2336/1528
f 2335/2336/1528 2336/2337/1529 2337/2334/1526
f 2341/2338/1530 2338/2339/1531 2339/2340/1532
f 2339/2340/1532 2340/2341/1533 2341/2338/1530
f 2343/2342/1534 2342/2343/1535 2338/2339/1531
f 2338/2339/1531 2341/2338/1530 2343/2342/1534
f 2345/2344/1536 2344/2345/1537 2342/2343/1535
f 2342/2343/1535 2343/2342/1534 2345/2344/1536
f 2347/2346/1538 2346/2347/1539 2344/2345/1537
f 2344/2345/1537 2345/2344/1536 2347/2346/1538
f 2349/2348/1540 2348/2349/1541 2346/2347/1539
f 2346/2347/1539 2347/2346/1538 2349/2348/1540
f 2351/2350/1542 2350/2351/1543 2348/2349/1541
f 2348/2349/1541 2349/2348/1540 2351/2350/1542
f 2353/2352/1544 2352/2353/1545 2350/2351/1543
f 2350/2351/1543 2351/2350/1542 2353/2352/1544
f 2355/2354/1546 2354/2355/1547 2352/2353/1545
f 2352/2353/1545 2353/2352/1544 2355/2354/1546
f 2357/2356/1548 2356/2357/1549 2354/2355/1547
f 2354/2355/1547 2355/2354/1546 2357/2356/1548
f 2359/2358/1550 2358/2359/1551 2356/2357/1549
f 2356/2357/1549 2357/2356/1548 2359/2358/1550
f 2361/2360/1552 2360/2361/1553 2358/2359/1551
f 2358/2359/1551 2359/2358/1550 2361/2360/1552
f 2363/2362/1554 2362/2363/1555 2360/2361/1553
f 2360/2361/1553 2361/2360/1552 2363/2362/1554
f 2365/2364/1556 2364/2365/1557 2362/2363/1555
f 2362/2363/1555 2363/2362/1554 2365/2364/1556
f 2367/2366/1558 2366/2367/1559 2364/2365/1557
f 2364/2365/1557 2365/2364/1556 2367/2366/1558
f 2369/2368/1560 2368/2369/1561 2366/2367/1559
f 2366/2367/1559 2367/2366/1558 2369/2368/1560
f 2371/2370/1562 2370/2371/1563 2368/2369/1561
f 2368/2369/1561 2369/2368/1560 2371/2370/1562
f 2373/2372/1564 2372/2373/1565 2370/2371/1563
f 2370/2371/1563 2371/2370/1562 2373/2372/1564
f 2375/2374/1566 2374/2375/1567 2372/2373/1565
f 2372/2373/1565 2373/2372/1564 2375/2374/1566
f 2377/2376/1568 2376/2377/1569 2374/2375/1567
f 2374/2375/1567 2375/2374/1566 2377/2376/1568
f 2379/2378/1570 2378/2379/1571 2376/2377/1569
f 2376/2377/1569 2377/2376/1568 2379/2378/1570
f 2381/2380/1572 2380/2381/1573 2378/2379/1571
f 2378/2379/1571 2379/2378/1570 2381/2380/1572
f 2383/2382/1574 2382/2383/1575 2380/2381/1573
f 2380/2381/1573 2381/2380/1572 2383/2382/1574
f 2385/2384/1576 2384/2385/1577 2382/2383/1575
f 2382/2383/1575 2383/2382/1574 2385/2384/1576
f 2387/2386/1578 2386/2387/1579 2384/2385/1577
f 2384/2385/1577 2385/2384/1576 2387/2386/1578
f 2389/2388/1580 2388/2389/1581 2386/2387/1579
f 2386/2387/1579 2387/2386/1578 2389/2388/1580
f 2391/2390/1582 2390/2391/1583 2388/2389/1581
f 2388/2389/1581 2389/2388/1580 2391/2390/1582
f 2393/2392/1584 2392/2393/1585 2390/2391/1583
f 2390/2391/1583 2391/2390/1582 2393/2392/1584
f 2395/2394/1586 2394/2395/1587 2392/2393/1585
f 2392/2393/1585 2393/2392/1584 2395/2394/1586
f 2397/2396/1588 2396/2397/1589 2394/2395/1587
f 2394/2395/1587 2395/2394/1586 2397/2396/1588
f 2399/2398/1590 2398/2399/1591 2396/2397/1589
f 2396/2397/1589 2397/2396/1588 2399/2398/1590
f 2401/2400/1592 2400/2401/1593 2398/2399/1591
f 2398/2399/1591 2399/2398/1590 2401/2400/1592
f 2403/2402/1594 2402/2403/1595 2400/2401/1593
f 2400/2401/1593 2401/2400/1592 2403/2402/1594
f 2405/2404/1596 2404/2405/1597 2402/2403/1595
f 2402/2403/1595 2403/2402/1594 2405/2404/1596
f 2407/2406/1598 2406/2407/1599 2404/2405/1597
f 2404/2405/1597 2405/2404/1596 2407/2406/1598
f 2409/2408/1600 2408/2409/1601 2406/2407/1599
f 2406/2407/1599 2407/2406/1598 2409/2408/1600
f 2411/2410/1602 2410/2411/1603 2408/2409/1601
f 2408/2409/1601 2409/2408/1600 2411/2410/1602
f 2413/2412/1604 2412/2413/1605 2410/2411/1603
f 2410/2411/1603 2411/2410/1602 2413/2412/1604
f 2415/2414/1606 2414/2415/1607 2412/2413/1605
f 2412/2413/1605 2413/2412/1604 2415/2414/1606
f 2417/2416/1608 2416/2417/1609 2414/2415/1607
f 2414/2415/1607 2415/2414/1606 2417/2416/1608
f 2419/2418/1610 2418/2419/1611 2416/2417/1609
f 2416/2417/1609 2417/2416/1608 2419/2418/1610
f 2421/2420/1612 2420/2421/1613 2418/2419/1611
f 2418/2419/1611 2419/2418/1610 2421/2420/1612
f 2423/2422/1614 2422/2423/1615 2420/2421/1613
f 2420/2421/1613 2421/2420/1612 2423/2422/1614
f 2425/2424/1616 2424/2425/1617 2422/2423/1615
f 2422/2423/1615 2423/2422/1614 2425/2424/1616
f 2427/2426/1618 2426/2427/1619 2424/2425/1617
f 2424/2425/1617 2425/2424/1616 2427/2426/1618
f 2429/2428/1620 2428/2429/1621 2426/2427/1619
f 2426/2427/1619 2427/2426/1618 2429/2428/1620
f 2431/2430/1622 2430/2431/1623 2428/2429/1621
f 2428/2429/1621 2429/2428/1620 2431/2430/1622
f 2433/2432/1624 2432/2433/1625 2430/2431/1623
f 2430/2431/1623 2431/2430/1622 2433/2432/1624
f 2435/2434/1626 2434/2435/1627 2432/2433/1625
f 2432/2433/1625 2433/2432/1624 2435/2434/1626
f 2437/2436/1628 2436/2437/1629 2434/2435/1627
f 2434/2435/1627 2435/2434/1626 2437/2436/1628
f 2439/2438/1630 2438/2439/1631 2436/2437/1629
f 2436/2437/1629 2437/2436/1628 2439/2438/1630
f 2441/2440/1632 2440/2441/1633 2438/2439/1631
f 2438/2439/1631 2439/2438/1630 2441/2440/1632
f 2443/2442/1634 2442/2443/1635 2440/2441/1633
f 2440/2441/1633 2441/2440/1632 2443/2442/1634
f 2445/2444/1636 2444/2445/1637 2442/2443/1635
f 2442/2443/1635 2443/2442/1634 2445/2444/1636
f 2447/2446/1638 2446/2447/1639 2444/2445/1637
f 2444/2445/1637 2445/2444/1636 2447/2446/1638
f 2449/2448/1640 2448/2449/1641 2446/2447/1639
f 2446/2447/1639 2447/2446/1638 2449/2448/1640
f 2451/2450/1642 2450/2451/1643 2448/2449/1641
f 2448/2449/1641 2449/2448/1640 2451/2450/1642
f 2453/2452/1644 2452/2453/1645 2450/2451/1643
f 2450/2451/1643 2451/2450/1642 2453/2452/1644
f 2455/2454/1646 2454/2455/1647 2452/2453/1645
f 2452/2453/1645 2453/2452/1644 2455/2454/1646
f 2457/2456/1648 2456/2457/1649 2454/2455/1647
f 2454/2455/1647 2455/2454/1646 2457/2456/1648
f 2461/2458/1650 2458/2459/1651 2459/2460/1649
f 2459/2460/1649 2460/2461/1648 2461/2458/1650
f 2332/2333/1525 2331/2332/1524 2458/2459/1651
f 2458/2459/1651 2461/2458/1650 2332/2333/1525
f 2340/2341/1533 2339/2340/1532 2462/2462/1652
f 2462/2462/1652 2463/2463/1653 2340/2341/1533
f 2238/2239/1431 2237/2238/1430 2464/2464/1654
f 2464/2464/1654 2465/2465/1655 2238/2239/1431
f 2187/2188/1407 2466/2466/1656 2234/2234/1426
f 2234/2234/1426 2182/2183/1405 2187/2188/1407
f 1927/1928/1304 2467/2467/1657 2232/2232/1424
f 2232/2232/1424 1922/1923/1302 1927/1928/1304
f 2465/2465/1655 2464/2464/1654 2468/2468/1658
f 2468/2468/1658 2469/2469/1659 2465/2465/1655
f 2192/2193/1409 2470/2470/1660 2466/2466/1656
f 2466/2466/1656 2187/2188/1407 2192/2193/1409
f 1932/1933/1306 2471/2471/1661 2472/2472/1657
f 2472/2472/1657 1933/1934/1307 1932/1933/1306
f 2469/2469/1659 2468/2468/1658 2473/2473/1662
f 2473/2473/1662 2474/2474/1663 2469/2469/1659
f 2197/2198/1411 2475/2475/1664 2470/2470/1660
f 2470/2470/1660 2192/2193/1409 2197/2198/1411
f 1942/1943/1309 2476/2476/1665 2471/2471/1661
f 2471/2471/1661 1932/1933/1306 1942/1943/1309
f 2474/2474/1663 2473/2473/1662 2477/2477/1666
f 2477/2477/1666 2478/2478/1667 2474/2474/1663
f 2202/2203/1413 2479/2479/1668 2475/2475/1664
f 2475/2475/1664 2197/2198/1411 2202/2203/1413
f 1947/1948/1311 2480/2480/1669 2476/2476/1665
f 2476/2476/1665 1942/1943/1309 1947/1948/1311
f 2478/2478/1667 2477/2477/1666 2481/2481/1670
f 2481/2481/1670 2482/2482/1671 2478/2478/1667
f 2207/2208/1415 2483/2483/1672 2479/2479/1668
f 2479/2479/1668 2202/2203/1413 2207/2208/1415
f 1952/1953/1313 2484/2484/1673 2480/2480/1669
f 2480/2480/1669 1947/1948/1311 1952/1953/1313
f 2482/2482/1671 2481/2481/1670 2485/2485/1674
f 2485/2485/1674 2486/2486/1675 2482/2482/1671
f 2212/2213/1417 2487/2487/1676 2483/2483/1672
f 2483/2483/1672 2207/2208/1415 2212/2213/1417
f 1957/1958/1315 2488/2488/1677 2484/2484/1673
f 2484/2484/1673 1952/1953/1313 1957/1958/1315
f 2486/2486/1675 2485/2485/1674 2489/2489/1678
f 2489/2489/1678 2490/2490/1679 2486/2486/1675
f 2217/2218/1419 2491/2491/1680 2487/2487/1676
f 2487/2487/1676 2212/2213/1417 2217/2218/1419
f 1962/1963/1317 2492/2492/1681 2488/2488/1677
f 2488/2488/1677 1957/1958/1315 1962/1963/1317
f 2490/2490/1679 2489/2489/1678 2493/2493/1682
f 2493/2493/1682 2494/2494/1683 2490/2490/1679
f 2496/2495/1684 2495/2496/1685 1717/1718/1107
f 1717/1718/1107 1720/1717/1106 2496/2495/1684
f 2222/2223/1421 2497/2497/1686 2491/2491/1680
f 2491/2491/1680 2217/2218/1419 2222/2223/1421
f 1967/1968/1319 2498/2498/1687 2492/2492/1681
f 2492/2492/1681 1962/1963/1317 1967/1968/1319
f 2494/2494/1683 2493/2493/1682 2499/2499/1688
f 2499/2499/1688 2500/2500/1689 2494/2494/1683
f 2463/2463/1653 2462/2462/1652 2330/2331/1523
f 2330/2331/1523 2333/2330/1522 2463/2463/1653
f 2227/2228/1423 2501/2501/1690 2497/2497/1686
f 2497/2497/1686 2222/2223/1421 2227/2228/1423
f 1972/1973/1321 2502/2502/1691 2498/2498/1687
f 2498/2498/1687 1967/1968/1319 1972/1973/1321
f 2500/2500/1689 2499/2499/1688 2503/2503/1692
f 2503/2503/1692 2504/2504/1693 2500/2500/1689
f 1719/1720/1109 1718/1719/1108 2505/2505/1694
f 2505/2505/1694 2506/2506/1695 1719/1720/1109
f 1908/1909/1296 2244/2244/1436 2501/2501/1690
f 2501/2501/1690 2227/2228/1423 1908/1909/1296
f 1977/1978/1323 2507/2507/1696 2502/2502/1691
f 2502/2502/1691 1972/1973/1321 1977/1978/1323
f 2504/2504/1693 2503/2503/1692 2508/2508/1697
f 2508/2508/1697 2509/2509/1698 2504/2504/1693
f 2506/2506/1695 2505/2505/1694 2510/2510/1699
f 2510/2510/1699 2511/2511/1700 2506/2506/1695
f 1982/1983/1325 2512/2512/1701 2507/2507/1696
f 2507/2507/1696 1977/1978/1323 1982/1983/1325
f 2509/2509/1698 2508/2508/1697 2513/2513/1702
f 2513/2513/1702 2514/2514/1703 2509/2509/1698
f 2511/2511/1700 2510/2510/1699 2515/2515/1704
f 2515/2515/1704 2516/2516/1705 2511/2511/1700
f 1987/1988/1327 2517/2517/1706 2512/2512/1701
f 2512/2512/1701 1982/1983/1325 1987/1988/1327
f 2514/2514/1703 2513/2513/1702 2518/2518/1707
f 2518/2518/1707 2519/2519/1708 2514/2514/1703
f 2516/2516/1705 2515/2515/1704 2520/2520/1709
f 2520/2520/1709 2521/2521/1710 2516/2516/1705
f 1992/1993/1329 2522/2522/1711 2517/2517/1706
f 2517/2517/1706 1987/1988/1327 1992/1993/1329
f 2519/2519/1708 2518/2518/1707 2523/2523/1712
f 2523/2523/1712 2524/2524/1713 2519/2519/1708
f 2521/2521/1710 2520/2520/1709 2525/2525/1714
f 2525/2525/1714 2526/2526/1715 2521/2521/1710
f 1997/1998/1331 2527/2527/1716 2522/2522/1711
f 2522/2522/1711 1992/1993/1329 1997/1998/1331
f 2524/2524/1713 2523/2523/1712 2528/2528/1717
f 2528/2528/1717 2529/2529/1718 2524/2524/1713
f 2526/2526/1715 2525/2525/1714 2530/2530/1719
f 2530/2530/1719 2531/2531/1720 2526/2526/1715
f 2002/2003/1333 2532/2532/1721 2527/2527/1716
f 2527/2527/1716 1997/1998/1331 2002/2003/1333
f 2529/2529/1718 2528/2528/1717 2533/2533/1722
f 2533/2533/1722 2534/2534/1723 2529/2529/1718
f 2531/2531/1720 2530/2530/1719 2535/2535/1724
f 2535/2535/1724 2536/2536/1725 2531/2531/1720
f 2007/2008/1335 2537/2537/1726 2532/2532/1721
f 2532/2532/1721 2002/2003/1333 2007/2008/1335
f 2534/2534/1723 2533/2533/1722 2538/2538/1727
f 2538/2538/1727 2539/2539/1728 2534/2534/1723
f 2536/2536/1725 2535/2535/1724 2540/2540/1729
f 2540/2540/1729 2541/2541/1730 2536/2536/1725
f 2012/2013/1337 2542/2542/1731 2537/2537/1726
f 2537/2537/1726 2007/2008/1335 2012/2013/1337
f 2546/2543/1732 2543/2544/1727 2544/2545/1733
f 2544/2545/1733 2545/2546/1734 2546/2543/1732
f 2541/2541/1730 2540/2540/1729 2547/2547/1735
f 2547/2547/1735 2548/2548/1736 2541/2541/1730
f 2017/2018/1339 2549/2549/1737 2542/2542/1731
f 2542/2542/1731 2012/2013/1337 2017/2018/1339
f 2545/2546/1734 2544/2545/1733 2550/2550/1738
f 2550/2550/1738 2551/2551/1739 2545/2546/1734
f 2548/2548/1736 2547/2547/1735 2552/2552/1740
f 2552/2552/1740 2553/2553/1741 2548/2548/1736
f 2022/2023/1341 2554/2554/1742 2549/2549/1737
f 2549/2549/1737 2017/2018/1339 2022/2023/1341
f 2551/2551/1739 2550/2550/1738 2495/2496/1685
f 2495/2496/1685 2496/2495/1684 2551/2551/1739
f 2553/2553/1741 2552/2552/1740 2555/2555/1743
f 2555/2555/1743 2556/2556/1744 2553/2553/1741
f 2027/2028/1343 2329/2329/1521 2554/2554/1742
f 2554/2554/1742 2022/2023/1341 2027/2028/1343
f 2556/2556/1744 2555/2555/1743 2327/2328/1520
f 2327/2328/1520 2328/2327/1519 2556/2556/1744
f 2560/2557/1745 2557/2558/1746 2558/2559/1747
f 2558/2559/1747 2559/2560/1748 2560/2557/1745
f 2564/2561/1749 2561/2562/1750 2562/2563/1751
f 2562/2563/1751 2563/2564/1752 2564/2561/1749
f 2568/2565/1753 2565/2566/1754 2566/2567/1755
f 2566/2567/1755 2567/2568/1756 2568/2565/1753
f 2570/2569/1757 2569/2570/1758 2557/2558/1746
f 2557/2558/1746 2560/2557/1745 2570/2569/1757
f 2572/2571/1759 2571/2572/1760 2561/2562/1750
f 2561/2562/1750 2564/2561/1749 2572/2571/1759
f 2576/2573/1761 2573/2574/1762 2574/2575/1763
f 2574/2575/1763 2575/2576/1764 2576/2573/1761
f 2578/2577/1765 2577/2578/1766 2569/2570/1758
f 2569/2570/1758 2570/2569/1757 2578/2577/1765
f 2559/2560/1748 2558/2559/1747 2571/2572/1760
f 2571/2572/1760 2572/2571/1759 2559/2560/1748
f 2575/2576/1764 2574/2575/1763 2579/2579/1767
f 2579/2579/1767 2580/2580/1768 2575/2576/1764
f 2563/2564/1752 2562/2563/1751 2573/2574/1762
f 2573/2574/1762 2576/2573/1761 2563/2564/1752
f 2567/2568/1756 2566/2567/1755 2577/2578/1766
f 2577/2578/1766 2578/2577/1765 2567/2568/1756
f 2580/2580/1768 2579/2579/1767 2565/2566/1754
f 2565/2566/1754 2568/2565/1753 2580/2580/1768
f 2581/2581/1769 2575/2576/1764 2580/2580/1768
f 2580/2580/1768 2334/2335/1527 2581/2581/1769
f 2582/2582/1770 2583/2583/1771 2584/2584/1298
f 2587/2585/1772 2585/2586/1773 2581/2581/1769
f 2581/2581/1769 2586/2587/1774 2587/2585/1772
f 2585/2586/1773 2576/2573/1761 2575/2576/1764
f 2575/2576/1764 2581/2581/1769 2585/2586/1773
f 2588/2588/1775 2589/2589/1776 2584/2584/1298
f 2591/2590/1777 2590/2591/1778 2585/2586/1773
f 2585/2586/1773 2587/2585/1772 2591/2590/1777
f 2590/2591/1778 2563/2564/1752 2576/2573/1761
f 2576/2573/1761 2585/2586/1773 2590/2591/1778
f 2592/2592/1779 2588/2588/1775 2584/2584/1298
f 2594/2593/1780 2593/2594/1781 2590/2591/1778
f 2590/2591/1778 2591/2590/1777 2594/2593/1780
f 2593/2594/1781 2564/2561/1749 2563/2564/1752
f 2563/2564/1752 2590/2591/1778 2593/2594/1781
f 2595/2595/1782 2592/2592/1779 2584/2584/1298
f 2597/2596/1783 2596/2597/1784 2593/2594/1781
f 2593/2594/1781 2594/2593/1780 2597/2596/1783
f 2596/2597/1784 2572/2571/1759 2564/2561/1749
f 2564/2561/1749 2593/2594/1781 2596/2597/1784
f 2598/2598/1785 2595/2595/1782 2584/2584/1298
f 2600/2599/1786 2599/2600/1787 2596/2597/1784
f 2596/2597/1784 2597/2596/1783 2600/2599/1786
f 2599/2600/1787 2559/2560/1748 2572/2571/1759
f 2572/2571/1759 2596/2597/1784 2599/2600/1787
f 2601/2601/1788 2598/2598/1785 2584/2584/1298
f 2603/2602/1789 2602/2603/1790 2599/2600/1787
f 2599/2600/1787 2600/2599/1786 2603/2602/1789
f 2602/2603/1790 2560/2557/1745 2559/2560/1748
f 2559/2560/1748 2599/2600/1787 2602/2603/1790
f 2604/2604/1791 2601/2601/1788 2584/2584/1298
f 2606/2605/1792 2605/2606/1793 2602/2603/1790
f 2602/2603/1790 2603/2602/1789 2606/2605/1792
f 2605/2606/1793 2570/2569/1757 2560/2557/1745
f 2560/2557/1745 2602/2603/1790 2605/2606/1793
f 2607/2607/1794 2604/2604/1791 2584/2584/1298
f 2609/2608/1795 2608/2609/1796 2605/2606/1793
f 2605/2606/1793 2606/2605/1792 2609/2608/1795
f 2608/2609/1796 2578/2577/1765 2570/2569/1757
f 2570/2569/1757 2605/2606/1793 2608/2609/1796
f 2610/2610/1797 2607/2607/1794 2584/2584/1298
f 2612/2611/1798 2611/2612/1799 2608/2609/1796
f 2608/2609/1796 2609/2608/1795 2612/2611/1798
f 2611/2612/1799 2567/2568/1756 2578/2577/1765
f 2578/2577/1765 2608/2609/1796 2611/2612/1799
f 2613/2613/1800 2610/2610/1797 2584/2584/1298
f 2336/2337/1529 2335/2336/1528 2611/2612/1799
f 2611/2612/1799 2612/2611/1798 2336/2337/1529
f 2335/2336/1528 2568/2565/1753 2567/2568/1756
f 2567/2568/1756 2611/2612/1799 2335/2336/1528
f 2583/2583/1771 2613/2613/1800 2584/2584/1298
f 2617/2614/1801 2614/2615/1802 2615/2616/1527
f 2615/2616/1527 2616/2617/1526 2617/2614/1801
f 2334/2335/1527 2580/2580/1768 2568/2565/1753
f 2568/2565/1753 2335/2336/1528 2334/2335/1527
f 2586/2587/1774 2581/2581/1769 2334/2335/1527
f 2334/2335/1527 2337/2334/1526 2586/2587/1774
f 2589/2589/1776 2582/2582/1770 2584/2584/1298
f 2621/2618/1757 2618/2619/1758 2619/2620/1746
f 2619/2620/1746 2620/2621/1745 2621/2618/1757
f 2625/2622/1759 2622/2623/1760 2623/2624/1803
f 2623/2624/1803 2624/2625/1749 2625/2622/1759
f 2629/2626/1768 2626/2627/1767 2627/2628/1804
f 2627/2628/1804 2628/2629/1753 2629/2626/1768
f 2631/2630/1765 2630/2631/1766 2618/2619/1758
f 2618/2619/1758 2621/2618/1757 2631/2630/1765
f 2633/2632/1748 2632/2633/1747 2622/2623/1760
f 2622/2623/1760 2625/2622/1759 2633/2632/1748
f 2637/2634/1752 2634/2635/1805 2635/2636/1806
f 2635/2636/1806 2636/2637/1807 2637/2634/1752
f 2639/2638/1808 2638/2639/1755 2630/2631/1766
f 2630/2631/1766 2631/2630/1765 2639/2638/1808
f 2620/2621/1745 2619/2620/1746 2632/2633/1747
f 2632/2633/1747 2633/2632/1748 2620/2621/1745
f 2636/2637/1807 2635/2636/1806 2640/2640/1809
f 2640/2640/1809 2641/2641/1764 2636/2637/1807
f 2624/2625/1749 2623/2624/1803 2634/2635/1805
f 2634/2635/1805 2637/2634/1752 2624/2625/1749
f 2628/2629/1753 2627/2628/1804 2638/2639/1755
f 2638/2639/1755 2639/2638/1808 2628/2629/1753
f 2641/2641/1764 2640/2640/1809 2626/2627/1767
f 2626/2627/1767 2629/2626/1768 2641/2641/1764
f 2642/2642/1810 2636/2637/1807 2641/2641/1764
f 2641/2641/1764 2614/2615/1802 2642/2642/1810
f 2643/2643/1776 2644/2644/1770 2645/2645/1298
f 2648/2646/1777 2646/2647/1778 2642/2642/1810
f 2642/2642/1810 2647/2648/1772 2648/2646/1777
f 2646/2647/1778 2637/2634/1752 2636/2637/1807
f 2636/2637/1807 2642/2642/1810 2646/2647/1778
f 2649/2649/1779 2650/2650/1775 2645/2645/1298
f 2652/2651/1811 2651/2652/1812 2646/2647/1778
f 2646/2647/1778 2648/2646/1777 2652/2651/1811
f 2651/2652/1812 2624/2625/1749 2637/2634/1752
f 2637/2634/1752 2646/2647/1778 2651/2652/1812
f 2653/2653/1782 2649/2649/1779 2645/2645/1298
f 2655/2654/1783 2654/2655/1784 2651/2652/1812
f 2651/2652/1812 2652/2651/1811 2655/2654/1783
f 2654/2655/1784 2625/2622/1759 2624/2625/1749
f 2624/2625/1749 2651/2652/1812 2654/2655/1784
f 2656/2656/1785 2653/2653/1782 2645/2645/1298
f 2658/2657/1786 2657/2658/1787 2654/2655/1784
f 2654/2655/1784 2655/2654/1783 2658/2657/1786
f 2657/2658/1787 2633/2632/1748 2625/2622/1759
f 2625/2622/1759 2654/2655/1784 2657/2658/1787
f 2659/2659/1788 2656/2656/1785 2645/2645/1298
f 2661/2660/1789 2660/2661/1790 2657/2658/1787
f 2657/2658/1787 2658/2657/1786 2661/2660/1789
f 2660/2661/1790 2620/2621/1745 2633/2632/1748
f 2633/2632/1748 2657/2658/1787 2660/2661/1790
f 2662/2662/1791 2659/2659/1788 2645/2645/1298
f 2664/2663/1792 2663/2664/1813 2660/2661/1790
f 2660/2661/1790 2661/2660/1789 2664/2663/1792
f 2663/2664/1813 2621/2618/1757 2620/2621/1745
f 2620/2621/1745 2660/2661/1790 2663/2664/1813
f 2665/2665/1794 2662/2662/1791 2645/2645/1298
f 2667/2666/1795 2666/2667/1796 2663/2664/1813
f 2663/2664/1813 2664/2663/1792 2667/2666/1795
f 2666/2667/1796 2631/2630/1765 2621/2618/1757
f 2621/2618/1757 2663/2664/1813 2666/2667/1796
f 2668/2668/1797 2665/2665/1794 2645/2645/1298
f 2670/2669/1798 2669/2670/1799 2666/2667/1796
f 2666/2667/1796 2667/2666/1795 2670/2669/1798
f 2669/2670/1799 2639/2638/1808 2631/2630/1765
f 2631/2630/1765 2666/2667/1796 2669/2670/1799
f 2671/2671/1800 2668/2668/1797 2645/2645/1298
f 2673/2672/1814 2672/2673/1815 2669/2670/1799
f 2669/2670/1799 2670/2669/1798 2673/2672/1814
f 2672/2673/1815 2628/2629/1753 2639/2638/1808
f 2639/2638/1808 2669/2670/1799 2672/2673/1815
f 2674/2674/1771 2671/2671/1800 2645/2645/1298
f 2616/2617/1526 2615/2616/1527 2672/2673/1815
f 2672/2673/1815 2673/2672/1814 2616/2617/1526
f 2615/2616/1527 2629/2626/1768 2628/2629/1753
f 2628/2629/1753 2672/2673/1815 2615/2616/1527
f 2644/2644/1770 2674/2674/1771 2645/2645/1298
f 2678/2675/1816 2675/2676/1773 2676/2677/1802
f 2676/2677/1802 2677/2678/1817 2678/2675/1816
f 2614/2615/1802 2641/2641/1764 2629/2626/1768
f 2629/2626/1768 2615/2616/1527 2614/2615/1802
f 2647/2648/1772 2642/2642/1810 2614/2615/1802
f 2614/2615/1802 2617/2614/1801 2647/2648/1772
f 2650/2650/1775 2643/2643/1776 2645/2645/1298
f 2682/2679/1765 2679/2680/1818 2680/2681/1758
f 2680/2681/1758 2681/2682/1819 2682/2679/1765
f 2686/2683/1748 2683/2684/1747 2684/2685/1760
f 2684/2685/1760 2685/2686/1820 2686/2683/1748
f 2690/2687/1764 2687/2688/1763 2688/2689/1821
f 2688/2689/1821 2689/2690/1768 2690/2687/1764
f 2692/2691/1756 2691/2692/1822 2679/2680/1818
f 2679/2680/1818 2682/2679/1765 2692/2691/1756
f 2694/2693/1823 2693/2694/1746 2683/2684/1747
f 2683/2684/1747 2686/2683/1748 2694/2693/1823
f 2698/2695/1824 2695/2696/1803 2696/2697/1805
f 2696/2697/1805 2697/2698/1752 2698/2695/1824
f 2700/2699/1825 2699/2700/1754 2691/2692/1822
f 2691/2692/1822 2692/2691/1756 2700/2699/1825
f 2681/2682/1819 2680/2681/1758 2693/2694/1746
f 2693/2694/1746 2694/2693/1823 2681/2682/1819
f 2697/2698/1752 2696/2697/1805 2701/2701/1806
f 2701/2701/1806 2702/2702/1807 2697/2698/1752
f 2685/2686/1820 2684/2685/1760 2695/2696/1803
f 2695/2696/1803 2698/2695/1824 2685/2686/1820
f 2689/2690/1768 2688/2689/1821 2699/2700/1754
f 2699/2700/1754 2700/2699/1825 2689/2690/1768
f 2702/2702/1807 2701/2701/1806 2687/2688/1763
f 2687/2688/1763 2690/2687/1764 2702/2702/1807
f 2703/2703/1778 2697/2698/1752 2702/2702/1807
f 2702/2702/1807 2675/2676/1773 2703/2703/1778
f 2704/2704/1775 2705/2705/1776 2706/2706/1298
f 2709/2707/1780 2707/2708/1781 2703/2703/1778
f 2703/2703/1778 2708/2709/1826 2709/2707/1780
f 2707/2708/1781 2698/2695/1824 2697/2698/1752
f 2697/2698/1752 2703/2703/1778 2707/2708/1781
f 2710/2710/1827 2711/2711/1779 2706/2706/1298
f 2713/2712/1828 2712/2713/1829 2707/2708/1781
f 2707/2708/1781 2709/2707/1780 2713/2712/1828
f 2712/2713/1829 2685/2686/1820 2698/2695/1824
f 2698/2695/1824 2707/2708/1781 2712/2713/1829
f 2714/2714/1785 2710/2710/1827 2706/2706/1298
f 2716/2715/1786 2715/2716/1787 2712/2713/1829
f 2712/2713/1829 2713/2712/1828 2716/2715/1786
f 2715/2716/1787 2686/2683/1748 2685/2686/1820
f 2685/2686/1820 2712/2713/1829 2715/2716/1787
f 2717/2717/1788 2714/2714/1785 2706/2706/1298
f 2719/2718/1830 2718/2719/1831 2715/2716/1787
f 2715/2716/1787 2716/2715/1786 2719/2718/1830
f 2718/2719/1831 2694/2693/1823 2686/2683/1748
f 2686/2683/1748 2715/2716/1787 2718/2719/1831
f 2720/2720/1791 2717/2717/1788 2706/2706/1298
f 2722/2721/1792 2721/2722/1813 2718/2719/1831
f 2718/2719/1831 2719/2718/1830 2722/2721/1792
f 2721/2722/1813 2681/2682/1819 2694/2693/1823
f 2694/2693/1823 2718/2719/1831 2721/2722/1813
f 2723/2723/1794 2720/2720/1791 2706/2706/1298
f 2725/2724/1832 2724/2725/1796 2721/2722/1813
f 2721/2722/1813 2722/2721/1792 2725/2724/1832
f 2724/2725/1796 2682/2679/1765 2681/2682/1819
f 2681/2682/1819 2721/2722/1813 2724/2725/1796
f 2726/2726/1797 2723/2723/1794 2706/2706/1298
f 2728/2727/1833 2727/2728/1834 2724/2725/1796
f 2724/2725/1796 2725/2724/1832 2728/2727/1833
f 2727/2728/1834 2692/2691/1756 2682/2679/1765
f 2682/2679/1765 2724/2725/1796 2727/2728/1834
f 2729/2729/1800 2726/2726/1797 2706/2706/1298
f 2731/2730/1814 2730/2731/1815 2727/2728/1834
f 2727/2728/1834 2728/2727/1833 2731/2730/1814
f 2730/2731/1815 2700/2699/1825 2692/2691/1756
f 2692/2691/1756 2727/2728/1834 2730/2731/1815
f 2732/2732/1771 2729/2729/1800 2706/2706/1298
f 2734/2733/1835 2733/2734/1527 2730/2731/1815
f 2730/2731/1815 2731/2730/1814 2734/2733/1835
f 2733/2734/1527 2689/2690/1768 2700/2699/1825
f 2700/2699/1825 2730/2731/1815 2733/2734/1527
f 2735/2735/1770 2732/2732/1771 2706/2706/1298
f 2677/2678/1817 2676/2677/1802 2733/2734/1527
f 2733/2734/1527 2734/2733/1835 2677/2678/1817
f 2676/2677/1802 2690/2687/1764 2689/2690/1768
f 2689/2690/1768 2733/2734/1527 2676/2677/1802
f 2705/2705/1776 2735/2735/1770 2706/2706/1298
f 2739/2736/1826 2736/2737/1778 2737/2738/1773
f 2737/2738/1773 2738/2739/1816 2739/2736/1826
f 2675/2676/1773 2702/2702/1807 2690/2687/1764
f 2690/2687/1764 2676/2677/1802 2675/2676/1773
f 2708/2709/1826 2703/2703/1778 2675/2676/1773
f 2675/2676/1773 2678/2675/1816 2708/2709/1826
f 2711/2711/1779 2704/2704/1775 2706/2706/1298
f 2743/2740/1756 2740/2741/1755 2741/2742/1818
f 2741/2742/1818 2742/2743/1765 2743/2740/1756
f 2747/2744/1745 2744/2745/1746 2745/2746/1836
f 2745/2746/1836 2746/2747/1748 2747/2744/1745
f 2751/2748/1807 2748/2749/1806 2749/2750/1763
f 2749/2750/1763 2750/2751/1764 2751/2748/1807
f 2753/2752/1837 2752/2753/1804 2740/2741/1755
f 2740/2741/1755 2743/2740/1756 2753/2752/1837
f 2755/2754/1819 2754/2755/1838 2744/2745/1746
f 2744/2745/1746 2747/2744/1745 2755/2754/1819
f 2759/2756/1820 2756/2757/1839 2757/2758/1803
f 2757/2758/1803 2758/2759/1749 2759/2756/1820
f 2761/2760/1768 2760/2761/1821 2752/2753/1804
f 2752/2753/1804 2753/2752/1837 2761/2760/1768
f 2742/2743/1765 2741/2742/1818 2754/2755/1838
f 2754/2755/1838 2755/2754/1819 2742/2743/1765
f 2758/2759/1749 2757/2758/1803 2762/2762/1805
f 2762/2762/1805 2763/2763/1752 2758/2759/1749
f 2746/2747/1748 2745/2746/1836 2756/2757/1839
f 2756/2757/1839 2759/2756/1820 2746/2747/1748
f 2750/2751/1764 2749/2750/1763 2760/2761/1821
f 2760/2761/1821 2761/2760/1768 2750/2751/1764
f 2763/2763/1752 2762/2762/1805 2748/2749/1806
f 2748/2749/1806 2751/2748/1807 2763/2763/1752
f 2764/2764/1781 2758/2759/1749 2763/2763/1752
f 2763/2763/1752 2736/2737/1778 2764/2764/1781
f 2765/2765/1779 2766/2766/1775 2767/2767/1298
f 2770/2768/1828 2768/2769/1784 2764/2764/1781
f 2764/2764/1781 2769/2770/1780 2770/2768/1828
f 2768/2769/1784 2759/2756/1820 2758/2759/1749
f 2758/2759/1749 2764/2764/1781 2768/2769/1784
f 2771/2771/1785 2772/2772/1782 2767/2767/1298
f 2774/2773/1840 2773/2774/1787 2768/2769/1784
f 2768/2769/1784 2770/2768/1828 2774/2773/1840
f 2773/2774/1787 2746/2747/1748 2759/2756/1820
f 2759/2756/1820 2768/2769/1784 2773/2774/1787
f 2775/2775/1788 2771/2771/1785 2767/2767/1298
f 2777/2776/1830 2776/2777/1790 2773/2774/1787
f 2773/2774/1787 2774/2773/1840 2777/2776/1830
f 2776/2777/1790 2747/2744/1745 2746/2747/1748
f 2746/2747/1748 2773/2774/1787 2776/2777/1790
f 2778/2778/1791 2775/2775/1788 2767/2767/1298
f 2780/2779/1841 2779/2780/1793 2776/2777/1790
f 2776/2777/1790 2777/2776/1830 2780/2779/1841
f 2779/2780/1793 2755/2754/1819 2747/2744/1745
f 2747/2744/1745 2776/2777/1790 2779/2780/1793
f 2781/2781/1794 2778/2778/1791 2767/2767/1298
f 2783/2782/1832 2782/2783/1796 2779/2780/1793
f 2779/2780/1793 2780/2779/1841 2783/2782/1832
f 2782/2783/1796 2742/2743/1765 2755/2754/1819
f 2755/2754/1819 2779/2780/1793 2782/2783/1796
f 2784/2784/1797 2781/2781/1794 2767/2767/1298
f 2786/2785/1842 2785/2786/1834 2782/2783/1796
f 2782/2783/1796 2783/2782/1832 2786/2785/1842
f 2785/2786/1834 2743/2740/1756 2742/2743/1765
f 2742/2743/1765 2782/2783/1796 2785/2786/1834
f 2787/2787/1800 2784/2784/1797 2767/2767/1298
f 2789/2788/1814 2788/2789/1528 2785/2786/1834
f 2785/2786/1834 2786/2785/1842 2789/2788/1814
f 2788/2789/1528 2753/2752/1837 2743/2740/1756
f 2743/2740/1756 2785/2786/1834 2788/2789/1528
f 2790/2790/1771 2787/2787/1800 2767/2767/1298
f 2792/2791/1835 2791/2792/1527 2788/2789/1528
f 2788/2789/1528 2789/2788/1814 2792/2791/1835
f 2791/2792/1527 2761/2760/1768 2753/2752/1837
f 2753/2752/1837 2788/2789/1528 2791/2792/1527
f 2793/2793/1770 2790/2790/1771 2767/2767/1298
f 2795/2794/1801 2794/2795/1769 2791/2792/1527
f 2791/2792/1527 2792/2791/1835 2795/2794/1801
f 2794/2795/1769 2750/2751/1764 2761/2760/1768
f 2761/2760/1768 2791/2792/1527 2794/2795/1769
f 2796/2796/1776 2793/2793/1770 2767/2767/1298
f 2738/2739/1816 2737/2738/1773 2794/2795/1769
f 2794/2795/1769 2795/2794/1801 2738/2739/1816
f 2737/2738/1773 2751/2748/1807 2750/2751/1764
f 2750/2751/1764 2794/2795/1769 2737/2738/1773
f 2766/2766/1775 2796/2796/1776 2767/2767/1298
f 2800/2797/1843 2797/2798/1812 2798/2799/1778
f 2798/2799/1778 2799/2800/1826 2800/2797/1843
f 2736/2737/1778 2763/2763/1752 2751/2748/1807
f 2751/2748/1807 2737/2738/1773 2736/2737/1778
f 2769/2770/1780 2764/2764/1781 2736/2737/1778
f 2736/2737/1778 2739/2736/1826 2769/2770/1780
f 2772/2772/1782 2765/2765/1779 2767/2767/1298
f 2804/2801/1837 2801/2802/1804 2802/2803/1755
f 2802/2803/1755 2803/2804/1756 2804/2801/1837
f 2808/2805/1819 2805/2806/1838 2806/2807/1746
f 2806/2807/1746 2807/2808/1745 2808/2805/1819
f 2812/2809/1752 2809/2810/1805 2810/2811/1762
f 2810/2811/1762 2811/2812/1807 2812/2809/1752
f 2814/2813/1768 2813/2814/1821 2801/2802/1804
f 2801/2802/1804 2804/2801/1837 2814/2813/1768
f 2816/2815/1765 2815/2816/1818 2805/2806/1838
f 2805/2806/1838 2808/2805/1819 2816/2815/1765
f 2820/2817/1748 2817/2818/1747 2818/2819/1760
f 2818/2819/1760 2819/2820/1759 2820/2817/1748
f 2822/2821/1844 2821/2822/1763 2813/2814/1821
f 2813/2814/1821 2814/2813/1768 2822/2821/1844
f 2803/2804/1756 2802/2803/1755 2815/2816/1818
f 2815/2816/1818 2816/2815/1765 2803/2804/1756
f 2819/2820/1759 2818/2819/1760 2823/2823/1845
f 2823/2823/1845 2824/2824/1749 2819/2820/1759
f 2807/2808/1745 2806/2807/1746 2817/2818/1747
f 2817/2818/1747 2820/2817/1748 2807/2808/1745
f 2811/2812/1807 2810/2811/1762 2821/2822/1763
f 2821/2822/1763 2822/2821/1844 2811/2812/1807
f 2824/2824/1749 2823/2823/1845 2809/2810/1805
f 2809/2810/1805 2812/2809/1752 2824/2824/1749
f 2825/2825/1829 2819/2820/1759 2824/2824/1749
f 2824/2824/1749 2797/2798/1812 2825/2825/1829
f 2826/2826/1782 2827/2827/1779 2828/2828/1298
f 2831/2829/1840 2829/2830/1787 2825/2825/1829
f 2825/2825/1829 2830/2831/1828 2831/2829/1840
f 2829/2830/1787 2820/2817/1748 2819/2820/1759
f 2819/2820/1759 2825/2825/1829 2829/2830/1787
f 2832/2832/1788 2833/2833/1785 2828/2828/1298
f 2835/2834/1846 2834/2835/1831 2829/2830/1787
f 2829/2830/1787 2831/2829/1840 2835/2834/1846
f 2834/2835/1831 2807/2808/1745 2820/2817/1748
f 2820/2817/1748 2829/2830/1787 2834/2835/1831
f 2836/2836/1791 2832/2832/1788 2828/2828/1298
f 2838/2837/1841 2837/2838/1793 2834/2835/1831
f 2834/2835/1831 2835/2834/1846 2838/2837/1841
f 2837/2838/1793 2808/2805/1819 2807/2808/1745
f 2807/2808/1745 2834/2835/1831 2837/2838/1793
f 2839/2839/1794 2836/2836/1791 2828/2828/1298
f 2841/2840/1832 2840/2841/1796 2837/2838/1793
f 2837/2838/1793 2838/2837/1841 2841/2840/1832
f 2840/2841/1796 2816/2815/1765 2808/2805/1819
f 2808/2805/1819 2837/2838/1793 2840/2841/1796
f 2842/2842/1797 2839/2839/1794 2828/2828/1298
f 2844/2843/1842 2843/2844/1834 2840/2841/1796
f 2840/2841/1796 2841/2840/1832 2844/2843/1842
f 2843/2844/1834 2803/2804/1756 2816/2815/1765
f 2816/2815/1765 2840/2841/1796 2843/2844/1834
f 2845/2845/1800 2842/2842/1797 2828/2828/1298
f 2847/2846/1814 2846/2847/1815 2843/2844/1834
f 2843/2844/1834 2844/2843/1842 2847/2846/1814
f 2846/2847/1815 2804/2801/1837 2803/2804/1756
f 2803/2804/1756 2843/2844/1834 2846/2847/1815
f 2848/2848/1771 2845/2845/1800 2828/2828/1298
f 2850/2849/1835 2849/2850/1527 2846/2847/1815
f 2846/2847/1815 2847/2846/1814 2850/2849/1835
f 2849/2850/1527 2814/2813/1768 2804/2801/1837
f 2804/2801/1837 2846/2847/1815 2849/2850/1527
f 2851/2851/1770 2848/2848/1771 2828/2828/1298
f 2853/2852/1801 2852/2853/1802 2849/2850/1527
f 2849/2850/1527 2850/2849/1835 2853/2852/1801
f 2852/2853/1802 2822/2821/1844 2814/2813/1768
f 2814/2813/1768 2849/2850/1527 2852/2853/1802
f 2854/2854/1776 2851/2851/1770 2828/2828/1298
f 2856/2855/1772 2855/2856/1810 2852/2853/1802
f 2852/2853/1802 2853/2852/1801 2856/2855/1772
f 2855/2856/1810 2811/2812/1807 2822/2821/1844
f 2822/2821/1844 2852/2853/1802 2855/2856/1810
f 2857/2857/1775 2854/2854/1776 2828/2828/1298
f 2799/2800/1826 2798/2799/1778 2855/2856/1810
f 2855/2856/1810 2856/2855/1772 2799/2800/1826
f 2798/2799/1778 2812/2809/1752 2811/2812/1807
f 2811/2812/1807 2855/2856/1810 2798/2799/1778
f 2827/2827/1779 2857/2857/1775 2828/2828/1298
f 2861/2858/1828 2858/2859/1784 2859/2860/1812
f 2859/2860/1812 2860/2861/1843 2861/2858/1828
f 2797/2798/1812 2824/2824/1749 2812/2809/1752
f 2812/2809/1752 2798/2799/1778 2797/2798/1812
f 2830/2831/1828 2825/2825/1829 2797/2798/1812
f 2797/2798/1812 2800/2797/1843 2830/2831/1828
f 2833/2833/1785 2826/2826/1782 2828/2828/1298
f 2865/2862/1768 2862/2863/1767 2863/2864/1804
f 2863/2864/1804 2864/2865/1753 2865/2862/1768
f 2869/2866/1765 2866/2867/1818 2867/2868/1838
f 2867/2868/1838 2868/2869/1847 2869/2866/1765
f 2873/2870/1749 2870/2871/1803 2871/2872/1751
f 2871/2872/1751 2872/2873/1752 2873/2870/1749
f 2875/2874/1764 2874/2875/1848 2862/2863/1767
f 2862/2863/1767 2865/2862/1768 2875/2874/1764
f 2877/2876/1756 2876/2877/1755 2866/2867/1818
f 2866/2867/1818 2869/2866/1765 2877/2876/1756
f 2881/2878/1823 2878/2879/1746 2879/2880/1747
f 2879/2880/1747 2880/2881/1748 2881/2878/1823
f 2883/2882/1849 2882/2883/1806 2874/2875/1848
f 2874/2875/1848 2875/2874/1764 2883/2882/1849
f 2864/2865/1753 2863/2864/1804 2876/2877/1755
f 2876/2877/1755 2877/2876/1756 2864/2865/1753
f 2880/2881/1748 2879/2880/1747 2884/2884/1839
f 2884/2884/1839 2885/2885/1759 2880/2881/1748
f 2868/2869/1847 2867/2868/1838 2878/2879/1746
f 2878/2879/1746 2881/2878/1823 2868/2869/1847
f 2872/2873/1752 2871/2872/1751 2882/2883/1806
f 2882/2883/1806 2883/2882/1849 2872/2873/1752
f 2885/2885/1759 2884/2884/1839 2870/2871/1803
f 2870/2871/1803 2873/2870/1749 2885/2885/1759
f 2886/2886/1787 2880/2881/1748 2885/2885/1759
f 2885/2885/1759 2858/2859/1784 2886/2886/1787
f 2887/2887/1785 2888/2888/1782 2889/2889/1298
f 2892/2890/1789 2890/2891/1790 2886/2886/1787
f 2886/2886/1787 2891/2892/1786 2892/2890/1789
f 2890/2891/1790 2881/2878/1823 2880/2881/1748
f 2880/2881/1748 2886/2886/1787 2890/2891/1790
f 2893/2893/1850 2894/2894/1788 2889/2889/1298
f 2896/2895/1792 2895/2896/1793 2890/2891/1790
f 2890/2891/1790 2892/2890/1789 2896/2895/1792
f 2895/2896/1793 2868/2869/1847 2881/2878/1823
f 2881/2878/1823 2890/2891/1790 2895/2896/1793
f 2897/2897/1794 2893/2893/1850 2889/2889/1298
f 2899/2898/1795 2898/2899/1796 2895/2896/1793
f 2895/2896/1793 2896/2895/1792 2899/2898/1795
f 2898/2899/1796 2869/2866/1765 2868/2869/1847
f 2868/2869/1847 2895/2896/1793 2898/2899/1796
f 2900/2900/1797 2897/2897/1794 2889/2889/1298
f 2902/2901/1842 2901/2902/1799 2898/2899/1796
f 2898/2899/1796 2899/2898/1795 2902/2901/1842
f 2901/2902/1799 2877/2876/1756 2869/2866/1765
f 2869/2866/1765 2898/2899/1796 2901/2902/1799
f 2903/2903/1800 2900/2900/1797 2889/2889/1298
f 2905/2904/1814 2904/2905/1815 2901/2902/1799
f 2901/2902/1799 2902/2901/1842 2905/2904/1814
f 2904/2905/1815 2864/2865/1753 2877/2876/1756
f 2877/2876/1756 2901/2902/1799 2904/2905/1815
f 2906/2906/1771 2903/2903/1800 2889/2889/1298
f 2908/2907/1526 2907/2908/1527 2904/2905/1815
f 2904/2905/1815 2905/2904/1814 2908/2907/1526
f 2907/2908/1527 2865/2862/1768 2864/2865/1753
f 2864/2865/1753 2904/2905/1815 2907/2908/1527
f 2909/2909/1770 2906/2906/1771 2889/2889/1298
f 2911/2910/1817 2910/2911/1769 2907/2908/1527
f 2907/2908/1527 2908/2907/1526 2911/2910/1817
f 2910/2911/1769 2875/2874/1764 2865/2862/1768
f 2865/2862/1768 2907/2908/1527 2910/2911/1769
f 2912/2912/1776 2909/2909/1770 2889/2889/1298
f 2914/2913/1772 2913/2914/1810 2910/2911/1769
f 2910/2911/1769 2911/2910/1817 2914/2913/1772
f 2913/2914/1810 2883/2882/1849 2875/2874/1764
f 2875/2874/1764 2910/2911/1769 2913/2914/1810
f 2915/2915/1775 2912/2912/1776 2889/2889/1298
f 2917/2916/1777 2916/2917/1778 2913/2914/1810
f 2913/2914/1810 2914/2913/1772 2917/2916/1777
f 2916/2917/1778 2872/2873/1752 2883/2882/1849
f 2883/2882/1849 2913/2914/1810 2916/2917/1778
f 2918/2918/1779 2915/2915/1775 2889/2889/1298
f 2860/2861/1843 2859/2860/1812 2916/2917/1778
f 2916/2917/1778 2917/2916/1777 2860/2861/1843
f 2859/2860/1812 2873/2870/1749 2872/2873/1752
f 2872/2873/1752 2916/2917/1778 2859/2860/1812
f 2888/2888/1782 2918/2918/1779 2889/2889/1298
f 2922/2919/1786 2919/2920/1787 2920/2921/1784
f 2920/2921/1784 2921/2922/1783 2922/2919/1786
f 2858/2859/1784 2885/2885/1759 2873/2870/1749
f 2873/2870/1749 2859/2860/1812 2858/2859/1784
f 2891/2892/1786 2886/2886/1787 2858/2859/1784
f 2858/2859/1784 2861/2858/1828 2891/2892/1786
f 2894/2894/1788 2887/2887/1785 2889/2889/1298
f 2926/2923/1764 2923/2924/1763 2924/2925/1767
f 2924/2925/1767 2925/2926/1768 2926/2923/1764
f 2930/2927/1756 2927/2928/1822 2928/2929/1766
f 2928/2929/1766 2929/2930/1765 2930/2927/1756
f 2934/2931/1759 2931/2932/1839 2932/2933/1803
f 2932/2933/1803 2933/2934/1749 2934/2931/1759
f 2936/2935/1761 2935/2936/1762 2923/2924/1763
f 2923/2924/1763 2926/2923/1764 2936/2935/1761
f 2938/2937/1753 2937/2938/1754 2927/2928/1822
f 2927/2928/1822 2930/2927/1756 2938/2937/1753
f 2942/2939/1757 2939/2940/1758 2940/2941/1746
f 2940/2941/1746 2941/2942/1745 2942/2939/1757
f 2944/2943/1752 2943/2944/1751 2935/2936/1762
f 2935/2936/1762 2936/2935/1761 2944/2943/1752
f 2925/2926/1768 2924/2925/1767 2937/2938/1754
f 2937/2938/1754 2938/2937/1753 2925/2926/1768
f 2941/2942/1745 2940/2941/1746 2945/2945/1747
f 2945/2945/1747 2946/2946/1748 2941/2942/1745
f 2929/2930/1765 2928/2929/1766 2939/2940/1758
f 2939/2940/1758 2942/2939/1757 2929/2930/1765
f 2933/2934/1749 2932/2933/1803 2943/2944/1751
f 2943/2944/1751 2944/2943/1752 2933/2934/1749
f 2946/2946/1748 2945/2945/1747 2931/2932/1839
f 2931/2932/1839 2934/2931/1759 2946/2946/1748
f 2947/2947/1790 2941/2942/1745 2946/2946/1748
f 2946/2946/1748 2919/2920/1787 2947/2947/1790
f 2948/2948/1788 2949/2949/1785 2950/2950/1298
f 2953/2951/1792 2951/2952/1793 2947/2947/1790
f 2947/2947/1790 2952/2953/1789 2953/2951/1792
f 2951/2952/1793 2942/2939/1757 2941/2942/1745
f 2941/2942/1745 2947/2947/1790 2951/2952/1793
f 2954/2954/1794 2955/2955/1791 2950/2950/1298
f 2957/2956/1795 2956/2957/1796 2951/2952/1793
f 2951/2952/1793 2953/2951/1792 2957/2956/1795
f 2956/2957/1796 2929/2930/1765 2942/2939/1757
f 2942/2939/1757 2951/2952/1793 2956/2957/1796
f 2958/2958/1797 2954/2954/1794 2950/2950/1298
f 2960/2959/1842 2959/2960/1834 2956/2957/1796
f 2956/2957/1796 2957/2956/1795 2960/2959/1842
f 2959/2960/1834 2930/2927/1756 2929/2930/1765
f 2929/2930/1765 2956/2957/1796 2959/2960/1834
f 2961/2961/1800 2958/2958/1797 2950/2950/1298
f 2963/2962/1529 2962/2963/1528 2959/2960/1834
f 2959/2960/1834 2960/2959/1842 2963/2962/1529
f 2962/2963/1528 2938/2937/1753 2930/2927/1756
f 2930/2927/1756 2959/2960/1834 2962/2963/1528
f 2964/2964/1771 2961/2961/1800 2950/2950/1298
f 2966/2965/1526 2965/2966/1527 2962/2963/1528
f 2962/2963/1528 2963/2962/1529 2966/2965/1526
f 2965/2966/1527 2925/2926/1768 2938/2937/1753
f 2938/2937/1753 2962/2963/1528 2965/2966/1527
f 2967/2967/1770 2964/2964/1771 2950/2950/1298
f 2969/2968/1774 2968/2969/1769 2965/2966/1527
f 2965/2966/1527 2966/2965/1526 2969/2968/1774
f 2968/2969/1769 2926/2923/1764 2925/2926/1768
f 2925/2926/1768 2965/2966/1527 2968/2969/1769
f 2970/2970/1851 2967/2967/1770 2950/2950/1298
f 2972/2971/1772 2971/2972/1773 2968/2969/1769
f 2968/2969/1769 2969/2968/1774 2972/2971/1772
f 2971/2972/1773 2936/2935/1761 2926/2923/1764
f 2926/2923/1764 2968/2969/1769 2971/2972/1773
f 2973/2973/1775 2970/2970/1851 2950/2950/1298
f 2975/2974/1777 2974/2975/1778 2971/2972/1773
f 2971/2972/1773 2972/2971/1772 2975/2974/1777
f 2974/2975/1778 2944/2943/1752 2936/2935/1761
f 2936/2935/1761 2971/2972/1773 2974/2975/1778
f 2976/2976/1779 2973/2973/1775 2950/2950/1298
f 2978/2977/1843 2977/2978/1812 2974/2975/1778
f 2974/2975/1778 2975/2974/1777 2978/2977/1843
f 2977/2978/1812 2933/2934/1749 2944/2943/1752
f 2944/2943/1752 2974/2975/1778 2977/2978/1812
f 2979/2979/1782 2976/2976/1779 2950/2950/1298
f 2921/2922/1783 2920/2921/1784 2977/2978/1812
f 2977/2978/1812 2978/2977/1843 2921/2922/1783
f 2920/2921/1784 2934/2931/1759 2933/2934/1749
f 2933/2934/1749 2977/2978/1812 2920/2921/1784
f 2949/2949/1785 2979/2979/1782 2950/2950/1298
f 2983/2980/1830 2980/2981/1831 2981/2982/1787
f 2981/2982/1787 2982/2983/1786 2983/2980/1830
f 2919/2920/1787 2946/2946/1748 2934/2931/1759
f 2934/2931/1759 2920/2921/1784 2919/2920/1787
f 2952/2953/1789 2947/2947/1790 2919/2920/1787
f 2919/2920/1787 2922/2919/1786 2952/2953/1789
f 2955/2955/1791 2948/2948/1788 2950/2950/1298
f 2987/2984/1761 2984/2985/1762 2985/2986/1763
f 2985/2986/1763 2986/2987/1764 2987/2984/1761
f 2991/2988/1753 2988/2989/1754 2989/2990/1755
f 2989/2990/1755 2990/2991/1756 2991/2988/1753
f 2995/2992/1748 2992/2993/1747 2993/2994/1760
f 2993/2994/1760 2994/2995/1820 2995/2992/1748
f 2997/2996/1752 2996/2997/1751 2984/2985/1762
f 2984/2985/1762 2987/2984/1761 2997/2996/1752
f 2999/2998/1768 2998/2999/1767 2988/2989/1754
f 2988/2989/1754 2991/2988/1753 2999/2998/1768
f 3003/3000/1765 3000/3001/1766 3001/3002/1838
f 3001/3002/1838 3002/3003/1819 3003/3000/1765
f 3005/3004/1749 3004/3005/1803 2996/2997/1751
f 2996/2997/1751 2997/2996/1752 3005/3004/1749
f 2986/2987/1764 2985/2986/1763 2998/2999/1767
f 2998/2999/1767 2999/2998/1768 2986/2987/1764
f 3002/3003/1819 3001/3002/1838 3006/3006/1852
f 3006/3006/1852 3007/3007/1745 3002/3003/1819
f 2990/2991/1756 2989/2990/1755 3000/3001/1766
f 3000/3001/1766 3003/3000/1765 2990/2991/1756
f 2994/2995/1820 2993/2994/1760 3004/3005/1803
f 3004/3005/1803 3005/3004/1749 2994/2995/1820
f 3007/3007/1745 3006/3006/1852 2992/2993/1747
f 2992/2993/1747 2995/2992/1748 3007/3007/1745
f 3008/3008/1813 3002/3003/1819 3007/3007/1745
f 3007/3007/1745 2980/2981/1831 3008/3008/1813
f 3009/3009/1791 3010/3010/1788 3011/3011/1298
f 3014/3012/1795 3012/3013/1796 3008/3008/1813
f 3008/3008/1813 3013/3014/1792 3014/3012/1795
f 3012/3013/1796 3003/3000/1765 3002/3003/1819
f 3002/3003/1819 3008/3008/1813 3012/3013/1796
f 3015/3015/1797 3016/3016/1794 3011/3011/1298
f 3018/3017/1833 3017/3018/1799 3012/3013/1796
f 3012/3013/1796 3014/3012/1795 3018/3017/1833
f 3017/3018/1799 2990/2991/1756 3003/3000/1765
f 3003/3000/1765 3012/3013/1796 3017/3018/1799
f 3019/3019/1800 3015/3015/1797 3011/3011/1298
f 3021/3020/1529 3020/3021/1528 3017/3018/1799
f 3017/3018/1799 3018/3017/1833 3021/3020/1529
f 3020/3021/1528 2991/2988/1753 2990/2991/1756
f 2990/2991/1756 3017/3018/1799 3020/3021/1528
f 3022/3022/1771 3019/3019/1800 3011/3011/1298
f 3024/3023/1526 3023/3024/1527 3020/3021/1528
f 3020/3021/1528 3021/3020/1529 3024/3023/1526
f 3023/3024/1527 2999/2998/1768 2991/2988/1753
f 2991/2988/1753 3020/3021/1528 3023/3024/1527
f 3025/3025/1770 3022/3022/1771 3011/3011/1298
f 3027/3026/1801 3026/3027/1769 3023/3024/1527
f 3023/3024/1527 3024/3023/1526 3027/3026/1801
f 3026/3027/1769 2986/2987/1764 2999/2998/1768
f 2999/2998/1768 3023/3024/1527 3026/3027/1769
f 3028/3028/1776 3025/3025/1770 3011/3011/1298
f 3030/3029/1772 3029/3030/1810 3026/3027/1769
f 3026/3027/1769 3027/3026/1801 3030/3029/1772
f 3029/3030/1810 2987/2984/1761 2986/2987/1764
f 2986/2987/1764 3026/3027/1769 3029/3030/1810
f 3031/3031/1775 3028/3028/1776 3011/3011/1298
f 3033/3032/1777 3032/3033/1778 3029/3030/1810
f 3029/3030/1810 3030/3029/1772 3033/3032/1777
f 3032/3033/1778 2997/2996/1752 2987/2984/1761
f 2987/2984/1761 3029/3030/1810 3032/3033/1778
f 3034/3034/1779 3031/3031/1775 3011/3011/1298
f 3036/3035/1843 3035/3036/1812 3032/3033/1778
f 3032/3033/1778 3033/3032/1777 3036/3035/1843
f 3035/3036/1812 3005/3004/1749 2997/2996/1752
f 2997/2996/1752 3032/3033/1778 3035/3036/1812
f 3037/3037/1782 3034/3034/1779 3011/3011/1298
f 3039/3038/1828 3038/3039/1829 3035/3036/1812
f 3035/3036/1812 3036/3035/1843 3039/3038/1828
f 3038/3039/1829 2994/2995/1820 3005/3004/1749
f 3005/3004/1749 3035/3036/1812 3038/3039/1829
f 3040/3040/1785 3037/3037/1782 3011/3011/1298
f 2982/2983/1786 2981/2982/1787 3038/3039/1829
f 3038/3039/1829 3039/3038/1828 2982/2983/1786
f 2981/2982/1787 2995/2992/1748 2994/2995/1820
f 2994/2995/1820 3038/3039/1829 2981/2982/1787
f 3010/3010/1788 3040/3040/1785 3011/3011/1298
f 3044/3041/1841 3041/3042/1793 3042/3043/1831
f 3042/3043/1831 3043/3044/1846 3044/3041/1841
f 2980/2981/1831 3007/3007/1745 2995/2992/1748
f 2995/2992/1748 2981/2982/1787 2980/2981/1831
f 3013/3014/1792 3008/3008/1813 2980/2981/1831
f 2980/2981/1831 2983/2980/1830 3013/3014/1792
f 3016/3016/1794 3009/3009/1791 3011/3011/1298
f 3048/3045/1752 3045/3046/1805 3046/3047/1762
f 3046/3047/1762 3047/3048/1807 3048/3045/1752
f 3052/3049/1768 3049/3050/1767 3050/3051/1754
f 3050/3051/1754 3051/3052/1837 3052/3049/1768
f 3056/3053/1745 3053/3054/1746 3054/3055/1747
f 3054/3055/1747 3055/3056/1748 3056/3053/1745
f 3058/3057/1749 3057/3058/1750 3045/3046/1805
f 3045/3046/1805 3048/3045/1752 3058/3057/1749
f 3060/3059/1764 3059/3060/1763 3049/3050/1767
f 3049/3050/1767 3052/3049/1768 3060/3059/1764
f 3064/3061/1756 3061/3062/1755 3062/3063/1818
f 3062/3063/1818 3063/3064/1765 3064/3061/1756
f 3066/3065/1759 3065/3066/1760 3057/3058/1750
f 3057/3058/1750 3058/3057/1749 3066/3065/1759
f 3047/3048/1807 3046/3047/1762 3059/3060/1763
f 3059/3060/1763 3060/3059/1764 3047/3048/1807
f 3063/3064/1765 3062/3063/1818 3067/3067/1838
f 3067/3067/1838 3068/3068/1819 3063/3064/1765
f 3051/3052/1837 3050/3051/1754 3061/3062/1755
f 3061/3062/1755 3064/3061/1756 3051/3052/1837
f 3055/3056/1748 3054/3055/1747 3065/3066/1760
f 3065/3066/1760 3066/3065/1759 3055/3056/1748
f 3068/3068/1819 3067/3067/1838 3053/3054/1746
f 3053/3054/1746 3056/3053/1745 3068/3068/1819
f 3069/3069/1796 3063/3064/1765 3068/3068/1819
f 3068/3068/1819 3041/3042/1793 3069/3069/1796
f 3070/3070/1794 3071/3071/1791 3072/3072/1298
f 3075/3073/1842 3073/3074/1834 3069/3069/1796
f 3069/3069/1796 3074/3075/1832 3075/3073/1842
f 3073/3074/1834 3064/3061/1756 3063/3064/1765
f 3063/3064/1765 3069/3069/1796 3073/3074/1834
f 3076/3076/1853 3077/3077/1797 3072/3072/1298
f 3079/3078/1814 3078/3079/1528 3073/3074/1834
f 3073/3074/1834 3075/3073/1842 3079/3078/1814
f 3078/3079/1528 3051/3052/1837 3064/3061/1756
f 3064/3061/1756 3073/3074/1834 3078/3079/1528
f 3080/3080/1771 3076/3076/1853 3072/3072/1298
f 3082/3081/1835 3081/3082/1527 3078/3079/1528
f 3078/3079/1528 3079/3078/1814 3082/3081/1835
f 3081/3082/1527 3052/3049/1768 3051/3052/1837
f 3051/3052/1837 3078/3079/1528 3081/3082/1527
f 3083/3083/1770 3080/3080/1771 3072/3072/1298
f 3085/3084/1801 3084/3085/1802 3081/3082/1527
f 3081/3082/1527 3082/3081/1835 3085/3084/1801
f 3084/3085/1802 3060/3059/1764 3052/3049/1768
f 3052/3049/1768 3081/3082/1527 3084/3085/1802
f 3086/3086/1776 3083/3083/1770 3072/3072/1298
f 3088/3087/1772 3087/3088/1810 3084/3085/1802
f 3084/3085/1802 3085/3084/1801 3088/3087/1772
f 3087/3088/1810 3047/3048/1807 3060/3059/1764
f 3060/3059/1764 3084/3085/1802 3087/3088/1810
f 3089/3089/1775 3086/3086/1776 3072/3072/1298
f 3091/3090/1826 3090/3091/1778 3087/3088/1810
f 3087/3088/1810 3088/3087/1772 3091/3090/1826
f 3090/3091/1778 3048/3045/1752 3047/3048/1807
f 3047/3048/1807 3087/3088/1810 3090/3091/1778
f 3092/3092/1779 3089/3089/1775 3072/3072/1298
f 3094/3093/1811 3093/3094/1781 3090/3091/1778
f 3090/3091/1778 3091/3090/1826 3094/3093/1811
f 3093/3094/1781 3058/3057/1749 3048/3045/1752
f 3048/3045/1752 3090/3091/1778 3093/3094/1781
f 3095/3095/1782 3092/3092/1779 3072/3072/1298
f 3097/3096/1828 3096/3097/1829 3093/3094/1781
f 3093/3094/1781 3094/3093/1811 3097/3096/1828
f 3096/3097/1829 3066/3065/1759 3058/3057/1749
f 3058/3057/1749 3093/3094/1781 3096/3097/1829
f 3098/3098/1785 3095/3095/1782 3072/3072/1298
f 3100/3099/1840 3099/3100/1787 3096/3097/1829
f 3096/3097/1829 3097/3096/1828 3100/3099/1840
f 3099/3100/1787 3055/3056/1748 3066/3065/1759
f 3066/3065/1759 3096/3097/1829 3099/3100/1787
f 3101/3101/1788 3098/3098/1785 3072/3072/1298
f 3043/3044/1846 3042/3043/1831 3099/3100/1787
f 3099/3100/1787 3100/3099/1840 3043/3044/1846
f 3042/3043/1831 3056/3053/1745 3055/3056/1748
f 3055/3056/1748 3099/3100/1787 3042/3043/1831
f 3071/3071/1791 3101/3101/1788 3072/3072/1298
f 3105/3102/1832 3102/3103/1796 3103/3104/1793
f 3103/3104/1793 3104/3105/1841 3105/3102/1832
f 3041/3042/1793 3068/3068/1819 3056/3053/1745
f 3056/3053/1745 3042/3043/1831 3041/3042/1793
f 3074/3075/1832 3069/3069/1796 3041/3042/1793
f 3041/3042/1793 3044/3041/1841 3074/3075/1832
f 3077/3077/1797 3070/3070/1794 3072/3072/1298
f 3109/3106/1749 3106/3107/1750 3107/3108/1805
f 3107/3108/1805 3108/3109/1752 3109/3106/1749
f 3113/3110/1764 3110/3111/1763 3111/3112/1821
f 3111/3112/1821 3112/3113/1768 3113/3110/1764
f 3117/3114/1819 3114/3115/1838 3115/3116/1746
f 3115/3116/1746 3116/3117/1745 3117/3114/1819
f 3119/3118/1759 3118/3119/1839 3106/3107/1750
f 3106/3107/1750 3109/3106/1749 3119/3118/1759
f 3121/3120/1807 3120/3121/1806 3110/3111/1763
f 3110/3111/1763 3113/3110/1764 3121/3120/1807
f 3125/3122/1837 3122/3123/1804 3123/3124/1755
f 3123/3124/1755 3124/3125/1756 3125/3122/1837
f 3127/3126/1748 3126/3127/1836 3118/3119/1839
f 3118/3119/1839 3119/3118/1759 3127/3126/1748
f 3108/3109/1752 3107/3108/1805 3120/3121/1806
f 3120/3121/1806 3121/3120/1807 3108/3109/1752
f 3124/3125/1756 3123/3124/1755 3128/3128/1818
f 3128/3128/1818 3129/3129/1765 3124/3125/1756
f 3112/3113/1768 3111/3112/1821 3122/3123/1804
f 3122/3123/1804 3125/3122/1837 3112/3113/1768
f 3116/3117/1745 3115/3116/1746 3126/3127/1836
f 3126/3127/1836 3127/3126/1748 3116/3117/1745
f 3129/3129/1765 3128/3128/1818 3114/3115/1838
f 3114/3115/1838 3117/3114/1819 3129/3129/1765
f 3130/3130/1834 3124/3125/1756 3129/3129/1765
f 3129/3129/1765 3102/3103/1796 3130/3130/1834
f 3131/3131/1797 3132/3132/1794 3133/3133/1298
f 3136/3134/1814 3134/3135/1528 3130/3130/1834
f 3130/3130/1834 3135/3136/1842 3136/3134/1814
f 3134/3135/1528 3125/3122/1837 3124/3125/1756
f 3124/3125/1756 3130/3130/1834 3134/3135/1528
f 3137/3137/1771 3138/3138/1800 3133/3133/1298
f 3140/3139/1835 3139/3140/1527 3134/3135/1528
f 3134/3135/1528 3136/3134/1814 3140/3139/1835
f 3139/3140/1527 3112/3113/1768 3125/3122/1837
f 3125/3122/1837 3134/3135/1528 3139/3140/1527
f 3141/3141/1770 3137/3137/1771 3133/3133/1298
f 3143/3142/1801 3142/3143/1802 3139/3140/1527
f 3139/3140/1527 3140/3139/1835 3143/3142/1801
f 3142/3143/1802 3113/3110/1764 3112/3113/1768
f 3112/3113/1768 3139/3140/1527 3142/3143/1802
f 3144/3144/1776 3141/3141/1770 3133/3133/1298
f 3146/3145/1816 3145/3146/1773 3142/3143/1802
f 3142/3143/1802 3143/3142/1801 3146/3145/1816
f 3145/3146/1773 3121/3120/1807 3113/3110/1764
f 3113/3110/1764 3142/3143/1802 3145/3146/1773
f 3147/3147/1775 3144/3144/1776 3133/3133/1298
f 3149/3148/1826 3148/3149/1778 3145/3146/1773
f 3145/3146/1773 3146/3145/1816 3149/3148/1826
f 3148/3149/1778 3108/3109/1752 3121/3120/1807
f 3121/3120/1807 3145/3146/1773 3148/3149/1778
f 3150/3150/1779 3147/3147/1775 3133/3133/1298
f 3152/3151/1780 3151/3152/1781 3148/3149/1778
f 3148/3149/1778 3149/3148/1826 3152/3151/1780
f 3151/3152/1781 3109/3106/1749 3108/3109/1752
f 3108/3109/1752 3148/3149/1778 3151/3152/1781
f 3153/3153/1827 3150/3150/1779 3133/3133/1298
f 3155/3154/1828 3154/3155/1784 3151/3152/1781
f 3151/3152/1781 3152/3151/1780 3155/3154/1828
f 3154/3155/1784 3119/3118/1759 3109/3106/1749
f 3109/3106/1749 3151/3152/1781 3154/3155/1784
f 3156/3156/1785 3153/3153/1827 3133/3133/1298
f 3158/3157/1840 3157/3158/1854 3154/3155/1784
f 3154/3155/1784 3155/3154/1828 3158/3157/1840
f 3157/3158/1854 3127/3126/1748 3119/3118/1759
f 3119/3118/1759 3154/3155/1784 3157/3158/1854
f 3159/3159/1788 3156/3156/1785 3133/3133/1298
f 3161/3160/1830 3160/3161/1831 3157/3158/1854
f 3157/3158/1854 3158/3157/1840 3161/3160/1830
f 3160/3161/1831 3116/3117/1745 3127/3126/1748
f 3127/3126/1748 3157/3158/1854 3160/3161/1831
f 3162/3162/1791 3159/3159/1788 3133/3133/1298
f 3104/3105/1841 3103/3104/1793 3160/3161/1831
f 3160/3161/1831 3161/3160/1830 3104/3105/1841
f 3103/3104/1793 3117/3114/1819 3116/3117/1745
f 3116/3117/1745 3160/3161/1831 3103/3104/1793
f 3132/3132/1794 3162/3162/1791 3133/3133/1298
f 3166/3163/1798 3163/3164/1799 3164/3165/1796
f 3164/3165/1796 3165/3166/1832 3166/3163/1798
f 3102/3103/1796 3129/3129/1765 3117/3114/1819
f 3117/3114/1819 3103/3104/1793 3102/3103/1796
f 3135/3136/1842 3130/3130/1834 3102/3103/1796
f 3102/3103/1796 3105/3102/1832 3135/3136/1842
f 3138/3138/1800 3131/3131/1797 3133/3133/1298
f 3170/3167/1820 3167/3168/1839 3168/3169/1803
f 3168/3169/1803 3169/3170/1824 3170/3167/1820
f 3174/3171/1807 3171/3172/1806 3172/3173/1763
f 3172/3173/1763 3173/3174/1764 3174/3171/1807
f 3178/3175/1765 3175/3176/1818 3176/3177/1838
f 3176/3177/1838 3177/3178/1757 3178/3175/1765
f 3180/3179/1748 3179/3180/1836 3167/3168/1839
f 3167/3168/1839 3170/3167/1820 3180/3179/1748
f 3182/3181/1855 3181/3182/1805 3171/3172/1806
f 3171/3172/1806 3174/3171/1807 3182/3181/1855
f 3186/3183/1768 3183/3184/1821 3184/3185/1754
f 3184/3185/1754 3185/3186/1753 3186/3183/1768
f 3188/3187/1745 3187/3188/1746 3179/3180/1836
f 3179/3180/1836 3180/3179/1748 3188/3187/1745
f 3169/3170/1824 3168/3169/1803 3181/3182/1805
f 3181/3182/1805 3182/3181/1855 3169/3170/1824
f 3185/3186/1753 3184/3185/1754 3189/3189/1856
f 3189/3189/1856 3190/3190/1756 3185/3186/1753
f 3173/3174/1764 3172/3173/1763 3183/3184/1821
f 3183/3184/1821 3186/3183/1768 3173/3174/1764
f 3177/3178/1757 3176/3177/1838 3187/3188/1746
f 3187/3188/1746 3188/3187/1745 3177/3178/1757
f 3190/3190/1756 3189/3189/1856 3175/3176/1818
f 3175/3176/1818 3178/3175/1765 3190/3190/1756
f 3191/3191/1815 3185/3186/1753 3190/3190/1756
f 3190/3190/1756 3163/3164/1799 3191/3191/1815
f 3192/3192/1800 3193/3193/1797 3194/3194/1298
f 3197/3195/1835 3195/3196/1527 3191/3191/1815
f 3191/3191/1815 3196/3197/1814 3197/3195/1835
f 3195/3196/1527 3186/3183/1768 3185/3186/1753
f 3185/3186/1753 3191/3191/1815 3195/3196/1527
f 3198/3198/1770 3199/3199/1771 3194/3194/1298
f 3201/3200/1817 3200/3201/1802 3195/3196/1527
f 3195/3196/1527 3197/3195/1835 3201/3200/1817
f 3200/3201/1802 3173/3174/1764 3186/3183/1768
f 3186/3183/1768 3195/3196/1527 3200/3201/1802
f 3202/3202/1776 3198/3198/1770 3194/3194/1298
f 3204/3203/1816 3203/3204/1773 3200/3201/1802
f 3200/3201/1802 3201/3200/1817 3204/3203/1816
f 3203/3204/1773 3174/3171/1807 3173/3174/1764
f 3173/3174/1764 3200/3201/1802 3203/3204/1773
f 3205/3205/1775 3202/3202/1776 3194/3194/1298
f 3207/3206/1826 3206/3207/1778 3203/3204/1773
f 3203/3204/1773 3204/3203/1816 3207/3206/1826
f 3206/3207/1778 3182/3181/1855 3174/3171/1807
f 3174/3171/1807 3203/3204/1773 3206/3207/1778
f 3208/3208/1779 3205/3205/1775 3194/3194/1298
f 3210/3209/1843 3209/3210/1812 3206/3207/1778
f 3206/3207/1778 3207/3206/1826 3210/3209/1843
f 3209/3210/1812 3169/3170/1824 3182/3181/1855
f 3182/3181/1855 3206/3207/1778 3209/3210/1812
f 3211/3211/1782 3208/3208/1779 3194/3194/1298
f 3213/3212/1828 3212/3213/1829 3209/3210/1812
f 3209/3210/1812 3210/3209/1843 3213/3212/1828
f 3212/3213/1829 3170/3167/1820 3169/3170/1824
f 3169/3170/1824 3209/3210/1812 3212/3213/1829
f 3214/3214/1785 3211/3211/1782 3194/3194/1298
f 3216/3215/1840 3215/3216/1787 3212/3213/1829
f 3212/3213/1829 3213/3212/1828 3216/3215/1840
f 3215/3216/1787 3180/3179/1748 3170/3167/1820
f 3170/3167/1820 3212/3213/1829 3215/3216/1787
f 3217/3217/1788 3214/3214/1785 3194/3194/1298
f 3219/3218/1830 3218/3219/1831 3215/3216/1787
f 3215/3216/1787 3216/3215/1840 3219/3218/1830
f 3218/3219/1831 3188/3187/1745 3180/3179/1748
f 3180/3179/1748 3215/3216/1787 3218/3219/1831
f 3220/3220/1791 3217/3217/1788 3194/3194/1298
f 3222/3221/1792 3221/3222/1813 3218/3219/1831
f 3218/3219/1831 3219/3218/1830 3222/3221/1792
f 3221/3222/1813 3177/3178/1757 3188/3187/1745
f 3188/3187/1745 3218/3219/1831 3221/3222/1813
f 3223/3223/1794 3220/3220/1791 3194/3194/1298
f 3165/3166/1832 3164/3165/1796 3221/3222/1813
f 3221/3222/1813 3222/3221/1792 3165/3166/1832
f 3164/3165/1796 3178/3175/1765 3177/3178/1757
f 3177/3178/1757 3221/3222/1813 3164/3165/1796
f 3193/3193/1797 3223/3223/1794 3194/3194/1298
f 3227/3224/1529 3224/3225/1528 3225/3226/1799
f 3225/3226/1799 3226/3227/1833 3227/3224/1529
f 3163/3164/1799 3190/3190/1756 3178/3175/1765
f 3178/3175/1765 3164/3165/1796 3163/3164/1799
f 3196/3197/1814 3191/3191/1815 3163/3164/1799
f 3163/3164/1799 3166/3163/1798 3196/3197/1814
f 3199/3199/1771 3192/3192/1800 3194/3194/1298
f 3231/3228/1857 3228/3229/1747 3229/3230/1760
f 3229/3230/1760 3230/3231/1858 3231/3228/1857
f 3235/3232/1752 3232/3233/1805 3233/3234/1806
f 3233/3234/1806 3234/3235/1761 3235/3232/1752
f 3239/3236/1756 3236/3237/1755 3237/3238/1818
f 3237/3238/1818 3238/3239/1765 3239/3236/1756
f 3241/3240/1745 3240/3241/1859 3228/3229/1747
f 3228/3229/1747 3231/3228/1857 3241/3240/1745
f 3243/3242/1749 3242/3243/1803 3232/3233/1805
f 3232/3233/1805 3235/3232/1752 3243/3242/1749
f 3247/3244/1844 3244/3245/1763 3245/3246/1767
f 3245/3246/1767 3246/3247/1768 3247/3244/1844
f 3249/3248/1819 3248/3249/1838 3240/3241/1859
f 3240/3241/1859 3241/3240/1745 3249/3248/1819
f 3230/3231/1858 3229/3230/1760 3242/3243/1803
f 3242/3243/1803 3243/3242/1749 3230/3231/1858
f 3246/3247/1768 3245/3246/1767 3250/3250/1804
f 3250/3250/1804 3251/3251/1753 3246/3247/1768
f 3234/3235/1761 3233/3234/1806 3244/3245/1763
f 3244/3245/1763 3247/3244/1844 3234/3235/1761
f 3238/3239/1765 3237/3238/1818 3248/3249/1838
f 3248/3249/1838 3249/3248/1819 3238/3239/1765
f 3251/3251/1753 3250/3250/1804 3236/3237/1755
f 3236/3237/1755 3239/3236/1756 3251/3251/1753
f 3252/3252/1527 3246/3247/1768 3251/3251/1753
f 3251/3251/1753 3224/3225/1528 3252/3252/1527
f 3253/3253/1771 3254/3254/1800 3255/3255/1298
f 3258/3256/1774 3256/3257/1769 3252/3252/1527
f 3252/3252/1527 3257/3258/1526 3258/3256/1774
f 3256/3257/1769 3247/3244/1844 3246/3247/1768
f 3246/3247/1768 3252/3252/1527 3256/3257/1769
f 3259/3259/1851 3260/3260/1770 3255/3255/1298
f 3262/3261/1772 3261/3262/1773 3256/3257/1769
f 3256/3257/1769 3258/3256/1774 3262/3261/1772
f 3261/3262/1773 3234/3235/1761 3247/3244/1844
f 3247/3244/1844 3256/3257/1769 3261/3262/1773
f 3263/3263/1775 3259/3259/1851 3255/3255/1298
f 3265/3264/1777 3264/3265/1778 3261/3262/1773
f 3261/3262/1773 3262/3261/1772 3265/3264/1777
f 3264/3265/1778 3235/3232/1752 3234/3235/1761
f 3234/3235/1761 3261/3262/1773 3264/3265/1778
f 3266/3266/1779 3263/3263/1775 3255/3255/1298
f 3268/3267/1780 3267/3268/1812 3264/3265/1778
f 3264/3265/1778 3265/3264/1777 3268/3267/1780
f 3267/3268/1812 3243/3242/1749 3235/3232/1752
f 3235/3232/1752 3264/3265/1778 3267/3268/1812
f 3269/3269/1782 3266/3266/1779 3255/3255/1298
f 3271/3270/1828 3270/3271/1829 3267/3268/1812
f 3267/3268/1812 3268/3267/1780 3271/3270/1828
f 3270/3271/1829 3230/3231/1858 3243/3242/1749
f 3243/3242/1749 3267/3268/1812 3270/3271/1829
f 3272/3272/1785 3269/3269/1782 3255/3255/1298
f 3274/3273/1786 3273/3274/1787 3270/3271/1829
f 3270/3271/1829 3271/3270/1828 3274/3273/1786
f 3273/3274/1787 3231/3228/1857 3230/3231/1858
f 3230/3231/1858 3270/3271/1829 3273/3274/1787
f 3275/3275/1788 3272/3272/1785 3255/3255/1298
f 3277/3276/1846 3276/3277/1790 3273/3274/1787
f 3273/3274/1787 3274/3273/1786 3277/3276/1846
f 3276/3277/1790 3241/3240/1745 3231/3228/1857
f 3231/3228/1857 3273/3274/1787 3276/3277/1790
f 3278/3278/1791 3275/3275/1788 3255/3255/1298
f 3280/3279/1792 3279/3280/1813 3276/3277/1790
f 3276/3277/1790 3277/3276/1846 3280/3279/1792
f 3279/3280/1813 3249/3248/1819 3241/3240/1745
f 3241/3240/1745 3276/3277/1790 3279/3280/1813
f 3281/3281/1794 3278/3278/1791 3255/3255/1298
f 3283/3282/1795 3282/3283/1796 3279/3280/1813
f 3279/3280/1813 3280/3279/1792 3283/3282/1795
f 3282/3283/1796 3238/3239/1765 3249/3248/1819
f 3249/3248/1819 3279/3280/1813 3282/3283/1796
f 3284/3284/1797 3281/3281/1794 3255/3255/1298
f 3226/3227/1833 3225/3226/1799 3282/3283/1796
f 3282/3283/1796 3283/3282/1795 3226/3227/1833
f 3225/3226/1799 3239/3236/1756 3238/3239/1765
f 3238/3239/1765 3282/3283/1796 3225/3226/1799
f 3254/3254/1800 3284/3284/1797 3255/3255/1298
f 3224/3225/1528 3251/3251/1753 3239/3236/1756
f 3239/3236/1756 3225/3226/1799 3224/3225/1528
f 3257/3258/1526 3252/3252/1527 3224/3225/1528
f 3224/3225/1528 3227/3224/1529 3257/3258/1526
f 3260/3260/1770 3253/3253/1771 3255/3255/1298
f 3286/3285/1860 3285/3286/1861 10/11/11
f 10/11/11 137/138/136 3286/3285/1860
f 3285/3286/1861 3287/3287/1862 11/12/12
f 11/12/12 10/11/11 3285/3286/1861
f 3287/3287/1862 3288/3288/1863 22/23/23
f 22/23/23 11/12/12 3287/3287/1862
f 3288/3288/1863 3289/3289/1864 23/24/24
f 23/24/24 22/23/23 3288/3288/1863
f 3291/3290/1864 3290/3291/1865 31/32/30
f 31/32/30 30/31/24 3291/3290/1864
f 3290/3291/1865 3292/3292/1866 37/38/36
f 37/38/36 31/32/30 3290/3291/1865
f 3292/3292/1866 3293/3293/1867 43/44/42
f 43/44/42 37/38/36 3292/3292/1866
f 3293/3293/1867 3294/3294/1868 49/50/48
f 49/50/48 43/44/42 3293/3293/1867
f 3294/3294/1868 3295/3295/1869 55/56/54
f 55/56/54 49/50/48 3294/3294/1868
f 3295/3295/1869 3296/3296/1870 61/62/60
f 61/62/60 55/56/54 3295/3295/1869
f 3296/3296/1870 3297/3297/1871 67/68/66
f 67/68/66 61/62/60 3296/3296/1870
f 3297/3297/1871 3298/3298/1872 75/76/74
f 75/76/74 67/68/66 3297/3297/1871
f 3298/3298/1872 3299/3299/1873 79/80/78
f 79/80/78 75/76/74 3298/3298/1872
f 3299/3299/1873 3300/3300/1874 83/84/82
f 83/84/82 79/80/78 3299/3299/1873
f 3300/3300/1874 3301/3301/1875 87/88/86
f 87/88/86 83/84/82 3300/3300/1874
f 3301/3301/1875 3302/3302/1876 91/92/90
f 91/92/90 87/88/86 3301/3301/1875
f 3302/3302/1876 3303/3303/1877 95/96/94
f 95/96/94 91/92/90 3302/3302/1876
f 3303/3303/1877 3304/3304/1878 99/100/98
f 99/100/98 95/96/94 3303/3303/1877
f 3304/3304/1878 3305/3305/1879 103/104/102
f 103/104/102 99/100/98 3304/3304/1878
f 3305/3305/1879 3306/3306/1880 107/108/106
f 107/108/106 103/104/102 3305/3305/1879
f 3306/3306/1880 3307/3307/1881 111/112/110
f 111/112/110 107/108/106 3306/3306/1880
f 3307/3307/1881 3308/3308/1882 115/116/114
f 115/116/114 111/112/110 3307/3307/1881
f 3308/3308/1882 3309/3309/1883 119/120/118
f 119/120/118 115/116/114 3308/3308/1882
f 3309/3309/1883 3310/3310/1884 123/124/122
f 123/124/122 119/120/118 3309/3309/1883
f 3310/3310/1884 3311/3311/1885 127/128/126
f 127/128/126 123/124/122 3310/3310/1884
f 3311/3311/1885 3312/3312/1886 131/132/130
f 131/132/130 127/128/126 3311/3311/1885
f 3312/3312/1886 3313/3313/1887 6/7/7
f 6/7/7 131/132/130 3312/3312/1886
f 3313/3313/1887 3314/3314/1888 7/8/8
f 7/8/8 6/7/7 3313/3313/1887
f 3314/3314/1888 3315/3315/1889 15/16/16
f 15/16/16 7/8/8 3314/3314/1888
f 3315/3315/1889 3316/3316/1890 19/20/20
f 19/20/20 15/16/16 3315/3315/1889
f 3316/3316/1890 3317/3317/1891 27/28/28
f 27/28/28 19/20/20 3316/3316/1890
f 3317/3317/1891 3318/3318/1892 35/36/34
f 35/36/34 27/28/28 3317/3317/1891
f 3318/3318/1892 3319/3319/1893 41/42/40
f 41/42/40 35/36/34 3318/3318/1892
f 3319/3319/1893 3320/3320/1894 47/48/46
f 47/48/46 41/42/40 3319/3319/1893
f 3320/3320/1894 3321/3321/1895 53/54/52
f 53/54/52 47/48/46 3320/3320/1894
f 3321/3321/1895 3322/3322/1896 59/60/58
f 59/60/58 53/54/52 3321/3321/1895
f 3322/3322/1896 3323/3323/1897 65/66/64
f 65/66/64 59/60/58 3322/3322/1896
f 3323/3323/1897 3324/3324/1898 73/74/72
f 73/74/72 65/66/64 3323/3323/1897
f 3324/3324/1898 3325/3325/1899 77/78/76
f 77/78/76 73/74/72 3324/3324/1898
f 3325/3325/1899 3326/3326/1900 81/82/80
f 81/82/80 77/78/76 3325/3325/1899
f 3326/3326/1900 3327/3327/1901 85/86/84
f 85/86/84 81/82/80 3326/3326/1900
f 3327/3327/1901 3328/3328/1902 89/90/88
f 89/90/88 85/86/84 3327/3327/1901
f 3328/3328/1902 3329/3329/1903 93/94/92
f 93/94/92 89/90/88 3328/3328/1902
f 3329/3329/1903 3330/3330/1904 97/98/96
f 97/98/96 93/94/92 3329/3329/1903
f 3330/3330/1904 3331/3331/1905 101/102/100
f 101/102/100 97/98/96 3330/3330/1904
f 3331/3331/1905 3332/3332/1906 105/106/104
f 105/106/104 101/102/100 3331/3331/1905
f 3332/3332/1906 3333/3333/1907 109/110/108
f 109/110/108 105/106/104 3332/3332/1906
f 3333/3333/1907 3334/3334/1908 113/114/112
f 113/114/112 109/110/108 3333/3333/1907
f 3334/3334/1908 3335/3335/1909 117/118/116
f 117/118/116 113/114/112 3334/3334/1908
f 3335/3335/1909 3336/3336/1910 121/122/120
f 121/122/120 117/118/116 3335/3335/1909
f 3336/3336/1910 3337/3337/1911 125/126/124
f 125/126/124 121/122/120 3336/3336/1910
f 3337/3337/1911 3338/3338/1912 129/130/128
f 129/130/128 125/126/124 3337/3337/1911
f 3338/3338/1912 3339/3339/1913 2/3/3
f 2/3/3 129/130/128 3338/3338/1912
f 3339/3339/1913 3340/3340/1914 3/4/4
f 3/4/4 2/3/3 3339/3339/1913
f 3340/3340/1914 3341/3341/1915 13/14/14
f 13/14/14 3/4/4 3340/3340/1914
f 3341/3341/1915 3342/3342/1916 17/18/18
f 17/18/18 13/14/14 3341/3341/1915
f 3342/3342/1916 3343/3343/1917 25/26/26
f 25/26/26 17/18/18 3342/3342/1916
f 3343/3343/1917 3344/3344/1918 33/34/32
f 33/34/32 25/26/26 3343/3343/1917
f 3344/3344/1918 3345/3345/1919 39/40/38
f 39/40/38 33/34/32 3344/3344/1918
f 3345/3345/1919 3346/3346/1920 45/46/44
f 45/46/44 39/40/38 3345/3345/1919
f 3346/3346/1920 3347/3347/1921 51/52/50
f 51/52/50 45/46/44 3346/3346/1920
f 3347/3347/1921 3348/3348/1922 57/58/56
f 57/58/56 51/52/50 3347/3347/1921
f 3348/3348/1922 3349/3349/1923 63/64/62
f 63/64/62 57/58/56 3348/3348/1922
f 3349/3349/1923 3286/3285/1860 137/138/136
f 137/138/136 63/64/62 3349/3349/1923
f 589/588/582 863/863/855 139/140/138
f 139/140/138 142/139/137 589/588/582
f 863/863/855 169/170/168 591/590/584
f 591/590/584 139/140/138 863/863/855
f 169/170/168 172/169/167 590/591/585
f 590/591/585 591/590/584 169/170/168
f 172/169/167 242/241/239 824/824/817
f 824/824/817 590/591/585 172/169/167
f 247/248/246 250/247/245 828/829/821
f 828/829/821 829/828/817 247/248/246
f 250/247/245 256/255/252 833/833/825
f 833/833/825 828/829/821 250/247/245
f 256/255/252 262/261/258 837/837/829
f 837/837/829 833/833/825 256/255/252
f 262/261/258 143/144/142 841/841/833
f 841/841/833 837/837/829 262/261/258
f 143/144/142 146/143/141 845/845/837
f 845/845/837 841/841/833 143/144/142
f 146/143/141 154/153/151 849/849/841
f 849/849/841 845/845/837 146/143/141
f 154/153/151 160/159/157 855/855/847
f 855/855/847 849/849/841 154/153/151
f 160/159/157 164/163/161 858/858/850
f 858/858/850 855/855/847 160/159/157
f 164/163/161 168/167/165 865/865/857
f 865/865/857 858/858/850 164/163/161
f 168/167/165 176/175/173 870/870/862
f 870/870/862 865/865/857 168/167/165
f 176/175/173 180/179/177 875/875/867
f 875/875/867 870/870/862 176/175/173
f 180/179/177 184/183/181 880/880/872
f 880/880/872 875/875/867 180/179/177
f 184/183/181 188/187/185 885/885/877
f 885/885/877 880/880/872 184/183/181
f 188/187/185 192/191/189 890/890/882
f 890/890/882 885/885/877 188/187/185
f 192/191/189 196/195/193 895/895/887
f 895/895/887 890/890/882 192/191/189
f 196/195/193 200/199/197 900/900/892
f 900/900/892 895/895/887 196/195/193
f 200/199/197 204/203/201 907/907/897
f 907/907/897 900/900/892 200/199/197
f 204/203/201 208/207/205 912/912/902
f 912/912/902 907/907/897 204/203/201
f 208/207/205 212/211/209 686/686/680
f 686/686/680 912/912/902 208/207/205
f 212/211/209 216/215/213 683/683/677
f 683/683/677 686/686/680 212/211/209
f 216/215/213 220/219/217 680/680/674
f 680/680/674 683/683/677 216/215/213
f 220/219/217 224/223/221 677/677/671
f 677/677/671 680/680/674 220/219/217
f 224/223/221 228/227/225 674/674/668
f 674/674/668 677/677/671 224/223/221
f 228/227/225 232/231/229 671/671/665
f 671/671/665 674/674/668 228/227/225
f 232/231/229 236/235/233 668/668/662
f 668/668/662 671/671/665 232/231/229
f 236/235/233 240/239/237 665/665/659
f 665/665/659 668/668/662 236/235/233
f 240/239/237 246/245/243 662/662/656
f 662/662/656 665/665/659 240/239/237
f 246/245/243 254/253/250 659/659/653
f 659/659/653 662/662/656 246/245/243
f 254/253/250 260/259/256 656/656/650
f 656/656/650 659/659/653 254/253/250
f 260/259/256 133/134/132 653/653/647
f 653/653/647 656/656/650 260/259/256
f 133/134/132 136/133/131 650/650/644
f 650/650/644 653/653/647 133/134/132
f 136/133/131 152/151/149 647/647/641
f 647/647/641 650/650/644 136/133/131
f 152/151/149 158/157/155 644/644/638
f 644/644/638 647/647/641 152/151/149
f 158/157/155 162/161/159 641/641/635
f 641/641/635 644/644/638 158/157/155
f 162/161/159 166/165/163 638/638/632
f 638/638/632 641/641/635 162/161/159
f 166/165/163 174/173/171 635/635/629
f 635/635/629 638/638/632 166/165/163
f 174/173/171 178/177/175 632/632/626
f 632/632/626 635/635/629 174/173/171
f 178/177/175 182/181/179 629/629/623
f 629/629/623 632/632/626 178/177/175
f 182/181/179 186/185/183 626/626/620
f 626/626/620 629/629/623 182/181/179
f 186/185/183 190/189/187 623/623/617
f 623/623/617 626/626/620 186/185/183
f 190/189/187 194/193/191 620/620/614
f 620/620/614 623/623/617 190/189/187
f 194/193/191 198/197/195 617/617/611
f 617/617/611 620/620/614 194/193/191
f 198/197/195 202/201/199 614/614/608
f 614/614/608 617/617/611 198/197/195
f 202/201/199 206/205/203 611/611/605
f 611/611/605 614/614/608 202/201/199
f 206/205/203 210/209/207 608/608/602
f 608/608/602 611/611/605 206/205/203
f 210/209/207 214/213/211 605/605/599
f 605/605/599 608/608/602 210/209/207
f 214/213/211 218/217/215 602/602/596
f 602/602/596 605/605/599 214/213/211
f 218/217/215 222/221/219 598/598/592
f 598/598/592 602/602/596 218/217/215
f 222/221/219 226/225/223 593/592/586
f 593/592/586 598/598/592 222/221/219
f 226/225/223 230/229/227 592/593/587
f 592/593/587 593/592/586 226/225/223
f 230/229/227 234/233/231 823/823/816
f 823/823/816 592/593/587 230/229/227
f 234/233/231 238/237/235 827/827/820
f 827/827/820 823/823/816 234/233/231
f 238/237/235 244/243/241 832/832/824
f 832/832/824 827/827/820 238/237/235
f 244/243/241 252/251/248 836/836/828
f 836/836/828 832/832/824 244/243/241
f 252/251/248 258/257/254 840/840/832
f 840/840/832 836/836/828 252/251/248
f 258/257/254 264/263/260 844/844/836
f 844/844/836 840/840/832 258/257/254
f 264/263/260 147/148/146 848/848/840
f 848/848/840 844/844/836 264/263/260
f 147/148/146 150/147/145 854/854/846
f 854/854/846 848/848/840 147/148/146
f 150/147/145 156/155/153 601/601/595
f 601/601/595 854/854/846 150/147/145
f 156/155/153 589/588/582 142/139/137
f 142/139/137 601/601/595 156/155/153
f 64/63/61 138/137/135 69/70/68
f 69/70/68 72/69/67 64/63/61
f 58/57/55 64/63/61 72/69/67
f 72/69/67 862/861/853 58/57/55
f 52/51/49 58/57/55 862/861/853
f 862/861/853 869/868/860 52/51/49
f 46/45/43 52/51/49 869/868/860
f 869/868/860 874/873/865 46/45/43
f 40/39/37 46/45/43 874/873/865
f 874/873/865 879/878/870 40/39/37
f 34/33/31 40/39/37 879/878/870
f 879/878/870 884/883/875 34/33/31
f 26/25/25 34/33/31 884/883/875
f 884/883/875 889/888/880 26/25/25
f 18/17/17 26/25/25 889/888/880
f 889/888/880 894/893/885 18/17/17
f 14/13/13 18/17/17 894/893/885
f 894/893/885 899/898/890 14/13/13
f 4/1/1 14/13/13 899/898/890
f 899/898/890 906/905/895 4/1/1
f 1/2/2 4/1/1 906/905/895
f 906/905/895 911/910/900 1/2/2
f 130/129/127 1/2/2 911/910/900
f 911/910/900 914/913/903 130/129/127
f 126/125/123 130/129/127 914/913/903
f 914/913/903 684/684/678 126/125/123
f 122/121/119 126/125/123 684/684/678
f 684/684/678 681/681/675 122/121/119
f 118/117/115 122/121/119 681/681/675
f 681/681/675 678/678/672 118/117/115
f 114/113/111 118/117/115 678/678/672
f 678/678/672 675/675/669 114/113/111
f 110/109/107 114/113/111 675/675/669
f 675/675/669 672/672/666 110/109/107
f 106/105/103 110/109/107 672/672/666
f 672/672/666 669/669/663 106/105/103
f 102/101/99 106/105/103 669/669/663
f 669/669/663 666/666/660 102/101/99
f 98/97/95 102/101/99 666/666/660
f 666/666/660 663/663/657 98/97/95
f 94/93/91 98/97/95 663/663/657
f 663/663/657 660/660/654 94/93/91
f 90/89/87 94/93/91 660/660/654
f 660/660/654 657/657/651 90/89/87
f 86/85/83 90/89/87 657/657/651
f 657/657/651 654/654/648 86/85/83
f 82/81/79 86/85/83 654/654/648
f 654/654/648 651/651/645 82/81/79
f 78/77/75 82/81/79 651/651/645
f 651/651/645 648/648/642 78/77/75
f 74/73/71 78/77/75 648/648/642
f 648/648/642 645/645/639 74/73/71
f 66/65/63 74/73/71 645/645/639
f 645/645/639 642/642/636 66/65/63
f 60/59/57 66/65/63 642/642/636
f 642/642/636 639/639/633 60/59/57
f 54/53/51 60/59/57 639/639/633
f 639/639/633 636/636/630 54/53/51
f 48/47/45 54/53/51 636/636/630
f 636/636/630 633/633/627 48/47/45
f 42/41/39 48/47/45 633/633/627
f 633/633/627 630/630/624 42/41/39
f 36/35/33 42/41/39 630/630/624
f 630/630/624 627/627/621 36/35/33
f 28/27/27 36/35/33 627/627/621
f 627/627/621 624/624/618 28/27/27
f 20/19/19 28/27/27 624/624/618
f 624/624/618 621/621/615 20/19/19
f 16/15/15 20/19/19 621/621/615
f 621/621/615 618/618/612 16/15/15
f 8/5/5 16/15/15 618/618/612
f 618/618/612 615/615/609 8/5/5
f 5/6/6 8/5/5 615/615/609
f 615/615/609 612/612/606 5/6/6
f 132/131/129 5/6/6 612/612/606
f 612/612/606 609/609/603 132/131/129
f 128/127/125 132/131/129 609/609/603
f 609/609/603 606/606/600 128/127/125
f 124/123/121 128/127/125 606/606/600
f 606/606/600 603/603/597 124/123/121
f 120/119/117 124/123/121 603/603/597
f 603/603/597 599/599/593 120/119/117
f 116/115/113 120/119/117 599/599/593
f 599/599/593 594/595/589 116/115/113
f 112/111/109 116/115/113 594/595/589
f 594/595/589 597/594/588 112/111/109
f 108/107/105 112/111/109 597/594/588
f 597/594/588 822/821/814 108/107/105
f 104/103/101 108/107/105 822/821/814
f 822/821/814 826/825/818 104/103/101
f 100/99/97 104/103/101 826/825/818
f 826/825/818 831/830/822 100/99/97
f 96/95/93 100/99/97 831/830/822
f 831/830/822 835/834/826 96/95/93
f 92/91/89 96/95/93 835/834/826
f 835/834/826 839/838/830 92/91/89
f 88/87/85 92/91/89 839/838/830
f 839/838/830 843/842/834 88/87/85
f 84/83/81 88/87/85 843/842/834
f 843/842/834 847/846/838 84/83/81
f 80/79/77 84/83/81 847/846/838
f 847/846/838 851/850/842 80/79/77
f 76/75/73 80/79/77 851/850/842
f 851/850/842 857/856/848 76/75/73
f 68/67/65 76/75/73 857/856/848
f 857/856/848 860/859/851 68/67/65
f 62/61/59 68/67/65 860/859/851
f 860/859/851 867/866/858 62/61/59
f 56/55/53 62/61/59 867/866/858
f 867/866/858 872/871/863 56/55/53
f 50/49/47 56/55/53 872/871/863
f 872/871/863 877/876/868 50/49/47
f 44/43/41 50/49/47 877/876/868
f 877/876/868 882/881/873 44/43/41
f 38/37/35 44/43/41 882/881/873
f 882/881/873 887/886/878 38/37/35
f 32/29/29 38/37/35 887/886/878
f 887/886/878 892/891/883 32/29/29
f 29/30/21 32/29/29 892/891/883
f 892/891/883 897/896/888 29/30/21
f 21/22/22 24/21/21 901/902/888
f 901/902/888 904/901/893 21/22/22
f 12/9/9 21/22/22 904/901/893
f 904/901/893 909/908/898 12/9/9
f 9/10/10 12/9/9 909/908/898
f 909/908/898 852/852/844 9/10/10
f 138/137/135 9/10/10 852/852/844
f 852/852/844 69/70/68 138/137/135
f 820/819/812 687/688/682 864/864/856
f 864/864/856 588/589/583 820/819/812
f 687/688/682 690/687/681 170/171/169
f 170/171/169 864/864/856 687/688/682
f 690/687/681 815/816/809 171/172/170
f 171/172/170 170/171/169 690/687/681
f 815/816/809 818/815/807 241/242/240
f 241/242/240 171/172/170 815/816/809
f 813/813/807 811/811/805 249/250/247
f 249/250/247 248/249/240 813/813/807
f 811/811/805 809/809/803 255/256/253
f 255/256/253 249/250/247 811/811/805
f 809/809/803 807/807/801 261/262/259
f 261/262/259 255/256/253 809/809/803
f 807/807/801 805/805/799 144/145/143
f 144/145/143 261/262/259 807/807/801
f 805/805/799 803/803/797 145/146/144
f 145/146/144 144/145/143 805/805/799
f 803/803/797 801/801/795 153/154/152
f 153/154/152 145/146/144 803/803/797
f 801/801/795 799/799/793 159/160/158
f 159/160/158 153/154/152 801/801/795
f 799/799/793 797/797/791 163/164/162
f 163/164/162 159/160/158 799/799/793
f 797/797/791 795/795/789 167/168/166
f 167/168/166 163/164/162 797/797/791
f 795/795/789 793/793/787 175/176/174
f 175/176/174 167/168/166 795/795/789
f 793/793/787 791/791/785 179/180/178
f 179/180/178 175/176/174 793/793/787
f 791/791/785 789/789/783 183/184/182
f 183/184/182 179/180/178 791/791/785
f 789/789/783 787/787/781 187/188/186
f 187/188/186 183/184/182 789/789/783
f 787/787/781 785/785/779 191/192/190
f 191/192/190 187/188/186 787/787/781
f 785/785/779 783/783/777 195/196/194
f 195/196/194 191/192/190 785/785/779
f 783/783/777 781/781/775 199/200/198
f 199/200/198 195/196/194 783/783/777
f 781/781/775 779/779/773 203/204/202
f 203/204/202 199/200/198 781/781/775
f 779/779/773 777/777/771 207/208/206
f 207/208/206 203/204/202 779/779/773
f 777/777/771 775/775/769 211/212/210
f 211/212/210 207/208/206 777/777/771
f 775/775/769 773/773/767 215/216/214
f 215/216/214 211/212/210 775/775/769
f 773/773/767 771/771/765 219/220/218
f 219/220/218 215/216/214 773/773/767
f 771/771/765 769/769/763 223/224/222
f 223/224/222 219/220/218 771/771/765
f 769/769/763 767/767/761 227/228/226
f 227/228/226 223/224/222 769/769/763
f 767/767/761 765/765/759 231/232/230
f 231/232/230 227/228/226 767/767/761
f 765/765/759 763/763/757 235/236/234
f 235/236/234 231/232/230 765/765/759
f 763/763/757 761/761/755 239/240/238
f 239/240/238 235/236/234 763/763/757
f 761/761/755 759/759/753 245/246/244
f 245/246/244 239/240/238 761/761/755
f 759/759/753 757/757/751 253/254/251
f 253/254/251 245/246/244 759/759/753
f 757/757/751 755/755/749 259/260/257
f 259/260/257 253/254/251 757/757/751
f 755/755/749 753/753/747 134/135/133
f 134/135/133 259/260/257 755/755/749
f 753/753/747 751/751/745 135/136/134
f 135/136/134 134/135/133 753/753/747
f 751/751/745 749/749/743 151/152/150
f 151/152/150 135/136/134 751/751/745
f 749/749/743 747/747/741 157/158/156
f 157/158/156 151/152/150 749/749/743
f 747/747/741 745/745/739 161/162/160
f 161/162/160 157/158/156 747/747/741
f 745/745/739 743/743/737 165/166/164
f 165/166/164 161/162/160 745/745/739
f 743/743/737 741/741/735 173/174/172
f 173/174/172 165/166/164 743/743/737
f 741/741/735 739/739/733 177/178/176
f 177/178/176 173/174/172 741/741/735
f 739/739/733 737/737/731 181/182/180
f 181/182/180 177/178/176 739/739/733
f 737/737/731 735/735/729 185/186/184
f 185/186/184 181/182/180 737/737/731
f 735/735/729 733/733/727 189/190/188
f 189/190/188 185/186/184 735/735/729
f 733/733/727 731/731/725 193/194/192
f 193/194/192 189/190/188 733/733/727
f 731/731/725 729/729/723 197/198/196
f 197/198/196 193/194/192 731/731/725
f 729/729/723 727/727/721 201/202/200
f 201/202/200 197/198/196 729/729/723
f 727/727/721 725/725/719 205/206/204
f 205/206/204 201/202/200 727/727/721
f 725/725/719 723/723/717 209/210/208
f 209/210/208 205/206/204 725/725/719
f 723/723/717 721/721/715 213/214/212
f 213/214/212 209/210/208 723/723/717
f 721/721/715 719/719/713 217/218/216
f 217/218/216 213/214/212 721/721/715
f 719/719/713 717/717/711 221/222/220
f 221/222/220 217/218/216 719/719/713
f 717/717/711 715/715/709 225/226/224
f 225/226/224 221/222/220 717/717/711
f 715/715/709 713/713/707 229/230/228
f 229/230/228 225/226/224 715/715/709
f 713/713/707 711/711/705 233/234/232
f 233/234/232 229/230/228 713/713/707
f 711/711/705 709/709/703 237/238/236
f 237/238/236 233/234/232 711/711/705
f 709/709/703 707/707/701 243/244/242
f 243/244/242 237/238/236 709/709/703
f 707/707/701 705/705/699 251/252/249
f 251/252/249 243/244/242 707/707/701
f 705/705/699 703/703/697 257/258/255
f 257/258/255 251/252/249 705/705/699
f 703/703/697 701/701/695 263/264/261
f 263/264/261 257/258/255 703/703/697
f 701/701/695 699/699/693 148/149/147
f 148/149/147 263/264/261 701/701/695
f 699/699/693 695/696/690 149/150/148
f 149/150/148 148/149/147 699/699/693
f 695/696/690 698/695/689 155/156/154
f 155/156/154 149/150/148 695/696/690
f 698/695/689 820/819/812 588/589/583
f 588/589/583 155/156/154 698/695/689
f 71/72/70 70/71/69 3350/3350/813
f 3350/3350/813 3351/3351/692 71/72/70
f 861/862/854 71/72/70 3351/3351/692
f 3351/3351/692 3352/3352/691 861/862/854
f 868/869/861 861/862/854 3352/3352/691
f 3352/3352/691 3353/3353/1924 868/869/861
f 873/874/866 868/869/861 3353/3353/1924
f 3353/3353/1924 3354/3354/696 873/874/866
f 878/879/871 873/874/866 3354/3354/696
f 3354/3354/696 3355/3355/698 878/879/871
f 883/884/876 878/879/871 3355/3355/698
f 3355/3355/698 3356/3356/1925 883/884/876
f 888/889/881 883/884/876 3356/3356/1925
f 3356/3356/1925 3357/3357/702 888/889/881
f 893/894/886 888/889/881 3357/3357/702
f 3357/3357/702 3358/3358/1926 893/894/886
f 898/899/891 893/894/886 3358/3358/1926
f 3358/3358/1926 3359/3359/706 898/899/891
f 905/906/896 898/899/891 3359/3359/706
f 3359/3359/706 3360/3360/708 905/906/896
f 910/911/901 905/906/896 3360/3360/708
f 3360/3360/708 3361/3361/1927 910/911/901
f 913/914/904 910/911/901 3361/3361/1927
f 3361/3361/1927 3362/3362/712 913/914/904
f 685/685/679 913/914/904 3362/3362/712
f 3362/3362/712 3363/3363/1928 685/685/679
f 682/682/676 685/685/679 3363/3363/1928
f 3363/3363/1928 3364/3364/716 682/682/676
f 679/679/673 682/682/676 3364/3364/716
f 3364/3364/716 3365/3365/718 679/679/673
f 676/676/670 679/679/673 3365/3365/718
f 3365/3365/718 3366/3366/720 676/676/670
f 673/673/667 676/676/670 3366/3366/720
f 3366/3366/720 3367/3367/722 673/673/667
f 670/670/664 673/673/667 3367/3367/722
f 3367/3367/722 3368/3368/724 670/670/664
f 667/667/661 670/670/664 3368/3368/724
f 3368/3368/724 3369/3369/1929 667/667/661
f 664/664/658 667/667/661 3369/3369/1929
f 3369/3369/1929 3370/3370/728 664/664/658
f 661/661/655 664/664/658 3370/3370/728
f 3370/3370/728 3371/3371/730 661/661/655
f 658/658/652 661/661/655 3371/3371/730
f 3371/3371/730 3372/3372/1930 658/658/652
f 655/655/649 658/658/652 3372/3372/1930
f 3372/3372/1930 3373/3373/734 655/655/649
f 652/652/646 655/655/649 3373/3373/734
f 3373/3373/734 3374/3374/1931 652/652/646
f 649/649/643 652/652/646 3374/3374/1931
f 3374/3374/1931 3375/3375/738 649/649/643
f 646/646/640 649/649/643 3375/3375/738
f 3375/3375/738 3376/3376/740 646/646/640
f 643/643/637 646/646/640 3376/3376/740
f 3376/3376/740 3377/3377/1932 643/643/637
f 640/640/634 643/643/637 3377/3377/1932
f 3377/3377/1932 3378/3378/744 640/640/634
f 637/637/631 640/640/634 3378/3378/744
f 3378/3378/744 3379/3379/1933 637/637/631
f 634/634/628 637/637/631 3379/3379/1933
f 3379/3379/1933 3380/3380/748 634/634/628
f 631/631/625 634/634/628 3380/3380/748
f 3380/3380/748 3381/3381/750 631/631/625
f 628/628/622 631/631/625 3381/3381/750
f 3381/3381/750 3382/3382/752 628/628/622
f 625/625/619 628/628/622 3382/3382/752
f 3382/3382/752 3383/3383/754 625/625/619
f 622/622/616 625/625/619 3383/3383/754
f 3383/3383/754 3384/3384/756 622/622/616
f 619/619/613 622/622/616 3384/3384/756
f 3384/3384/756 3385/3385/1934 619/619/613
f 616/616/610 619/619/613 3385/3385/1934
f 3385/3385/1934 3386/3386/760 616/616/610
f 613/613/607 616/616/610 3386/3386/760
f 3386/3386/760 3387/3387/762 613/613/607
f 610/610/604 613/613/607 3387/3387/762
f 3387/3387/762 3388/3388/1935 610/610/604
f 607/607/601 610/610/604 3388/3388/1935
f 3388/3388/1935 3389/3389/766 607/607/601
f 604/604/598 607/607/601 3389/3389/766
f 3389/3389/766 3390/3390/1936 604/604/598
f 600/600/594 604/604/598 3390/3390/1936
f 3390/3390/1936 3391/3391/770 600/600/594
f 595/596/590 600/600/594 3391/3391/770
f 3391/3391/770 3392/3392/772 595/596/590
f 596/597/591 595/596/590 3392/3392/772
f 3392/3392/772 3393/3393/1937 596/597/591
f 821/822/815 596/597/591 3393/3393/1937
f 3393/3393/1937 3394/3394/776 821/822/815
f 825/826/819 821/822/815 3394/3394/776
f 3394/3394/776 3395/3395/1938 825/826/819
f 830/831/823 825/826/819 3395/3395/1938
f 3395/3395/1938 3396/3396/780 830/831/823
f 834/835/827 830/831/823 3396/3396/780
f 3396/3396/780 3397/3397/782 834/835/827
f 838/839/831 834/835/827 3397/3397/782
f 3397/3397/782 3398/3398/784 838/839/831
f 842/843/835 838/839/831 3398/3398/784
f 3398/3398/784 3399/3399/786 842/843/835
f 846/847/839 842/843/835 3399/3399/786
f 3399/3399/786 3400/3400/788 846/847/839
f 850/851/843 846/847/839 3400/3400/788
f 3400/3400/788 3401/3401/1939 850/851/843
f 856/857/849 850/851/843 3401/3401/1939
f 3401/3401/1939 3402/3402/792 856/857/849
f 859/860/852 856/857/849 3402/3402/792
f 3402/3402/792 3403/3403/794 859/860/852
f 866/867/859 859/860/852 3403/3403/794
f 3403/3403/794 3404/3404/1940 866/867/859
f 871/872/864 866/867/859 3404/3404/1940
f 3404/3404/1940 3405/3405/798 871/872/864
f 876/877/869 871/872/864 3405/3405/798
f 3405/3405/798 3406/3406/1941 876/877/869
f 881/882/874 876/877/869 3406/3406/1941
f 3406/3406/1941 3407/3407/802 881/882/874
f 886/887/879 881/882/874 3407/3407/802
f 3407/3407/802 3408/3408/804 886/887/879
f 891/892/884 886/887/879 3408/3408/804
f 3408/3408/804 3409/3409/1942 891/892/884
f 896/897/889 891/892/884 3409/3409/1942
f 3409/3409/1942 3410/3410/1943 896/897/889
f 903/904/894 902/903/889 3411/3411/1943
f 3411/3411/1943 3412/3412/1944 903/904/894
f 908/909/899 903/904/894 3412/3412/1944
f 3412/3412/1944 3413/3413/684 908/909/899
f 853/853/845 908/909/899 3413/3413/684
f 3413/3413/684 3414/3414/683 853/853/845
f 70/71/69 853/853/845 3414/3414/683
f 3414/3414/683 3350/3350/813 70/71/69
f 942/942/932 692/693/687 945/945/935
f 945/945/935 940/940/930 942/942/932
f 940/940/930 945/945/935 944/944/934
f 944/944/934 946/946/936 940/940/930
f 946/946/936 944/944/934 948/948/938
f 948/948/938 949/949/939 946/946/936
f 949/949/939 948/948/938 951/951/941
f 951/951/941 952/952/942 949/949/939
f 952/952/942 951/951/941 954/954/944
f 954/954/944 955/955/945 952/952/942
f 955/955/945 954/954/944 957/957/947
f 957/957/947 958/958/948 955/955/945
f 958/958/948 957/957/947 960/960/950
f 960/960/950 961/961/951 958/958/948
f 961/961/951 960/960/950 963/963/953
f 963/963/953 964/964/954 961/961/951
f 964/964/954 963/963/953 966/966/956
f 966/966/956 967/967/957 964/964/954
f 967/967/957 966/966/956 969/969/959
f 969/969/959 970/970/960 967/967/957
f 970/970/960 969/969/959 693/694/688
f 693/694/688 971/971/961 970/970/960
f 971/971/961 693/694/688 692/693/687
f 692/693/687 942/942/932 971/971/961
f 1003/1003/930 973/974/963 1006/1006/934
f 1006/1006/934 1001/1001/936 1003/1003/930
f 1001/1001/936 1006/1006/934 1005/1005/938
f 1005/1005/938 1007/1007/939 1001/1001/936
f 1007/1007/939 1005/1005/938 1009/1009/974
f 1009/1009/974 1010/1010/942 1007/1007/939
f 1010/1010/942 1009/1009/974 1012/1012/944
f 1012/1012/944 1013/1013/975 1010/1010/942
f 1013/1013/975 1012/1012/944 1015/1015/947
f 1015/1015/947 1016/1016/948 1013/1013/975
f 1016/1016/948 1015/1015/947 1018/1018/950
f 1018/1018/950 1019/1019/951 1016/1016/948
f 1019/1019/951 1018/1018/950 1021/1021/953
f 1021/1021/953 1022/1022/954 1019/1019/951
f 1022/1022/954 1021/1021/953 1024/1024/956
f 1024/1024/956 1025/1025/957 1022/1022/954
f 1025/1025/957 1024/1024/956 1027/1027/959
f 1027/1027/959 1028/1028/960 1025/1025/957
f 1028/1028/960 1027/1027/959 1030/1030/978
f 1030/1030/978 1031/1031/961 1028/1028/960
f 1031/1031/961 1030/1030/978 974/975/687
f 974/975/687 1032/1032/932 1031/1031/961
f 1032/1032/932 974/975/687 973/974/963
f 973/974/963 1003/1003/930 1032/1032/932
f 1064/1064/936 1034/1035/979 1067/1067/994
f 1067/1067/994 1062/1062/939 1064/1064/936
f 1062/1062/939 1067/1067/994 1066/1066/993
f 1066/1066/993 1068/1068/942 1062/1062/939
f 1068/1068/942 1066/1066/993 1070/1070/996
f 1070/1070/996 1071/1071/945 1068/1068/942
f 1071/1071/945 1070/1070/996 1073/1073/947
f 1073/1073/947 1074/1074/948 1071/1071/945
f 1074/1074/948 1073/1073/947 1076/1076/998
f 1076/1076/998 1077/1077/951 1074/1074/948
f 1077/1077/951 1076/1076/998 1079/1079/953
f 1079/1079/953 1080/1080/954 1077/1077/951
f 1080/1080/954 1079/1079/953 1082/1082/999
f 1082/1082/999 1083/1083/957 1080/1080/954
f 1083/1083/957 1082/1082/999 1085/1085/1001
f 1085/1085/1001 1086/1086/960 1083/1083/957
f 1086/1086/960 1085/1085/1001 1088/1088/1002
f 1088/1088/1002 1089/1089/961 1086/1086/960
f 1089/1089/961 1088/1088/1002 1091/1091/1003
f 1091/1091/1003 1092/1092/932 1089/1089/961
f 1092/1092/932 1091/1091/1003 1035/1036/980
f 1035/1036/980 1093/1093/930 1092/1092/932
f 1093/1093/930 1035/1036/980 1034/1035/979
f 1034/1035/979 1064/1064/936 1093/1093/930
f 1125/1125/939 1095/1096/994 1128/1128/993
f 1128/1128/993 1123/1123/942 1125/1125/939
f 1123/1123/942 1128/1128/993 1127/1127/1008
f 1127/1127/1008 1129/1129/945 1123/1123/942
f 1129/1129/945 1127/1127/1008 1131/1131/1009
f 1131/1131/1009 1132/1132/948 1129/1129/945
f 1132/1132/948 1131/1131/1009 1134/1134/998
f 1134/1134/998 1135/1135/951 1132/1132/948
f 1135/1135/951 1134/1134/998 1137/1137/1010
f 1137/1137/1010 1138/1138/954 1135/1135/951
f 1138/1138/954 1137/1137/1010 1140/1140/999
f 1140/1140/999 1141/1141/957 1138/1138/954
f 1141/1141/957 1140/1140/999 1143/1143/1011
f 1143/1143/1011 1144/1144/960 1141/1141/957
f 1144/1144/960 1143/1143/1011 1146/1146/1002
f 1146/1146/1002 1147/1147/961 1144/1144/960
f 1147/1147/961 1146/1146/1002 1149/1149/1003
f 1149/1149/1003 1150/1150/932 1147/1147/961
f 1150/1150/932 1149/1149/1003 1152/1152/963
f 1152/1152/963 1153/1153/930 1150/1150/932
f 1153/1153/930 1152/1152/963 1096/1097/979
f 1096/1097/979 1154/1154/936 1153/1153/930
f 1154/1154/936 1096/1097/979 1095/1096/994
f 1095/1096/994 1125/1125/939 1154/1154/936
f 1186/1186/942 1156/1157/941 1189/1189/1008
f 1189/1189/1008 1184/1184/945 1186/1186/942
f 1184/1184/945 1189/1189/1008 1188/1188/1009
f 1188/1188/1009 1190/1190/948 1184/1184/945
f 1190/1190/948 1188/1188/1009 1192/1192/1018
f 1192/1192/1018 1193/1193/951 1190/1190/948
f 1193/1193/951 1192/1192/1018 1195/1195/1010
f 1195/1195/1010 1196/1196/1019 1193/1193/951
f 1196/1196/1019 1195/1195/1010 1198/1198/999
f 1198/1198/999 1199/1199/957 1196/1196/1019
f 1199/1199/957 1198/1198/999 1201/1201/1011
f 1201/1201/1011 1202/1202/960 1199/1199/957
f 1202/1202/960 1201/1201/1011 1204/1204/1002
f 1204/1204/1002 1205/1205/961 1202/1202/960
f 1205/1205/961 1204/1204/1002 1207/1207/1003
f 1207/1207/1003 1208/1208/932 1205/1205/961
f 1208/1208/932 1207/1207/1003 1210/1210/963
f 1210/1210/963 1211/1211/930 1208/1208/932
f 1211/1211/930 1210/1210/963 1213/1213/934
f 1213/1213/934 1214/1214/936 1211/1211/930
f 1214/1214/936 1213/1213/934 1157/1158/994
f 1157/1158/994 1215/1215/939 1214/1214/936
f 1215/1215/939 1157/1158/994 1156/1157/941
f 1156/1157/941 1186/1186/942 1215/1215/939
f 1247/1247/945 1217/1218/1008 1250/1250/947
f 1250/1250/947 1245/1245/948 1247/1247/945
f 1245/1245/948 1250/1250/947 1249/1249/950
f 1249/1249/950 1251/1251/951 1245/1245/948
f 1251/1251/951 1249/1249/950 1253/1253/953
f 1253/1253/953 1254/1254/954 1251/1251/951
f 1254/1254/954 1253/1253/953 1256/1256/956
f 1256/1256/956 1257/1257/957 1254/1254/954
f 1257/1257/957 1256/1256/956 1259/1259/959
f 1259/1259/959 1260/1260/960 1257/1257/957
f 1260/1260/960 1259/1259/959 1262/1262/1002
f 1262/1262/1002 1263/1263/961 1260/1260/960
f 1263/1263/961 1262/1262/1002 1265/1265/687
f 1265/1265/687 1266/1266/932 1263/1263/961
f 1266/1266/932 1265/1265/687 1268/1268/980
f 1268/1268/980 1269/1269/930 1266/1266/932
f 1269/1269/930 1268/1268/980 1271/1271/934
f 1271/1271/934 1272/1272/936 1269/1269/930
f 1272/1272/936 1271/1271/934 1274/1274/938
f 1274/1274/938 1275/1275/939 1272/1272/936
f 1275/1275/939 1274/1274/938 1218/1219/974
f 1218/1219/974 1276/1276/942 1275/1275/939
f 1276/1276/942 1218/1219/974 1217/1218/1008
f 1217/1218/1008 1247/1247/945 1276/1276/942
f 1308/1308/948 1278/1279/947 1311/1311/950
f 1311/1311/950 1306/1306/951 1308/1308/948
f 1306/1306/951 1311/1311/950 1310/1310/953
f 1310/1310/953 1312/1312/954 1306/1306/951
f 1312/1312/954 1310/1310/953 1314/1314/956
f 1314/1314/956 1315/1315/957 1312/1312/954
f 1315/1315/957 1314/1314/956 1317/1317/959
f 1317/1317/959 1318/1318/960 1315/1315/957
f 1318/1318/960 1317/1317/959 1320/1320/688
f 1320/1320/688 1321/1321/1022 1318/1318/960
f 1321/1321/1022 1320/1320/688 1323/1323/687
f 1323/1323/687 1324/1324/932 1321/1321/1022
f 1324/1324/932 1323/1323/687 1326/1326/935
f 1326/1326/935 1327/1327/930 1324/1324/932
f 1327/1327/930 1326/1326/935 1329/1329/934
f 1329/1329/934 1330/1330/936 1327/1327/930
f 1330/1330/936 1329/1329/934 1332/1332/938
f 1332/1332/938 1333/1333/939 1330/1330/936
f 1333/1333/939 1332/1332/938 1335/1335/941
f 1335/1335/941 1336/1336/942 1333/1333/939
f 1336/1336/942 1335/1335/941 1279/1280/944
f 1279/1280/944 1337/1337/945 1336/1336/942
f 1337/1337/945 1279/1280/944 1278/1279/947
f 1278/1279/947 1308/1308/948 1337/1337/945
f 1369/1369/951 1339/1340/998 1372/1372/953
f 1372/1372/953 1367/1367/954 1369/1369/951
f 1367/1367/954 1372/1372/953 1371/1371/956
f 1371/1371/956 1373/1373/957 1367/1367/954
f 1373/1373/957 1371/1371/956 1375/1375/1001
f 1375/1375/1001 1376/1376/960 1373/1373/957
f 1376/1376/960 1375/1375/1001 1378/1378/688
f 1378/1378/688 1379/1379/1022 1376/1376/960
f 1379/1379/1022 1378/1378/688 1381/1381/687
f 1381/1381/687 1382/1382/932 1379/1379/1022
f 1382/1382/932 1381/1381/687 1384/1384/963
f 1384/1384/963 1385/1385/930 1382/1382/932
f 1385/1385/930 1384/1384/963 1387/1387/934
f 1387/1387/934 1388/1388/936 1385/1385/930
f 1388/1388/936 1387/1387/934 1390/1390/938
f 1390/1390/938 1391/1391/939 1388/1388/936
f 1391/1391/939 1390/1390/938 1393/1393/941
f 1393/1393/941 1394/1394/942 1391/1391/939
f 1394/1394/942 1393/1393/941 1396/1396/996
f 1396/1396/996 1397/1397/945 1394/1394/942
f 1397/1397/945 1396/1396/996 1340/1341/947
f 1340/1341/947 1398/1398/948 1397/1397/945
f 1398/1398/948 1340/1341/947 1339/1340/998
f 1339/1340/998 1369/1369/951 1398/1398/948
f 1430/1430/1019 1400/1401/1010 1433/1433/999
f 1433/1433/999 1428/1428/957 1430/1430/1019
f 1428/1428/957 1433/1433/999 1432/1432/1011
f 1432/1432/1011 1434/1434/960 1428/1428/957
f 1434/1434/960 1432/1432/1011 1436/1436/1002
f 1436/1436/1002 1437/1437/961 1434/1434/960
f 1437/1437/961 1436/1436/1002 1439/1439/1003
f 1439/1439/1003 1440/1440/932 1437/1437/961
f 1440/1440/932 1439/1439/1003 1442/1442/963
f 1442/1442/963 1443/1443/930 1440/1440/932
f 1443/1443/930 1442/1442/963 1445/1445/934
f 1445/1445/934 1446/1446/936 1443/1443/930
f 1446/1446/936 1445/1445/934 1448/1448/994
f 1448/1448/994 1449/1449/939 1446/1446/936
f 1449/1449/939 1448/1448/994 1451/1451/974
f 1451/1451/974 1452/1452/942 1449/1449/939
f 1452/1452/942 1451/1451/974 1454/1454/1008
f 1454/1454/1008 1455/1455/945 1452/1452/942
f 1455/1455/945 1454/1454/1008 1457/1457/1009
f 1457/1457/1009 1458/1458/948 1455/1455/945
f 1458/1458/948 1457/1457/1009 1401/1402/1018
f 1401/1402/1018 1459/1459/951 1458/1458/948
f 1459/1459/951 1401/1402/1018 1400/1401/1010
f 1400/1401/1010 1430/1430/1019 1459/1459/951
f 1491/1491/957 1461/1462/999 1494/1494/1011
f 1494/1494/1011 1489/1489/960 1491/1491/957
f 1489/1489/960 1494/1494/1011 1493/1493/1002
f 1493/1493/1002 1495/1495/961 1489/1489/960
f 1495/1495/961 1493/1493/1002 1497/1497/1003
f 1497/1497/1003 1498/1498/932 1495/1495/961
f 1498/1498/932 1497/1497/1003 1500/1500/963
f 1500/1500/963 1501/1501/930 1498/1498/932
f 1501/1501/930 1500/1500/963 1503/1503/979
f 1503/1503/979 1504/1504/1029 1501/1501/930
f 1504/1504/1029 1503/1503/979 1506/1506/994
f 1506/1506/994 1507/1507/939 1504/1504/1029
f 1507/1507/939 1506/1506/994 1509/1509/993
f 1509/1509/993 1510/1510/942 1507/1507/939
f 1510/1510/942 1509/1509/993 1512/1512/1008
f 1512/1512/1008 1513/1513/945 1510/1510/942
f 1513/1513/945 1512/1512/1008 1515/1515/1009
f 1515/1515/1009 1516/1516/948 1513/1513/945
f 1516/1516/948 1515/1515/1009 1518/1518/998
f 1518/1518/998 1519/1519/951 1516/1516/948
f 1519/1519/951 1518/1518/998 1462/1463/1010
f 1462/1463/1010 1520/1520/954 1519/1519/951
f 1520/1520/954 1462/1463/1010 1461/1462/999
f 1461/1462/999 1491/1491/957 1520/1520/954
f 1552/1552/960 1522/1523/959 1555/1555/1002
f 1555/1555/1002 1550/1550/961 1552/1552/960
f 1550/1550/961 1555/1555/1002 1554/1554/1003
f 1554/1554/1003 1556/1556/932 1550/1550/961
f 1556/1556/932 1554/1554/1003 1558/1558/980
f 1558/1558/980 1559/1559/930 1556/1556/932
f 1559/1559/930 1558/1558/980 1561/1561/979
f 1561/1561/979 1562/1562/1029 1559/1559/930
f 1562/1562/1029 1561/1561/979 1564/1564/994
f 1564/1564/994 1565/1565/939 1562/1562/1029
f 1565/1565/939 1564/1564/994 1567/1567/941
f 1567/1567/941 1568/1568/942 1565/1565/939
f 1568/1568/942 1567/1567/941 1570/1570/1008
f 1570/1570/1008 1571/1571/945 1568/1568/942
f 1571/1571/945 1570/1570/1008 1573/1573/1009
f 1573/1573/1009 1574/1574/948 1571/1571/945
f 1574/1574/948 1573/1573/1009 1576/1576/998
f 1576/1576/998 1577/1577/951 1574/1574/948
f 1577/1577/951 1576/1576/998 1579/1579/953
f 1579/1579/953 1580/1580/954 1577/1577/951
f 1580/1580/954 1579/1579/953 1523/1524/999
f 1523/1524/999 1581/1581/957 1580/1580/954
f 1581/1581/957 1523/1524/999 1522/1523/959
f 1522/1523/959 1552/1552/960 1581/1581/957
f 1613/1613/1022 1583/1584/688 1616/1616/687
f 1616/1616/687 1611/1611/932 1613/1613/1022
f 1611/1611/932 1616/1616/687 1615/1615/935
f 1615/1615/935 1617/1617/930 1611/1611/932
f 1617/1617/930 1615/1615/935 1619/1619/934
f 1619/1619/934 1620/1620/936 1617/1617/930
f 1620/1620/936 1619/1619/934 1622/1622/938
f 1622/1622/938 1623/1623/939 1620/1620/936
f 1623/1623/939 1622/1622/938 1625/1625/941
f 1625/1625/941 1626/1626/942 1623/1623/939
f 1626/1626/942 1625/1625/941 1628/1628/1008
f 1628/1628/1008 1629/1629/945 1626/1626/942
f 1629/1629/945 1628/1628/1008 1631/1631/947
f 1631/1631/947 1632/1632/948 1629/1629/945
f 1632/1632/948 1631/1631/947 1634/1634/1018
f 1634/1634/1018 1635/1635/951 1632/1632/948
f 1635/1635/951 1634/1634/1018 1637/1637/953
f 1637/1637/953 1638/1638/954 1635/1635/951
f 1638/1638/954 1637/1637/953 1640/1640/956
f 1640/1640/956 1641/1641/957 1638/1638/954
f 1641/1641/957 1640/1640/956 1584/1585/1001
f 1584/1585/1001 1642/1642/960 1641/1641/957
f 1642/1642/960 1584/1585/1001 1583/1584/688
f 1583/1584/688 1613/1613/1022 1642/1642/960
f 1665/1666/1057 1658/1655/1046 3415/3415/1945
f 3415/3415/1945 3416/3416/1946 1665/1666/1057
f 1658/1655/1046 1657/1658/1049 3417/3417/1862
f 3417/3417/1862 3415/3415/1945 1658/1655/1046
f 1657/1658/1049 1674/1671/1062 3418/3418/1947
f 3418/3418/1947 3417/3417/1862 1657/1658/1049
f 1674/1671/1062 1673/1674/1065 3419/3419/1948
f 3419/3419/1948 3418/3418/1947 1674/1671/1062
f 1682/1679/1065 1681/1682/1071 3420/3420/1949
f 3420/3420/1949 3421/3421/1864 1682/1679/1065
f 1681/1682/1071 1688/1688/1077 3422/3422/1950
f 3422/3422/1950 3420/3420/1949 1681/1682/1071
f 1688/1688/1077 1694/1694/1083 3423/3423/1951
f 3423/3423/1951 3422/3422/1950 1688/1688/1077
f 1694/1694/1083 1700/1700/1089 3424/3424/1952
f 3424/3424/1952 3423/3423/1951 1694/1694/1083
f 1700/1700/1089 1706/1706/1095 3425/3425/1953
f 3425/3425/1953 3424/3424/1952 1700/1700/1089
f 1706/1706/1095 1712/1712/1101 3426/3426/1954
f 3426/3426/1954 3425/3425/1953 1706/1706/1095
f 1712/1712/1101 1716/1716/1105 3427/3427/1955
f 3427/3427/1955 3426/3426/1954 1712/1712/1101
f 1716/1716/1105 1724/1724/1113 3428/3428/1956
f 3428/3428/1956 3427/3427/1955 1716/1716/1105
f 1724/1724/1113 1728/1728/1117 3429/3429/1957
f 3429/3429/1957 3428/3428/1956 1724/1724/1113
f 1728/1728/1117 1732/1732/1121 3430/3430/1874
f 3430/3430/1874 3429/3429/1957 1728/1728/1117
f 1732/1732/1121 1736/1736/1125 3431/3431/1958
f 3431/3431/1958 3430/3430/1874 1732/1732/1121
f 1736/1736/1125 1740/1740/1129 3432/3432/1959
f 3432/3432/1959 3431/3431/1958 1736/1736/1125
f 1740/1740/1129 1744/1744/1133 3433/3433/1960
f 3433/3433/1960 3432/3432/1959 1740/1740/1129
f 1744/1744/1133 1748/1748/1137 3434/3434/1878
f 3434/3434/1878 3433/3433/1960 1744/1744/1133
f 1748/1748/1137 1752/1752/1141 3435/3435/1961
f 3435/3435/1961 3434/3434/1878 1748/1748/1137
f 1752/1752/1141 1756/1756/1145 3436/3436/1962
f 3436/3436/1962 3435/3435/1961 1752/1752/1141
f 1756/1756/1145 1760/1760/1149 3437/3437/1963
f 3437/3437/1963 3436/3436/1962 1756/1756/1145
f 1760/1760/1149 1764/1764/1153 3438/3438/1964
f 3438/3438/1964 3437/3437/1963 1760/1760/1149
f 1764/1764/1153 1768/1768/1157 3439/3439/1965
f 3439/3439/1965 3438/3438/1964 1764/1764/1153
f 1768/1768/1157 1772/1772/1161 3440/3440/1966
f 3440/3440/1966 3439/3439/1965 1768/1768/1157
f 1772/1772/1161 1776/1776/1165 3441/3441/1967
f 3441/3441/1967 3440/3440/1966 1772/1772/1161
f 1776/1776/1165 1780/1780/1169 3442/3442/1968
f 3442/3442/1968 3441/3441/1967 1776/1776/1165
f 1780/1780/1169 1654/1651/1042 3443/3443/1969
f 3443/3443/1969 3442/3442/1968 1780/1780/1169
f 1654/1651/1042 1653/1654/1045 3444/3444/1970
f 3444/3444/1970 3443/3443/1969 1654/1651/1042
f 1653/1654/1045 1662/1662/1053 3445/3445/1971
f 3445/3445/1971 3444/3444/1970 1653/1654/1045
f 1662/1662/1053 1670/1670/1061 3446/3446/1890
f 3446/3446/1890 3445/3445/1971 1662/1662/1053
f 1670/1670/1061 1678/1678/1069 3447/3447/1972
f 3447/3447/1972 3446/3446/1890 1670/1670/1061
f 1678/1678/1069 1686/1686/1075 3448/3448/1973
f 3448/3448/1973 3447/3447/1972 1678/1678/1069
f 1686/1686/1075 1692/1692/1081 3449/3449/1974
f 3449/3449/1974 3448/3448/1973 1686/1686/1075
f 1692/1692/1081 1698/1698/1087 3450/3450/1894
f 3450/3450/1894 3449/3449/1974 1692/1692/1081
f 1698/1698/1087 1704/1704/1093 3451/3451/1975
f 3451/3451/1975 3450/3450/1894 1698/1698/1087
f 1704/1704/1093 1710/1710/1099 3452/3452/1976
f 3452/3452/1976 3451/3451/1975 1704/1704/1093
f 1710/1710/1099 1714/1714/1103 3453/3453/1977
f 3453/3453/1977 3452/3452/1976 1710/1710/1099
f 1714/1714/1103 1722/1722/1111 3454/3454/1978
f 3454/3454/1978 3453/3453/1977 1714/1714/1103
f 1722/1722/1111 1726/1726/1115 3455/3455/1979
f 3455/3455/1979 3454/3454/1978 1722/1722/1111
f 1726/1726/1115 1730/1730/1119 3456/3456/1980
f 3456/3456/1980 3455/3455/1979 1726/1726/1115
f 1730/1730/1119 1734/1734/1123 3457/3457/1981
f 3457/3457/1981 3456/3456/1980 1730/1730/1119
f 1734/1734/1123 1738/1738/1127 3458/3458/1982
f 3458/3458/1982 3457/3457/1981 1734/1734/1123
f 1738/1738/1127 1742/1742/1131 3459/3459/1983
f 3459/3459/1983 3458/3458/1982 1738/1738/1127
f 1742/1742/1131 1746/1746/1135 3460/3460/1984
f 3460/3460/1984 3459/3459/1983 1742/1742/1131
f 1746/1746/1135 1750/1750/1139 3461/3461/1985
f 3461/3461/1985 3460/3460/1984 1746/1746/1135
f 1750/1750/1139 1754/1754/1143 3462/3462/1906
f 3462/3462/1906 3461/3461/1985 1750/1750/1139
f 1754/1754/1143 1758/1758/1147 3463/3463/1986
f 3463/3463/1986 3462/3462/1906 1754/1754/1143
f 1758/1758/1147 1762/1762/1151 3464/3464/1987
f 3464/3464/1987 3463/3463/1986 1758/1758/1147
f 1762/1762/1151 1766/1766/1155 3465/3465/1988
f 3465/3465/1988 3464/3464/1987 1762/1762/1151
f 1766/1766/1155 1770/1770/1159 3466/3466/1910
f 3466/3466/1910 3465/3465/1988 1766/1766/1155
f 1770/1770/1159 1774/1774/1163 3467/3467/1989
f 3467/3467/1989 3466/3466/1910 1770/1770/1159
f 1774/1774/1163 1778/1778/1167 3468/3468/1990
f 3468/3468/1990 3467/3467/1989 1774/1774/1163
f 1778/1778/1167 1650/1647/1038 3469/3469/1991
f 3469/3469/1991 3468/3468/1990 1778/1778/1167
f 1650/1647/1038 1649/1650/1041 3470/3470/1992
f 3470/3470/1992 3469/3469/1991 1650/1647/1038
f 1649/1650/1041 1660/1660/1051 3471/3471/1993
f 3471/3471/1993 3470/3470/1992 1649/1650/1041
f 1660/1660/1051 1668/1668/1059 3472/3472/1994
f 3472/3472/1994 3471/3471/1993 1660/1660/1051
f 1668/1668/1059 1676/1676/1067 3473/3473/1995
f 3473/3473/1995 3472/3472/1994 1668/1668/1059
f 1676/1676/1067 1684/1684/1073 3474/3474/1996
f 3474/3474/1996 3473/3473/1995 1676/1676/1067
f 1684/1684/1073 1690/1690/1079 3475/3475/1997
f 3475/3475/1997 3474/3474/1996 1684/1684/1073
f 1690/1690/1079 1696/1696/1085 3476/3476/1998
f 3476/3476/1998 3475/3475/1997 1690/1690/1079
f 1696/1696/1085 1702/1702/1091 3477/3477/1999
f 3477/3477/1999 3476/3476/1998 1696/1696/1085
f 1702/1702/1091 1708/1708/1097 3478/3478/1922
f 3478/3478/1922 3477/3477/1999 1702/1702/1091
f 1708/1708/1097 1666/1663/1054 3479/3479/2000
f 3479/3479/2000 3478/3478/1922 1708/1708/1097
f 1666/1663/1054 1665/1666/1057 3416/3416/1946
f 3416/3416/1946 3479/3479/2000 1666/1663/1054
f 2244/2244/1436 2240/2240/1432 1644/1645/1036
f 1644/1645/1036 1643/1644/1035 2244/2244/1436
f 2240/2240/1432 2233/2233/1425 1785/1785/1174
f 1785/1785/1174 1644/1645/1036 2240/2240/1432
f 2233/2233/1425 2232/2232/1424 1813/1813/1202
f 1813/1813/1202 1785/1785/1174 2233/2233/1425
f 2232/2232/1424 2467/2467/1657 1883/1883/1272
f 1883/1883/1272 1813/1813/1202 2232/2232/1424
f 2472/2472/1657 2471/2471/1661 1890/1891/1278
f 1890/1891/1278 1889/1890/1272 2472/2472/1657
f 2471/2471/1661 2476/2476/1665 1897/1897/1284
f 1897/1897/1284 1890/1891/1278 2471/2471/1661
f 2476/2476/1665 2480/2480/1669 1903/1903/1290
f 1903/1903/1290 1897/1897/1284 2476/2476/1665
f 2480/2480/1669 2484/2484/1673 1787/1788/1177
f 1787/1788/1177 1903/1903/1290 2480/2480/1669
f 2484/2484/1673 2488/2488/1677 1788/1789/1178
f 1788/1789/1178 1787/1788/1177 2484/2484/1673
f 2488/2488/1677 2492/2492/1681 1797/1797/1186
f 1797/1797/1186 1788/1789/1178 2488/2488/1677
f 2492/2492/1681 2498/2498/1687 1803/1803/1192
f 1803/1803/1192 1797/1797/1186 2492/2492/1681
f 2498/2498/1687 2502/2502/1691 1807/1807/1196
f 1807/1807/1196 1803/1803/1192 2498/2498/1687
f 2502/2502/1691 2507/2507/1696 1811/1811/1200
f 1811/1811/1200 1807/1807/1196 2502/2502/1691
f 2507/2507/1696 2512/2512/1701 1817/1817/1206
f 1817/1817/1206 1811/1811/1200 2507/2507/1696
f 2512/2512/1701 2517/2517/1706 1821/1821/1210
f 1821/1821/1210 1817/1817/1206 2512/2512/1701
f 2517/2517/1706 2522/2522/1711 1825/1825/1214
f 1825/1825/1214 1821/1821/1210 2517/2517/1706
f 2522/2522/1711 2527/2527/1716 1829/1829/1218
f 1829/1829/1218 1825/1825/1214 2522/2522/1711
f 2527/2527/1716 2532/2532/1721 1833/1833/1222
f 1833/1833/1222 1829/1829/1218 2527/2527/1716
f 2532/2532/1721 2537/2537/1726 1837/1837/1226
f 1837/1837/1226 1833/1833/1222 2532/2532/1721
f 2537/2537/1726 2542/2542/1731 1841/1841/1230
f 1841/1841/1230 1837/1837/1226 2537/2537/1726
f 2542/2542/1731 2549/2549/1737 1845/1845/1234
f 1845/1845/1234 1841/1841/1230 2542/2542/1731
f 2549/2549/1737 2554/2554/1742 1849/1849/1238
f 1849/1849/1238 1845/1845/1234 2549/2549/1737
f 2554/2554/1742 2329/2329/1521 1853/1853/1242
f 1853/1853/1242 1849/1849/1238 2554/2554/1742
f 2329/2329/1521 2326/2326/1518 1857/1857/1246
f 1857/1857/1246 1853/1853/1242 2329/2329/1521
f 2326/2326/1518 2323/2323/1515 1861/1861/1250
f 1861/1861/1250 1857/1857/1246 2326/2326/1518
f 2323/2323/1515 2320/2320/1512 1865/1865/1254
f 1865/1865/1254 1861/1861/1250 2323/2323/1515
f 2320/2320/1512 2317/2317/1509 1869/1869/1258
f 1869/1869/1258 1865/1865/1254 2320/2320/1512
f 2317/2317/1509 2314/2314/1506 1873/1873/1262
f 1873/1873/1262 1869/1869/1258 2317/2317/1509
f 2314/2314/1506 2311/2311/1503 1877/1877/1266
f 1877/1877/1266 1873/1873/1262 2314/2314/1506
f 2311/2311/1503 2308/2308/1500 1881/1881/1270
f 1881/1881/1270 1877/1877/1266 2311/2311/1503
f 2308/2308/1500 2305/2305/1497 1887/1887/1276
f 1887/1887/1276 1881/1881/1270 2308/2308/1500
f 2305/2305/1497 2302/2302/1494 1895/1895/1282
f 1895/1895/1282 1887/1887/1276 2305/2305/1497
f 2302/2302/1494 2299/2299/1491 1901/1901/1288
f 1901/1901/1288 1895/1895/1282 2302/2302/1494
f 2299/2299/1491 2296/2296/1488 1781/1782/1171
f 1781/1782/1171 1901/1901/1288 2299/2299/1491
f 2296/2296/1488 2293/2293/1485 1782/1783/1172
f 1782/1783/1172 1781/1782/1171 2296/2296/1488
f 2293/2293/1485 2290/2290/1482 1795/1795/1184
f 1795/1795/1184 1782/1783/1172 2293/2293/1485
f 2290/2290/1482 2287/2287/1479 1801/1801/1190
f 1801/1801/1190 1795/1795/1184 2290/2290/1482
f 2287/2287/1479 2284/2284/1476 1805/1805/1194
f 1805/1805/1194 1801/1801/1190 2287/2287/1479
f 2284/2284/1476 2281/2281/1473 1809/1809/1198
f 1809/1809/1198 1805/1805/1194 2284/2284/1476
f 2281/2281/1473 2278/2278/1470 1815/1815/1204
f 1815/1815/1204 1809/1809/1198 2281/2281/1473
f 2278/2278/1470 2275/2275/1467 1819/1819/1208
f 1819/1819/1208 1815/1815/1204 2278/2278/1470
f 2275/2275/1467 2272/2272/1464 1823/1823/1212
f 1823/1823/1212 1819/1819/1208 2275/2275/1467
f 2272/2272/1464 2269/2269/1461 1827/1827/1216
f 1827/1827/1216 1823/1823/1212 2272/2272/1464
f 2269/2269/1461 2266/2266/1458 1831/1831/1220
f 1831/1831/1220 1827/1827/1216 2269/2269/1461
f 2266/2266/1458 2263/2263/1455 1835/1835/1224
f 1835/1835/1224 1831/1831/1220 2266/2266/1458
f 2263/2263/1455 2260/2260/1452 1839/1839/1228
f 1839/1839/1228 1835/1835/1224 2263/2263/1455
f 2260/2260/1452 2257/2257/1449 1843/1843/1232
f 1843/1843/1232 1839/1839/1228 2260/2260/1452
f 2257/2257/1449 2254/2254/1446 1847/1847/1236
f 1847/1847/1236 1843/1843/1232 2257/2257/1449
f 2254/2254/1446 2251/2251/1443 1851/1851/1240
f 1851/1851/1240 1847/1847/1236 2254/2254/1446
f 2251/2251/1443 2248/2248/1440 1855/1855/1244
f 1855/1855/1244 1851/1851/1240 2251/2251/1443
f 2248/2248/1440 2245/2245/1437 1859/1859/1248
f 1859/1859/1248 1855/1855/1244 2248/2248/1440
f 2245/2245/1437 2241/2241/1433 1863/1863/1252
f 1863/1863/1252 1859/1859/1248 2245/2245/1437
f 2241/2241/1433 2235/2235/1427 1867/1867/1256
f 1867/1867/1256 1863/1863/1252 2241/2241/1433
f 2235/2235/1427 2234/2234/1426 1871/1871/1260
f 1871/1871/1260 1867/1867/1256 2235/2235/1427
f 2234/2234/1426 2466/2466/1656 1875/1875/1264
f 1875/1875/1264 1871/1871/1260 2234/2234/1426
f 2466/2466/1656 2470/2470/1660 1879/1879/1268
f 1879/1879/1268 1875/1875/1264 2466/2466/1656
f 2470/2470/1660 2475/2475/1664 1885/1885/1274
f 1885/1885/1274 1879/1879/1268 2470/2470/1660
f 2475/2475/1664 2479/2479/1668 1893/1893/1280
f 1893/1893/1280 1885/1885/1274 2475/2475/1664
f 2479/2479/1668 2483/2483/1672 1899/1899/1286
f 1899/1899/1286 1893/1893/1280 2479/2479/1668
f 2483/2483/1672 2487/2487/1676 1905/1905/1292
f 1905/1905/1292 1899/1899/1286 2483/2483/1672
f 2487/2487/1676 2491/2491/1680 1791/1792/1181
f 1791/1792/1181 1905/1905/1292 2487/2487/1676
f 2491/2491/1680 2497/2497/1686 1792/1793/1182
f 1792/1793/1182 1791/1792/1181 2491/2491/1680
f 2497/2497/1686 2501/2501/1690 1799/1799/1188
f 1799/1799/1188 1792/1793/1182 2497/2497/1686
f 2501/2501/1690 2244/2244/1436 1643/1644/1035
f 1643/1644/1035 1799/1799/1188 2501/2501/1690
f 1718/1719/1108 1717/1718/1107 1664/1665/1056
f 1664/1665/1056 1663/1664/1055 1718/1719/1108
f 2505/2505/1694 1718/1719/1108 1663/1664/1055
f 1663/1664/1055 1707/1707/1096 2505/2505/1694
f 2510/2510/1699 2505/2505/1694 1707/1707/1096
f 1707/1707/1096 1701/1701/1090 2510/2510/1699
f 2515/2515/1704 2510/2510/1699 1701/1701/1090
f 1701/1701/1090 1695/1695/1084 2515/2515/1704
f 2520/2520/1709 2515/2515/1704 1695/1695/1084
f 1695/1695/1084 1689/1689/1078 2520/2520/1709
f 2525/2525/1714 2520/2520/1709 1689/1689/1078
f 1689/1689/1078 1683/1683/1072 2525/2525/1714
f 2530/2530/1719 2525/2525/1714 1683/1683/1072
f 1683/1683/1072 1675/1675/1066 2530/2530/1719
f 2535/2535/1724 2530/2530/1719 1675/1675/1066
f 1675/1675/1066 1667/1667/1058 2535/2535/1724
f 2540/2540/1729 2535/2535/1724 1667/1667/1058
f 1667/1667/1058 1659/1659/1050 2540/2540/1729
f 2547/2547/1735 2540/2540/1729 1659/1659/1050
f 1659/1659/1050 1648/1649/1040 2547/2547/1735
f 2552/2552/1740 2547/2547/1735 1648/1649/1040
f 1648/1649/1040 1647/1648/1039 2552/2552/1740
f 2555/2555/1743 2552/2552/1740 1647/1648/1039
f 1647/1648/1039 1777/1777/1166 2555/2555/1743
f 2327/2328/1520 2555/2555/1743 1777/1777/1166
f 1777/1777/1166 1773/1773/1162 2327/2328/1520
f 2324/2325/1517 2327/2328/1520 1773/1773/1162
f 1773/1773/1162 1769/1769/1158 2324/2325/1517
f 2321/2322/1514 2324/2325/1517 1769/1769/1158
f 1769/1769/1158 1765/1765/1154 2321/2322/1514
f 2318/2319/1511 2321/2322/1514 1765/1765/1154
f 1765/1765/1154 1761/1761/1150 2318/2319/1511
f 2315/2316/1508 2318/2319/1511 1761/1761/1150
f 1761/1761/1150 1757/1757/1146 2315/2316/1508
f 2312/2313/1505 2315/2316/1508 1757/1757/1146
f 1757/1757/1146 1753/1753/1142 2312/2313/1505
f 2309/2310/1502 2312/2313/1505 1753/1753/1142
f 1753/1753/1142 1749/1749/1138 2309/2310/1502
f 2306/2307/1499 2309/2310/1502 1749/1749/1138
f 1749/1749/1138 1745/1745/1134 2306/2307/1499
f 2303/2304/1496 2306/2307/1499 1745/1745/1134
f 1745/1745/1134 1741/1741/1130 2303/2304/1496
f 2300/2301/1493 2303/2304/1496 1741/1741/1130
f 1741/1741/1130 1737/1737/1126 2300/2301/1493
f 2297/2298/1490 2300/2301/1493 1737/1737/1126
f 1737/1737/1126 1733/1733/1122 2297/2298/1490
f 2294/2295/1487 2297/2298/1490 1733/1733/1122
f 1733/1733/1122 1729/1729/1118 2294/2295/1487
f 2291/2292/1484 2294/2295/1487 1729/1729/1118
f 1729/1729/1118 1725/1725/1114 2291/2292/1484
f 2288/2289/1481 2291/2292/1484 1725/1725/1114
f 1725/1725/1114 1721/1721/1110 2288/2289/1481
f 2285/2286/1478 2288/2289/1481 1721/1721/1110
f 1721/1721/1110 1713/1713/1102 2285/2286/1478
f 2282/2283/1475 2285/2286/1478 1713/1713/1102
f 1713/1713/1102 1709/1709/1098 2282/2283/1475
f 2279/2280/1472 2282/2283/1475 1709/1709/1098
f 1709/1709/1098 1703/1703/1092 2279/2280/1472
f 2276/2277/1469 2279/2280/1472 1703/1703/1092
f 1703/1703/1092 1697/1697/1086 2276/2277/1469
f 2273/2274/1466 2276/2277/1469 1697/1697/1086
f 1697/1697/1086 1691/1691/1080 2273/2274/1466
f 2270/2271/1463 2273/2274/1466 1691/1691/1080
f 1691/1691/1080 1685/1685/1074 2270/2271/1463
f 2267/2268/1460 2270/2271/1463 1685/1685/1074
f 1685/1685/1074 1677/1677/1068 2267/2268/1460
f 2264/2265/1457 2267/2268/1460 1677/1677/1068
f 1677/1677/1068 1669/1669/1060 2264/2265/1457
f 2261/2262/1454 2264/2265/1457 1669/1669/1060
f 1669/1669/1060 1661/1661/1052 2261/2262/1454
f 2258/2259/1451 2261/2262/1454 1661/1661/1052
f 1661/1661/1052 1652/1653/1044 2258/2259/1451
f 2255/2256/1448 2258/2259/1451 1652/1653/1044
f 1652/1653/1044 1651/1652/1043 2255/2256/1448
f 2252/2253/1445 2255/2256/1448 1651/1652/1043
f 1651/1652/1043 1779/1779/1168 2252/2253/1445
f 2249/2250/1442 2252/2253/1445 1779/1779/1168
f 1779/1779/1168 1775/1775/1164 2249/2250/1442
f 2246/2247/1439 2249/2250/1442 1775/1775/1164
f 1775/1775/1164 1771/1771/1160 2246/2247/1439
f 2242/2243/1435 2246/2247/1439 1771/1771/1160
f 1771/1771/1160 1767/1767/1156 2242/2243/1435
f 2236/2237/1429 2242/2243/1435 1767/1767/1156
f 1767/1767/1156 1763/1763/1152 2236/2237/1429
f 2237/2238/1430 2236/2237/1429 1763/1763/1152
f 1763/1763/1152 1759/1759/1148 2237/2238/1430
f 2464/2464/1654 2237/2238/1430 1759/1759/1148
f 1759/1759/1148 1755/1755/1144 2464/2464/1654
f 2468/2468/1658 2464/2464/1654 1755/1755/1144
f 1755/1755/1144 1751/1751/1140 2468/2468/1658
f 2473/2473/1662 2468/2468/1658 1751/1751/1140
f 1751/1751/1140 1747/1747/1136 2473/2473/1662
f 2477/2477/1666 2473/2473/1662 1747/1747/1136
f 1747/1747/1136 1743/1743/1132 2477/2477/1666
f 2481/2481/1670 2477/2477/1666 1743/1743/1132
f 1743/1743/1132 1739/1739/1128 2481/2481/1670
f 2485/2485/1674 2481/2481/1670 1739/1739/1128
f 1739/1739/1128 1735/1735/1124 2485/2485/1674
f 2489/2489/1678 2485/2485/1674 1735/1735/1124
f 1735/1735/1124 1731/1731/1120 2489/2489/1678
f 2493/2493/1682 2489/2489/1678 1731/1731/1120
f 1731/1731/1120 1727/1727/1116 2493/2493/1682
f 2499/2499/1688 2493/2493/1682 1727/1727/1116
f 1727/1727/1116 1723/1723/1112 2499/2499/1688
f 2503/2503/1692 2499/2499/1688 1723/1723/1112
f 1723/1723/1112 1715/1715/1104 2503/2503/1692
f 2508/2508/1697 2503/2503/1692 1715/1715/1104
f 1715/1715/1104 1711/1711/1100 2508/2508/1697
f 2513/2513/1702 2508/2508/1697 1711/1711/1100
f 1711/1711/1100 1705/1705/1094 2513/2513/1702
f 2518/2518/1707 2513/2513/1702 1705/1705/1094
f 1705/1705/1094 1699/1699/1088 2518/2518/1707
f 2523/2523/1712 2518/2518/1707 1699/1699/1088
f 1699/1699/1088 1693/1693/1082 2523/2523/1712
f 2528/2528/1717 2523/2523/1712 1693/1693/1082
f 1693/1693/1082 1687/1687/1076 2528/2528/1717
f 2533/2533/1722 2528/2528/1717 1687/1687/1076
f 1687/1687/1076 1680/1681/1070 2533/2533/1722
f 2538/2538/1727 2533/2533/1722 1680/1681/1070
f 1680/1681/1070 1679/1680/1064 2538/2538/1727
f 2544/2545/1733 2543/2544/1727 1672/1673/1064
f 1672/1673/1064 1671/1672/1063 2544/2545/1733
f 2550/2550/1738 2544/2545/1733 1671/1672/1063
f 1671/1672/1063 1656/1657/1048 2550/2550/1738
f 2495/2496/1685 2550/2550/1738 1656/1657/1048
f 1656/1657/1048 1655/1656/1047 2495/2496/1685
f 1717/1718/1107 2495/2496/1685 1655/1656/1047
f 1655/1656/1047 1664/1665/1056 1717/1718/1107
f 1646/1643/1034 1645/1646/1037 2330/2331/1523
f 2330/2331/1523 2462/2462/1652 1646/1643/1034
f 1645/1646/1037 1786/1786/1175 2331/2332/1524
f 2331/2332/1524 2330/2331/1523 1645/1646/1037
f 1786/1786/1175 1814/1814/1203 2458/2459/1651
f 2458/2459/1651 2331/2332/1524 1786/1786/1175
f 1814/1814/1203 1884/1884/1273 2459/2460/1649
f 2459/2460/1649 2458/2459/1651 1814/1814/1203
f 1892/1889/1273 1891/1892/1279 2454/2455/1647
f 2454/2455/1647 2456/2457/1649 1892/1889/1273
f 1891/1892/1279 1898/1898/1285 2452/2453/1645
f 2452/2453/1645 2454/2455/1647 1891/1892/1279
f 1898/1898/1285 1904/1904/1291 2450/2451/1643
f 2450/2451/1643 2452/2453/1645 1898/1898/1285
f 1904/1904/1291 1790/1787/1176 2448/2449/1641
f 2448/2449/1641 2450/2451/1643 1904/1904/1291
f 1790/1787/1176 1789/1790/1179 2446/2447/1639
f 2446/2447/1639 2448/2449/1641 1790/1787/1176
f 1789/1790/1179 1798/1798/1187 2444/2445/1637
f 2444/2445/1637 2446/2447/1639 1789/1790/1179
f 1798/1798/1187 1804/1804/1193 2442/2443/1635
f 2442/2443/1635 2444/2445/1637 1798/1798/1187
f 1804/1804/1193 1808/1808/1197 2440/2441/1633
f 2440/2441/1633 2442/2443/1635 1804/1804/1193
f 1808/1808/1197 1812/1812/1201 2438/2439/1631
f 2438/2439/1631 2440/2441/1633 1808/1808/1197
f 1812/1812/1201 1818/1818/1207 2436/2437/1629
f 2436/2437/1629 2438/2439/1631 1812/1812/1201
f 1818/1818/1207 1822/1822/1211 2434/2435/1627
f 2434/2435/1627 2436/2437/1629 1818/1818/1207
f 1822/1822/1211 1826/1826/1215 2432/2433/1625
f 2432/2433/1625 2434/2435/1627 1822/1822/1211
f 1826/1826/1215 1830/1830/1219 2430/2431/1623
f 2430/2431/1623 2432/2433/1625 1826/1826/1215
f 1830/1830/1219 1834/1834/1223 2428/2429/1621
f 2428/2429/1621 2430/2431/1623 1830/1830/1219
f 1834/1834/1223 1838/1838/1227 2426/2427/1619
f 2426/2427/1619 2428/2429/1621 1834/1834/1223
f 1838/1838/1227 1842/1842/1231 2424/2425/1617
f 2424/2425/1617 2426/2427/1619 1838/1838/1227
f 1842/1842/1231 1846/1846/1235 2422/2423/1615
f 2422/2423/1615 2424/2425/1617 1842/1842/1231
f 1846/1846/1235 1850/1850/1239 2420/2421/1613
f 2420/2421/1613 2422/2423/1615 1846/1846/1235
f 1850/1850/1239 1854/1854/1243 2418/2419/1611
f 2418/2419/1611 2420/2421/1613 1850/1850/1239
f 1854/1854/1243 1858/1858/1247 2416/2417/1609
f 2416/2417/1609 2418/2419/1611 1854/1854/1243
f 1858/1858/1247 1862/1862/1251 2414/2415/1607
f 2414/2415/1607 2416/2417/1609 1858/1858/1247
f 1862/1862/1251 1866/1866/1255 2412/2413/1605
f 2412/2413/1605 2414/2415/1607 1862/1862/1251
f 1866/1866/1255 1870/1870/1259 2410/2411/1603
f 2410/2411/1603 2412/2413/1605 1866/1866/1255
f 1870/1870/1259 1874/1874/1263 2408/2409/1601
f 2408/2409/1601 2410/2411/1603 1870/1870/1259
f 1874/1874/1263 1878/1878/1267 2406/2407/1599
f 2406/2407/1599 2408/2409/1601 1874/1874/1263
f 1878/1878/1267 1882/1882/1271 2404/2405/1597
f 2404/2405/1597 2406/2407/1599 1878/1878/1267
f 1882/1882/1271 1888/1888/1277 2402/2403/1595
f 2402/2403/1595 2404/2405/1597 1882/1882/1271
f 1888/1888/1277 1896/1896/1283 2400/2401/1593
f 2400/2401/1593 2402/2403/1595 1888/1888/1277
f 1896/1896/1283 1902/1902/1289 2398/2399/1591
f 2398/2399/1591 2400/2401/1593 1896/1896/1283
f 1902/1902/1289 1784/1781/1170 2396/2397/1589
f 2396/2397/1589 2398/2399/1591 1902/1902/1289
f 1784/1781/1170 1783/1784/1173 2394/2395/1587
f 2394/2395/1587 2396/2397/1589 1784/1781/1170
f 1783/1784/1173 1796/1796/1185 2392/2393/1585
f 2392/2393/1585 2394/2395/1587 1783/1784/1173
f 1796/1796/1185 1802/1802/1191 2390/2391/1583
f 2390/2391/1583 2392/2393/1585 1796/1796/1185
f 1802/1802/1191 1806/1806/1195 2388/2389/1581
f 2388/2389/1581 2390/2391/1583 1802/1802/1191
f 1806/1806/1195 1810/1810/1199 2386/2387/1579
f 2386/2387/1579 2388/2389/1581 1806/1806/1195
f 1810/1810/1199 1816/1816/1205 2384/2385/1577
f 2384/2385/1577 2386/2387/1579 1810/1810/1199
f 1816/1816/1205 1820/1820/1209 2382/2383/1575
f 2382/2383/1575 2384/2385/1577 1816/1816/1205
f 1820/1820/1209 1824/1824/1213 2380/2381/1573
f 2380/2381/1573 2382/2383/1575 1820/1820/1209
f 1824/1824/1213 1828/1828/1217 2378/2379/1571
f 2378/2379/1571 2380/2381/1573 1824/1824/1213
f 1828/1828/1217 1832/1832/1221 2376/2377/1569
f 2376/2377/1569 2378/2379/1571 1828/1828/1217
f 1832/1832/1221 1836/1836/1225 2374/2375/1567
f 2374/2375/1567 2376/2377/1569 1832/1832/1221
f 1836/1836/1225 1840/1840/1229 2372/2373/1565
f 2372/2373/1565 2374/2375/1567 1836/1836/1225
f 1840/1840/1229 1844/1844/1233 2370/2371/1563
f 2370/2371/1563 2372/2373/1565 1840/1840/1229
f 1844/1844/1233 1848/1848/1237 2368/2369/1561
f 2368/2369/1561 2370/2371/1563 1844/1844/1233
f 1848/1848/1237 1852/1852/1241 2366/2367/1559
f 2366/2367/1559 2368/2369/1561 1848/1848/1237
f 1852/1852/1241 1856/1856/1245 2364/2365/1557
f 2364/2365/1557 2366/2367/1559 1852/1852/1241
f 1856/1856/1245 1860/1860/1249 2362/2363/1555
f 2362/2363/1555 2364/2365/1557 1856/1856/1245
f 1860/1860/1249 1864/1864/1253 2360/2361/1553
f 2360/2361/1553 2362/2363/1555 1860/1860/1249
f 1864/1864/1253 1868/1868/1257 2358/2359/1551
f 2358/2359/1551 2360/2361/1553 1864/1864/1253
f 1868/1868/1257 1872/1872/1261 2356/2357/1549
f 2356/2357/1549 2358/2359/1551 1868/1868/1257
f 1872/1872/1261 1876/1876/1265 2354/2355/1547
f 2354/2355/1547 2356/2357/1549 1872/1872/1261
f 1876/1876/1265 1880/1880/1269 2352/2353/1545
f 2352/2353/1545 2354/2355/1547 1876/1876/1265
f 1880/1880/1269 1886/1886/1275 2350/2351/1543
f 2350/2351/1543 2352/2353/1545 1880/1880/1269
f 1886/1886/1275 1894/1894/1281 2348/2349/1541
f 2348/2349/1541 2350/2351/1543 1886/1886/1275
f 1894/1894/1281 1900/1900/1287 2346/2347/1539
f 2346/2347/1539 2348/2349/1541 1894/1894/1281
f 1900/1900/1287 1906/1906/1293 2344/2345/1537
f 2344/2345/1537 2346/2347/1539 1900/1900/1287
f 1906/1906/1293 1794/1791/1180 2342/2343/1535
f 2342/2343/1535 2344/2345/1537 1906/1906/1293
f 1794/1791/1180 1793/1794/1183 2338/2339/1531
f 2338/2339/1531 2342/2343/1535 1794/1791/1180
f 1793/1794/1183 1800/1800/1189 2339/2340/1532
f 2339/2340/1532 2338/2339/1531 1793/1794/1183
f 1800/1800/1189 1646/1643/1034 2462/2462/1652
f 2462/2462/1652 2339/2340/1532 1800/1800/1189
f 3481/3480/1533 3480/3481/1653 1720/1717/1106
f 1720/1717/1106 1719/1720/1109 3481/3480/1533
f 3482/3482/1530 3481/3480/1533 1719/1720/1109
f 1719/1720/1109 2506/2506/1695 3482/3482/1530
f 3483/3483/2001 3482/3482/1530 2506/2506/1695
f 2506/2506/1695 2511/2511/1700 3483/3483/2001
f 3484/3484/1536 3483/3483/2001 2511/2511/1700
f 2511/2511/1700 2516/2516/1705 3484/3484/1536
f 3485/3485/2002 3484/3484/1536 2516/2516/1705
f 2516/2516/1705 2521/2521/1710 3485/3485/2002
f 3486/3486/1540 3485/3485/2002 2521/2521/1710
f 2521/2521/1710 2526/2526/1715 3486/3486/1540
f 3487/3487/1542 3486/3486/1540 2526/2526/1715
f 2526/2526/1715 2531/2531/1720 3487/3487/1542
f 3488/3488/2003 3487/3487/1542 2531/2531/1720
f 2531/2531/1720 2536/2536/1725 3488/3488/2003
f 3489/3489/1546 3488/3488/2003 2536/2536/1725
f 2536/2536/1725 2541/2541/1730 3489/3489/1546
f 3490/3490/2004 3489/3489/1546 2541/2541/1730
f 2541/2541/1730 2548/2548/1736 3490/3490/2004
f 3491/3491/1550 3490/3490/2004 2548/2548/1736
f 2548/2548/1736 2553/2553/1741 3491/3491/1550
f 3492/3492/1552 3491/3491/1550 2553/2553/1741
f 2553/2553/1741 2556/2556/1744 3492/3492/1552
f 3493/3493/2005 3492/3492/1552 2556/2556/1744
f 2556/2556/1744 2328/2327/1519 3493/3493/2005
f 3494/3494/1556 3493/3493/2005 2328/2327/1519
f 2328/2327/1519 2325/2324/1516 3494/3494/1556
f 3495/3495/1558 3494/3494/1556 2325/2324/1516
f 2325/2324/1516 2322/2321/1513 3495/3495/1558
f 3496/3496/1560 3495/3495/1558 2322/2321/1513
f 2322/2321/1513 2319/2318/1510 3496/3496/1560
f 3497/3497/1562 3496/3496/1560 2319/2318/1510
f 2319/2318/1510 2316/2315/1507 3497/3497/1562
f 3498/3498/1564 3497/3497/1562 2316/2315/1507
f 2316/2315/1507 2313/2312/1504 3498/3498/1564
f 3499/3499/2006 3498/3498/1564 2313/2312/1504
f 2313/2312/1504 2310/2309/1501 3499/3499/2006
f 3500/3500/1568 3499/3499/2006 2310/2309/1501
f 2310/2309/1501 2307/2306/1498 3500/3500/1568
f 3501/3501/2007 3500/3500/1568 2307/2306/1498
f 2307/2306/1498 2304/2303/1495 3501/3501/2007
f 3502/3502/1572 3501/3501/2007 2304/2303/1495
f 2304/2303/1495 2301/2300/1492 3502/3502/1572
f 3503/3503/1574 3502/3502/1572 2301/2300/1492
f 2301/2300/1492 2298/2297/1489 3503/3503/1574
f 3504/3504/2008 3503/3503/1574 2298/2297/1489
f 2298/2297/1489 2295/2294/1486 3504/3504/2008
f 3505/3505/1578 3504/3504/2008 2295/2294/1486
f 2295/2294/1486 2292/2291/1483 3505/3505/1578
f 3506/3506/2009 3505/3505/1578 2292/2291/1483
f 2292/2291/1483 2289/2288/1480 3506/3506/2009
f 3507/3507/1582 3506/3506/2009 2289/2288/1480
f 2289/2288/1480 2286/2285/1477 3507/3507/1582
f 3508/3508/1584 3507/3507/1582 2286/2285/1477
f 2286/2285/1477 2283/2282/1474 3508/3508/1584
f 3509/3509/2010 3508/3508/1584 2283/2282/1474
f 2283/2282/1474 2280/2279/1471 3509/3509/2010
f 3510/3510/1588 3509/3509/2010 2280/2279/1471
f 2280/2279/1471 2277/2276/1468 3510/3510/1588
f 3511/3511/1590 3510/3510/1588 2277/2276/1468
f 2277/2276/1468 2274/2273/1465 3511/3511/1590
f 3512/3512/1592 3511/3511/1590 2274/2273/1465
f 2274/2273/1465 2271/2270/1462 3512/3512/1592
f 3513/3513/1594 3512/3512/1592 2271/2270/1462
f 2271/2270/1462 2268/2267/1459 3513/3513/1594
f 3514/3514/1596 3513/3513/1594 2268/2267/1459
f 2268/2267/1459 2265/2264/1456 3514/3514/1596
f 3515/3515/2011 3514/3514/1596 2265/2264/1456
f 2265/2264/1456 2262/2261/1453 3515/3515/2011
f 3516/3516/1600 3515/3515/2011 2262/2261/1453
f 2262/2261/1453 2259/2258/1450 3516/3516/1600
f 3517/3517/2012 3516/3516/1600 2259/2258/1450
f 2259/2258/1450 2256/2255/1447 3517/3517/2012
f 3518/3518/1604 3517/3517/2012 2256/2255/1447
f 2256/2255/1447 2253/2252/1444 3518/3518/1604
f 3519/3519/1606 3518/3518/1604 2253/2252/1444
f 2253/2252/1444 2250/2249/1441 3519/3519/1606
f 3520/3520/2013 3519/3519/1606 2250/2249/1441
f 2250/2249/1441 2247/2246/1438 3520/3520/2013
f 3521/3521/1610 3520/3520/2013 2247/2246/1438
f 2247/2246/1438 2243/2242/1434 3521/3521/1610
f 3522/3522/2014 3521/3521/1610 2243/2242/1434
f 2243/2242/1434 2239/2236/1428 3522/3522/2014
f 3523/3523/1614 3522/3522/2014 2239/2236/1428
f 2239/2236/1428 2238/2239/1431 3523/3523/1614
f 3524/3524/1616 3523/3523/1614 2238/2239/1431
f 2238/2239/1431 2465/2465/1655 3524/3524/1616
f 3525/3525/2015 3524/3524/1616 2465/2465/1655
f 2465/2465/1655 2469/2469/1659 3525/3525/2015
f 3526/3526/1620 3525/3525/2015 2469/2469/1659
f 2469/2469/1659 2474/2474/1663 3526/3526/1620
f 3527/3527/1622 3526/3526/1620 2474/2474/1663
f 2474/2474/1663 2478/2478/1667 3527/3527/1622
f 3528/3528/1624 3527/3527/1622 2478/2478/1667
f 2478/2478/1667 2482/2482/1671 3528/3528/1624
f 3529/3529/1626 3528/3528/1624 2482/2482/1671
f 2482/2482/1671 2486/2486/1675 3529/3529/1626
f 3530/3530/1628 3529/3529/1626 2486/2486/1675
f 2486/2486/1675 2490/2490/1679 3530/3530/1628
f 3531/3531/2016 3530/3530/1628 2490/2490/1679
f 2490/2490/1679 2494/2494/1683 3531/3531/2016
f 3532/3532/1632 3531/3531/2016 2494/2494/1683
f 2494/2494/1683 2500/2500/1689 3532/3532/1632
f 3533/3533/2017 3532/3532/1632 2500/2500/1689
f 2500/2500/1689 2504/2504/1693 3533/3533/2017
f 3534/3534/1636 3533/3533/2017 2504/2504/1693
f 2504/2504/1693 2509/2509/1698 3534/3534/1636
f 3535/3535/1638 3534/3534/1636 2509/2509/1698
f 2509/2509/1698 2514/2514/1703 3535/3535/1638
f 3536/3536/2018 3535/3535/1638 2514/2514/1703
f 2514/2514/1703 2519/2519/1708 3536/3536/2018
f 3537/3537/1642 3536/3536/2018 2519/2519/1708
f 2519/2519/1708 2524/2524/1713 3537/3537/1642
f 3538/3538/2019 3537/3537/1642 2524/2524/1713
f 2524/2524/1713 2529/2529/1718 3538/3538/2019
f 3539/3539/1646 3538/3538/2019 2529/2529/1718
f 2529/2529/1718 2534/2534/1723 3539/3539/1646
f 3540/3540/2020 3539/3539/1646 2534/2534/1723
f 2534/2534/1723 2539/2539/1728 3540/3540/2020
f 3542/3541/2021 3541/3542/2020 2546/2543/1732
f 2546/2543/1732 2545/2546/1734 3542/3541/2021
f 3543/3543/1525 3542/3541/2021 2545/2546/1734
f 2545/2546/1734 2551/2551/1739 3543/3543/1525
f 3544/3544/1522 3543/3543/1525 2551/2551/1739
f 2551/2551/1739 2496/2495/1684 3544/3544/1522
f 3480/3481/1653 3544/3544/1522 2496/2495/1684
f 2496/2495/1684 1720/1717/1106 3480/3481/1653
f 2337/2334/1526 2582/2582/1770 2589/2589/1776
f 2589/2589/1776 2586/2587/1774 2337/2334/1526
f 2586/2587/1774 2589/2589/1776 2588/2588/1775
f 2588/2588/1775 2587/2585/1772 2586/2587/1774
f 2587/2585/1772 2588/2588/1775 2592/2592/1779
f 2592/2592/1779 2591/2590/1777 2587/2585/1772
f 2591/2590/1777 2592/2592/1779 2595/2595/1782
f 2595/2595/1782 2594/2593/1780 2591/2590/1777
f 2594/2593/1780 2595/2595/1782 2598/2598/1785
f 2598/2598/1785 2597/2596/1783 2594/2593/1780
f 2597/2596/1783 2598/2598/1785 2601/2601/1788
f 2601/2601/1788 2600/2599/1786 2597/2596/1783
f 2600/2599/1786 2601/2601/1788 2604/2604/1791
f 2604/2604/1791 2603/2602/1789 2600/2599/1786
f 2603/2602/1789 2604/2604/1791 2607/2607/1794
f 2607/2607/1794 2606/2605/1792 2603/2602/1789
f 2606/2605/1792 2607/2607/1794 2610/2610/1797
f 2610/2610/1797 2609/2608/1795 2606/2605/1792
f 2609/2608/1795 2610/2610/1797 2613/2613/1800
f 2613/2613/1800 2612/2611/1798 2609/2608/1795
f 2612/2611/1798 2613/2613/1800 2583/2583/1771
f 2583/2583/1771 2336/2337/1529 2612/2611/1798
f 2336/2337/1529 2583/2583/1771 2582/2582/1770
f 2582/2582/1770 2337/2334/1526 2336/2337/1529
f 2617/2614/1801 2643/2643/1776 2650/2650/1775
f 2650/2650/1775 2647/2648/1772 2617/2614/1801
f 2647/2648/1772 2650/2650/1775 2649/2649/1779
f 2649/2649/1779 2648/2646/1777 2647/2648/1772
f 2648/2646/1777 2649/2649/1779 2653/2653/1782
f 2653/2653/1782 2652/2651/1811 2648/2646/1777
f 2652/2651/1811 2653/2653/1782 2656/2656/1785
f 2656/2656/1785 2655/2654/1783 2652/2651/1811
f 2655/2654/1783 2656/2656/1785 2659/2659/1788
f 2659/2659/1788 2658/2657/1786 2655/2654/1783
f 2658/2657/1786 2659/2659/1788 2662/2662/1791
f 2662/2662/1791 2661/2660/1789 2658/2657/1786
f 2661/2660/1789 2662/2662/1791 2665/2665/1794
f 2665/2665/1794 2664/2663/1792 2661/2660/1789
f 2664/2663/1792 2665/2665/1794 2668/2668/1797
f 2668/2668/1797 2667/2666/1795 2664/2663/1792
f 2667/2666/1795 2668/2668/1797 2671/2671/1800
f 2671/2671/1800 2670/2669/1798 2667/2666/1795
f 2670/2669/1798 2671/2671/1800 2674/2674/1771
f 2674/2674/1771 2673/2672/1814 2670/2669/1798
f 2673/2672/1814 2674/2674/1771 2644/2644/1770
f 2644/2644/1770 2616/2617/1526 2673/2672/1814
f 2616/2617/1526 2644/2644/1770 2643/2643/1776
f 2643/2643/1776 2617/2614/1801 2616/2617/1526
f 2678/2675/1816 2704/2704/1775 2711/2711/1779
f 2711/2711/1779 2708/2709/1826 2678/2675/1816
f 2708/2709/1826 2711/2711/1779 2710/2710/1827
f 2710/2710/1827 2709/2707/1780 2708/2709/1826
f 2709/2707/1780 2710/2710/1827 2714/2714/1785
f 2714/2714/1785 2713/2712/1828 2709/2707/1780
f 2713/2712/1828 2714/2714/1785 2717/2717/1788
f 2717/2717/1788 2716/2715/1786 2713/2712/1828
f 2716/2715/1786 2717/2717/1788 2720/2720/1791
f 2720/2720/1791 2719/2718/1830 2716/2715/1786
f 2719/2718/1830 2720/2720/1791 2723/2723/1794
f 2723/2723/1794 2722/2721/1792 2719/2718/1830
f 2722/2721/1792 2723/2723/1794 2726/2726/1797
f 2726/2726/1797 2725/2724/1832 2722/2721/1792
f 2725/2724/1832 2726/2726/1797 2729/2729/1800
f 2729/2729/1800 2728/2727/1833 2725/2724/1832
f 2728/2727/1833 2729/2729/1800 2732/2732/1771
f 2732/2732/1771 2731/2730/1814 2728/2727/1833
f 2731/2730/1814 2732/2732/1771 2735/2735/1770
f 2735/2735/1770 2734/2733/1835 2731/2730/1814
f 2734/2733/1835 2735/2735/1770 2705/2705/1776
f 2705/2705/1776 2677/2678/1817 2734/2733/1835
f 2677/2678/1817 2705/2705/1776 2704/2704/1775
f 2704/2704/1775 2678/2675/1816 2677/2678/1817
f 2739/2736/1826 2765/2765/1779 2772/2772/1782
f 2772/2772/1782 2769/2770/1780 2739/2736/1826
f 2769/2770/1780 2772/2772/1782 2771/2771/1785
f 2771/2771/1785 2770/2768/1828 2769/2770/1780
f 2770/2768/1828 2771/2771/1785 2775/2775/1788
f 2775/2775/1788 2774/2773/1840 2770/2768/1828
f 2774/2773/1840 2775/2775/1788 2778/2778/1791
f 2778/2778/1791 2777/2776/1830 2774/2773/1840
f 2777/2776/1830 2778/2778/1791 2781/2781/1794
f 2781/2781/1794 2780/2779/1841 2777/2776/1830
f 2780/2779/1841 2781/2781/1794 2784/2784/1797
f 2784/2784/1797 2783/2782/1832 2780/2779/1841
f 2783/2782/1832 2784/2784/1797 2787/2787/1800
f 2787/2787/1800 2786/2785/1842 2783/2782/1832
f 2786/2785/1842 2787/2787/1800 2790/2790/1771
f 2790/2790/1771 2789/2788/1814 2786/2785/1842
f 2789/2788/1814 2790/2790/1771 2793/2793/1770
f 2793/2793/1770 2792/2791/1835 2789/2788/1814
f 2792/2791/1835 2793/2793/1770 2796/2796/1776
f 2796/2796/1776 2795/2794/1801 2792/2791/1835
f 2795/2794/1801 2796/2796/1776 2766/2766/1775
f 2766/2766/1775 2738/2739/1816 2795/2794/1801
f 2738/2739/1816 2766/2766/1775 2765/2765/1779
f 2765/2765/1779 2739/2736/1826 2738/2739/1816
f 2800/2797/1843 2826/2826/1782 2833/2833/1785
f 2833/2833/1785 2830/2831/1828 2800/2797/1843
f 2830/2831/1828 2833/2833/1785 2832/2832/1788
f 2832/2832/1788 2831/2829/1840 2830/2831/1828
f 2831/2829/1840 2832/2832/1788 2836/2836/1791
f 2836/2836/1791 2835/2834/1846 2831/2829/1840
f 2835/2834/1846 2836/2836/1791 2839/2839/1794
f 2839/2839/1794 2838/2837/1841 2835/2834/1846
f 2838/2837/1841 2839/2839/1794 2842/2842/1797
f 2842/2842/1797 2841/2840/1832 2838/2837/1841
f 2841/2840/1832 2842/2842/1797 2845/2845/1800
f 2845/2845/1800 2844/2843/1842 2841/2840/1832
f 2844/2843/1842 2845/2845/1800 2848/2848/1771
f 2848/2848/1771 2847/2846/1814 2844/2843/1842
f 2847/2846/1814 2848/2848/1771 2851/2851/1770
f 2851/2851/1770 2850/2849/1835 2847/2846/1814
f 2850/2849/1835 2851/2851/1770 2854/2854/1776
f 2854/2854/1776 2853/2852/1801 2850/2849/1835
f 2853/2852/1801 2854/2854/1776 2857/2857/1775
f 2857/2857/1775 2856/2855/1772 2853/2852/1801
f 2856/2855/1772 2857/2857/1775 2827/2827/1779
f 2827/2827/1779 2799/2800/1826 2856/2855/1772
f 2799/2800/1826 2827/2827/1779 2826/2826/1782
f 2826/2826/1782 2800/2797/1843 2799/2800/1826
f 2861/2858/1828 2887/2887/1785 2894/2894/1788
f 2894/2894/1788 2891/2892/1786 2861/2858/1828
f 2891/2892/1786 2894/2894/1788 2893/2893/1850
f 2893/2893/1850 2892/2890/1789 2891/2892/1786
f 2892/2890/1789 2893/2893/1850 2897/2897/1794
f 2897/2897/1794 2896/2895/1792 2892/2890/1789
f 2896/2895/1792 2897/2897/1794 2900/2900/1797
f 2900/2900/1797 2899/2898/1795 2896/2895/1792
f 2899/2898/1795 2900/2900/1797 2903/2903/1800
f 2903/2903/1800 2902/2901/1842 2899/2898/1795
f 2902/2901/1842 2903/2903/1800 2906/2906/1771
f 2906/2906/1771 2905/2904/1814 2902/2901/1842
f 2905/2904/1814 2906/2906/1771 2909/2909/1770
f 2909/2909/1770 2908/2907/1526 2905/2904/1814
f 2908/2907/1526 2909/2909/1770 2912/2912/1776
f 2912/2912/1776 2911/2910/1817 2908/2907/1526
f 2911/2910/1817 2912/2912/1776 2915/2915/1775
f 2915/2915/1775 2914/2913/1772 2911/2910/1817
f 2914/2913/1772 2915/2915/1775 2918/2918/1779
f 2918/2918/1779 2917/2916/1777 2914/2913/1772
f 2917/2916/1777 2918/2918/1779 2888/2888/1782
f 2888/2888/1782 2860/2861/1843 2917/2916/1777
f 2860/2861/1843 2888/2888/1782 2887/2887/1785
f 2887/2887/1785 2861/2858/1828 2860/2861/1843
f 2922/2919/1786 2948/2948/1788 2955/2955/1791
f 2955/2955/1791 2952/2953/1789 2922/2919/1786
f 2952/2953/1789 2955/2955/1791 2954/2954/1794
f 2954/2954/1794 2953/2951/1792 2952/2953/1789
f 2953/2951/1792 2954/2954/1794 2958/2958/1797
f 2958/2958/1797 2957/2956/1795 2953/2951/1792
f 2957/2956/1795 2958/2958/1797 2961/2961/1800
f 2961/2961/1800 2960/2959/1842 2957/2956/1795
f 2960/2959/1842 2961/2961/1800 2964/2964/1771
f 2964/2964/1771 2963/2962/1529 2960/2959/1842
f 2963/2962/1529 2964/2964/1771 2967/2967/1770
f 2967/2967/1770 2966/2965/1526 2963/2962/1529
f 2966/2965/1526 2967/2967/1770 2970/2970/1851
f 2970/2970/1851 2969/2968/1774 2966/2965/1526
f 2969/2968/1774 2970/2970/1851 2973/2973/1775
f 2973/2973/1775 2972/2971/1772 2969/2968/1774
f 2972/2971/1772 2973/2973/1775 2976/2976/1779
f 2976/2976/1779 2975/2974/1777 2972/2971/1772
f 2975/2974/1777 2976/2976/1779 2979/2979/1782
f 2979/2979/1782 2978/2977/1843 2975/2974/1777
f 2978/2977/1843 2979/2979/1782 2949/2949/1785
f 2949/2949/1785 2921/2922/1783 2978/2977/1843
f 2921/2922/1783 2949/2949/1785 2948/2948/1788
f 2948/2948/1788 2922/2919/1786 2921/2922/1783
f 2983/2980/1830 3009/3009/1791 3016/3016/1794
f 3016/3016/1794 3013/3014/1792 2983/2980/1830
f 3013/3014/1792 3016/3016/1794 3015/3015/1797
f 3015/3015/1797 3014/3012/1795 3013/3014/1792
f 3014/3012/1795 3015/3015/1797 3019/3019/1800
f 3019/3019/1800 3018/3017/1833 3014/3012/1795
f 3018/3017/1833 3019/3019/1800 3022/3022/1771
f 3022/3022/1771 3021/3020/1529 3018/3017/1833
f 3021/3020/1529 3022/3022/1771 3025/3025/1770
f 3025/3025/1770 3024/3023/1526 3021/3020/1529
f 3024/3023/1526 3025/3025/1770 3028/3028/1776
f 3028/3028/1776 3027/3026/1801 3024/3023/1526
f 3027/3026/1801 3028/3028/1776 3031/3031/1775
f 3031/3031/1775 3030/3029/1772 3027/3026/1801
f 3030/3029/1772 3031/3031/1775 3034/3034/1779
f 3034/3034/1779 3033/3032/1777 3030/3029/1772
f 3033/3032/1777 3034/3034/1779 3037/3037/1782
f 3037/3037/1782 3036/3035/1843 3033/3032/1777
f 3036/3035/1843 3037/3037/1782 3040/3040/1785
f 3040/3040/1785 3039/3038/1828 3036/3035/1843
f 3039/3038/1828 3040/3040/1785 3010/3010/1788
f 3010/3010/1788 2982/2983/1786 3039/3038/1828
f 2982/2983/1786 3010/3010/1788 3009/3009/1791
f 3009/3009/1791 2983/2980/1830 2982/2983/1786
f 3044/3041/1841 3070/3070/1794 3077/3077/1797
f 3077/3077/1797 3074/3075/1832 3044/3041/1841
f 3074/3075/1832 3077/3077/1797 3076/3076/1853
f 3076/3076/1853 3075/3073/1842 3074/3075/1832
f 3075/3073/1842 3076/3076/1853 3080/3080/1771
f 3080/3080/1771 3079/3078/1814 3075/3073/1842
f 3079/3078/1814 3080/3080/1771 3083/3083/1770
f 3083/3083/1770 3082/3081/1835 3079/3078/1814
f 3082/3081/1835 3083/3083/1770 3086/3086/1776
f 3086/3086/1776 3085/3084/1801 3082/3081/1835
f 3085/3084/1801 3086/3086/1776 3089/3089/1775
f 3089/3089/1775 3088/3087/1772 3085/3084/1801
f 3088/3087/1772 3089/3089/1775 3092/3092/1779
f 3092/3092/1779 3091/3090/1826 3088/3087/1772
f 3091/3090/1826 3092/3092/1779 3095/3095/1782
f 3095/3095/1782 3094/3093/1811 3091/3090/1826
f 3094/3093/1811 3095/3095/1782 3098/3098/1785
f 3098/3098/1785 3097/3096/1828 3094/3093/1811
f 3097/3096/1828 3098/3098/1785 3101/3101/1788
f 3101/3101/1788 3100/3099/1840 3097/3096/1828
f 3100/3099/1840 3101/3101/1788 3071/3071/1791
f 3071/3071/1791 3043/3044/1846 3100/3099/1840
f 3043/3044/1846 3071/3071/1791 3070/3070/1794
f 3070/3070/1794 3044/3041/1841 3043/3044/1846
f 3105/3102/1832 3131/3131/1797 3138/3138/1800
f 3138/3138/1800 3135/3136/1842 3105/3102/1832
f 3135/3136/1842 3138/3138/1800 3137/3137/1771
f 3137/3137/1771 3136/3134/1814 3135/3136/1842
f 3136/3134/1814 3137/3137/1771 3141/3141/1770
f 3141/3141/1770 3140/3139/1835 3136/3134/1814
f 3140/3139/1835 3141/3141/1770 3144/3144/1776
f 3144/3144/1776 3143/3142/1801 3140/3139/1835
f 3143/3142/1801 3144/3144/1776 3147/3147/1775
f 3147/3147/1775 3146/3145/1816 3143/3142/1801
f 3146/3145/1816 3147/3147/1775 3150/3150/1779
f 3150/3150/1779 3149/3148/1826 3146/3145/1816
f 3149/3148/1826 3150/3150/1779 3153/3153/1827
f 3153/3153/1827 3152/3151/1780 3149/3148/1826
f 3152/3151/1780 3153/3153/1827 3156/3156/1785
f 3156/3156/1785 3155/3154/1828 3152/3151/1780
f 3155/3154/1828 3156/3156/1785 3159/3159/1788
f 3159/3159/1788 3158/3157/1840 3155/3154/1828
f 3158/3157/1840 3159/3159/1788 3162/3162/1791
f 3162/3162/1791 3161/3160/1830 3158/3157/1840
f 3161/3160/1830 3162/3162/1791 3132/3132/1794
f 3132/3132/1794 3104/3105/1841 3161/3160/1830
f 3104/3105/1841 3132/3132/1794 3131/3131/1797
f 3131/3131/1797 3105/3102/1832 3104/3105/1841
f 3166/3163/1798 3192/3192/1800 3199/3199/1771
f 3199/3199/1771 3196/3197/1814 3166/3163/1798
f 3196/3197/1814 3199/3199/1771 3198/3198/1770
f 3198/3198/1770 3197/3195/1835 3196/3197/1814
f 3197/3195/1835 3198/3198/1770 3202/3202/1776
f 3202/3202/1776 3201/3200/1817 3197/3195/1835
f 3201/3200/1817 3202/3202/1776 3205/3205/1775
f 3205/3205/1775 3204/3203/1816 3201/3200/1817
f 3204/3203/1816 3205/3205/1775 3208/3208/1779
f 3208/3208/1779 3207/3206/1826 3204/3203/1816
f 3207/3206/1826 3208/3208/1779 3211/3211/1782
f 3211/3211/1782 3210/3209/1843 3207/3206/1826
f 3210/3209/1843 3211/3211/1782 3214/3214/1785
f 3214/3214/1785 3213/3212/1828 3210/3209/1843
f 3213/3212/1828 3214/3214/1785 3217/3217/1788
f 3217/3217/1788 3216/3215/1840 3213/3212/1828
f 3216/3215/1840 3217/3217/1788 3220/3220/1791
f 3220/3220/1791 3219/3218/1830 3216/3215/1840
f 3219/3218/1830 3220/3220/1791 3223/3223/1794
f 3223/3223/1794 3222/3221/1792 3219/3218/1830
f 3222/3221/1792 3223/3223/1794 3193/3193/1797
f 3193/3193/1797 3165/3166/1832 3222/3221/1792
f 3165/3166/1832 3193/3193/1797 3192/3192/1800
f 3192/3192/1800 3166/3163/1798 3165/3166/1832
f 3227/3224/1529 3253/3253/1771 3260/3260/1770
f 3260/3260/1770 3257/3258/1526 3227/3224/1529
f 3257/3258/1526 3260/3260/1770 3259/3259/1851
f 3259/3259/1851 3258/3256/1774 3257/3258/1526
f 3258/3256/1774 3259/3259/1851 3263/3263/1775
f 3263/3263/1775 3262/3261/1772 3258/3256/1774
f 3262/3261/1772 3263/3263/1775 3266/3266/1779
f 3266/3266/1779 3265/3264/1777 3262/3261/1772
f 3265/3264/1777 3266/3266/1779 3269/3269/1782
f 3269/3269/1782 3268/3267/1780 3265/3264/1777
f 3268/3267/1780 3269/3269/1782 3272/3272/1785
f 3272/3272/1785 3271/3270/1828 3268/3267/1780
f 3271/3270/1828 3272/3272/1785 3275/3275/1788
f 3275/3275/1788 3274/3273/1786 3271/3270/1828
f 3274/3273/1786 3275/3275/1788 3278/3278/1791
f 3278/3278/1791 3277/3276/1846 3274/3273/1786
f 3277/3276/1846 3278/3278/1791 3281/3281/1794
f 3281/3281/1794 3280/3279/1792 3277/3276/1846
f 3280/3279/1792 3281/3281/1794 3284/3284/1797
f 3284/3284/1797 3283/3282/1795 3280/3279/1792
f 3283/3282/1795 3284/3284/1797 3254/3254/1800
f 3254/3254/1800 3226/3227/1833 3283/3282/1795
f 3226/3227/1833 3254/3254/1800 3253/3253/1771
f 3253/3253/1771 3227/3224/1529 3226/3227/1833
f 863/863/855 589/588/582 588/589/583
f 588/589/583 864/864/856 863/863/855
f 3545/3545/931 272/272/269 271/271/268
f 3545/3545/931 271/271/268 277/277/274
f 3545/3545/931 277/277/274 282/282/279
f 3545/3545/931 282/282/279 287/287/284
f 3545/3545/931 297/297/284 296/296/291
f 3545/3545/931 296/296/291 302/302/296
f 3545/3545/931 302/302/296 307/307/301
f 3545/3545/931 307/307/301 312/312/306
f 3545/3545/931 312/312/306 317/317/311
f 3545/3545/931 317/317/311 322/322/316
f 3545/3545/931 322/322/316 327/327/321
f 3545/3545/931 327/327/321 332/332/326
f 3545/3545/931 332/332/326 337/337/331
f 3545/3545/931 337/337/331 342/342/336
f 3545/3545/931 342/342/336 347/347/341
f 3545/3545/931 347/347/341 352/352/346
f 3545/3545/931 352/352/346 357/357/351
f 3545/3545/931 357/357/351 362/362/356
f 3545/3545/931 362/362/356 367/367/361
f 3545/3545/931 367/367/361 372/372/366
f 3545/3545/931 372/372/366 377/377/371
f 3545/3545/931 377/377/371 382/382/376
f 3545/3545/931 382/382/376 387/387/381
f 3545/3545/931 387/387/381 392/392/386
f 3545/3545/931 392/392/386 397/397/391
f 3545/3545/931 397/397/391 402/402/396
f 3545/3545/931 402/402/396 407/407/401
f 3545/3545/931 407/407/401 412/412/406
f 3545/3545/931 412/412/406 417/417/411
f 3545/3545/931 417/417/411 422/422/416
f 3545/3545/931 422/422/416 427/427/421
f 3545/3545/931 427/427/421 432/432/426
f 3545/3545/931 432/432/426 437/437/431
f 3545/3545/931 437/437/431 442/442/436
f 3545/3545/931 442/442/436 447/447/441
f 3545/3545/931 447/447/441 452/452/446
f 3545/3545/931 452/452/446 457/457/451
f 3545/3545/931 457/457/451 462/462/456
f 3545/3545/931 462/462/456 467/467/461
f 3545/3545/931 467/467/461 472/472/466
f 3545/3545/931 472/472/466 477/477/471
f 3545/3545/931 477/477/471 482/482/476
f 3545/3545/931 482/482/476 487/487/481
f 3545/3545/931 487/487/481 492/492/486
f 3545/3545/931 492/492/486 497/497/491
f 3545/3545/931 497/497/491 502/502/496
f 3545/3545/931 502/502/496 507/507/501
f 3545/3545/931 507/507/501 512/512/506
f 3545/3545/931 512/512/506 517/517/511
f 3545/3545/931 517/517/511 522/522/516
f 3545/3545/931 522/522/516 527/527/521
f 3545/3545/931 527/527/521 532/532/526
f 3545/3545/931 532/532/526 537/537/531
f 3545/3545/931 537/537/531 542/542/536
f 3545/3545/931 542/542/536 547/547/541
f 3545/3545/931 547/547/541 552/552/546
f 3545/3545/931 552/552/546 557/557/551
f 3545/3545/931 557/557/551 562/562/556
f 3545/3545/931 562/562/556 567/567/561
f 3545/3545/931 567/567/561 572/572/566
f 3545/3545/931 572/572/566 577/577/571
f 3545/3545/931 577/577/571 582/582/576
f 3545/3545/931 582/582/576 587/587/581
f 3545/3545/931 587/587/581 272/272/269
s 0
f 3546/3546/1298 1916/1915/1298 1915/1916/1298
f 3546/3546/1298 1921/1921/1298 1916/1915/1298
f 3546/3546/1298 1926/1926/1298 1921/1921/1298
f 3546/3546/1298 1931/1931/1298 1926/1926/1298
f 3546/3546/1298 1941/1940/1298 1940/1941/1298
f 3546/3546/1298 1946/1946/1298 1941/1940/1298
f 3546/3546/1298 1951/1951/1298 1946/1946/1298
f 3546/3546/1298 1956/1956/1298 1951/1951/1298
f 3546/3546/1298 1961/1961/1298 1956/1956/1298
f 3546/3546/1298 1966/1966/1298 1961/1961/1298
f 3546/3546/1298 1971/1971/1298 1966/1966/1298
f 3546/3546/1298 1976/1976/1298 1971/1971/1298
f 3546/3546/1298 1981/1981/1298 1976/1976/1298
f 3546/3546/1298 1986/1986/1298 1981/1981/1298
f 3546/3546/1298 1991/1991/1298 1986/1986/1298
f 3546/3546/1298 1996/1996/1298 1991/1991/1298
f 3546/3546/1298 2001/2001/1298 1996/1996/1298
f 3546/3546/1298 2006/2006/1298 2001/2001/1298
f 3546/3546/1298 2011/2011/1298 2006/2006/1298
f 3546/3546/1298 2016/2016/1298 2011/2011/1298
f 3546/3546/1298 2021/2021/1298 2016/2016/1298
f 3546/3546/1298 2026/2026/1298 2021/2021/1298
f 3546/3546/1298 2031/2031/1298 2026/2026/1298
f 3546/3546/1298 2036/2036/1298 2031/2031/1298
f 3546/3546/1298 2041/2041/1298 2036/2036/1298
f 3546/3546/1298 2046/2046/1298 2041/2041/1298
f 3546/3546/1298 2051/2051/1298 2046/2046/1298
f 3546/3546/1298 2056/2056/1298 2051/2051/1298
f 3546/3546/1298 2061/2061/1298 2056/2056/1298
f 3546/3546/1298 2066/2066/1298 2061/2061/1298
f 3546/3546/1298 2071/2071/1298 2066/2066/1298
f 3546/3546/1298 2076/2076/1298 2071/2071/1298
f 3546/3546/1298 2081/2081/1298 2076/2076/1298
f 3546/3546/1298 2086/2086/1298 2081/2081/1298
f 3546/3546/1298 2091/2091/1298 2086/2086/1298
f 3546/3546/1298 2096/2096/1298 2091/2091/1298
f 3546/3546/1298 2101/2101/1298 2096/2096/1298
f 3546/3546/1298 2106/2106/1298 2101/2101/1298
f 3546/3546/1298 2111/2111/1298 2106/2106/1298
f 3546/3546/1298 2116/2116/1298 2111/2111/1298
f 3546/3546/1298 2121/2121/1298 2116/2116/1298
f 3546/3546/1298 2126/2126/1298 2121/2121/1298
f 3546/3546/1298 2131/2131/1298 2126/2126/1298
f 3546/3546/1298 2136/2136/1298 2131/2131/1298
f 3546/3546/1298 2141/2141/1298 2136/2136/1298
f 3546/3546/1298 2146/2146/1298 2141/2141/1298
f 3546/3546/1298 2151/2151/1298 2146/2146/1298
f 3546/3546/1298 2156/2156/1298 2151/2151/1298
f 3546/3546/1298 2161/2161/1298 2156/2156/1298
f 3546/3546/1298 2166/2166/1298 2161/2161/1298
f 3546/3546/1298 2171/2171/1298 2166/2166/1298
f 3546/3546/1298 2176/2176/1298 2171/2171/1298
f 3546/3546/1298 2181/2181/1298 2176/2176/1298
f 3546/3546/1298 2186/2186/1298 2181/2181/1298
f 3546/3546/1298 2191/2191/1298 2186/2186/1298
f 3546/3546/1298 2196/2196/1298 2191/2191/1298
f 3546/3546/1298 2201/2201/1298 2196/2196/1298
f 3546/3546/1298 2206/2206/1298 2201/2201/1298
f 3546/3546/1298 2211/2211/1298 2206/2206/1298
f 3546/3546/1298 2216/2216/1298 2211/2211/1298
f 3546/3546/1298 2221/2221/1298 2216/2216/1298
f 3546/3546/1298 2226/2226/1298 2221/2221/1298
f 3546/3546/1298 2231/2231/1298 2226/2226/1298
f 3546/3546/1298 1915/1916/1298 2231/2231/1298
s 1
f 3550/3547/2022 3547/3548/2023 3548/3549/2024
f 3548/3549/2024 3549/3550/2025 3550/3547/2022
f 3549/3550/2025 3548/3549/2024 3551/3551/2026
f 3551/3551/2026 3552/3552/2027 3549/3550/2025
f 3552/3552/2027 3551/3551/2026 3553/3553/2028
f 3553/3553/2028 3554/3554/2029 3552/3552/2027
f 3554/3554/2029 3553/3553/2028 3555/3555/2030
f 3555/3555/2030 3556/3556/2031 3554/3554/2029
f 3556/3556/2031 3555/3555/2030 3557/3557/2032
f 3557/3557/2032 3558/3558/2033 3556/3556/2031
f 3548/3549/2024 3559/3559/2034 3560/3560/2035
f 3560/3560/2035 3551/3551/2026 3548/3549/2024
f 3551/3551/2026 3560/3560/2035 3561/3561/2036
f 3561/3561/2036 3553/3553/2028 3551/3551/2026
f 3553/3553/2028 3561/3561/2036 3562/3562/2037
f 3562/3562/2037 3555/3555/2030 3553/3553/2028
f 3555/3555/2030 3562/3562/2037 3563/3563/2038
f 3563/3563/2038 3557/3557/2032 3555/3555/2030
f 3559/3559/2034 3564/3564/2039 3565/3565/2040
f 3565/3565/2040 3560/3560/2035 3559/3559/2034
f 3560/3560/2035 3565/3565/2040 3566/3566/2041
f 3566/3566/2041 3561/3561/2036 3560/3560/2035
f 3561/3561/2036 3566/3566/2041 3567/3567/2042
f 3567/3567/2042 3562/3562/2037 3561/3561/2036
f 3562/3562/2037 3567/3567/2042 3568/3568/2043
f 3568/3568/2043 3563/3563/2038 3562/3562/2037
f 3564/3564/2039 3569/3569/2044 3570/3570/2045
f 3570/3570/2045 3565/3565/2040 3564/3564/2039
f 3565/3565/2040 3570/3570/2045 3571/3571/2046
f 3571/3571/2046 3566/3566/2041 3565/3565/2040
f 3566/3566/2041 3571/3571/2046 3572/3572/2047
f 3572/3572/2047 3567/3567/2042 3566/3566/2041
f 3567/3567/2042 3572/3572/2047 3573/3573/2048
f 3573/3573/2048 3568/3568/2043 3567/3567/2042
f 3577/3574/2044 3574/3575/2049 3575/3576/2050
f 3575/3576/2050 3576/3577/2045 3577/3574/2044
f 3576/3577/2045 3575/3576/2050 3578/3578/2051
f 3578/3578/2051 3579/3579/2046 3576/3577/2045
f 3579/3579/2046 3578/3578/2051 3580/3580/2052
f 3580/3580/2052 3581/3581/2047 3579/3579/2046
f 3581/3581/2047 3580/3580/2052 3582/3582/2053
f 3582/3582/2053 3583/3583/2054 3581/3581/2047
f 3574/3575/2049 3584/3584/2055 3585/3585/2056
f 3585/3585/2056 3575/3576/2050 3574/3575/2049
f 3575/3576/2050 3585/3585/2056 3586/3586/2057
f 3586/3586/2057 3578/3578/2051 3575/3576/2050
f 3578/3578/2051 3586/3586/2057 3587/3587/2058
f 3587/3587/2058 3580/3580/2052 3578/3578/2051
f 3580/3580/2052 3587/3587/2058 3588/3588/2059
f 3588/3588/2059 3582/3582/2053 3580/3580/2052
f 3584/3584/2055 3589/3589/2060 3590/3590/2061
f 3590/3590/2061 3585/3585/2056 3584/3584/2055
f 3585/3585/2056 3590/3590/2061 3591/3591/2062
f 3591/3591/2062 3586/3586/2057 3585/3585/2056
f 3586/3586/2057 3591/3591/2062 3592/3592/2063
f 3592/3592/2063 3587/3587/2058 3586/3586/2057
f 3587/3587/2058 3592/3592/2063 3593/3593/2064
f 3593/3593/2064 3588/3588/2059 3587/3587/2058
f 3589/3589/2060 3594/3594/2065 3595/3595/2066
f 3595/3595/2066 3590/3590/2061 3589/3589/2060
f 3590/3590/2061 3595/3595/2066 3596/3596/2067
f 3596/3596/2067 3591/3591/2062 3590/3590/2061
f 3591/3591/2062 3596/3596/2067 3597/3597/2068
f 3597/3597/2068 3592/3592/2063 3591/3591/2062
f 3592/3592/2063 3597/3597/2068 3598/3598/2069
f 3598/3598/2069 3593/3593/2064 3592/3592/2063
f 3594/3594/2065 3599/3599/2070 3600/3600/2071
f 3600/3600/2071 3595/3595/2066 3594/3594/2065
f 3595/3595/2066 3600/3600/2071 3601/3601/2072
f 3601/3601/2072 3596/3596/2067 3595/3595/2066
f 3596/3596/2067 3601/3601/2072 3602/3602/2073
f 3602/3602/2073 3597/3597/2068 3596/3596/2067
f 3597/3597/2068 3602/3602/2073 3603/3603/2074
f 3603/3603/2074 3598/3598/2069 3597/3597/2068
f 3599/3599/2070 3604/3604/2075 3605/3605/2076
f 3605/3605/2076 3600/3600/2071 3599/3599/2070
f 3600/3600/2071 3605/3605/2076 3606/3606/2077
f 3606/3606/2077 3601/3601/2072 3600/3600/2071
f 3601/3601/2072 3606/3606/2077 3607/3607/2078
f 3607/3607/2078 3602/3602/2073 3601/3601/2072
f 3602/3602/2073 3607/3607/2078 3608/3608/2079
f 3608/3608/2079 3603/3603/2074 3602/3602/2073
f 3604/3604/2075 3609/3609/2080 3610/3610/2081
f 3610/3610/2081 3605/3605/2076 3604/3604/2075
f 3605/3605/2076 3610/3610/2081 3611/3611/2082
f 3611/3611/2082 3606/3606/2077 3605/3605/2076
f 3606/3606/2077 3611/3611/2082 3612/3612/2083
f 3612/3612/2083 3607/3607/2078 3606/3606/2077
f 3607/3607/2078 3612/3612/2083 3613/3613/2084
f 3613/3613/2084 3608/3608/2079 3607/3607/2078
f 3609/3609/2080 3614/3614/2085 3615/3615/2086
f 3615/3615/2086 3610/3610/2081 3609/3609/2080
f 3610/3610/2081 3615/3615/2086 3616/3616/2087
f 3616/3616/2087 3611/3611/2082 3610/3610/2081
f 3611/3611/2082 3616/3616/2087 3617/3617/2088
f 3617/3617/2088 3612/3612/2083 3611/3611/2082
f 3612/3612/2083 3617/3617/2088 3618/3618/2089
f 3618/3618/2089 3613/3613/2084 3612/3612/2083
f 3614/3614/2085 3619/3619/2090 3620/3620/2091
f 3620/3620/2091 3615/3615/2086 3614/3614/2085
f 3615/3615/2086 3620/3620/2091 3621/3621/2092
f 3621/3621/2092 3616/3616/2087 3615/3615/2086
f 3616/3616/2087 3621/3621/2092 3622/3622/2093
f 3622/3622/2093 3617/3617/2088 3616/3616/2087
f 3617/3617/2088 3622/3622/2093 3623/3623/2094
f 3623/3623/2094 3618/3618/2089 3617/3617/2088
f 3619/3619/2090 3624/3624/2095 3625/3625/2096
f 3625/3625/2096 3620/3620/2091 3619/3619/2090
f 3620/3620/2091 3625/3625/2096 3626/3626/2097
f 3626/3626/2097 3621/3621/2092 3620/3620/2091
f 3621/3621/2092 3626/3626/2097 3627/3627/2098
f 3627/3627/2098 3622/3622/2093 3621/3621/2092
f 3622/3622/2093 3627/3627/2098 3628/3628/2099
f 3628/3628/2099 3623/3623/2094 3622/3622/2093
f 3624/3624/2095 3629/3629/2100 3630/3630/2101
f 3630/3630/2101 3625/3625/2096 3624/3624/2095
f 3625/3625/2096 3630/3630/2101 3631/3631/2102
f 3631/3631/2102 3626/3626/2097 3625/3625/2096
f 3626/3626/2097 3631/3631/2102 3632/3632/2103
f 3632/3632/2103 3627/3627/2098 3626/3626/2097
f 3627/3627/2098 3632/3632/2103 3633/3633/2104
f 3633/3633/2104 3628/3628/2099 3627/3627/2098
f 3629/3629/2100 3634/3634/2105 3635/3635/2106
f 3635/3635/2106 3630/3630/2101 3629/3629/2100
f 3630/3630/2101 3635/3635/2106 3636/3636/2107
f 3636/3636/2107 3631/3631/2102 3630/3630/2101
f 3631/3631/2102 3636/3636/2107 3637/3637/2108
f 3637/3637/2108 3632/3632/2103 3631/3631/2102
f 3632/3632/2103 3637/3637/2108 3638/3638/2109
f 3638/3638/2109 3633/3633/2104 3632/3632/2103
f 3634/3634/2105 3639/3639/2110 3640/3640/2111
f 3640/3640/2111 3635/3635/2106 3634/3634/2105
f 3635/3635/2106 3640/3640/2111 3641/3641/2112
f 3641/3641/2112 3636/3636/2107 3635/3635/2106
f 3636/3636/2107 3641/3641/2112 3642/3642/2113
f 3642/3642/2113 3637/3637/2108 3636/3636/2107
f 3637/3637/2108 3642/3642/2113 3643/3643/2114
f 3643/3643/2114 3638/3638/2109 3637/3637/2108
f 3639/3639/2110 3644/3644/2115 3645/3645/2116
f 3645/3645/2116 3640/3640/2111 3639/3639/2110
f 3640/3640/2111 3645/3645/2116 3646/3646/2117
f 3646/3646/2117 3641/3641/2112 3640/3640/2111
f 3641/3641/2112 3646/3646/2117 3647/3647/2118
f 3647/3647/2118 3642/3642/2113 3641/3641/2112
f 3642/3642/2113 3647/3647/2118 3648/3648/2119
f 3648/3648/2119 3643/3643/2114 3642/3642/2113
f 3644/3644/2115 3649/3649/2120 3650/3650/2121
f 3650/3650/2121 3645/3645/2116 3644/3644/2115
f 3645/3645/2116 3650/3650/2121 3651/3651/2122
f 3651/3651/2122 3646/3646/2117 3645/3645/2116
f 3646/3646/2117 3651/3651/2122 3652/3652/2123
f 3652/3652/2123 3647/3647/2118 3646/3646/2117
f 3647/3647/2118 3652/3652/2123 3653/3653/2124
f 3653/3653/2124 3648/3648/2119 3647/3647/2118
f 3649/3649/2120 3654/3654/2125 3655/3655/2126
f 3655/3655/2126 3650/3650/2121 3649/3649/2120
f 3650/3650/2121 3655/3655/2126 3656/3656/2127
f 3656/3656/2127 3651/3651/2122 3650/3650/2121
f 3651/3651/2122 3656/3656/2127 3657/3657/2128
f 3657/3657/2128 3652/3652/2123 3651/3651/2122
f 3652/3652/2123 3657/3657/2128 3658/3658/2129
f 3658/3658/2129 3653/3653/2124 3652/3652/2123
f 3654/3654/2125 3659/3659/2130 3660/3660/2131
f 3660/3660/2131 3655/3655/2126 3654/3654/2125
f 3655/3655/2126 3660/3660/2131 3661/3661/2132
f 3661/3661/2132 3656/3656/2127 3655/3655/2126
f 3656/3656/2127 3661/3661/2132 3662/3662/2133
f 3662/3662/2133 3657/3657/2128 3656/3656/2127
f 3657/3657/2128 3662/3662/2133 3663/3663/2134
f 3663/3663/2134 3658/3658/2129 3657/3657/2128
f 3659/3659/2130 3664/3664/2135 3665/3665/2136
f 3665/3665/2136 3660/3660/2131 3659/3659/2130
f 3660/3660/2131 3665/3665/2136 3666/3666/2137
f 3666/3666/2137 3661/3661/2132 3660/3660/2131
f 3661/3661/2132 3666/3666/2137 3667/3667/2138
f 3667/3667/2138 3662/3662/2133 3661/3661/2132
f 3662/3662/2133 3667/3667/2138 3668/3668/2139
f 3668/3668/2139 3663/3663/2134 3662/3662/2133
f 3664/3664/2135 3669/3669/2140 3670/3670/2141
f 3670/3670/2141 3665/3665/2136 3664/3664/2135
f 3665/3665/2136 3670/3670/2141 3671/3671/2142
f 3671/3671/2142 3666/3666/2137 3665/3665/2136
f 3666/3666/2137 3671/3671/2142 3672/3672/2143
f 3672/3672/2143 3667/3667/2138 3666/3666/2137
f 3667/3667/2138 3672/3672/2143 3673/3673/2144
f 3673/3673/2144 3668/3668/2139 3667/3667/2138
f 3669/3669/2140 3674/3674/2145 3675/3675/2146
f 3675/3675/2146 3670/3670/2141 3669/3669/2140
f 3670/3670/2141 3675/3675/2146 3676/3676/2147
f 3676/3676/2147 3671/3671/2142 3670/3670/2141
f 3671/3671/2142 3676/3676/2147 3677/3677/2148
f 3677/3677/2148 3672/3672/2143 3671/3671/2142
f 3672/3672/2143 3677/3677/2148 3678/3678/2149
f 3678/3678/2149 3673/3673/2144 3672/3672/2143
f 3674/3674/2145 3679/3679/2150 3680/3680/2151
f 3680/3680/2151 3675/3675/2146 3674/3674/2145
f 3675/3675/2146 3680/3680/2151 3681/3681/2152
f 3681/3681/2152 3676/3676/2147 3675/3675/2146
f 3676/3676/2147 3681/3681/2152 3682/3682/2153
f 3682/3682/2153 3677/3677/2148 3676/3676/2147
f 3677/3677/2148 3682/3682/2153 3683/3683/2154
f 3683/3683/2154 3678/3678/2149 3677/3677/2148
f 3679/3679/2150 3684/3684/2155 3685/3685/2156
f 3685/3685/2156 3680/3680/2151 3679/3679/2150
f 3680/3680/2151 3685/3685/2156 3686/3686/2157
f 3686/3686/2157 3681/3681/2152 3680/3680/2151
f 3681/3681/2152 3686/3686/2157 3687/3687/2158
f 3687/3687/2158 3682/3682/2153 3681/3681/2152
f 3682/3682/2153 3687/3687/2158 3688/3688/2159
f 3688/3688/2159 3683/3683/2154 3682/3682/2153
f 3684/3684/2155 3689/3689/2160 3690/3690/2161
f 3690/3690/2161 3685/3685/2156 3684/3684/2155
f 3685/3685/2156 3690/3690/2161 3691/3691/2162
f 3691/3691/2162 3686/3686/2157 3685/3685/2156
f 3686/3686/2157 3691/3691/2162 3692/3692/2163
f 3692/3692/2163 3687/3687/2158 3686/3686/2157
f 3687/3687/2158 3692/3692/2163 3693/3693/2164
f 3693/3693/2164 3688/3688/2159 3687/3687/2158
f 3689/3689/2160 3694/3694/2165 3695/3695/2166
f 3695/3695/2166 3690/3690/2161 3689/3689/2160
f 3690/3690/2161 3695/3695/2166 3696/3696/2167
f 3696/3696/2167 3691/3691/2162 3690/3690/2161
f 3691/3691/2162 3696/3696/2167 3697/3697/2168
f 3697/3697/2168 3692/3692/2163 3691/3691/2162
f 3692/3692/2163 3697/3697/2168 3698/3698/2169
f 3698/3698/2169 3693/3693/2164 3692/3692/2163
f 3694/3694/2165 3699/3699/2170 3700/3700/2171
f 3700/3700/2171 3695/3695/2166 3694/3694/2165
f 3695/3695/2166 3700/3700/2171 3701/3701/2172
f 3701/3701/2172 3696/3696/2167 3695/3695/2166
f 3696/3696/2167 3701/3701/2172 3702/3702/2173
f 3702/3702/2173 3697/3697/2168 3696/3696/2167
f 3697/3697/2168 3702/3702/2173 3703/3703/2174
f 3703/3703/2174 3698/3698/2169 3697/3697/2168
f 3699/3699/2170 3704/3704/2175 3705/3705/2176
f 3705/3705/2176 3700/3700/2171 3699/3699/2170
f 3700/3700/2171 3705/3705/2176 3706/3706/2177
f 3706/3706/2177 3701/3701/2172 3700/3700/2171
f 3701/3701/2172 3706/3706/2177 3707/3707/2178
f 3707/3707/2178 3702/3702/2173 3701/3701/2172
f 3702/3702/2173 3707/3707/2178 3708/3708/2179
f 3708/3708/2179 3703/3703/2174 3702/3702/2173
f 3704/3704/2175 3709/3709/2180 3710/3710/2181
f 3710/3710/2181 3705/3705/2176 3704/3704/2175
f 3705/3705/2176 3710/3710/2181 3711/3711/2182
f 3711/3711/2182 3706/3706/2177 3705/3705/2176
f 3706/3706/2177 3711/3711/2182 3712/3712/2183
f 3712/3712/2183 3707/3707/2178 3706/3706/2177
f 3707/3707/2178 3712/3712/2183 3713/3713/2184
f 3713/3713/2184 3708/3708/2179 3707/3707/2178
f 3709/3709/2180 3714/3714/2185 3715/3715/2186
f 3715/3715/2186 3710/3710/2181 3709/3709/2180
f 3710/3710/2181 3715/3715/2186 3716/3716/2187
f 3716/3716/2187 3711/3711/2182 3710/3710/2181
f 3711/3711/2182 3716/3716/2187 3717/3717/2188
f 3717/3717/2188 3712/3712/2183 3711/3711/2182
f 3712/3712/2183 3717/3717/2188 3718/3718/2189
f 3718/3718/2189 3713/3713/2184 3712/3712/2183
f 3714/3714/2185 3719/3719/2190 3720/3720/2191
f 3720/3720/2191 3715/3715/2186 3714/3714/2185
f 3715/3715/2186 3720/3720/2191 3721/3721/2192
f 3721/3721/2192 3716/3716/2187 3715/3715/2186
f 3716/3716/2187 3721/3721/2192 3722/3722/2193
f 3722/3722/2193 3717/3717/2188 3716/3716/2187
f 3717/3717/2188 3722/3722/2193 3723/3723/2194
f 3723/3723/2194 3718/3718/2189 3717/3717/2188
f 3719/3719/2190 3724/3724/2195 3725/3725/2196
f 3725/3725/2196 3720/3720/2191 3719/3719/2190
f 3720/3720/2191 3725/3725/2196 3726/3726/2197
f 3726/3726/2197 3721/3721/2192 3720/3720/2191
f 3721/3721/2192 3726/3726/2197 3727/3727/2198
f 3727/3727/2198 3722/3722/2193 3721/3721/2192
f 3722/3722/2193 3727/3727/2198 3728/3728/2199
f 3728/3728/2199 3723/3723/2194 3722/3722/2193
f 3724/3724/2195 3729/3729/2200 3730/3730/2201
f 3730/3730/2201 3725/3725/2196 3724/3724/2195
f 3725/3725/2196 3730/3730/2201 3731/3731/2202
f 3731/3731/2202 3726/3726/2197 3725/3725/2196
f 3726/3726/2197 3731/3731/2202 3732/3732/2203
f 3732/3732/2203 3727/3727/2198 3726/3726/2197
f 3727/3727/2198 3732/3732/2203 3733/3733/2204
f 3733/3733/2204 3728/3728/2199 3727/3727/2198
f 3729/3729/2200 3734/3734/2205 3735/3735/2206
f 3735/3735/2206 3730/3730/2201 3729/3729/2200
f 3730/3730/2201 3735/3735/2206 3736/3736/2207
f 3736/3736/2207 3731/3731/2202 3730/3730/2201
f 3731/3731/2202 3736/3736/2207 3737/3737/2208
f 3737/3737/2208 3732/3732/2203 3731/3731/2202
f 3732/3732/2203 3737/3737/2208 3738/3738/2209
f 3738/3738/2209 3733/3733/2204 3732/3732/2203
f 3734/3734/2205 3739/3739/2210 3740/3740/2211
f 3740/3740/2211 3735/3735/2206 3734/3734/2205
f 3735/3735/2206 3740/3740/2211 3741/3741/2212
f 3741/3741/2212 3736/3736/2207 3735/3735/2206
f 3736/3736/2207 3741/3741/2212 3742/3742/2213
f 3742/3742/2213 3737/3737/2208 3736/3736/2207
f 3737/3737/2208 3742/3742/2213 3743/3743/2214
f 3743/3743/2214 3738/3738/2209 3737/3737/2208
f 3739/3739/2210 3744/3744/2215 3745/3745/2216
f 3745/3745/2216 3740/3740/2211 3739/3739/2210
f 3740/3740/2211 3745/3745/2216 3746/3746/2217
f 3746/3746/2217 3741/3741/2212 3740/3740/2211
f 3741/3741/2212 3746/3746/2217 3747/3747/2218
f 3747/3747/2218 3742/3742/2213 3741/3741/2212
f 3742/3742/2213 3747/3747/2218 3748/3748/2219
f 3748/3748/2219 3743/3743/2214 3742/3742/2213
f 3744/3744/2215 3749/3749/2220 3750/3750/2221
f 3750/3750/2221 3745/3745/2216 3744/3744/2215
f 3745/3745/2216 3750/3750/2221 3751/3751/2222
f 3751/3751/2222 3746/3746/2217 3745/3745/2216
f 3746/3746/2217 3751/3751/2222 3752/3752/2223
f 3752/3752/2223 3747/3747/2218 3746/3746/2217
f 3747/3747/2218 3752/3752/2223 3753/3753/2224
f 3753/3753/2224 3748/3748/2219 3747/3747/2218
f 3749/3749/2220 3754/3754/2225 3755/3755/2226
f 3755/3755/2226 3750/3750/2221 3749/3749/2220
f 3750/3750/2221 3755/3755/2226 3756/3756/2227
f 3756/3756/2227 3751/3751/2222 3750/3750/2221
f 3751/3751/2222 3756/3756/2227 3757/3757/2228
f 3757/3757/2228 3752/3752/2223 3751/3751/2222
f 3752/3752/2223 3757/3757/2228 3758/3758/2229
f 3758/3758/2229 3753/3753/2224 3752/3752/2223
f 3754/3754/2225 3759/3759/2230 3760/3760/2231
f 3760/3760/2231 3755/3755/2226 3754/3754/2225
f 3755/3755/2226 3760/3760/2231 3761/3761/2232
f 3761/3761/2232 3756/3756/2227 3755/3755/2226
f 3756/3756/2227 3761/3761/2232 3762/3762/2233
f 3762/3762/2233 3757/3757/2228 3756/3756/2227
f 3757/3757/2228 3762/3762/2233 3763/3763/2234
f 3763/3763/2234 3758/3758/2229 3757/3757/2228
f 3759/3759/2230 3764/3764/2235 3765/3765/2236
f 3765/3765/2236 3760/3760/2231 3759/3759/2230
f 3760/3760/2231 3765/3765/2236 3766/3766/2237
f 3766/3766/2237 3761/3761/2232 3760/3760/2231
f 3761/3761/2232 3766/3766/2237 3767/3767/2238
f 3767/3767/2238 3762/3762/2233 3761/3761/2232
f 3762/3762/2233 3767/3767/2238 3768/3768/2239
f 3768/3768/2239 3763/3763/2234 3762/3762/2233
f 3764/3764/2235 3769/3769/2240 3770/3770/2241
f 3770/3770/2241 3765/3765/2236 3764/3764/2235
f 3765/3765/2236 3770/3770/2241 3771/3771/2242
f 3771/3771/2242 3766/3766/2237 3765/3765/2236
f 3766/3766/2237 3771/3771/2242 3772/3772/2243
f 3772/3772/2243 3767/3767/2238 3766/3766/2237
f 3767/3767/2238 3772/3772/2243 3773/3773/2244
f 3773/3773/2244 3768/3768/2239 3767/3767/2238
f 3769/3769/2240 3774/3774/2245 3775/3775/2246
f 3775/3775/2246 3770/3770/2241 3769/3769/2240
f 3770/3770/2241 3775/3775/2246 3776/3776/2247
f 3776/3776/2247 3771/3771/2242 3770/3770/2241
f 3771/3771/2242 3776/3776/2247 3777/3777/2248
f 3777/3777/2248 3772/3772/2243 3771/3771/2242
f 3772/3772/2243 3777/3777/2248 3778/3778/2249
f 3778/3778/2249 3773/3773/2244 3772/3772/2243
f 3774/3774/2245 3779/3779/2250 3780/3780/2251
f 3780/3780/2251 3775/3775/2246 3774/3774/2245
f 3775/3775/2246 3780/3780/2251 3781/3781/2252
f 3781/3781/2252 3776/3776/2247 3775/3775/2246
f 3776/3776/2247 3781/3781/2252 3782/3782/2253
f 3782/3782/2253 3777/3777/2248 3776/3776/2247
f 3777/3777/2248 3782/3782/2253 3783/3783/2254
f 3783/3783/2254 3778/3778/2249 3777/3777/2248
f 3779/3779/2250 3784/3784/2255 3785/3785/2256
f 3785/3785/2256 3780/3780/2251 3779/3779/2250
f 3780/3780/2251 3785/3785/2256 3786/3786/2257
f 3786/3786/2257 3781/3781/2252 3780/3780/2251
f 3781/3781/2252 3786/3786/2257 3787/3787/2258
f 3787/3787/2258 3782/3782/2253 3781/3781/2252
f 3782/3782/2253 3787/3787/2258 3788/3788/2259
f 3788/3788/2259 3783/3783/2254 3782/3782/2253
f 3784/3784/2255 3789/3789/2260 3790/3790/2261
f 3790/3790/2261 3785/3785/2256 3784/3784/2255
f 3785/3785/2256 3790/3790/2261 3791/3791/2262
f 3791/3791/2262 3786/3786/2257 3785/3785/2256
f 3786/3786/2257 3791/3791/2262 3792/3792/2263
f 3792/3792/2263 3787/3787/2258 3786/3786/2257
f 3787/3787/2258 3792/3792/2263 3793/3793/2264
f 3793/3793/2264 3788/3788/2259 3787/3787/2258
f 3789/3789/2260 3794/3794/2265 3795/3795/2266
f 3795/3795/2266 3790/3790/2261 3789/3789/2260
f 3790/3790/2261 3795/3795/2266 3796/3796/2267
f 3796/3796/2267 3791/3791/2262 3790/3790/2261
f 3791/3791/2262 3796/3796/2267 3797/3797/2268
f 3797/3797/2268 3792/3792/2263 3791/3791/2262
f 3792/3792/2263 3797/3797/2268 3798/3798/2269
f 3798/3798/2269 3793/3793/2264 3792/3792/2263
f 3794/3794/2265 3799/3799/2270 3800/3800/2271
f 3800/3800/2271 3795/3795/2266 3794/3794/2265
f 3795/3795/2266 3800/3800/2271 3801/3801/2272
f 3801/3801/2272 3796/3796/2267 3795/3795/2266
f 3796/3796/2267 3801/3801/2272 3802/3802/2273
f 3802/3802/2273 3797/3797/2268 3796/3796/2267
f 3797/3797/2268 3802/3802/2273 3803/3803/2274
f 3803/3803/2274 3798/3798/2269 3797/3797/2268
f 3799/3799/2270 3804/3804/2275 3805/3805/2276
f 3805/3805/2276 3800/3800/2271 3799/3799/2270
f 3800/3800/2271 3805/3805/2276 3806/3806/2277
f 3806/3806/2277 3801/3801/2272 3800/3800/2271
f 3801/3801/2272 3806/3806/2277 3807/3807/2278
f 3807/3807/2278 3802/3802/2273 3801/3801/2272
f 3802/3802/2273 3807/3807/2278 3808/3808/2279
f 3808/3808/2279 3803/3803/2274 3802/3802/2273
f 3804/3804/2275 3809/3809/2280 3810/3810/2281
f 3810/3810/2281 3805/3805/2276 3804/3804/2275
f 3805/3805/2276 3810/3810/2281 3811/3811/2282
f 3811/3811/2282 3806/3806/2277 3805/3805/2276
f 3806/3806/2277 3811/3811/2282 3812/3812/2283
f 3812/3812/2283 3807/3807/2278 3806/3806/2277
f 3807/3807/2278 3812/3812/2283 3813/3813/2284
f 3813/3813/2284 3808/3808/2279 3807/3807/2278
f 3809/3809/2280 3814/3814/2285 3815/3815/2286
f 3815/3815/2286 3810/3810/2281 3809/3809/2280
f 3810/3810/2281 3815/3815/2286 3816/3816/2287
f 3816/3816/2287 3811/3811/2282 3810/3810/2281
f 3811/3811/2282 3816/3816/2287 3817/3817/2288
f 3817/3817/2288 3812/3812/2283 3811/3811/2282
f 3812/3812/2283 3817/3817/2288 3818/3818/2289
f 3818/3818/2289 3813/3813/2284 3812/3812/2283
f 3814/3814/2285 3819/3819/2290 3820/3820/2291
f 3820/3820/2291 3815/3815/2286 3814/3814/2285
f 3815/3815/2286 3820/3820/2291 3821/3821/2292
f 3821/3821/2292 3816/3816/2287 3815/3815/2286
f 3816/3816/2287 3821/3821/2292 3822/3822/2293
f 3822/3822/2293 3817/3817/2288 3816/3816/2287
f 3817/3817/2288 3822/3822/2293 3823/3823/2294
f 3823/3823/2294 3818/3818/2289 3817/3817/2288
f 3819/3819/2290 3824/3824/2295 3825/3825/2296
f 3825/3825/2296 3820/3820/2291 3819/3819/2290
f 3820/3820/2291 3825/3825/2296 3826/3826/2297
f 3826/3826/2297 3821/3821/2292 3820/3820/2291
f 3821/3821/2292 3826/3826/2297 3827/3827/2298
f 3827/3827/2298 3822/3822/2293 3821/3821/2292
f 3822/3822/2293 3827/3827/2298 3828/3828/2299
f 3828/3828/2299 3823/3823/2294 3822/3822/2293
f 3824/3824/2295 3829/3829/2300 3830/3830/2301
f 3830/3830/2301 3825/3825/2296 3824/3824/2295
f 3825/3825/2296 3830/3830/2301 3831/3831/2302
f 3831/3831/2302 3826/3826/2297 3825/3825/2296
f 3826/3826/2297 3831/3831/2302 3832/3832/2303
f 3832/3832/2303 3827/3827/2298 3826/3826/2297
f 3827/3827/2298 3832/3832/2303 3833/3833/2304
f 3833/3833/2304 3828/3828/2299 3827/3827/2298
f 3829/3829/2300 3834/3834/2305 3835/3835/2306
f 3835/3835/2306 3830/3830/2301 3829/3829/2300
f 3830/3830/2301 3835/3835/2306 3836/3836/2307
f 3836/3836/2307 3831/3831/2302 3830/3830/2301
f 3831/3831/2302 3836/3836/2307 3837/3837/2308
f 3837/3837/2308 3832/3832/2303 3831/3831/2302
f 3832/3832/2303 3837/3837/2308 3838/3838/2309
f 3838/3838/2309 3833/3833/2304 3832/3832/2303
f 3834/3834/2305 3839/3839/2310 3840/3840/2311
f 3840/3840/2311 3835/3835/2306 3834/3834/2305
f 3835/3835/2306 3840/3840/2311 3841/3841/2312
f 3841/3841/2312 3836/3836/2307 3835/3835/2306
f 3836/3836/2307 3841/3841/2312 3842/3842/2313
f 3842/3842/2313 3837/3837/2308 3836/3836/2307
f 3837/3837/2308 3842/3842/2313 3843/3843/2314
f 3843/3843/2314 3838/3838/2309 3837/3837/2308
f 3839/3839/2310 3844/3844/2315 3845/3845/2316
f 3845/3845/2316 3840/3840/2311 3839/3839/2310
f 3840/3840/2311 3845/3845/2316 3846/3846/2317
f 3846/3846/2317 3841/3841/2312 3840/3840/2311
f 3841/3841/2312 3846/3846/2317 3847/3847/2318
f 3847/3847/2318 3842/3842/2313 3841/3841/2312
f 3842/3842/2313 3847/3847/2318 3848/3848/2319
f 3848/3848/2319 3843/3843/2314 3842/3842/2313
f 3844/3844/2315 3849/3849/2320 3850/3850/2321
f 3850/3850/2321 3845/3845/2316 3844/3844/2315
f 3845/3845/2316 3850/3850/2321 3851/3851/2322
f 3851/3851/2322 3846/3846/2317 3845/3845/2316
f 3846/3846/2317 3851/3851/2322 3852/3852/2323
f 3852/3852/2323 3847/3847/2318 3846/3846/2317
f 3847/3847/2318 3852/3852/2323 3853/3853/2324
f 3853/3853/2324 3848/3848/2319 3847/3847/2318
f 3849/3849/2320 3854/3854/2325 3855/3855/2326
f 3855/3855/2326 3850/3850/2321 3849/3849/2320
f 3850/3850/2321 3855/3855/2326 3856/3856/2327
f 3856/3856/2327 3851/3851/2322 3850/3850/2321
f 3851/3851/2322 3856/3856/2327 3857/3857/2328
f 3857/3857/2328 3852/3852/2323 3851/3851/2322
f 3852/3852/2323 3857/3857/2328 3858/3858/2329
f 3858/3858/2329 3853/3853/2324 3852/3852/2323
f 3854/3854/2325 3859/3859/2330 3860/3860/2331
f 3860/3860/2331 3855/3855/2326 3854/3854/2325
f 3855/3855/2326 3860/3860/2331 3861/3861/2332
f 3861/3861/2332 3856/3856/2327 3855/3855/2326
f 3856/3856/2327 3861/3861/2332 3862/3862/2333
f 3862/3862/2333 3857/3857/2328 3856/3856/2327
f 3857/3857/2328 3862/3862/2333 3863/3863/2334
f 3863/3863/2334 3858/3858/2329 3857/3857/2328
f 3859/3859/2330 3864/3864/2335 3865/3865/2336
f 3865/3865/2336 3860/3860/2331 3859/3859/2330
f 3860/3860/2331 3865/3865/2336 3866/3866/2337
f 3866/3866/2337 3861/3861/2332 3860/3860/2331
f 3861/3861/2332 3866/3866/2337 3867/3867/2338
f 3867/3867/2338 3862/3862/2333 3861/3861/2332
f 3862/3862/2333 3867/3867/2338 3868/3868/2339
f 3868/3868/2339 3863/3863/2334 3862/3862/2333
f 3864/3864/2335 3869/3869/2340 3870/3870/2341
f 3870/3870/2341 3865/3865/2336 3864/3864/2335
f 3865/3865/2336 3870/3870/2341 3871/3871/2342
f 3871/3871/2342 3866/3866/2337 3865/3865/2336
f 3866/3866/2337 3871/3871/2342 3872/3872/2343
f 3872/3872/2343 3867/3867/2338 3866/3866/2337
f 3867/3867/2338 3872/3872/2343 3873/3873/2344
f 3873/3873/2344 3868/3868/2339 3867/3867/2338
f 3869/3869/2340 3549/3550/2025 3552/3552/2027
f 3552/3552/2027 3870/3870/2341 3869/3869/2340
f 3870/3870/2341 3552/3552/2027 3554/3554/2029
f 3554/3554/2029 3871/3871/2342 3870/3870/2341
f 3871/3871/2342 3554/3554/2029 3556/3556/2031
f 3556/3556/2031 3872/3872/2343 3871/3871/2342
f 3872/3872/2343 3556/3556/2031 3558/3558/2033
f 3558/3558/2033 3873/3873/2344 3872/3872/2343
f 3875/3874/2345 3874/3875/2346 3564/3564/2039
f 3564/3564/2039 3559/3559/2034 3875/3874/2345
f 3877/3876/2347 3876/3877/2348 3824/3824/2295
f 3824/3824/2295 3819/3819/2290 3877/3876/2347
f 3547/3548/2023 3875/3874/2345 3559/3559/2034
f 3559/3559/2034 3548/3549/2024 3547/3548/2023
f 3878/3878/2349 3877/3876/2347 3819/3819/2290
f 3819/3819/2290 3814/3814/2285 3878/3878/2349
f 3879/3879/2350 3550/3547/2022 3549/3550/2025
f 3549/3550/2025 3869/3869/2340 3879/3879/2350
f 3880/3880/2351 3878/3878/2349 3814/3814/2285
f 3814/3814/2285 3809/3809/2280 3880/3880/2351
f 3881/3881/2352 3880/3880/2351 3809/3809/2280
f 3809/3809/2280 3804/3804/2275 3881/3881/2352
f 3882/3882/2353 3881/3881/2352 3804/3804/2275
f 3804/3804/2275 3799/3799/2270 3882/3882/2353
f 3883/3883/2354 3882/3882/2353 3799/3799/2270
f 3799/3799/2270 3794/3794/2265 3883/3883/2354
f 3884/3884/2355 3883/3883/2354 3794/3794/2265
f 3794/3794/2265 3789/3789/2260 3884/3884/2355
f 3885/3885/2356 3884/3884/2355 3789/3789/2260
f 3789/3789/2260 3784/3784/2255 3885/3885/2356
f 3886/3886/2357 3885/3885/2356 3784/3784/2255
f 3784/3784/2255 3779/3779/2250 3886/3886/2357
f 3887/3887/2358 3886/3886/2357 3779/3779/2250
f 3779/3779/2250 3774/3774/2245 3887/3887/2358
f 3888/3888/2359 3887/3887/2358 3774/3774/2245
f 3774/3774/2245 3769/3769/2240 3888/3888/2359
f 3889/3889/2360 3888/3888/2359 3769/3769/2240
f 3769/3769/2240 3764/3764/2235 3889/3889/2360
f 3890/3890/2361 3889/3889/2360 3764/3764/2235
f 3764/3764/2235 3759/3759/2230 3890/3890/2361
f 3891/3891/2362 3890/3890/2361 3759/3759/2230
f 3759/3759/2230 3754/3754/2225 3891/3891/2362
f 3892/3892/2363 3891/3891/2362 3754/3754/2225
f 3754/3754/2225 3749/3749/2220 3892/3892/2363
f 3893/3893/2364 3892/3892/2363 3749/3749/2220
f 3749/3749/2220 3744/3744/2215 3893/3893/2364
f 3894/3894/2365 3893/3893/2364 3744/3744/2215
f 3744/3744/2215 3739/3739/2210 3894/3894/2365
f 3895/3895/2366 3894/3894/2365 3739/3739/2210
f 3739/3739/2210 3734/3734/2205 3895/3895/2366
f 3896/3896/2367 3895/3895/2366 3734/3734/2205
f 3734/3734/2205 3729/3729/2200 3896/3896/2367
f 3897/3897/2368 3896/3896/2367 3729/3729/2200
f 3729/3729/2200 3724/3724/2195 3897/3897/2368
f 3898/3898/2369 3897/3897/2368 3724/3724/2195
f 3724/3724/2195 3719/3719/2190 3898/3898/2369
f 3899/3899/2370 3898/3898/2369 3719/3719/2190
f 3719/3719/2190 3714/3714/2185 3899/3899/2370
f 3900/3900/2371 3899/3899/2370 3714/3714/2185
f 3714/3714/2185 3709/3709/2180 3900/3900/2371
f 3901/3901/2372 3900/3900/2371 3709/3709/2180
f 3709/3709/2180 3704/3704/2175 3901/3901/2372
f 3902/3902/2373 3901/3901/2372 3704/3704/2175
f 3704/3704/2175 3699/3699/2170 3902/3902/2373
f 3903/3903/2374 3902/3902/2373 3699/3699/2170
f 3699/3699/2170 3694/3694/2165 3903/3903/2374
f 3904/3904/2375 3903/3903/2374 3694/3694/2165
f 3694/3694/2165 3689/3689/2160 3904/3904/2375
f 3905/3905/2376 3904/3904/2375 3689/3689/2160
f 3689/3689/2160 3684/3684/2155 3905/3905/2376
f 3906/3906/2377 3905/3905/2376 3684/3684/2155
f 3684/3684/2155 3679/3679/2150 3906/3906/2377
f 3907/3907/2378 3906/3906/2377 3679/3679/2150
f 3679/3679/2150 3674/3674/2145 3907/3907/2378
f 3908/3908/2379 3907/3907/2378 3674/3674/2145
f 3674/3674/2145 3669/3669/2140 3908/3908/2379
f 3876/3877/2348 3909/3909/2380 3829/3829/2300
f 3829/3829/2300 3824/3824/2295 3876/3877/2348
f 3874/3875/2346 3910/3910/2381 3569/3569/2044
f 3569/3569/2044 3564/3564/2039 3874/3875/2346
f 3909/3909/2380 3911/3911/2382 3834/3834/2305
f 3834/3834/2305 3829/3829/2300 3909/3909/2380
f 3913/3912/2381 3912/3913/2383 3574/3575/2049
f 3574/3575/2049 3577/3574/2044 3913/3912/2381
f 3911/3911/2382 3914/3914/2384 3839/3839/2310
f 3839/3839/2310 3834/3834/2305 3911/3911/2382
f 3912/3913/2383 3915/3915/2385 3584/3584/2055
f 3584/3584/2055 3574/3575/2049 3912/3913/2383
f 3914/3914/2384 3916/3916/2386 3844/3844/2315
f 3844/3844/2315 3839/3839/2310 3914/3914/2384
f 3915/3915/2385 3917/3917/2387 3589/3589/2060
f 3589/3589/2060 3584/3584/2055 3915/3915/2385
f 3916/3916/2386 3918/3918/2388 3849/3849/2320
f 3849/3849/2320 3844/3844/2315 3916/3916/2386
f 3917/3917/2387 3919/3919/2389 3594/3594/2065
f 3594/3594/2065 3589/3589/2060 3917/3917/2387
f 3918/3918/2388 3920/3920/2390 3854/3854/2325
f 3854/3854/2325 3849/3849/2320 3918/3918/2388
f 3919/3919/2389 3921/3921/2391 3599/3599/2070
f 3599/3599/2070 3594/3594/2065 3919/3919/2389
f 3920/3920/2390 3922/3922/2392 3859/3859/2330
f 3859/3859/2330 3854/3854/2325 3920/3920/2390
f 3921/3921/2391 3923/3923/2393 3604/3604/2075
f 3604/3604/2075 3599/3599/2070 3921/3921/2391
f 3922/3922/2392 3924/3924/2394 3864/3864/2335
f 3864/3864/2335 3859/3859/2330 3922/3922/2392
f 3923/3923/2393 3925/3925/2395 3609/3609/2080
f 3609/3609/2080 3604/3604/2075 3923/3923/2393
f 3924/3924/2394 3879/3879/2350 3869/3869/2340
f 3869/3869/2340 3864/3864/2335 3924/3924/2394
f 3925/3925/2395 3926/3926/2396 3614/3614/2085
f 3614/3614/2085 3609/3609/2080 3925/3925/2395
f 3926/3926/2396 3927/3927/2397 3619/3619/2090
f 3619/3619/2090 3614/3614/2085 3926/3926/2396
f 3927/3927/2397 3928/3928/2398 3624/3624/2095
f 3624/3624/2095 3619/3619/2090 3927/3927/2397
f 3928/3928/2398 3929/3929/2399 3629/3629/2100
f 3629/3629/2100 3624/3624/2095 3928/3928/2398
f 3929/3929/2399 3930/3930/2400 3634/3634/2105
f 3634/3634/2105 3629/3629/2100 3929/3929/2399
f 3930/3930/2400 3931/3931/2401 3639/3639/2110
f 3639/3639/2110 3634/3634/2105 3930/3930/2400
f 3931/3931/2401 3932/3932/2402 3644/3644/2115
f 3644/3644/2115 3639/3639/2110 3931/3931/2401
f 3932/3932/2402 3933/3933/2403 3649/3649/2120
f 3649/3649/2120 3644/3644/2115 3932/3932/2402
f 3933/3933/2403 3934/3934/2404 3654/3654/2125
f 3654/3654/2125 3649/3649/2120 3933/3933/2403
f 3934/3934/2404 3935/3935/2405 3659/3659/2130
f 3659/3659/2130 3654/3654/2125 3934/3934/2404
f 3935/3935/2405 3936/3936/2406 3664/3664/2135
f 3664/3664/2135 3659/3659/2130 3935/3935/2405
f 3936/3936/2406 3908/3908/2379 3669/3669/2140
f 3669/3669/2140 3664/3664/2135 3936/3936/2406
f 3938/3937/2407 3937/3938/2408 3547/3548/2023
f 3547/3548/2023 3550/3547/2022 3938/3937/2407
f 3937/3938/2408 3939/3939/1862 3875/3874/2345
f 3875/3874/2345 3547/3548/2023 3937/3938/2408
f 3939/3939/1862 3940/3940/1863 3874/3875/2346
f 3874/3875/2346 3875/3874/2345 3939/3939/1862
f 3940/3940/1863 3941/3941/1864 3910/3910/2381
f 3910/3910/2381 3874/3875/2346 3940/3940/1863
f 3943/3942/2409 3942/3943/2410 3912/3913/2383
f 3912/3913/2383 3913/3912/2381 3943/3942/2409
f 3942/3943/2410 3944/3944/2411 3915/3915/2385
f 3915/3915/2385 3912/3913/2383 3942/3943/2410
f 3944/3944/2411 3945/3945/2412 3917/3917/2387
f 3917/3917/2387 3915/3915/2385 3944/3944/2411
f 3945/3945/2412 3946/3946/1952 3919/3919/2389
f 3919/3919/2389 3917/3917/2387 3945/3945/2412
f 3946/3946/1952 3947/3947/1953 3921/3921/2391
f 3921/3921/2391 3919/3919/2389 3946/3946/1952
f 3947/3947/1953 3948/3948/2413 3923/3923/2393
f 3923/3923/2393 3921/3921/2391 3947/3947/1953
f 3948/3948/2413 3949/3949/2414 3925/3925/2395
f 3925/3925/2395 3923/3923/2393 3948/3948/2413
f 3949/3949/2414 3950/3950/2415 3926/3926/2396
f 3926/3926/2396 3925/3925/2395 3949/3949/2414
f 3950/3950/2415 3951/3951/1957 3927/3927/2397
f 3927/3927/2397 3926/3926/2396 3950/3950/2415
f 3951/3951/1957 3952/3952/1874 3928/3928/2398
f 3928/3928/2398 3927/3927/2397 3951/3951/1957
f 3952/3952/1874 3953/3953/2416 3929/3929/2399
f 3929/3929/2399 3928/3928/2398 3952/3952/1874
f 3953/3953/2416 3954/3954/2417 3930/3930/2400
f 3930/3930/2400 3929/3929/2399 3953/3953/2416
f 3954/3954/2417 3955/3955/2418 3931/3931/2401
f 3931/3931/2401 3930/3930/2400 3954/3954/2417
f 3955/3955/2418 3956/3956/1878 3932/3932/2402
f 3932/3932/2402 3931/3931/2401 3955/3955/2418
f 3956/3956/1878 3957/3957/1879 3933/3933/2403
f 3933/3933/2403 3932/3932/2402 3956/3956/1878
f 3957/3957/1879 3958/3958/2419 3934/3934/2404
f 3934/3934/2404 3933/3933/2403 3957/3957/1879
f 3958/3958/2419 3959/3959/2420 3935/3935/2405
f 3935/3935/2405 3934/3934/2404 3958/3958/2419
f 3959/3959/2420 3960/3960/2421 3936/3936/2406
f 3936/3936/2406 3935/3935/2405 3959/3959/2420
f 3960/3960/2421 3961/3961/2422 3908/3908/2379
f 3908/3908/2379 3936/3936/2406 3960/3960/2421
f 3961/3961/2422 3962/3962/1884 3907/3907/2378
f 3907/3907/2378 3908/3908/2379 3961/3961/2422
f 3962/3962/1884 3963/3963/1967 3906/3906/2377
f 3906/3906/2377 3907/3907/2378 3962/3962/1884
f 3963/3963/1967 3964/3964/2423 3905/3905/2376
f 3905/3905/2376 3906/3906/2377 3963/3963/1967
f 3964/3964/2423 3965/3965/2424 3904/3904/2375
f 3904/3904/2375 3905/3905/2376 3964/3964/2423
f 3965/3965/2424 3966/3966/2425 3903/3903/2374
f 3903/3903/2374 3904/3904/2375 3965/3965/2424
f 3966/3966/2425 3967/3967/1971 3902/3902/2373
f 3902/3902/2373 3903/3903/2374 3966/3966/2425
f 3967/3967/1971 3968/3968/1890 3901/3901/2372
f 3901/3901/2372 3902/3902/2373 3967/3967/1971
f 3968/3968/1890 3969/3969/2426 3900/3900/2371
f 3900/3900/2371 3901/3901/2372 3968/3968/1890
f 3969/3969/2426 3970/3970/2427 3899/3899/2370
f 3899/3899/2370 3900/3900/2371 3969/3969/2426
f 3970/3970/2427 3971/3971/2428 3898/3898/2369
f 3898/3898/2369 3899/3899/2370 3970/3970/2427
f 3971/3971/2428 3972/3972/1894 3897/3897/2368
f 3897/3897/2368 3898/3898/2369 3971/3971/2428
f 3972/3972/1894 3973/3973/1895 3896/3896/2367
f 3896/3896/2367 3897/3897/2368 3972/3972/1894
f 3973/3973/1895 3974/3974/2429 3895/3895/2366
f 3895/3895/2366 3896/3896/2367 3973/3973/1895
f 3974/3974/2429 3975/3975/2430 3894/3894/2365
f 3894/3894/2365 3895/3895/2366 3974/3974/2429
f 3975/3975/2430 3976/3976/2431 3893/3893/2364
f 3893/3893/2364 3894/3894/2365 3975/3975/2430
f 3976/3976/2431 3977/3977/2432 3892/3892/2363
f 3892/3892/2363 3893/3893/2364 3976/3976/2431
f 3977/3977/2432 3978/3978/1980 3891/3891/2362
f 3891/3891/2362 3892/3892/2363 3977/3977/2432
f 3978/3978/1980 3979/3979/1981 3890/3890/2361
f 3890/3890/2361 3891/3891/2362 3978/3978/1980
f 3979/3979/1981 3980/3980/2433 3889/3889/2360
f 3889/3889/2360 3890/3890/2361 3979/3979/1981
f 3980/3980/2433 3981/3981/2434 3888/3888/2359
f 3888/3888/2359 3889/3889/2360 3980/3980/2433
f 3981/3981/2434 3982/3982/2435 3887/3887/2358
f 3887/3887/2358 3888/3888/2359 3981/3981/2434
f 3982/3982/2435 3983/3983/2436 3886/3886/2357
f 3886/3886/2357 3887/3887/2358 3982/3982/2435
f 3983/3983/2436 3984/3984/1906 3885/3885/2356
f 3885/3885/2356 3886/3886/2357 3983/3983/2436
f 3984/3984/1906 3985/3985/2437 3884/3884/2355
f 3884/3884/2355 3885/3885/2356 3984/3984/1906
f 3985/3985/2437 3986/3986/2438 3883/3883/2354
f 3883/3883/2354 3884/3884/2355 3985/3985/2437
f 3986/3986/2438 3987/3987/2439 3882/3882/2353
f 3882/3882/2353 3883/3883/2354 3986/3986/2438
f 3987/3987/2439 3988/3988/1910 3881/3881/2352
f 3881/3881/2352 3882/3882/2353 3987/3987/2439
f 3988/3988/1910 3989/3989/2440 3880/3880/2351
f 3880/3880/2351 3881/3881/2352 3988/3988/1910
f 3989/3989/2440 3990/3990/2441 3878/3878/2349
f 3878/3878/2349 3880/3880/2351 3989/3989/2440
f 3990/3990/2441 3991/3991/2442 3877/3876/2347
f 3877/3876/2347 3878/3878/2349 3990/3990/2441
f 3991/3991/2442 3992/3992/2443 3876/3877/2348
f 3876/3877/2348 3877/3876/2347 3991/3991/2442
f 3992/3992/2443 3993/3993/2444 3909/3909/2380
f 3909/3909/2380 3876/3877/2348 3992/3992/2443
f 3993/3993/2444 3994/3994/1916 3911/3911/2382
f 3911/3911/2382 3909/3909/2380 3993/3993/2444
f 3994/3994/1916 3995/3995/2445 3914/3914/2384
f 3914/3914/2384 3911/3911/2382 3994/3994/1916
f 3995/3995/2445 3996/3996/2446 3916/3916/2386
f 3916/3916/2386 3914/3914/2384 3995/3995/2445
f 3996/3996/2446 3997/3997/2447 3918/3918/2388
f 3918/3918/2388 3916/3916/2386 3996/3996/2446
f 3997/3997/2447 3998/3998/1998 3920/3920/2390
f 3920/3920/2390 3918/3918/2388 3997/3997/2447
f 3998/3998/1998 3999/3999/1999 3922/3922/2392
f 3922/3922/2392 3920/3920/2390 3998/3998/1998
f 3999/3999/1999 4000/4000/1922 3924/3924/2394
f 3924/3924/2394 3922/3922/2392 3999/3999/1999
f 4000/4000/1922 4001/4001/2448 3879/3879/2350
f 3879/3879/2350 3924/3924/2394 4000/4000/1922
f 4001/4001/2448 3938/3937/2407 3550/3547/2022
f 3550/3547/2022 3879/3879/2350 4001/4001/2448
f 4002/4002/931 3558/3558/2033 3557/3557/2032
f 4002/4002/931 3557/3557/2032 3563/3563/2038
f 4002/4002/931 3563/3563/2038 3568/3568/2043
f 4002/4002/931 3568/3568/2043 3573/3573/2048
f 4002/4002/931 3583/3583/2054 3582/3582/2053
f 4002/4002/931 3582/3582/2053 3588/3588/2059
f 4002/4002/931 3588/3588/2059 3593/3593/2064
f 4002/4002/931 3593/3593/2064 3598/3598/2069
f 4002/4002/931 3598/3598/2069 3603/3603/2074
f 4002/4002/931 3603/3603/2074 3608/3608/2079
f 4002/4002/931 3608/3608/2079 3613/3613/2084
f 4002/4002/931 3613/3613/2084 3618/3618/2089
f 4002/4002/931 3618/3618/2089 3623/3623/2094
f 4002/4002/931 3623/3623/2094 3628/3628/2099
f 4002/4002/931 3628/3628/2099 3633/3633/2104
f 4002/4002/931 3633/3633/2104 3638/3638/2109
f 4002/4002/931 3638/3638/2109 3643/3643/2114
f 4002/4002/931 3643/3643/2114 3648/3648/2119
f 4002/4002/931 3648/3648/2119 3653/3653/2124
f 4002/4002/931 3653/3653/2124 3658/3658/2129
f 4002/4002/931 3658/3658/2129 3663/3663/2134
f 4002/4002/931 3663/3663/2134 3668/3668/2139
f 4002/4002/931 3668/3668/2139 3673/3673/2144
f 4002/4002/931 3673/3673/2144 3678/3678/2149
f 4002/4002/931 3678/3678/2149 3683/3683/2154
f 4002/4002/931 3683/3683/2154 3688/3688/2159
f 4002/4002/931 3688/3688/2159 3693/3693/2164
f 4002/4002/931 3693/3693/2164 3698/3698/2169
f 4002/4002/931 3698/3698/2169 3703/3703/2174
f 4002/4002/931 3703/3703/2174 3708/3708/2179
f 4002/4002/931 3708/3708/2179 3713/3713/2184
f 4002/4002/931 3713/3713/2184 3718/3718/2189
f 4002/4002/931 3718/3718/2189 3723/3723/2194
f 4002/4002/931 3723/3723/2194 3728/3728/2199
f 4002/4002/931 3728/3728/2199 3733/3733/2204
f 4002/4002/931 3733/3733/2204 3738/3738/2209
f 4002/4002/931 3738/3738/2209 3743/3743/2214
f 4002/4002/931 3743/3743/2214 3748/3748/2219
f 4002/4002/931 3748/3748/2219 3753/3753/2224
f 4002/4002/931 3753/3753/2224 3758/3758/2229
f 4002/4002/931 3758/3758/2229 3763/3763/2234
f 4002/4002/931 3763/3763/2234 3768/3768/2239
f 4002/4002/931 3768/3768/2239 3773/3773/2244
f 4002/4002/931 3773/3773/2244 3778/3778/2249
f 4002/4002/931 3778/3778/2249 3783/3783/2254
f 4002/4002/931 3783/3783/2254 3788/3788/2259
f 4002/4002/931 3788/3788/2259 3793/3793/2264
f 4002/4002/931 3793/3793/2264 3798/3798/2269
f 4002/4002/931 3798/3798/2269 3803/3803/2274
f 4002/4002/931 3803/3803/2274 3808/3808/2279
f 4002/4002/931 3808/3808/2279 3813/3813/2284
f 4002/4002/931 3813/3813/2284 3818/3818/2289
f 4002/4002/931 3818/3818/2289 3823/3823/2294
f 4002/4002/931 3823/3823/2294 3828/3828/2299
f 4002/4002/931 3828/3828/2299 3833/3833/2304
f 4002/4002/931 3833/3833/2304 3838/3838/2309
f 4002/4002/931 3838/3838/2309 3843/3843/2314
f 4002/4002/931 3843/3843/2314 3848/3848/2319
f 4002/4002/931 3848/3848/2319 3853/3853/2324
f 4002/4002/931 3853/3853/2324 3858/3858/2329
f 4002/4002/931 3858/3858/2329 3863/3863/2334
f 4002/4002/931 3863/3863/2334 3868/3868/2339
f 4002/4002/931 3868/3868/2339 3873/3873/2344
f 4002/4002/931 3873/3873/2344 3558/3558/2033
f 4006/3547/2449 4003/3548/2450 4004/3549/2451
f 4004/3549/2451 4005/3550/2452 4006/3547/2449
f 4005/3550/2452 4004/3549/2451 4007/3551/2453
f 4007/3551/2453 4008/3552/2454 4005/3550/2452
f 4008/3552/2454 4007/3551/2453 4009/3553/2455
f 4009/3553/2455 4010/3554/2456 4008/3552/2454
f 4010/3554/2456 4009/3553/2455 4011/3555/2457
f 4011/3555/2457 4012/3556/2458 4010/3554/2456
f 4012/3556/2458 4011/3555/2457 4013/3557/2459
f 4013/3557/2459 4014/3558/2460 4012/3556/2458
f 4004/3549/2451 4015/3559/2461 4016/3560/2462
f 4016/3560/2462 4007/3551/2453 4004/3549/2451
f 4007/3551/2453 4016/3560/2462 4017/3561/2463
f 4017/3561/2463 4009/3553/2455 4007/3551/2453
f 4009/3553/2455 4017/3561/2463 4018/3562/2464
f 4018/3562/2464 4011/3555/2457 4009/3553/2455
f 4011/3555/2457 4018/3562/2464 4019/3563/2465
f 4019/3563/2465 4013/3557/2459 4011/3555/2457
f 4015/3559/2461 4020/3564/2466 4021/3565/2467
f 4021/3565/2467 4016/3560/2462 4015/3559/2461
f 4016/3560/2462 4021/3565/2467 4022/3566/2468
f 4022/3566/2468 4017/3561/2463 4016/3560/2462
f 4017/3561/2463 4022/3566/2468 4023/3567/2469
f 4023/3567/2469 4018/3562/2464 4017/3561/2463
f 4018/3562/2464 4023/3567/2469 4024/3568/2470
f 4024/3568/2470 4019/3563/2465 4018/3562/2464
f 4020/3564/2466 4025/3569/2471 4026/3570/2472
f 4026/3570/2472 4021/3565/2467 4020/3564/2466
f 4021/3565/2467 4026/3570/2472 4027/3571/2473
f 4027/3571/2473 4022/3566/2468 4021/3565/2467
f 4022/3566/2468 4027/3571/2473 4028/3572/2474
f 4028/3572/2474 4023/3567/2469 4022/3566/2468
f 4023/3567/2469 4028/3572/2474 4029/3573/2475
f 4029/3573/2475 4024/3568/2470 4023/3567/2469
f 4033/3574/2471 4030/3575/2476 4031/3576/2477
f 4031/3576/2477 4032/3577/2472 4033/3574/2471
f 4032/3577/2472 4031/3576/2477 4034/3578/2478
f 4034/3578/2478 4035/3579/2473 4032/3577/2472
f 4035/3579/2473 4034/3578/2478 4036/3580/2479
f 4036/3580/2479 4037/3581/2474 4035/3579/2473
f 4037/3581/2474 4036/3580/2479 4038/3582/2480
f 4038/3582/2480 4039/3583/2481 4037/3581/2474
f 4030/3575/2476 4040/3584/2482 4041/3585/2483
f 4041/3585/2483 4031/3576/2477 4030/3575/2476
f 4031/3576/2477 4041/3585/2483 4042/3586/2484
f 4042/3586/2484 4034/3578/2478 4031/3576/2477
f 4034/3578/2478 4042/3586/2484 4043/3587/2485
f 4043/3587/2485 4036/3580/2479 4034/3578/2478
f 4036/3580/2479 4043/3587/2485 4044/3588/2486
f 4044/3588/2486 4038/3582/2480 4036/3580/2479
f 4040/3584/2482 4045/3589/2487 4046/3590/2488
f 4046/3590/2488 4041/3585/2483 4040/3584/2482
f 4041/3585/2483 4046/3590/2488 4047/3591/2489
f 4047/3591/2489 4042/3586/2484 4041/3585/2483
f 4042/3586/2484 4047/3591/2489 4048/3592/2490
f 4048/3592/2490 4043/3587/2485 4042/3586/2484
f 4043/3587/2485 4048/3592/2490 4049/3593/2491
f 4049/3593/2491 4044/3588/2486 4043/3587/2485
f 4045/3589/2487 4050/3594/2492 4051/3595/2493
f 4051/3595/2493 4046/3590/2488 4045/3589/2487
f 4046/3590/2488 4051/3595/2493 4052/3596/2494
f 4052/3596/2494 4047/3591/2489 4046/3590/2488
f 4047/3591/2489 4052/3596/2494 4053/3597/2495
f 4053/3597/2495 4048/3592/2490 4047/3591/2489
f 4048/3592/2490 4053/3597/2495 4054/3598/2496
f 4054/3598/2496 4049/3593/2491 4048/3592/2490
f 4050/3594/2492 4055/3599/2497 4056/3600/2498
f 4056/3600/2498 4051/3595/2493 4050/3594/2492
f 4051/3595/2493 4056/3600/2498 4057/3601/2499
f 4057/3601/2499 4052/3596/2494 4051/3595/2493
f 4052/3596/2494 4057/3601/2499 4058/3602/2500
f 4058/3602/2500 4053/3597/2495 4052/3596/2494
f 4053/3597/2495 4058/3602/2500 4059/3603/2501
f 4059/3603/2501 4054/3598/2496 4053/3597/2495
f 4055/3599/2497 4060/3604/2502 4061/3605/2503
f 4061/3605/2503 4056/3600/2498 4055/3599/2497
f 4056/3600/2498 4061/3605/2503 4062/3606/2504
f 4062/3606/2504 4057/3601/2499 4056/3600/2498
f 4057/3601/2499 4062/3606/2504 4063/3607/2505
f 4063/3607/2505 4058/3602/2500 4057/3601/2499
f 4058/3602/2500 4063/3607/2505 4064/3608/2506
f 4064/3608/2506 4059/3603/2501 4058/3602/2500
f 4060/3604/2502 4065/3609/2507 4066/3610/2508
f 4066/3610/2508 4061/3605/2503 4060/3604/2502
f 4061/3605/2503 4066/3610/2508 4067/3611/2509
f 4067/3611/2509 4062/3606/2504 4061/3605/2503
f 4062/3606/2504 4067/3611/2509 4068/3612/2510
f 4068/3612/2510 4063/3607/2505 4062/3606/2504
f 4063/3607/2505 4068/3612/2510 4069/3613/2511
f 4069/3613/2511 4064/3608/2506 4063/3607/2505
f 4065/3609/2507 4070/3614/2512 4071/3615/2513
f 4071/3615/2513 4066/3610/2508 4065/3609/2507
f 4066/3610/2508 4071/3615/2513 4072/3616/2514
f 4072/3616/2514 4067/3611/2509 4066/3610/2508
f 4067/3611/2509 4072/3616/2514 4073/3617/2515
f 4073/3617/2515 4068/3612/2510 4067/3611/2509
f 4068/3612/2510 4073/3617/2515 4074/3618/2516
f 4074/3618/2516 4069/3613/2511 4068/3612/2510
f 4070/3614/2512 4075/3619/2517 4076/3620/2518
f 4076/3620/2518 4071/3615/2513 4070/3614/2512
f 4071/3615/2513 4076/3620/2518 4077/3621/2519
f 4077/3621/2519 4072/3616/2514 4071/3615/2513
f 4072/3616/2514 4077/3621/2519 4078/3622/2520
f 4078/3622/2520 4073/3617/2515 4072/3616/2514
f 4073/3617/2515 4078/3622/2520 4079/3623/2521
f 4079/3623/2521 4074/3618/2516 4073/3617/2515
f 4075/3619/2517 4080/3624/2522 4081/3625/2523
f 4081/3625/2523 4076/3620/2518 4075/3619/2517
f 4076/3620/2518 4081/3625/2523 4082/3626/2524
f 4082/3626/2524 4077/3621/2519 4076/3620/2518
f 4077/3621/2519 4082/3626/2524 4083/3627/2525
f 4083/3627/2525 4078/3622/2520 4077/3621/2519
f 4078/3622/2520 4083/3627/2525 4084/3628/2526
f 4084/3628/2526 4079/3623/2521 4078/3622/2520
f 4080/3624/2522 4085/3629/2527 4086/3630/2528
f 4086/3630/2528 4081/3625/2523 4080/3624/2522
f 4081/3625/2523 4086/3630/2528 4087/3631/2529
f 4087/3631/2529 4082/3626/2524 4081/3625/2523
f 4082/3626/2524 4087/3631/2529 4088/3632/2530
f 4088/3632/2530 4083/3627/2525 4082/3626/2524
f 4083/3627/2525 4088/3632/2530 4089/3633/2531
f 4089/3633/2531 4084/3628/2526 4083/3627/2525
f 4085/3629/2527 4090/3634/2532 4091/3635/2533
f 4091/3635/2533 4086/3630/2528 4085/3629/2527
f 4086/3630/2528 4091/3635/2533 4092/3636/2534
f 4092/3636/2534 4087/3631/2529 4086/3630/2528
f 4087/3631/2529 4092/3636/2534 4093/3637/2535
f 4093/3637/2535 4088/3632/2530 4087/3631/2529
f 4088/3632/2530 4093/3637/2535 4094/3638/2536
f 4094/3638/2536 4089/3633/2531 4088/3632/2530
f 4090/3634/2532 4095/3639/2537 4096/3640/2538
f 4096/3640/2538 4091/3635/2533 4090/3634/2532
f 4091/3635/2533 4096/3640/2538 4097/3641/2539
f 4097/3641/2539 4092/3636/2534 4091/3635/2533
f 4092/3636/2534 4097/3641/2539 4098/3642/2540
f 4098/3642/2540 4093/3637/2535 4092/3636/2534
f 4093/3637/2535 4098/3642/2540 4099/3643/2541
f 4099/3643/2541 4094/3638/2536 4093/3637/2535
f 4095/3639/2537 4100/3644/2542 4101/3645/2543
f 4101/3645/2543 4096/3640/2538 4095/3639/2537
f 4096/3640/2538 4101/3645/2543 4102/3646/2544
f 4102/3646/2544 4097/3641/2539 4096/3640/2538
f 4097/3641/2539 4102/3646/2544 4103/3647/2545
f 4103/3647/2545 4098/3642/2540 4097/3641/2539
f 4098/3642/2540 4103/3647/2545 4104/3648/2546
f 4104/3648/2546 4099/3643/2541 4098/3642/2540
f 4100/3644/2542 4105/3649/2547 4106/3650/2548
f 4106/3650/2548 4101/3645/2543 4100/3644/2542
f 4101/3645/2543 4106/3650/2548 4107/3651/2549
f 4107/3651/2549 4102/3646/2544 4101/3645/2543
f 4102/3646/2544 4107/3651/2549 4108/3652/2550
f 4108/3652/2550 4103/3647/2545 4102/3646/2544
f 4103/3647/2545 4108/3652/2550 4109/3653/2551
f 4109/3653/2551 4104/3648/2546 4103/3647/2545
f 4105/3649/2547 4110/3654/2552 4111/3655/2553
f 4111/3655/2553 4106/3650/2548 4105/3649/2547
f 4106/3650/2548 4111/3655/2553 4112/3656/2554
f 4112/3656/2554 4107/3651/2549 4106/3650/2548
f 4107/3651/2549 4112/3656/2554 4113/3657/2555
f 4113/3657/2555 4108/3652/2550 4107/3651/2549
f 4108/3652/2550 4113/3657/2555 4114/3658/2556
f 4114/3658/2556 4109/3653/2551 4108/3652/2550
f 4110/3654/2552 4115/3659/2557 4116/3660/2558
f 4116/3660/2558 4111/3655/2553 4110/3654/2552
f 4111/3655/2553 4116/3660/2558 4117/3661/2559
f 4117/3661/2559 4112/3656/2554 4111/3655/2553
f 4112/3656/2554 4117/3661/2559 4118/3662/2560
f 4118/3662/2560 4113/3657/2555 4112/3656/2554
f 4113/3657/2555 4118/3662/2560 4119/3663/2561
f 4119/3663/2561 4114/3658/2556 4113/3657/2555
f 4115/3659/2557 4120/3664/2562 4121/3665/2563
f 4121/3665/2563 4116/3660/2558 4115/3659/2557
f 4116/3660/2558 4121/3665/2563 4122/3666/2564
f 4122/3666/2564 4117/3661/2559 4116/3660/2558
f 4117/3661/2559 4122/3666/2564 4123/3667/2565
f 4123/3667/2565 4118/3662/2560 4117/3661/2559
f 4118/3662/2560 4123/3667/2565 4124/3668/2566
f 4124/3668/2566 4119/3663/2561 4118/3662/2560
f 4120/3664/2562 4125/3669/2567 4126/3670/2568
f 4126/3670/2568 4121/3665/2563 4120/3664/2562
f 4121/3665/2563 4126/3670/2568 4127/3671/2569
f 4127/3671/2569 4122/3666/2564 4121/3665/2563
f 4122/3666/2564 4127/3671/2569 4128/3672/2570
f 4128/3672/2570 4123/3667/2565 4122/3666/2564
f 4123/3667/2565 4128/3672/2570 4129/3673/2571
f 4129/3673/2571 4124/3668/2566 4123/3667/2565
f 4125/3669/2567 4130/3674/2572 4131/3675/2573
f 4131/3675/2573 4126/3670/2568 4125/3669/2567
f 4126/3670/2568 4131/3675/2573 4132/3676/2574
f 4132/3676/2574 4127/3671/2569 4126/3670/2568
f 4127/3671/2569 4132/3676/2574 4133/3677/2575
f 4133/3677/2575 4128/3672/2570 4127/3671/2569
f 4128/3672/2570 4133/3677/2575 4134/3678/2576
f 4134/3678/2576 4129/3673/2571 4128/3672/2570
f 4130/3674/2572 4135/3679/2577 4136/3680/2578
f 4136/3680/2578 4131/3675/2573 4130/3674/2572
f 4131/3675/2573 4136/3680/2578 4137/3681/2579
f 4137/3681/2579 4132/3676/2574 4131/3675/2573
f 4132/3676/2574 4137/3681/2579 4138/3682/2580
f 4138/3682/2580 4133/3677/2575 4132/3676/2574
f 4133/3677/2575 4138/3682/2580 4139/3683/2581
f 4139/3683/2581 4134/3678/2576 4133/3677/2575
f 4135/3679/2577 4140/3684/2582 4141/3685/2583
f 4141/3685/2583 4136/3680/2578 4135/3679/2577
f 4136/3680/2578 4141/3685/2583 4142/3686/2584
f 4142/3686/2584 4137/3681/2579 4136/3680/2578
f 4137/3681/2579 4142/3686/2584 4143/3687/2585
f 4143/3687/2585 4138/3682/2580 4137/3681/2579
f 4138/3682/2580 4143/3687/2585 4144/3688/2586
f 4144/3688/2586 4139/3683/2581 4138/3682/2580
f 4140/3684/2582 4145/3689/2587 4146/3690/2588
f 4146/3690/2588 4141/3685/2583 4140/3684/2582
f 4141/3685/2583 4146/3690/2588 4147/3691/2589
f 4147/3691/2589 4142/3686/2584 4141/3685/2583
f 4142/3686/2584 4147/3691/2589 4148/3692/2590
f 4148/3692/2590 4143/3687/2585 4142/3686/2584
f 4143/3687/2585 4148/3692/2590 4149/3693/2591
f 4149/3693/2591 4144/3688/2586 4143/3687/2585
f 4145/3689/2587 4150/3694/2592 4151/3695/2593
f 4151/3695/2593 4146/3690/2588 4145/3689/2587
f 4146/3690/2588 4151/3695/2593 4152/3696/2594
f 4152/3696/2594 4147/3691/2589 4146/3690/2588
f 4147/3691/2589 4152/3696/2594 4153/3697/2595
f 4153/3697/2595 4148/3692/2590 4147/3691/2589
f 4148/3692/2590 4153/3697/2595 4154/3698/2596
f 4154/3698/2596 4149/3693/2591 4148/3692/2590
f 4150/3694/2592 4155/3699/2597 4156/3700/2598
f 4156/3700/2598 4151/3695/2593 4150/3694/2592
f 4151/3695/2593 4156/3700/2598 4157/3701/2599
f 4157/3701/2599 4152/3696/2594 4151/3695/2593
f 4152/3696/2594 4157/3701/2599 4158/3702/2600
f 4158/3702/2600 4153/3697/2595 4152/3696/2594
f 4153/3697/2595 4158/3702/2600 4159/3703/2601
f 4159/3703/2601 4154/3698/2596 4153/3697/2595
f 4155/3699/2597 4160/3704/2602 4161/3705/2603
f 4161/3705/2603 4156/3700/2598 4155/3699/2597
f 4156/3700/2598 4161/3705/2603 4162/3706/2604
f 4162/3706/2604 4157/3701/2599 4156/3700/2598
f 4157/3701/2599 4162/3706/2604 4163/3707/2605
f 4163/3707/2605 4158/3702/2600 4157/3701/2599
f 4158/3702/2600 4163/3707/2605 4164/3708/2606
f 4164/3708/2606 4159/3703/2601 4158/3702/2600
f 4160/3704/2602 4165/3709/2607 4166/3710/2608
f 4166/3710/2608 4161/3705/2603 4160/3704/2602
f 4161/3705/2603 4166/3710/2608 4167/3711/2609
f 4167/3711/2609 4162/3706/2604 4161/3705/2603
f 4162/3706/2604 4167/3711/2609 4168/3712/2610
f 4168/3712/2610 4163/3707/2605 4162/3706/2604
f 4163/3707/2605 4168/3712/2610 4169/3713/2611
f 4169/3713/2611 4164/3708/2606 4163/3707/2605
f 4165/3709/2607 4170/3714/2612 4171/3715/2613
f 4171/3715/2613 4166/3710/2608 4165/3709/2607
f 4166/3710/2608 4171/3715/2613 4172/3716/2614
f 4172/3716/2614 4167/3711/2609 4166/3710/2608
f 4167/3711/2609 4172/3716/2614 4173/3717/2615
f 4173/3717/2615 4168/3712/2610 4167/3711/2609
f 4168/3712/2610 4173/3717/2615 4174/3718/2616
f 4174/3718/2616 4169/3713/2611 4168/3712/2610
f 4170/3714/2612 4175/3719/2617 4176/3720/2618
f 4176/3720/2618 4171/3715/2613 4170/3714/2612
f 4171/3715/2613 4176/3720/2618 4177/3721/2619
f 4177/3721/2619 4172/3716/2614 4171/3715/2613
f 4172/3716/2614 4177/3721/2619 4178/3722/2620
f 4178/3722/2620 4173/3717/2615 4172/3716/2614
f 4173/3717/2615 4178/3722/2620 4179/3723/2621
f 4179/3723/2621 4174/3718/2616 4173/3717/2615
f 4175/3719/2617 4180/3724/2622 4181/3725/2623
f 4181/3725/2623 4176/3720/2618 4175/3719/2617
f 4176/3720/2618 4181/3725/2623 4182/3726/2624
f 4182/3726/2624 4177/3721/2619 4176/3720/2618
f 4177/3721/2619 4182/3726/2624 4183/3727/2625
f 4183/3727/2625 4178/3722/2620 4177/3721/2619
f 4178/3722/2620 4183/3727/2625 4184/3728/2626
f 4184/3728/2626 4179/3723/2621 4178/3722/2620
f 4180/3724/2622 4185/3729/2627 4186/3730/2628
f 4186/3730/2628 4181/3725/2623 4180/3724/2622
f 4181/3725/2623 4186/3730/2628 4187/3731/2629
f 4187/3731/2629 4182/3726/2624 4181/3725/2623
f 4182/3726/2624 4187/3731/2629 4188/3732/2630
f 4188/3732/2630 4183/3727/2625 4182/3726/2624
f 4183/3727/2625 4188/3732/2630 4189/3733/2631
f 4189/3733/2631 4184/3728/2626 4183/3727/2625
f 4185/3729/2627 4190/3734/2632 4191/3735/2633
f 4191/3735/2633 4186/3730/2628 4185/3729/2627
f 4186/3730/2628 4191/3735/2633 4192/3736/2634
f 4192/3736/2634 4187/3731/2629 4186/3730/2628
f 4187/3731/2629 4192/3736/2634 4193/3737/2635
f 4193/3737/2635 4188/3732/2630 4187/3731/2629
f 4188/3732/2630 4193/3737/2635 4194/3738/2636
f 4194/3738/2636 4189/3733/2631 4188/3732/2630
f 4190/3734/2632 4195/3739/2637 4196/3740/2638
f 4196/3740/2638 4191/3735/2633 4190/3734/2632
f 4191/3735/2633 4196/3740/2638 4197/3741/2639
f 4197/3741/2639 4192/3736/2634 4191/3735/2633
f 4192/3736/2634 4197/3741/2639 4198/3742/2640
f 4198/3742/2640 4193/3737/2635 4192/3736/2634
f 4193/3737/2635 4198/3742/2640 4199/3743/2641
f 4199/3743/2641 4194/3738/2636 4193/3737/2635
f 4195/3739/2637 4200/3744/2642 4201/3745/2643
f 4201/3745/2643 4196/3740/2638 4195/3739/2637
f 4196/3740/2638 4201/3745/2643 4202/3746/2644
f 4202/3746/2644 4197/3741/2639 4196/3740/2638
f 4197/3741/2639 4202/3746/2644 4203/3747/2645
f 4203/3747/2645 4198/3742/2640 4197/3741/2639
f 4198/3742/2640 4203/3747/2645 4204/3748/2646
f 4204/3748/2646 4199/3743/2641 4198/3742/2640
f 4200/3744/2642 4205/3749/2647 4206/3750/2648
f 4206/3750/2648 4201/3745/2643 4200/3744/2642
f 4201/3745/2643 4206/3750/2648 4207/3751/2649
f 4207/3751/2649 4202/3746/2644 4201/3745/2643
f 4202/3746/2644 4207/3751/2649 4208/3752/2650
f 4208/3752/2650 4203/3747/2645 4202/3746/2644
f 4203/3747/2645 4208/3752/2650 4209/3753/2651
f 4209/3753/2651 4204/3748/2646 4203/3747/2645
f 4205/3749/2647 4210/3754/2652 4211/3755/2653
f 4211/3755/2653 4206/3750/2648 4205/3749/2647
f 4206/3750/2648 4211/3755/2653 4212/3756/2654
f 4212/3756/2654 4207/3751/2649 4206/3750/2648
f 4207/3751/2649 4212/3756/2654 4213/3757/2655
f 4213/3757/2655 4208/3752/2650 4207/3751/2649
f 4208/3752/2650 4213/3757/2655 4214/3758/2656
f 4214/3758/2656 4209/3753/2651 4208/3752/2650
f 4210/3754/2652 4215/3759/2657 4216/3760/2658
f 4216/3760/2658 4211/3755/2653 4210/3754/2652
f 4211/3755/2653 4216/3760/2658 4217/3761/2659
f 4217/3761/2659 4212/3756/2654 4211/3755/2653
f 4212/3756/2654 4217/3761/2659 4218/3762/2660
f 4218/3762/2660 4213/3757/2655 4212/3756/2654
f 4213/3757/2655 4218/3762/2660 4219/3763/2661
f 4219/3763/2661 4214/3758/2656 4213/3757/2655
f 4215/3759/2657 4220/3764/2662 4221/3765/2663
f 4221/3765/2663 4216/3760/2658 4215/3759/2657
f 4216/3760/2658 4221/3765/2663 4222/3766/2664
f 4222/3766/2664 4217/3761/2659 4216/3760/2658
f 4217/3761/2659 4222/3766/2664 4223/3767/2665
f 4223/3767/2665 4218/3762/2660 4217/3761/2659
f 4218/3762/2660 4223/3767/2665 4224/3768/2666
f 4224/3768/2666 4219/3763/2661 4218/3762/2660
f 4220/3764/2662 4225/3769/2667 4226/3770/2668
f 4226/3770/2668 4221/3765/2663 4220/3764/2662
f 4221/3765/2663 4226/3770/2668 4227/3771/2669
f 4227/3771/2669 4222/3766/2664 4221/3765/2663
f 4222/3766/2664 4227/3771/2669 4228/3772/2670
f 4228/3772/2670 4223/3767/2665 4222/3766/2664
f 4223/3767/2665 4228/3772/2670 4229/3773/2671
f 4229/3773/2671 4224/3768/2666 4223/3767/2665
f 4225/3769/2667 4230/3774/2672 4231/3775/2673
f 4231/3775/2673 4226/3770/2668 4225/3769/2667
f 4226/3770/2668 4231/3775/2673 4232/3776/2674
f 4232/3776/2674 4227/3771/2669 4226/3770/2668
f 4227/3771/2669 4232/3776/2674 4233/3777/2675
f 4233/3777/2675 4228/3772/2670 4227/3771/2669
f 4228/3772/2670 4233/3777/2675 4234/3778/2676
f 4234/3778/2676 4229/3773/2671 4228/3772/2670
f 4230/3774/2672 4235/3779/2677 4236/3780/2678
f 4236/3780/2678 4231/3775/2673 4230/3774/2672
f 4231/3775/2673 4236/3780/2678 4237/3781/2679
f 4237/3781/2679 4232/3776/2674 4231/3775/2673
f 4232/3776/2674 4237/3781/2679 4238/3782/2680
f 4238/3782/2680 4233/3777/2675 4232/3776/2674
f 4233/3777/2675 4238/3782/2680 4239/3783/2681
f 4239/3783/2681 4234/3778/2676 4233/3777/2675
f 4235/3779/2677 4240/3784/2682 4241/3785/2683
f 4241/3785/2683 4236/3780/2678 4235/3779/2677
f 4236/3780/2678 4241/3785/2683 4242/3786/2684
f 4242/3786/2684 4237/3781/2679 4236/3780/2678
f 4237/3781/2679 4242/3786/2684 4243/3787/2685
f 4243/3787/2685 4238/3782/2680 4237/3781/2679
f 4238/3782/2680 4243/3787/2685 4244/3788/2686
f 4244/3788/2686 4239/3783/2681 4238/3782/2680
f 4240/3784/2682 4245/3789/2687 4246/3790/2688
f 4246/3790/2688 4241/3785/2683 4240/3784/2682
f 4241/3785/2683 4246/3790/2688 4247/3791/2689
f 4247/3791/2689 4242/3786/2684 4241/3785/2683
f 4242/3786/2684 4247/3791/2689 4248/3792/2690
f 4248/3792/2690 4243/3787/2685 4242/3786/2684
f 4243/3787/2685 4248/3792/2690 4249/3793/2691
f 4249/3793/2691 4244/3788/2686 4243/3787/2685
f 4245/3789/2687 4250/3794/2692 4251/3795/2693
f 4251/3795/2693 4246/3790/2688 4245/3789/2687
f 4246/3790/2688 4251/3795/2693 4252/3796/2694
f 4252/3796/2694 4247/3791/2689 4246/3790/2688
f 4247/3791/2689 4252/3796/2694 4253/3797/2695
f 4253/3797/2695 4248/3792/2690 4247/3791/2689
f 4248/3792/2690 4253/3797/2695 4254/3798/2696
f 4254/3798/2696 4249/3793/2691 4248/3792/2690
f 4250/3794/2692 4255/3799/2697 4256/3800/2698
f 4256/3800/2698 4251/3795/2693 4250/3794/2692
f 4251/3795/2693 4256/3800/2698 4257/3801/2699
f 4257/3801/2699 4252/3796/2694 4251/3795/2693
f 4252/3796/2694 4257/3801/2699 4258/3802/2700
f 4258/3802/2700 4253/3797/2695 4252/3796/2694
f 4253/3797/2695 4258/3802/2700 4259/3803/2701
f 4259/3803/2701 4254/3798/2696 4253/3797/2695
f 4255/3799/2697 4260/3804/2702 4261/3805/2703
f 4261/3805/2703 4256/3800/2698 4255/3799/2697
f 4256/3800/2698 4261/3805/2703 4262/3806/2704
f 4262/3806/2704 4257/3801/2699 4256/3800/2698
f 4257/3801/2699 4262/3806/2704 4263/3807/2705
f 4263/3807/2705 4258/3802/2700 4257/3801/2699
f 4258/3802/2700 4263/3807/2705 4264/3808/2706
f 4264/3808/2706 4259/3803/2701 4258/3802/2700
f 4260/3804/2702 4265/3809/2707 4266/3810/2708
f 4266/3810/2708 4261/3805/2703 4260/3804/2702
f 4261/3805/2703 4266/3810/2708 4267/3811/2709
f 4267/3811/2709 4262/3806/2704 4261/3805/2703
f 4262/3806/2704 4267/3811/2709 4268/3812/2710
f 4268/3812/2710 4263/3807/2705 4262/3806/2704
f 4263/3807/2705 4268/3812/2710 4269/3813/2711
f 4269/3813/2711 4264/3808/2706 4263/3807/2705
f 4265/3809/2707 4270/3814/2712 4271/3815/2713
f 4271/3815/2713 4266/3810/2708 4265/3809/2707
f 4266/3810/2708 4271/3815/2713 4272/3816/2714
f 4272/3816/2714 4267/3811/2709 4266/3810/2708
f 4267/3811/2709 4272/3816/2714 4273/3817/2715
f 4273/3817/2715 4268/3812/2710 4267/3811/2709
f 4268/3812/2710 4273/3817/2715 4274/3818/2716
f 4274/3818/2716 4269/3813/2711 4268/3812/2710
f 4270/3814/2712 4275/3819/2717 4276/3820/2718
f 4276/3820/2718 4271/3815/2713 4270/3814/2712
f 4271/3815/2713 4276/3820/2718 4277/3821/2719
f 4277/3821/2719 4272/3816/2714 4271/3815/2713
f 4272/3816/2714 4277/3821/2719 4278/3822/2720
f 4278/3822/2720 4273/3817/2715 4272/3816/2714
f 4273/3817/2715 4278/3822/2720 4279/3823/2721
f 4279/3823/2721 4274/3818/2716 4273/3817/2715
f 4275/3819/2717 4280/3824/2722 4281/3825/2723
f 4281/3825/2723 4276/3820/2718 4275/3819/2717
f 4276/3820/2718 4281/3825/2723 4282/3826/2724
f 4282/3826/2724 4277/3821/2719 4276/3820/2718
f 4277/3821/2719 4282/3826/2724 4283/3827/2725
f 4283/3827/2725 4278/3822/2720 4277/3821/2719
f 4278/3822/2720 4283/3827/2725 4284/3828/2726
f 4284/3828/2726 4279/3823/2721 4278/3822/2720
f 4280/3824/2722 4285/3829/2727 4286/3830/2728
f 4286/3830/2728 4281/3825/2723 4280/3824/2722
f 4281/3825/2723 4286/3830/2728 4287/3831/2729
f 4287/3831/2729 4282/3826/2724 4281/3825/2723
f 4282/3826/2724 4287/3831/2729 4288/3832/2730
f 4288/3832/2730 4283/3827/2725 4282/3826/2724
f 4283/3827/2725 4288/3832/2730 4289/3833/2731
f 4289/3833/2731 4284/3828/2726 4283/3827/2725
f 4285/3829/2727 4290/3834/2732 4291/3835/2733
f 4291/3835/2733 4286/3830/2728 4285/3829/2727
f 4286/3830/2728 4291/3835/2733 4292/3836/2734
f 4292/3836/2734 4287/3831/2729 4286/3830/2728
f 4287/3831/2729 4292/3836/2734 4293/3837/2735
f 4293/3837/2735 4288/3832/2730 4287/3831/2729
f 4288/3832/2730 4293/3837/2735 4294/3838/2736
f 4294/3838/2736 4289/3833/2731 4288/3832/2730
f 4290/3834/2732 4295/3839/2737 4296/3840/2738
f 4296/3840/2738 4291/3835/2733 4290/3834/2732
f 4291/3835/2733 4296/3840/2738 4297/3841/2739
f 4297/3841/2739 4292/3836/2734 4291/3835/2733
f 4292/3836/2734 4297/3841/2739 4298/3842/2740
f 4298/3842/2740 4293/3837/2735 4292/3836/2734
f 4293/3837/2735 4298/3842/2740 4299/3843/2741
f 4299/3843/2741 4294/3838/2736 4293/3837/2735
f 4295/3839/2737 4300/3844/2742 4301/3845/2743
f 4301/3845/2743 4296/3840/2738 4295/3839/2737
f 4296/3840/2738 4301/3845/2743 4302/3846/2744
f 4302/3846/2744 4297/3841/2739 4296/3840/2738
f 4297/3841/2739 4302/3846/2744 4303/3847/2745
f 4303/3847/2745 4298/3842/2740 4297/3841/2739
f 4298/3842/2740 4303/3847/2745 4304/3848/2746
f 4304/3848/2746 4299/3843/2741 4298/3842/2740
f 4300/3844/2742 4305/3849/2747 4306/3850/2748
f 4306/3850/2748 4301/3845/2743 4300/3844/2742
f 4301/3845/2743 4306/3850/2748 4307/3851/2749
f 4307/3851/2749 4302/3846/2744 4301/3845/2743
f 4302/3846/2744 4307/3851/2749 4308/3852/2750
f 4308/3852/2750 4303/3847/2745 4302/3846/2744
f 4303/3847/2745 4308/3852/2750 4309/3853/2751
f 4309/3853/2751 4304/3848/2746 4303/3847/2745
f 4305/3849/2747 4310/3854/2752 4311/3855/2753
f 4311/3855/2753 4306/3850/2748 4305/3849/2747
f 4306/3850/2748 4311/3855/2753 4312/3856/2754
f 4312/3856/2754 4307/3851/2749 4306/3850/2748
f 4307/3851/2749 4312/3856/2754 4313/3857/2755
f 4313/3857/2755 4308/3852/2750 4307/3851/2749
f 4308/3852/2750 4313/3857/2755 4314/3858/2756
f 4314/3858/2756 4309/3853/2751 4308/3852/2750
f 4310/3854/2752 4315/3859/2757 4316/3860/2758
f 4316/3860/2758 4311/3855/2753 4310/3854/2752
f 4311/3855/2753 4316/3860/2758 4317/3861/2759
f 4317/3861/2759 4312/3856/2754 4311/3855/2753
f 4312/3856/2754 4317/3861/2759 4318/3862/2760
f 4318/3862/2760 4313/3857/2755 4312/3856/2754
f 4313/3857/2755 4318/3862/2760 4319/3863/2761
f 4319/3863/2761 4314/3858/2756 4313/3857/2755
f 4315/3859/2757 4320/3864/2762 4321/3865/2763
f 4321/3865/2763 4316/3860/2758 4315/3859/2757
f 4316/3860/2758 4321/3865/2763 4322/3866/2764
f 4322/3866/2764 4317/3861/2759 4316/3860/2758
f 4317/3861/2759 4322/3866/2764 4323/3867/2765
f 4323/3867/2765 4318/3862/2760 4317/3861/2759
f 4318/3862/2760 4323/3867/2765 4324/3868/2766
f 4324/3868/2766 4319/3863/2761 4318/3862/2760
f 4320/3864/2762 4325/3869/2767 4326/3870/2768
f 4326/3870/2768 4321/3865/2763 4320/3864/2762
f 4321/3865/2763 4326/3870/2768 4327/3871/2769
f 4327/3871/2769 4322/3866/2764 4321/3865/2763
f 4322/3866/2764 4327/3871/2769 4328/3872/2770
f 4328/3872/2770 4323/3867/2765 4322/3866/2764
f 4323/3867/2765 4328/3872/2770 4329/3873/2771
f 4329/3873/2771 4324/3868/2766 4323/3867/2765
f 4325/3869/2767 4005/3550/2452 4008/3552/2454
f 4008/3552/2454 4326/3870/2768 4325/3869/2767
f 4326/3870/2768 4008/3552/2454 4010/3554/2456
f 4010/3554/2456 4327/3871/2769 4326/3870/2768
f 4327/3871/2769 4010/3554/2456 4012/3556/2458
f 4012/3556/2458 4328/3872/2770 4327/3871/2769
f 4328/3872/2770 4012/3556/2458 4014/3558/2460
f 4014/3558/2460 4329/3873/2771 4328/3872/2770
f 4331/3874/2772 4330/3875/2773 4020/3564/2466
f 4020/3564/2466 4015/3559/2461 4331/3874/2772
f 4333/3876/2774 4332/3877/2775 4280/3824/2722
f 4280/3824/2722 4275/3819/2717 4333/3876/2774
f 4003/3548/2450 4331/3874/2772 4015/3559/2461
f 4015/3559/2461 4004/3549/2451 4003/3548/2450
f 4334/3878/2776 4333/3876/2774 4275/3819/2717
f 4275/3819/2717 4270/3814/2712 4334/3878/2776
f 4335/3879/2777 4006/3547/2449 4005/3550/2452
f 4005/3550/2452 4325/3869/2767 4335/3879/2777
f 4336/3880/2778 4334/3878/2776 4270/3814/2712
f 4270/3814/2712 4265/3809/2707 4336/3880/2778
f 4337/3881/2779 4336/3880/2778 4265/3809/2707
f 4265/3809/2707 4260/3804/2702 4337/3881/2779
f 4338/3882/2780 4337/3881/2779 4260/3804/2702
f 4260/3804/2702 4255/3799/2697 4338/3882/2780
f 4339/3883/2781 4338/3882/2780 4255/3799/2697
f 4255/3799/2697 4250/3794/2692 4339/3883/2781
f 4340/3884/2782 4339/3883/2781 4250/3794/2692
f 4250/3794/2692 4245/3789/2687 4340/3884/2782
f 4341/3885/2783 4340/3884/2782 4245/3789/2687
f 4245/3789/2687 4240/3784/2682 4341/3885/2783
f 4342/3886/2784 4341/3885/2783 4240/3784/2682
f 4240/3784/2682 4235/3779/2677 4342/3886/2784
f 4343/3887/2785 4342/3886/2784 4235/3779/2677
f 4235/3779/2677 4230/3774/2672 4343/3887/2785
f 4344/3888/2786 4343/3887/2785 4230/3774/2672
f 4230/3774/2672 4225/3769/2667 4344/3888/2786
f 4345/3889/2787 4344/3888/2786 4225/3769/2667
f 4225/3769/2667 4220/3764/2662 4345/3889/2787
f 4346/3890/2788 4345/3889/2787 4220/3764/2662
f 4220/3764/2662 4215/3759/2657 4346/3890/2788
f 4347/3891/2789 4346/3890/2788 4215/3759/2657
f 4215/3759/2657 4210/3754/2652 4347/3891/2789
f 4348/3892/2790 4347/3891/2789 4210/3754/2652
f 4210/3754/2652 4205/3749/2647 4348/3892/2790
f 4349/3893/2791 4348/3892/2790 4205/3749/2647
f 4205/3749/2647 4200/3744/2642 4349/3893/2791
f 4350/3894/2792 4349/3893/2791 4200/3744/2642
f 4200/3744/2642 4195/3739/2637 4350/3894/2792
f 4351/3895/2793 4350/3894/2792 4195/3739/2637
f 4195/3739/2637 4190/3734/2632 4351/3895/2793
f 4352/3896/2794 4351/3895/2793 4190/3734/2632
f 4190/3734/2632 4185/3729/2627 4352/3896/2794
f 4353/3897/2795 4352/3896/2794 4185/3729/2627
f 4185/3729/2627 4180/3724/2622 4353/3897/2795
f 4354/3898/2796 4353/3897/2795 4180/3724/2622
f 4180/3724/2622 4175/3719/2617 4354/3898/2796
f 4355/3899/2797 4354/3898/2796 4175/3719/2617
f 4175/3719/2617 4170/3714/2612 4355/3899/2797
f 4356/3900/2798 4355/3899/2797 4170/3714/2612
f 4170/3714/2612 4165/3709/2607 4356/3900/2798
f 4357/3901/2799 4356/3900/2798 4165/3709/2607
f 4165/3709/2607 4160/3704/2602 4357/3901/2799
f 4358/3902/2800 4357/3901/2799 4160/3704/2602
f 4160/3704/2602 4155/3699/2597 4358/3902/2800
f 4359/3903/2801 4358/3902/2800 4155/3699/2597
f 4155/3699/2597 4150/3694/2592 4359/3903/2801
f 4360/3904/2802 4359/3903/2801 4150/3694/2592
f 4150/3694/2592 4145/3689/2587 4360/3904/2802
f 4361/3905/2803 4360/3904/2802 4145/3689/2587
f 4145/3689/2587 4140/3684/2582 4361/3905/2803
f 4362/3906/2804 4361/3905/2803 4140/3684/2582
f 4140/3684/2582 4135/3679/2577 4362/3906/2804
f 4363/3907/2805 4362/3906/2804 4135/3679/2577
f 4135/3679/2577 4130/3674/2572 4363/3907/2805
f 4364/3908/2806 4363/3907/2805 4130/3674/2572
f 4130/3674/2572 4125/3669/2567 4364/3908/2806
f 4332/3877/2775 4365/3909/2807 4285/3829/2727
f 4285/3829/2727 4280/3824/2722 4332/3877/2775
f 4330/3875/2773 4366/3910/2808 4025/3569/2471
f 4025/3569/2471 4020/3564/2466 4330/3875/2773
f 4365/3909/2807 4367/3911/2809 4290/3834/2732
f 4290/3834/2732 4285/3829/2727 4365/3909/2807
f 4369/3912/2808 4368/3913/2810 4030/3575/2476
f 4030/3575/2476 4033/3574/2471 4369/3912/2808
f 4367/3911/2809 4370/3914/2811 4295/3839/2737
f 4295/3839/2737 4290/3834/2732 4367/3911/2809
f 4368/3913/2810 4371/3915/2812 4040/3584/2482
f 4040/3584/2482 4030/3575/2476 4368/3913/2810
f 4370/3914/2811 4372/3916/2813 4300/3844/2742
f 4300/3844/2742 4295/3839/2737 4370/3914/2811
f 4371/3915/2812 4373/3917/2814 4045/3589/2487
f 4045/3589/2487 4040/3584/2482 4371/3915/2812
f 4372/3916/2813 4374/3918/2815 4305/3849/2747
f 4305/3849/2747 4300/3844/2742 4372/3916/2813
f 4373/3917/2814 4375/3919/2816 4050/3594/2492
f 4050/3594/2492 4045/3589/2487 4373/3917/2814
f 4374/3918/2815 4376/3920/2817 4310/3854/2752
f 4310/3854/2752 4305/3849/2747 4374/3918/2815
f 4375/3919/2816 4377/3921/2818 4055/3599/2497
f 4055/3599/2497 4050/3594/2492 4375/3919/2816
f 4376/3920/2817 4378/3922/2819 4315/3859/2757
f 4315/3859/2757 4310/3854/2752 4376/3920/2817
f 4377/3921/2818 4379/3923/2820 4060/3604/2502
f 4060/3604/2502 4055/3599/2497 4377/3921/2818
f 4378/3922/2819 4380/3924/2821 4320/3864/2762
f 4320/3864/2762 4315/3859/2757 4378/3922/2819
f 4379/3923/2820 4381/3925/2822 4065/3609/2507
f 4065/3609/2507 4060/3604/2502 4379/3923/2820
f 4380/3924/2821 4335/3879/2777 4325/3869/2767
f 4325/3869/2767 4320/3864/2762 4380/3924/2821
f 4381/3925/2822 4382/3926/2823 4070/3614/2512
f 4070/3614/2512 4065/3609/2507 4381/3925/2822
f 4382/3926/2823 4383/3927/2824 4075/3619/2517
f 4075/3619/2517 4070/3614/2512 4382/3926/2823
f 4383/3927/2824 4384/3928/2825 4080/3624/2522
f 4080/3624/2522 4075/3619/2517 4383/3927/2824
f 4384/3928/2825 4385/3929/2826 4085/3629/2527
f 4085/3629/2527 4080/3624/2522 4384/3928/2825
f 4385/3929/2826 4386/3930/2827 4090/3634/2532
f 4090/3634/2532 4085/3629/2527 4385/3929/2826
f 4386/3930/2827 4387/3931/2828 4095/3639/2537
f 4095/3639/2537 4090/3634/2532 4386/3930/2827
f 4387/3931/2828 4388/3932/2829 4100/3644/2542
f 4100/3644/2542 4095/3639/2537 4387/3931/2828
f 4388/3932/2829 4389/3933/2830 4105/3649/2547
f 4105/3649/2547 4100/3644/2542 4388/3932/2829
f 4389/3933/2830 4390/3934/2831 4110/3654/2552
f 4110/3654/2552 4105/3649/2547 4389/3933/2830
f 4390/3934/2831 4391/3935/2832 4115/3659/2557
f 4115/3659/2557 4110/3654/2552 4390/3934/2831
f 4391/3935/2832 4392/3936/2833 4120/3664/2562
f 4120/3664/2562 4115/3659/2557 4391/3935/2832
f 4392/3936/2833 4364/3908/2806 4125/3669/2567
f 4125/3669/2567 4120/3664/2562 4392/3936/2833
f 4394/3937/2427 4393/3938/2426 4003/3548/2450
f 4003/3548/2450 4006/3547/2449 4394/3937/2427
f 4393/3938/2426 4395/3939/1890 4331/3874/2772
f 4331/3874/2772 4003/3548/2450 4393/3938/2426
f 4395/3939/1890 4396/3940/1971 4330/3875/2773
f 4330/3875/2773 4331/3874/2772 4395/3939/1890
f 4396/3940/1971 4397/3941/2425 4366/3910/2808
f 4366/3910/2808 4330/3875/2773 4396/3940/1971
f 4399/3942/2834 4398/3943/2424 4368/3913/2810
f 4368/3913/2810 4369/3912/2808 4399/3942/2834
f 4398/3943/2424 4400/3944/2423 4371/3915/2812
f 4371/3915/2812 4368/3913/2810 4398/3943/2424
f 4400/3944/2423 4401/3945/2835 4373/3917/2814
f 4373/3917/2814 4371/3915/2812 4400/3944/2423
f 4401/3945/2835 4402/3946/1884 4375/3919/2816
f 4375/3919/2816 4373/3917/2814 4401/3945/2835
f 4402/3946/1884 4403/3947/2422 4377/3921/2818
f 4377/3921/2818 4375/3919/2816 4402/3946/1884
f 4403/3947/2422 4404/3948/2421 4379/3923/2820
f 4379/3923/2820 4377/3921/2818 4403/3947/2422
f 4404/3948/2421 4405/3949/2420 4381/3925/2822
f 4381/3925/2822 4379/3923/2820 4404/3948/2421
f 4405/3949/2420 4406/3950/2419 4382/3926/2823
f 4382/3926/2823 4381/3925/2822 4405/3949/2420
f 4406/3950/2419 4407/3951/1879 4383/3927/2824
f 4383/3927/2824 4382/3926/2823 4406/3950/2419
f 4407/3951/1879 4408/3952/1878 4384/3928/2825
f 4384/3928/2825 4383/3927/2824 4407/3951/1879
f 4408/3952/1878 4409/3953/2418 4385/3929/2826
f 4385/3929/2826 4384/3928/2825 4408/3952/1878
f 4409/3953/2418 3954/3954/2417 4386/3930/2827
f 4386/3930/2827 4385/3929/2826 4409/3953/2418
f 3954/3954/2417 4410/3955/2416 4387/3931/2828
f 4387/3931/2828 4386/3930/2827 3954/3954/2417
f 4410/3955/2416 4411/3956/1874 4388/3932/2829
f 4388/3932/2829 4387/3931/2828 4410/3955/2416
f 4411/3956/1874 4412/3957/1957 4389/3933/2830
f 4389/3933/2830 4388/3932/2829 4411/3956/1874
f 4412/3957/1957 4413/3958/2415 4390/3934/2831
f 4390/3934/2831 4389/3933/2830 4412/3957/1957
f 4413/3958/2415 4414/3959/2414 4391/3935/2832
f 4391/3935/2832 4390/3934/2831 4413/3958/2415
f 4414/3959/2414 4415/3960/2413 4392/3936/2833
f 4392/3936/2833 4391/3935/2832 4414/3959/2414
f 4415/3960/2413 4416/3961/2836 4364/3908/2806
f 4364/3908/2806 4392/3936/2833 4415/3960/2413
f 4416/3961/2836 4417/3962/1952 4363/3907/2805
f 4363/3907/2805 4364/3908/2806 4416/3961/2836
f 4417/3962/1952 4418/3963/2412 4362/3906/2804
f 4362/3906/2804 4363/3907/2805 4417/3962/1952
f 4418/3963/2412 4419/3964/2411 4361/3905/2803
f 4361/3905/2803 4362/3906/2804 4418/3963/2412
f 4419/3964/2411 4420/3965/2410 4360/3904/2802
f 4360/3904/2802 4361/3905/2803 4419/3964/2411
f 4420/3965/2410 4421/3966/1864 4359/3903/2801
f 4359/3903/2801 4360/3904/2802 4420/3965/2410
f 4421/3966/1864 4422/3967/1863 4358/3902/2800
f 4358/3902/2800 4359/3903/2801 4421/3966/1864
f 4422/3967/1863 4423/3968/1862 4357/3901/2799
f 4357/3901/2799 4358/3902/2800 4422/3967/1863
f 4423/3968/1862 4424/3969/2408 4356/3900/2798
f 4356/3900/2798 4357/3901/2799 4423/3968/1862
f 4424/3969/2408 4425/3970/2407 4355/3899/2797
f 4355/3899/2797 4356/3900/2798 4424/3969/2408
f 4425/3970/2407 4426/3971/2448 4354/3898/2796
f 4354/3898/2796 4355/3899/2797 4425/3970/2407
f 4426/3971/2448 4427/3972/1922 4353/3897/2795
f 4353/3897/2795 4354/3898/2796 4426/3971/2448
f 4427/3972/1922 4428/3973/1999 4352/3896/2794
f 4352/3896/2794 4353/3897/2795 4427/3972/1922
f 4428/3973/1999 4429/3974/1998 4351/3895/2793
f 4351/3895/2793 4352/3896/2794 4428/3973/1999
f 4429/3974/1998 4430/3975/2447 4350/3894/2792
f 4350/3894/2792 4351/3895/2793 4429/3974/1998
f 4430/3975/2447 4431/3976/2446 4349/3893/2791
f 4349/3893/2791 4350/3894/2792 4430/3975/2447
f 4431/3976/2446 4432/3977/2445 4348/3892/2790
f 4348/3892/2790 4349/3893/2791 4431/3976/2446
f 4432/3977/2445 4433/3978/1916 4347/3891/2789
f 4347/3891/2789 4348/3892/2790 4432/3977/2445
f 4433/3978/1916 4434/3979/2444 4346/3890/2788
f 4346/3890/2788 4347/3891/2789 4433/3978/1916
f 4434/3979/2444 4435/3980/2443 4345/3889/2787
f 4345/3889/2787 4346/3890/2788 4434/3979/2444
f 4435/3980/2443 4436/3981/2442 4344/3888/2786
f 4344/3888/2786 4345/3889/2787 4435/3980/2443
f 4436/3981/2442 4437/3982/2441 4343/3887/2785
f 4343/3887/2785 4344/3888/2786 4436/3981/2442
f 4437/3982/2441 4438/3983/2440 4342/3886/2784
f 4342/3886/2784 4343/3887/2785 4437/3982/2441
f 4438/3983/2440 4439/3984/1910 4341/3885/2783
f 4341/3885/2783 4342/3886/2784 4438/3983/2440
f 4439/3984/1910 4440/3985/2439 4340/3884/2782
f 4340/3884/2782 4341/3885/2783 4439/3984/1910
f 4440/3985/2439 3986/3986/2438 4339/3883/2781
f 4339/3883/2781 4340/3884/2782 4440/3985/2439
f 3986/3986/2438 4441/3987/2437 4338/3882/2780
f 4338/3882/2780 4339/3883/2781 3986/3986/2438
f 4441/3987/2437 4442/3988/1906 4337/3881/2779
f 4337/3881/2779 4338/3882/2780 4441/3987/2437
f 4442/3988/1906 4443/3989/2436 4336/3880/2778
f 4336/3880/2778 4337/3881/2779 4442/3988/1906
f 4443/3989/2436 4444/3990/2435 4334/3878/2776
f 4334/3878/2776 4336/3880/2778 4443/3989/2436
f 4444/3990/2435 4445/3991/2434 4333/3876/2774
f 4333/3876/2774 4334/3878/2776 4444/3990/2435
f 4445/3991/2434 4446/3992/2433 4332/3877/2775
f 4332/3877/2775 4333/3876/2774 4445/3991/2434
f 4446/3992/2433 4447/3993/2837 4365/3909/2807
f 4365/3909/2807 4332/3877/2775 4446/3992/2433
f 4447/3993/2837 4448/3994/1980 4367/3911/2809
f 4367/3911/2809 4365/3909/2807 4447/3993/2837
f 4448/3994/1980 4449/3995/1899 4370/3914/2811
f 4370/3914/2811 4367/3911/2809 4448/3994/1980
f 4449/3995/1899 4450/3996/2431 4372/3916/2813
f 4372/3916/2813 4370/3914/2811 4449/3995/1899
f 4450/3996/2431 4451/3997/2430 4374/3918/2815
f 4374/3918/2815 4372/3916/2813 4450/3996/2431
f 4451/3997/2430 4452/3998/2429 4376/3920/2817
f 4376/3920/2817 4374/3918/2815 4451/3997/2430
f 4452/3998/2429 4453/3999/1895 4378/3922/2819
f 4378/3922/2819 4376/3920/2817 4452/3998/2429
f 4453/3999/1895 4454/4000/1894 4380/3924/2821
f 4380/3924/2821 4378/3922/2819 4453/3999/1895
f 4454/4000/1894 4455/4001/2428 4335/3879/2777
f 4335/3879/2777 4380/3924/2821 4454/4000/1894
f 4455/4001/2428 4394/3937/2427 4006/3547/2449
f 4006/3547/2449 4335/3879/2777 4455/4001/2428
f 4456/4002/1298 4014/3558/2460 4013/3557/2459
f 4456/4002/1298 4013/3557/2459 4019/3563/2465
f 4456/4002/1298 4019/3563/2465 4024/3568/2470
f 4456/4002/1298 4024/3568/2470 4029/3573/2475
f 4456/4002/1298 4039/3583/2481 4038/3582/2480
f 4456/4002/1298 4038/3582/2480 4044/3588/2486
f 4456/4002/1298 4044/3588/2486 4049/3593/2491
f 4456/4002/1298 4049/3593/2491 4054/3598/2496
f 4456/4002/1298 4054/3598/2496 4059/3603/2501
f 4456/4002/1298 4059/3603/2501 4064/3608/2506
f 4456/4002/1298 4064/3608/2506 4069/3613/2511
f 4456/4002/1298 4069/3613/2511 4074/3618/2516
f 4456/4002/1298 4074/3618/2516 4079/3623/2521
f 4456/4002/1298 4079/3623/2521 4084/3628/2526
f 4456/4002/1298 4084/3628/2526 4089/3633/2531
f 4456/4002/1298 4089/3633/2531 4094/3638/2536
f 4456/4002/1298 4094/3638/2536 4099/3643/2541
f 4456/4002/1298 4099/3643/2541 4104/3648/2546
f 4456/4002/1298 4104/3648/2546 4109/3653/2551
f 4456/4002/1298 4109/3653/2551 4114/3658/2556
f 4456/4002/1298 4114/3658/2556 4119/3663/2561
f 4456/4002/1298 4119/3663/2561 4124/3668/2566
f 4456/4002/1298 4124/3668/2566 4129/3673/2571
f 4456/4002/1298 4129/3673/2571 4134/3678/2576
f 4456/4002/1298 4134/3678/2576 4139/3683/2581
f 4456/4002/1298 4139/3683/2581 4144/3688/2586
f 4456/4002/1298 4144/3688/2586 4149/3693/2591
f 4456/4002/1298 4149/3693/2591 4154/3698/2596
f 4456/4002/1298 4154/3698/2596 4159/3703/2601
f 4456/4002/1298 4159/3703/2601 4164/3708/2606
f 4456/4002/1298 4164/3708/2606 4169/3713/2611
f 4456/4002/1298 4169/3713/2611 4174/3718/2616
f 4456/4002/1298 4174/3718/2616 4179/3723/2621
f 4456/4002/1298 4179/3723/2621 4184/3728/2626
f 4456/4002/1298 4184/3728/2626 4189/3733/2631
f 4456/4002/1298 4189/3733/2631 4194/3738/2636
f 4456/4002/1298 4194/3738/2636 4199/3743/2641
f 4456/4002/1298 4199/3743/2641 4204/3748/2646
f 4456/4002/1298 4204/3748/2646 4209/3753/2651
f 4456/4002/1298 4209/3753/2651 4214/3758/2656
f 4456/4002/1298 4214/3758/2656 4219/3763/2661
f 4456/4002/1298 4219/3763/2661 4224/3768/2666
f 4456/4002/1298 4224/3768/2666 4229/3773/2671
f 4456/4002/1298 4229/3773/2671 4234/3778/2676
f 4456/4002/1298 4234/3778/2676 4239/3783/2681
f 4456/4002/1298 4239/3783/2681 4244/3788/2686
f 4456/4002/1298 4244/3788/2686 4249/3793/2691
f 4456/4002/1298 4249/3793/2691 4254/3798/2696
f 4456/4002/1298 4254/3798/2696 4259/3803/2701
f 4456/4002/1298 4259/3803/2701 4264/3808/2706
f 4456/4002/1298 4264/3808/2706 4269/3813/2711
f 4456/4002/1298 4269/3813/2711 4274/3818/2716
f 4456/4002/1298 4274/3818/2716 4279/3823/2721
f 4456/4002/1298 4279/3823/2721 4284/3828/2726
f 4456/4002/1298 4284/3828/2726 4289/3833/2731
f 4456/4002/1298 4289/3833/2731 4294/3838/2736
f 4456/4002/1298 4294/3838/2736 4299/3843/2741
f 4456/4002/1298 4299/3843/2741 4304/3848/2746
f 4456/4002/1298 4304/3848/2746 4309/3853/2751
f 4456/4002/1298 4309/3853/2751 4314/3858/2756
f 4456/4002/1298 4314/3858/2756 4319/3863/2761
f 4456/4002/1298 4319/3863/2761 4324/3868/2766
f 4456/4002/1298 4324/3868/2766 4329/3873/2771
f 4456/4002/1298 4329/3873/2771 4014/3558/2460
