# Blender 5.1.0
# www.blender.org
mtllib robot.mtl
o robot
v -4.451164 157.224640 5.256042
v -4.451118 155.871399 9.879420
v -7.505497 155.871429 9.879428
v -9.034473 157.224518 5.256037
v -4.451141 170.716034 3.650692
v -10.701618 170.716125 3.650676
v -10.286594 167.241058 6.509804
v -4.451118 167.241058 6.509798
v -7.505497 155.871429 9.879428
v -4.451118 155.871399 9.879420
v -4.451134 159.107605 9.729892
v -8.068211 159.107727 9.729892
v -7.505497 155.871429 9.879428
v -10.929432 172.557495 -7.085388
v -9.046146 177.574677 -14.297140
v -10.007755 168.157837 -13.290420
v -9.978962 163.593109 -8.444370
v -4.451134 159.427002 -1.938736
v -10.294102 159.427124 -1.938740
v -9.978962 163.593109 -8.444370
v -9.978962 163.593109 -8.444370
v -4.451134 163.593109 -8.444370
v -9.034473 157.224518 5.256037
v -10.286594 167.241058 6.509804
v -10.294102 159.427124 -1.938740
v -9.978962 163.593109 -8.444370
v -10.007755 168.157837 -13.290420
v -4.451141 168.157837 -13.290420
v -9.978962 163.593109 -8.444370
v -9.034473 157.224518 5.256037
v -7.505497 155.871429 9.879428
v -8.068211 159.107727 9.729892
v -8.068211 159.107727 9.729892
v -10.286594 167.241058 6.509804
v -9.034473 157.224518 5.256037
v -10.724674 167.464386 1.163579
v -10.294102 159.427124 -1.938740
v -10.286594 167.241058 6.509804
v -10.701618 170.716125 3.650676
v -10.701618 170.716125 3.650676
v -10.701618 170.716125 3.650676
v -10.380100 176.772522 -4.976441
v -7.450672 182.070465 -13.336970
v -9.046146 177.574677 -14.297140
v -4.451126 177.611420 -14.343670
v -10.007755 168.157837 -13.290420
v -9.046146 177.574677 -14.297140
v -4.451134 176.772614 -4.976441
v -10.380100 176.772522 -4.976441
v -10.380100 176.772522 -4.976441
v -4.451134 182.070435 -13.336980
v -7.450672 182.070465 -13.336970
v -7.450672 182.070465 -13.336970
v -10.380100 176.772522 -4.976441
v -9.046146 177.574677 -14.297140
v -7.450672 182.070465 -13.336970
v -7.450672 182.070465 -13.336970
v -11.977619 162.563232 3.511706
v -13.254719 165.757904 -3.988015
v -13.078953 161.282837 -3.664213
v -12.251301 159.566437 1.462485
v -8.401066 159.282898 1.400597
v -7.624149 156.885040 8.705661
v -10.545750 157.307312 8.239116
v -12.251301 159.566437 1.462485
v -12.233906 165.996033 2.399426
v -11.977619 162.563232 3.511706
v -8.213551 162.738831 3.901218
v -8.101566 166.236237 2.718018
v -8.305378 167.820831 -1.332280
v -12.746281 167.399445 -1.003809
v -8.871311 161.246033 -4.445898
v -13.078953 161.282837 -3.664213
v -13.254719 165.757904 -3.988015
v -13.254719 165.757904 -3.988015
v -8.504963 166.043243 -4.599894
v -13.254719 165.757904 -3.988015
v -7.742512 160.819611 8.003375
v -10.789799 160.715363 7.575979
v -10.545750 157.307312 8.239116
v -10.545750 157.307312 8.239116
v -7.624149 156.885040 8.705661
v -11.977619 162.563232 3.511706
v -12.251301 159.566437 1.462485
v -12.251301 159.566437 1.462485
v -13.078953 161.282837 -3.664213
v -10.789799 160.715363 7.575979
v -10.545750 157.307312 8.239116
v -10.789799 160.715363 7.575979
v -12.233906 165.996033 2.399426
v -12.233906 165.996033 2.399426
v -12.746281 167.399445 -1.003809
v -4.451164 157.224640 5.256042
v 0.132256 157.224640 5.256034
v -1.396774 155.871399 9.879430
v -4.451118 155.871399 9.879420
v -4.451164 157.224640 5.256042
v -4.451141 170.716034 3.650692
v -4.451118 167.241058 6.509798
v 1.384377 167.240936 6.509802
v 1.799347 170.716064 3.650687
v -4.451141 170.716034 3.650692
v -1.396774 155.871399 9.879430
v -0.834007 159.107544 9.729903
v -4.451134 159.107605 9.729892
v -4.451134 159.107605 9.729892
v -4.451118 155.871399 9.879420
v -1.396774 155.871399 9.879430
v 2.027130 172.557526 -7.085390
v 1.076683 163.593018 -8.444372
v 1.105484 168.157837 -13.290410
v 0.143921 177.574646 -14.297140
v -4.451134 159.427002 -1.938736
v -4.451134 163.593109 -8.444370
v 1.076683 163.593018 -8.444372
v 1.076683 163.593018 -8.444372
v 1.391815 159.427032 -1.938736
v -4.451134 159.427002 -1.938736
v 1.822418 167.464447 1.163575
v 1.384377 167.240936 6.509802
v 1.391815 159.427032 -1.938736
v -4.451141 168.157837 -13.290420
v 1.105484 168.157837 -13.290410
v 1.076683 163.593018 -8.444372
v 1.076683 163.593018 -8.444372
v -4.451134 163.593109 -8.444370
v -4.451141 168.157837 -13.290420
v -4.451134 159.427002 -1.938736
v -4.451164 157.224640 5.256042
v -4.451134 159.427002 -1.938736
v 0.132256 157.224640 5.256034
v 1.384377 167.240936 6.509802
v -0.834007 159.107544 9.729903
v -0.834007 159.107544 9.729903
v -1.396774 155.871399 9.879430
v 0.132256 157.224640 5.256034
v 1.391815 159.427032 -1.938736
v 1.384377 167.240936 6.509802
v 1.799347 170.716064 3.650687
v 1.477837 176.772614 -4.976431
v 1.799347 170.716064 3.650687
v 1.799347 170.716064 3.650687
v -1.451637 182.070557 -13.336990
v 0.143921 177.574646 -14.297140
v 1.105484 168.157837 -13.290410
v -4.451141 168.157837 -13.290420
v -4.451141 168.157837 -13.290420
v -4.451126 177.611420 -14.343670
v 0.143921 177.574646 -14.297140
v 1.477837 176.772614 -4.976431
v -4.451134 176.772614 -4.976441
v -4.451141 170.716034 3.650692
v -4.451141 170.716034 3.650692
v 1.477837 176.772614 -4.976431
v -4.451134 176.772614 -4.976441
v 1.477837 176.772614 -4.976431
v -1.451637 182.070557 -13.336990
v -1.451637 182.070557 -13.336990
v -4.451134 182.070435 -13.336980
v -4.451134 176.772614 -4.976441
v -4.451126 177.611420 -14.343670
v -4.451134 182.070435 -13.336980
v -1.451637 182.070557 -13.336990
v -1.451637 182.070557 -13.336990
v 0.143921 177.574646 -14.297140
v -4.451126 177.611420 -14.343670
v 3.075371 162.563232 3.511702
v 3.349052 159.566406 1.462491
v 4.176720 161.282806 -3.664239
v 4.352463 165.758026 -3.988010
v -0.501167 159.282928 1.400598
v 3.349052 159.566406 1.462491
v 1.643494 157.307343 8.239114
v -1.278114 156.885040 8.705662
v -0.688721 162.738831 3.901217
v 3.075371 162.563232 3.511702
v 3.331657 165.996124 2.399416
v -0.800728 166.236237 2.718024
v -0.596878 167.820862 -1.332294
v 3.843994 167.399414 -1.003815
v 4.352463 165.758026 -3.988010
v 4.176720 161.282806 -3.664239
v -0.030945 161.246155 -4.445895
v -0.397293 166.043213 -4.599908
v 4.352463 165.758026 -3.988010
v 4.352463 165.758026 -3.988010
v -1.159805 160.819641 8.003381
v -1.278114 156.885040 8.705662
v 1.643494 157.307343 8.239114
v 1.643494 157.307343 8.239114
v 1.887535 160.715210 7.575992
v 3.075371 162.563232 3.511702
v 4.176720 161.282806 -3.664239
v 3.349052 159.566406 1.462491
v 3.349052 159.566406 1.462491
v 1.887535 160.715210 7.575992
v 1.643494 157.307343 8.239114
v 1.887535 160.715210 7.575992
v 3.331657 165.996124 2.399416
v 3.843994 167.399414 -1.003815
v 3.331657 165.996124 2.399416
v -10.286594 167.241058 6.509804
v -10.294102 159.427124 -1.938740
v 1.384377 167.240936 6.509802
v 0.132256 157.224640 5.256034
v 1.391815 159.427032 -1.938736
v -4.451118 167.241058 6.509798
v -4.451118 167.241058 6.509798
v -4.451134 159.107605 9.729892
v -1.472855 114.583427 11.340850
v -1.472862 107.071922 14.685010
v -0.605728 106.549904 9.596167
v -0.605759 114.641930 7.894988
v -1.191360 106.578819 8.126985
v -4.451134 106.578804 8.126986
v -4.451134 114.676826 6.420692
v -1.191383 114.676826 6.420691
v -2.783432 107.065117 15.207410
v -1.642159 107.065117 15.207410
v -1.642174 114.574409 11.870650
v -2.783455 114.574425 11.870650
v -1.642174 114.574409 11.870650
v -1.472855 114.583427 11.340850
v -2.682968 114.587227 11.110010
v -2.783455 114.574425 11.870650
v -1.642174 114.574409 11.870650
v -2.682968 114.587227 11.110010
v -2.682930 107.075005 14.457290
v -1.472855 114.583427 11.340850
v -0.605759 114.641930 7.894988
v -4.451141 107.074913 14.457290
v -2.682968 114.587227 11.110010
v -2.682968 114.587227 11.110010
v -4.451118 114.587318 11.110010
v -4.451118 114.641930 7.894992
v -4.451118 114.587318 11.110010
v -0.605759 114.641930 7.894988
v -0.605759 114.641930 7.894988
v 1.142319 120.462029 1.382802
v 1.142349 112.670311 1.277100
v 3.998848 112.670311 1.277101
v 3.998833 120.462013 1.382805
v 4.621429 120.476021 0.522470
v 4.621437 112.681419 0.415090
v 4.621429 112.732826 -3.546016
v 4.621422 120.540535 -3.430913
v 3.998833 120.554726 -4.293275
v 3.998825 112.743919 -4.410061
v 1.142303 112.744026 -4.410058
v 1.142303 120.554619 -4.293265
v 0.519661 120.540627 -3.430906
v 0.519684 112.732826 -3.546031
v 0.519646 112.681419 0.415093
v 0.519653 120.476036 0.522462
v 0.519653 120.476036 0.522462
v 0.519653 120.476036 0.522462
v 0.519646 112.681419 0.415093
v -8.296543 106.549919 9.596171
v -7.429432 107.071922 14.685010
v -7.429432 114.583412 11.340860
v -8.296543 114.641823 7.894987
v -4.451134 114.676826 6.420692
v -4.451134 106.578804 8.126986
v -7.710911 106.578712 8.126987
v -7.710926 114.676720 6.420691
v -4.451134 114.676826 6.420692
v -7.260136 114.574516 11.870650
v -7.260151 107.065117 15.207410
v -6.118839 107.065117 15.207410
v -6.118870 114.574425 11.870650
v -6.219334 114.587410 11.110010
v -7.429432 114.583412 11.340860
v -7.260136 114.574516 11.870650
v -7.260136 114.574516 11.870650
v -6.118870 114.574425 11.870650
v -6.219349 107.075020 14.457290
v -6.219334 114.587410 11.110010
v -8.296543 114.641823 7.894987
v -7.429432 114.583412 11.340860
v -6.219334 114.587410 11.110010
v -4.451141 107.074913 14.457290
v -4.451141 107.074913 14.457290
v -4.451118 114.587318 11.110010
v -6.219334 114.587410 11.110010
v -4.451118 114.641930 7.894992
v -8.296543 114.641823 7.894987
v -4.451118 114.587318 11.110010
v -4.451118 114.641930 7.894992
v -8.296543 114.641823 7.894987
v -4.451118 114.641930 7.894992
v -4.451118 114.641930 7.894992
v -4.451134 114.676826 6.420692
v -13.356525 112.670311 1.277099
v -10.500034 112.670219 1.277120
v -10.500034 120.461922 1.382817
v -13.356495 120.462029 1.382798
v -13.979145 112.732811 -3.546018
v -13.979115 112.681526 0.415102
v -13.979145 120.476036 0.522470
v -13.979145 120.540627 -3.430909
v -10.500050 112.743919 -4.410082
v -13.356541 112.743919 -4.410058
v -13.356541 120.554619 -4.293278
v -10.500034 120.554619 -4.293272
v -9.877384 112.681419 0.415107
v -9.877384 112.732719 -3.546029
v -9.877369 120.540535 -3.430906
v -9.877354 120.476021 0.522458
v -9.877354 120.476021 0.522458
v -9.877384 112.681419 0.415107
v -9.877354 120.476021 0.522458
v -14.512836 114.606621 4.490081
v -4.451149 114.810112 -7.459184
v -16.678486 114.801918 -7.085178
v -16.678455 114.722725 -2.426702
v -7.845081 114.560219 7.249528
v -4.451157 114.559319 7.247209
v -14.512653 110.288002 4.417385
v -14.512836 114.606621 4.490081
v -16.678455 114.722725 -2.426702
v -16.678455 114.722725 -2.426702
v -16.678257 110.384926 -2.508952
v -16.678333 110.493904 -10.235720
v -16.678440 113.375511 -10.166980
v -4.451126 113.377419 -10.166810
v -4.451141 110.496010 -10.235570
v -7.845249 110.249107 7.180755
v -7.845081 114.560219 7.249528
v -14.512836 114.606621 4.490081
v -14.512836 114.606621 4.490081
v -4.451149 110.248222 7.178051
v -4.451157 114.559319 7.247209
v -7.845081 114.560219 7.249528
v -7.845081 114.560219 7.249528
v -16.678486 114.801918 -7.085178
v -16.678486 114.801918 -7.085178
v -17.272011 112.222923 -6.054615
v -12.361164 110.647728 -10.672910
v -17.272026 110.647728 -10.672920
v -11.322102 102.135811 -10.793980
v -11.037205 97.463142 -5.520668
v -12.256474 97.463097 -5.520668
v -12.256458 102.135704 -10.793950
v -4.451653 110.681526 -13.130620
v -4.451660 101.171120 -13.087130
v -10.689060 101.171227 -13.087130
v -11.724171 110.681709 -13.130640
v -12.256474 97.404259 0.724217
v -10.938114 97.404289 0.724220
v -11.322102 102.135811 -10.793980
v -12.361164 110.647728 -10.672910
v -11.322102 102.135811 -10.793980
v -11.037205 97.463142 -5.520668
v -11.322102 102.135811 -10.793980
v -10.195942 94.661507 -6.883160
v -11.037205 97.463142 -5.520668
v -10.189411 94.464012 0.684222
v -10.938114 97.404289 0.724220
v -11.037205 97.463142 -5.520668
v -11.037205 97.463142 -5.520668
v -10.995655 115.714729 7.314202
v -10.376926 97.344292 7.092508
v -9.441898 108.289116 16.431391
v -10.506077 115.660530 10.016530
v -9.441883 96.944344 12.509590
v -8.101414 113.303215 7.273805
v -7.293232 111.049019 15.515260
v -8.102421 115.679329 10.016690
v -10.506077 115.660530 10.016530
v -10.506077 115.660530 10.016530
v -9.441898 108.289116 16.431391
v -8.101444 115.733635 7.314364
v -10.995655 115.714729 7.314202
v -10.506077 115.660530 10.016530
v -10.506077 115.660530 10.016530
v -8.101444 115.733635 7.314364
v -8.101444 115.733635 7.314364
v -8.102421 115.679329 10.016690
v -8.102436 113.266624 9.775789
v -8.101414 113.303215 7.273805
v -8.101444 115.733635 7.314364
v -8.102421 115.679329 10.016690
v -7.293232 111.049019 15.515260
v -7.293232 111.049019 15.515260
v -7.293232 106.349205 15.324550
v -4.451622 90.525291 7.717735
v -4.451645 96.944328 12.509600
v -9.441883 96.944344 12.509590
v -9.441883 96.944344 12.509590
v -9.577106 90.525307 7.717741
v -4.451653 113.303337 7.273805
v -4.451599 97.344276 7.092512
v -10.202473 94.420692 5.728189
v -9.577106 90.525307 7.717741
v -10.376926 97.344292 7.092508
v -10.938114 97.404289 0.724220
v -10.202473 94.420692 5.728189
v -10.376926 97.344292 7.092508
v -10.376926 97.344292 7.092508
v -4.451599 97.344276 7.092512
v -4.451622 97.404289 0.724218
v -10.938114 97.404289 0.724220
v -10.376926 97.344292 7.092508
v -9.577106 90.525307 7.717741
v -9.823414 92.544106 4.290993
v -12.256474 107.023705 -10.723440
v -4.451637 110.504219 -0.269853
v -4.451645 112.223015 -6.054609
v -17.271996 110.504219 -0.269848
v -12.256351 101.945702 6.740614
v -12.256474 97.404259 0.724217
v -10.938114 97.404289 0.724220
v -10.938114 97.404289 0.724220
v -4.451622 97.404289 0.724218
v -4.451622 97.404289 0.724218
v -4.451630 101.945824 6.740604
v -17.271996 107.023613 -10.723430
v -17.272026 106.805107 6.797039
v -17.272011 110.406212 6.836587
v -17.271996 107.023613 -10.723430
v -12.256367 106.805122 6.797036
v -12.256474 107.023705 -10.723440
v -12.256474 107.023705 -10.723440
v -12.256458 102.135704 -10.793950
v -12.256458 102.135704 -10.793950
v -12.256351 101.945702 6.740614
v -12.256351 101.945702 6.740614
v -12.256458 102.135704 -10.793950
v -12.256474 97.463097 -5.520668
v -12.256474 97.463097 -5.520668
v -12.256474 97.404259 0.724217
v -12.256351 101.945702 6.740614
v -4.451622 110.406105 6.836583
v -12.256367 106.805122 6.797036
v -12.256367 106.805122 6.797036
v -4.451660 94.661446 -6.883155
v -4.451645 94.463966 0.684218
v -9.823414 92.544106 4.290993
v -4.451637 92.544075 4.291008
v -9.441898 108.289116 16.431391
v -9.441883 96.944344 12.509590
v -4.451653 108.289223 16.431391
v -9.441898 108.289116 16.431391
v -9.441898 108.289116 16.431391
v -4.451630 111.049019 15.515269
v -7.293232 111.049019 15.515260
v -4.451630 111.049019 15.515269
v -4.451630 111.049019 15.515269
v -4.451668 106.349220 15.324540
v -8.101414 113.303215 7.273805
v -4.451630 113.266624 9.775786
v -4.451653 113.303337 7.273805
v -8.101414 113.303215 7.273805
v -4.451668 106.349220 15.324540
v -10.202473 94.420692 5.728189
v -4.451637 94.420692 5.728184
v -10.202473 94.420692 5.728189
v -9.823414 92.544106 4.290993
v -10.202473 94.420692 5.728189
v -4.451637 94.420692 5.728184
v -4.451637 94.420692 5.728184
v -9.823414 92.544106 4.290993
v -12.361164 110.647728 -10.672910
v -11.373402 111.119118 -10.531170
v -10.852222 111.153221 -12.972740
v -4.451630 111.153114 -12.972740
v -11.066120 112.282524 -10.772330
v -10.554493 112.316811 -13.138360
v -4.451630 112.316826 -13.138350
v -11.066120 112.282524 -10.772330
v -4.451630 112.274529 -10.772330
v -11.066120 112.282524 -10.772330
v -11.373402 111.119118 -10.531170
v -4.451653 110.638130 -10.772330
v -11.066120 112.282524 -10.772330
v -12.256367 106.805122 6.797036
v -17.272026 106.805107 6.797039
v -12.256367 106.805122 6.797036
v -11.373402 111.119118 -10.531170
v -4.451653 110.638130 -10.772330
v -11.373402 111.119118 -10.531170
v -11.373402 111.119118 -10.531170
v -4.451157 114.559319 7.247209
v -1.057175 114.560326 7.249533
v 5.610542 114.606728 4.490091
v -4.451149 114.810112 -7.459184
v -4.451157 114.559319 7.247209
v 7.776207 114.801933 -7.085178
v -4.451149 114.810112 -7.459184
v 7.776123 114.722816 -2.426712
v 7.776123 114.722816 -2.426712
v 5.610542 114.606728 4.490091
v 5.610367 110.288017 4.417387
v 7.775986 110.385124 -2.508959
v 7.776123 114.722816 -2.426712
v -4.451126 113.377419 -10.166810
v 7.776184 113.375420 -10.166980
v 7.776047 110.494011 -10.235740
v -4.451141 110.496010 -10.235570
v -4.451126 113.377419 -10.166810
v 5.610542 114.606728 4.490091
v -1.057175 114.560326 7.249533
v -1.057060 110.249123 7.180755
v 5.610542 114.606728 4.490091
v -1.057175 114.560326 7.249533
v -4.451157 114.559319 7.247209
v -4.451149 110.248222 7.178051
v -4.451149 110.248222 7.178051
v -1.057175 114.560326 7.249533
v 7.776123 114.722816 -2.426712
v 7.776207 114.801933 -7.085178
v 8.368759 112.222923 -6.054623
v 8.368744 110.647713 -10.672900
v 3.457893 110.647728 -10.672910
v 3.353218 97.463158 -5.520658
v 2.133919 97.463158 -5.520674
v 2.418808 102.135811 -10.793950
v 3.353195 102.135704 -10.793970
v -4.451653 110.681526 -13.130620
v 2.820892 110.681618 -13.130640
v 1.785759 101.171227 -13.087140
v -4.451660 101.171120 -13.087130
v -4.451653 110.681526 -13.130620
v 3.353203 97.404274 0.724220
v 2.034866 97.404259 0.724216
v 3.457893 110.647728 -10.672910
v 2.418808 102.135811 -10.793950
v 2.418808 102.135811 -10.793950
v 2.418808 102.135811 -10.793950
v 2.133919 97.463158 -5.520674
v 2.133919 97.463158 -5.520674
v 1.292702 94.661507 -6.883162
v 1.286133 94.463982 0.684214
v 2.133919 97.463158 -5.520674
v 2.133919 97.463158 -5.520674
v 2.034866 97.404259 0.724216
v 0.538574 108.289116 16.431391
v 1.473625 97.344231 7.092512
v 2.092361 115.714729 7.314193
v 1.602791 115.660423 10.016530
v 0.538635 96.944420 12.509590
v -0.801849 113.303322 7.273803
v -1.610054 111.049004 15.515260
v 0.538574 108.289116 16.431391
v 1.602791 115.660423 10.016530
v 1.602791 115.660423 10.016530
v -0.800835 115.679222 10.016700
v -0.801857 115.733528 7.314370
v 1.602791 115.660423 10.016530
v 1.602791 115.660423 10.016530
v 2.092361 115.714729 7.314193
v -0.801857 115.733528 7.314370
v -0.800850 113.266518 9.775792
v -0.800835 115.679222 10.016700
v -0.801857 115.733528 7.314370
v -0.801857 115.733528 7.314370
v -0.801849 113.303322 7.273803
v -1.610062 106.349205 15.324550
v -1.610054 111.049004 15.515260
v -1.610054 111.049004 15.515260
v -0.800835 115.679222 10.016700
v -4.451622 90.525291 7.717735
v 0.673759 90.525215 7.717746
v 0.538635 96.944420 12.509590
v 0.538635 96.944420 12.509590
v -4.451645 96.944328 12.509600
v -4.451622 90.525291 7.717735
v -4.451599 97.344276 7.092512
v -4.451599 97.344276 7.092512
v -4.451653 113.303337 7.273805
v 0.673759 90.525215 7.717746
v 1.299210 94.420647 5.728192
v 1.473625 97.344231 7.092512
v 1.299210 94.420647 5.728192
v 2.034866 97.404259 0.724216
v 1.473625 97.344231 7.092512
v 1.473625 97.344231 7.092512
v 2.034866 97.404259 0.724216
v -4.451622 97.404289 0.724218
v -4.451622 97.404289 0.724218
v -4.451599 97.344276 7.092512
v 1.473625 97.344231 7.092512
v 0.673759 90.525215 7.717746
v 0.920174 92.544106 4.291000
v 3.353203 107.023613 -10.723450
v -4.451645 112.223015 -6.054609
v -4.451637 110.504219 -0.269853
v -4.451637 110.504219 -0.269853
v 8.368736 110.504219 -0.269852
v 2.034866 97.404259 0.724216
v 3.353096 101.945702 6.740602
v -4.451630 101.945824 6.740604
v -4.451630 101.945824 6.740604
v -4.451622 97.404289 0.724218
v 2.034866 97.404259 0.724216
v 2.034866 97.404259 0.724216
v 3.353203 97.404274 0.724220
v 8.368713 107.023720 -10.723460
v 8.368706 106.805016 6.797037
v 8.368752 110.406227 6.836578
v 8.368713 107.023720 -10.723460
v 3.353096 106.805016 6.797037
v 3.353203 107.023613 -10.723450
v 3.353195 102.135704 -10.793970
v 3.353203 107.023613 -10.723450
v 3.353096 101.945702 6.740602
v 3.353195 102.135704 -10.793970
v 3.353218 97.463158 -5.520658
v 3.353195 102.135704 -10.793970
v 3.353096 101.945702 6.740602
v 3.353096 101.945702 6.740602
v 3.353203 97.404274 0.724220
v 3.353218 97.463158 -5.520658
v -4.451622 110.406105 6.836583
v -4.451637 110.504219 -0.269853
v -4.451622 110.406105 6.836583
v 3.353096 106.805016 6.797037
v -4.451622 110.406105 6.836583
v -4.451630 101.945824 6.740604
v -4.451630 101.945824 6.740604
v 3.353096 106.805016 6.797037
v -4.451660 94.661446 -6.883155
v -4.451660 101.171120 -13.087130
v -4.451660 101.171120 -13.087130
v -4.451660 94.661446 -6.883155
v -4.451645 94.463966 0.684218
v -4.451660 94.661446 -6.883155
v -4.451637 92.544075 4.291008
v 0.920174 92.544106 4.291000
v -4.451622 90.525291 7.717735
v -4.451637 92.544075 4.291008
v -4.451645 96.944328 12.509600
v 0.538635 96.944420 12.509590
v 0.538574 108.289116 16.431391
v 0.538574 108.289116 16.431391
v -4.451653 108.289223 16.431391
v -4.451645 96.944328 12.509600
v -4.451630 111.049019 15.515269
v -4.451653 108.289223 16.431391
v -4.451653 108.289223 16.431391
v 0.538574 108.289116 16.431391
v -4.451630 111.049019 15.515269
v -1.610054 111.049004 15.515260
v -4.451668 106.349220 15.324540
v -4.451630 111.049019 15.515269
v -4.451630 113.266624 9.775786
v -0.801849 113.303322 7.273803
v -0.801849 113.303322 7.273803
v -4.451653 113.303337 7.273805
v -4.451630 113.266624 9.775786
v -4.451630 113.266624 9.775786
v -4.451668 106.349220 15.324540
v -4.451630 113.266624 9.775786
v -4.451645 94.463966 0.684218
v 1.299210 94.420647 5.728192
v 1.299210 94.420647 5.728192
v -4.451637 94.420692 5.728184
v -4.451645 94.463966 0.684218
v -4.451637 94.420692 5.728184
v 1.299210 94.420647 5.728192
v 0.920174 92.544106 4.291000
v 0.920174 92.544106 4.291000
v -4.451637 92.544075 4.291008
v -4.451637 94.420692 5.728184
v 2.470123 111.119011 -10.531180
v 3.457893 110.647728 -10.672910
v 1.948929 111.153221 -12.972750
v -4.451653 110.681526 -13.130620
v -4.451653 110.681526 -13.130620
v -4.451630 111.153114 -12.972740
v 2.162842 112.282417 -10.772320
v 1.651245 112.316933 -13.138370
v -4.451630 111.153114 -12.972740
v -4.451630 111.153114 -12.972740
v -4.451630 112.316826 -13.138350
v -4.451630 112.316826 -13.138350
v -4.451630 112.274529 -10.772330
v -4.451630 112.274529 -10.772330
v 2.162842 112.282417 -10.772320
v 2.162842 112.282417 -10.772320
v -4.451630 112.274529 -10.772330
v -4.451653 110.638130 -10.772330
v -4.451653 110.638130 -10.772330
v 2.470123 111.119011 -10.531180
v 2.162842 112.282417 -10.772320
v 3.353096 106.805016 6.797037
v 8.368706 106.805016 6.797037
v -4.451622 110.406105 6.836583
v 3.353096 106.805016 6.797037
v 2.470123 111.119011 -10.531180
v -4.451653 110.638130 -10.772330
v -4.451645 112.223015 -6.054609
v -4.451645 112.223015 -6.054609
v 2.470123 111.119011 -10.531180
v 2.470123 111.119011 -10.531180
v -4.451149 114.810112 -7.459184
v -16.678486 114.801918 -7.085178
v -4.451149 114.810112 -7.459184
v 7.776207 114.801933 -7.085178
v -4.451126 113.377419 -10.166810
v -4.451126 113.377419 -10.166810
v -4.451149 114.810112 -7.459184
v 7.776207 114.801933 -7.085178
v 0.179749 115.729927 7.409289
v -0.481133 115.699333 8.699809
v 2.680504 132.596649 8.150345
v 3.388229 132.634918 6.861749
v 1.501534 115.726936 7.428839
v 4.803474 132.632141 6.881278
v 2.162399 115.693428 8.738774
v 1.501534 115.726936 7.428839
v 4.803474 132.632141 6.881278
v 4.803474 132.632141 6.881278
v 5.511177 132.591034 8.189274
v 4.803505 132.552826 9.473342
v 1.501549 115.663017 10.024130
v 3.388222 132.555634 9.453952
v 0.179710 115.665916 10.004730
v 1.501534 115.726936 7.428839
v 1.501549 115.663017 10.024130
v -0.481133 115.699333 8.699809
v -0.481133 115.699333 8.699809
v 0.179749 115.729927 7.409289
v 1.501534 115.726936 7.428839
v 1.501534 115.726936 7.428839
v 2.162399 115.693428 8.738774
v 1.501549 115.663017 10.024130
v 0.179710 115.665916 10.004730
v -0.481133 115.699333 8.699809
v 1.501549 115.663017 10.024130
v -11.582783 132.596527 8.150352
v -8.421162 115.699318 8.699806
v -9.082020 115.729927 7.409287
v -12.290440 132.634918 6.861753
v -10.403843 115.726830 7.428857
v -13.705738 132.632111 6.881276
v -13.705738 132.632111 6.881276
v -10.403843 115.726830 7.428857
v -11.064671 115.693520 8.738774
v -14.413425 132.590942 8.189281
v -13.705738 132.632111 6.881276
v -13.705753 132.552826 9.473341
v -10.403828 115.662926 10.024140
v -12.290470 132.555634 9.453953
v -9.082020 115.665932 10.004730
v -10.403843 115.726830 7.428857
v -8.421162 115.699318 8.699806
v -10.403828 115.662926 10.024140
v -10.403828 115.662926 10.024140
v -11.064671 115.693520 8.738774
v -10.403843 115.726830 7.428857
v -10.403843 115.726830 7.428857
v -9.082020 115.729927 7.409287
v -8.421162 115.699318 8.699806
v -9.082020 115.665932 10.004730
v -10.403828 115.662926 10.024140
v -8.421162 115.699318 8.699806
v -6.141560 159.653046 -7.641827
v -6.342579 160.327942 -7.358663
v -5.694981 157.771606 -5.502548
v -5.485645 157.071259 -5.750108
v -6.819218 160.305847 -7.232367
v -6.174519 157.758820 -5.388299
v -6.174519 157.758820 -5.388299
v -6.819218 160.305847 -7.232367
v -7.094837 159.608917 -7.389163
v -6.444752 157.045929 -5.521512
v -6.174519 157.758820 -5.388299
v -6.893848 158.933899 -7.672563
v -6.235401 156.345428 -5.769267
v -6.417255 158.955963 -7.798918
v -5.755863 156.358032 -5.883616
v -6.925053 161.358124 -8.874100
v -7.110905 161.978058 -8.541750
v -7.583210 161.939728 -8.401897
v -6.819218 160.305847 -7.232367
v -7.583210 161.939728 -8.401897
v -7.869678 161.281830 -8.594315
v -6.819218 160.305847 -7.232367
v -7.683872 160.661743 -8.926884
v -7.211552 160.699921 -9.066828
v -7.444569 163.282135 -10.340710
v -7.578709 163.686157 -9.855591
v -8.049397 163.639862 -9.711567
v -7.583210 161.939728 -8.401897
v -8.049397 163.639862 -9.711567
v -8.386021 163.189331 -10.052740
v -7.583210 161.939728 -8.401897
v -8.251911 162.785034 -10.538030
v -7.781193 162.831268 -10.682000
v -7.374180 165.676910 -11.158730
v -7.483067 165.423218 -10.659730
v -7.961201 165.461945 -10.528590
v -7.961201 165.461945 -10.528590
v -8.330479 165.754120 -10.896590
v -8.049397 163.639862 -9.711567
v -7.961201 165.461945 -10.528590
v -8.221577 166.007935 -11.395310
v -7.743473 165.969238 -11.526280
v -6.901157 168.142609 -10.831680
v -7.067631 167.654114 -10.465210
v -7.529545 167.758514 -10.297170
v -7.529545 167.758514 -10.297170
v -7.824970 168.351105 -10.495820
v -7.961201 165.461945 -10.528590
v -7.529545 167.758514 -10.297170
v -7.658466 168.839630 -10.862040
v -7.196552 168.735535 -11.029880
v -0.978462 168.225922 -10.490000
v -0.677231 165.489716 -10.779170
v -0.667023 165.488342 -11.354910
v -1.097122 168.770935 -10.848160
v -1.083649 165.337128 -11.577500
v -1.558830 168.791840 -11.021760
v -1.510597 165.187714 -11.224480
v -1.901848 168.267700 -10.837460
v -1.520851 165.189240 -10.648500
v -1.783195 167.722900 -10.479150
v -1.104187 165.340240 -10.425780
v -1.321495 167.702118 -10.305290
v -1.321495 167.702118 -10.305290
v -1.104187 165.340240 -10.425780
v -1.321495 167.702118 -10.305290
v -0.516289 163.254028 -10.013410
v -0.551170 162.781647 -10.508750
v -0.995277 162.585419 -10.711200
v -1.404533 162.862152 -10.418230
v -1.369606 163.334747 -9.922918
v -0.925484 163.530426 -9.720564
v -0.925484 163.530426 -9.720564
v -1.104187 165.340240 -10.425780
v -0.925484 163.530426 -9.720564
v -0.679138 161.458557 -8.469347
v -0.735573 160.743805 -8.791336
v -1.184151 160.517700 -8.965076
v -1.576324 161.006622 -8.816612
v -1.519875 161.721344 -8.494690
v -1.071205 161.947205 -8.321175
v -1.071205 161.947205 -8.321175
v -0.925484 163.530426 -9.720564
v -1.071205 161.947205 -8.321175
v -1.031258 159.818115 -7.152656
v -1.097672 159.047607 -7.424671
v -1.547394 158.811646 -7.591994
v -1.930710 159.346222 -7.487063
v -1.864243 160.116730 -7.215114
v -1.414551 160.352539 -7.048028
v -1.414551 160.352539 -7.048028
v -1.071205 161.947205 -8.321175
v -1.414551 160.352539 -7.048028
v -1.456627 157.311523 -5.491786
v -1.528732 156.514618 -5.726695
v -1.982025 156.261536 -5.870880
v -2.363243 156.805511 -5.779900
v -2.291153 157.602539 -5.545029
v -1.837807 157.855408 -5.401089
v -1.837807 157.855408 -5.401089
v -1.414551 160.352539 -7.048028
v -1.837807 157.855408 -5.401089
v -3.728470 159.718750 -7.634662
v -3.955772 160.412018 -7.397744
v -3.637787 157.766510 -5.469337
v -3.408966 157.064941 -5.693686
v -4.449562 160.436432 -7.381521
v -4.126709 157.760040 -5.411494
v -4.126709 157.760040 -5.411494
v -4.449562 160.436432 -7.381521
v -4.716064 159.767548 -7.602171
v -4.386894 157.052124 -5.577940
v -4.126709 157.760040 -5.411494
v -4.488670 159.074005 -7.839331
v -4.158073 156.350494 -5.802510
v -3.994888 159.049622 -7.855575
v -3.669136 156.356934 -5.860401
v -3.587532 161.135132 -8.966045
v -3.816513 161.819122 -8.721054
v -4.302711 161.932068 -8.785133
v -4.449562 160.436432 -7.381521
v -4.302711 161.932068 -8.785133
v -4.559952 161.360657 -9.094204
v -4.449562 160.436432 -7.381521
v -4.331001 160.676422 -9.339449
v -3.844742 160.563538 -9.275385
v -2.939384 163.062042 -10.850870
v -3.210869 163.561249 -10.465730
v -3.687271 163.724121 -10.547340
v -4.302711 161.932068 -8.785133
v -3.687271 163.724121 -10.547340
v -3.892250 163.387848 -11.013940
v -4.302711 161.932068 -8.785133
v -3.620804 162.888214 -11.399140
v -3.144409 162.725220 -11.317670
v -2.646034 165.931305 -11.409840
v -2.984947 165.833313 -10.969220
v -3.467850 165.911407 -11.062910
v -3.687271 163.724121 -10.547340
v -3.467850 165.911407 -11.062910
v -3.611893 166.087830 -11.597010
v -3.687271 163.724121 -10.547340
v -3.272995 166.185944 -12.037140
v -2.790031 166.107727 -11.943650
v -2.785721 168.194733 -10.566070
v -3.105087 167.700928 -10.323390
v -3.586655 167.752991 -10.421150
v -3.586655 167.752991 -10.421150
v -3.748909 168.298889 -10.761420
v -3.467850 165.911407 -11.062910
v -3.586655 167.752991 -10.421150
v -3.429588 168.793121 -11.003660
v -2.947975 168.741058 -10.906080
v 14.609550 139.694794 -5.487152
v 20.322250 139.694794 -5.487142
v 20.322273 139.612213 -2.647289
v 14.609566 139.612305 -2.647273
v 20.322273 142.089905 -6.888019
v 20.322250 139.694794 -5.487142
v 14.609550 139.694794 -5.487152
v 14.609550 139.694794 -5.487152
v 14.609558 142.090027 -6.888010
v 20.322205 144.399323 -5.453481
v 14.609543 144.399414 -5.453481
v 20.322243 144.310333 -2.618231
v 14.609535 144.310333 -2.618236
v 14.609596 141.918427 -1.213474
v 20.322227 141.918427 -1.213479
v -22.126747 139.694916 -5.487140
v -22.126793 139.612213 -2.647280
v -27.839531 139.612213 -2.647271
v -27.839485 139.694916 -5.487137
v -27.839485 142.089905 -6.888032
v -22.126839 142.089905 -6.887999
v -22.126747 139.694916 -5.487140
v -22.126747 139.694916 -5.487140
v -27.839485 139.694916 -5.487137
v -27.839470 144.399414 -5.453475
v -22.126808 144.399414 -5.453472
v -27.839485 144.310211 -2.618229
v -22.126778 144.310211 -2.618234
v -22.126793 141.918304 -1.213471
v -27.839516 141.918427 -1.213483
v 7.776207 114.801933 -7.085178
v 7.776207 114.801933 -7.085178
v -16.678455 114.722725 -2.426702
v -16.678486 114.801918 -7.085178
v 8.087173 99.091331 0.380531
v 2.576073 99.091438 0.380516
v 2.576103 99.124138 -2.804065
v 8.087204 99.124229 -2.804065
v 2.576103 99.124138 -2.804065
v 2.576103 101.751015 -4.363972
v 8.087204 101.751015 -4.363976
v 8.087204 99.124229 -2.804065
v 2.576103 99.124138 -2.804065
v 2.576073 104.343010 -2.735898
v 8.087181 104.343010 -2.735889
v 2.576073 104.306511 0.446710
v 8.087212 104.306511 0.446707
v 2.576080 101.681801 2.002259
v 8.087181 101.681816 2.002275
v -16.990437 99.091377 0.380530
v -16.990482 99.124184 -2.804064
v -11.479359 99.124092 -2.804071
v -11.479343 99.091438 0.380515
v -11.479359 99.124092 -2.804071
v -16.990482 99.124184 -2.804064
v -16.990498 101.751015 -4.363969
v -11.479359 101.750923 -4.363961
v -11.479359 99.124092 -2.804071
v -16.990498 104.343010 -2.735888
v -11.479359 104.343010 -2.735907
v -16.990482 104.306511 0.446714
v -11.479359 104.306511 0.446712
v -16.990452 101.681816 2.002275
v -11.479343 101.681801 2.002264
v 6.674858 105.504814 6.602653
v 9.292656 105.504707 6.602654
v 9.292618 105.693611 -9.092459
v 6.674812 105.693611 -9.092476
v 6.725014 83.555710 6.236154
v 9.612167 83.555779 6.236150
v 9.312569 103.456306 6.572780
v 6.691704 103.456322 6.572793
v 6.725029 83.647545 -9.213396
v 6.691734 103.634102 -9.107792
v 11.002777 103.456413 6.572786
v 10.980888 105.504829 6.602648
v 9.292656 105.504707 6.602654
v 11.002754 103.634209 -9.107788
v 10.980865 105.693626 -9.092480
v 10.980888 105.504829 6.602648
v 10.980888 105.504829 6.602648
v 11.002777 103.456413 6.572786
v 9.292618 105.693611 -9.092459
v 9.292618 105.693611 -9.092459
v 9.312576 103.634209 -9.107786
v 10.980888 105.504829 6.602648
v 9.612213 83.647514 -9.213419
v 9.292656 105.504707 6.602654
v 9.292656 105.504707 6.602654
v 9.292618 105.693611 -9.092459
v 10.980865 105.693626 -9.092480
v 10.980865 105.693626 -9.092480
v 11.002754 103.634209 -9.107788
v 9.312569 103.456306 6.572780
v 9.312576 103.634209 -9.107786
v 11.002777 103.456413 6.572786
v 9.312569 103.456306 6.572780
v 9.612213 83.647514 -9.213419
v 9.312576 103.634209 -9.107786
v 9.312569 103.456306 6.572780
v 9.312569 103.456306 6.572780
v 9.612167 83.555779 6.236150
v 9.612213 83.647514 -9.213419
v 9.211586 103.737114 -8.428642
v 9.211578 103.574013 5.905682
v 12.445824 103.574013 5.905674
v 12.445793 103.737129 -8.428627
v 9.211578 103.574013 5.905682
v 9.510696 83.559639 5.581223
v 13.007393 85.973503 5.625034
v 9.211578 103.574013 5.905682
v 13.007408 86.065224 -8.533768
v 9.211586 103.737114 -8.428642
v 9.510742 83.643555 -8.541206
v 9.211586 103.737114 -8.428642
v 7.200729 91.356041 -3.217568
v 5.340172 91.356087 -3.217579
v 5.292473 102.525108 -6.234116
v 7.138893 102.525108 -6.234107
v 5.282227 105.397713 -4.103694
v 7.125587 105.397713 -4.103697
v 5.282265 105.328606 1.675950
v 7.125595 105.328819 1.675946
v 5.292435 102.415611 3.723157
v 7.138939 102.415703 3.723155
v 5.340210 91.327400 0.481941
v 7.200760 91.327309 0.481953
v 5.282227 105.397713 -4.103694
v 5.340172 91.356087 -3.217579
v 5.292435 102.415611 3.723157
v 5.292435 102.415611 3.723157
v 5.282265 105.328606 1.675950
v 5.282227 105.397713 -4.103694
v 5.282227 105.397713 -4.103694
v 5.292473 102.525108 -6.234116
v 5.340172 91.356087 -3.217579
v 5.340210 91.327400 0.481941
v 5.292435 102.415611 3.723157
v 5.340172 91.356087 -3.217579
v 17.555603 0.130937 14.412440
v 16.501579 0.130922 5.874020
v 19.410011 0.130922 5.453671
v 20.463966 0.130937 14.017459
v 15.807335 18.540527 -3.137908
v 24.192314 18.540588 -4.349524
v 24.066170 18.540665 -5.401540
v 15.681213 18.540588 -4.189539
v 17.555603 0.130937 14.412440
v 20.463966 0.130937 14.017459
v 20.379318 0.910189 13.582730
v 17.471001 0.910158 13.979079
v 17.555603 0.130937 14.412440
v 27.520569 3.479250 7.902658
v 28.277206 0.130968 12.948690
v 27.223198 0.130907 4.320487
v 27.091171 3.482073 4.349226
v 28.192436 0.910143 12.510550
v 23.513268 8.926575 -13.952070
v 23.877754 0.130892 -14.205460
v 15.435356 0.130907 -12.982200
v 15.084801 8.926559 -12.740130
v 16.510498 8.926483 -0.761287
v 15.084801 8.926559 -12.740130
v 16.501579 0.130922 5.874020
v 16.501579 0.130922 5.874020
v 16.372238 3.482088 5.894756
v 15.435356 0.130907 -12.982200
v 16.501579 0.130922 5.874020
v 15.084801 8.926559 -12.740130
v 16.510498 8.926483 -0.761287
v 24.938957 8.926468 -1.990155
v 24.270180 16.916275 -4.382042
v 15.875992 16.916245 -3.166965
v 16.510498 8.926483 -0.761287
v 24.144226 16.916367 -5.434267
v 23.141167 16.916733 -13.768860
v 14.747002 16.916672 -12.569530
v 15.750008 16.916321 -4.218866
v 24.192314 18.540588 -4.349524
v 24.270180 16.916275 -4.382042
v 24.144226 16.916367 -5.434267
v 24.144226 16.916367 -5.434267
v 24.066170 18.540665 -5.401540
v 24.192314 18.540588 -4.349524
v 15.681213 18.540588 -4.189539
v 15.750008 16.916321 -4.218866
v 15.875992 16.916245 -3.166965
v 15.875992 16.916245 -3.166965
v 15.807335 18.540527 -3.137908
v 15.681213 18.540588 -4.189539
v 24.183510 3.482042 4.769500
v 16.510498 8.926483 -0.761287
v 16.510498 8.926483 -0.761287
v 16.372238 3.482088 5.894756
v 16.372238 3.482088 5.894756
v 19.279892 3.482058 5.476550
v 27.091171 3.482073 4.349226
v 25.284065 0.910173 12.910900
v 28.192436 0.910143 12.510550
v 27.520569 3.479250 7.902658
v 27.520569 3.479250 7.902658
v 24.612953 3.479250 8.315484
v 27.223198 0.130907 4.320487
v 27.223198 0.130907 4.320487
v 24.314827 0.130907 4.742955
v 24.938957 8.926468 -1.990155
v 23.877754 0.130892 -14.205460
v 23.877754 0.130892 -14.205460
v 23.513268 8.926575 -13.952070
v 24.938957 8.926468 -1.990155
v 23.877754 0.130892 -14.205460
v 16.801605 3.479250 9.419312
v 16.501579 0.130922 5.874020
v 17.555603 0.130937 14.412440
v 17.555603 0.130937 14.412440
v 17.471001 0.910158 13.979079
v 16.501579 0.130922 5.874020
v 27.223198 0.130907 4.320487
v 28.277206 0.130968 12.948690
v 28.277206 0.130968 12.948690
v 25.368805 0.130922 13.347820
v 25.368805 0.130922 13.347820
v 28.277206 0.130968 12.948690
v 28.192436 0.910143 12.510550
v 28.192436 0.910143 12.510550
v 25.284065 0.910173 12.910900
v 25.368805 0.130922 13.347820
v 16.372238 3.482088 5.894756
v 16.801605 3.479250 9.419312
v 16.801605 3.479250 9.419312
v 19.709290 3.479250 9.009343
v 24.314827 0.130907 4.742955
v 25.284065 0.910173 12.910900
v 24.612953 3.479250 8.315484
v 24.612953 3.479250 8.315484
v 24.183510 3.482042 4.769500
v 24.314827 0.130907 4.742955
v 25.284065 0.910173 12.910900
v 24.314827 0.130907 4.742955
v 25.368805 0.130922 13.347820
v 19.410011 0.130922 5.453671
v 24.314827 0.130907 4.742955
v 24.183510 3.482042 4.769500
v 24.183510 3.482042 4.769500
v 19.279892 3.482058 5.476550
v 19.410011 0.130922 5.453671
v 20.463966 0.130937 14.017459
v 19.279892 3.482058 5.476550
v 19.709290 3.479250 9.009343
v 19.709290 3.479250 9.009343
v 20.463966 0.130937 14.017459
v 19.279892 3.482058 5.476550
v 20.463966 0.130937 14.017459
v 19.410011 0.130922 5.453671
v 27.520569 3.479250 7.902658
v 27.091171 3.482073 4.349226
v 27.520569 3.479250 7.902658
v 16.801605 3.479250 9.419312
v 17.471001 0.910158 13.979079
v 17.471001 0.910158 13.979079
v 20.379318 0.910189 13.582730
v 15.875992 16.916245 -3.166965
v 15.750008 16.916321 -4.218866
v 15.750008 16.916321 -4.218866
v 14.747002 16.916672 -12.569530
v 14.747002 16.916672 -12.569530
v 15.084801 8.926559 -12.740130
v 23.513268 8.926575 -13.952070
v 23.141167 16.916733 -13.768860
v 24.144226 16.916367 -5.434267
v 24.144226 16.916367 -5.434267
v 24.270180 16.916275 -4.382042
v 23.513268 8.926575 -13.952070
v 23.513268 8.926575 -13.952070
v 24.270180 16.916275 -4.382042
v 24.938957 8.926468 -1.990155
v 13.812195 8.734512 -12.855450
v 14.645256 8.734467 -5.869090
v 14.577835 10.397949 -5.835928
v 13.744041 10.398010 -12.816360
v 16.023224 10.397934 -6.046708
v 15.189430 10.397995 -13.024230
v 16.091629 8.734436 -6.080409
v 15.258545 8.734497 -13.063750
v 15.258545 8.734497 -13.063750
v 16.091629 8.734436 -6.080409
v 15.258545 8.734497 -13.063750
v 23.257408 8.734497 -14.212840
v 24.090508 8.734482 -7.248589
v 24.016899 10.397934 -7.211830
v 23.183083 10.398056 -14.171010
v 25.462288 10.397949 -7.422390
v 24.628502 10.398056 -14.377800
v 25.536850 8.734467 -7.459661
v 24.703743 8.734512 -14.420050
v 24.090508 8.734482 -7.248589
v 24.090508 8.734482 -7.248589
v 23.257408 8.734497 -14.212840
v 13.131027 11.481873 -17.459419
v 13.200127 9.818298 -17.497971
v 14.703682 11.256027 -16.704611
v 14.773643 9.592484 -16.743971
v 14.773643 9.592484 -16.743971
v 15.258545 8.734497 -13.063750
v 14.773643 9.592484 -16.743971
v 22.694344 11.256042 -17.830709
v 22.769966 9.592484 -17.871811
v 24.010292 11.481918 -18.983860
v 24.087189 9.818329 -19.024630
v 22.769966 9.592484 -17.871811
v 23.257408 8.734497 -14.212840
v 22.769966 9.592484 -17.871811
v 14.773643 9.592484 -16.743971
v 14.773643 9.592484 -16.743971
v 22.769966 9.592484 -17.871811
v 22.769966 9.592484 -17.871811
v 14.773643 9.592484 -16.743971
v 22.769966 9.592484 -17.871811
v 13.688332 0.130861 -17.600861
v 15.062408 0.130876 -6.065561
v 14.955917 2.884966 -6.003683
v 13.581528 2.884935 -17.510160
v 15.230675 2.884981 -16.069651
v 16.404297 2.884966 -6.216878
v 16.511047 0.130892 -6.279570
v 15.337677 0.130907 -16.158470
v 15.337677 0.130907 -16.158470
v 16.511047 0.130892 -6.279570
v 15.337677 0.130907 -16.158470
v 23.270943 0.130846 -17.289101
v 24.444283 0.130876 -7.450783
v 24.336220 2.884966 -7.383654
v 23.162613 2.885012 -17.198259
v 25.784592 2.884951 -7.596544
v 24.410225 2.884966 -19.034960
v 25.892921 0.130892 -7.664456
v 24.518852 0.130876 -19.127590
v 23.270943 0.130846 -17.289101
v 24.444283 0.130876 -7.450783
v 23.270943 0.130846 -17.289101
v 15.337677 0.130907 -16.158470
v 15.337677 0.130907 -16.158470
v 23.270943 0.130846 -17.289101
v 23.270943 0.130846 -17.289101
v 15.337677 0.130907 -16.158470
v 23.270943 0.130846 -17.289101
v 14.645256 8.734467 -5.869090
v 14.645256 8.734467 -5.869090
v 16.091629 8.734436 -6.080409
v 24.090508 8.734482 -7.248589
v 24.090508 8.734482 -7.248589
v 25.536850 8.734467 -7.459661
v 16.404297 2.884966 -6.216878
v 16.511047 0.130892 -6.279570
v 16.404297 2.884966 -6.216878
v 25.784592 2.884951 -7.596544
v 25.892921 0.130892 -7.664456
v 25.784592 2.884951 -7.596544
v 20.287903 87.319427 3.570403
v 20.287880 87.309250 5.070380
v 21.499741 87.309235 5.070382
v 21.499779 87.319473 3.570400
v 20.549690 79.685905 4.935995
v 21.772652 79.685875 4.936000
v 20.287880 87.309250 5.070380
v 15.454094 115.458824 5.457038
v 16.870750 115.512810 5.457546
v 15.454079 115.482826 3.937299
v 21.772667 79.716133 -0.944892
v 20.549675 79.693413 3.472192
v 20.549667 79.716148 -0.944891
v 21.499748 87.349342 -0.836097
v 20.287918 87.349373 -0.836101
v 20.287880 87.309250 5.070380
v 20.287903 87.319427 3.570403
v 18.493576 90.780403 3.622076
v 18.493637 90.768944 5.126123
v 20.287880 87.309250 5.070380
v 15.555534 88.804131 5.096051
v 20.549690 79.685905 4.935995
v 20.287880 87.309250 5.070380
v 20.287880 87.309250 5.070380
v 15.555527 88.814827 3.593649
v 20.549675 79.693413 3.472192
v 20.549675 79.693413 3.472192
v 20.549690 79.685905 4.935995
v 17.551155 101.504005 3.774618
v 17.551201 101.487923 5.290316
v 14.746559 99.419945 5.260669
v 14.746574 99.435173 3.746718
v 15.555527 88.814827 3.593649
v 14.746574 99.435173 3.746718
v 14.746574 99.435173 3.746718
v 15.386452 103.381920 3.799188
v 15.386459 103.364815 5.316255
v 12.893097 101.500816 5.290504
v 12.893105 101.517006 3.774775
v 14.746574 99.435173 3.746718
v 14.746574 99.435173 3.746718
v 12.893105 101.517006 3.774775
v 15.318840 109.992729 3.879363
v 15.318832 109.972130 5.399288
v 12.805939 109.918037 5.398668
v 12.805977 109.938728 3.878758
v 12.893105 101.517006 3.774775
v 12.805977 109.938728 3.878758
v 12.805977 109.938728 3.878758
v 15.318832 109.972130 5.399288
v 15.318840 109.992729 3.879363
v 16.904724 111.232903 3.893193
v 16.904755 111.211510 5.413284
v 15.318832 109.972130 5.399288
v 15.454094 115.458824 5.457038
v 15.318832 109.972130 5.399288
v 15.454094 115.458824 5.457038
v 15.454094 115.458824 5.457038
v 15.454094 115.458824 5.457038
v 15.454079 115.482826 3.937299
v 12.805977 109.938728 3.878758
v 15.454079 115.482826 3.937299
v 15.454094 115.458824 5.457038
v 16.904762 111.295311 -0.527378
v 15.318840 109.992729 3.879363
v 15.318840 109.992729 3.879363
v 15.318848 110.053108 -0.541581
v 15.318840 109.992729 3.879363
v 15.454079 115.482826 3.937299
v 15.454079 115.482826 3.937299
v 15.454071 115.552620 -0.480639
v 16.870705 115.606728 -0.480071
v 15.454071 115.552620 -0.480639
v 20.549675 79.693413 3.472192
v 20.549667 79.716148 -0.944891
v 20.549675 79.693413 3.472192
v 20.287903 87.319427 3.570403
v 20.549675 79.693413 3.472192
v 15.555527 88.814827 3.593649
v 15.555527 88.814827 3.593649
v 20.287903 87.319427 3.570403
v 20.549690 79.685905 4.935995
v 21.499741 87.389717 -6.792546
v 20.287926 87.389732 -6.792555
v 20.287918 87.379402 -5.270319
v 21.499779 87.379402 -5.270318
v 21.772682 79.746635 -6.875174
v 20.549652 79.746635 -6.875168
v 20.287926 87.389732 -6.792555
v 15.454117 115.647316 -6.467955
v 15.454041 115.622932 -4.925970
v 16.870766 115.701622 -6.467319
v 21.772667 79.716133 -0.944892
v 20.549667 79.716148 -0.944891
v 20.549728 79.739029 -5.389744
v 21.772667 79.716133 -0.944892
v 21.499748 87.349342 -0.836097
v 20.287918 87.349373 -0.836101
v 21.499748 87.349342 -0.836097
v 18.493629 90.847878 -5.225526
v 20.287918 87.379402 -5.270319
v 20.287926 87.389732 -6.792555
v 20.287926 87.389732 -6.792555
v 18.493668 90.859566 -6.751951
v 15.555550 88.888924 -6.776422
v 20.287926 87.389732 -6.792555
v 20.287926 87.389732 -6.792555
v 20.549652 79.746635 -6.875168
v 20.549728 79.739029 -5.389744
v 15.555580 88.877983 -5.251693
v 20.549652 79.746635 -6.875168
v 20.549728 79.739029 -5.389744
v 17.551186 101.598930 -5.092405
v 17.551132 101.615318 -6.630678
v 14.746590 99.539680 -6.654296
v 14.746582 99.524284 -5.117775
v 14.746582 99.524284 -5.117775
v 15.555580 88.877983 -5.251693
v 14.746582 99.524284 -5.117775
v 15.386444 103.482216 -5.069529
v 15.386467 103.499611 -6.609169
v 12.893112 101.628319 -6.630537
v 12.893127 101.611794 -5.092243
v 12.893127 101.611794 -5.092243
v 14.746582 99.524284 -5.117775
v 14.746582 99.524284 -5.117775
v 15.318848 110.113716 -4.990188
v 15.318848 110.134819 -6.532592
v 12.805931 110.080513 -6.533219
v 12.805931 110.059517 -4.990834
v 12.805931 110.059517 -4.990834
v 12.893127 101.611794 -5.092243
v 12.805931 110.059517 -4.990834
v 16.904747 111.358009 -4.975536
v 15.318848 110.113716 -4.990188
v 15.318848 110.134819 -6.532592
v 15.318848 110.134819 -6.532592
v 16.904709 111.379814 -6.518075
v 15.454117 115.647316 -6.467955
v 15.318848 110.134819 -6.532592
v 15.454117 115.647316 -6.467955
v 15.454117 115.647316 -6.467955
v 15.454041 115.622932 -4.925970
v 15.454117 115.647316 -6.467955
v 12.805931 110.059517 -4.990834
v 15.454041 115.622932 -4.925970
v 15.454117 115.647316 -6.467955
v 21.772667 79.716133 -0.944892
v 21.499748 87.349342 -0.836097
v 21.772667 79.716133 -0.944892
v 15.318848 110.113716 -4.990188
v 16.904762 111.295311 -0.527378
v 16.904762 111.295311 -0.527378
v 15.318848 110.053108 -0.541581
v 15.318848 110.113716 -4.990188
v 15.454041 115.622932 -4.925970
v 15.318848 110.113716 -4.990188
v 15.318848 110.053108 -0.541581
v 15.318848 110.053108 -0.541581
v 15.454071 115.552620 -0.480639
v 15.454041 115.622932 -4.925970
v 16.870705 115.606728 -0.480071
v 15.454071 115.552620 -0.480639
v 16.870705 115.606728 -0.480071
v 16.870705 115.606728 -0.480071
v 16.870705 115.606728 -0.480071
v 16.904762 111.295311 -0.527378
v 20.287918 87.349373 -0.836101
v 20.549728 79.739029 -5.389744
v 20.549728 79.739029 -5.389744
v 20.549667 79.716148 -0.944891
v 20.287918 87.349373 -0.836101
v 20.287918 87.379402 -5.270319
v 15.555580 88.877983 -5.251693
v 15.555580 88.877983 -5.251693
v 20.549728 79.739029 -5.389744
v 20.287918 87.379402 -5.270319
v 20.549652 79.746635 -6.875168
v 7.097420 63.771271 6.243903
v 7.097458 63.781036 2.500218
v 17.323097 65.219231 2.522786
v 17.323143 65.208733 6.272736
v 2.781281 90.382515 -9.541897
v 2.781288 90.260139 6.771875
v 14.436516 98.527229 6.906953
v 14.436493 98.687538 -9.485937
v 4.964180 68.724670 6.345937
v 18.739525 69.984291 6.371312
v 17.323097 65.219231 2.522786
v 18.739479 69.997368 2.598192
v 2.813591 84.297234 6.654092
v 17.958305 83.189064 6.633327
v 15.180061 88.698174 6.741518
v 17.986382 83.337891 -9.553129
v 18.674934 70.133102 -9.582159
v 17.986382 83.337891 -9.553129
v 18.674934 70.133102 -9.582159
v 2.812225 84.406334 -9.549433
v 15.178719 88.824196 -9.543335
v 17.986382 83.337891 -9.553129
v 4.977158 68.807587 -9.584276
v 18.674934 70.133102 -9.582159
v 4.964203 68.737106 2.578254
v 7.097458 63.781036 2.500218
v 7.097458 63.781036 2.500218
v 17.323097 65.219231 2.522786
v 7.097458 63.781036 2.500218
v 4.964203 68.737106 2.578254
v 4.964203 68.737106 2.578254
v 18.739479 69.997368 2.598192
v 17.323097 65.219231 2.522786
v 4.964203 68.737106 2.578254
v 18.674934 70.133102 -9.582159
v 18.674934 70.133102 -9.582159
v 18.739479 69.997368 2.598192
v 4.964203 68.737106 2.578254
v 2.781288 90.260139 6.771875
v 14.436516 98.527229 6.906953
v 2.781288 90.260139 6.771875
v 15.178719 88.824196 -9.543335
v 14.436493 98.687538 -9.485937
v 14.436493 98.687538 -9.485937
v 14.436516 98.527229 6.906953
v 2.781281 90.382515 -9.541897
v 2.781281 90.382515 -9.541897
v 14.436493 98.687538 -9.485937
v 2.781288 90.260139 6.771875
v 2.781281 90.382515 -9.541897
v 2.781281 90.382515 -9.541897
v 9.525703 60.735085 4.818287
v 10.746834 46.210815 1.672979
v 18.134048 47.485260 0.588665
v 16.779442 62.056946 3.774666
v 15.389923 62.078102 -6.800519
v 17.130714 47.490448 -7.115360
v 8.138710 60.754570 -5.725889
v 15.389923 62.078102 -6.800519
v 17.130714 47.490448 -7.115360
v 17.130714 47.490448 -7.115360
v 9.745316 46.215340 -6.013906
v 18.853523 58.484398 4.628880
v 9.151085 56.900879 6.022502
v 8.833786 56.904350 3.634471
v 18.535439 58.488220 2.226591
v 18.009506 60.316162 0.587925
v 8.330315 58.727104 1.999797
v 17.586777 62.905266 0.685128
v 18.009506 60.316162 0.587925
v 8.330315 58.727104 1.999797
v 8.330315 58.727104 1.999797
v 7.938370 61.310844 2.090632
v 7.889809 63.139427 3.865534
v 17.517250 64.736343 2.473071
v 8.210266 63.134300 6.270017
v 17.838409 64.730728 4.891948
v 8.709724 61.299728 7.881760
v 18.359871 62.893066 6.510942
v 9.098648 58.717705 7.774442
v 18.779572 60.305695 6.397169
v 7.889809 63.139427 3.865534
v 9.151085 56.900879 6.022502
v 8.709724 61.299728 7.881760
v 8.709724 61.299728 7.881760
v 8.210266 63.134300 6.270017
v 7.889809 63.139427 3.865534
v 8.330315 58.727104 1.999797
v 9.151085 56.900879 6.022502
v 7.889809 63.139427 3.865534
v 7.889809 63.139427 3.865534
v 7.938370 61.310844 2.090632
v 8.330315 58.727104 1.999797
v 8.330315 58.727104 1.999797
v 8.833786 56.904350 3.634471
v 9.151085 56.900879 6.022502
v 9.098648 58.717705 7.774442
v 8.709724 61.299728 7.881760
v 9.151085 56.900879 6.022502
v 17.586777 62.905266 0.685128
v 18.779572 60.305695 6.397169
v 18.535439 58.488220 2.226591
v 18.535439 58.488220 2.226591
v 18.009506 60.316162 0.587925
v 17.586777 62.905266 0.685128
v 17.838409 64.730728 4.891948
v 18.779572 60.305695 6.397169
v 17.586777 62.905266 0.685128
v 17.586777 62.905266 0.685128
v 17.517250 64.736343 2.473071
v 17.838409 64.730728 4.891948
v 17.838409 64.730728 4.891948
v 18.359871 62.893066 6.510942
v 18.779572 60.305695 6.397169
v 18.853523 58.484398 4.628880
v 18.535439 58.488220 2.226591
v 18.779572 60.305695 6.397169
v 7.268738 58.166374 -7.501152
v 6.622810 62.375275 -7.400949
v 16.038261 63.933636 -8.798189
v 16.733063 59.716248 -8.907701
v 8.641014 58.149956 2.967387
v 8.004036 62.353859 3.118260
v 6.622810 62.375275 -7.400949
v 8.004036 62.353859 3.118260
v 17.422401 63.910221 1.751238
v 16.038261 63.933636 -8.798189
v 17.422401 63.910221 1.751238
v 18.108215 59.698029 1.590253
v 16.038261 63.933636 -8.798189
v 9.687218 57.971504 3.125277
v 16.857819 59.176918 2.083735
v 14.285393 72.192398 2.657909
v 8.068565 71.840988 3.565713
v 15.664375 59.192146 -7.022168
v 13.305260 72.360306 -6.624515
v 8.495773 57.985626 -5.958109
v 6.851196 71.871796 -5.668753
v 13.305260 72.360306 -6.624515
v 15.664375 59.192146 -7.022168
v 13.305260 72.360306 -6.624515
v 13.129677 51.838547 5.096433
v 13.471855 51.215431 7.252481
v 12.360847 51.105667 7.156331
v 10.818169 51.529541 5.155004
v 12.461906 65.538712 10.034660
v 11.437675 65.365753 10.151840
v 12.034088 65.246681 10.770070
v 12.569954 65.337135 10.709030
v 11.655968 56.210228 8.643289
v 12.360847 51.105667 7.156331
v 13.471855 51.215431 7.252481
v 13.471855 51.215431 7.252481
v 13.341530 56.380852 8.789493
v 17.042892 57.101021 8.018234
v 17.782753 51.985451 6.519989
v 18.639412 52.802277 4.227138
v 17.889488 57.932114 5.717995
v 17.889488 57.932114 5.717995
v 18.639412 52.802277 4.227138
v 16.399940 52.370483 4.708852
v 15.100273 57.405891 6.247440
v 17.889488 57.932114 5.717995
v 11.655968 56.210228 8.643289
v 11.655968 56.210228 8.643289
v 10.118835 56.644081 6.630604
v 13.893745 64.271111 10.446970
v 12.761421 64.080238 10.576150
v 14.643608 64.397514 10.361370
v 12.011040 63.953777 10.661730
v 15.467247 56.732201 8.543342
v 17.042892 57.101021 8.018234
v 15.084259 64.760902 9.406070
v 14.643608 64.397514 10.361370
v 12.619316 64.345009 9.689053
v 13.751289 64.535950 9.559136
v 17.889488 57.932114 5.717995
v 17.889488 57.932114 5.717995
v 11.285110 64.120171 9.842095
v 15.084259 64.760902 9.406070
v 17.889488 57.932114 5.717995
v 17.889488 57.932114 5.717995
v 12.976204 57.053947 6.496640
v 10.118835 56.644081 6.630604
v 11.655968 56.210228 8.643289
v 12.011040 63.953777 10.661730
v 11.285110 64.120171 9.842095
v 11.285110 64.120171 9.842095
v 11.655968 56.210228 8.643289
v 16.744537 51.746246 6.868854
v 16.399940 52.370483 4.708852
v 16.399940 52.370483 4.708852
v 16.744537 51.746246 6.868854
v 17.782753 51.985451 6.519989
v 17.042892 57.101021 8.018234
v 17.042892 57.101021 8.018234
v 16.744537 51.746246 6.868854
v 13.129677 51.838547 5.096433
v 10.818169 51.529541 5.155004
v 10.118835 56.644081 6.630604
v 10.118835 56.644081 6.630604
v 13.129677 51.838547 5.096433
v 12.976204 57.053947 6.496640
v 13.341530 56.380852 8.789493
v 13.341530 56.380852 8.789493
v 16.399940 52.370483 4.708852
v 15.467247 56.732201 8.543342
v 15.467247 56.732201 8.543342
v 15.100273 57.405891 6.247440
v 16.399940 52.370483 4.708852
v 15.100273 57.405891 6.247440
v 15.467247 56.732201 8.543342
v 13.341530 56.380852 8.789493
v 13.341530 56.380852 8.789493
v 12.976204 57.053947 6.496640
v 15.100273 57.405891 6.247440
v 14.236092 65.618675 10.519160
v 13.700516 65.528168 10.580200
v 14.643608 64.397514 10.361370
v 14.615623 65.902832 9.788043
v 14.236092 65.618675 10.519160
v 14.643608 64.397514 10.361370
v 11.437675 65.365753 10.151840
v 11.437675 65.365753 10.151840
v 12.461906 65.538712 10.034660
v 12.011040 63.953777 10.661730
v 11.285110 64.120171 9.842095
v 12.011040 63.953777 10.661730
v 13.592247 65.729759 9.905259
v 13.700516 65.528168 10.580200
v 14.236092 65.618675 10.519160
v 14.236092 65.618675 10.519160
v 12.569954 65.337135 10.709030
v 12.034088 65.246681 10.770070
v 12.034088 65.246681 10.770070
v 13.592247 65.729759 9.905259
v 14.615623 65.902832 9.788043
v 14.615623 65.902832 9.788043
v 15.084259 64.760902 9.406070
v 12.761421 64.080238 10.576150
v 12.619316 64.345009 9.689053
v 12.619316 64.345009 9.689053
v 13.700516 65.528168 10.580200
v 13.751289 64.535950 9.559136
v 13.751289 64.535950 9.559136
v 13.893745 64.271111 10.446970
v 13.700516 65.528168 10.580200
v 13.893745 64.271111 10.446970
v 13.751289 64.535950 9.559136
v 12.619316 64.345009 9.689053
v 12.619316 64.345009 9.689053
v 12.761421 64.080238 10.576150
v 13.893745 64.271111 10.446970
v 14.550468 39.685562 2.827297
v 14.794006 39.461311 4.529461
v 14.178787 39.368126 4.610435
v 13.076622 39.461983 3.022627
v 18.708092 56.873093 4.655719
v 9.515640 55.355743 5.853419
v 11.788536 49.234108 8.450595
v 19.282700 50.440170 7.486637
v 14.178787 39.368126 4.610435
v 14.794006 39.461311 4.529461
v 14.352104 41.171059 5.241504
v 13.671013 41.066666 5.330770
v 14.178787 39.368126 4.610435
v 18.613762 40.041634 4.026392
v 19.226501 40.397552 2.207233
v 19.326447 42.128876 2.443975
v 18.631744 41.828957 4.680143
v 19.226501 40.397552 2.207233
v 17.755066 40.173088 2.402407
v 17.674011 41.873833 2.662770
v 19.326447 42.128876 2.443975
v 19.226501 40.397552 2.207233
v 12.419319 41.066246 3.357996
v 13.671013 41.066666 5.330770
v 17.951683 41.724190 4.769390
v 18.631744 41.828957 4.680143
v 20.342102 50.983246 3.570068
v 19.282700 50.440170 7.486637
v 9.732849 49.272888 4.960918
v 20.342102 50.983246 3.570068
v 20.342102 50.983246 3.570068
v 19.326447 42.128876 2.443975
v 12.419319 41.066246 3.357996
v 14.074837 41.320129 3.139048
v 12.419319 41.066246 3.357996
v 13.671013 41.066666 5.330770
v 11.788536 49.234108 8.450595
v 9.732849 49.272888 4.960918
v 9.732849 49.272888 4.960918
v 13.671013 41.066666 5.330770
v 17.999268 39.948105 4.107357
v 17.755066 40.173088 2.402407
v 17.755066 40.173088 2.402407
v 17.999268 39.948105 4.107357
v 18.613762 40.041634 4.026392
v 18.613762 40.041634 4.026392
v 18.631744 41.828957 4.680143
v 14.550468 39.685562 2.827297
v 13.076622 39.461983 3.022627
v 13.076622 39.461983 3.022627
v 12.419319 41.066246 3.357996
v 14.352104 41.171059 5.241504
v 14.074837 41.320129 3.139048
v 17.674011 41.873833 2.662770
v 17.674011 41.873833 2.662770
v 17.951683 41.724190 4.769390
v 14.352104 41.171059 5.241504
v 17.951683 41.724190 4.769390
v 17.674011 41.873833 2.662770
v 17.674011 41.873833 2.662770
v 17.755066 40.173088 2.402407
v 14.074837 41.320129 3.139048
v 14.074837 41.320129 3.139048
v 14.352104 41.171059 5.241504
v 9.515640 55.355743 5.853419
v 18.708092 56.873093 4.655719
v 18.708092 56.873093 4.655719
v 20.342102 50.983246 3.570068
v 18.708092 56.873093 4.655719
v 19.282700 50.440170 7.486637
v 11.788536 49.234108 8.450595
v 9.515640 55.355743 5.853419
v 9.732849 49.272888 4.960918
v 15.178719 88.824196 -9.543335
v 7.920387 54.615433 -6.212738
v 9.346443 54.044235 6.184111
v 18.993401 55.366913 5.030132
v 17.564636 55.942581 -7.406226
v 22.041069 21.808670 -4.035625
v 16.031456 21.138748 -3.292653
v 17.302010 15.413574 -4.007232
v 22.951767 15.993698 -4.711443
v 22.119942 22.213093 -12.704900
v 22.842400 16.347321 -13.327370
v 15.556831 15.593857 -12.402630
v 14.149666 21.330917 -11.682920
v 15.556831 15.593857 -12.402630
v 14.149666 21.330917 -11.682920
v 15.556831 15.593857 -12.402630
v 12.830460 39.139420 2.656170
v 19.363327 39.984665 1.857058
v 18.993401 55.366913 5.030132
v 18.993401 55.366913 5.030132
v 9.346443 54.044235 6.184111
v 21.479210 46.681732 -5.481483
v 20.786507 46.990814 -12.472830
v 17.564636 55.942581 -7.406226
v 17.564636 55.942581 -7.406226
v 18.993401 55.366913 5.030132
v 6.956375 44.955750 -10.757570
v 7.920387 54.615433 -6.212738
v 17.564636 55.942581 -7.406226
v 17.564636 55.942581 -7.406226
v 9.346443 54.044235 6.184111
v 7.135056 44.643829 -3.713061
v 13.771416 32.939575 -1.811742
v 20.247856 33.656593 -2.622235
v 22.110649 38.699905 -7.027315
v 20.912727 38.923500 -12.506080
v 8.880089 37.347435 -11.008300
v 14.772774 28.380024 -2.568783
v 20.943214 29.001595 -3.346750
v 21.475479 29.611351 -12.246500
v 12.492516 28.580875 -11.112650
v 12.492516 28.580875 -11.112650
v 8.748734 37.108582 -5.373853
v 8.880089 37.347435 -11.008300
v 12.492516 28.580875 -11.112650
v 14.149666 21.330917 -11.682920
v 12.492516 28.580875 -11.112650
v 14.149666 21.330917 -11.682920
v 9.346443 54.044235 6.184111
v 7.920387 54.615433 -6.212738
v 7.920387 54.615433 -6.212738
v 6.956375 44.955750 -10.757570
v 18.993401 55.366913 5.030132
v 6.956375 44.955750 -10.757570
v 8.880089 37.347435 -11.008300
v 6.956375 44.955750 -10.757570
v -15.578114 105.504723 6.602656
v -15.578098 105.693611 -9.092474
v -18.195900 105.693596 -9.092463
v -18.195885 105.504814 6.602652
v -15.628300 83.555717 6.236150
v -15.595020 103.456413 6.572795
v -18.215858 103.456413 6.572786
v -18.515434 83.555763 6.236147
v -15.628239 83.647552 -9.213396
v -15.595066 103.634224 -9.107801
v -18.195885 105.504814 6.602652
v -19.884148 105.504814 6.602649
v -19.906044 103.456413 6.572786
v -19.906059 103.634117 -9.107767
v -19.906044 103.456413 6.572786
v -19.884148 105.504814 6.602649
v -19.884148 105.504814 6.602649
v -19.884163 105.693611 -9.092470
v -18.215858 103.634102 -9.107784
v -18.195900 105.693596 -9.092463
v -18.195900 105.693596 -9.092463
v -19.884148 105.504814 6.602649
v -18.515465 83.647552 -9.213415
v -18.195885 105.504814 6.602652
v -18.195885 105.504814 6.602652
v -19.906059 103.634117 -9.107767
v -19.884163 105.693611 -9.092470
v -19.884163 105.693611 -9.092470
v -18.195900 105.693596 -9.092463
v -18.215858 103.456413 6.572786
v -19.906044 103.456413 6.572786
v -18.215858 103.634102 -9.107784
v -18.215858 103.456413 6.572786
v -18.515465 83.647552 -9.213415
v -18.515434 83.555763 6.236147
v -18.215858 103.456413 6.572786
v -18.215858 103.456413 6.572786
v -18.215858 103.634102 -9.107784
v -18.515465 83.647552 -9.213415
v -18.114891 103.737114 -8.428621
v -21.349052 103.737007 -8.428629
v -21.349083 103.573997 5.905676
v -18.114876 103.574013 5.905681
v -18.114876 103.574013 5.905681
v -21.910667 85.973534 5.625042
v -18.414009 83.559639 5.581220
v -18.114876 103.574013 5.905681
v -21.910667 86.065224 -8.533760
v -18.114891 103.737114 -8.428621
v -18.414024 83.643532 -8.541199
v -18.114891 103.737114 -8.428621
v -16.103992 91.356026 -3.217565
v -16.042194 102.525108 -6.234103
v -14.195759 102.525108 -6.234107
v -14.243458 91.356041 -3.217574
v -16.028873 105.397713 -4.103684
v -14.185520 105.397713 -4.103701
v -16.028858 105.328712 1.675955
v -14.185505 105.328621 1.675957
v -16.042225 102.415810 3.723155
v -14.195713 102.415627 3.723162
v -16.104069 91.327309 0.481950
v -14.243473 91.327415 0.481942
v -14.185520 105.397713 -4.103701
v -14.185505 105.328621 1.675957
v -14.195713 102.415627 3.723162
v -14.195713 102.415627 3.723162
v -14.243458 91.356041 -3.217574
v -14.185520 105.397713 -4.103701
v -14.185520 105.397713 -4.103701
v -14.243458 91.356041 -3.217574
v -14.195759 102.525108 -6.234107
v -14.243473 91.327415 0.481942
v -14.243458 91.356041 -3.217574
v -14.195713 102.415627 3.723162
v -26.458870 0.130953 14.412440
v -29.367241 0.130922 14.017459
v -28.313255 0.130937 5.453673
v -25.404854 0.130922 5.874016
v -24.710625 18.540512 -3.137897
v -24.584480 18.540604 -4.189524
v -32.969440 18.540649 -5.401536
v -33.095600 18.540604 -4.349522
v -26.458870 0.130953 14.412440
v -26.374214 0.910143 13.979079
v -29.282570 0.910173 13.582730
v -29.367241 0.130922 14.017459
v -26.458870 0.130953 14.412440
v -36.423817 3.479250 7.902668
v -35.994465 3.482058 4.349233
v -36.126453 0.130907 4.320498
v -37.180439 0.130968 12.948700
v -37.095692 0.910158 12.510550
v -32.416523 8.926559 -13.952070
v -23.988029 8.926544 -12.740140
v -24.338615 0.130907 -12.982190
v -32.780994 0.130922 -14.205460
v -25.413750 8.926483 -0.761287
v -25.275475 3.482073 5.894756
v -25.404854 0.130922 5.874016
v -25.404854 0.130922 5.874016
v -23.988029 8.926544 -12.740140
v -24.338615 0.130907 -12.982190
v -23.988029 8.926544 -12.740140
v -25.404854 0.130922 5.874016
v -25.413750 8.926483 -0.761287
v -24.779289 16.916260 -3.166971
v -33.173450 16.916275 -4.382038
v -33.842213 8.926483 -1.990151
v -25.413750 8.926483 -0.761287
v -33.047474 16.916351 -5.434262
v -24.653297 16.916336 -4.218874
v -23.650276 16.916702 -12.569530
v -32.044453 16.916748 -13.768860
v -33.095600 18.540604 -4.349522
v -32.969440 18.540649 -5.401536
v -33.047474 16.916351 -5.434262
v -33.047474 16.916351 -5.434262
v -33.173450 16.916275 -4.382038
v -33.095600 18.540604 -4.349522
v -24.584480 18.540604 -4.189524
v -24.710625 18.540512 -3.137897
v -24.779289 16.916260 -3.166971
v -24.779289 16.916260 -3.166971
v -24.653297 16.916336 -4.218874
v -24.584480 18.540604 -4.189524
v -33.086781 3.482027 4.769500
v -25.275475 3.482073 5.894756
v -25.413750 8.926483 -0.761287
v -25.413750 8.926483 -0.761287
v -25.275475 3.482073 5.894756
v -28.183174 3.482073 5.476563
v -35.994465 3.482058 4.349233
v -34.187366 0.910189 12.910900
v -33.516163 3.479235 8.315492
v -36.423817 3.479250 7.902668
v -36.423817 3.479250 7.902668
v -37.095692 0.910158 12.510550
v -36.126453 0.130907 4.320498
v -36.126453 0.130907 4.320498
v -33.218067 0.130922 4.742960
v -33.842213 8.926483 -1.990151
v -32.416523 8.926559 -13.952070
v -32.780994 0.130922 -14.205460
v -32.780994 0.130922 -14.205460
v -33.842213 8.926483 -1.990151
v -32.780994 0.130922 -14.205460
v -25.704857 3.479265 9.419309
v -26.374214 0.910143 13.979079
v -26.458870 0.130953 14.412440
v -26.458870 0.130953 14.412440
v -25.404854 0.130922 5.874016
v -25.404854 0.130922 5.874016
v -34.272083 0.130937 13.347820
v -37.180439 0.130968 12.948700
v -37.180439 0.130968 12.948700
v -36.126453 0.130907 4.320498
v -34.272083 0.130937 13.347820
v -34.187366 0.910189 12.910900
v -37.095692 0.910158 12.510550
v -37.095692 0.910158 12.510550
v -37.180439 0.130968 12.948700
v -34.272083 0.130937 13.347820
v -28.612556 3.479265 9.009345
v -25.704857 3.479265 9.419309
v -25.704857 3.479265 9.419309
v -25.275475 3.482073 5.894756
v -33.218067 0.130922 4.742960
v -33.086781 3.482027 4.769500
v -33.516163 3.479235 8.315492
v -33.516163 3.479235 8.315492
v -34.187366 0.910189 12.910900
v -33.218067 0.130922 4.742960
v -34.187366 0.910189 12.910900
v -34.272083 0.130937 13.347820
v -33.218067 0.130922 4.742960
v -28.313255 0.130937 5.453673
v -28.183174 3.482073 5.476563
v -33.086781 3.482027 4.769500
v -33.086781 3.482027 4.769500
v -33.218067 0.130922 4.742960
v -28.313255 0.130937 5.453673
v -29.367241 0.130922 14.017459
v -28.612556 3.479265 9.009345
v -28.612556 3.479265 9.009345
v -28.183174 3.482073 5.476563
v -29.367241 0.130922 14.017459
v -28.183174 3.482073 5.476563
v -28.313255 0.130937 5.453673
v -29.367241 0.130922 14.017459
v -36.423817 3.479250 7.902668
v -35.994465 3.482058 4.349233
v -36.423817 3.479250 7.902668
v -29.282570 0.910173 13.582730
v -26.374214 0.910143 13.979079
v -26.374214 0.910143 13.979079
v -25.704857 3.479265 9.419309
v -23.650276 16.916702 -12.569530
v -24.653297 16.916336 -4.218874
v -24.653297 16.916336 -4.218874
v -24.779289 16.916260 -3.166971
v -23.988029 8.926544 -12.740140
v -23.650276 16.916702 -12.569530
v -32.416523 8.926559 -13.952070
v -33.173450 16.916275 -4.382038
v -33.047474 16.916351 -5.434262
v -33.047474 16.916351 -5.434262
v -32.044453 16.916748 -13.768860
v -32.416523 8.926559 -13.952070
v -32.416523 8.926559 -13.952070
v -33.842213 8.926483 -1.990151
v -33.173450 16.916275 -4.382038
v -22.715446 8.734482 -12.855450
v -22.647270 10.398010 -12.816370
v -23.481071 10.397949 -5.835915
v -23.548531 8.734451 -5.869106
v -24.092690 10.398026 -13.024230
v -24.926491 10.397934 -6.046692
v -24.161781 8.734497 -13.063750
v -24.994850 8.734451 -6.080407
v -24.161781 8.734497 -13.063750
v -24.994850 8.734451 -6.080407
v -24.161781 8.734497 -13.063750
v -32.160664 8.734512 -14.212830
v -32.086384 10.398056 -14.170980
v -32.920185 10.397949 -7.211837
v -32.993732 8.734482 -7.248579
v -33.531727 10.398026 -14.377800
v -34.365559 10.397919 -7.422383
v -33.607014 8.734512 -14.420030
v -34.440052 8.734482 -7.459654
v -32.160664 8.734512 -14.212830
v -32.993732 8.734482 -7.248579
v -32.993732 8.734482 -7.248579
v -22.103386 9.818314 -17.497959
v -22.034279 11.481888 -17.459419
v -23.606941 11.256042 -16.704611
v -23.676903 9.592484 -16.743980
v -23.676903 9.592484 -16.743980
v -24.161781 8.734497 -13.063750
v -23.676903 9.592484 -16.743980
v -31.673176 9.592499 -17.871811
v -31.597614 11.256042 -17.830709
v -32.913563 11.481903 -18.983860
v -32.990467 9.818329 -19.024590
v -31.673176 9.592499 -17.871811
v -32.160664 8.734512 -14.212830
v -31.673176 9.592499 -17.871811
v -31.673176 9.592499 -17.871811
v -23.676903 9.592484 -16.743980
v -23.676903 9.592484 -16.743980
v -31.673176 9.592499 -17.871811
v -23.676903 9.592484 -16.743980
v -31.673176 9.592499 -17.871811
v -22.591560 0.130892 -17.600861
v -22.484810 2.884981 -17.510180
v -23.859169 2.884996 -6.003676
v -23.965645 0.130892 -6.065562
v -24.133949 2.884996 -16.069651
v -25.307564 2.884996 -6.216881
v -24.240929 0.130892 -16.158480
v -25.414314 0.130892 -6.279571
v -24.240929 0.130892 -16.158480
v -25.414314 0.130892 -6.279571
v -24.240929 0.130892 -16.158480
v -32.174152 0.130892 -17.289089
v -32.065845 2.885027 -17.198259
v -33.239460 2.884981 -7.383648
v -33.347553 0.130892 -7.450783
v -33.313526 2.884981 -19.034941
v -34.687855 2.884966 -7.596556
v -33.422108 0.130892 -19.127590
v -34.796162 0.130907 -7.664454
v -32.174152 0.130892 -17.289089
v -33.347553 0.130892 -7.450783
v -32.174152 0.130892 -17.289089
v -32.174152 0.130892 -17.289089
v -24.240929 0.130892 -16.158480
v -24.240929 0.130892 -16.158480
v -32.174152 0.130892 -17.289089
v -24.240929 0.130892 -16.158480
v -32.174152 0.130892 -17.289089
v -24.994850 8.734451 -6.080407
v -23.548531 8.734451 -5.869106
v -23.548531 8.734451 -5.869106
v -34.440052 8.734482 -7.459654
v -32.993732 8.734482 -7.248579
v -32.993732 8.734482 -7.248579
v -25.307564 2.884996 -6.216881
v -25.414314 0.130892 -6.279571
v -25.307564 2.884996 -6.216881
v -34.687855 2.884966 -7.596556
v -34.796162 0.130907 -7.664454
v -34.687855 2.884966 -7.596556
v -29.191185 87.319466 3.570402
v -30.403034 87.319420 3.570396
v -30.403004 87.309174 5.070393
v -29.191200 87.309273 5.070374
v -29.452965 79.685844 4.936003
v -29.191200 87.309273 5.070374
v -30.675922 79.685905 4.935991
v -24.357368 115.458809 5.457039
v -24.357353 115.482811 3.937303
v -25.774025 115.512810 5.457554
v -30.675922 79.716118 -0.944884
v -29.452950 79.716095 -0.944887
v -29.452934 79.693375 3.472200
v -29.191185 87.349403 -0.836112
v -30.403049 87.349281 -0.836093
v -29.191200 87.309273 5.070374
v -27.396889 90.768959 5.126119
v -27.396904 90.780373 3.622071
v -29.191185 87.319466 3.570402
v -29.191200 87.309273 5.070374
v -24.458824 88.804085 5.096059
v -29.191200 87.309273 5.070374
v -29.191200 87.309273 5.070374
v -29.452965 79.685844 4.936003
v -29.452965 79.685844 4.936003
v -29.452934 79.693375 3.472200
v -29.452934 79.693375 3.472200
v -24.458809 88.814842 3.593648
v -26.454430 101.487801 5.290315
v -26.454460 101.504005 3.774612
v -23.649788 99.419945 5.260660
v -23.649849 99.435204 3.746723
v -23.649849 99.435204 3.746723
v -23.649849 99.435204 3.746723
v -24.458809 88.814842 3.593648
v -24.289711 103.364708 5.316254
v -24.289757 103.381813 3.799192
v -21.796364 101.500710 5.290505
v -21.796379 101.517021 3.774770
v -21.796379 101.517021 3.774770
v -23.649849 99.435204 3.746723
v -23.649849 99.435204 3.746723
v -24.222130 109.972130 5.399292
v -24.222084 109.992714 3.879360
v -21.709236 109.918022 5.398671
v -21.709206 109.938713 3.878755
v -21.709206 109.938713 3.878755
v -21.709206 109.938713 3.878755
v -21.796379 101.517021 3.774770
v -24.222130 109.972130 5.399292
v -25.807991 111.211525 5.413287
v -25.807991 111.232918 3.893196
v -24.222084 109.992714 3.879360
v -24.222130 109.972130 5.399292
v -24.357368 115.458809 5.457039
v -24.222130 109.972130 5.399292
v -24.357368 115.458809 5.457039
v -24.357353 115.482811 3.937303
v -24.357368 115.458809 5.457039
v -24.357368 115.458809 5.457039
v -21.709206 109.938713 3.878755
v -24.357353 115.482811 3.937303
v -24.357368 115.458809 5.457039
v -25.807991 111.295219 -0.527366
v -24.222115 110.053108 -0.541574
v -24.222084 109.992714 3.879360
v -24.222084 109.992714 3.879360
v -24.357353 115.552635 -0.480635
v -24.357353 115.482811 3.937303
v -24.357353 115.482811 3.937303
v -24.222084 109.992714 3.879360
v -25.774010 115.606819 -0.480063
v -24.357353 115.552635 -0.480635
v -29.452934 79.693375 3.472200
v -29.452950 79.716095 -0.944887
v -29.452934 79.693375 3.472200
v -29.191185 87.319466 3.570402
v -24.458809 88.814842 3.593648
v -24.458809 88.814842 3.593648
v -29.452934 79.693375 3.472200
v -29.191185 87.319466 3.570402
v -29.452965 79.685844 4.936003
v -30.403034 87.389679 -6.792532
v -30.403019 87.379356 -5.270316
v -29.191170 87.379372 -5.270318
v -29.191170 87.389748 -6.792547
v -29.191170 87.389748 -6.792547
v -29.452950 79.746613 -6.875154
v -30.675953 79.746635 -6.875165
v -24.357399 115.647316 -6.467956
v -25.774010 115.701637 -6.467323
v -24.357338 115.623009 -4.925963
v -30.675922 79.716118 -0.944884
v -29.452950 79.739059 -5.389744
v -29.452950 79.716095 -0.944887
v -30.675922 79.716118 -0.944884
v -30.403049 87.349281 -0.836093
v -29.191185 87.349403 -0.836112
v -30.403049 87.349281 -0.836093
v -27.396873 90.847862 -5.225522
v -27.396873 90.859566 -6.751937
v -29.191170 87.389748 -6.792547
v -29.191170 87.389748 -6.792547
v -29.191170 87.379372 -5.270318
v -24.458809 88.888954 -6.776417
v -29.452950 79.746613 -6.875154
v -29.191170 87.389748 -6.792547
v -29.191170 87.389748 -6.792547
v -29.452950 79.739059 -5.389744
v -29.452950 79.746613 -6.875154
v -24.458809 88.878014 -5.251688
v -29.452950 79.739059 -5.389744
v -26.454475 101.598915 -5.092398
v -26.454445 101.615303 -6.630676
v -23.649834 99.539711 -6.654290
v -23.649849 99.524284 -5.117780
v -23.649849 99.524284 -5.117780
v -24.458809 88.878014 -5.251688
v -23.649849 99.524284 -5.117780
v -24.289742 103.482109 -5.069532
v -24.289726 103.499611 -6.609174
v -21.796379 101.628304 -6.630535
v -21.796379 101.611916 -5.092246
v -23.649849 99.524284 -5.117780
v -23.649849 99.524284 -5.117780
v -21.796379 101.611916 -5.092246
v -24.222145 110.113823 -4.990180
v -24.222099 110.134712 -6.532586
v -21.709206 110.080421 -6.533210
v -21.709236 110.059517 -4.990839
v -21.709236 110.059517 -4.990839
v -21.796379 101.611916 -5.092246
v -21.709236 110.059517 -4.990839
v -25.807991 111.358116 -4.975538
v -25.808006 111.379829 -6.518063
v -24.222099 110.134712 -6.532586
v -24.222099 110.134712 -6.532586
v -24.222145 110.113823 -4.990180
v -24.357399 115.647316 -6.467956
v -24.222099 110.134712 -6.532586
v -24.357399 115.647316 -6.467956
v -24.357399 115.647316 -6.467956
v -24.357338 115.623009 -4.925963
v -24.357399 115.647316 -6.467956
v -21.709236 110.059517 -4.990839
v -24.357338 115.623009 -4.925963
v -24.357399 115.647316 -6.467956
v -30.675922 79.716118 -0.944884
v -30.403049 87.349281 -0.836093
v -30.675922 79.716118 -0.944884
v -24.222145 110.113823 -4.990180
v -24.222115 110.053108 -0.541574
v -25.807991 111.295219 -0.527366
v -25.807991 111.295219 -0.527366
v -24.222145 110.113823 -4.990180
v -24.357338 115.623009 -4.925963
v -24.357353 115.552635 -0.480635
v -24.222115 110.053108 -0.541574
v -24.222115 110.053108 -0.541574
v -24.222145 110.113823 -4.990180
v -24.357338 115.623009 -4.925963
v -25.774010 115.606819 -0.480063
v -24.357353 115.552635 -0.480635
v -25.774010 115.606819 -0.480063
v -25.807991 111.295219 -0.527366
v -25.774010 115.606819 -0.480063
v -25.774010 115.606819 -0.480063
v -29.191185 87.349403 -0.836112
v -29.452950 79.716095 -0.944887
v -29.452950 79.739059 -5.389744
v -29.452950 79.739059 -5.389744
v -29.191185 87.349403 -0.836112
v -29.191170 87.379372 -5.270318
v -29.452950 79.739059 -5.389744
v -24.458809 88.878014 -5.251688
v -24.458809 88.878014 -5.251688
v -29.191170 87.379372 -5.270318
v -29.452950 79.746613 -6.875154
v -16.000645 63.771294 6.243902
v -26.226387 65.208740 6.272738
v -26.226372 65.219238 2.522794
v -16.000660 63.781036 2.500218
v -11.684513 90.382454 -9.541887
v -23.339775 98.687569 -9.485941
v -23.339745 98.527199 6.906959
v -11.684498 90.260139 6.771874
v -13.867420 68.724640 6.345935
v -27.642784 69.984314 6.371313
v -27.642754 69.997360 2.598205
v -26.226372 65.219238 2.522794
v -11.716816 84.297234 6.654089
v -24.083351 88.698166 6.741529
v -26.861580 83.189064 6.633333
v -26.889671 83.337868 -9.553112
v -27.578209 70.133125 -9.582165
v -26.889671 83.337868 -9.553112
v -24.081932 88.824196 -9.543327
v -11.715504 84.406334 -9.549427
v -27.578209 70.133125 -9.582165
v -26.889671 83.337868 -9.553112
v -13.880405 68.807594 -9.584278
v -27.578209 70.133125 -9.582165
v -13.867420 68.737091 2.578253
v -16.000660 63.781036 2.500218
v -16.000660 63.781036 2.500218
v -26.226372 65.219238 2.522794
v -27.642754 69.997360 2.598205
v -13.867420 68.737091 2.578253
v -13.867420 68.737091 2.578253
v -16.000660 63.781036 2.500218
v -26.226372 65.219238 2.522794
v -13.867420 68.737091 2.578253
v -27.642754 69.997360 2.598205
v -27.578209 70.133125 -9.582165
v -27.578209 70.133125 -9.582165
v -13.867420 68.737091 2.578253
v -11.684498 90.260139 6.771874
v -23.339745 98.527199 6.906959
v -11.684498 90.260139 6.771874
v -23.339745 98.527199 6.906959
v -23.339775 98.687569 -9.485941
v -23.339775 98.687569 -9.485941
v -24.081932 88.824196 -9.543327
v -23.339775 98.687569 -9.485941
v -11.684513 90.382454 -9.541887
v -11.684513 90.382454 -9.541887
v -11.684513 90.382454 -9.541887
v -11.684513 90.382454 -9.541887
v -11.684498 90.260139 6.771874
v -18.428978 60.735100 4.818291
v -25.682686 62.056969 3.774666
v -27.037300 47.485245 0.588676
v -19.650093 46.210823 1.672980
v -24.293159 62.078110 -6.800531
v -26.033974 47.490433 -7.115356
v -17.041965 60.754517 -5.725875
v -18.648582 46.215347 -6.013899
v -26.033974 47.490433 -7.115356
v -26.033974 47.490433 -7.115356
v -24.293159 62.078110 -6.800531
v -27.756798 58.484421 4.628878
v -27.438667 58.488243 2.226585
v -17.737022 56.904343 3.634478
v -18.054405 56.900917 6.022500
v -26.912788 60.316177 0.587933
v -17.233543 58.727104 1.999798
v -26.490013 62.905273 0.685136
v -16.841602 61.310852 2.090637
v -17.233543 58.727104 1.999798
v -17.233543 58.727104 1.999798
v -26.912788 60.316177 0.587933
v -26.420525 64.736320 2.473070
v -16.793064 63.139427 3.865536
v -26.741631 64.730713 4.891947
v -17.113518 63.134338 6.270013
v -27.263100 62.893089 6.510947
v -17.612968 61.299736 7.881763
v -27.682777 60.305717 6.397175
v -18.001884 58.717690 7.774438
v -16.793064 63.139427 3.865536
v -17.113518 63.134338 6.270013
v -17.612968 61.299736 7.881763
v -17.612968 61.299736 7.881763
v -18.054405 56.900917 6.022500
v -16.793064 63.139427 3.865536
v -17.233543 58.727104 1.999798
v -16.841602 61.310852 2.090637
v -16.793064 63.139427 3.865536
v -16.793064 63.139427 3.865536
v -18.054405 56.900917 6.022500
v -17.233543 58.727104 1.999798
v -17.233543 58.727104 1.999798
v -18.054405 56.900917 6.022500
v -17.737022 56.904343 3.634478
v -18.001884 58.717690 7.774438
v -18.054405 56.900917 6.022500
v -17.612968 61.299736 7.881763
v -26.490013 62.905273 0.685136
v -26.912788 60.316177 0.587933
v -27.438667 58.488243 2.226585
v -27.438667 58.488243 2.226585
v -27.682777 60.305717 6.397175
v -26.490013 62.905273 0.685136
v -26.741631 64.730713 4.891947
v -26.420525 64.736320 2.473070
v -26.490013 62.905273 0.685136
v -26.490013 62.905273 0.685136
v -27.682777 60.305717 6.397175
v -26.741631 64.730713 4.891947
v -26.741631 64.730713 4.891947
v -27.682777 60.305717 6.397175
v -27.263100 62.893089 6.510947
v -27.756798 58.484421 4.628878
v -27.682777 60.305717 6.397175
v -27.438667 58.488243 2.226585
v -16.172031 58.166389 -7.501146
v -25.636314 59.716240 -8.907690
v -24.941490 63.933659 -8.798187
v -15.526051 62.375244 -7.400938
v -15.526051 62.375244 -7.400938
v -16.907291 62.353836 3.118268
v -17.544243 58.149948 2.967385
v -26.325630 63.910213 1.751251
v -16.907291 62.353836 3.118268
v -24.941490 63.933659 -8.798187
v -27.011467 59.698006 1.590257
v -26.325630 63.910213 1.751251
v -24.941490 63.933659 -8.798187
v -18.590462 57.971481 3.125285
v -16.971775 71.841003 3.565711
v -23.188622 72.192398 2.657907
v -25.761070 59.176872 2.083738
v -22.208565 72.360306 -6.624528
v -24.567635 59.192169 -7.022178
v -17.399010 57.985619 -5.958101
v -15.754475 71.871780 -5.668758
v -22.208565 72.360306 -6.624528
v -24.567635 59.192169 -7.022178
v -22.208565 72.360306 -6.624528
v -22.032890 51.838547 5.096438
v -19.721458 51.529556 5.155000
v -21.264091 51.105652 7.156337
v -22.375145 51.215424 7.252473
v -21.365150 65.538689 10.034660
v -21.473183 65.337181 10.709030
v -20.937340 65.246681 10.770080
v -20.340950 65.365730 10.151840
v -20.559227 56.210205 8.643296
v -22.244789 56.380836 8.789495
v -22.375145 51.215424 7.252473
v -22.375145 51.215424 7.252473
v -21.264091 51.105652 7.156337
v -25.946129 57.101006 8.018239
v -26.792747 57.932106 5.718002
v -27.542671 52.802223 4.227154
v -26.686043 51.985428 6.519991
v -26.792747 57.932106 5.718002
v -24.003548 57.405869 6.247440
v -25.303185 52.370491 4.708852
v -27.542671 52.802223 4.227154
v -26.792747 57.932106 5.718002
v -19.022072 56.644066 6.630607
v -20.559227 56.210205 8.643296
v -20.559227 56.210205 8.643296
v -22.797005 64.271049 10.446970
v -23.546867 64.397560 10.361370
v -21.664726 64.080231 10.576150
v -20.914314 63.953770 10.661730
v -24.370537 56.732201 8.543342
v -25.946129 57.101006 8.018239
v -23.546867 64.397560 10.361370
v -23.987495 64.760902 9.406072
v -21.522575 64.345078 9.689050
v -20.188332 64.120102 9.842098
v -26.792747 57.932106 5.718002
v -26.792747 57.932106 5.718002
v -22.654533 64.535889 9.559136
v -26.792747 57.932106 5.718002
v -23.987495 64.760902 9.406072
v -21.879448 57.053947 6.496645
v -26.792747 57.932106 5.718002
v -19.022072 56.644066 6.630607
v -20.559227 56.210205 8.643296
v -20.188332 64.120102 9.842098
v -20.188332 64.120102 9.842098
v -20.914314 63.953770 10.661730
v -20.559227 56.210205 8.643296
v -25.303185 52.370491 4.708852
v -25.303185 52.370491 4.708852
v -25.647850 51.746269 6.868856
v -25.647850 51.746269 6.868856
v -25.946129 57.101006 8.018239
v -25.946129 57.101006 8.018239
v -26.686043 51.985428 6.519991
v -25.647850 51.746269 6.868856
v -22.032890 51.838547 5.096438
v -19.022072 56.644066 6.630607
v -19.022072 56.644066 6.630607
v -19.721458 51.529556 5.155000
v -22.032890 51.838547 5.096438
v -22.244789 56.380836 8.789495
v -22.244789 56.380836 8.789495
v -21.879448 57.053947 6.496645
v -25.303185 52.370491 4.708852
v -24.003548 57.405869 6.247440
v -24.370537 56.732201 8.543342
v -24.370537 56.732201 8.543342
v -25.303185 52.370491 4.708852
v -24.003548 57.405869 6.247440
v -21.879448 57.053947 6.496645
v -22.244789 56.380836 8.789495
v -22.244789 56.380836 8.789495
v -24.370537 56.732201 8.543342
v -24.003548 57.405869 6.247440
v -22.603767 65.528175 10.580210
v -23.139305 65.618713 10.519160
v -23.546867 64.397560 10.361370
v -23.139305 65.618713 10.519160
v -23.518898 65.902771 9.788047
v -23.546867 64.397560 10.361370
v -21.365150 65.538689 10.034660
v -20.340950 65.365730 10.151840
v -20.340950 65.365730 10.151840
v -20.914314 63.953770 10.661730
v -20.188332 64.120102 9.842098
v -20.914314 63.953770 10.661730
v -22.495506 65.729790 9.905254
v -23.139305 65.618713 10.519160
v -23.139305 65.618713 10.519160
v -22.603767 65.528175 10.580210
v -20.937340 65.246681 10.770080
v -20.937340 65.246681 10.770080
v -21.473183 65.337181 10.709030
v -23.987495 64.760902 9.406072
v -23.518898 65.902771 9.788047
v -23.518898 65.902771 9.788047
v -22.495506 65.729790 9.905254
v -21.522575 64.345078 9.689050
v -21.522575 64.345078 9.689050
v -21.664726 64.080231 10.576150
v -22.603767 65.528175 10.580210
v -22.797005 64.271049 10.446970
v -22.654533 64.535889 9.559136
v -22.654533 64.535889 9.559136
v -22.603767 65.528175 10.580210
v -22.797005 64.271049 10.446970
v -21.664726 64.080231 10.576150
v -21.522575 64.345078 9.689050
v -21.522575 64.345078 9.689050
v -22.654533 64.535889 9.559136
v -22.797005 64.271049 10.446970
v -23.453728 39.685562 2.827303
v -21.979927 39.461983 3.022628
v -23.082008 39.368095 4.610435
v -23.697289 39.461288 4.529469
v -27.611336 56.873062 4.655736
v -28.185936 50.440170 7.486632
v -20.691795 49.234100 8.450601
v -18.418892 55.355736 5.853421
v -23.082008 39.368095 4.610435
v -22.574257 41.066628 5.330773
v -23.255348 41.171028 5.241505
v -23.697289 39.461288 4.529469
v -23.082008 39.368095 4.610435
v -27.517021 40.041664 4.026396
v -27.534996 41.828972 4.680151
v -28.229668 42.128883 2.443979
v -28.129784 40.397530 2.207241
v -28.129784 40.397530 2.207241
v -28.229668 42.128883 2.443979
v -26.577248 41.873863 2.662765
v -26.658333 40.173042 2.402413
v -28.129784 40.397530 2.207241
v -21.322563 41.066246 3.357989
v -22.574257 41.066628 5.330773
v -26.854973 41.724213 4.769392
v -27.534996 41.828972 4.680151
v -28.185936 50.440170 7.486632
v -29.245369 50.983231 3.570074
v -28.229668 42.128883 2.443979
v -29.245369 50.983231 3.570074
v -29.245369 50.983231 3.570074
v -18.636147 49.272911 4.960918
v -21.322563 41.066246 3.357989
v -22.978111 41.320122 3.139051
v -21.322563 41.066246 3.357989
v -22.574257 41.066628 5.330773
v -18.636147 49.272911 4.960918
v -18.636147 49.272911 4.960918
v -20.691795 49.234100 8.450601
v -22.574257 41.066628 5.330773
v -26.658333 40.173042 2.402413
v -26.658333 40.173042 2.402413
v -26.902550 39.948097 4.107360
v -27.534996 41.828972 4.680151
v -27.517021 40.041664 4.026396
v -27.517021 40.041664 4.026396
v -26.902550 39.948097 4.107360
v -21.322563 41.066246 3.357989
v -21.979927 39.461983 3.022628
v -21.979927 39.461983 3.022628
v -23.453728 39.685562 2.827303
v -23.255348 41.171028 5.241505
v -26.854973 41.724213 4.769392
v -26.577248 41.873863 2.662765
v -26.577248 41.873863 2.662765
v -22.978111 41.320122 3.139051
v -23.255348 41.171028 5.241505
v -26.658333 40.173042 2.402413
v -26.577248 41.873863 2.662765
v -26.577248 41.873863 2.662765
v -26.854973 41.724213 4.769392
v -23.255348 41.171028 5.241505
v -22.978111 41.320122 3.139051
v -22.978111 41.320122 3.139051
v -29.245369 50.983231 3.570074
v -27.611336 56.873062 4.655736
v -27.611336 56.873062 4.655736
v -18.418892 55.355736 5.853421
v -28.185936 50.440170 7.486632
v -27.611336 56.873062 4.655736
v -20.691795 49.234100 8.450601
v -18.636147 49.272911 4.960918
v -18.418892 55.355736 5.853421
v -24.081932 88.824196 -9.543327
v -16.823673 54.615440 -6.212729
v -26.467949 55.942566 -7.406212
v -27.896706 55.366936 5.030135
v -18.249687 54.044197 6.184114
v -30.944294 21.808640 -4.035642
v -31.855030 15.993698 -4.711434
v -26.205238 15.413559 -4.007237
v -24.934731 21.138702 -3.292660
v -31.023182 22.213078 -12.704900
v -31.745686 16.347336 -13.327360
v -23.052956 21.330902 -11.682920
v -24.460091 15.593842 -12.402630
v -24.460091 15.593842 -12.402630
v -23.052956 21.330902 -11.682920
v -24.460091 15.593842 -12.402630
v -21.733696 39.139397 2.656172
v -18.249687 54.044197 6.184114
v -27.896706 55.366936 5.030135
v -27.896706 55.366936 5.030135
v -28.266640 39.984642 1.857064
v -30.382481 46.681702 -5.481474
v -27.896706 55.366936 5.030135
v -26.467949 55.942566 -7.406212
v -26.467949 55.942566 -7.406212
v -29.689796 46.990837 -12.472830
v -15.859684 44.955757 -10.757590
v -26.467949 55.942566 -7.406212
v -26.467949 55.942566 -7.406212
v -16.823673 54.615440 -6.212729
v -16.038288 44.643799 -3.713051
v -18.249687 54.044197 6.184114
v -22.674675 32.939590 -1.811740
v -29.151100 33.656593 -2.622238
v -31.013935 38.699913 -7.027315
v -29.815983 38.923523 -12.506080
v -17.783348 37.347458 -11.008300
v -23.676048 28.379993 -2.568781
v -29.846470 29.001587 -3.346746
v -30.378742 29.611382 -12.246490
v -21.395790 28.580906 -11.112650
v -21.395790 28.580906 -11.112650
v -17.783348 37.347458 -11.008300
v -17.651970 37.108612 -5.373856
v -21.395790 28.580906 -11.112650
v -23.052956 21.330902 -11.682920
v -21.395790 28.580906 -11.112650
v -23.052956 21.330902 -11.682920
v -15.859684 44.955757 -10.757590
v -16.823673 54.615440 -6.212729
v -16.823673 54.615440 -6.212729
v -18.249687 54.044197 6.184114
v -27.896706 55.366936 5.030135
v -15.859684 44.955757 -10.757590
v -17.783348 37.347458 -11.008300
v -15.859684 44.955757 -10.757590
v 6.902451 158.610626 3.395668
v 8.703659 158.247742 3.455568
v 7.637650 159.883514 -5.275128
v 5.239922 160.760559 -8.444527
v 4.158539 146.786316 10.582150
v 2.705811 148.547791 13.648050
v -1.402275 135.265717 16.518120
v -0.556236 133.244110 15.348859
v 4.167328 148.699036 10.770620
v 8.406288 156.566528 5.568046
v 6.779793 156.913940 5.384843
v 16.214478 144.757050 7.244703
v 8.873283 151.319519 1.894600
v 8.225975 147.419647 4.978207
v 8.873283 151.319519 1.894600
v 8.329559 150.073029 5.825541
v 8.225975 147.419647 4.978207
v 8.873283 151.319519 1.894600
v 8.277245 152.488129 -6.627069
v 8.873283 151.319519 1.894600
v 1.224632 134.488708 13.913480
v -0.556236 133.244110 15.348859
v 0.075447 130.463348 13.744650
v 2.984215 132.358032 12.583250
v 7.052292 126.963722 5.488606
v 15.941086 135.766205 0.779481
v 6.091599 128.774231 9.310176
v -4.451134 133.111938 15.831100
v -0.556236 133.244110 15.348859
v -1.402275 135.265717 16.518120
v -1.402275 135.265717 16.518120
v -4.451149 135.086914 16.542240
v 12.739693 150.194946 -12.675430
v 8.233810 153.221832 -10.661060
v 8.277245 152.488129 -6.627069
v 8.277245 152.488129 -6.627069
v 16.485863 150.239624 -7.641057
v 16.301476 147.170807 -13.981230
v 15.931541 135.663635 -10.347370
v 16.037796 139.993408 -11.875030
v 16.070480 141.708923 -3.585397
v 15.905891 134.038025 -3.339442
v 16.068840 141.429932 4.898923
v 15.941086 135.766205 0.779481
v 15.941086 135.766205 0.779481
v 16.435020 149.095215 1.092263
v 16.214478 144.757050 7.244703
v 10.294342 127.798309 -0.564421
v 15.905891 134.038025 -3.339442
v 16.435020 149.095215 1.092263
v 6.788368 145.537811 7.506436
v 8.433151 123.105339 -0.610651
v 8.931427 127.258629 -0.553260
v 7.052292 126.963722 5.488606
v 7.052292 126.963722 5.488606
v 6.624733 122.899010 5.366419
v 8.053932 118.378517 -0.588353
v 6.298843 118.276802 5.284389
v 10.412506 128.102203 -7.029685
v 8.931427 127.258629 -0.553260
v 8.931427 127.258629 -0.553260
v 7.537567 127.545326 -7.322253
v 7.092163 123.325035 -6.122100
v 6.752380 118.479240 -6.050725
v -4.451118 118.480522 -6.077530
v -4.451126 122.986320 -6.149965
v 6.801674 160.632050 -9.275490
v 4.927605 160.889343 -10.948600
v 8.233810 153.221832 -10.661060
v 8.233810 153.221832 -10.661060
v 6.475449 153.316742 -12.482870
v 8.233810 153.221832 -10.661060
v 6.475449 153.316742 -12.482870
v 8.345497 149.928741 -16.176060
v 6.477409 150.012329 -18.014410
v 9.143387 150.012115 -13.925540
v 16.435020 149.095215 1.092263
v 16.485863 150.239624 -7.641057
v 16.485863 150.239624 -7.641057
v 8.277245 152.488129 -6.627069
v 9.353500 144.230621 -15.176810
v 6.848557 150.305542 5.519271
v 2.985283 149.171997 9.512970
v 6.958717 149.441406 8.276336
v 16.301476 147.170807 -13.981230
v 16.485863 150.239624 -7.641057
v 16.037796 139.993408 -11.875030
v 5.232903 131.494446 -11.677390
v 8.282288 137.362946 -12.829280
v 15.931541 135.663635 -10.347370
v 15.931541 135.663635 -10.347370
v 15.905891 134.038025 -3.339442
v 15.905891 134.038025 -3.339442
v 6.848557 150.305542 5.519271
v 7.100113 152.672638 -4.623375
v 6.848557 150.305542 5.519271
v -4.451157 147.764740 10.120890
v 1.006737 147.692017 9.699104
v 0.731377 149.386536 5.680363
v -4.451134 149.405518 5.934649
v -4.451134 148.450134 13.699210
v -4.451149 135.086914 16.542240
v -4.451149 129.171417 14.420070
v -1.331673 129.312012 14.362769
v -1.373421 131.567627 16.606880
v -4.451118 131.413910 16.681391
v 16.037796 139.993408 -11.875030
v 16.037796 139.993408 -11.875030
v 15.931541 135.663635 -10.347370
v 5.906570 151.314117 -4.760535
v 5.016930 149.121124 3.775585
v 6.848557 150.305542 5.519271
v 6.848557 150.305542 5.519271
v 7.100113 152.672638 -4.623375
v 4.723808 152.094910 -8.156893
v 7.100113 152.672638 -4.623375
v 7.100113 152.672638 -4.623375
v 5.845634 152.907013 -9.122633
v 0.114990 153.593719 -12.256210
v -0.462997 152.606537 -11.173520
v 16.485863 150.239624 -7.641057
v 0.465164 137.063690 -17.566509
v 8.036461 137.095215 -16.554630
v 5.188812 133.157532 -15.087630
v 2.573746 133.106720 -15.420640
v -0.283165 157.806824 -8.558117
v -4.451157 157.920929 -9.822918
v -4.451141 158.500824 -8.172762
v -0.951469 158.331635 -7.314751
v 0.584740 154.537506 -16.940350
v 0.555771 152.810120 -16.236271
v -4.451126 152.835236 -16.438160
v -4.451149 154.575531 -17.295259
v 1.686485 148.947754 11.341480
v -4.451118 148.988495 11.576450
v -4.451134 149.405518 5.934649
v 0.731377 149.386536 5.680363
v 0.541557 154.675934 4.357419
v -4.451126 157.208038 3.556860
v -4.451134 149.405518 5.934649
v 2.985283 149.171997 9.512970
v 6.848557 150.305542 5.519271
v 2.985283 149.171997 9.512970
v 1.686485 148.947754 11.341480
v 2.985283 149.171997 9.512970
v 0.364838 161.778748 -11.720380
v 0.569946 161.765320 -13.558090
v -4.451134 161.784546 -11.972030
v -4.451096 161.846924 -13.914530
v 0.114990 153.593719 -12.256210
v 5.845634 152.907013 -9.122633
v 0.114990 153.593719 -12.256210
v -4.451187 153.780457 -12.507970
v 0.114990 153.593719 -12.256210
v 6.848557 150.305542 5.519271
v 8.329559 150.073029 5.825541
v 6.848557 150.305542 5.519271
v 8.873283 151.319519 1.894600
v 7.106758 147.316132 7.565578
v 4.167328 148.699036 10.770620
v 4.167328 148.699036 10.770620
v 4.158539 146.786316 10.582150
v 6.788368 145.537811 7.506436
v 4.158539 146.786316 10.582150
v 4.158539 146.786316 10.582150
v 4.222893 144.860748 9.499465
v 6.788368 145.537811 7.506436
v 2.039619 150.077820 10.768070
v 3.207108 150.058716 12.685930
v 4.224907 150.209930 10.983410
v 2.880096 150.252350 9.638474
v -1.223656 126.130043 11.097740
v -1.373421 131.567627 16.606880
v -0.556236 133.244110 15.348859
v -4.451118 131.413910 16.681391
v -1.373421 131.567627 16.606880
v 8.225975 147.419647 4.978207
v 8.329559 150.073029 5.825541
v 8.225975 147.419647 4.978207
v 6.788368 145.537811 7.506436
v 8.225975 147.419647 4.978207
v -0.556236 133.244110 15.348859
v 1.224632 134.488708 13.913480
v 4.222893 144.860748 9.499465
v 16.214478 144.757050 7.244703
v 1.224632 134.488708 13.913480
v 2.984215 132.358032 12.583250
v 2.984215 132.358032 12.583250
v 16.068840 141.429932 4.898923
v 16.214478 144.757050 7.244703
v 4.222893 144.860748 9.499465
v 4.222893 144.860748 9.499465
v 1.224632 134.488708 13.913480
v 4.222893 144.860748 9.499465
v 2.039619 150.077820 10.768070
v 2.039619 150.077820 10.768070
v 2.880096 150.252350 9.638474
v 2.985283 149.171997 9.512970
v 2.985283 149.171997 9.512970
v 1.686485 148.947754 11.341480
v 2.039619 150.077820 10.768070
v 2.985283 149.171997 9.512970
v 2.985283 149.171997 9.512970
v 2.880096 150.252350 9.638474
v 8.329559 150.073029 5.825541
v 4.167328 148.699036 10.770620
v 5.845634 152.907013 -9.122633
v -4.451118 148.988495 11.576450
v 1.686485 148.947754 11.341480
v -4.451118 148.988495 11.576450
v 2.776390 149.077393 5.559072
v 2.819244 151.682434 -3.988715
v -0.363060 152.602020 -8.069983
v -4.451187 153.780457 -12.507970
v -4.451187 153.780457 -12.507970
v -4.451103 152.872833 -11.420020
v 0.508705 157.572937 -4.579748
v 0.541557 154.675934 4.357419
v 2.675507 154.398743 4.010620
v 2.719376 156.914429 -4.784586
v 0.731377 149.386536 5.680363
v 2.776390 149.077393 5.559072
v 0.541557 154.675934 4.357419
v 0.731377 149.386536 5.680363
v 2.776390 149.077393 5.559072
v 2.819244 151.682434 -3.988715
v 2.819244 151.682434 -3.988715
v -0.951469 158.331635 -7.314751
v -0.915810 161.498932 -7.110741
v 0.515312 160.735046 -4.399445
v 0.508705 157.572937 -4.579748
v -0.951469 158.331635 -7.314751
v 0.508705 157.572937 -4.579748
v 0.066826 157.483337 3.595469
v 0.508705 157.572937 -4.579748
v -4.451141 158.500824 -8.172762
v -4.451111 161.669708 -7.962681
v -0.951469 158.331635 -7.314751
v -4.451141 158.500824 -8.172762
v -4.451134 152.712036 -9.348528
v -0.363060 152.602020 -8.069983
v -4.451134 152.712036 -9.348528
v -4.451134 152.712036 -9.348528
v 2.819244 151.682434 -3.988715
v -0.363060 152.602020 -8.069983
v -0.363060 152.602020 -8.069983
v 16.485863 150.239624 -7.641057
v 0.299568 150.073425 -17.963850
v 0.830353 145.458008 -21.338940
v -0.564774 144.692932 -17.733431
v 6.974129 148.277313 -21.773849
v 8.986252 145.324432 -20.147810
v -0.758026 138.035797 -14.485740
v 3.265259 148.270538 -22.185921
v -0.990829 119.316933 11.394520
v -1.114426 118.854546 11.802620
v -0.137276 118.210426 9.043792
v -0.153275 119.370918 9.102534
v -4.451149 126.053734 11.144980
v -0.556236 133.244110 15.348859
v 2.644554 129.741425 11.434060
v 8.931427 127.258629 -0.553260
v 7.537567 127.545326 -7.322253
v -0.073769 150.650330 -20.217291
v 0.555771 152.810120 -16.236271
v 0.299568 150.073425 -17.963850
v -4.451164 150.682343 -20.161739
v -4.451126 152.835236 -16.438160
v -4.451126 152.835236 -16.438160
v 0.555771 152.810120 -16.236271
v -0.564774 144.692932 -17.733431
v -0.564774 144.692932 -17.733431
v -4.451149 144.688507 -17.737101
v -4.451118 127.182121 -7.419030
v 7.537567 127.545326 -7.322253
v 8.233810 153.221832 -10.661060
v 9.143387 150.012115 -13.925540
v 9.353500 144.230621 -15.176810
v 9.143387 150.012115 -13.925540
v 9.353500 144.230621 -15.176810
v 9.353500 144.230621 -15.176810
v 9.353500 144.230621 -15.176810
v 8.282288 137.362946 -12.829280
v 2.740639 150.055817 -18.716539
v 0.555771 152.810120 -16.236271
v 0.555771 152.810120 -16.236271
v 6.475449 153.316742 -12.482870
v 0.555771 152.810120 -16.236271
v -0.758026 138.035797 -14.485740
v -4.451149 138.009735 -14.364190
v -0.564774 144.692932 -17.733431
v -0.758026 138.035797 -14.485740
v 0.299568 150.073425 -17.963850
v -0.564774 144.692932 -17.733431
v 10.412506 128.102203 -7.029685
v 7.537567 127.545326 -7.322253
v 8.282288 137.362946 -12.829280
v 8.282288 137.362946 -12.829280
v 5.232903 131.494446 -11.677390
v 1.378014 131.482330 -11.465280
v -4.451118 127.182121 -7.419030
v -0.758026 138.035797 -14.485740
v 5.232903 131.494446 -11.677390
v 1.378014 131.482330 -11.465280
v 5.232903 131.494446 -11.677390
v 7.537567 127.545326 -7.322253
v 7.537567 127.545326 -7.322253
v -4.451118 127.182121 -7.419030
v -0.201614 126.266716 9.124615
v 7.052292 126.963722 5.488606
v -0.153275 119.370918 9.102534
v -1.050598 117.437126 12.212270
v -4.451157 117.435936 12.148420
v -4.451164 117.486824 9.257195
v -0.098145 117.488029 9.257207
v 6.298843 118.276802 5.284389
v -0.137276 118.210426 9.043792
v 6.752380 118.479240 -6.050725
v 6.752380 118.479240 -6.050725
v 8.053932 118.378517 -0.588353
v 6.298843 118.276802 5.284389
v 3.090157 129.774628 9.859714
v 16.068840 141.429932 4.898923
v 16.068840 141.429932 4.898923
v 2.984215 132.358032 12.583250
v 7.052292 126.963722 5.488606
v 6.091599 128.774231 9.310176
v 3.090157 129.774628 9.859714
v 2.984215 132.358032 12.583250
v 3.090157 129.774628 9.859714
v 6.091599 128.774231 9.310176
v 7.052292 126.963722 5.488606
v 3.090157 129.774628 9.859714
v -0.201614 126.266716 9.124615
v -0.201614 126.266716 9.124615
v 8.233810 153.221832 -10.661060
v 6.475449 153.316742 -12.482870
v 15.931541 135.663635 -10.347370
v 10.412506 128.102203 -7.029685
v 1.378014 131.482330 -11.465280
v -4.451118 120.110924 11.627670
v -1.143433 120.125633 11.658670
v -0.201614 126.266716 9.124615
v -0.153275 119.370918 9.102534
v -0.201614 126.266716 9.124615
v -0.153275 119.370918 9.102534
v -0.153275 119.370918 9.102534
v -0.137276 118.210426 9.043792
v -4.451118 119.370918 9.102536
v -0.153275 119.370918 9.102534
v -4.451157 119.309029 11.328880
v -0.153275 119.370918 9.102534
v -4.451134 118.843422 11.758790
v -4.451118 118.480522 -6.077530
v 6.752380 118.479240 -6.050725
v -0.137276 118.210426 9.043792
v -0.137276 118.210426 9.043792
v -4.451149 118.217323 9.043965
v -4.451118 118.480522 -6.077530
v -0.098145 117.488029 9.257207
v -4.451164 117.486824 9.257195
v -0.137276 118.210426 9.043792
v -0.137276 118.210426 9.043792
v -0.098145 117.488029 9.257207
v -4.451164 117.486824 9.257195
v -16.539951 159.883545 -5.275112
v -17.883949 158.244141 3.447496
v -16.082752 158.605530 3.385199
v -14.142185 160.760559 -8.444523
v -13.060795 146.786285 10.582150
v -7.500004 135.265717 16.518120
v -11.608067 148.547791 13.648040
v -13.069599 148.698914 10.770600
v -8.346043 133.244110 15.348859
v -17.308540 156.566620 5.568057
v -15.682026 156.913940 5.384850
v -25.116783 144.757019 7.244703
v -17.128258 147.419647 4.978209
v -18.053642 151.301025 1.856076
v -18.053642 151.301025 1.856076
v -17.128258 147.419647 4.978209
v -17.231880 150.073120 5.825540
v -18.053642 151.301025 1.856076
v -17.179527 152.488007 -6.627052
v -18.053642 151.301025 1.856076
v -8.977757 130.463409 13.744650
v -8.346043 133.244110 15.348859
v -10.126896 134.488708 13.913480
v -11.886463 132.357910 12.583250
v -15.954609 126.963631 5.488614
v -14.993885 128.774231 9.310184
v -24.843346 135.766205 0.779496
v -4.451134 133.111938 15.831100
v -4.451149 135.086914 16.542240
v -7.500004 135.265717 16.518120
v -7.500004 135.265717 16.518120
v -8.346043 133.244110 15.348859
v -4.451134 133.111938 15.831100
v -17.179527 152.488007 -6.627052
v -17.136070 153.221832 -10.661060
v -21.641945 150.194824 -12.675470
v -25.388161 150.239624 -7.641064
v -17.179527 152.488007 -6.627052
v -25.203743 147.170807 -13.981220
v -24.833778 135.663483 -10.347350
v -24.808144 134.038086 -3.339452
v -24.972710 141.709015 -3.585390
v -24.940056 139.993317 -11.875030
v -24.843346 135.766205 0.779496
v -24.843346 135.766205 0.779496
v -24.971107 141.429993 4.898924
v -25.116783 144.757019 7.244703
v -25.337242 149.095093 1.092269
v -19.196571 127.798218 -0.564412
v -24.808144 134.038086 -3.339452
v -25.337242 149.095093 1.092269
v -15.690678 145.538025 7.506445
v -15.954609 126.963631 5.488614
v -17.833885 127.258522 -0.553258
v -17.335915 123.105446 -0.610646
v -15.527088 122.899132 5.366409
v -15.954609 126.963631 5.488614
v -16.956043 118.378410 -0.588355
v -15.200947 118.276711 5.284389
v -17.833885 127.258522 -0.553258
v -19.314751 128.102219 -7.029686
v -16.439945 127.545219 -7.322247
v -17.833885 127.258522 -0.553258
v -15.994373 123.325020 -6.122084
v -4.451126 122.986320 -6.149965
v -4.451118 118.480522 -6.077530
v -4.451118 118.480522 -6.077530
v -15.654072 118.479225 -6.050717
v -13.829884 160.889313 -10.948590
v -15.703922 160.632019 -9.275494
v -17.136070 153.221832 -10.661060
v -17.136070 153.221832 -10.661060
v -15.377720 153.316711 -12.482860
v -17.136070 153.221832 -10.661060
v -15.377720 153.316711 -12.482860
v -15.379704 150.012329 -18.014400
v -17.247780 149.928833 -16.176069
v -18.045692 150.012146 -13.925550
v -17.179527 152.488007 -6.627052
v -25.388161 150.239624 -7.641064
v -25.388161 150.239624 -7.641064
v -25.337242 149.095093 1.092269
v -18.255806 144.230621 -15.176800
v -15.750828 150.305389 5.519267
v -15.860950 149.441315 8.276315
v -11.887516 149.171936 9.512959
v -25.388161 150.239624 -7.641064
v -25.203743 147.170807 -13.981220
v -24.940056 139.993317 -11.875030
v -14.135151 131.494415 -11.677410
v -24.833778 135.663483 -10.347350
v -17.184547 137.362793 -12.829280
v -24.808144 134.038086 -3.339452
v -24.833778 135.663483 -10.347350
v -24.808144 134.038086 -3.339452
v -15.750828 150.305389 5.519267
v -16.002354 152.672607 -4.623376
v -15.750828 150.305389 5.519267
v -4.451157 147.764740 10.120890
v -4.451134 149.405518 5.934649
v -9.633656 149.386627 5.680356
v -9.909046 147.692108 9.699100
v -4.451157 147.764740 10.120890
v -4.451134 148.450134 13.699210
v -4.451149 135.086914 16.542240
v -4.451149 129.171417 14.420070
v -4.451118 131.413910 16.681391
v -7.528843 131.567719 16.606880
v -7.570591 129.312012 14.362769
v -4.451149 129.171417 14.420070
v -24.833778 135.663483 -10.347350
v -24.940056 139.993317 -11.875030
v -24.940056 139.993317 -11.875030
v -14.808811 151.314209 -4.760551
v -16.002354 152.672607 -4.623376
v -15.750828 150.305389 5.519267
v -15.750828 150.305389 5.519267
v -13.919163 149.121216 3.775583
v -13.626087 152.094940 -8.156883
v -14.747898 152.907013 -9.122625
v -16.002354 152.672607 -4.623376
v -16.002354 152.672607 -4.623376
v -8.439289 152.606445 -11.173550
v -9.017262 153.593719 -12.256200
v -25.388161 150.239624 -7.641064
v -14.091084 133.157532 -15.087630
v -16.938679 137.095215 -16.554661
v -9.367420 137.063690 -17.566500
v -11.475971 133.106812 -15.420630
v -8.619114 157.806915 -8.558115
v -7.950703 158.331726 -7.314764
v -4.451141 158.500824 -8.172762
v -4.451141 158.500824 -8.172762
v -4.451157 157.920929 -9.822918
v -9.487034 154.537445 -16.940350
v -4.451149 154.575531 -17.295259
v -4.451126 152.835236 -16.438160
v -4.451126 152.835236 -16.438160
v -9.457996 152.810120 -16.236280
v -10.588764 148.947723 11.341460
v -4.451134 148.450134 13.699210
v -4.451134 148.450134 13.699210
v -4.451118 148.988495 11.576450
v -9.443913 154.675842 4.357419
v -9.633656 149.386627 5.680356
v -4.451134 149.405518 5.934649
v -4.451134 149.405518 5.934649
v -4.451126 157.208038 3.556860
v -11.887516 149.171936 9.512959
v -10.588764 148.947723 11.341460
v -15.750828 150.305389 5.519267
v -11.887516 149.171936 9.512959
v -15.750828 150.305389 5.519267
v -9.267170 161.778717 -11.720370
v -9.472187 161.765320 -13.558080
v -4.451134 161.784546 -11.972030
v -4.451134 161.784546 -11.972030
v -4.451096 161.846924 -13.914530
v -14.747898 152.907013 -9.122625
v -9.017262 153.593719 -12.256200
v -9.017262 153.593719 -12.256200
v -9.017262 153.593719 -12.256200
v -4.451187 153.780457 -12.507970
v -4.451187 153.780457 -12.507970
v -4.451134 161.784546 -11.972030
v -4.451096 161.846924 -13.914530
v -4.451149 154.575531 -17.295259
v -4.451096 161.846924 -13.914530
v -17.231880 150.073120 5.825540
v -15.750828 150.305389 5.519267
v -15.750828 150.305389 5.519267
v -18.053642 151.301025 1.856076
v -13.069599 148.698914 10.770600
v -16.009037 147.316132 7.565580
v -13.060795 146.786285 10.582150
v -13.069599 148.698914 10.770600
v -15.690678 145.538025 7.506445
v -13.125156 144.860809 9.499475
v -13.060795 146.786285 10.582150
v -13.060795 146.786285 10.582150
v -15.690678 145.538025 7.506445
v -13.127140 150.210114 10.983410
v -12.109303 150.058807 12.685920
v -10.941883 150.077820 10.768060
v -11.782383 150.252319 9.638459
v -7.678608 126.130135 11.097740
v -7.528843 131.567719 16.606880
v -4.451118 131.413910 16.681391
v -4.451134 133.111938 15.831100
v -4.451134 133.111938 15.831100
v -8.346043 133.244110 15.348859
v -7.528843 131.567719 16.606880
v -17.128258 147.419647 4.978209
v -17.231880 150.073120 5.825540
v -17.128258 147.419647 4.978209
v -17.128258 147.419647 4.978209
v -15.690678 145.538025 7.506445
v -8.346043 133.244110 15.348859
v -13.125156 144.860809 9.499475
v -10.126896 134.488708 13.913480
v -11.886463 132.357910 12.583250
v -10.126896 134.488708 13.913480
v -25.116783 144.757019 7.244703
v -25.116783 144.757019 7.244703
v -24.971107 141.429993 4.898924
v -11.886463 132.357910 12.583250
v -10.126896 134.488708 13.913480
v -13.125156 144.860809 9.499475
v -13.125156 144.860809 9.499475
v -13.125156 144.860809 9.499475
v -10.941883 150.077820 10.768060
v -10.941883 150.077820 10.768060
v -10.588764 148.947723 11.341460
v -11.887516 149.171936 9.512959
v -11.887516 149.171936 9.512959
v -11.782383 150.252319 9.638459
v -10.941883 150.077820 10.768060
v -11.782383 150.252319 9.638459
v -11.887516 149.171936 9.512959
v -11.887516 149.171936 9.512959
v -17.231880 150.073120 5.825540
v -13.069599 148.698914 10.770600
v -14.747898 152.907013 -9.122625
v -4.451118 148.988495 11.576450
v -4.451157 147.764740 10.120890
v -10.588764 148.947723 11.341460
v -4.451118 148.988495 11.576450
v -11.678562 149.077393 5.559055
v -11.721516 151.682556 -3.988733
v -8.539188 152.602020 -8.069981
v -4.451103 152.872833 -11.420020
v -4.451187 153.780457 -12.507970
v -4.451187 153.780457 -12.507970
v -11.577747 154.398743 4.010612
v -9.443913 154.675842 4.357419
v -9.410984 157.572906 -4.579733
v -11.621616 156.914307 -4.784586
v -11.678562 149.077393 5.559055
v -9.633656 149.386627 5.680356
v -9.633656 149.386627 5.680356
v -9.443913 154.675842 4.357419
v -11.721516 151.682556 -3.988733
v -11.721516 151.682556 -3.988733
v -11.678562 149.077393 5.559055
v -7.950703 158.331726 -7.314764
v -9.410984 157.572906 -4.579733
v -9.417561 160.735046 -4.399452
v -7.986408 161.499023 -7.110734
v -7.950703 158.331726 -7.314764
v -9.410984 157.572906 -4.579733
v -8.969074 157.483459 3.595449
v -9.410984 157.572906 -4.579733
v -4.451126 157.208038 3.556860
v -4.451141 158.500824 -8.172762
v -7.950703 158.331726 -7.314764
v -4.451111 161.669708 -7.962681
v -4.451141 158.500824 -8.172762
v -4.451134 152.712036 -9.348528
v -4.451103 152.872833 -11.420020
v -4.451134 152.712036 -9.348528
v -4.451157 157.920929 -9.822918
v -4.451134 152.712036 -9.348528
v -4.451134 152.712036 -9.348528
v -8.539188 152.602020 -8.069981
v -8.539188 152.602020 -8.069981
v -8.539188 152.602020 -8.069981
v -11.721516 151.682556 -3.988733
v -25.388161 150.239624 -7.641064
v -9.201847 150.073425 -17.963840
v -8.337498 144.692932 -17.733431
v -9.732563 145.458008 -21.338949
v -15.876377 148.277405 -21.773830
v -17.888573 145.324310 -20.147820
v -8.144245 138.035797 -14.485730
v -12.167515 148.270416 -22.185909
v -7.911427 119.317009 11.394520
v -8.748981 119.370811 9.102540
v -8.765034 118.210335 9.043794
v -7.787800 118.854607 11.802620
v -4.451149 126.053734 11.144980
v -4.451149 129.171417 14.420070
v -4.451149 126.053734 11.144980
v -8.346043 133.244110 15.348859
v -11.546787 129.741333 11.434060
v -17.833885 127.258522 -0.553258
v -16.439945 127.545219 -7.322247
v -8.828510 150.650421 -20.217291
v -9.201847 150.073425 -17.963840
v -9.457996 152.810120 -16.236280
v -4.451126 152.835236 -16.438160
v -4.451164 150.682343 -20.161739
v -9.457996 152.810120 -16.236280
v -4.451126 152.835236 -16.438160
v -8.337498 144.692932 -17.733431
v -4.451164 150.682343 -20.161739
v -4.451164 150.682343 -20.161739
v -4.451149 144.688507 -17.737101
v -8.337498 144.692932 -17.733431
v -16.439945 127.545219 -7.322247
v -4.451118 127.182121 -7.419030
v -4.451118 127.182121 -7.419030
v -4.451126 122.986320 -6.149965
v -17.136070 153.221832 -10.661060
v -18.045692 150.012146 -13.925550
v -18.255806 144.230621 -15.176800
v -18.045692 150.012146 -13.925550
v -18.255806 144.230621 -15.176800
v -17.184547 137.362793 -12.829280
v -18.255806 144.230621 -15.176800
v -18.255806 144.230621 -15.176800
v -11.642902 150.055725 -18.716539
v -15.377720 153.316711 -12.482860
v -9.457996 152.810120 -16.236280
v -9.457996 152.810120 -16.236280
v -9.457996 152.810120 -16.236280
v -8.144245 138.035797 -14.485730
v -8.337498 144.692932 -17.733431
v -4.451149 144.688507 -17.737101
v -4.451149 144.688507 -17.737101
v -4.451149 138.009735 -14.364190
v -8.144245 138.035797 -14.485730
v -9.201847 150.073425 -17.963840
v -8.337498 144.692932 -17.733431
v -19.314751 128.102219 -7.029686
v -16.439945 127.545219 -7.322247
v -14.135151 131.494415 -11.677410
v -17.184547 137.362793 -12.829280
v -17.184547 137.362793 -12.829280
v -10.280231 131.482422 -11.465280
v -8.144245 138.035797 -14.485730
v -4.451149 138.009735 -14.364190
v -4.451149 138.009735 -14.364190
v -4.451118 127.182121 -7.419030
v -10.280231 131.482422 -11.465280
v -14.135151 131.494415 -11.677410
v -14.135151 131.494415 -11.677410
v -4.451118 127.182121 -7.419030
v -16.439945 127.545219 -7.322247
v -16.439945 127.545219 -7.322247
v -8.700611 126.266731 9.124618
v -15.954609 126.963631 5.488614
v -8.748981 119.370811 9.102540
v -7.851658 117.437126 12.212270
v -8.804127 117.487923 9.257211
v -4.451164 117.486824 9.257195
v -4.451164 117.486824 9.257195
v -4.451157 117.435936 12.148420
v -15.654072 118.479225 -6.050717
v -8.765034 118.210335 9.043794
v -15.200947 118.276711 5.284389
v -15.200947 118.276711 5.284389
v -16.956043 118.378410 -0.588355
v -15.654072 118.479225 -6.050717
v -11.992435 129.774597 9.859715
v -11.886463 132.357910 12.583250
v -24.971107 141.429993 4.898924
v -24.971107 141.429993 4.898924
v -15.954609 126.963631 5.488614
v -11.992435 129.774597 9.859715
v -14.993885 128.774231 9.310184
v -11.886463 132.357910 12.583250
v -14.993885 128.774231 9.310184
v -11.992435 129.774597 9.859715
v -15.954609 126.963631 5.488614
v -11.992435 129.774597 9.859715
v -8.700611 126.266731 9.124618
v -8.700611 126.266731 9.124618
v -17.136070 153.221832 -10.661060
v -15.377720 153.316711 -12.482860
v -19.314751 128.102219 -7.029686
v -24.833778 135.663483 -10.347350
v -10.280231 131.482422 -11.465280
v -4.451118 120.110924 11.627670
v -4.451149 126.053734 11.144980
v -7.758823 120.125618 11.658670
v -4.451118 120.110924 11.627670
v -8.700611 126.266731 9.124618
v -8.700611 126.266731 9.124618
v -8.748981 119.370811 9.102540
v -8.748981 119.370811 9.102540
v -8.765034 118.210335 9.043794
v -8.748981 119.370811 9.102540
v -4.451118 119.370918 9.102536
v -4.451118 120.110924 11.627670
v -8.748981 119.370811 9.102540
v -4.451118 119.370918 9.102536
v -4.451118 119.370918 9.102536
v -8.748981 119.370811 9.102540
v -4.451157 119.309029 11.328880
v -4.451118 119.370918 9.102536
v -4.451134 118.843422 11.758790
v -4.451157 119.309029 11.328880
v -4.451157 119.309029 11.328880
v -4.451118 118.480522 -6.077530
v -4.451149 118.217323 9.043965
v -8.765034 118.210335 9.043794
v -8.765034 118.210335 9.043794
v -15.654072 118.479225 -6.050717
v -4.451118 118.480522 -6.077530
v -4.451157 117.435936 12.148420
v -4.451134 118.843422 11.758790
v -4.451157 117.435936 12.148420
v -8.804127 117.487923 9.257211
v -4.451164 117.486824 9.257195
v -8.804127 117.487923 9.257211
v -8.765034 118.210335 9.043794
v -8.765034 118.210335 9.043794
v -4.451149 118.217323 9.043965
v -4.451164 117.486824 9.257195
v -0.915817 166.303009 -6.886586
v 0.515350 165.528229 -4.184290
v 0.066826 162.107513 3.520897
v -4.451149 161.944458 3.689473
v -4.451149 166.477234 -7.735675
v -9.417545 165.528198 -4.184289
v -7.986439 166.303040 -6.886590
v -8.969105 162.107513 3.520902
v -4.451126 157.208038 3.556860
v -4.451149 161.944458 3.689473
v -4.451149 161.944458 3.689473
v -4.451111 161.669708 -7.962681
v -4.451149 166.477234 -7.735675
v -4.451111 161.669708 -7.962681
v -4.451149 135.086914 16.542240
v -4.451149 135.086914 16.542240
v -42.485096 103.791039 -1.254944
v -42.514545 102.635399 -8.699492
v -40.217884 102.019020 -8.569191
v -40.188282 103.176308 -1.123157
v -38.621815 108.410118 -2.035690
v -40.918598 109.025230 -2.167739
v -37.813526 107.101326 -8.914013
v -37.788349 108.086403 -2.516582
v -39.354786 102.851707 -1.604490
v -39.380238 101.855812 -8.011189
v -40.947803 107.882713 -9.601141
v -38.651112 107.265511 -9.470871
v -40.217884 102.019020 -8.569191
v -40.217884 102.019020 -8.569191
v -42.514545 102.635399 -8.699492
v -41.756153 109.189507 -2.727008
v -41.781269 108.207298 -9.122034
v -43.348103 102.960716 -8.219242
v -43.322681 103.954338 -1.814541
v -37.630604 109.773430 -2.262949
v -41.024403 110.718330 -2.473218
v -36.381519 109.330498 -2.737424
v -36.406696 108.348320 -9.132334
v -41.581745 109.727623 -9.913738
v -37.106403 108.472527 -9.682507
v -42.277363 110.011497 -9.428679
v -42.252399 110.989723 -3.037327
v -39.380238 101.855812 -8.011189
v -39.380238 101.855812 -8.011189
v -43.348103 102.960716 -8.219242
v -43.348103 102.960716 -8.219242
v -42.514545 102.635399 -8.699492
v -42.514545 102.635399 -8.699492
v -39.380238 101.855812 -8.011189
v -40.217884 102.019020 -8.569191
v -37.813526 107.101326 -8.914013
v -39.380238 101.855812 -8.011189
v -37.813526 107.101326 -8.914013
v -36.406696 108.348320 -9.132334
v -37.813526 107.101326 -8.914013
v -34.087788 120.136711 -2.005568
v -33.583637 121.583733 -3.768631
v -37.916859 122.763237 -4.042666
v -38.389027 121.293251 -2.269803
v -32.611134 119.806938 -2.778220
v -31.451344 119.742744 -5.329566
v -32.131489 121.238075 -4.335571
v -38.297047 122.816933 -15.972070
v -37.926807 124.263832 -14.725720
v -32.508015 122.828011 -14.444180
v -32.878223 121.380638 -15.692040
v -39.176411 123.044014 -15.202830
v -40.330036 122.979210 -12.671290
v -38.785511 124.532036 -14.170170
v -39.232685 123.157921 -4.704518
v -39.712299 121.725105 -3.147708
v -31.684620 122.602638 -13.810640
v -32.075459 121.114311 -14.844900
v -35.259998 115.691734 -1.075585
v -39.809620 116.873741 -1.308632
v -32.518085 113.695137 -9.748547
v -31.149311 120.441826 -12.213860
v -32.496998 114.520821 -4.314417
v -33.740986 115.208534 -1.830685
v -40.665943 115.321831 -13.431060
v -34.412037 113.737099 -13.152610
v -42.533924 116.379631 -10.204690
v -42.512959 117.199516 -4.776205
v -40.632252 122.271812 -5.795409
v -41.503925 115.689827 -12.679360
v -41.273823 117.183708 -2.162499
v -33.567890 113.612526 -12.322650
v -36.406696 108.348320 -9.132334
v -33.567890 113.612526 -12.322650
v -33.567890 113.612526 -12.322650
v -32.075459 121.114311 -14.844900
v -32.075459 121.114311 -14.844900
v -31.684620 122.602638 -13.810640
v -31.684620 122.602638 -13.810640
v -33.567890 113.612526 -12.322650
v -37.926807 124.263832 -14.725720
v -38.785511 124.532036 -14.170170
v -39.232685 123.157921 -4.704518
v -39.232685 123.157921 -4.704518
v -37.916859 122.763237 -4.042666
v -37.926807 124.263832 -14.725720
v -34.745777 124.489235 -17.705320
v -35.566334 118.284508 -19.621571
v -31.980579 133.451385 -23.313009
v -32.511982 132.134216 -19.569151
v -38.313068 114.833519 -18.038900
v -39.223621 113.214607 -11.835510
v -36.622089 121.889030 -13.886790
v -36.273121 122.503624 -16.584221
v -33.834705 132.524414 -19.628370
v -32.511982 132.134216 -19.569151
v -31.980579 133.451385 -23.313009
v -31.980579 133.451385 -23.313009
v -33.303272 133.842407 -23.371130
v -38.313068 114.833519 -18.038900
v -36.990376 114.444939 -17.979340
v -37.900867 112.827003 -11.774470
v -39.223621 113.214607 -11.835510
v -38.313068 114.833519 -18.038900
v -36.889118 118.673531 -19.680861
v -31.980579 133.451385 -23.313009
v -31.980579 133.451385 -23.313009
v -35.566334 118.284508 -19.621571
v -38.313068 114.833519 -18.038900
v -35.566334 118.284508 -19.621571
v -35.566334 118.284508 -19.621571
v -38.313068 114.833519 -18.038900
v -36.068562 124.878532 -17.765051
v -34.745777 124.489235 -17.705320
v -34.745777 124.489235 -17.705320
v -32.511982 132.134216 -19.569151
v -36.273121 122.503624 -16.584221
v -36.622089 121.889030 -13.886790
v -35.299305 121.500648 -13.826000
v -34.950306 122.114815 -16.524120
v -36.273121 122.503624 -16.584221
v -36.273121 122.503624 -16.584221
v -34.745777 124.489235 -17.705320
v -37.100574 122.909035 -5.227149
v -37.063343 124.792519 -11.505810
v -33.629963 123.811104 -11.765020
v -33.667164 121.929634 -5.487319
v -26.757088 145.907532 -6.213621
v -30.465137 146.961731 -5.938907
v -30.519367 144.409515 2.407853
v -26.811272 143.359528 2.136395
v -31.596546 128.310608 -1.496180
v -35.029987 129.287292 -1.238219
v -36.443928 124.576393 -2.689717
v -33.010517 123.598427 -2.949289
v -30.574421 130.808929 -10.983470
v -30.629902 128.212540 -2.202354
v -32.043873 123.498131 -3.656541
v -31.988941 126.074638 -12.433720
v -34.965443 132.241516 -11.281620
v -31.532154 131.260712 -11.539680
v -32.946644 126.524925 -12.988520
v -36.379993 127.506737 -12.730160
v -35.987812 129.737030 -1.799539
v -35.932240 132.338928 -10.580500
v -37.346729 127.606346 -12.030110
v -37.401783 125.024818 -3.251349
v -28.638405 137.826904 0.446376
v -32.346485 138.878906 0.720947
v -33.776081 138.227203 1.498561
v -27.496803 136.446228 1.033680
v -26.586296 139.038696 -8.510784
v -27.549477 139.907623 -7.482519
v -27.595375 137.677765 -0.145621
v -26.643211 136.385315 0.333276
v -28.584877 140.350494 -7.918603
v -27.430626 139.462219 -9.082533
v -33.709736 141.251831 -8.613493
v -32.292866 141.406647 -7.641874
v -33.382008 139.319946 0.283259
v -33.335773 141.555206 -7.050748
v -34.563313 141.311340 -7.914962
v -34.620502 138.648651 0.924544
v -26.811272 143.359528 2.136395
v -30.519367 144.409515 2.407853
v -26.811272 143.359528 2.136395
v -26.067863 144.359436 -6.099051
v -26.114235 142.113098 1.228180
v -31.900867 143.752533 1.653275
v -31.854206 146.004700 -5.669876
v -29.739983 128.985718 -1.208259
v -36.019215 130.771332 -0.737252
v -28.830589 131.541016 -10.763930
v -28.886604 128.921631 -1.911512
v -35.953876 133.755432 -10.862860
v -29.674950 131.962219 -11.334560
v -36.807362 133.818298 -10.164340
v -36.863667 131.190613 -1.312682
v -32.672199 123.363228 -11.213770
v -32.700550 121.827324 -6.188639
v -38.058399 123.355919 -5.782650
v -38.030018 124.894417 -10.808950
v -26.114235 142.113098 1.228180
v -31.900867 143.752533 1.653275
v -31.900867 143.752533 1.653275
v -30.629902 128.212540 -2.202354
v -32.043873 123.498131 -3.656541
v -30.629902 128.212540 -2.202354
v -27.595375 137.677765 -0.145621
v -26.643211 136.385315 0.333276
v -27.595375 137.677765 -0.145621
v -26.114235 142.113098 1.228180
v -26.811272 143.359528 2.136395
v -27.595375 137.677765 -0.145621
v -26.114235 142.113098 1.228180
v -30.519367 144.409515 2.407853
v -30.629902 128.212540 -2.202354
v -30.629902 128.212540 -2.202354
v -28.886604 128.921631 -1.911512
v -26.643211 136.385315 0.333276
v -28.886604 128.921631 -1.911512
v -26.643211 136.385315 0.333276
v -37.100574 122.909035 -5.227149
v -33.667164 121.929634 -5.487319
v -33.667164 121.929634 -5.487319
v -33.629963 123.811104 -11.765020
v -37.063343 124.792519 -11.505810
v -37.063343 124.792519 -11.505810
v -33.667164 121.929634 -5.487319
v -32.700550 121.827324 -6.188639
v -32.043873 123.498131 -3.656541
v -32.043873 123.498131 -3.656541
v -33.667164 121.929634 -5.487319
v -32.672199 123.363228 -11.213770
v -33.629963 123.811104 -11.765020
v -33.629963 123.811104 -11.765020
v -37.063343 124.792519 -11.505810
v -38.030018 124.894417 -10.808950
v -37.063343 124.792519 -11.505810
v -38.058399 123.355919 -5.782650
v -37.100574 122.909035 -5.227149
v -37.100574 122.909035 -5.227149
v -35.302601 120.390129 -12.054370
v -37.510670 121.021324 -11.887370
v -36.545765 124.178017 -10.954050
v -34.337666 123.547203 -11.120940
v -35.338184 118.998146 -6.973987
v -34.373463 122.148125 -6.037529
v -37.546284 119.628044 -6.806347
v -36.581562 122.777733 -5.870303
v -37.510670 121.021324 -11.887370
v -36.545765 124.178017 -10.954050
v -37.510670 121.021324 -11.887370
v -35.675892 126.733635 -8.972359
v -33.467762 126.103523 -9.139153
v -33.487659 125.325844 -6.325753
v -35.695789 125.955132 -6.158875
v -40.627918 103.198402 -2.503772
v -42.125538 103.640923 -2.499600
v -42.393970 102.408684 -2.516361
v -40.896442 101.966316 -2.520586
v -42.661213 101.228996 -7.464382
v -42.392689 102.463203 -7.446635
v -40.895039 102.020088 -7.451171
v -41.163563 100.785896 -7.468966
v -39.856647 102.982903 -3.593821
v -40.125202 101.750313 -3.610898
v -40.124409 101.780098 -6.367239
v -40.392933 100.546303 -6.384847
v -40.124409 101.780098 -6.367239
v -40.393696 100.517708 -3.627975
v -40.392933 100.546303 -6.384847
v -40.124409 101.780098 -6.367239
v -42.896107 103.881111 -3.585227
v -43.164722 102.648521 -3.602191
v -43.163929 102.679131 -6.358170
v -43.432484 101.445488 -6.375684
v -43.433247 101.415916 -3.619156
v -35.675892 126.733635 -8.972359
v -36.545765 124.178017 -10.954050
v -35.675892 126.733635 -8.972359
v -38.030018 124.894417 -10.808950
v -38.058399 123.355919 -5.782650
v -38.030018 124.894417 -10.808950
v -32.700550 121.827324 -6.188639
v -32.672199 123.363228 -11.213770
v -32.700550 121.827324 -6.188639
v -34.950306 122.114815 -16.524120
v -34.950306 122.114815 -16.524120
v -36.990376 114.444939 -17.979340
v -36.990376 114.444939 -17.979340
v -34.950306 122.114815 -16.524120
v -35.299305 121.500648 -13.826000
v -35.299305 121.500648 -13.826000
v -37.900867 112.827003 -11.774470
v -36.990376 114.444939 -17.979340
v -36.889118 118.673531 -19.680861
v -36.068562 124.878532 -17.765051
v -36.889118 118.673531 -19.680861
v -33.303272 133.842407 -23.371130
v -36.889118 118.673531 -19.680861
v -36.068562 124.878532 -17.765051
v -36.068562 124.878532 -17.765051
v -33.834705 132.524414 -19.628370
v -33.303272 133.842407 -23.371130
v -39.955738 98.169838 2.226712
v -39.531422 97.954277 1.703391
v -41.175159 97.672859 1.629090
v -40.876057 98.125435 2.163505
v -39.017658 97.509789 1.612117
v -38.986927 97.250587 0.277639
v -41.418934 96.977013 0.124500
v -41.514088 97.186333 1.477566
v -38.984058 86.296684 -4.341404
v -38.714924 86.578522 -4.576179
v -39.435169 86.900757 -4.021548
v -40.835072 86.985748 -4.010428
v -41.354115 86.292137 -4.281380
v -41.605915 87.140350 -4.008769
v -42.000782 86.528908 -4.184269
v -42.203175 86.239342 -4.512516
v -42.951801 86.867744 -4.495835
v -42.398273 87.656609 -4.063562
v -42.874439 86.978508 -4.215441
v -44.696491 88.449799 -4.251149
v -45.181843 88.490608 -4.641199
v -44.357868 87.897079 -4.442909
v -44.074879 88.615425 -3.931540
v -45.536701 90.376167 -4.620425
v -44.927174 90.372261 -4.070214
v -43.956226 90.599876 -3.897616
v -45.380512 92.011299 -4.062252
v -46.513111 92.459877 -4.616034
v -45.648457 92.813591 -4.114203
v -46.339222 93.423637 -4.606518
v -44.291370 92.259041 -3.880120
v -46.306629 93.443047 -5.484249
v -45.538563 92.822258 -5.935295
v -46.465473 92.450813 -5.530930
v -38.971180 86.304710 -4.942104
v -45.492695 90.373558 -5.492449
v -45.111774 88.500175 -5.401002
v -43.426319 90.771324 -4.910223
v -43.725636 92.375191 -4.930737
v -43.383930 89.051842 -4.910196
v -42.037739 88.143425 -4.808958
v -41.429066 87.610458 -4.768578
v -40.730091 87.542152 -4.734479
v -39.137928 87.298210 -4.614402
v -38.714924 86.578522 -4.576179
v -45.163807 92.094276 -6.044341
v -45.538563 92.822258 -5.935295
v -44.150745 92.267021 -5.943310
v -43.808186 90.665550 -5.936864
v -44.752583 90.424019 -5.979181
v -44.008076 88.576363 -5.989396
v -42.291462 87.795364 -5.627223
v -41.494526 87.243462 -5.571237
v -40.736561 87.026604 -5.493664
v -39.367390 86.931068 -5.240777
v -38.714924 86.578522 -4.576179
v -39.367390 86.931068 -5.240777
v -41.288258 86.307228 -5.358915
v -40.736561 87.026604 -5.493664
v -40.736561 87.026604 -5.493664
v -39.367390 86.931068 -5.240777
v -41.494526 87.243462 -5.571237
v -40.736561 87.026604 -5.493664
v -41.896076 86.591942 -5.561940
v -41.494526 87.243462 -5.571237
v -42.150105 86.262672 -5.306373
v -42.864094 86.977486 -5.482461
v -41.494526 87.243462 -5.571237
v -41.494526 87.243462 -5.571237
v -42.291462 87.795364 -5.627223
v -44.280750 87.946358 -5.563154
v -42.291462 87.795364 -5.627223
v -42.291462 87.795364 -5.627223
v -44.008076 88.576363 -5.989396
v -44.653461 88.550545 -5.765562
v -44.752583 90.424019 -5.979181
v -44.008076 88.576363 -5.989396
v -44.752583 90.424019 -5.979181
v -44.752583 90.424019 -5.979181
v -45.163807 92.094276 -6.044341
v -45.163807 92.094276 -6.044341
v -45.163807 92.094276 -6.044341
v -44.008076 88.576363 -5.989396
v -45.648457 92.813591 -4.114203
v -44.291370 92.259041 -3.880120
v -44.150745 92.267021 -5.943310
v -44.150745 92.267021 -5.943310
v -45.538563 92.822258 -5.935295
v -45.648457 92.813591 -4.114203
v -44.291370 92.259041 -3.880120
v -43.725636 92.375191 -4.930737
v -44.150745 92.267021 -5.943310
v -45.648457 92.813591 -4.114203
v -45.538563 92.822258 -5.935295
v -46.306629 93.443047 -5.484249
v -46.306629 93.443047 -5.484249
v -46.339222 93.423637 -4.606518
v -45.648457 92.813591 -4.114203
v -39.047871 87.305496 -6.758980
v -38.805347 87.559685 -6.970106
v -39.449574 87.850578 -6.452471
v -40.711231 87.927246 -6.442461
v -41.183796 87.301323 -6.704994
v -41.410725 88.066170 -6.459433
v -41.766438 87.514763 -6.617527
v -41.949055 87.253754 -6.912984
v -42.623676 87.820374 -6.897791
v -42.124805 88.531700 -6.508579
v -42.553974 87.920204 -6.645466
v -44.195942 89.246910 -6.677133
v -44.633381 89.283768 -7.028051
v -43.890919 88.748581 -6.849847
v -43.635822 89.396240 -6.389482
v -44.953114 90.984093 -7.008776
v -44.403889 90.980476 -6.513702
v -43.528828 91.185707 -6.358274
v -44.812336 92.458488 -6.505974
v -45.832996 92.863091 -7.004154
v -45.053761 93.182014 -6.552458
v -45.676228 93.732124 -6.995287
v -43.830738 92.681908 -6.341974
v -45.646900 93.749702 -7.784844
v -44.954700 93.189980 -8.190567
v -45.790119 92.854973 -7.827098
v -39.031452 87.313286 -7.280859
v -44.913441 90.981743 -7.793106
v -44.570210 89.292534 -7.711417
v -43.051167 91.340431 -7.269333
v -43.320881 92.786736 -7.287291
v -43.012989 89.789940 -7.269842
v -41.799824 88.970741 -7.179026
v -41.251362 88.490105 -7.142899
v -40.621510 88.428627 -7.112254
v -39.186604 88.208672 -7.004283
v -38.805347 87.559685 -6.970106
v -44.617085 92.533379 -8.288843
v -44.954700 93.189980 -8.190567
v -43.704090 92.689262 -8.197952
v -43.395374 91.245171 -8.192623
v -44.246418 91.027275 -8.230745
v -43.575581 89.361305 -8.240435
v -42.028553 88.657028 -7.915051
v -41.310352 88.159462 -7.864878
v -40.627186 87.963921 -7.795177
v -39.393421 87.877663 -7.567778
v -38.805347 87.559685 -6.970106
v -39.393421 87.877663 -7.567778
v -41.119617 87.315575 -7.655713
v -40.627186 87.963921 -7.795177
v -40.627186 87.963921 -7.795177
v -39.393421 87.877663 -7.567778
v -41.310352 88.159462 -7.864878
v -40.627186 87.963921 -7.795177
v -41.672138 87.571915 -7.856685
v -41.310352 88.159462 -7.864878
v -41.901173 87.274971 -7.626976
v -42.544636 87.919548 -7.785150
v -41.310352 88.159462 -7.864878
v -41.310352 88.159462 -7.864878
v -42.028553 88.657028 -7.915051
v -43.821308 88.793190 -7.857447
v -42.028553 88.657028 -7.915051
v -42.028553 88.657028 -7.915051
v -43.575581 89.361305 -8.240435
v -44.157093 89.337959 -8.039221
v -44.246418 91.027275 -8.230745
v -43.575581 89.361305 -8.240435
v -44.246418 91.027275 -8.230745
v -44.246418 91.027275 -8.230745
v -44.617085 92.533379 -8.288843
v -44.617085 92.533379 -8.288843
v -44.617085 92.533379 -8.288843
v -43.575581 89.361305 -8.240435
v -45.053761 93.182014 -6.552458
v -43.830738 92.681908 -6.341974
v -43.704090 92.689262 -8.197952
v -43.704090 92.689262 -8.197952
v -44.954700 93.189980 -8.190567
v -45.053761 93.182014 -6.552458
v -43.830738 92.681908 -6.341974
v -43.320881 92.786736 -7.287291
v -43.704090 92.689262 -8.197952
v -45.053761 93.182014 -6.552458
v -44.954700 93.189980 -8.190567
v -45.646900 93.749702 -7.784844
v -45.646900 93.749702 -7.784844
v -45.676228 93.732124 -6.995287
v -45.053761 93.182014 -6.552458
v -38.657948 88.535706 -9.009550
v -38.450214 88.760872 -9.174988
v -39.003468 88.986031 -8.729275
v -40.077229 89.047783 -8.727858
v -40.475758 88.524742 -8.981762
v -40.672413 89.164742 -8.741833
v -40.972614 88.701263 -8.903078
v -41.124866 88.490646 -9.166239
v -41.700092 88.970177 -9.133839
v -41.280445 89.560783 -8.768690
v -41.643177 89.045204 -8.915262
v -43.042530 90.170601 -8.896799
v -43.411732 90.214806 -9.195879
v -42.780506 89.754509 -9.062576
v -42.568806 90.287605 -8.642033
v -43.687244 91.659157 -9.106817
v -43.224354 91.637718 -8.683229
v -42.481617 91.808311 -8.535276
v -43.574970 92.893333 -8.614538
v -44.439777 93.254509 -9.026936
v -43.781422 93.509804 -8.623810
v -44.308216 93.993660 -8.979578
v -42.741657 93.079170 -8.457573
v -44.276264 94.039864 -9.647121
v -43.682697 93.581734 -10.009690
v -44.395985 93.280403 -9.723688
v -38.639362 88.563126 -9.450745
v -43.646626 91.688423 -9.770544
v -43.351948 90.249626 -9.773293
v -42.067585 91.977242 -9.295876
v -42.299732 93.207161 -9.249250
v -42.032032 90.658821 -9.364668
v -40.998981 89.961662 -9.314066
v -40.531727 89.552940 -9.300230
v -39.995777 89.500893 -9.271795
v -38.775593 89.313133 -9.178268
v -38.450214 88.760872 -9.174988
v -43.393116 93.028221 -10.119090
v -43.682697 93.581734 -10.009690
v -42.617542 93.159386 -10.027710
v -42.352009 91.932060 -10.084470
v -43.075428 91.746239 -10.133410
v -42.501179 90.331673 -10.209700
v -41.186451 89.723640 -9.952709
v -40.574818 89.300262 -9.926327
v -39.993793 89.132874 -9.870359
v -38.945942 89.053619 -9.671560
v -38.450214 88.760872 -9.174988
v -38.945942 89.053619 -9.671560
v -40.412647 88.574875 -9.785130
v -39.993793 89.132874 -9.870359
v -39.993793 89.132874 -9.870359
v -38.945942 89.053619 -9.671560
v -40.574818 89.300262 -9.926327
v -39.993793 89.132874 -9.870359
v -40.881550 88.799446 -9.948391
v -40.574818 89.300262 -9.926327
v -41.077900 88.537155 -9.769075
v -41.625172 89.090111 -9.879667
v -40.574818 89.300262 -9.926327
v -40.574818 89.300262 -9.926327
v -41.186451 89.723640 -9.952709
v -42.712482 89.832619 -9.912743
v -41.186451 89.723640 -9.952709
v -41.186451 89.723640 -9.952709
v -42.501179 90.331673 -10.209700
v -42.997700 90.302315 -10.045280
v -43.075428 91.746239 -10.133410
v -42.501179 90.331673 -10.209700
v -43.075428 91.746239 -10.133410
v -43.075428 91.746239 -10.133410
v -43.393116 93.028221 -10.119090
v -43.393116 93.028221 -10.119090
v -43.393116 93.028221 -10.119090
v -42.501179 90.331673 -10.209700
v -43.781422 93.509804 -8.623810
v -42.741657 93.079170 -8.457573
v -42.617542 93.159386 -10.027710
v -42.617542 93.159386 -10.027710
v -43.682697 93.581734 -10.009690
v -43.781422 93.509804 -8.623810
v -42.741657 93.079170 -8.457573
v -42.299732 93.207161 -9.249250
v -42.617542 93.159386 -10.027710
v -43.781422 93.509804 -8.623810
v -43.682697 93.581734 -10.009690
v -44.276264 94.039864 -9.647121
v -44.276264 94.039864 -9.647121
v -44.308216 93.993660 -8.979578
v -43.781422 93.509804 -8.623810
v -44.303974 93.116890 -0.938265
v -44.590565 92.261940 -0.947805
v -43.749073 92.983452 -1.752699
v -40.471394 99.073326 -6.868730
v -40.085590 100.752327 -5.226462
v -40.792072 99.092918 -5.019335
v -40.237202 100.818214 -6.892282
v -42.272419 96.001656 -1.747117
v -42.402576 96.991737 -0.081939
v -43.290760 96.463051 -0.981297
v -41.789692 96.316536 -0.324092
v -42.850819 92.971336 -10.138540
v -42.122791 92.932945 -10.125490
v -42.215076 92.896736 -9.984915
v -42.855488 93.088600 -10.353230
v -44.614399 92.298058 -1.353866
v -45.295551 92.545067 -0.980597
v -45.297535 92.533897 -1.435076
v -40.488239 101.615501 -7.780011
v -40.221760 100.820122 -8.009695
v -41.058155 101.588707 -8.485807
v -40.461597 97.954384 -8.872412
v -40.973408 96.958305 -7.569825
v -41.333973 96.828377 -5.143556
v -41.504414 93.734657 -7.758291
v -42.028400 93.589455 -5.366904
v -41.968586 96.190529 -3.198993
v -42.547443 93.455299 -3.164327
v -43.948078 94.244835 -0.929495
v -45.829884 94.783165 -2.859846
v -45.189960 97.704720 -3.471582
v -45.757557 94.614281 -4.064113
v -46.048145 93.728310 -2.715260
v -45.404285 92.555336 -3.524535
v -45.768909 93.269066 -2.572994
v -45.093403 92.228294 -3.309471
v -45.715229 93.283775 -2.038990
v -45.059376 92.258232 -3.722784
v -45.942188 93.725731 -1.890796
v -45.295551 92.545067 -0.980597
v -45.297535 92.533897 -1.435076
v -46.089375 93.387642 -4.543073
v -45.649677 92.969429 -4.678388
v -45.914051 93.471748 -5.356966
v -45.564564 93.000084 -5.112607
v -45.610462 94.615425 -5.844158
v -45.269764 94.667000 -7.409112
v -44.151936 98.690315 -8.444181
v -44.735249 92.670937 -6.059397
v -44.494160 92.391426 -5.593399
v -44.332539 92.400215 -6.258015
v -45.455280 93.420067 -7.064801
v -45.000080 93.054298 -7.127666
v -45.227558 93.523109 -7.839224
v -44.855366 93.114296 -7.666147
v -43.822437 92.749489 -8.330221
v -43.596394 92.592216 -7.982884
v -43.445148 92.692818 -8.371828
v -44.001423 93.998863 -9.607361
v -43.811970 93.601601 -9.144567
v -44.528553 94.786324 -8.495121
v -43.539509 93.649284 -9.698725
v -43.969776 94.994621 -9.603203
v -43.191364 98.399223 -9.513037
v -43.984669 102.003609 -4.313414
v -43.664021 101.729210 -8.005512
v -42.227894 96.434181 1.265130
v -42.077381 96.251183 0.415615
v -42.035542 95.694771 0.713969
v -42.334644 97.448875 0.800125
v -42.402576 96.991737 -0.081939
v -39.483967 101.113106 -3.442558
v -39.627155 101.872017 -3.656516
v -38.779102 101.540627 -2.651280
v -38.324421 96.820015 0.035177
v -38.070484 96.642769 0.992086
v -38.159046 95.965263 0.434909
v -38.134724 97.614052 0.566580
v -38.498859 98.212975 -0.650415
v -38.337666 98.637398 -0.155714
v -41.264576 98.005760 -9.520782
v -42.931843 93.366875 -1.687975
v -44.303974 93.116890 -0.938265
v -44.590565 92.261940 -0.947805
v -45.100208 93.498985 -1.016565
v -43.948078 94.244835 -0.929495
v -44.789783 94.581413 -1.017724
v -43.290760 96.463051 -0.981297
v -44.347462 97.838966 -1.903422
v -42.513050 98.665108 -0.418039
v -42.402576 96.991737 -0.081939
v -42.402576 96.991737 -0.081939
v -41.347309 99.233299 1.337984
v -41.269947 98.032265 1.967603
v -39.337635 99.422447 1.180535
v -39.009266 98.133095 1.795201
v -43.435963 102.095512 -2.544087
v -41.693287 101.899910 -1.251579
v -41.105762 102.047813 -2.020472
v -42.462971 100.731606 -1.512310
v -41.664021 101.565636 -0.578758
v -45.668720 94.888313 -1.918764
v -40.915424 96.106651 -0.453597
v -40.344868 96.813377 -1.096375
v -39.697376 96.335503 -0.413005
v -41.076191 96.334221 -0.578052
v -41.585682 96.101891 -0.111381
v -42.077381 96.251183 0.415615
v -42.077381 96.251183 0.415615
v -39.673359 97.649712 -1.909280
v -41.233021 97.412727 -4.242914
v -39.190907 97.845039 -1.363928
v -38.633411 99.572899 -1.564328
v -38.527424 99.764427 -1.138373
v -38.734089 100.973412 -2.361373
v -39.018085 99.347359 -2.194700
v -39.301472 99.221764 -2.587322
v -39.779102 101.753212 -5.426996
v -39.834736 101.688988 -6.366508
v -41.883930 94.837074 -9.976204
v -41.264576 98.005760 -9.520782
v -42.079731 93.806358 -10.092450
v -39.708973 101.521309 -0.521689
v -39.434437 101.776009 -1.682014
v -41.883930 94.837074 -9.976204
v -41.317310 94.724052 -9.302555
v -41.883930 94.837074 -9.976204
v -41.493885 93.814568 -9.336666
v -41.883930 94.837074 -9.976204
v -41.883930 94.837074 -9.976204
v -42.079731 93.806358 -10.092450
v -41.726063 93.446541 -9.466768
v -42.079731 93.806358 -10.092450
v -42.079731 93.806358 -10.092450
v -42.122791 92.932945 -10.125490
v -42.049000 93.202171 -9.324207
v -42.215076 92.896736 -9.984915
v -42.198048 93.410606 -7.927169
v -42.331837 93.145287 -8.480618
v -42.596821 92.860161 -7.572710
v -42.737751 93.245720 -5.571441
v -43.003193 92.784431 -5.947128
v -43.205524 92.800896 -5.285591
v -43.542591 92.853081 -3.912678
v -43.412037 93.135399 -3.323701
v -43.786732 92.689308 -3.106332
v -44.008137 92.601112 -2.061166
v -38.986927 97.250587 0.277639
v -38.934681 96.515404 0.380677
v -41.288837 96.241600 0.251847
v -41.418934 96.977013 0.124500
v -38.986927 97.250587 0.277639
v -40.734272 97.008247 2.342123
v -41.175159 97.672859 1.629090
v -41.514088 97.186333 1.477566
v -41.175159 97.672859 1.629090
v -40.876057 98.125435 2.163505
v -39.956440 90.446114 1.373596
v -39.804859 90.482964 0.994698
v -39.584736 89.985237 1.403668
v -40.275623 91.067116 1.461775
v -39.925800 91.088570 0.711878
v -40.093830 91.874870 0.762562
v -40.756153 92.539696 1.798337
v -40.306690 92.722099 0.975944
v -40.454395 93.332848 0.913758
v -40.815327 93.433830 2.057753
v -40.661762 94.189842 0.826655
v -40.863239 94.295219 1.929913
v -41.104877 95.704445 0.453585
v -41.210163 95.859962 1.695068
v -41.376972 96.430244 1.594433
v -41.288837 96.241600 0.251847
v -41.418934 96.977013 0.124500
v -41.288837 96.241600 0.251847
v -41.418934 96.977013 0.124500
v -41.514088 97.186333 1.477566
v -38.991840 96.737328 1.703476
v -38.986927 97.250587 0.277639
v -39.017658 97.509789 1.612117
v -38.986927 97.250587 0.277639
v -39.005360 96.133430 1.811745
v -39.016956 95.943855 0.577902
v -38.908131 94.503975 2.053062
v -39.019550 94.320061 0.905203
v -41.104877 95.704445 0.453585
v -39.013966 90.223061 1.764099
v -38.972462 90.054314 1.432794
v -38.768970 90.526970 1.428558
v -39.064747 91.118065 2.010585
v -38.539722 91.245705 1.587800
v -39.134571 92.189461 2.474229
v -38.582478 92.808067 2.054974
v -39.275349 93.301674 2.796029
v -38.722675 93.675194 2.219398
v -39.418568 94.447426 2.497855
v -40.167500 93.200783 2.753528
v -40.398579 94.338371 2.457438
v -40.594929 95.899757 2.216412
v -39.615864 96.037865 2.246161
v -39.778522 97.128609 2.384501
v -39.017658 97.509789 1.612117
v -39.955738 98.169838 2.226712
v -39.017658 97.509789 1.612117
v -39.531422 97.954277 1.703391
v -39.017658 97.509789 1.612117
v -39.955738 98.169838 2.226712
v -40.876057 98.125435 2.163505
v -39.955738 98.169838 2.226712
v -40.876057 98.125435 2.163505
v -39.018604 93.412575 1.015793
v -40.661762 94.189842 0.826655
v -41.104877 95.704445 0.453585
v -40.454395 93.332848 0.913758
v -40.454395 93.332848 0.913758
v -38.971943 92.002846 0.792728
v -39.925800 91.088570 0.711878
v -40.093830 91.874870 0.762562
v -39.925800 91.088570 0.711878
v -38.928974 91.173347 0.743038
v -39.804859 90.482964 0.994698
v -39.925800 91.088570 0.711878
v -39.804859 90.482964 0.994698
v -38.867146 90.540230 1.029278
v -40.306690 92.722099 0.975944
v -40.454395 93.332848 0.913758
v -40.306690 92.722099 0.975944
v -39.000904 92.864250 1.011729
v -40.093830 91.874870 0.762562
v -40.306690 92.722099 0.975944
v -40.093830 91.874870 0.762562
v -41.514088 97.186333 1.477566
v -40.502705 92.603569 2.186872
v -40.052906 92.087639 2.426461
v -39.839771 91.008308 1.986283
v -39.604755 90.184456 1.748263
v -39.584736 89.985237 1.403668
v -39.584736 89.985237 1.403668
v -39.584736 89.985237 1.403668
v -39.804859 90.482964 0.994698
v -38.972462 90.054314 1.432794
v -44.494160 92.391426 -5.593399
v -44.332539 92.400215 -6.258015
v -44.332539 92.400215 -6.258015
v -43.596394 92.592216 -7.982884
v -43.445148 92.692818 -8.371828
v -43.445148 92.692818 -8.371828
v -43.539509 93.649284 -9.698725
v -43.811970 93.601601 -9.144567
v -43.539509 93.649284 -9.698725
v -43.445148 92.692818 -8.371828
v -43.811970 93.601601 -9.144567
v -43.539509 93.649284 -9.698725
v -42.850819 92.971336 -10.138540
v -42.850819 92.971336 -10.138540
v -42.215076 92.896736 -9.984915
v -45.000080 93.054298 -7.127666
v -44.855366 93.114296 -7.666147
v -45.000080 93.054298 -7.127666
v -44.332539 92.400215 -6.258015
v -45.000080 93.054298 -7.127666
v -44.855366 93.114296 -7.666147
v -43.596394 92.592216 -7.982884
v -45.715229 93.283775 -2.038990
v -45.768909 93.269066 -2.572994
v -45.768909 93.269066 -2.572994
v -45.715229 93.283775 -2.038990
v -45.059376 92.258232 -3.722784
v -45.093403 92.228294 -3.309471
v -45.059376 92.258232 -3.722784
v -45.768909 93.269066 -2.572994
v -45.093403 92.228294 -3.309471
v -45.564564 93.000084 -5.112607
v -45.649677 92.969429 -4.678388
v -45.564564 93.000084 -5.112607
v -45.059376 92.258232 -3.722784
v -45.649677 92.969429 -4.678388
v -45.564564 93.000084 -5.112607
v -44.494160 92.391426 -5.593399
v -39.453785 101.976723 -2.073462
v -41.693287 101.899910 -1.251579
v -41.058155 101.588707 -8.485807
v -41.264576 98.005760 -9.520782
v -42.528217 101.647301 -8.506287
v -41.264576 98.005760 -9.520782
v -39.120075 86.505745 -1.592928
v -38.861042 86.776894 -1.819076
v -39.549213 87.087395 -1.265600
v -40.897114 87.169167 -1.254947
v -41.401936 86.501411 -1.535146
v -41.644367 87.317513 -1.273193
v -42.024311 86.729149 -1.441763
v -42.219379 86.450630 -1.757595
v -42.940052 87.055206 -1.741833
v -42.407185 87.814247 -1.326177
v -42.865589 87.161766 -1.472005
v -44.619709 88.577385 -1.507040
v -45.087116 88.616646 -1.882537
v -44.293964 88.045631 -1.691365
v -44.021412 88.736725 -1.199555
v -45.428699 90.430748 -1.863424
v -44.841999 90.426949 -1.333838
v -43.907124 90.645897 -1.167864
v -45.278431 92.003777 -1.326909
v -46.368855 92.435539 -1.860158
v -45.536366 92.775719 -1.377273
v -46.201405 93.362633 -1.851429
v -44.229755 92.242134 -1.151781
v -46.169941 93.381172 -2.696716
v -45.430531 92.784096 -3.131004
v -46.322926 92.426735 -2.741233
v -39.102558 86.513954 -2.151464
v -45.386402 90.428230 -2.703206
v -45.019581 88.625893 -2.614207
v -43.397022 90.810921 -2.142676
v -43.685108 92.353966 -2.163182
v -43.356129 89.156593 -2.141843
v -42.059986 88.282585 -2.043918
v -41.474140 87.769798 -2.004803
v -40.801228 87.704033 -1.971944
v -39.268391 87.469414 -1.856228
v -38.861042 86.776894 -1.819076
v -45.069660 92.083549 -3.235779
v -45.430531 92.784096 -3.131004
v -44.094501 92.249748 -3.138515
v -43.764637 90.709206 -3.131568
v -44.673878 90.476753 -3.172195
v -43.957020 88.699196 -3.181143
v -42.304371 87.947746 -2.831852
v -41.537067 87.416786 -2.777662
v -40.807423 87.208153 -2.702816
v -39.489246 87.116127 -2.459193
v -38.861042 86.776894 -1.819076
v -39.489246 87.116127 -2.459193
v -41.333302 86.516518 -2.552864
v -40.807423 87.208153 -2.702816
v -40.807423 87.208153 -2.702816
v -39.489246 87.116127 -2.459193
v -41.537067 87.416786 -2.777662
v -40.807423 87.208153 -2.702816
v -41.923573 86.789925 -2.768344
v -41.537067 87.416786 -2.777662
v -42.168324 86.473114 -2.521999
v -42.855671 87.160912 -2.691997
v -41.537067 87.416786 -2.777662
v -41.537067 87.416786 -2.777662
v -42.304371 87.947746 -2.831852
v -44.219501 88.093056 -2.770209
v -42.304371 87.947746 -2.831852
v -42.304371 87.947746 -2.831852
v -43.957020 88.699196 -3.181143
v -44.578266 88.674355 -2.965468
v -44.673878 90.476753 -3.172195
v -43.957020 88.699196 -3.181143
v -44.673878 90.476753 -3.172195
v -44.673878 90.476753 -3.172195
v -45.069660 92.083549 -3.235779
v -45.069660 92.083549 -3.235779
v -45.069660 92.083549 -3.235779
v -43.957020 88.699196 -3.181143
v -45.536366 92.775719 -1.377273
v -44.229755 92.242134 -1.151781
v -44.094501 92.249748 -3.138515
v -44.094501 92.249748 -3.138515
v -45.430531 92.784096 -3.131004
v -45.536366 92.775719 -1.377273
v -44.229755 92.242134 -1.151781
v -43.685108 92.353966 -2.163182
v -44.094501 92.249748 -3.138515
v -45.536366 92.775719 -1.377273
v -45.430531 92.784096 -3.131004
v -46.169941 93.381172 -2.696716
v -46.169941 93.381172 -2.696716
v -46.201405 93.362633 -1.851429
v -45.536366 92.775719 -1.377273
v -38.159046 95.965263 0.434909
v -42.077381 96.251183 0.415615
v -38.324421 96.820015 0.035177
v -42.077381 96.251183 0.415615
v -38.159046 95.965263 0.434909
v -42.035542 95.694771 0.713969
v -39.697376 96.335503 -0.413005
v -41.585682 96.101891 -0.111381
v -40.915424 96.106651 -0.453597
v -41.585682 96.101891 -0.111381
v -39.697376 96.335503 -0.413005
v -38.324421 96.820015 0.035177
v -38.324421 96.820015 0.035177
v -42.077381 96.251183 0.415615
v -41.585682 96.101891 -0.111381
v -38.070484 96.642769 0.992086
v -42.035542 95.694771 0.713969
v -38.159046 95.965263 0.434909
v -42.035542 95.694771 0.713969
v -38.070484 96.642769 0.992086
v -42.227894 96.434181 1.265130
v -41.269947 98.032265 1.967603
v -42.227894 96.434181 1.265130
v -38.070484 96.642769 0.992086
v -38.070484 96.642769 0.992086
v -39.009266 98.133095 1.795201
v -41.269947 98.032265 1.967603
v -37.916859 122.763237 -4.042666
v -33.583637 121.583733 -3.768631
v -32.508015 122.828011 -14.444180
v -32.508015 122.828011 -14.444180
v -37.926807 124.263832 -14.725720
v -37.916859 122.763237 -4.042666
v -32.131489 121.238075 -4.335571
v -31.684620 122.602638 -13.810640
v -32.508015 122.828011 -14.444180
v -32.508015 122.828011 -14.444180
v -33.583637 121.583733 -3.768631
v -32.131489 121.238075 -4.335571
v 33.581970 103.791008 -1.254947
v 31.285210 103.176308 -1.123160
v 31.314812 102.019005 -8.569195
v 33.611504 102.635414 -8.699495
v 29.718773 108.410118 -2.035693
v 32.015526 109.025215 -2.167742
v 28.910439 107.101326 -8.914017
v 30.477165 101.855827 -8.011192
v 30.451698 102.851723 -1.604493
v 28.885277 108.086418 -2.516584
v 32.044716 107.882713 -9.601145
v 33.611504 102.635414 -8.699495
v 31.314812 102.019005 -8.569195
v 31.314812 102.019005 -8.569195
v 29.748032 107.265526 -9.470875
v 32.853096 109.189522 -2.727011
v 34.419598 103.954323 -1.814545
v 34.445000 102.960701 -8.219246
v 32.878242 108.207314 -9.122038
v 32.121330 110.718330 -2.473221
v 28.727486 109.773430 -2.262951
v 27.478485 109.330513 -2.737427
v 27.503601 108.348320 -9.132336
v 28.203278 108.472511 -9.682508
v 32.678688 109.727608 -9.913742
v 33.374283 110.011513 -9.428682
v 33.349274 110.989723 -3.037330
v 30.477165 101.855827 -8.011192
v 30.477165 101.855827 -8.011192
v 34.445000 102.960701 -8.219246
v 34.445000 102.960701 -8.219246
v 33.611504 102.635414 -8.699495
v 33.611504 102.635414 -8.699495
v 30.477165 101.855827 -8.011192
v 28.910439 107.101326 -8.914017
v 31.314812 102.019005 -8.569195
v 30.477165 101.855827 -8.011192
v 28.910439 107.101326 -8.914017
v 27.503601 108.348320 -9.132336
v 28.910439 107.101326 -8.914017
v 25.184708 120.136726 -2.005571
v 29.485855 121.293251 -2.269805
v 29.013756 122.763222 -4.042669
v 24.680573 121.583717 -3.768634
v 23.708023 119.806938 -2.778223
v 23.228447 121.238136 -4.335573
v 22.548264 119.742729 -5.329568
v 29.393944 122.816933 -15.972070
v 23.975128 121.380623 -15.692040
v 23.604958 122.828011 -14.444180
v 29.023735 124.263832 -14.725730
v 30.273376 123.044029 -15.202830
v 29.882477 124.532021 -14.170180
v 31.426964 122.979210 -12.671290
v 30.809227 121.725121 -3.147711
v 30.329628 123.157921 -4.704522
v 23.172440 121.114326 -14.844900
v 22.781517 122.602623 -13.810640
v 30.906494 116.873711 -1.308635
v 26.356873 115.691734 -1.075588
v 23.614983 113.695137 -9.748549
v 23.593895 114.520836 -4.314419
v 22.246239 120.441826 -12.213860
v 24.837852 115.208534 -1.830688
v 25.509010 113.737144 -13.152610
v 31.762871 115.321815 -13.431070
v 33.630852 116.379616 -10.204690
v 31.729195 122.271812 -5.795413
v 33.609932 117.199516 -4.776208
v 32.600838 115.689812 -12.679360
v 32.370750 117.183708 -2.162502
v 27.503601 108.348320 -9.132336
v 24.664772 113.612526 -12.322660
v 23.172440 121.114326 -14.844900
v 24.664772 113.612526 -12.322660
v 24.664772 113.612526 -12.322660
v 22.781517 122.602623 -13.810640
v 23.172440 121.114326 -14.844900
v 22.781517 122.602623 -13.810640
v 24.664772 113.612526 -12.322660
v 29.023735 124.263832 -14.725730
v 29.013756 122.763222 -4.042669
v 30.329628 123.157921 -4.704522
v 30.329628 123.157921 -4.704522
v 29.882477 124.532021 -14.170180
v 29.023735 124.263832 -14.725730
v 25.842720 124.489220 -17.705330
v 23.608910 132.134216 -19.569151
v 23.077507 133.451447 -23.313021
v 26.663277 118.284523 -19.621580
v 29.410011 114.833519 -18.038900
v 27.370041 122.503609 -16.584221
v 27.719017 121.889030 -13.886790
v 30.320572 113.214622 -11.835510
v 24.931618 132.524445 -19.628380
v 24.400200 133.842407 -23.371130
v 23.077507 133.451447 -23.313021
v 23.077507 133.451447 -23.313021
v 23.608910 132.134216 -19.569151
v 29.410011 114.833519 -18.038900
v 30.320572 113.214622 -11.835510
v 28.997818 112.827034 -11.774480
v 28.087288 114.444908 -17.979349
v 29.410011 114.833519 -18.038900
v 27.985985 118.673531 -19.680861
v 26.663277 118.284523 -19.621580
v 23.077507 133.451447 -23.313021
v 23.077507 133.451447 -23.313021
v 29.410011 114.833519 -18.038900
v 26.663277 118.284523 -19.621580
v 26.663277 118.284523 -19.621580
v 29.410011 114.833519 -18.038900
v 23.608910 132.134216 -19.569151
v 25.842720 124.489220 -17.705330
v 25.842720 124.489220 -17.705330
v 27.165474 124.878532 -17.765060
v 27.370041 122.503609 -16.584221
v 26.047249 122.114830 -16.524130
v 26.396179 121.500633 -13.826010
v 27.719017 121.889030 -13.886790
v 27.370041 122.503609 -16.584221
v 25.842720 124.489220 -17.705330
v 27.370041 122.503609 -16.584221
v 28.197487 122.909035 -5.227150
v 24.764107 121.929619 -5.487320
v 24.726936 123.811119 -11.765020
v 28.160271 124.792534 -11.505820
v 17.854042 145.907532 -6.213623
v 17.908195 143.359528 2.136393
v 21.616318 144.409515 2.407851
v 21.562027 146.961731 -5.938909
v 22.693512 128.310623 -1.496181
v 24.107430 123.598427 -2.949292
v 27.540901 124.576424 -2.689720
v 26.126953 129.287323 -1.238222
v 21.671326 130.808929 -10.983470
v 23.085846 126.074638 -12.433730
v 23.140770 123.498131 -3.656544
v 21.726776 128.212509 -2.202356
v 26.062431 132.241486 -11.281620
v 27.476921 127.506721 -12.730170
v 24.043571 126.524925 -12.988530
v 22.629051 131.260712 -11.539680
v 27.084763 129.737030 -1.799542
v 28.498665 125.024834 -3.251352
v 28.443634 127.606346 -12.030120
v 27.029182 132.338928 -10.580500
v 19.735367 137.826935 0.446374
v 18.593712 136.446228 1.033678
v 24.872971 138.227234 1.498559
v 23.443420 138.878906 0.720944
v 17.683281 139.038727 -8.510786
v 17.740128 136.385315 0.333274
v 18.692360 137.677826 -0.145623
v 18.646393 139.907623 -7.482521
v 19.681831 140.350494 -7.918605
v 23.389763 141.406647 -7.641876
v 24.806618 141.251831 -8.613495
v 18.527596 139.462250 -9.082535
v 24.478920 139.319946 0.283256
v 25.717346 138.648590 0.924541
v 25.660240 141.311310 -7.914965
v 24.432709 141.555206 -7.050750
v 17.908195 143.359528 2.136393
v 21.616318 144.409515 2.407851
v 17.908195 143.359528 2.136393
v 17.211182 142.113129 1.228178
v 17.164780 144.359406 -6.099053
v 22.951164 146.004730 -5.669878
v 22.997772 143.752502 1.653273
v 27.116096 130.771332 -0.737255
v 20.836952 128.985718 -1.208261
v 19.983528 128.921631 -1.911514
v 19.927498 131.541046 -10.763940
v 27.050789 133.755432 -10.862870
v 20.771851 131.962219 -11.334560
v 27.904350 133.818329 -10.164340
v 27.960579 131.190613 -1.312685
v 23.797447 121.827309 -6.188641
v 23.769135 123.363228 -11.213770
v 29.126938 124.894417 -10.808950
v 29.155312 123.355934 -5.782653
v 17.211182 142.113129 1.228178
v 22.997772 143.752502 1.653273
v 22.997772 143.752502 1.653273
v 21.726776 128.212509 -2.202356
v 23.140770 123.498131 -3.656544
v 21.726776 128.212509 -2.202356
v 18.692360 137.677826 -0.145623
v 17.740128 136.385315 0.333274
v 18.692360 137.677826 -0.145623
v 17.211182 142.113129 1.228178
v 18.692360 137.677826 -0.145623
v 17.908195 143.359528 2.136393
v 17.211182 142.113129 1.228178
v 21.616318 144.409515 2.407851
v 19.983528 128.921631 -1.911514
v 21.726776 128.212509 -2.202356
v 21.726776 128.212509 -2.202356
v 17.740128 136.385315 0.333274
v 19.983528 128.921631 -1.911514
v 17.740128 136.385315 0.333274
v 24.764107 121.929619 -5.487320
v 24.764107 121.929619 -5.487320
v 28.197487 122.909035 -5.227150
v 28.160271 124.792534 -11.505820
v 28.160271 124.792534 -11.505820
v 24.726936 123.811119 -11.765020
v 24.764107 121.929619 -5.487320
v 23.140770 123.498131 -3.656544
v 23.140770 123.498131 -3.656544
v 23.797447 121.827309 -6.188641
v 24.764107 121.929619 -5.487320
v 24.726936 123.811119 -11.765020
v 24.726936 123.811119 -11.765020
v 23.769135 123.363228 -11.213770
v 28.160271 124.792534 -11.505820
v 29.126938 124.894417 -10.808950
v 28.160271 124.792534 -11.505820
v 28.197487 122.909035 -5.227150
v 28.197487 122.909035 -5.227150
v 29.155312 123.355934 -5.782653
v 26.399529 120.390129 -12.054370
v 25.434624 123.547218 -11.120940
v 27.642677 124.178001 -10.954050
v 28.607582 121.021324 -11.887370
v 26.435081 118.998131 -6.973989
v 25.470375 122.148125 -6.037530
v 28.643166 119.628044 -6.806352
v 27.678474 122.777733 -5.870305
v 28.607582 121.021324 -11.887370
v 27.642677 124.178001 -10.954050
v 28.607582 121.021324 -11.887370
v 24.564705 126.103523 -9.139154
v 26.772804 126.733635 -8.972361
v 26.792679 125.955132 -6.158877
v 24.584557 125.325829 -6.325755
v 31.724831 103.198402 -2.503775
v 31.993370 101.966316 -2.520589
v 33.490982 102.408714 -2.516365
v 33.222435 103.640923 -2.499603
v 33.758179 101.229012 -7.464386
v 32.260521 100.785912 -7.468969
v 31.991951 102.020119 -7.451176
v 33.489594 102.463219 -7.446639
v 30.953621 102.982918 -3.593824
v 31.222115 101.750328 -3.610901
v 31.489853 100.546318 -6.384851
v 31.221352 101.780113 -6.367243
v 31.490616 100.517723 -3.627978
v 31.221352 101.780113 -6.367243
v 31.221352 101.780113 -6.367243
v 31.489853 100.546318 -6.384851
v 34.261608 102.648506 -3.602195
v 33.993069 103.881111 -3.585230
v 34.529404 101.445518 -6.375689
v 34.260826 102.679115 -6.358173
v 34.530167 101.415901 -3.619160
v 26.772804 126.733635 -8.972361
v 27.642677 124.178001 -10.954050
v 26.772804 126.733635 -8.972361
v 29.126938 124.894417 -10.808950
v 29.155312 123.355934 -5.782653
v 29.126938 124.894417 -10.808950
v 23.797447 121.827309 -6.188641
v 23.769135 123.363228 -11.213770
v 23.797447 121.827309 -6.188641
v 28.087288 114.444908 -17.979349
v 26.047249 122.114830 -16.524130
v 26.047249 122.114830 -16.524130
v 28.087288 114.444908 -17.979349
v 28.997818 112.827034 -11.774480
v 26.396179 121.500633 -13.826010
v 26.396179 121.500633 -13.826010
v 26.047249 122.114830 -16.524130
v 28.087288 114.444908 -17.979349
v 27.985985 118.673531 -19.680861
v 27.165474 124.878532 -17.765060
v 27.985985 118.673531 -19.680861
v 24.400200 133.842407 -23.371130
v 24.931618 132.524445 -19.628380
v 27.165474 124.878532 -17.765060
v 27.165474 124.878532 -17.765060
v 27.985985 118.673531 -19.680861
v 24.400200 133.842407 -23.371130
v 31.052681 98.169838 2.226709
v 32.272102 97.672859 1.629086
v 30.628334 97.954262 1.703388
v 31.972961 98.125450 2.163502
v 30.114555 97.509773 1.612114
v 32.515869 96.977013 0.124496
v 30.083916 97.250587 0.277636
v 32.611046 97.186317 1.477563
v 30.080956 86.296684 -4.341408
v 30.532097 86.900772 -4.021551
v 29.811829 86.578514 -4.576183
v 32.451057 86.292152 -4.281384
v 31.931969 86.985764 -4.010431
v 32.702888 87.140358 -4.008772
v 33.097672 86.528893 -4.184273
v 33.300133 86.239357 -4.512519
v 34.048717 86.867744 -4.495839
v 33.495201 87.656624 -4.063565
v 33.971363 86.978508 -4.215445
v 35.793419 88.449791 -4.251153
v 35.454926 87.897102 -4.442913
v 36.278824 88.490616 -4.641202
v 35.171829 88.615433 -3.931543
v 36.633640 90.376167 -4.620429
v 36.024143 90.372276 -4.070218
v 35.053123 90.599861 -3.897620
v 36.477486 92.011314 -4.062255
v 37.610054 92.459877 -4.616038
v 37.436111 93.423637 -4.606522
v 36.745403 92.813591 -4.114207
v 35.388298 92.259041 -3.880124
v 37.403511 93.443031 -5.484252
v 37.562431 92.450829 -5.530934
v 36.635532 92.822289 -5.935298
v 30.068092 86.304680 -4.942108
v 36.589645 90.373573 -5.492453
v 36.208694 88.500175 -5.401006
v 34.822544 92.375191 -4.930741
v 34.523254 90.771324 -4.910227
v 34.480804 89.051842 -4.910200
v 33.134651 88.143425 -4.808961
v 32.526047 87.610466 -4.768582
v 31.827003 87.542160 -4.734483
v 30.234879 87.298225 -4.614406
v 29.811829 86.578514 -4.576183
v 36.260681 92.094276 -6.044344
v 35.247700 92.267036 -5.943314
v 36.635532 92.822289 -5.935298
v 34.905117 90.665565 -5.936868
v 35.849529 90.424019 -5.979185
v 35.105003 88.576347 -5.989399
v 33.388397 87.795372 -5.627227
v 32.591408 87.243462 -5.571241
v 31.833488 87.026604 -5.493668
v 30.464302 86.931084 -5.240781
v 29.811829 86.578514 -4.576183
v 30.464302 86.931084 -5.240781
v 32.385162 86.307243 -5.358919
v 30.464302 86.931084 -5.240781
v 31.833488 87.026604 -5.493668
v 31.833488 87.026604 -5.493668
v 31.833488 87.026604 -5.493668
v 32.591408 87.243462 -5.571241
v 32.992973 86.591927 -5.561944
v 32.591408 87.243462 -5.571241
v 33.247040 86.262672 -5.306377
v 33.961060 86.977478 -5.482465
v 32.591408 87.243462 -5.571241
v 32.591408 87.243462 -5.571241
v 33.388397 87.795372 -5.627227
v 35.377655 87.946342 -5.563158
v 33.388397 87.795372 -5.627227
v 33.388397 87.795372 -5.627227
v 35.105003 88.576347 -5.989399
v 35.750347 88.550537 -5.765565
v 35.105003 88.576347 -5.989399
v 35.849529 90.424019 -5.979185
v 35.849529 90.424019 -5.979185
v 35.849529 90.424019 -5.979185
v 36.260681 92.094276 -6.044344
v 36.260681 92.094276 -6.044344
v 36.260681 92.094276 -6.044344
v 35.105003 88.576347 -5.989399
v 36.745403 92.813591 -4.114207
v 36.635532 92.822289 -5.935298
v 35.247700 92.267036 -5.943314
v 35.247700 92.267036 -5.943314
v 35.388298 92.259041 -3.880124
v 36.745403 92.813591 -4.114207
v 35.388298 92.259041 -3.880124
v 35.247700 92.267036 -5.943314
v 34.822544 92.375191 -4.930741
v 36.745403 92.813591 -4.114207
v 37.436111 93.423637 -4.606522
v 37.403511 93.443031 -5.484252
v 37.403511 93.443031 -5.484252
v 36.635532 92.822289 -5.935298
v 36.745403 92.813591 -4.114207
v 30.144798 87.305481 -6.758985
v 30.546516 87.850578 -6.452476
v 29.902245 87.559677 -6.970109
v 32.280724 87.301323 -6.704998
v 31.808167 87.927254 -6.442464
v 32.507614 88.066170 -6.459436
v 32.863350 87.514786 -6.617531
v 33.045975 87.253754 -6.912989
v 33.720528 87.820351 -6.897796
v 33.221687 88.531685 -6.508583
v 33.650871 87.920189 -6.645471
v 35.292831 89.246910 -6.677136
v 34.987843 88.748573 -6.849852
v 35.730328 89.283775 -7.028055
v 34.732754 89.396233 -6.389485
v 36.050064 90.984093 -7.008780
v 35.500786 90.980476 -6.513706
v 34.625713 91.185722 -6.358277
v 35.909290 92.458488 -6.505979
v 36.929943 92.863106 -7.004158
v 36.773167 93.732140 -6.995292
v 36.150711 93.182030 -6.552463
v 34.927704 92.681908 -6.341978
v 36.743851 93.749733 -7.784848
v 36.887032 92.854973 -7.827103
v 36.051651 93.189995 -8.190571
v 30.128365 87.313271 -7.280862
v 36.010376 90.981743 -7.793109
v 35.667099 89.292534 -7.711421
v 34.417824 92.786751 -7.287294
v 34.148109 91.340446 -7.269338
v 34.109913 89.789940 -7.269845
v 32.896767 88.970734 -7.179029
v 32.348289 88.490105 -7.142902
v 31.718399 88.428596 -7.112257
v 30.283546 88.208679 -7.004287
v 29.902245 87.559677 -6.970109
v 35.713970 92.533363 -8.288847
v 34.801025 92.689247 -8.197956
v 36.051651 93.189995 -8.190571
v 34.492313 91.245186 -8.192627
v 35.343349 91.027290 -8.230749
v 34.672512 89.361305 -8.240438
v 33.125443 88.657013 -7.915055
v 32.407280 88.159454 -7.864882
v 31.724144 87.963928 -7.795181
v 30.490395 87.877632 -7.567781
v 29.902245 87.559677 -6.970109
v 30.490395 87.877632 -7.567781
v 32.216545 87.315582 -7.655716
v 30.490395 87.877632 -7.567781
v 31.724144 87.963928 -7.795181
v 31.724144 87.963928 -7.795181
v 31.724144 87.963928 -7.795181
v 32.407280 88.159454 -7.864882
v 32.769096 87.571915 -7.856688
v 32.407280 88.159454 -7.864882
v 32.998108 87.274979 -7.626980
v 33.641541 87.919548 -7.785153
v 32.407280 88.159454 -7.864882
v 32.407280 88.159454 -7.864882
v 33.125443 88.657013 -7.915055
v 34.918236 88.793182 -7.857450
v 33.125443 88.657013 -7.915055
v 33.125443 88.657013 -7.915055
v 34.672512 89.361305 -8.240438
v 35.254002 89.337959 -8.039225
v 34.672512 89.361305 -8.240438
v 35.343349 91.027290 -8.230749
v 35.343349 91.027290 -8.230749
v 35.343349 91.027290 -8.230749
v 35.713970 92.533363 -8.288847
v 35.713970 92.533363 -8.288847
v 35.713970 92.533363 -8.288847
v 34.672512 89.361305 -8.240438
v 36.150711 93.182030 -6.552463
v 36.051651 93.189995 -8.190571
v 34.801025 92.689247 -8.197956
v 34.801025 92.689247 -8.197956
v 34.927704 92.681908 -6.341978
v 36.150711 93.182030 -6.552463
v 34.927704 92.681908 -6.341978
v 34.801025 92.689247 -8.197956
v 34.417824 92.786751 -7.287294
v 36.150711 93.182030 -6.552463
v 36.773167 93.732140 -6.995292
v 36.743851 93.749733 -7.784848
v 36.743851 93.749733 -7.784848
v 36.051651 93.189995 -8.190571
v 36.150711 93.182030 -6.552463
v 29.754875 88.535713 -9.009554
v 30.100388 88.986046 -8.729279
v 29.547134 88.760872 -9.174992
v 31.572632 88.524742 -8.981766
v 31.174126 89.047768 -8.727861
v 31.769363 89.164742 -8.741837
v 32.069534 88.701256 -8.903082
v 32.221771 88.490623 -9.166243
v 32.796989 88.970184 -9.133842
v 32.377373 89.560768 -8.768694
v 32.740082 89.045204 -8.915266
v 34.139477 90.170601 -8.896803
v 33.877434 89.754509 -9.062580
v 34.508659 90.214821 -9.195883
v 33.665749 90.287590 -8.642036
v 34.784218 91.659187 -9.106821
v 34.321270 91.637749 -8.683233
v 33.578529 91.808311 -8.535280
v 34.671890 92.893333 -8.614542
v 35.536694 93.254509 -9.026939
v 35.405132 93.993645 -8.979582
v 34.878326 93.509819 -8.623814
v 33.838623 93.079185 -8.457577
v 35.373203 94.039879 -9.647125
v 35.492889 93.280403 -9.723692
v 34.779644 93.581749 -10.009700
v 29.736305 88.563133 -9.450748
v 34.743561 91.688423 -9.770548
v 34.448853 90.249611 -9.773296
v 33.396660 93.207161 -9.249254
v 33.164482 91.977242 -9.295879
v 33.128929 90.658806 -9.364672
v 32.095894 89.961647 -9.314070
v 31.628624 89.552940 -9.300234
v 31.092751 89.500923 -9.271799
v 29.872543 89.313148 -9.178272
v 29.547134 88.760872 -9.174992
v 34.490067 93.028236 -10.119100
v 33.714432 93.159386 -10.027710
v 34.779644 93.581749 -10.009700
v 33.448967 91.932091 -10.084470
v 34.172371 91.746239 -10.133410
v 33.598076 90.331673 -10.209700
v 32.283318 89.723625 -9.952713
v 31.671753 89.300255 -9.926331
v 31.090744 89.132874 -9.870363
v 30.042839 89.053612 -9.671564
v 29.547134 88.760872 -9.174992
v 30.042839 89.053612 -9.671564
v 31.509590 88.574883 -9.785133
v 30.042839 89.053612 -9.671564
v 31.090744 89.132874 -9.870363
v 31.090744 89.132874 -9.870363
v 31.090744 89.132874 -9.870363
v 31.671753 89.300255 -9.926331
v 31.978539 88.799461 -9.948395
v 31.671753 89.300255 -9.926331
v 32.174828 88.537170 -9.769079
v 32.722099 89.090096 -9.879671
v 31.671753 89.300255 -9.926331
v 31.671753 89.300255 -9.926331
v 32.283318 89.723625 -9.952713
v 33.809387 89.832619 -9.912746
v 32.283318 89.723625 -9.952713
v 32.283318 89.723625 -9.952713
v 33.598076 90.331673 -10.209700
v 34.094643 90.302299 -10.045280
v 33.598076 90.331673 -10.209700
v 34.172371 91.746239 -10.133410
v 34.172371 91.746239 -10.133410
v 34.172371 91.746239 -10.133410
v 34.490067 93.028236 -10.119100
v 34.490067 93.028236 -10.119100
v 34.490067 93.028236 -10.119100
v 33.598076 90.331673 -10.209700
v 34.878326 93.509819 -8.623814
v 34.779644 93.581749 -10.009700
v 33.714432 93.159386 -10.027710
v 33.714432 93.159386 -10.027710
v 33.838623 93.079185 -8.457577
v 34.878326 93.509819 -8.623814
v 33.838623 93.079185 -8.457577
v 33.714432 93.159386 -10.027710
v 33.396660 93.207161 -9.249254
v 34.878326 93.509819 -8.623814
v 35.405132 93.993645 -8.979582
v 35.373203 94.039879 -9.647125
v 35.373203 94.039879 -9.647125
v 34.779644 93.581749 -10.009700
v 34.878326 93.509819 -8.623814
v 35.400894 93.116875 -0.938269
v 34.845997 92.983452 -1.752703
v 35.687458 92.261925 -0.947809
v 31.568306 99.073311 -6.868733
v 31.888985 99.092918 -5.019339
v 31.182487 100.752312 -5.226466
v 31.334183 100.818199 -6.892286
v 33.369293 96.001656 -1.747119
v 34.387676 96.463036 -0.981301
v 33.499512 96.991753 -0.081942
v 32.886650 96.316551 -0.324095
v 33.947708 92.971321 -10.138550
v 33.311958 92.896721 -9.984919
v 33.219666 92.932961 -10.125490
v 33.952461 93.088615 -10.353240
v 35.711327 92.298073 -1.353869
v 36.394501 92.533913 -1.435080
v 36.392502 92.545097 -0.980601
v 31.585190 101.615501 -7.780015
v 32.155136 101.588722 -8.485811
v 31.318672 100.820122 -8.009699
v 31.558510 97.954384 -8.872416
v 32.070343 96.958305 -7.569829
v 32.430939 96.828392 -5.143560
v 32.601341 93.734657 -7.758295
v 33.125351 93.589470 -5.366908
v 33.644394 93.455299 -3.164330
v 33.065559 96.190544 -3.198996
v 35.045025 94.244850 -0.929499
v 36.926823 94.783165 -2.859850
v 36.854511 94.614296 -4.064117
v 36.286911 97.704735 -3.471586
v 37.145073 93.728325 -2.715263
v 36.501213 92.555336 -3.524539
v 36.865856 93.269081 -2.572998
v 36.190292 92.228294 -3.309475
v 36.812191 93.283791 -2.038994
v 36.156307 92.258217 -3.722787
v 37.039120 93.725731 -1.890800
v 36.392502 92.545097 -0.980601
v 36.394501 92.533913 -1.435080
v 37.186264 93.387642 -4.543077
v 36.746571 92.969429 -4.678392
v 37.010994 93.471748 -5.356969
v 36.661449 93.000084 -5.112610
v 36.707355 94.615425 -5.844162
v 36.366688 94.666985 -7.409116
v 35.248871 98.690315 -8.444185
v 35.832230 92.670952 -6.059401
v 35.591084 92.391441 -5.593402
v 35.429436 92.400215 -6.258018
v 36.552223 93.420082 -7.064805
v 36.096996 93.054298 -7.127670
v 36.324512 93.523125 -7.839229
v 35.952255 93.114265 -7.666151
v 34.919388 92.749504 -8.330225
v 34.693325 92.592247 -7.982888
v 34.542099 92.692833 -8.371832
v 35.098362 93.998878 -9.607365
v 34.908897 93.601616 -9.144571
v 35.625446 94.786308 -8.495125
v 34.636456 93.649300 -9.698729
v 35.066650 94.994621 -9.603207
v 34.288288 98.399239 -9.513041
v 35.081577 102.003609 -4.313418
v 34.760956 101.729225 -8.005516
v 33.324799 96.434196 1.265126
v 33.132500 95.694771 0.713966
v 33.174309 96.251183 0.415612
v 33.431557 97.448891 0.800121
v 33.499512 96.991753 -0.081942
v 30.580894 101.113121 -3.442561
v 29.876015 101.540611 -2.651283
v 30.724083 101.872017 -3.656519
v 29.421364 96.820015 0.035174
v 29.255989 95.965263 0.434906
v 29.167381 96.642769 0.992083
v 29.231667 97.614052 0.566577
v 29.595810 98.212975 -0.650417
v 29.434563 98.637398 -0.155717
v 32.361458 98.005760 -9.520786
v 34.028782 93.366890 -1.687979
v 35.400894 93.116875 -0.938269
v 35.687458 92.261925 -0.947809
v 36.197094 93.498985 -1.016569
v 35.045025 94.244850 -0.929499
v 35.886726 94.581413 -1.017728
v 34.387676 96.463036 -0.981301
v 35.444439 97.838997 -1.903426
v 33.609978 98.665123 -0.418042
v 33.499512 96.991753 -0.081942
v 33.499512 96.991753 -0.081942
v 32.444191 99.233299 1.337981
v 32.366920 98.032249 1.967600
v 30.434532 99.422462 1.180532
v 30.106178 98.133080 1.795198
v 34.532856 102.095512 -2.544091
v 32.202698 102.047813 -2.020474
v 32.790169 101.899910 -1.251582
v 33.559883 100.731621 -1.512312
v 32.760918 101.565605 -0.578761
v 36.765659 94.888313 -1.918768
v 32.012360 96.106651 -0.453600
v 30.794296 96.335487 -0.413008
v 31.441811 96.813393 -1.096378
v 32.173149 96.334206 -0.578055
v 32.682594 96.101875 -0.111384
v 33.174309 96.251183 0.415612
v 33.174309 96.251183 0.415612
v 30.770309 97.649712 -1.909283
v 32.329948 97.412712 -4.242918
v 30.287827 97.845024 -1.363931
v 29.730324 99.572884 -1.564331
v 29.624367 99.764427 -1.138376
v 29.831024 100.973412 -2.361376
v 30.115021 99.347343 -2.194703
v 30.398369 99.221779 -2.587325
v 30.876015 101.753212 -5.427000
v 30.931709 101.689003 -6.366511
v 32.980865 94.837105 -9.976208
v 32.361458 98.005760 -9.520786
v 33.176628 93.806374 -10.092450
v 30.805893 101.521294 -0.521692
v 30.531364 101.776009 -1.682017
v 32.980865 94.837105 -9.976208
v 32.414230 94.724068 -9.302559
v 32.980865 94.837105 -9.976208
v 32.590813 93.814583 -9.336670
v 32.980865 94.837105 -9.976208
v 32.980865 94.837105 -9.976208
v 33.176628 93.806374 -10.092450
v 32.822952 93.446541 -9.466772
v 33.176628 93.806374 -10.092450
v 33.176628 93.806374 -10.092450
v 33.219666 92.932961 -10.125490
v 33.311958 92.896721 -9.984919
v 33.145958 93.202171 -9.324211
v 33.294945 93.410622 -7.927174
v 33.428772 93.145287 -8.480621
v 33.693703 92.860161 -7.572713
v 33.834671 93.245750 -5.571445
v 34.100086 92.784431 -5.947132
v 34.302448 92.800911 -5.285594
v 34.639500 92.853096 -3.912682
v 34.508896 93.135399 -3.323705
v 34.883617 92.689308 -3.106336
v 35.105022 92.601112 -2.061170
v 30.083916 97.250587 0.277636
v 32.515869 96.977013 0.124496
v 32.385796 96.241615 0.251843
v 30.031593 96.515404 0.380674
v 30.083916 97.250587 0.277636
v 31.831184 97.008232 2.342120
v 32.611046 97.186317 1.477563
v 32.272102 97.672859 1.629086
v 32.272102 97.672859 1.629086
v 31.972961 98.125450 2.163502
v 31.053352 90.446098 1.373593
v 30.681602 89.985252 1.403666
v 30.901802 90.482964 0.994695
v 31.372498 91.067101 1.461772
v 31.022751 91.088585 0.711875
v 31.190735 91.874855 0.762558
v 31.853073 92.539726 1.798334
v 31.403694 92.722099 0.975941
v 31.551308 93.332863 0.913755
v 31.912239 93.433846 2.057750
v 31.758690 94.189842 0.826652
v 31.960159 94.295219 1.929909
v 32.201820 95.704445 0.453582
v 32.307076 95.859962 1.695065
v 32.473930 96.430260 1.594429
v 32.385796 96.241615 0.251843
v 32.385796 96.241615 0.251843
v 32.515869 96.977013 0.124496
v 32.515869 96.977013 0.124496
v 32.611046 97.186317 1.477563
v 30.088753 96.737328 1.703473
v 30.114555 97.509773 1.612114
v 30.083916 97.250587 0.277636
v 30.083916 97.250587 0.277636
v 30.102318 96.133446 1.811742
v 30.113884 95.943840 0.577900
v 30.005028 94.503975 2.053060
v 30.116493 94.320061 0.905200
v 32.201820 95.704445 0.453582
v 30.110916 90.223061 1.764096
v 29.865822 90.526955 1.428555
v 30.069366 90.054329 1.432791
v 30.161705 91.118065 2.010582
v 29.636642 91.245705 1.587797
v 30.231529 92.189476 2.474226
v 29.679420 92.808067 2.054971
v 30.372261 93.301674 2.796026
v 29.819603 93.675209 2.219395
v 30.515541 94.447441 2.497852
v 31.264427 93.200783 2.753524
v 31.495415 94.338371 2.457435
v 31.691872 95.899757 2.216409
v 30.712791 96.037880 2.246158
v 30.875412 97.128609 2.384499
v 30.114555 97.509773 1.612114
v 31.052681 98.169838 2.226709
v 30.628334 97.954262 1.703388
v 30.114555 97.509773 1.612114
v 30.114555 97.509773 1.612114
v 31.052681 98.169838 2.226709
v 31.972961 98.125450 2.163502
v 31.052681 98.169838 2.226709
v 31.972961 98.125450 2.163502
v 30.115509 93.412575 1.015790
v 31.758690 94.189842 0.826652
v 32.201820 95.704445 0.453582
v 31.551308 93.332863 0.913755
v 31.551308 93.332863 0.913755
v 30.068855 92.002846 0.792726
v 31.190735 91.874855 0.762558
v 31.022751 91.088585 0.711875
v 31.022751 91.088585 0.711875
v 30.025909 91.173363 0.743035
v 31.022751 91.088585 0.711875
v 30.901802 90.482964 0.994695
v 30.901802 90.482964 0.994695
v 29.964073 90.540245 1.029275
v 31.551308 93.332863 0.913755
v 31.403694 92.722099 0.975941
v 31.403694 92.722099 0.975941
v 30.097816 92.864250 1.011726
v 31.403694 92.722099 0.975941
v 31.190735 91.874855 0.762558
v 31.190735 91.874855 0.762558
v 32.611046 97.186317 1.477563
v 31.599648 92.603569 2.186869
v 31.149841 92.087654 2.426458
v 30.936668 91.008308 1.986280
v 30.701668 90.184456 1.748260
v 30.681602 89.985252 1.403666
v 30.681602 89.985252 1.403666
v 30.901802 90.482964 0.994695
v 30.681602 89.985252 1.403666
v 30.069366 90.054329 1.432791
v 35.429436 92.400215 -6.258018
v 35.429436 92.400215 -6.258018
v 35.591084 92.391441 -5.593402
v 34.542099 92.692833 -8.371832
v 34.542099 92.692833 -8.371832
v 34.693325 92.592247 -7.982888
v 34.636456 93.649300 -9.698729
v 34.908897 93.601616 -9.144571
v 34.636456 93.649300 -9.698729
v 34.542099 92.692833 -8.371832
v 34.908897 93.601616 -9.144571
v 33.311958 92.896721 -9.984919
v 33.947708 92.971321 -10.138550
v 33.947708 92.971321 -10.138550
v 34.636456 93.649300 -9.698729
v 36.096996 93.054298 -7.127670
v 35.952255 93.114265 -7.666151
v 36.096996 93.054298 -7.127670
v 35.429436 92.400215 -6.258018
v 36.096996 93.054298 -7.127670
v 35.952255 93.114265 -7.666151
v 34.693325 92.592247 -7.982888
v 36.865856 93.269081 -2.572998
v 36.865856 93.269081 -2.572998
v 36.812191 93.283791 -2.038994
v 36.812191 93.283791 -2.038994
v 36.156307 92.258217 -3.722787
v 36.190292 92.228294 -3.309475
v 36.156307 92.258217 -3.722787
v 36.190292 92.228294 -3.309475
v 36.865856 93.269081 -2.572998
v 36.661449 93.000084 -5.112610
v 36.746571 92.969429 -4.678392
v 36.661449 93.000084 -5.112610
v 36.746571 92.969429 -4.678392
v 36.156307 92.258217 -3.722787
v 36.661449 93.000084 -5.112610
v 35.591084 92.391441 -5.593402
v 32.790169 101.899910 -1.251582
v 30.550667 101.976723 -2.073465
v 32.155136 101.588722 -8.485811
v 33.625137 101.647316 -8.506290
v 32.361458 98.005760 -9.520786
v 32.361458 98.005760 -9.520786
v 30.217018 86.505753 -1.592931
v 30.646164 87.087395 -1.265603
v 29.957932 86.776909 -1.819078
v 32.498909 86.501411 -1.535149
v 31.994041 87.169151 -1.254950
v 32.741287 87.317513 -1.273196
v 33.121277 86.729134 -1.441766
v 33.316345 86.450630 -1.757598
v 34.037014 87.055206 -1.741837
v 33.504120 87.814247 -1.326180
v 33.962547 87.161743 -1.472009
v 35.716648 88.577370 -1.507043
v 35.390854 88.045631 -1.691369
v 36.184044 88.616631 -1.882541
v 35.118317 88.736725 -1.199559
v 36.525681 90.430748 -1.863428
v 35.938889 90.426964 -1.333842
v 35.004036 90.645882 -1.167868
v 36.375374 92.003792 -1.326912
v 37.465755 92.435524 -1.860162
v 37.298317 93.362617 -1.851432
v 36.633297 92.775703 -1.377277
v 35.326717 92.242149 -1.151785
v 37.266895 93.381203 -2.696720
v 37.419849 92.426735 -2.741237
v 36.527508 92.784096 -3.131008
v 30.199501 86.513969 -2.151467
v 36.483311 90.428246 -2.703210
v 36.116535 88.625877 -2.614211
v 34.782028 92.353966 -2.163186
v 34.493938 90.810921 -2.142680
v 34.453049 89.156609 -2.141847
v 33.156929 88.282585 -2.043921
v 32.571083 87.769783 -2.004806
v 31.898094 87.704048 -1.971947
v 30.365326 87.469414 -1.856231
v 29.957932 86.776909 -1.819078
v 36.166641 92.083565 -3.235783
v 35.191422 92.249733 -3.138519
v 36.527508 92.784096 -3.131008
v 34.861549 90.709206 -3.131572
v 35.770809 90.476753 -3.172199
v 35.053970 88.699181 -3.181147
v 33.401291 87.947731 -2.831855
v 32.634003 87.416801 -2.777665
v 31.904327 87.208160 -2.702819
v 30.586174 87.116127 -2.459196
v 29.957932 86.776909 -1.819078
v 30.586174 87.116127 -2.459196
v 32.430290 86.516525 -2.552867
v 30.586174 87.116127 -2.459196
v 31.904327 87.208160 -2.702819
v 31.904327 87.208160 -2.702819
v 31.904327 87.208160 -2.702819
v 32.634003 87.416801 -2.777665
v 33.020531 86.789940 -2.768347
v 32.634003 87.416801 -2.777665
v 33.265244 86.473114 -2.522002
v 33.952602 87.160927 -2.692001
v 32.634003 87.416801 -2.777665
v 32.634003 87.416801 -2.777665
v 33.401291 87.947731 -2.831855
v 35.316433 88.093056 -2.770213
v 33.401291 87.947731 -2.831855
v 33.401291 87.947731 -2.831855
v 35.053970 88.699181 -3.181147
v 35.675213 88.674355 -2.965472
v 35.053970 88.699181 -3.181147
v 35.770809 90.476753 -3.172199
v 35.770809 90.476753 -3.172199
v 35.770809 90.476753 -3.172199
v 36.166641 92.083565 -3.235783
v 36.166641 92.083565 -3.235783
v 36.166641 92.083565 -3.235783
v 35.053970 88.699181 -3.181147
v 36.633297 92.775703 -1.377277
v 36.527508 92.784096 -3.131008
v 35.191422 92.249733 -3.138519
v 35.191422 92.249733 -3.138519
v 35.326717 92.242149 -1.151785
v 36.633297 92.775703 -1.377277
v 35.326717 92.242149 -1.151785
v 35.191422 92.249733 -3.138519
v 34.782028 92.353966 -2.163186
v 36.633297 92.775703 -1.377277
v 37.298317 93.362617 -1.851432
v 37.266895 93.381203 -2.696720
v 37.266895 93.381203 -2.696720
v 36.527508 92.784096 -3.131008
v 36.633297 92.775703 -1.377277
v 29.255989 95.965263 0.434906
v 29.421364 96.820015 0.035174
v 33.174309 96.251183 0.415612
v 33.174309 96.251183 0.415612
v 33.132500 95.694771 0.713966
v 29.255989 95.965263 0.434906
v 30.794296 96.335487 -0.413008
v 32.012360 96.106651 -0.453600
v 32.682594 96.101875 -0.111384
v 32.682594 96.101875 -0.111384
v 29.421364 96.820015 0.035174
v 30.794296 96.335487 -0.413008
v 29.421364 96.820015 0.035174
v 32.682594 96.101875 -0.111384
v 33.174309 96.251183 0.415612
v 29.167381 96.642769 0.992083
v 29.255989 95.965263 0.434906
v 33.132500 95.694771 0.713966
v 33.132500 95.694771 0.713966
v 33.324799 96.434196 1.265126
v 29.167381 96.642769 0.992083
v 32.366920 98.032249 1.967600
v 30.106178 98.133080 1.795198
v 29.167381 96.642769 0.992083
v 29.167381 96.642769 0.992083
v 33.324799 96.434196 1.265126
v 32.366920 98.032249 1.967600
v 29.013756 122.763222 -4.042669
v 29.023735 124.263832 -14.725730
v 23.604958 122.828011 -14.444180
v 23.604958 122.828011 -14.444180
v 24.680573 121.583717 -3.768634
v 29.013756 122.763222 -4.042669
v 23.228447 121.238136 -4.335573
v 24.680573 121.583717 -3.768634
v 23.604958 122.828011 -14.444180
v 23.604958 122.828011 -14.444180
v 22.781517 122.602623 -13.810640
v 23.228447 121.238136 -4.335573
v -28.660637 146.945190 -14.606630
v -26.592430 144.151520 -15.957410
v -27.972633 144.073822 -15.473520
v -30.399158 145.193512 -13.989870
v -28.509285 142.264923 8.263645
v -27.842659 140.900696 8.783782
v -21.256691 141.771545 9.733304
v -19.433342 143.807007 9.314237
v -18.518700 149.793732 -15.228690
v -31.288502 149.924927 -11.850140
v -17.709862 152.279724 4.079882
v -19.253929 146.219208 8.226682
v -16.899708 146.701996 8.212338
v -20.501320 145.134827 -17.333389
v -18.848549 146.762451 -16.872520
v -33.223072 152.021729 -7.530601
v -24.950417 155.267120 -7.001585
v -24.129143 153.400513 -11.240420
v -32.351063 150.508331 -1.876135
v -24.908714 153.730042 -1.272068
v -29.514275 144.315247 6.724236
v -23.273140 149.133240 2.923370
v -23.420448 150.518921 3.626897
v -23.526573 151.977905 1.644108
v -32.958149 146.897430 -10.893140
v -34.593678 147.795227 -7.675917
v -34.192005 147.199097 -2.710513
v -32.635487 146.287231 1.252168
v -30.873249 147.698029 2.456571
v -30.642231 143.388824 5.613200
v -29.500160 142.080292 7.015417
v -28.844368 141.214844 7.702221
v -18.372810 149.355194 -14.186950
v -30.308582 144.454529 -12.902630
v -27.868858 143.458618 -14.288050
v -18.535149 146.567841 -15.521780
v -21.137856 143.593719 7.475280
v -28.711983 140.924713 6.612247
v -29.612587 141.902008 5.922704
v -19.315468 143.376404 7.995284
v -16.324116 152.181610 -10.124920
v -16.822239 153.938507 -9.619612
v -32.719166 146.065735 -10.076620
v -16.878895 146.065948 6.932796
v -19.155937 145.651428 6.969024
v -17.623558 151.210815 3.068407
v -17.142769 155.542023 -6.245329
v -34.027210 146.999298 -7.385083
v -17.547905 154.540924 -1.509133
v -33.852772 146.469421 -3.130915
v -30.626240 143.041199 4.481472
v -32.478687 145.574615 0.374254
v -27.972633 144.073822 -15.473520
v -26.592430 144.151520 -15.957410
v -26.553596 143.622681 -14.648950
v -27.868858 143.458618 -14.288050
v -27.972633 144.073822 -15.473520
v -30.308582 144.454529 -12.902630
v -30.399158 145.193512 -13.989870
v -27.972633 144.073822 -15.473520
v -27.972633 144.073822 -15.473520
v -27.868858 143.458618 -14.288050
v -30.308582 144.454529 -12.902630
v -19.433342 143.807007 9.314237
v -21.256691 141.771545 9.733304
v -21.137856 143.593719 7.475280
v -21.137856 143.593719 7.475280
v -19.315468 143.376404 7.995284
v -19.433342 143.807007 9.314237
v -21.256691 141.771545 9.733304
v -27.842659 140.900696 8.783782
v -27.759575 142.528229 6.473280
v -21.137856 143.593719 7.475280
v -21.256691 141.771545 9.733304
v -16.401920 153.022736 -10.863270
v -16.955952 154.876526 -10.252840
v -16.822239 153.938507 -9.619612
v -16.822239 153.938507 -9.619612
v -16.324116 152.181610 -10.124920
v -18.372810 149.355194 -14.186950
v -18.518700 149.793732 -15.228690
v -16.324116 152.181610 -10.124920
v -18.372810 149.355194 -14.186950
v -16.899708 146.701996 8.212338
v -19.253929 146.219208 8.226682
v -19.155937 145.651428 6.969024
v -19.155937 145.651428 6.969024
v -16.878895 146.065948 6.932796
v -16.899708 146.701996 8.212338
v -17.623558 151.210815 3.068407
v -17.709862 152.279724 4.079882
v -16.899708 146.701996 8.212338
v -16.899708 146.701996 8.212338
v -16.878895 146.065948 6.932796
v -17.623558 151.210815 3.068407
v -26.592430 144.151520 -15.957410
v -20.501320 145.134827 -17.333389
v -20.510704 144.561890 -15.989320
v -26.592430 144.151520 -15.957410
v -18.535149 146.567841 -15.521780
v -18.848549 146.762451 -16.872520
v -18.518700 149.793732 -15.228690
v -18.518700 149.793732 -15.228690
v -18.372810 149.355194 -14.186950
v -18.535149 146.567841 -15.521780
v -17.283546 156.963318 -6.482382
v -17.142769 155.542023 -6.245329
v -17.142769 155.542023 -6.245329
v -16.822239 153.938507 -9.619612
v -17.142769 155.542023 -6.245329
v -17.646614 155.826691 -0.958839
v -17.547905 154.540924 -1.509133
v -17.142769 155.542023 -6.245329
v -19.253929 146.219208 8.226682
v -19.433342 143.807007 9.314237
v -19.315468 143.376404 7.995284
v -19.315468 143.376404 7.995284
v -19.155937 145.651428 6.969024
v -19.253929 146.219208 8.226682
v -17.547905 154.540924 -1.509133
v -17.709862 152.279724 4.079882
v -17.709862 152.279724 4.079882
v -17.623558 151.210815 3.068407
v -17.547905 154.540924 -1.509133
v -32.719166 146.065735 -10.076620
v -32.958149 146.897430 -10.893140
v -30.399158 145.193512 -13.989870
v -30.399158 145.193512 -13.989870
v -30.308582 144.454529 -12.902630
v -32.719166 146.065735 -10.076620
v -34.027210 146.999298 -7.385083
v -34.593678 147.795227 -7.675917
v -32.958149 146.897430 -10.893140
v -32.958149 146.897430 -10.893140
v -32.719166 146.065735 -10.076620
v -34.027210 146.999298 -7.385083
v -34.192005 147.199097 -2.710513
v -34.593678 147.795227 -7.675917
v -34.027210 146.999298 -7.385083
v -34.027210 146.999298 -7.385083
v -33.852772 146.469421 -3.130915
v -34.192005 147.199097 -2.710513
v -32.635487 146.287231 1.252168
v -34.192005 147.199097 -2.710513
v -33.852772 146.469421 -3.130915
v -33.852772 146.469421 -3.130915
v -32.478687 145.574615 0.374254
v -32.635487 146.287231 1.252168
v -30.642231 143.388824 5.613200
v -32.635487 146.287231 1.252168
v -32.478687 145.574615 0.374254
v -32.478687 145.574615 0.374254
v -30.626240 143.041199 4.481472
v -30.642231 143.388824 5.613200
v -29.612587 141.902008 5.922704
v -29.500160 142.080292 7.015417
v -30.642231 143.388824 5.613200
v -30.642231 143.388824 5.613200
v -30.626240 143.041199 4.481472
v -29.612587 141.902008 5.922704
v -28.844368 141.214844 7.702221
v -29.500160 142.080292 7.015417
v -29.612587 141.902008 5.922704
v -29.612587 141.902008 5.922704
v -28.711983 140.924713 6.612247
v -28.844368 141.214844 7.702221
v -27.842659 140.900696 8.783782
v -28.844368 141.214844 7.702221
v -28.844368 141.214844 7.702221
v -28.711983 140.924713 6.612247
v -18.848549 146.762451 -16.872520
v -18.535149 146.567841 -15.521780
v -20.501320 145.134827 -17.333389
v -18.848549 146.762451 -16.872520
v -26.553596 143.622681 -14.648950
v -27.759575 142.528229 6.473280
v -26.553596 143.622681 -14.648950
v -20.510704 144.561890 -15.989320
v -16.955952 154.876526 -10.252840
v -17.283546 156.963318 -6.482382
v -16.955952 154.876526 -10.252840
v -17.646614 155.826691 -0.958839
v -17.646614 155.826691 -0.958839
v -17.283546 156.963318 -6.482382
v -16.955952 154.876526 -10.252840
v -16.955952 154.876526 -10.252840
v -16.401920 153.022736 -10.863270
v -26.240761 150.970612 1.381854
v -26.194603 149.530090 3.259143
v -23.194969 148.822235 5.084999
v -23.420448 150.518921 3.626897
v -25.995659 147.971100 4.711392
v -23.420448 150.518921 3.626897
v -17.646614 155.826691 -0.958839
v -17.646614 155.826691 -0.958839
v -23.526573 151.977905 1.644108
v -23.420448 150.518921 3.626897
v -23.194969 148.822235 5.084999
v -26.240761 150.970612 1.381854
v -26.194603 149.530090 3.259143
v -25.754402 148.385742 2.645329
v -26.194603 149.530090 3.259143
v -25.995659 147.971100 4.711392
v -23.526573 151.977905 1.644108
v -26.240761 150.970612 1.381854
v -23.526573 151.977905 1.644108
v -25.995659 147.971100 4.711392
v -23.194969 148.822235 5.084999
v -23.194969 148.822235 5.084999
v -23.526573 151.977905 1.644108
v -17.646614 155.826691 -0.958839
v -23.526573 151.977905 1.644108
v 19.757576 146.945221 -14.606630
v 21.496071 145.193512 -13.989880
v 19.069565 144.073822 -15.473530
v 17.689384 144.151520 -15.957410
v 19.606178 142.264893 8.263643
v 10.530304 143.807007 9.314236
v 12.353600 141.771515 9.733302
v 18.939598 140.900726 8.783780
v 9.615631 149.793732 -15.228690
v 22.385368 149.924957 -11.850150
v 8.806770 152.279694 4.079881
v 7.996628 146.702026 8.212337
v 10.350861 146.219238 8.226680
v 11.598213 145.134827 -17.333389
v 9.945457 146.762421 -16.872520
v 15.226105 153.400513 -11.240420
v 16.047371 155.267090 -7.001586
v 24.320007 152.021698 -7.530602
v 16.005585 153.730042 -1.272070
v 23.447975 150.508331 -1.876138
v 20.611176 144.315216 6.724235
v 14.370018 149.133209 2.923368
v 14.623512 151.977905 1.644107
v 14.517365 150.518921 3.626895
v 24.055069 146.897430 -10.893140
v 25.690605 147.795227 -7.675919
v 25.288956 147.199097 -2.710516
v 21.970123 147.698029 2.456568
v 23.732391 146.287231 1.252166
v 21.739143 143.388794 5.613196
v 20.597084 142.080292 7.015414
v 19.941292 141.214844 7.702219
v 9.469742 149.355225 -14.186950
v 9.632080 146.567810 -15.521780
v 18.965797 143.458649 -14.288060
v 21.405502 144.454529 -12.902630
v 12.234795 143.593750 7.475279
v 10.412422 143.376434 7.995282
v 20.709526 141.902008 5.922701
v 19.808968 140.924713 6.612246
v 7.919182 153.938507 -9.619614
v 7.421036 152.181641 -10.124920
v 23.816086 146.065735 -10.076620
v 7.975800 146.065979 6.932795
v 8.720490 151.210815 3.068406
v 10.252838 145.651398 6.969023
v 25.124214 146.999298 -7.385085
v 8.239708 155.542023 -6.245331
v 8.644852 154.540924 -1.509134
v 24.949707 146.469391 -3.130918
v 21.723183 143.041260 4.481470
v 23.575645 145.574646 0.374252
v 19.069565 144.073822 -15.473530
v 18.965797 143.458649 -14.288060
v 17.650551 143.622742 -14.648950
v 17.689384 144.151520 -15.957410
v 19.069565 144.073822 -15.473530
v 21.405502 144.454529 -12.902630
v 18.965797 143.458649 -14.288060
v 19.069565 144.073822 -15.473530
v 19.069565 144.073822 -15.473530
v 21.496071 145.193512 -13.989880
v 21.405502 144.454529 -12.902630
v 10.530304 143.807007 9.314236
v 10.412422 143.376434 7.995282
v 12.234795 143.593750 7.475279
v 12.234795 143.593750 7.475279
v 12.353600 141.771515 9.733302
v 10.530304 143.807007 9.314236
v 12.353600 141.771515 9.733302
v 12.234795 143.593750 7.475279
v 18.856483 142.528229 6.473278
v 18.939598 140.900726 8.783780
v 12.353600 141.771515 9.733302
v 7.498848 153.022736 -10.863270
v 7.421036 152.181641 -10.124920
v 7.919182 153.938507 -9.619614
v 7.919182 153.938507 -9.619614
v 8.052856 154.876526 -10.252840
v 9.469742 149.355225 -14.186950
v 7.421036 152.181641 -10.124920
v 9.615631 149.793732 -15.228690
v 9.469742 149.355225 -14.186950
v 7.996628 146.702026 8.212337
v 7.975800 146.065979 6.932795
v 10.252838 145.651398 6.969023
v 10.252838 145.651398 6.969023
v 10.350861 146.219238 8.226680
v 7.996628 146.702026 8.212337
v 8.720490 151.210815 3.068406
v 7.975800 146.065979 6.932795
v 7.996628 146.702026 8.212337
v 7.996628 146.702026 8.212337
v 8.806770 152.279694 4.079881
v 8.720490 151.210815 3.068406
v 17.689384 144.151520 -15.957410
v 11.607658 144.561920 -15.989320
v 11.598213 145.134827 -17.333389
v 17.689384 144.151520 -15.957410
v 9.632080 146.567810 -15.521780
v 9.469742 149.355225 -14.186950
v 9.615631 149.793732 -15.228690
v 9.615631 149.793732 -15.228690
v 9.945457 146.762421 -16.872520
v 9.632080 146.567810 -15.521780
v 7.919182 153.938507 -9.619614
v 8.239708 155.542023 -6.245331
v 8.239708 155.542023 -6.245331
v 8.380478 156.963348 -6.482385
v 8.239708 155.542023 -6.245331
v 8.644852 154.540924 -1.509134
v 8.743561 155.826721 -0.958839
v 8.239708 155.542023 -6.245331
v 10.350861 146.219238 8.226680
v 10.252838 145.651398 6.969023
v 10.412422 143.376434 7.995282
v 10.412422 143.376434 7.995282
v 10.530304 143.807007 9.314236
v 10.350861 146.219238 8.226680
v 8.644852 154.540924 -1.509134
v 8.720490 151.210815 3.068406
v 8.806770 152.279694 4.079881
v 8.806770 152.279694 4.079881
v 8.644852 154.540924 -1.509134
v 23.816086 146.065735 -10.076620
v 21.405502 144.454529 -12.902630
v 21.496071 145.193512 -13.989880
v 21.496071 145.193512 -13.989880
v 24.055069 146.897430 -10.893140
v 23.816086 146.065735 -10.076620
v 25.124214 146.999298 -7.385085
v 23.816086 146.065735 -10.076620
v 24.055069 146.897430 -10.893140
v 24.055069 146.897430 -10.893140
v 25.690605 147.795227 -7.675919
v 25.124214 146.999298 -7.385085
v 25.288956 147.199097 -2.710516
v 24.949707 146.469391 -3.130918
v 25.124214 146.999298 -7.385085
v 25.124214 146.999298 -7.385085
v 25.690605 147.795227 -7.675919
v 25.288956 147.199097 -2.710516
v 23.732391 146.287231 1.252166
v 23.575645 145.574646 0.374252
v 24.949707 146.469391 -3.130918
v 24.949707 146.469391 -3.130918
v 25.288956 147.199097 -2.710516
v 23.732391 146.287231 1.252166
v 21.739143 143.388794 5.613196
v 21.723183 143.041260 4.481470
v 23.575645 145.574646 0.374252
v 23.575645 145.574646 0.374252
v 23.732391 146.287231 1.252166
v 21.739143 143.388794 5.613196
v 20.709526 141.902008 5.922701
v 21.723183 143.041260 4.481470
v 21.739143 143.388794 5.613196
v 21.739143 143.388794 5.613196
v 20.597084 142.080292 7.015414
v 20.709526 141.902008 5.922701
v 19.941292 141.214844 7.702219
v 19.808968 140.924713 6.612246
v 20.709526 141.902008 5.922701
v 20.709526 141.902008 5.922701
v 20.597084 142.080292 7.015414
v 19.941292 141.214844 7.702219
v 19.808968 140.924713 6.612246
v 19.941292 141.214844 7.702219
v 19.941292 141.214844 7.702219
v 18.939598 140.900726 8.783780
v 9.945457 146.762421 -16.872520
v 11.598213 145.134827 -17.333389
v 9.632080 146.567810 -15.521780
v 9.945457 146.762421 -16.872520
v 17.650551 143.622742 -14.648950
v 18.856483 142.528229 6.473278
v 17.650551 143.622742 -14.648950
v 11.607658 144.561920 -15.989320
v 8.052856 154.876526 -10.252840
v 8.380478 156.963348 -6.482385
v 8.052856 154.876526 -10.252840
v 8.380478 156.963348 -6.482385
v 8.743561 155.826721 -0.958839
v 8.743561 155.826721 -0.958839
v 7.498848 153.022736 -10.863270
v 8.052856 154.876526 -10.252840
v 8.052856 154.876526 -10.252840
v 17.337654 150.970642 1.381852
v 17.291580 149.530121 3.259141
v 14.291893 148.822205 5.084998
v 14.517365 150.518921 3.626895
v 17.092590 147.971130 4.711390
v 14.517365 150.518921 3.626895
v 14.623512 151.977905 1.644107
v 8.743561 155.826721 -0.958839
v 8.743561 155.826721 -0.958839
v 14.517365 150.518921 3.626895
v 14.291893 148.822205 5.084998
v 17.337654 150.970642 1.381852
v 16.851295 148.385742 2.645328
v 17.291580 149.530121 3.259141
v 17.092590 147.971130 4.711390
v 17.291580 149.530121 3.259141
v 14.623512 151.977905 1.644107
v 17.337654 150.970642 1.381852
v 14.623512 151.977905 1.644107
v 14.291893 148.822205 5.084998
v 14.291893 148.822205 5.084998
v 17.092590 147.971130 4.711390
v 14.623512 151.977905 1.644107
v 8.743561 155.826721 -0.958839
v 14.623512 151.977905 1.644107
v 32.261848 100.734108 -2.537403
v 33.759499 101.176521 -2.533126
v 31.723404 103.254204 -7.433381
v 33.221016 103.697334 -7.428892
v 30.952843 103.013908 -6.349637
v 30.952843 103.013908 -6.349637
v 31.221352 101.780113 -6.367243
v 31.221352 101.780113 -6.367243
v 33.992245 103.912819 -6.340658
v -42.662617 101.176521 -2.533123
v -41.164936 100.734108 -2.537400
v -42.124104 103.697304 -7.428888
v -40.626484 103.254204 -7.433377
v -39.855854 103.013893 -6.349633
v -39.855854 103.013893 -6.349633
v -40.124409 101.780098 -6.367239
v -39.855854 103.013893 -6.349633
v -42.895344 103.912804 -6.340654
vn -0.0000 -0.9586 -0.2849
vn -0.0000 -0.9597 -0.2809
vn -0.0000 -0.9574 -0.2887
vn -0.0000 0.7336 0.6796
vn -0.0000 0.5522 0.8337
vn -0.0000 0.4622 0.8868
vn -0.0000 0.0462 0.9989
vn -0.0000 0.1553 0.9879
vn -0.0000 0.1554 0.9879
vn -0.0000 0.2640 0.9645
vn -0.9975 0.0296 -0.0644
vn -0.9676 0.2079 -0.1433
vn -0.9899 -0.0073 -0.1418
vn -0.9954 -0.0736 -0.0616
vn -0.0000 -0.9076 -0.4199
vn -0.0000 -0.8421 -0.5393
vn -0.0000 -0.7884 -0.6151
vn -0.9818 -0.1389 0.1294
vn -0.0000 -0.7279 -0.6857
vn -0.0025 -0.4458 -0.8951
vn -0.0024 -0.4458 -0.8951
vn -0.9507 -0.1529 0.2697
vn -0.9508 -0.1526 0.2696
vn -0.9984 -0.0547 0.0148
vn -0.9974 -0.0279 -0.0662
vn -0.9954 -0.0536 0.0793
vn -0.9998 -0.0081 0.0198
vn -0.9932 0.1095 0.0399
vn -0.9738 0.2185 -0.0626
vn -0.9303 0.3521 -0.1028
vn -0.0092 -0.1107 -0.9938
vn -0.0070 0.1087 -0.9941
vn -0.0025 -0.4457 -0.8952
vn -0.0000 -0.1063 -0.9943
vn -0.0000 0.8361 0.5485
vn -0.0000 0.8184 0.5746
vn -0.0000 0.8185 0.5746
vn -0.0000 0.9241 -0.3820
vn -0.0000 0.8447 0.5353
vn -0.0070 0.1088 -0.9940
vn -0.0116 0.2128 -0.9770
vn -0.0000 0.2202 -0.9754
vn -0.0000 0.9242 -0.3820
vn -0.9832 -0.0363 0.1791
vn -0.9875 -0.0098 0.1574
vn -0.9876 -0.0214 0.1554
vn -0.9763 -0.0397 0.2126
vn -0.0795 -0.9493 -0.3042
vn -0.0889 -0.9491 -0.3021
vn -0.0819 -0.9503 -0.3002
vn -0.0749 -0.9515 -0.2984
vn -0.0947 0.6790 0.7280
vn -0.1120 0.2987 0.9477
vn -0.1035 0.6558 0.7478
vn -0.0955 0.6870 0.7204
vn -0.0940 0.9901 0.1039
vn -0.1053 0.9744 -0.1986
vn -0.1361 -0.6047 -0.7847
vn -0.1828 -0.0781 -0.9801
vn -0.1264 -0.0222 -0.9917
vn -0.1365 0.6626 -0.7364
vn -0.1126 0.8786 -0.4641
vn -0.1346 0.4600 0.8777
vn -0.1180 0.7269 0.6765
vn -0.1427 0.1792 0.9734
vn -0.1313 0.1704 0.9766
vn -0.1346 0.4599 0.8777
vn -0.1035 0.6559 0.7477
vn -0.0867 0.8971 0.4332
vn -0.1360 -0.6047 -0.7847
vn -0.0748 -0.9471 -0.3120
vn -0.0654 -0.9494 -0.3073
vn -0.9660 -0.0800 0.2460
vn -0.9713 -0.0235 0.2366
vn -0.9871 -0.0223 0.1586
vn -0.9874 0.0203 0.1570
vn -0.0000 -0.9574 -0.2888
vn -0.0000 0.6354 0.7722
vn -0.0000 0.6353 0.7722
vn 0.9975 0.0296 -0.0644
vn 0.9954 -0.0735 -0.0616
vn 0.9899 -0.0073 -0.1418
vn 0.9676 0.2079 -0.1433
vn 0.9984 -0.0547 0.0148
vn 0.9935 -0.0833 0.0779
vn -0.0000 -0.9562 -0.2927
vn 0.9508 -0.1526 0.2696
vn 0.9507 -0.1529 0.2697
vn 0.9974 -0.0279 -0.0662
vn 0.9954 -0.0536 0.0793
vn 0.9738 0.2185 -0.0626
vn 0.9932 0.1095 0.0399
vn 0.9998 -0.0081 0.0198
vn 0.9303 0.3521 -0.1028
vn 0.0092 -0.1107 -0.9938
vn 0.0116 0.2128 -0.9770
vn 0.9832 -0.0363 0.1790
vn 0.9763 -0.0397 0.2126
vn 0.9876 -0.0214 0.1554
vn 0.9875 -0.0098 0.1574
vn 0.0795 -0.9493 -0.3042
vn 0.0749 -0.9515 -0.2984
vn 0.0819 -0.9503 -0.3002
vn 0.0889 -0.9491 -0.3021
vn 0.1035 0.6558 0.7478
vn 0.1120 0.2987 0.9477
vn 0.0947 0.6790 0.7280
vn 0.0955 0.6870 0.7204
vn 0.0940 0.9901 0.1039
vn 0.1053 0.9744 -0.1986
vn 0.1827 -0.0781 -0.9801
vn 0.1361 -0.6047 -0.7847
vn 0.1365 0.6626 -0.7364
vn 0.1264 -0.0222 -0.9917
vn 0.1125 0.8786 -0.4641
vn 0.1346 0.4599 0.8777
vn 0.1313 0.1704 0.9766
vn 0.1427 0.1792 0.9734
vn 0.1180 0.7269 0.6765
vn 0.1346 0.4600 0.8777
vn 0.1035 0.6559 0.7477
vn 0.0867 0.8971 0.4332
vn 0.0654 -0.9494 -0.3073
vn 0.0748 -0.9471 -0.3120
vn 0.9713 -0.0235 0.2366
vn 0.9660 -0.0800 0.2460
vn 0.9871 -0.0223 0.1586
vn 0.9874 0.0204 0.1570
vn -0.9935 -0.0833 0.0779
vn 0.9818 -0.1389 0.1294
vn -0.0000 0.3681 0.9298
vn 0.9677 0.0862 0.2368
vn 0.9594 0.1147 0.2578
vn 0.9998 0.0156 0.0119
vn 0.9842 -0.0364 -0.1730
vn 0.5576 -0.1710 -0.8123
vn -0.0000 -0.2062 -0.9785
vn -0.0000 0.2907 -0.9568
vn 0.3951 0.7319 -0.5551
vn -0.4708 0.3583 0.8062
vn 0.5762 0.3319 0.7469
vn 0.5762 0.3320 0.7468
vn -0.9412 0.1371 0.3087
vn -0.0001 0.9999 0.0170
vn -0.0000 0.9999 0.0168
vn -0.9895 -0.0587 -0.1317
vn -0.9413 0.1370 0.3086
vn -0.0000 0.4070 0.9134
vn -0.0000 0.9998 0.0203
vn -0.0000 0.9999 0.0170
vn -0.0000 0.9998 0.0204
vn -0.0000 0.9997 0.0237
vn -0.2989 -0.0130 0.9542
vn -0.5981 -0.0111 0.8014
vn 0.2992 -0.0130 0.9541
vn 0.5981 -0.0109 0.8014
vn 0.9789 -0.0028 0.2042
vn 0.9129 -0.0056 0.4081
vn 0.9791 0.0030 -0.2036
vn 0.9132 0.0061 -0.4074
vn 0.2993 0.0143 -0.9541
vn 0.5987 0.0119 -0.8009
vn -0.2995 0.0143 -0.9540
vn -0.5987 0.0120 -0.8009
vn -0.9790 0.0030 -0.2039
vn -0.9132 0.0060 -0.4074
vn -1.0000 -0.0000 -0.0000
vn -0.8101 -0.0080 0.5862
vn -0.8102 -0.0080 0.5861
vn -0.5981 -0.0109 0.8013
vn -0.9998 0.0156 0.0119
vn -0.9594 0.1147 0.2578
vn -0.9677 0.0862 0.2368
vn -0.9843 -0.0364 -0.1730
vn -0.5576 -0.1711 -0.8123
vn -0.3951 0.7320 -0.5551
vn -0.5770 0.3317 0.7464
vn -0.5769 0.3317 0.7464
vn 0.4708 0.3582 0.8062
vn 0.9412 0.1370 0.3087
vn -0.0001 0.9999 0.0168
vn -0.0002 0.9999 0.0169
vn 0.9413 0.1371 0.3086
vn 0.9896 -0.0587 -0.1317
vn 0.9412 0.1374 0.3085
vn -0.0000 0.9999 0.0169
vn 0.0001 0.9999 0.0170
vn -0.3951 0.7319 -0.5551
vn -0.3952 0.7319 -0.5551
vn -0.2989 -0.0129 0.9542
vn 0.5981 -0.0109 0.8013
vn 0.2992 -0.0129 0.9541
vn -0.5981 -0.0105 0.8014
vn -0.9790 0.0032 -0.2039
vn -0.9129 -0.0055 0.4081
vn -0.9789 -0.0025 0.2042
vn -0.9132 0.0062 -0.4074
vn -0.5987 0.0122 -0.8009
vn 0.5987 0.0117 -0.8009
vn 1.0000 -0.0000 -0.0000
vn 0.9132 0.0059 -0.4074
vn 0.9791 0.0028 -0.2036
vn 0.8101 -0.0080 0.5862
vn 0.5982 -0.0110 0.8013
vn 0.8101 -0.0079 0.5862
vn -0.0001 0.9999 0.0169
vn 0.0001 0.9999 0.0169
vn -0.8332 -0.0096 0.5529
vn -0.9543 -0.0051 0.2987
vn -0.9949 -0.0019 0.1005
vn -0.7071 0.0168 -0.7069
vn -0.3610 0.6465 -0.6721
vn -0.0001 0.3533 -0.9355
vn -0.0000 0.0239 -0.9997
vn -0.2593 -0.0157 0.9657
vn -0.3824 -0.0147 0.9239
vn -0.8332 -0.0097 0.5529
vn 0.0007 -0.0160 0.9999
vn 0.0008 -0.0160 0.9999
vn -0.2592 -0.0157 0.9657
vn -0.7071 0.0168 -0.7070
vn -0.9949 -0.0019 0.1004
vn -0.4421 0.8904 -0.1084
vn -0.0855 0.5151 -0.8529
vn -0.3691 0.3596 -0.8570
vn -0.0008 -0.4039 -0.9148
vn -0.0000 -0.9706 -0.2409
vn -0.0000 -0.8817 -0.4717
vn -0.0000 0.1586 -0.9873
vn -0.0000 -0.4923 -0.8704
vn -0.6372 -0.2786 -0.7186
vn -0.6585 0.4404 -0.6102
vn -0.0000 -1.0000 -0.0094
vn -0.9613 -0.1138 -0.2507
vn -0.9690 -0.1065 -0.2227
vn -0.9567 -0.2417 -0.1624
vn -0.5024 -0.7524 -0.4260
vn -0.9646 -0.2165 -0.1505
vn -0.7122 -0.7020 0.0046
vn -0.9690 -0.2469 0.0130
vn -0.9586 -0.2846 -0.0066
vn -0.7619 0.0026 -0.6477
vn -0.8859 -0.0604 -0.4599
vn -0.9865 -0.0264 0.1615
vn -0.9838 0.0133 0.1785
vn -0.9835 -0.0919 0.1558
vn -0.0011 0.0128 -0.9999
vn -0.1106 0.5117 0.8520
vn -0.0074 0.9357 0.3526
vn -0.0060 0.7645 0.6446
vn -0.4168 0.5617 0.7146
vn -0.0071 0.9998 0.0207
vn -0.0072 0.9998 0.0207
vn -0.0074 0.9358 0.3525
vn -0.0001 0.0167 -0.9999
vn 0.9175 0.3790 0.1206
vn 0.9175 0.3789 0.1207
vn 1.0000 -0.0000 -0.0002
vn 0.9908 0.0134 -0.1345
vn 0.9905 0.0056 -0.1375
vn 0.5623 0.7596 -0.3268
vn -0.0000 -0.8828 0.4698
vn -0.0000 -0.4217 0.9067
vn -0.0000 -0.5982 0.8013
vn -0.0000 -0.9958 -0.0917
vn -0.0000 -0.8828 0.4697
vn -0.0000 0.0114 -0.9999
vn -0.9872 -0.1314 0.0903
vn -0.9861 -0.0856 0.1424
vn -0.9655 -0.2470 0.0828
vn -0.7121 -0.7020 0.0046
vn -0.9983 -0.0581 -0.0031
vn -0.0000 1.0000 0.0094
vn -0.9842 -0.1743 -0.0320
vn -0.9872 -0.1314 0.0902
vn -0.0008 0.0140 -0.9999
vn -0.0000 0.9806 0.1961
vn 0.0189 0.9954 -0.0943
vn -0.7101 0.7002 0.0739
vn -0.0000 -0.6508 0.7593
vn -0.0000 -0.7981 0.6025
vn -0.0000 -0.6507 0.7593
vn 0.0001 -0.3009 0.9536
vn -0.8320 -0.5547 -0.0069
vn -0.8944 -0.4472 -0.0062
vn -0.4078 0.3988 0.8213
vn -0.7071 -0.7070 -0.0088
vn -0.0000 -0.9999 -0.0125
vn -0.7071 -0.7071 -0.0088
vn -0.0000 0.6982 0.7159
vn -0.0000 -0.0116 0.9999
vn 0.0001 -0.3009 0.9537
vn 0.0001 0.6983 0.7158
vn 0.0002 -0.0113 0.9999
vn -0.0000 -0.9608 -0.2773
vn -0.0000 -0.9999 -0.0144
vn -0.0000 -0.8616 -0.5076
vn -0.0000 -0.5247 -0.8513
vn -0.0000 -0.3267 0.9451
vn -0.0000 -0.4216 0.9068
vn -0.0000 -0.4217 0.9068
vn -0.0000 0.1061 0.9944
vn -0.0000 0.3150 0.9491
vn 0.5623 0.7596 -0.3269
vn -0.0000 0.0405 -0.9992
vn -0.0000 0.9999 0.0146
vn -0.0000 0.8984 0.4392
vn -0.0000 0.9999 0.0147
vn -0.0000 0.6257 0.7801
vn -0.0000 -1.0000 -0.0093
vn -0.0000 -1.0000 -0.0095
vn -0.0000 0.6080 -0.7939
vn -0.4175 0.9036 -0.0957
vn -0.6701 0.7290 -0.1399
vn -0.5269 0.4003 -0.7498
vn -0.9559 0.2131 -0.2023
vn -0.3132 0.6349 -0.7063
vn -0.0000 0.6621 -0.7494
vn 0.0012 0.9999 0.0148
vn 0.0005 0.8885 0.4588
vn 0.0474 0.1907 0.9805
vn 0.0238 0.0958 0.9951
vn 0.0006 0.8885 0.4588
vn -0.0000 -0.0000 1.0000
vn -0.4079 0.3989 0.8213
vn -0.0000 -0.0115 0.9999
vn -0.0000 0.9709 -0.2394
vn 0.0189 0.9954 -0.0944
vn 0.0547 0.9465 -0.3180
vn -0.2867 0.7715 -0.5680
vn -0.0000 0.9999 0.0171
vn 0.0002 0.9999 0.0169
vn 0.9543 -0.0051 0.2987
vn 0.8332 -0.0095 0.5529
vn 0.9949 -0.0020 0.1005
vn 0.5075 0.4726 -0.7205
vn 0.7071 0.0168 -0.7069
vn 0.7072 0.0167 -0.7069
vn 0.3824 -0.0147 0.9239
vn 0.2593 -0.0157 0.9657
vn 0.8332 -0.0096 0.5529
vn 0.3825 -0.0148 0.9238
vn -0.0007 -0.0160 0.9999
vn -0.0008 -0.0160 0.9999
vn 0.2592 -0.0157 0.9657
vn 0.9949 -0.0019 0.1005
vn 0.4421 0.8904 -0.1084
vn 0.3691 0.3596 -0.8570
vn 0.0855 0.5151 -0.8529
vn 0.0008 -0.4039 -0.9148
vn -0.0007 -0.4039 -0.9148
vn -0.0000 -0.0046 -1.0000
vn 0.6586 0.4404 -0.6102
vn 0.6372 -0.2785 -0.7186
vn 0.6372 -0.2786 -0.7186
vn 0.6585 0.4404 -0.6103
vn 0.9613 -0.1138 -0.2507
vn 0.9690 -0.1065 -0.2227
vn 0.9567 -0.2417 -0.1624
vn 0.9646 -0.2165 -0.1505
vn 0.5024 -0.7524 -0.4260
vn 0.7121 -0.7020 0.0046
vn 0.9586 -0.2846 -0.0066
vn 0.9689 -0.2469 0.0130
vn 0.9865 -0.0264 0.1615
vn 0.8859 -0.0604 -0.4599
vn 0.7619 0.0027 -0.6477
vn 0.9838 0.0133 0.1785
vn 0.9835 -0.0918 0.1558
vn 0.0010 0.0128 -0.9999
vn 0.1107 0.5117 0.8520
vn 0.4168 0.5617 0.7146
vn 0.0060 0.7645 0.6446
vn 0.0074 0.9357 0.3526
vn 0.1106 0.5117 0.8520
vn 0.0072 0.9998 0.0206
vn 0.0074 0.9358 0.3525
vn 0.0071 0.9998 0.0207
vn -0.0000 0.0167 -0.9999
vn -0.9175 0.3790 0.1206
vn -1.0000 -0.0000 -0.0001
vn -0.9175 0.3790 0.1207
vn -0.5622 0.7596 -0.3269
vn -0.9905 0.0056 -0.1375
vn -0.9908 0.0134 -0.1345
vn 0.0010 0.0129 -0.9999
vn 0.9861 -0.0856 0.1424
vn 0.9872 -0.1314 0.0903
vn 0.9983 -0.0581 -0.0031
vn 0.7121 -0.7021 0.0046
vn 0.7122 -0.7020 0.0047
vn 0.9655 -0.2470 0.0828
vn 0.9842 -0.1743 -0.0319
vn 0.9872 -0.1314 0.0902
vn 0.0008 0.0140 -0.9999
vn 0.4420 0.8904 -0.1084
vn -0.0000 0.9586 0.2848
vn 0.7101 0.7002 0.0740
vn -0.0000 -0.5893 0.8079
vn 0.8320 -0.5547 -0.0065
vn 0.8944 -0.4472 -0.0056
vn 0.4078 0.3989 0.8213
vn -0.0007 0.0140 -0.9999
vn 0.7071 -0.7070 -0.0088
vn 0.7071 -0.7071 -0.0088
vn 0.7071 -0.7071 -0.0082
vn -0.0000 0.9999 0.0145
vn 0.7101 0.7002 0.0739
vn -0.0002 -0.0113 0.9999
vn -0.0000 -0.5892 0.8080
vn -0.0000 -0.6899 -0.7239
vn -0.0000 -0.9997 -0.0261
vn 0.7122 -0.7020 0.0046
vn -0.0000 -0.9958 -0.0918
vn 0.1106 0.5116 0.8521
vn -0.5623 0.7596 -0.3269
vn -0.5623 0.7596 -0.3268
vn -0.0000 0.6257 0.7800
vn 0.6701 0.7290 -0.1399
vn 0.4174 0.9037 -0.0957
vn 0.5269 0.4003 -0.7498
vn -0.0000 0.3175 -0.9483
vn 0.5269 0.4002 -0.7498
vn 0.9559 0.2131 -0.2023
vn 0.3132 0.6349 -0.7063
vn -0.0000 -0.1409 -0.9900
vn 0.3133 0.6349 -0.7062
vn -0.0012 0.9999 0.0148
vn 0.3133 0.6349 -0.7063
vn -0.0474 0.1907 0.9805
vn 0.4079 0.3989 0.8213
vn -0.0547 0.9465 -0.3180
vn 0.4420 0.8904 -0.1083
vn 0.2866 0.7715 -0.5679
vn -0.0001 0.8839 -0.4677
vn -0.0135 0.9074 -0.4200
vn 0.0001 0.9075 -0.4201
vn 0.5076 0.4726 -0.7205
vn 0.0149 0.8838 -0.4676
vn -0.6671 0.1018 -0.7380
vn -0.9829 0.1839 0.0002
vn -0.9827 0.1853 0.0004
vn -0.3217 0.0304 -0.9463
vn 0.0143 -0.0351 -0.9993
vn 0.0141 -0.0351 -0.9993
vn 0.9812 -0.1930 0.0009
vn 0.8754 -0.1854 -0.4464
vn 0.8617 -0.1861 -0.4721
vn 0.9809 -0.1944 0.0006
vn 0.9812 -0.1931 0.0010
vn 0.6660 -0.1070 0.7382
vn 0.3285 -0.0335 0.9439
vn -0.3374 0.0947 0.9366
vn -0.6664 0.1494 0.7305
vn -0.0019 -0.9997 -0.0246
vn -0.0019 -0.9997 -0.0247
vn -0.0018 -0.9997 -0.0247
vn 0.9827 0.1853 0.0004
vn 0.9829 0.1839 0.0002
vn 0.6671 0.1018 -0.7380
vn 0.3218 0.0304 -0.9463
vn -0.0142 -0.0351 -0.9993
vn -0.0137 -0.0350 -0.9993
vn -0.8754 -0.1854 -0.4464
vn -0.9812 -0.1930 0.0009
vn -0.9809 -0.1944 0.0006
vn -0.8617 -0.1861 -0.4721
vn -0.6660 -0.1070 0.7382
vn -0.3285 -0.0335 0.9439
vn 0.3374 0.0947 0.9366
vn 0.6664 0.1494 0.7304
vn 0.0019 -0.9997 -0.0246
vn 0.0016 -0.9997 -0.0246
vn 0.0018 -0.9997 -0.0244
vn 0.9345 0.0736 -0.3484
vn 0.6922 0.5770 0.4336
vn 0.8250 0.4539 0.3367
vn 0.9235 -0.0452 -0.3808
vn 0.1748 0.6192 0.7655
vn 0.1731 0.6065 0.7760
vn -0.8096 0.1957 0.5534
vn -0.9308 -0.0738 0.3579
vn -0.9774 -0.1228 0.1722
vn -0.8058 0.2014 0.5569
vn -0.6904 -0.5614 -0.4563
vn -0.5139 -0.5895 -0.6232
vn 0.3636 -0.4731 -0.8025
vn 0.3802 -0.4842 -0.7881
vn 0.9318 0.0774 -0.3547
vn 0.6163 0.5950 0.5159
vn 0.1736 0.6281 0.7585
vn -0.7388 0.1282 0.6616
vn -0.9326 -0.0794 0.3521
vn -0.9326 -0.0794 0.3520
vn -0.7329 0.1401 0.6657
vn -0.7789 -0.5412 -0.3169
vn 0.2696 -0.5001 -0.8229
vn 0.9746 0.0034 -0.2241
vn 0.6219 0.4161 0.6634
vn 0.1942 0.5544 0.8093
vn -0.8151 0.1963 0.5450
vn -0.9156 0.1077 0.3874
vn -0.7724 -0.3730 -0.5140
vn 0.3507 -0.3400 -0.8726
vn 0.9612 -0.1540 -0.2288
vn 0.8176 0.0413 0.5743
vn 0.2770 0.1290 0.9522
vn -0.5647 0.2689 0.7802
vn -0.9348 0.0806 0.3459
vn -0.8360 0.2577 0.4845
vn -0.6831 0.0564 -0.7281
vn 0.4058 -0.0930 -0.9092
vn 0.8521 -0.0820 -0.5169
vn 0.7387 -0.2014 0.6432
vn 0.3073 -0.1524 0.9393
vn -0.5768 -0.0138 0.8168
vn -0.9636 0.1577 0.2158
vn -0.6827 0.0549 0.7286
vn -0.7311 0.2639 -0.6292
vn 0.0244 0.1749 -0.9843
vn 0.9521 0.0836 0.2940
vn 0.8022 0.1492 0.5781
vn 0.8804 0.0837 -0.4668
vn 0.7794 0.1941 -0.5957
vn -0.0648 -0.0949 -0.9934
vn 0.0800 0.1660 -0.9829
vn -0.9332 -0.1381 -0.3319
vn -0.8233 -0.0243 -0.5671
vn -0.8103 0.0583 0.5832
vn -0.8155 -0.1254 0.5650
vn -0.4483 0.0263 0.8935
vn -0.3544 -0.0801 0.9316
vn 0.6336 0.0188 0.7734
vn 0.8022 0.1491 0.5781
vn 0.5136 -0.0341 0.8573
vn 0.9256 0.2073 0.3168
vn 0.8648 -0.2292 -0.4467
vn -0.1972 -0.4982 -0.8444
vn -0.9575 -0.1200 -0.2622
vn -0.8733 0.2753 0.4019
vn -0.5285 0.3828 0.7577
vn 0.6769 0.2817 0.6800
vn 0.5195 0.3543 0.7775
vn 0.9224 0.1533 0.3545
vn 0.8665 -0.3936 -0.3071
vn -0.1047 -0.6188 -0.7785
vn -0.9195 -0.1563 -0.3606
vn -0.8638 0.3908 0.3178
vn -0.5332 0.5901 0.6062
vn 0.7229 0.4117 0.5550
vn 0.9255 0.2074 0.3169
vn 0.6996 0.4360 0.5661
vn 0.9005 0.1234 0.4170
vn 0.8675 -0.3951 -0.3022
vn -0.0874 -0.5684 -0.8181
vn -0.9068 -0.1294 -0.4012
vn -0.8671 0.3864 0.3143
vn -0.5313 0.5732 0.6239
vn 0.6809 0.3639 0.6355
vn 0.9224 0.1533 0.3546
vn 0.6858 0.3582 0.6336
vn 0.9513 0.0410 0.3054
vn 0.7625 -0.4455 -0.4691
vn -0.0863 -0.5472 -0.8325
vn -0.8312 -0.2061 -0.5163
vn -0.9385 0.2869 0.1921
vn -0.5183 0.5314 0.6700
vn 0.6484 0.3410 0.6806
vn 0.6538 0.3362 0.6778
vn 0.9992 -0.0191 -0.0337
vn 0.5992 0.5013 0.6242
vn 0.7787 0.4281 0.4586
vn 0.9678 -0.0629 -0.2436
vn 0.0584 0.6532 0.7550
vn 0.0713 0.5950 0.8006
vn -0.8792 0.2091 0.4281
vn -0.9986 0.0140 0.0514
vn -0.9986 0.0139 0.0513
vn -0.9945 -0.1015 0.0259
vn -0.8733 0.2186 0.4353
vn -0.6047 -0.5353 -0.5897
vn -0.4301 -0.5722 -0.6982
vn 0.5006 -0.5258 -0.6877
vn 0.4696 -0.4882 -0.7356
vn 0.9881 -0.0976 0.1189
vn 0.5645 0.4949 0.6607
vn 0.0786 0.6843 0.7250
vn -0.9285 0.2985 0.2209
vn -0.9880 0.0907 -0.1248
vn -0.9880 0.0907 -0.1249
vn -0.9290 0.2974 0.2204
vn -0.5807 -0.4994 -0.6430
vn 0.5408 -0.6241 -0.5640
vn 0.9879 -0.0768 0.1346
vn 0.5048 0.3546 0.7871
vn -0.0447 0.3948 0.9177
vn -0.9059 0.4111 0.1017
vn -0.9679 0.1363 -0.2112
vn -0.9239 0.3753 0.0750
vn -0.4887 -0.2693 -0.8299
vn 0.5778 -0.5241 -0.6257
vn 0.9381 -0.0497 0.3429
vn 0.2662 0.0101 0.9639
vn -0.2080 -0.1469 0.9670
vn -0.9368 0.1665 0.3077
vn -0.9992 0.0302 -0.0274
vn -0.9411 0.1618 0.2968
vn -0.4432 0.1429 -0.8849
vn 0.7417 -0.0086 -0.6707
vn 0.9970 0.0373 0.0681
vn 0.3271 -0.2956 0.8975
vn -0.2221 -0.3336 0.9162
vn -0.9632 -0.1452 0.2263
vn -0.9316 0.0809 -0.3544
vn -0.9992 0.0301 -0.0274
vn -0.9668 -0.1374 0.2153
vn -0.3193 0.3326 -0.8874
vn 0.5404 0.3370 -0.7710
vn -0.0000 -0.9996 -0.0290
vn -0.0000 -0.9996 -0.0291
vn -0.0000 -0.9543 0.2988
vn -0.0000 -0.7763 0.6304
vn -0.0000 -0.1840 -0.9829
vn -0.0000 -0.5049 -0.8632
vn -0.0000 -0.5048 -0.8632
vn -0.0000 0.2100 -0.9777
vn -0.0000 0.7765 -0.6301
vn -0.0000 0.9548 -0.2973
vn -0.0000 0.8600 0.5103
vn -0.0000 0.1851 0.9827
vn 0.0001 -0.2098 0.9778
vn -0.0000 0.8600 0.5104
vn -0.0000 -0.2098 0.9777
vn 0.9949 -0.0019 0.1004
vn 0.7071 0.0168 -0.7070
vn -0.9949 -0.0020 0.1004
vn -0.0000 -0.9505 0.3107
vn -0.0000 -0.7743 0.6329
vn -0.0000 -0.5106 -0.8598
vn -0.0000 0.2117 -0.9773
vn -0.0000 -0.1872 -0.9823
vn -0.0000 -0.1873 -0.9823
vn -0.0000 0.9509 -0.3095
vn -0.0000 0.7752 -0.6318
vn -0.0000 0.8660 0.5000
vn -0.0000 0.1870 0.9824
vn -0.0000 -0.2109 0.9775
vn -0.0001 0.7752 -0.6318
vn -0.4097 0.8100 0.4195
vn -0.0000 0.9999 0.0120
vn -0.8193 0.4060 -0.4048
vn -0.4472 -0.0166 0.8943
vn 0.0006 -0.0160 0.9999
vn -0.8000 -0.0132 0.5999
vn -0.8944 0.0006 -0.4472
vn -0.4472 0.0035 -0.8944
vn -0.0000 -0.0146 0.9999
vn 0.7108 -0.7033 -0.0079
vn 0.4453 0.8953 0.0107
vn 0.9999 0.0106 0.0001
vn 0.9999 0.0107 0.0001
vn 0.7108 -0.7033 -0.0080
vn -0.0000 0.0074 -1.0000
vn -0.0001 0.9999 0.0120
vn 0.4452 0.8953 0.0108
vn -0.0000 0.0053 -1.0000
vn -0.0000 -0.9999 -0.0113
vn 0.7109 -0.7032 -0.0080
vn 0.0001 -0.9999 -0.0113
vn 0.9999 0.0150 0.0002
vn 0.9999 0.0151 0.0001
vn 0.6578 0.6738 0.3367
vn 0.5721 0.5939 -0.5656
vn 0.4465 -0.0001 0.8948
vn 0.7065 0.0266 -0.7073
vn -0.0000 0.0054 -1.0000
vn 0.7065 0.0266 -0.7072
vn -0.0017 0.0056 -1.0000
vn -0.0000 -0.2607 -0.9654
vn -0.0000 0.0272 -0.9996
vn -0.0000 0.3402 -0.9404
vn -0.0000 0.8086 -0.5883
vn -0.0000 0.9578 -0.2876
vn -0.0001 0.8846 0.4664
vn 0.0007 0.0051 1.0000
vn -0.0007 0.3175 0.9482
vn -0.0000 -0.2806 0.9598
vn -1.0000 -0.0041 -0.0003
vn -1.0000 -0.0041 -0.0002
vn -1.0000 -0.0043 -0.0000
vn -0.0000 -1.0000 -0.0000
vn -0.0002 -1.0000 -0.0014
vn 0.0643 0.8934 0.4447
vn 0.1286 0.4384 0.8895
vn -0.1006 0.7115 -0.6954
vn 0.1170 0.4935 0.8618
vn 0.5421 0.4530 0.7077
vn 0.5421 0.4531 0.7077
vn 0.1175 0.4924 0.8624
vn 0.9918 0.0402 -0.1213
vn 0.9918 0.0401 -0.1214
vn 0.9894 0.0407 -0.1396
vn 0.9832 0.0786 -0.1647
vn 0.9916 0.0387 -0.1230
vn -0.1427 0.0201 -0.9896
vn -0.0647 -0.8924 -0.4465
vn -0.1021 -0.6993 -0.7075
vn -0.1420 0.0177 -0.9897
vn -0.9963 -0.0158 0.0847
vn -0.9890 0.0898 0.1177
vn -0.9979 -0.0382 -0.0520
vn -0.9987 -0.0388 0.0345
vn -0.9963 -0.0158 0.0846
vn -0.9976 -0.0413 0.0564
vn 0.1379 0.2946 0.9456
vn 0.1111 0.6354 0.7641
vn 0.1409 0.1946 0.9707
vn 0.1408 0.1945 0.9707
vn 0.1426 0.0913 0.9856
vn 0.1369 0.2955 0.9455
vn -0.0638 0.8956 -0.4403
vn -0.1261 0.4584 -0.8798
vn -0.1274 0.4561 -0.8808
vn 0.9917 0.0499 -0.1187
vn 0.9916 0.0500 -0.1189
vn -0.9919 -0.0442 0.1188
vn -0.9919 -0.0441 0.1190
vn 0.0491 0.9395 0.3389
vn 0.1111 0.6355 0.7641
vn 0.0920 0.7705 0.6308
vn 0.0030 0.9998 0.0205
vn 0.0011 1.0000 0.0073
vn 0.0491 0.9396 0.3388
vn 0.0919 0.7705 0.6308
vn 0.0670 0.8753 0.4789
vn 0.0659 0.8756 0.4786
vn 0.0680 0.8750 0.4793
vn 0.0352 0.9681 0.2479
vn 0.0669 0.8753 0.4789
vn -0.0012 -1.0000 -0.0086
vn -0.0004 -1.0000 -0.0029
vn -0.0002 -1.0000 -0.0015
vn 0.9683 0.1549 -0.1957
vn 0.9920 0.0445 -0.1182
vn 0.9833 0.0403 -0.1776
vn -0.9917 -0.0396 0.1223
vn -0.9916 -0.0408 0.1224
vn -0.9916 -0.0389 0.1237
vn -0.9919 -0.0390 0.1208
vn -0.9987 -0.0388 0.0346
vn 0.1180 0.4964 0.8600
vn 0.1185 0.4954 0.8606
vn 0.0001 1.0000 0.0008
vn 0.0459 0.9426 0.3308
vn 0.0011 1.0000 0.0074
vn -0.9916 -0.0407 0.1224
vn -0.9917 -0.0396 0.1222
vn 0.1434 -0.0022 0.9897
vn 0.1427 -0.0012 0.9898
vn 0.9918 0.0433 -0.1205
vn 0.9917 0.0387 -0.1230
vn 0.9918 0.0401 -0.1213
vn 0.0352 0.9682 0.2478
vn 0.0459 0.9426 0.3309
vn 0.0680 0.8735 0.4821
vn 0.0656 0.8741 0.4814
vn -0.9920 -0.0430 0.1188
vn -0.9919 -0.0442 0.1187
vn 0.9917 0.0498 -0.1187
vn 0.9918 0.0482 -0.1187
vn 0.9918 0.0481 -0.1186
vn -0.7027 -0.7112 -0.0204
vn -0.4363 -0.8983 0.0521
vn -0.7707 0.3771 0.5137
vn -0.5979 0.7843 0.1655
vn 0.4232 0.6657 0.6146
vn 0.8794 0.4728 -0.0560
vn 0.9920 0.0446 -0.1182
vn 0.9919 0.0440 -0.1193
vn -0.4363 -0.8983 0.0520
vn -0.9917 -0.0473 0.1198
vn -0.9917 -0.0470 0.1194
vn -0.7716 0.3737 0.5147
vn -0.7134 0.6863 0.1418
vn 0.7887 0.6147 -0.0062
vn 0.9044 -0.4127 -0.1083
vn 0.4406 -0.8836 -0.1582
vn -0.4765 0.8588 -0.1882
vn -0.5242 -0.6611 -0.5368
vn 0.2810 0.8749 0.3944
vn 0.9917 0.0444 -0.1205
vn -0.0321 -0.9743 -0.2229
vn -0.7027 -0.7112 -0.0205
vn -0.0323 -0.9743 -0.2229
vn -0.1538 0.7061 0.6912
vn -0.9915 -0.0479 0.1211
vn 0.2360 0.8781 -0.4162
vn 0.5820 -0.5985 -0.5505
vn -0.0301 -0.9738 -0.2252
vn 0.4407 -0.8836 -0.1582
vn -0.0321 -0.9740 -0.2241
vn 0.1395 -0.0176 0.9901
vn -0.0318 -0.9738 -0.2253
vn -0.0318 -0.9734 -0.2271
vn -0.5437 -0.7274 -0.4187
vn -0.2310 -0.6844 0.6916
vn -0.6309 0.6519 0.4207
vn -0.4628 0.8117 -0.3564
vn 0.4578 0.8741 0.1624
vn 0.6875 0.7215 -0.0819
vn 0.9921 0.0417 -0.1180
vn -0.2310 -0.6843 0.6916
vn -0.3168 -0.0357 0.9478
vn -0.7709 0.3761 0.5141
vn -0.1944 0.7951 0.5745
vn 0.4364 0.8982 -0.0524
vn 0.4055 0.7466 -0.5274
vn 0.7168 -0.6919 -0.0860
vn 0.3578 -0.8096 -0.4654
vn 0.7169 -0.6919 -0.0860
vn 0.1408 -0.0264 0.9897
vn 0.1409 -0.0266 0.9897
vn -0.1945 0.7951 0.5745
vn 0.1443 -0.0139 0.9894
vn 0.1446 -0.0141 0.9894
vn 0.4232 0.6658 0.6145
vn 0.1441 -0.0155 0.9894
vn 0.4232 0.6658 0.6146
vn 0.1456 -0.0166 0.9892
vn 0.1454 -0.0184 0.9892
vn -0.3168 -0.0356 0.9478
vn -0.2444 0.9696 0.0066
vn -0.0000 1.0000 0.0068
vn 0.3321 0.6630 0.6709
vn 0.8181 0.5751 0.0039
vn -0.0000 -0.0176 0.9998
vn 0.6752 -0.6574 0.3345
vn -0.0381 0.9991 0.0158
vn 0.6492 0.6762 0.3482
vn 0.7196 -0.6944 -0.0035
vn -0.0000 -1.0000 -0.0051
vn 0.4407 0.8976 0.0061
vn -0.9064 0.4224 0.0029
vn 0.8878 0.4602 0.0031
vn 0.6579 0.2496 -0.7105
vn 0.6853 0.1400 0.7147
vn 0.8877 0.4603 0.0035
vn -0.6538 -0.2581 0.7113
vn -0.0001 -0.0176 0.9998
vn -0.6538 -0.2580 0.7113
vn -0.9766 -0.2150 -0.0016
vn -0.8771 -0.4802 -0.0034
vn -0.6538 -0.2579 0.7114
vn 0.7678 0.2778 -0.5773
vn 0.6701 0.4557 0.5859
vn -0.5569 -0.1780 0.8113
vn -0.8709 -0.4915 -0.0055
vn 0.6579 0.2497 -0.7105
vn -0.0005 0.0142 -0.9999
vn 0.4749 0.3231 -0.8186
vn 0.5460 0.1486 0.8245
vn -0.7190 -0.3941 0.5725
vn -0.9702 -0.2422 -0.0026
vn -0.0010 0.0129 -0.9999
vn 0.7071 0.0153 -0.7069
vn 0.4472 -0.0058 0.8944
vn -0.6920 0.0893 0.7164
vn -0.9568 0.2906 0.0043
vn -0.0010 0.0128 -0.9999
vn 0.6160 -0.7876 -0.0107
vn 0.9006 -0.4346 -0.0060
vn 0.6017 -0.2982 0.7409
vn 0.6160 -0.7877 -0.0107
vn -0.0006 -0.0105 0.9999
vn 0.6017 -0.2983 0.7409
vn -0.9023 0.4312 0.0058
vn -0.9023 0.4312 0.0059
vn 0.7071 0.0153 -0.7070
vn -0.0005 -0.0105 0.9999
vn 0.8185 -0.5744 -0.0080
vn 0.6160 -0.7876 -0.0108
vn 0.6161 -0.7876 -0.0107
vn -0.8822 -0.4709 -0.0064
vn 0.8185 -0.5745 -0.0080
vn -0.8822 -0.4708 -0.0064
vn -0.9997 0.0246 0.0003
vn -0.9997 0.0246 0.0004
vn 0.6906 0.7231 0.0114
vn -0.0382 0.9991 0.0158
vn -0.9994 -0.0343 -0.0002
vn -0.0009 0.0128 -0.9999
vn -0.0007 0.0141 -0.9999
vn 0.3299 0.6775 -0.6573
vn -0.2443 0.9697 0.0066
vn 0.6779 -0.6505 -0.3425
vn -0.0383 0.9991 0.0158
vn 0.6506 0.6852 -0.3274
vn 0.6779 -0.6504 -0.3425
vn 0.6595 0.2303 0.7155
vn 0.8878 0.4602 0.0032
vn 0.6846 0.1588 -0.7114
vn -0.6557 -0.2384 -0.7164
vn -0.0000 0.0113 -0.9999
vn -0.6557 -0.2385 -0.7164
vn -0.8772 -0.4801 -0.0034
vn -0.9766 -0.2150 -0.0011
vn -0.6556 -0.2384 -0.7165
vn -0.8776 -0.4794 -0.0024
vn 0.7687 0.2625 0.5832
vn 0.6699 0.4695 -0.5751
vn -0.5576 -0.1566 -0.8152
vn -0.8709 -0.4915 -0.0051
vn -0.0004 -0.0126 0.9999
vn 0.6596 0.2304 0.7154
vn -0.0000 -0.0117 0.9999
vn 0.4757 0.3024 0.8260
vn 0.5461 0.1687 -0.8205
vn -0.7201 -0.3793 -0.5810
vn -0.9702 -0.2422 -0.0024
vn 0.7071 -0.0011 0.7071
vn 0.4472 0.0149 -0.8943
vn -0.6922 0.1058 -0.7139
vn -0.9572 0.2896 0.0042
vn -0.0000 -0.0120 0.9999
vn 0.6173 -0.7866 -0.0108
vn 0.6173 -0.7867 -0.0108
vn 0.6015 -0.2809 -0.7479
vn 0.6015 -0.2809 -0.7478
vn -0.0001 0.0117 -0.9999
vn -0.9030 0.4295 0.0058
vn -0.9571 0.2896 0.0042
vn 0.7071 -0.0012 0.7071
vn -0.0000 0.0112 -0.9999
vn 0.9994 0.0357 0.0002
vn 0.8181 0.5750 0.0039
vn 0.6173 -0.7866 -0.0111
vn 0.9006 -0.4346 -0.0061
vn -0.9997 0.0245 0.0003
vn 1.0000 0.0079 0.0001
vn -0.9994 -0.0342 -0.0002
vn -0.2444 0.9697 0.0066
vn -0.0006 -0.0125 0.9999
vn 0.6596 0.2303 0.7154
vn -0.2395 -0.8969 0.3718
vn 0.1393 -0.9902 -0.0026
vn 0.1392 -0.9903 -0.0027
vn 0.6267 -0.4876 0.6079
vn -0.5795 0.8149 0.0071
vn -0.5794 0.8150 0.0070
vn -0.5795 0.8150 0.0071
vn -0.6674 -0.2333 0.7072
vn 0.5448 -0.0795 0.8348
vn 0.9588 -0.2842 -0.0008
vn 0.9967 -0.0810 -0.0008
vn -0.7042 -0.0642 0.7071
vn 0.8121 0.1485 0.5643
vn 0.7659 0.2027 0.6102
vn 0.9657 0.2597 0.0017
vn 0.9986 0.0521 -0.0047
vn -0.0001 0.0022 -1.0000
vn -0.5965 -0.0543 -0.8008
vn -0.5965 -0.0544 -0.8008
vn -0.0001 0.0021 -1.0000
vn -0.0001 0.0023 -1.0000
vn -0.5084 -0.6429 -0.5729
vn -0.5964 -0.0544 -0.8008
vn -0.9792 -0.2029 -0.0011
vn -0.9185 -0.3955 -0.0010
vn -0.9185 -0.3953 -0.0013
vn -0.0001 0.0166 -0.9999
vn 0.0963 -0.9953 -0.0057
vn -0.5084 -0.6428 -0.5729
vn 0.0911 -0.9958 -0.0116
vn -0.0000 -0.0197 0.9998
vn 0.7659 0.2028 0.6102
vn 0.7658 0.2027 0.6102
vn 0.9972 0.0750 0.0005
vn 0.9972 0.0754 0.0007
vn -1.0000 -0.0054 -0.0000
vn -1.0000 -0.0055 -0.0001
vn -0.2874 -0.2259 0.9308
vn -0.8117 -0.1883 0.5529
vn 0.8098 -0.0521 0.5844
vn 0.9844 0.1199 -0.1288
vn 0.9844 0.1201 -0.1284
vn -0.7942 -0.0755 -0.6029
vn -0.1473 0.0038 -0.9891
vn -0.1473 0.0037 -0.9891
vn -0.7942 -0.0754 -0.6029
vn 0.1896 -0.9527 0.2375
vn 0.2088 -0.8408 0.4995
vn 0.0868 -0.9038 -0.4190
vn 0.0009 -0.6674 -0.7447
vn 0.0010 -0.6675 -0.7446
vn -0.1935 0.3707 -0.9084
vn -0.1465 0.0132 -0.9891
vn -0.1465 0.0133 -0.9891
vn -0.1935 0.3708 -0.9083
vn -0.2116 0.8416 -0.4969
vn -0.1921 0.9527 -0.2357
vn -0.1164 0.9505 0.2882
vn -0.0594 0.8327 0.5506
vn 0.0496 0.4623 0.8854
vn 0.1014 0.2207 0.9700
vn 0.1768 -0.2532 0.9511
vn 0.2009 -0.4859 0.8506
vn -0.9796 -0.1532 0.1298
vn -0.9796 -0.1531 0.1299
vn -0.9795 -0.1532 0.1310
vn -0.9796 -0.1531 0.1298
vn -0.9797 -0.1531 0.1297
vn 0.9778 0.1649 -0.1291
vn 0.9777 0.1645 -0.1303
vn 0.9778 0.1644 -0.1302
vn 0.9778 0.1651 -0.1292
vn -0.6948 -0.4281 -0.5779
vn -0.2085 0.8825 -0.4215
vn -0.2017 0.4424 -0.8739
vn 0.4709 -0.7422 -0.4768
vn -0.2975 -0.9540 0.0374
vn -0.9798 -0.1532 0.1282
vn -0.9799 -0.1531 0.1282
vn -0.1597 0.9869 0.0230
vn -0.1598 0.9869 0.0231
vn 0.9781 0.1641 -0.1280
vn 0.9473 -0.2950 -0.1246
vn 0.9473 -0.2950 -0.1247
vn -0.3118 -0.0667 0.9478
vn 0.7854 0.1285 0.6055
vn 0.7823 0.1210 0.6110
vn -0.8200 -0.1136 0.5610
vn 0.9756 0.1881 -0.1136
vn 0.9789 0.1784 -0.1001
vn -0.7935 -0.0812 -0.6031
vn -0.1471 0.0036 -0.9891
vn 0.7481 -0.5963 -0.2911
vn 0.7482 -0.5962 -0.2911
vn -0.2464 -0.9690 -0.0154
vn -0.6545 -0.6644 0.3609
vn 0.3277 0.9179 0.2239
vn -0.6561 0.3400 0.6737
vn -0.3965 0.7515 0.5272
vn 0.8226 0.5674 0.0378
vn 0.0463 -0.1015 0.9938
vn -0.0545 -0.2862 0.9566
vn -0.0547 -0.2862 0.9566
vn -0.1229 0.4619 0.8784
vn 0.0463 -0.1016 0.9937
vn 0.9152 0.0915 0.3924
vn 0.5290 -0.8424 -0.1025
vn 0.8967 -0.3997 0.1902
vn 0.9221 0.0972 0.3745
vn -0.2477 0.2368 -0.9394
vn -0.2356 0.2342 -0.9432
vn -0.2113 0.3240 -0.9222
vn -0.2234 0.2316 -0.9468
vn -0.7894 -0.2696 0.5514
vn -0.7928 -0.2665 0.5481
vn -0.7992 -0.1969 0.5679
vn -0.6546 -0.6643 0.3608
vn 0.1401 -0.1712 0.9752
vn 0.1725 -0.1882 0.9669
vn 0.2001 0.1023 0.9744
vn 0.3488 -0.1806 0.9196
vn 0.8821 0.1660 0.4408
vn 0.8774 0.1413 0.4585
vn -0.1629 0.3355 -0.9278
vn -0.1722 0.4124 -0.8946
vn -0.1721 0.4125 -0.8946
vn -0.1673 0.3635 -0.9165
vn -0.1723 0.4124 -0.8946
vn -0.1673 0.3635 -0.9164
vn -0.2380 0.3499 -0.9061
vn -0.2113 0.3241 -0.9221
vn -0.1181 0.3512 -0.9288
vn -0.1008 0.4059 -0.9083
vn -0.7552 -0.1327 0.6419
vn -0.8013 -0.1262 0.5848
vn -0.7992 -0.1968 0.5679
vn -0.5611 -0.8148 -0.1459
vn 0.1200 -0.9485 -0.2932
vn 0.1201 -0.9484 -0.2933
vn 0.3552 -0.2151 0.9097
vn 0.3537 -0.2151 0.9103
vn 0.2001 0.1024 0.9744
vn -0.0603 0.2691 -0.9612
vn -0.0819 0.2562 -0.9632
vn 0.9882 0.0661 -0.1380
vn 0.9883 0.0659 -0.1378
vn -0.9597 -0.2710 0.0748
vn -0.5610 -0.8148 -0.1459
vn -0.9597 -0.2709 0.0747
vn 0.1221 -0.9469 -0.2974
vn 0.1220 -0.9469 -0.2974
vn 0.1271 -0.0852 0.9882
vn 0.1270 -0.0852 0.9882
vn 0.8602 0.1954 0.4711
vn 0.6429 0.5546 0.5282
vn 0.6429 0.5546 0.5283
vn 0.8316 0.2111 0.5137
vn -0.1526 0.2561 -0.9545
vn -0.1525 0.2562 -0.9545
vn -0.7233 -0.0449 0.6891
vn -0.6562 0.3399 0.6738
vn -0.7538 -0.0701 0.6534
vn -0.5500 0.7719 0.3188
vn -0.1252 0.9449 0.3023
vn -0.1252 0.9450 0.3023
vn 0.1269 -0.0851 0.9882
vn 0.1270 -0.0851 0.9882
vn -0.1628 0.3355 -0.9279
vn -0.1527 0.2564 -0.9544
vn -0.1529 0.2565 -0.9544
vn -0.1630 0.3355 -0.9279
vn 0.8226 0.5673 0.0378
vn 0.9809 0.1610 -0.1091
vn 0.9809 0.1609 -0.1091
vn -0.9807 -0.1622 0.1089
vn -0.5501 0.7719 0.3187
vn -0.9807 -0.1623 0.1089
vn -0.1250 0.9450 0.3022
vn -0.1248 0.9451 0.3021
vn 0.5769 -0.7951 -0.1873
vn 0.9678 -0.1886 -0.1666
vn -0.3997 -0.8902 0.2186
vn -0.4004 -0.8882 0.2254
vn 0.0519 0.4062 0.9123
vn 0.0518 0.4063 0.9123
vn 0.1198 0.0480 0.9916
vn 0.1400 -0.0809 0.9868
vn 0.1732 -0.3402 0.9243
vn 0.1516 -0.1546 0.9763
vn 0.1516 -0.1545 0.9763
vn 0.1506 -0.1463 0.9777
vn 0.1733 -0.3402 0.9243
vn 0.7029 -0.7052 0.0930
vn 0.7044 -0.7028 0.0998
vn 0.9510 -0.1175 0.2860
vn 0.9546 -0.1356 0.2653
vn -0.1515 0.1425 -0.9781
vn -0.1447 0.0933 -0.9851
vn -0.7701 -0.4017 0.4956
vn -0.7613 -0.4325 0.4831
vn 0.1622 -0.2381 0.9576
vn 0.1712 -0.3170 0.9328
vn 0.9626 -0.0293 0.2694
vn 0.9594 -0.1503 0.2387
vn -0.1508 0.1400 -0.9786
vn -0.1515 0.1423 -0.9782
vn -0.1515 0.1424 -0.9781
vn -0.1377 0.0442 -0.9895
vn -0.1063 -0.1537 -0.9824
vn -0.8040 -0.3647 0.4696
vn -0.7890 -0.3561 0.5007
vn 0.7029 -0.7052 0.0929
vn -0.8539 -0.5179 0.0508
vn 0.1297 -0.9804 -0.1480
vn 0.1299 -0.9804 -0.1481
vn 0.1623 -0.2381 0.9576
vn 0.1735 -0.3399 0.9243
vn -0.1377 0.0443 -0.9895
vn -0.1516 0.1425 -0.9781
vn -0.1512 0.1425 -0.9782
vn 0.1400 -0.9862 -0.0884
vn 0.1399 -0.9862 -0.0885
vn -0.9894 -0.0732 0.1252
vn -0.9889 -0.0674 0.1327
vn -0.8540 -0.5179 0.0508
vn 0.9505 0.2951 -0.0971
vn 0.9514 0.2896 -0.1049
vn 0.9678 -0.1886 -0.1667
vn -0.1504 0.1383 -0.9789
vn -0.1505 0.1384 -0.9789
vn 0.9626 -0.0292 0.2694
vn 0.9366 0.2078 0.2822
vn -0.8574 -0.1046 0.5039
vn 0.8902 0.4556 0.0035
vn -0.1286 0.9898 0.0605
vn -0.1288 0.9898 0.0607
vn -0.1286 0.9899 0.0605
vn -0.1285 0.9899 0.0604
vn 0.6210 0.0104 0.7837
vn -0.5547 -0.2085 0.8055
vn -0.2974 -0.1831 0.9370
vn 0.9019 0.0777 0.4249
vn 0.7682 0.1588 -0.6202
vn 0.6449 0.1588 -0.7476
vn -0.1356 0.0894 -0.9867
vn -0.1332 0.0627 -0.9891
vn -0.9525 -0.2355 0.1929
vn -0.5546 -0.2085 0.8055
vn -0.9441 -0.2574 0.2059
vn -0.3819 -0.3979 0.8342
vn 0.6690 -0.2802 0.6884
vn 0.1441 -0.1966 0.9698
vn 0.1429 -0.1962 0.9701
vn 0.9833 0.1721 0.0594
vn 0.7285 0.2603 -0.6337
vn 0.9240 0.3750 -0.0750
vn 0.9239 0.3721 -0.0889
vn 0.9833 0.1722 0.0594
vn -0.1514 0.2242 -0.9627
vn -0.1692 0.4334 -0.8852
vn -0.1738 0.4370 -0.8825
vn -0.8256 -0.3053 0.4745
vn -0.9634 -0.1274 0.2358
vn -0.2193 -0.4528 0.8642
vn 0.5313 -0.1959 0.8242
vn 0.9962 0.0096 0.0861
vn 0.3166 0.0002 -0.9486
vn -0.1212 -0.0178 -0.9925
vn -0.5528 -0.2808 0.7846
vn 0.7694 -0.0158 0.6385
vn 0.6437 0.0247 -0.7649
vn -0.1236 -0.0080 -0.9923
vn -0.8349 -0.5084 0.2109
vn -0.8948 -0.3544 0.2716
vn -0.8948 -0.3544 0.2715
vn -0.9241 -0.3803 -0.0377
vn -0.9593 -0.1878 0.2109
vn -0.9406 -0.2343 0.2455
vn -0.9634 -0.1273 0.2357
vn -0.9871 0.1074 0.1185
vn -0.9959 0.0857 0.0291
vn 0.9672 -0.0288 0.2525
vn -0.9692 -0.2440 -0.0329
vn -0.8948 -0.3543 0.2715
vn -0.9770 -0.2126 0.0154
vn 0.4098 0.8100 0.4195
vn 0.8193 0.4060 -0.4049
vn 0.4472 -0.0159 0.8943
vn 0.8000 -0.0132 0.5999
vn 0.0005 -0.0159 0.9999
vn 0.0007 -0.0161 0.9999
vn 0.8944 0.0009 -0.4473
vn 0.4473 0.0034 -0.8944
vn -0.7108 -0.7033 -0.0080
vn -0.9999 0.0107 0.0001
vn -0.9999 0.0106 0.0001
vn -0.4453 0.8953 0.0107
vn -0.7108 -0.7033 -0.0079
vn -0.4453 0.8953 0.0108
vn -0.7109 -0.7032 -0.0079
vn -0.7109 -0.7033 -0.0080
vn -0.9999 0.0151 0.0001
vn -0.9999 0.0150 0.0002
vn -0.0000 0.9999 0.0119
vn -0.5721 0.5939 -0.5656
vn -0.6578 0.6737 0.3367
vn -0.4466 -0.0001 0.8948
vn -0.4465 -0.0001 0.8948
vn -0.7065 0.0266 -0.7073
vn 0.0017 0.0056 -1.0000
vn -0.7065 0.0266 -0.7072
vn 0.0007 0.3402 -0.9404
vn -0.0007 0.0272 -0.9996
vn -0.0005 0.8086 -0.5884
vn -0.0001 0.8847 0.4662
vn -0.0001 0.8846 0.4663
vn -0.0000 0.3175 0.9483
vn -0.0000 0.0051 1.0000
vn 1.0000 -0.0035 -0.0000
vn 1.0000 -0.0036 -0.0001
vn -0.0001 -1.0000 0.0009
vn -0.0643 0.8933 0.4448
vn 0.1006 0.7113 -0.6956
vn 0.1006 0.7113 -0.6957
vn -0.1286 0.4384 0.8895
vn -0.1175 0.4924 0.8624
vn -0.5421 0.4531 0.7077
vn -0.1170 0.4935 0.8618
vn -0.9918 0.0401 -0.1213
vn -0.9832 0.0786 -0.1647
vn -0.9894 0.0405 -0.1396
vn -0.9918 0.0401 -0.1214
vn -0.9916 0.0387 -0.1230
vn 0.1427 0.0201 -0.9896
vn 0.1420 0.0177 -0.9897
vn 0.1021 -0.6992 -0.7075
vn 0.0647 -0.8924 -0.4465
vn 0.9963 -0.0158 0.0846
vn 0.9987 -0.0388 0.0345
vn 0.9979 -0.0382 -0.0520
vn 0.9890 0.0898 0.1177
vn 0.9963 -0.0158 0.0847
vn 0.9976 -0.0413 0.0564
vn -0.1369 0.2955 0.9455
vn -0.1426 0.0913 0.9856
vn -0.1408 0.1945 0.9707
vn -0.1408 0.1946 0.9707
vn -0.1111 0.6354 0.7641
vn -0.1379 0.2946 0.9456
vn 0.0638 0.8956 -0.4403
vn 0.1274 0.4561 -0.8808
vn 0.1261 0.4584 -0.8798
vn -0.9916 0.0500 -0.1189
vn -0.9917 0.0499 -0.1187
vn 0.9919 -0.0441 0.1190
vn 0.9919 -0.0442 0.1188
vn -0.0480 0.9422 0.3317
vn -0.0910 0.7699 0.6316
vn -0.0910 0.7699 0.6317
vn -0.1111 0.6355 0.7641
vn -0.0480 0.9421 0.3317
vn 0.0036 0.9997 -0.0253
vn 0.0011 1.0000 -0.0079
vn -0.0910 0.7700 0.6315
vn -0.0669 0.8753 0.4789
vn -0.0352 0.9681 0.2479
vn -0.0680 0.8750 0.4792
vn -0.0659 0.8756 0.4786
vn -0.0670 0.8753 0.4789
vn -0.0009 -1.0000 0.0059
vn -0.0001 -1.0000 0.0010
vn -0.0003 -1.0000 0.0020
vn -0.9920 0.0445 -0.1182
vn -0.9683 0.1549 -0.1957
vn -0.9833 0.0403 -0.1776
vn 0.9917 -0.0396 0.1222
vn 0.9916 -0.0390 0.1236
vn 0.9916 -0.0408 0.1224
vn 0.9917 -0.0396 0.1223
vn 0.9919 -0.0390 0.1208
vn 0.9986 -0.0388 0.0346
vn -0.1185 0.4954 0.8606
vn -0.1180 0.4964 0.8600
vn -0.0459 0.9426 0.3308
vn -0.0001 1.0000 0.0008
vn 0.9916 -0.0408 0.1223
vn 0.9917 -0.0396 0.1221
vn -0.1427 -0.0012 0.9898
vn -0.1428 -0.0013 0.9898
vn -0.9916 0.0387 -0.1231
vn -0.9918 0.0433 -0.1205
vn -0.0352 0.9682 0.2478
vn -0.0459 0.9426 0.3309
vn -0.0656 0.8741 0.4814
vn -0.0680 0.8734 0.4821
vn 0.9920 -0.0429 0.1191
vn 0.9919 -0.0441 0.1189
vn -0.9918 0.0483 -0.1187
vn -0.9917 0.0483 -0.1188
vn 0.7027 -0.7112 -0.0205
vn 0.5979 0.7843 0.1655
vn 0.7707 0.3771 0.5137
vn 0.4363 -0.8983 0.0521
vn -0.8794 0.4728 -0.0560
vn -0.4231 0.6658 0.6146
vn -0.9919 0.0440 -0.1193
vn 0.9917 -0.0472 0.1198
vn 0.7133 0.6863 0.1419
vn 0.7716 0.3737 0.5147
vn 0.9917 -0.0470 0.1194
vn -0.7887 0.6147 -0.0062
vn -0.4232 0.6658 0.6146
vn -0.4407 -0.8836 -0.1581
vn -0.9044 -0.4127 -0.1083
vn 0.5242 -0.6611 -0.5368
vn 0.4765 0.8588 -0.1882
vn -0.2810 0.8749 0.3944
vn -0.9917 0.0444 -0.1205
vn 0.0329 -0.9742 -0.2231
vn 0.9915 -0.0479 0.1211
vn 0.1538 0.7061 0.6912
vn -0.2360 0.8781 -0.4162
vn -0.5820 -0.5985 -0.5505
vn 0.0321 -0.9740 -0.2241
vn -0.4407 -0.8836 -0.1582
vn 0.0301 -0.9738 -0.2252
vn 0.1537 0.7061 0.6912
vn -0.1396 -0.0181 0.9900
vn -0.1396 -0.0180 0.9900
vn 0.0318 -0.9734 -0.2271
vn 0.0318 -0.9738 -0.2253
vn 0.5436 -0.7274 -0.4187
vn 0.4628 0.8117 -0.3564
vn 0.6308 0.6520 0.4207
vn 0.2311 -0.6843 0.6916
vn -0.4578 0.8741 0.1624
vn -0.6875 0.7215 -0.0819
vn -0.9921 0.0423 -0.1178
vn -0.9921 0.0423 -0.1179
vn 0.2310 -0.6843 0.6916
vn 0.9920 -0.0428 0.1190
vn 0.1945 0.7951 0.5745
vn 0.7709 0.3761 0.5141
vn 0.3168 -0.0357 0.9478
vn -0.4055 0.7466 -0.5274
vn -0.4364 0.8982 -0.0524
vn -0.3578 -0.8096 -0.4654
vn -0.7168 -0.6919 -0.0860
vn -0.7169 -0.6919 -0.0860
vn 0.1944 0.7951 0.5745
vn -0.1410 -0.0271 0.9896
vn -0.1410 -0.0269 0.9896
vn 0.5437 -0.7274 -0.4187
vn -0.1445 -0.0141 0.9894
vn -0.1443 -0.0139 0.9894
vn -0.1444 -0.0157 0.9894
vn -0.1461 -0.0169 0.9891
vn 0.2312 -0.6843 0.6916
vn -0.1459 -0.0167 0.9892
vn -0.1459 -0.0186 0.9891
vn 0.3168 -0.0356 0.9478
vn -0.1459 -0.0187 0.9891
vn 0.2443 0.9697 0.0066
vn -0.8181 0.5750 0.0039
vn -0.3322 0.6630 0.6709
vn -0.0001 1.0000 0.0068
vn -0.6752 -0.6574 0.3345
vn 0.0381 0.9991 0.0158
vn -0.6492 0.6762 0.3483
vn -0.7196 -0.6944 -0.0035
vn 0.9064 0.4224 0.0029
vn -0.4408 0.8976 0.0061
vn -0.8877 0.4604 0.0035
vn -0.6853 0.1400 0.7147
vn -0.6579 0.2497 -0.7105
vn -0.6579 0.2496 -0.7105
vn -0.8877 0.4603 0.0034
vn 0.6538 -0.2580 0.7113
vn -0.0004 -0.0159 0.9999
vn 0.0001 -0.0176 0.9998
vn 0.6538 -0.2580 0.7114
vn 0.8771 -0.4803 -0.0025
vn 0.8771 -0.4803 -0.0026
vn 0.9766 -0.2150 -0.0010
vn -0.6701 0.4557 0.5860
vn -0.7678 0.2779 -0.5773
vn 0.5569 -0.1780 0.8113
vn 0.8708 -0.4915 -0.0051
vn -0.5460 0.1486 0.8245
vn -0.4749 0.3231 -0.8186
vn 0.7190 -0.3942 0.5725
vn 0.9702 -0.2422 -0.0024
vn -0.4472 -0.0057 0.8944
vn -0.7071 0.0153 -0.7069
vn 0.6920 0.0893 0.7164
vn 0.9568 0.2906 0.0043
vn -0.0000 0.0116 -0.9999
vn -0.0009 0.0127 -0.9999
vn -0.4750 0.3231 -0.8185
vn -0.6158 -0.7878 -0.0111
vn -0.6017 -0.2983 0.7409
vn -0.9006 -0.4346 -0.0060
vn 0.0006 -0.0105 0.9999
vn 0.9024 0.4309 0.0068
vn -0.7071 0.0152 -0.7070
vn -0.0003 -0.0105 0.9999
vn -0.8185 -0.5745 -0.0080
vn 0.8822 -0.4709 -0.0064
vn -0.6157 -0.7879 -0.0111
vn -0.8185 -0.5744 -0.0080
vn 0.8822 -0.4708 -0.0064
vn 0.9997 0.0246 0.0004
vn 0.9997 0.0246 0.0003
vn -0.6906 0.7231 0.0114
vn 0.0379 0.9992 0.0158
vn 0.9994 -0.0343 -0.0002
vn 0.0012 0.0128 -0.9999
vn -0.3300 0.6775 -0.6573
vn -0.6779 -0.6505 -0.3424
vn 0.0380 0.9992 0.0158
vn -0.6506 0.6852 -0.3275
vn 0.0383 0.9991 0.0158
vn 0.0001 -1.0000 -0.0051
vn -0.6779 -0.6505 -0.3425
vn -0.0000 -1.0000 -0.0052
vn 0.2442 0.9697 0.0066
vn -0.6595 0.2303 0.7155
vn -0.6846 0.1588 -0.7114
vn -0.8883 0.4593 0.0035
vn -0.6596 0.2303 0.7155
vn 0.6557 -0.2384 -0.7164
vn 0.6556 -0.2384 -0.7164
vn 0.9766 -0.2150 -0.0016
vn -0.7687 0.2625 0.5832
vn -0.6699 0.4695 -0.5751
vn 0.5577 -0.1566 -0.8152
vn 0.8714 -0.4905 -0.0053
vn -0.6596 0.2304 0.7154
vn -0.4756 0.3024 0.8260
vn -0.5461 0.1687 -0.8205
vn 0.7201 -0.3793 -0.5810
vn 0.9702 -0.2422 -0.0026
vn -0.0000 -0.0118 0.9999
vn -0.0000 -0.0119 0.9999
vn -0.4757 0.3024 0.8260
vn -0.7071 -0.0011 0.7071
vn -0.4472 0.0150 -0.8943
vn 0.6922 0.1058 -0.7139
vn 0.9571 0.2896 0.0042
vn -0.6016 -0.2808 -0.7479
vn -0.6176 -0.7864 -0.0111
vn -0.6176 -0.7864 -0.0112
vn -0.6506 0.6852 -0.3274
vn -0.6016 -0.2808 -0.7478
vn -0.0000 0.0117 -0.9999
vn 0.9029 0.4297 0.0067
vn 0.9571 0.2896 0.0043
vn 0.9029 0.4297 0.0068
vn -0.7071 -0.0012 0.7071
vn -0.9994 0.0357 0.0002
vn 0.9997 0.0245 0.0003
vn 0.0382 0.9991 0.0158
vn -0.9006 -0.4346 -0.0061
vn -1.0000 0.0079 0.0001
vn 0.9994 -0.0342 -0.0002
vn 0.2443 0.9697 0.0065
vn 0.0006 -0.0161 0.9999
vn -0.0003 -0.0127 0.9999
vn 0.2394 -0.8969 0.3718
vn -0.6267 -0.4876 0.6079
vn -0.1392 -0.9903 -0.0027
vn -0.1393 -0.9902 -0.0026
vn 0.5795 0.8149 0.0071
vn 0.5795 0.8150 0.0071
vn 0.5794 0.8150 0.0070
vn 0.6674 -0.2333 0.7072
vn -0.5448 -0.0795 0.8348
vn -0.9967 -0.0810 -0.0009
vn -0.9588 -0.2842 -0.0008
vn 0.7042 -0.0642 0.7071
vn -0.7658 0.2027 0.6103
vn -0.8121 0.1485 0.5643
vn -0.9657 0.2597 0.0017
vn -0.9986 0.0521 -0.0047
vn 0.5965 -0.0544 -0.8008
vn 0.5965 -0.0545 -0.8008
vn 0.0001 0.0022 -1.0000
vn 0.5085 -0.6429 -0.5729
vn 0.5964 -0.0544 -0.8008
vn 0.9792 -0.2029 -0.0011
vn 0.9185 -0.3953 -0.0013
vn 0.9185 -0.3955 -0.0010
vn -0.0911 -0.9958 -0.0116
vn -0.0963 -0.9953 -0.0057
vn 0.5085 -0.6428 -0.5729
vn -0.7659 0.2028 0.6102
vn -0.7658 0.2027 0.6102
vn -0.9972 0.0754 0.0007
vn -0.0001 0.0054 -1.0000
vn 1.0000 -0.0052 -0.0000
vn 1.0000 -0.0051 0.0001
vn 0.2874 -0.2259 0.9308
vn -0.8098 -0.0525 0.5843
vn 0.8117 -0.1883 0.5529
vn -0.9844 0.1199 -0.1288
vn -0.9844 0.1200 -0.1286
vn 0.7942 -0.0754 -0.6029
vn 0.7942 -0.0755 -0.6029
vn 0.1481 0.0032 -0.9890
vn -0.1913 -0.9524 0.2372
vn -0.0867 -0.9038 -0.4191
vn -0.2083 -0.8408 0.4996
vn -0.0009 -0.6674 -0.7447
vn -0.0010 -0.6675 -0.7446
vn 0.1935 0.3708 -0.9083
vn 0.1935 0.3707 -0.9084
vn 0.1462 0.0126 -0.9892
vn 0.1463 0.0128 -0.9892
vn 0.1939 0.9524 -0.2354
vn 0.2115 0.8416 -0.4969
vn 0.0604 0.8325 0.5507
vn 0.1148 0.9507 0.2880
vn -0.1019 0.2208 0.9700
vn -0.0514 0.4625 0.8851
vn -0.2023 -0.4856 0.8504
vn -0.1777 -0.2531 0.9510
vn 0.9797 -0.1523 0.1302
vn 0.9797 -0.1523 0.1303
vn 0.9797 -0.1522 0.1302
vn 0.9795 -0.1540 0.1300
vn 0.9797 -0.1529 0.1292
vn -0.9777 0.1645 -0.1302
vn -0.9778 0.1649 -0.1291
vn -0.9780 0.1635 -0.1295
vn -0.9777 0.1646 -0.1303
vn -0.9778 0.1650 -0.1292
vn 0.6948 -0.4281 -0.5779
vn -0.4709 -0.7422 -0.4768
vn 0.2029 0.4422 -0.8737
vn 0.2085 0.8825 -0.4215
vn 0.9797 -0.1529 0.1293
vn 0.2975 -0.9540 0.0374
vn 0.1598 0.9869 0.0231
vn 0.1597 0.9869 0.0230
vn -0.9781 0.1645 -0.1278
vn -0.9473 -0.2950 -0.1246
vn -0.9781 0.1641 -0.1280
vn 0.3118 -0.0667 0.9478
vn 0.8200 -0.1136 0.5610
vn -0.7823 0.1210 0.6110
vn -0.7854 0.1285 0.6055
vn -0.9789 0.1784 -0.1001
vn -0.9756 0.1881 -0.1136
vn 0.7935 -0.0812 -0.6031
vn 0.1467 0.0032 -0.9892
vn 0.1480 0.0032 -0.9890
vn -0.7481 -0.5963 -0.2911
vn 0.6545 -0.6644 0.3609
vn 0.2464 -0.9690 -0.0155
vn -0.3274 0.9184 0.2221
vn -0.8226 0.5674 0.0377
vn 0.3965 0.7516 0.5271
vn 0.6561 0.3400 0.6737
vn -0.0463 -0.1015 0.9938
vn 0.1229 0.4619 0.8784
vn 0.0540 -0.2860 0.9567
vn -0.9152 0.0915 0.3924
vn -0.9221 0.0972 0.3745
vn -0.8966 -0.3997 0.1903
vn -0.5290 -0.8424 -0.1025
vn 0.2234 0.2316 -0.9468
vn 0.2113 0.3240 -0.9222
vn 0.2356 0.2342 -0.9432
vn 0.2477 0.2368 -0.9394
vn 0.6546 -0.6643 0.3608
vn 0.7992 -0.1969 0.5679
vn 0.7928 -0.2665 0.5481
vn 0.7895 -0.2696 0.5514
vn -0.1403 -0.1712 0.9752
vn -0.1725 -0.1882 0.9669
vn -0.1401 -0.1712 0.9752
vn -0.2001 0.1023 0.9744
vn -0.3488 -0.1806 0.9196
vn -0.8774 0.1413 0.4584
vn -0.8821 0.1660 0.4408
vn 0.1630 0.3355 -0.9278
vn 0.1673 0.3635 -0.9165
vn 0.1722 0.4125 -0.8946
vn 0.1722 0.4124 -0.8946
vn 0.1720 0.4125 -0.8946
vn 0.1673 0.3635 -0.9164
vn 0.1181 0.3512 -0.9288
vn 0.2112 0.3241 -0.9221
vn 0.2380 0.3499 -0.9061
vn 0.1008 0.4059 -0.9083
vn 0.8013 -0.1262 0.5848
vn 0.7552 -0.1327 0.6420
vn -0.1198 -0.9485 -0.2931
vn -0.1200 -0.9485 -0.2932
vn 0.5611 -0.8148 -0.1459
vn -0.3537 -0.2151 0.9103
vn -0.2001 0.1024 0.9744
vn -0.3552 -0.2151 0.9097
vn 0.0819 0.2562 -0.9632
vn 0.0603 0.2691 -0.9612
vn -0.9883 0.0659 -0.1378
vn -0.9883 0.0658 -0.1376
vn 0.9599 -0.2704 0.0741
vn 0.5610 -0.8148 -0.1460
vn -0.1220 -0.9469 -0.2974
vn -0.1221 -0.9469 -0.2974
vn -0.1271 -0.0852 0.9882
vn -0.8315 0.2111 0.5138
vn -0.6430 0.5546 0.5282
vn -0.6429 0.5547 0.5282
vn -0.8602 0.1954 0.4711
vn 0.1625 0.3355 -0.9279
vn 0.1525 0.2563 -0.9545
vn 0.1524 0.2563 -0.9545
vn 0.7538 -0.0701 0.6534
vn 0.6562 0.3399 0.6737
vn 0.7233 -0.0449 0.6891
vn 0.5500 0.7719 0.3188
vn -0.6429 0.5546 0.5283
vn 0.1251 0.9450 0.3022
vn 0.1253 0.9449 0.3024
vn 0.5500 0.7719 0.3187
vn -0.1270 -0.0851 0.9882
vn -0.1402 -0.1712 0.9752
vn 0.1524 0.2562 -0.9545
vn -0.9809 0.1609 -0.1090
vn -0.9809 0.1610 -0.1091
vn 0.9807 -0.1623 0.1090
vn 0.9807 -0.1624 0.1091
vn 0.5501 0.7719 0.3188
vn 0.1248 0.9451 0.3021
vn 0.1250 0.9451 0.3021
vn -0.5776 -0.7957 -0.1824
vn 0.4004 -0.8882 0.2254
vn 0.3997 -0.8902 0.2185
vn -0.9678 -0.1886 -0.1666
vn -0.0519 0.4062 0.9123
vn -0.1400 -0.0809 0.9868
vn -0.1198 0.0480 0.9916
vn -0.0518 0.4063 0.9123
vn -0.1733 -0.3402 0.9243
vn -0.1513 -0.1513 0.9768
vn -0.1522 -0.1595 0.9754
vn -0.1732 -0.3402 0.9243
vn -0.7029 -0.7052 0.0930
vn -0.9546 -0.1356 0.2653
vn -0.9510 -0.1175 0.2860
vn -0.7044 -0.7028 0.0998
vn 0.1515 0.1425 -0.9781
vn 0.1444 0.0905 -0.9854
vn 0.7701 -0.4017 0.4956
vn 0.7613 -0.4325 0.4831
vn -0.1625 -0.2404 0.9570
vn -0.1712 -0.3170 0.9328
vn -0.9594 -0.1503 0.2387
vn -0.9626 -0.0293 0.2694
vn 0.1515 0.1424 -0.9781
vn 0.1508 0.1400 -0.9786
vn 0.1033 -0.1709 -0.9799
vn 0.1368 0.0385 -0.9898
vn 0.1443 0.0905 -0.9854
vn 0.7890 -0.3561 0.5007
vn 0.8040 -0.3647 0.4696
vn -0.1299 -0.9804 -0.1480
vn -0.1298 -0.9804 -0.1479
vn 0.8539 -0.5180 0.0508
vn -0.1735 -0.3399 0.9243
vn 0.1513 0.1425 -0.9782
vn -0.1399 -0.9862 -0.0885
vn -0.1400 -0.9862 -0.0884
vn 0.8539 -0.5179 0.0508
vn 0.9889 -0.0675 0.1327
vn 0.9894 -0.0732 0.1252
vn -0.9678 -0.1886 -0.1667
vn -0.9514 0.2896 -0.1049
vn -0.9505 0.2951 -0.0971
vn 0.1508 0.1401 -0.9786
vn 0.1507 0.1386 -0.9788
vn 0.1504 0.1383 -0.9789
vn -0.9626 -0.0292 0.2694
vn -0.9366 0.2078 0.2822
vn 0.8574 -0.1046 0.5039
vn -0.8902 0.4556 0.0034
vn 0.1286 0.9898 0.0605
vn 0.1285 0.9899 0.0604
vn 0.1286 0.9899 0.0605
vn 0.1287 0.9898 0.0606
vn -0.6210 0.0104 0.7837
vn -0.9019 0.0777 0.4249
vn 0.2974 -0.1830 0.9370
vn 0.5547 -0.2085 0.8055
vn -0.7682 0.1588 -0.6202
vn -0.6449 0.1588 -0.7476
vn 0.1332 0.0627 -0.9891
vn 0.1356 0.0894 -0.9867
vn 0.9441 -0.2574 0.2059
vn 0.5546 -0.2086 0.8055
vn 0.9525 -0.2355 0.1929
vn 0.3819 -0.3979 0.8342
vn -0.1429 -0.1962 0.9701
vn -0.1441 -0.1966 0.9698
vn -0.6690 -0.2802 0.6884
vn -0.9833 0.1722 0.0594
vn -0.9239 0.3721 -0.0889
vn -0.9240 0.3750 -0.0750
vn -0.7285 0.2603 -0.6337
vn -0.9833 0.1721 0.0594
vn 0.1514 0.2242 -0.9627
vn 0.1738 0.4370 -0.8825
vn 0.1692 0.4334 -0.8852
vn 0.9634 -0.1274 0.2358
vn 0.8256 -0.3053 0.4745
vn 0.2194 -0.4528 0.8642
vn -0.5313 -0.1959 0.8242
vn -0.9962 0.0096 0.0861
vn -0.3166 0.0002 -0.9486
vn 0.1212 -0.0178 -0.9925
vn 0.5528 -0.2808 0.7846
vn -0.7694 -0.0158 0.6385
vn -0.6437 0.0247 -0.7649
vn 0.1236 -0.0080 -0.9923
vn 0.9241 -0.3803 -0.0377
vn 0.8948 -0.3544 0.2715
vn 0.8948 -0.3544 0.2716
vn 0.8349 -0.5084 0.2109
vn 0.9406 -0.2343 0.2455
vn 0.9593 -0.1878 0.2109
vn 0.9634 -0.1273 0.2357
vn 0.9959 0.0857 0.0290
vn 0.9871 0.1075 0.1185
vn -0.9672 -0.0288 0.2525
vn 0.9770 -0.2126 0.0154
vn 0.8948 -0.3543 0.2715
vn 0.9692 -0.2440 -0.0329
vn -0.5516 0.7495 0.3661
vn 0.8531 0.4838 0.1953
vn 0.7191 0.6936 0.0430
vn -0.4885 0.7171 0.4971
vn 0.8628 -0.1091 0.4937
vn 0.4000 0.3636 0.8413
vn 0.6095 0.0040 0.7928
vn 0.8502 -0.1152 0.5137
vn 0.9767 -0.0270 0.2127
vn 0.4419 0.3651 0.8194
vn -0.5032 0.3771 0.7775
vn 0.1287 0.7130 0.6892
vn 0.2238 0.8792 0.4206
vn 0.0336 0.7044 0.7091
vn 0.9908 -0.0064 0.1350
vn 0.4419 0.3652 0.8194
vn 0.9914 -0.0406 0.1243
vn 0.9907 -0.0749 0.1133
vn 0.9956 0.0762 -0.0537
vn 0.9972 0.0389 -0.0644
vn 0.5879 -0.2007 0.7836
vn 0.7028 -0.2289 0.6735
vn 0.6480 -0.3656 0.6682
vn 0.6914 -0.2836 0.6645
vn 0.6468 -0.7070 0.2858
vn 0.7580 -0.5274 0.3838
vn 0.7091 -0.3806 0.5936
vn 0.0657 0.0633 0.9958
vn 0.1245 -0.4572 0.8806
vn 0.0273 -0.3387 0.9405
vn 0.0656 0.0632 0.9958
vn 0.3554 0.7421 -0.5683
vn 0.4399 0.8492 -0.2921
vn 0.5940 0.7926 0.1378
vn 0.2382 0.9533 -0.1857
vn 0.3814 0.8772 -0.2916
vn 0.3100 0.3487 -0.8845
vn 0.9997 -0.0230 -0.0000
vn 0.9993 -0.0366 -0.0011
vn 0.9994 -0.0332 0.0005
vn 0.9998 -0.0215 -0.0005
vn 0.9992 -0.0391 0.0005
vn 0.9997 -0.0227 -0.0002
vn 0.9998 -0.0215 -0.0004
vn 0.9989 -0.0478 0.0005
vn 0.9989 -0.0461 0.0033
vn 0.6245 -0.7718 0.1197
vn 0.7725 -0.5879 0.2401
vn 0.2881 0.7777 0.5587
vn 0.0847 0.8466 0.5254
vn 0.9949 -0.0976 0.0259
vn 0.9895 -0.1342 -0.0532
vn 0.9498 -0.1180 0.2897
vn 0.9525 -0.1087 0.2844
vn 0.7753 -0.0687 0.6278
vn 0.9902 -0.0779 0.1163
vn 0.6974 -0.0568 0.7144
vn 0.5421 -0.8372 -0.0729
vn 0.6244 -0.7719 0.1196
vn 0.3676 -0.9292 -0.0370
vn 0.1976 -0.9768 -0.0821
vn 0.5420 -0.8372 -0.0729
vn 0.5294 -0.1698 -0.8312
vn 0.7951 -0.0677 -0.6027
vn 0.0026 -0.0153 -0.9999
vn 0.0069 -0.1543 -0.9880
vn 0.6492 0.6830 -0.3348
vn 0.4599 0.7785 -0.4271
vn 0.9630 0.2162 -0.1608
vn 0.9963 0.0853 0.0048
vn 0.6504 0.1255 -0.7492
vn 0.7016 0.2597 -0.6636
vn 0.4772 0.7545 -0.4506
vn 0.7596 0.5513 -0.3451
vn 0.2338 0.8446 -0.4817
vn 0.2637 0.4908 -0.8304
vn 0.2238 0.8793 0.4205
vn 0.2922 0.9480 0.1259
vn 0.2753 0.9548 0.1117
vn 0.2239 0.8792 0.4205
vn 0.2154 -0.0066 -0.9765
vn 0.0583 0.9533 0.2965
vn 0.0320 0.9502 0.3100
vn 0.6061 0.5575 0.5673
vn 0.9992 -0.0396 -0.0099
vn 0.2766 -0.2799 -0.9193
vn 0.1841 -0.5878 -0.7877
vn 0.2290 -0.3261 -0.9172
vn 0.2327 -0.3024 -0.9243
vn 0.7689 -0.6234 -0.1418
vn 0.7394 -0.6730 -0.0181
vn -0.9974 -0.0118 -0.0716
vn -0.9891 -0.0915 0.1156
vn -0.9997 0.0002 -0.0248
vn 0.0091 0.9991 0.0410
vn -0.1234 0.9869 -0.1043
vn 0.0747 0.9238 0.3756
vn 0.0213 0.9308 0.3648
vn 0.0030 0.8393 0.5437
vn 0.0042 0.2081 0.9781
vn 0.0475 -0.7123 0.7002
vn 0.3059 -0.6758 0.6707
vn 0.4619 -0.5662 0.6827
vn 0.0524 -0.7091 0.7032
vn 0.2289 -0.3261 -0.9172
vn 0.2154 -0.0067 -0.9765
vn 0.2295 -0.3467 -0.9095
vn 0.2245 -0.3291 -0.9172
vn -0.2952 0.9213 0.2533
vn -0.2587 0.9608 0.0998
vn -0.6242 0.7699 0.1327
vn -0.7512 0.6466 0.1323
vn -0.1858 0.9514 0.2455
vn -0.7127 0.5875 0.3833
vn -0.4728 0.8633 0.1768
vn -0.3069 0.8508 0.4265
vn -0.1181 0.7644 0.6339
vn -0.0354 0.9274 0.3725
vn 0.9989 -0.0460 0.0056
vn -0.3886 -0.4434 -0.8077
vn 0.5790 -0.4580 -0.6745
vn 0.4632 -0.6634 -0.5877
vn -0.3415 -0.7643 -0.5470
vn 0.4590 0.6433 -0.6128
vn 0.2590 0.5331 -0.8054
vn 0.1255 0.9362 -0.3282
vn 0.3471 0.9162 -0.2002
vn 0.3061 0.0532 -0.9505
vn 0.2902 -0.3653 -0.8845
vn 0.0476 -0.4097 -0.9110
vn 0.0702 -0.0113 -0.9975
vn -0.4219 0.8287 0.3678
vn 0.0158 0.9692 0.2458
vn 0.0484 0.2440 0.9686
vn 0.3069 0.2989 0.9036
vn 0.3070 0.2989 0.9036
vn -0.0002 0.1359 0.9907
vn -0.0055 0.2915 0.9566
vn -0.4253 0.8911 -0.1585
vn -0.2587 0.9608 0.0997
vn -0.5976 0.7715 -0.2185
vn -0.5859 0.7423 -0.3251
vn -0.0736 0.6982 0.7121
vn 0.1931 0.9002 -0.3902
vn -0.0167 0.8840 0.4672
vn 0.0592 0.7188 -0.6927
vn -0.4871 -0.1123 0.8661
vn -0.4886 0.7171 0.4971
vn -0.5627 -0.0369 0.8259
vn -0.0549 -0.0650 0.9964
vn -0.0575 -0.0635 0.9963
vn -0.1961 0.0412 0.9797
vn 0.4420 0.3651 0.8194
vn -0.1079 0.0191 0.9940
vn 0.9908 -0.0064 0.1351
vn 0.8030 -0.1332 0.5809
vn 0.6060 0.5576 0.5673
vn 0.6818 -0.1889 0.7068
vn 0.7196 -0.0714 0.6907
vn 0.8030 -0.1332 0.5810
vn 0.7201 -0.1514 0.6772
vn 0.8030 -0.1333 0.5809
vn 0.6294 -0.3648 0.6862
vn -0.0676 0.9949 0.0755
vn 0.0695 0.7021 0.7087
vn 0.6982 0.6780 -0.2299
vn -0.0700 0.9924 0.1013
vn 0.4593 -0.3911 0.7975
vn 0.0816 0.5725 0.8159
vn 0.0656 0.0633 0.9958
vn -0.0007 0.4478 0.8942
vn 0.8777 -0.1765 0.4455
vn 0.9167 -0.0679 0.3938
vn 0.9062 -0.1750 0.3850
vn 0.5267 0.1994 0.8263
vn 0.4819 -0.1419 0.8647
vn 0.6633 -0.4504 0.5977
vn 0.0865 0.9041 0.4185
vn 0.1765 0.3418 0.9230
vn 0.9073 -0.1826 0.3787
vn -0.7520 0.4697 0.4625
vn -0.8016 -0.0086 -0.5978
vn -0.8122 -0.0415 -0.5820
vn 0.7394 0.0662 -0.6700
vn 0.7016 0.1493 -0.6968
vn 0.6982 0.6780 -0.2298
vn 0.0884 0.9515 0.2947
vn 0.0360 0.9461 0.3219
vn -0.9600 -0.0967 0.2626
vn -0.0178 0.7978 -0.6026
vn -0.0395 0.7648 -0.6430
vn 0.2129 0.9193 0.3310
vn 0.1459 0.9707 0.1910
vn 0.0757 0.9960 0.0476
vn -0.0067 0.7407 0.6718
vn 0.0117 0.7678 0.6406
vn 0.0385 0.9255 0.3768
vn 0.3327 0.9340 0.1298
vn 0.1710 0.9374 0.3032
vn 0.6208 0.5461 0.5625
vn 0.8426 0.4695 -0.2639
vn 0.0989 0.2798 0.9550
vn 0.6208 0.5460 0.5625
vn 0.1864 0.2447 0.9515
vn 0.9997 0.0220 0.0105
vn 0.9997 0.0207 0.0109
vn 0.8865 0.0198 -0.4623
vn 0.4925 0.0464 -0.8691
vn 0.9538 0.0136 -0.3002
vn 0.8847 0.0247 -0.4655
vn 0.9985 -0.0052 0.0539
vn 0.8701 0.0990 0.4828
vn 0.9819 0.1810 0.0551
vn 0.2367 0.0643 -0.9694
vn 0.2364 0.0553 -0.9701
vn 0.4924 0.0464 -0.8691
vn 0.2404 0.0597 -0.9688
vn 0.0442 0.9983 0.0390
vn 0.4589 0.6434 -0.6127
vn 0.2949 -0.0937 -0.9509
vn 0.2871 -0.0869 -0.9540
vn 0.8426 0.4695 -0.2638
vn 0.7772 -0.0801 -0.6241
vn 0.7723 -0.0711 -0.6313
vn 0.9988 -0.0489 -0.0006
vn -0.5570 0.5411 -0.6301
vn -0.7235 -0.0059 -0.6903
vn -0.9355 -0.0435 -0.3507
vn 0.4271 0.3814 -0.8199
vn 0.9064 0.0001 -0.4224
vn -0.8706 -0.3806 -0.3119
vn -0.0563 0.3645 -0.9295
vn 0.5195 0.7503 0.4089
vn 0.3746 0.4201 0.8266
vn 0.9442 0.0758 0.3205
vn 0.9393 -0.0044 0.3431
vn 0.0310 -0.4948 0.8685
vn 0.8781 -0.0733 0.4728
vn 0.6983 -0.5512 0.4566
vn 0.3678 -0.9273 0.0691
vn 0.9654 -0.1604 -0.2056
vn 0.6072 0.3729 -0.7016
vn 0.9869 0.0093 -0.1611
vn 0.6072 0.3729 -0.7015
vn -0.0056 0.0454 -0.9990
vn -0.0000 0.8657 -0.5005
vn 0.0237 0.8772 -0.4796
vn 0.6072 0.3728 -0.7016
vn -0.0145 -0.3838 -0.9233
vn 0.0013 -0.3750 -0.9270
vn -0.0078 -0.4217 -0.9067
vn 0.0135 -0.2823 -0.9592
vn 0.0161 -0.2751 -0.9613
vn 0.7926 0.5304 -0.3007
vn 0.9851 0.1680 -0.0358
vn 0.9359 0.1067 -0.3358
vn 0.9812 -0.1603 -0.1078
vn 0.9838 -0.1714 -0.0526
vn -0.0399 0.7816 -0.6225
vn 0.1362 0.7204 -0.6801
vn 0.2440 0.8326 -0.4973
vn -0.2456 0.5338 -0.8092
vn -0.0262 -0.4506 -0.8923
vn -0.0789 -0.4710 -0.8786
vn -0.0079 -0.4217 -0.9067
vn 0.0013 -0.4385 -0.8987
vn 0.9656 -0.1638 -0.2019
vn 0.2024 -0.6698 -0.7144
vn 0.1841 -0.5879 -0.7877
vn 0.8083 -0.5887 -0.0110
vn 0.8391 -0.4845 -0.2471
vn 0.4632 -0.6634 -0.5876
vn -0.0551 -0.6124 -0.7886
vn -0.1828 -0.5308 -0.8275
vn -0.0268 -0.4256 -0.9045
vn -0.0183 -0.9229 -0.3845
vn -0.3415 -0.7644 -0.5469
vn 0.0732 -0.8960 -0.4379
vn -0.0550 -0.6125 -0.7886
vn -0.0340 -0.7493 -0.6614
vn 0.0271 -0.7042 -0.7095
vn 0.4644 -0.2128 0.8597
vn 0.7753 -0.0687 0.6279
vn 0.4526 -0.0743 0.8886
vn 0.4825 0.0006 0.8759
vn 0.6623 -0.5146 0.5446
vn -0.0158 -0.2327 0.9724
vn 0.0005 -0.9998 -0.0174
vn -0.0021 -0.9998 -0.0179
vn 0.8462 -0.4810 0.2294
vn 0.7457 -0.4029 0.5307
vn 0.5944 -0.1968 0.7797
vn 0.7091 -0.3805 0.5937
vn -0.2327 -0.9002 0.3680
vn -0.1162 -0.7229 0.6811
vn 0.4172 -0.5440 0.7280
vn 0.4659 -0.2129 0.8588
vn 0.6975 -0.6929 0.1828
vn 0.6413 -0.7133 0.2828
vn 0.4945 0.7506 -0.4382
vn 0.7595 0.5513 -0.3451
vn 0.1842 -0.5879 -0.7877
vn 0.3149 -0.5646 -0.7630
vn -0.7860 -0.4511 -0.4228
vn 0.0019 -0.3267 0.9451
vn 0.5210 -0.5082 0.6858
vn 0.8850 0.0550 0.4622
vn 0.9330 0.0054 0.3598
vn 0.5022 -0.0507 0.8632
vn 0.5043 -0.0367 0.8627
vn 0.6974 -0.0568 0.7145
vn -0.0018 0.1299 0.9915
vn -0.0000 -0.9591 0.2832
vn -0.0003 0.1298 0.9915
vn -0.0109 0.8404 0.5418
vn -0.0000 0.9997 0.0235
vn -0.0131 0.4864 0.8737
vn 0.0005 -0.9998 -0.0173
vn -0.0020 -0.9998 -0.0178
vn -0.0013 -0.7948 -0.6069
vn 0.9415 0.1414 0.3059
vn -0.0005 -0.2802 -0.9599
vn -0.0013 -0.7948 -0.6068
vn 0.0001 -0.2833 -0.9590
vn -0.7188 0.6944 0.0348
vn -0.8507 0.4825 0.2085
vn 0.5493 0.7612 0.3447
vn 0.4857 0.7172 0.4998
vn -0.8628 -0.1091 0.4937
vn -0.6095 0.0040 0.7928
vn -0.4000 0.3636 0.8413
vn -0.9767 -0.0270 0.2128
vn -0.8502 -0.1152 0.5137
vn -0.4213 0.3477 0.8376
vn 0.5235 0.3964 0.7542
vn -0.1306 0.7140 0.6879
vn -0.0355 0.7073 0.7060
vn -0.2280 0.8798 0.4170
vn -0.9803 -0.0938 0.1739
vn -0.9810 -0.0488 0.1880
vn -0.9810 -0.0487 0.1880
vn -0.9794 -0.0036 0.2017
vn -0.9940 0.0804 -0.0743
vn -0.9943 0.0463 -0.0960
vn -0.6480 -0.3656 0.6682
vn -0.7028 -0.2289 0.6735
vn -0.5879 -0.2007 0.7836
vn -0.6914 -0.2836 0.6645
vn -0.6469 -0.7070 0.2859
vn -0.7091 -0.3806 0.5936
vn -0.7580 -0.5274 0.3838
vn -0.0273 -0.3387 0.9405
vn -0.1245 -0.4572 0.8806
vn -0.5940 0.7926 0.1378
vn -0.4399 0.8492 -0.2921
vn -0.3554 0.7421 -0.5683
vn -0.3814 0.8772 -0.2916
vn -0.2382 0.9533 -0.1857
vn -0.3100 0.3487 -0.8845
vn -0.9997 -0.0230 -0.0000
vn -0.9998 -0.0215 -0.0005
vn -0.9994 -0.0332 0.0005
vn -0.9993 -0.0366 -0.0011
vn -0.9997 -0.0227 -0.0002
vn -0.9992 -0.0389 0.0005
vn -0.9989 -0.0461 0.0033
vn -0.9989 -0.0478 0.0005
vn -0.6245 -0.7718 0.1197
vn -0.7725 -0.5879 0.2401
vn -0.2936 0.7763 0.5579
vn -0.0847 0.8466 0.5254
vn -0.9498 -0.1179 0.2897
vn -0.9895 -0.1342 -0.0533
vn -0.9949 -0.0976 0.0260
vn -0.7753 -0.0687 0.6278
vn -0.9525 -0.1087 0.2845
vn -0.9901 -0.0780 0.1163
vn -0.6974 -0.0568 0.7144
vn -0.3677 -0.9292 -0.0370
vn -0.6245 -0.7718 0.1196
vn -0.5421 -0.8372 -0.0729
vn -0.1976 -0.9768 -0.0821
vn -0.5294 -0.1697 -0.8312
vn -0.0029 -0.0161 -0.9999
vn -0.0024 -0.0149 -0.9999
vn -0.7950 -0.0678 -0.6028
vn -0.5294 -0.1698 -0.8312
vn -0.4599 0.7785 -0.4271
vn -0.6492 0.6830 -0.3348
vn -0.9630 0.2162 -0.1608
vn -0.9963 0.0853 0.0048
vn -0.6504 0.1254 -0.7492
vn -0.7016 0.2597 -0.6636
vn -0.4771 0.7545 -0.4506
vn -0.2337 0.8446 -0.4817
vn -0.7595 0.5514 -0.3451
vn -0.2637 0.4908 -0.8304
vn -0.2280 0.8799 0.4169
vn -0.2748 0.9557 0.1054
vn -0.2996 0.9457 0.1257
vn -0.2154 -0.0066 -0.9765
vn -0.0582 0.9533 0.2964
vn -0.6061 0.5576 0.5673
vn -0.0321 0.9502 0.3100
vn -0.9992 -0.0396 -0.0099
vn -0.2766 -0.2799 -0.9193
vn -0.1841 -0.5878 -0.7878
vn -0.2327 -0.3024 -0.9243
vn -0.2290 -0.3261 -0.9172
vn -0.7689 -0.6234 -0.1418
vn -0.5421 -0.8371 -0.0729
vn -0.7394 -0.6730 -0.0181
vn 0.9992 0.0357 -0.0164
vn 0.9890 -0.0755 0.1269
vn 0.9780 -0.0144 -0.2082
vn -0.0213 0.9308 0.3648
vn -0.0747 0.9238 0.3756
vn 0.1734 0.9768 -0.1257
vn -0.0421 0.9217 0.3857
vn -0.0042 0.2081 0.9781
vn -0.0525 -0.7091 0.7032
vn -0.4618 -0.5663 0.6827
vn -0.4619 -0.5662 0.6827
vn -0.3059 -0.6758 0.6707
vn -0.0448 -0.7042 0.7086
vn -0.2289 -0.3261 -0.9172
vn -0.2245 -0.3291 -0.9172
vn -0.2295 -0.3467 -0.9095
vn -0.2154 -0.0067 -0.9765
vn 0.2952 0.9213 0.2533
vn 0.7512 0.6467 0.1323
vn 0.6241 0.7699 0.1328
vn 0.1636 0.9661 0.1995
vn 0.2951 0.9213 0.2533
vn 0.1858 0.9514 0.2455
vn 0.3070 0.8508 0.4265
vn 0.4727 0.8633 0.1768
vn 0.7127 0.5875 0.3832
vn 0.0354 0.9274 0.3725
vn 0.1181 0.7643 0.6339
vn -0.9989 -0.0460 0.0056
vn -0.4632 -0.6634 -0.5877
vn -0.5790 -0.4580 -0.6745
vn 0.3886 -0.4434 -0.8077
vn 0.3415 -0.7643 -0.5470
vn -0.4590 0.6433 -0.6127
vn -0.3471 0.9162 -0.2002
vn -0.1256 0.9364 -0.3277
vn -0.1254 0.9360 -0.3289
vn -0.4590 0.6433 -0.6128
vn -0.3061 0.0532 -0.9505
vn -0.0598 -0.4410 -0.8955
vn -0.0354 -0.3777 -0.9252
vn -0.2902 -0.3654 -0.8845
vn 0.4219 0.8287 0.3678
vn 0.0122 0.9843 0.1760
vn -0.0158 0.9692 0.2458
vn -0.3069 0.2989 0.9036
vn -0.0484 0.2440 0.9686
vn 0.0055 0.2915 0.9566
vn 0.5858 0.7424 -0.3251
vn 0.1734 0.9768 -0.1258
vn 0.5812 0.7325 -0.3544
vn 0.4676 0.8777 -0.1048
vn 0.0737 0.6982 0.7121
vn -0.1931 0.9003 -0.3902
vn -0.0016 1.0000 -0.0071
vn -0.0140 0.9994 0.0321
vn -0.1930 0.9003 -0.3901
vn 0.4856 0.7172 0.4998
vn 0.4871 -0.1123 0.8661
vn 0.5627 -0.0369 0.8259
vn 0.0736 0.6982 0.7121
vn 0.0575 -0.0635 0.9963
vn 0.0521 -0.0667 0.9964
vn -0.0669 0.4207 -0.9047
vn -0.3061 0.0533 -0.9505
vn -0.0710 0.4229 -0.9034
vn -0.4214 0.3477 0.8376
vn 0.1961 0.0412 0.9797
vn 0.1079 0.0191 0.9940
vn -0.9706 -0.0310 0.2388
vn -0.6818 -0.1889 0.7068
vn -0.6060 0.5576 0.5673
vn -0.8030 -0.1332 0.5809
vn -0.8030 -0.1333 0.5809
vn -0.7196 -0.0714 0.6907
vn -0.6294 -0.3648 0.6862
vn -0.7201 -0.1514 0.6772
vn -0.6982 0.6780 -0.2299
vn -0.0694 0.7021 0.7087
vn 0.0677 0.9949 0.0754
vn 0.0700 0.9924 0.1012
vn -0.4593 -0.3911 0.7975
vn 0.0007 0.4477 0.8942
vn -0.0816 0.5725 0.8159
vn -0.9167 -0.0678 0.3938
vn -0.8777 -0.1765 0.4455
vn -0.9062 -0.1751 0.3850
vn -0.5267 0.1994 0.8263
vn -0.4819 -0.1419 0.8647
vn -0.6633 -0.4504 0.5976
vn -0.1307 0.7140 0.6879
vn -0.1765 0.3418 0.9230
vn -0.0865 0.9041 0.4186
vn -0.9073 -0.1826 0.3787
vn 0.7521 0.4696 0.4624
vn 0.8122 -0.0415 -0.5820
vn 0.8016 -0.0086 -0.5978
vn -0.7016 0.1492 -0.6968
vn -0.7394 0.0662 -0.6700
vn -0.0883 0.9515 0.2947
vn -0.0361 0.9461 0.3219
vn 0.9600 -0.0967 0.2626
vn 0.0395 0.7648 -0.6430
vn 0.0178 0.7978 -0.6026
vn -0.2129 0.9193 0.3310
vn -0.1459 0.9707 0.1910
vn -0.0757 0.9960 0.0475
vn -0.0117 0.7678 0.6406
vn 0.0068 0.7407 0.6718
vn -0.6208 0.5461 0.5625
vn -0.1710 0.9374 0.3033
vn -0.3327 0.9340 0.1298
vn -0.8426 0.4695 -0.2639
vn -0.6208 0.5460 0.5625
vn -0.0990 0.2798 0.9550
vn -0.1864 0.2447 0.9515
vn -0.6209 0.5461 0.5625
vn -0.9997 0.0208 0.0109
vn -0.9997 0.0220 0.0105
vn -0.8847 0.0247 -0.4655
vn -0.9773 0.0101 -0.2114
vn -0.9774 0.0101 -0.2114
vn -0.6169 0.0423 -0.7859
vn -0.8865 0.0198 -0.4624
vn -0.9819 0.1810 0.0551
vn -0.3070 0.2989 0.9035
vn -0.6868 0.0974 0.7203
vn -0.6869 0.0973 0.7202
vn -0.9985 -0.0052 0.0539
vn 0.0240 0.2581 0.9658
vn -0.2404 0.0597 -0.9688
vn -0.6168 0.0423 -0.7859
vn -0.2367 0.0643 -0.9694
vn -0.0617 0.9951 0.0772
vn 0.0353 0.9274 0.3725
vn -0.0267 0.9996 0.0006
vn -0.2871 -0.0869 -0.9540
vn -0.2949 -0.0937 -0.9509
vn -0.7723 -0.0711 -0.6313
vn -0.7772 -0.0801 -0.6241
vn -0.8426 0.4695 -0.2638
vn -0.9988 -0.0489 -0.0006
vn 0.5570 0.5411 -0.6301
vn 0.9355 -0.0435 -0.3507
vn 0.7235 -0.0059 -0.6903
vn -0.4270 0.3814 -0.8199
vn -0.9064 0.0001 -0.4224
vn 0.8706 -0.3806 -0.3119
vn 0.0563 0.3645 -0.9295
vn -0.5195 0.7503 0.4089
vn -0.9393 -0.0044 0.3431
vn -0.9442 0.0758 0.3204
vn -0.3746 0.4201 0.8266
vn -0.0453 -0.7236 0.6888
vn -0.3058 -0.6758 0.6707
vn -0.0272 -0.7155 0.6981
vn -0.8781 -0.0733 0.4728
vn -0.6983 -0.5513 0.4566
vn -0.3678 -0.9273 0.0692
vn -0.9654 -0.1604 -0.2056
vn -0.6072 0.3729 -0.7016
vn -0.9869 0.0093 -0.1611
vn -0.6073 0.3729 -0.7016
vn -0.0237 0.8772 -0.4796
vn 0.0145 -0.3838 -0.9233
vn -0.0013 -0.3750 -0.9270
vn -0.0161 -0.2751 -0.9613
vn -0.0108 -0.2895 -0.9571
vn -0.7926 0.5304 -0.3007
vn -0.7596 0.5513 -0.3451
vn -0.9359 0.1067 -0.3358
vn -0.7596 0.5513 -0.3452
vn -0.9851 0.1680 -0.0358
vn -0.5790 -0.4580 -0.6746
vn -0.9838 -0.1714 -0.0526
vn -0.9812 -0.1603 -0.1078
vn 0.0399 0.7816 -0.6225
vn -0.2440 0.8326 -0.4973
vn -0.1362 0.7204 -0.6801
vn 0.2456 0.5338 -0.8092
vn -0.0013 -0.4385 -0.8987
vn 0.0262 -0.4506 -0.8923
vn -0.9656 -0.1638 -0.2019
vn -0.2025 -0.6697 -0.7145
vn -0.1841 -0.5879 -0.7877
vn -0.4633 -0.6633 -0.5877
vn -0.8391 -0.4845 -0.2472
vn -0.8083 -0.5887 -0.0111
vn 0.0550 -0.6124 -0.7886
vn 0.0268 -0.4256 -0.9045
vn 0.1828 -0.5308 -0.8275
vn 0.0551 -0.6124 -0.7886
vn 0.3415 -0.7644 -0.5469
vn 0.0183 -0.9229 -0.3846
vn -0.0731 -0.8960 -0.4379
vn 0.0550 -0.6125 -0.7886
vn -0.0271 -0.7042 -0.7095
vn 0.0341 -0.7493 -0.6614
vn -0.4659 -0.2128 0.8588
vn -0.4526 -0.0743 0.8886
vn -0.7753 -0.0687 0.6279
vn -0.4825 0.0006 0.8759
vn -0.6624 -0.5146 0.5445
vn 0.0004 -0.9998 -0.0173
vn -0.0007 -0.9998 -0.0176
vn -0.6623 -0.5145 0.5446
vn 0.0004 -0.9998 -0.0175
vn 0.0021 -0.9998 -0.0179
vn -0.8462 -0.4810 0.2294
vn -0.7091 -0.3805 0.5937
vn -0.5944 -0.1968 0.7797
vn -0.7457 -0.4029 0.5308
vn 0.2327 -0.9002 0.3680
vn 0.1162 -0.7229 0.6811
vn -0.4172 -0.5440 0.7280
vn -0.4659 -0.2129 0.8588
vn -0.6413 -0.7133 0.2828
vn -0.6975 -0.6929 0.1828
vn -0.4945 0.7506 -0.4382
vn -0.1842 -0.5879 -0.7877
vn -0.3149 -0.5646 -0.7630
vn 0.7860 -0.4511 -0.4228
vn -0.0127 0.0809 0.9966
vn -0.4593 -0.3911 0.7976
vn -0.5211 -0.5082 0.6857
vn 0.0097 0.0929 0.9956
vn -0.8851 0.0550 0.4622
vn -0.9330 0.0054 0.3598
vn -0.5210 -0.5083 0.6857
vn -0.5022 -0.0508 0.8632
vn -0.5043 -0.0367 0.8627
vn -0.0016 -0.9596 0.2812
vn -0.5210 -0.5082 0.6857
vn -0.5211 -0.5082 0.6858
vn -0.0000 0.9997 0.0238
vn 0.0028 0.9996 0.0278
vn -0.3745 0.4201 0.8266
vn 0.0119 0.6783 0.7347
vn 0.0157 0.6640 0.7476
vn 0.0020 -0.9998 -0.0178
vn 0.0004 -0.9998 -0.0174
vn 0.0136 0.2668 0.9637
vn -0.6623 -0.5146 0.5445
vn 0.0181 0.2768 0.9607
vn -0.9415 0.1413 0.3059
vn -0.0001 -0.2833 -0.9590
vn -0.0006 -0.2802 -0.9599
vn 0.7267 0.0317 -0.6862
vn 0.9927 0.0066 -0.1205
vn 0.4467 -0.0047 0.8947
vn 0.0383 -0.0280 0.9989
vn 0.2357 0.0455 -0.9708
vn -0.9542 0.0137 -0.2989
vn -0.4913 0.0408 -0.8700
vn -0.8773 0.0062 0.4800
vn 0.0068 -0.0280 0.9996
vn -0.0367 0.0161 0.9992
vn -0.2361 0.0453 -0.9707
vn -0.4912 0.0408 -0.8701
vn -0.0047 0.2126 0.9771
vn 0.0047 0.2126 0.9771
vn -0.3279 -0.6448 0.6904
vn -0.2742 -0.9501 0.1486
vn -0.2705 -0.9511 0.1488
vn 0.0379 -0.6449 0.7633
vn 0.1897 0.0727 0.9792
vn -0.2683 0.2113 0.9399
vn 0.8459 -0.5277 0.0779
vn 0.6493 -0.2617 0.7141
vn 0.7539 -0.5317 0.3859
vn 0.9593 -0.2797 0.0397
vn -0.2159 -0.1739 -0.9608
vn 0.2382 -0.2920 -0.9263
vn 0.0096 -0.1722 -0.9850
vn 0.0097 -0.1721 -0.9850
vn -0.2158 -0.1739 -0.9608
vn -0.8956 0.0840 0.4368
vn -0.7827 -0.1134 -0.6120
vn -0.9104 0.2108 -0.3560
vn -0.7857 -0.0307 0.6178
vn 0.1452 -0.1160 0.9826
vn -0.3437 0.0092 0.9390
vn 0.6601 -0.5523 0.5092
vn 0.7756 -0.6312 -0.0023
vn -0.3592 -0.3456 -0.8669
vn 0.2787 -0.5504 -0.7870
vn -0.9443 -0.1998 -0.2614
vn -0.8488 -0.0530 0.5261
vn -0.2834 -0.9474 0.1484
vn -0.2833 -0.9475 0.1484
vn -0.2835 -0.9474 0.1484
vn -0.4984 -0.0002 -0.8669
vn -0.4983 -0.0002 -0.8670
vn 0.4914 -0.2880 -0.8219
vn 0.2383 -0.2920 -0.9263
vn 0.4904 -0.2880 -0.8225
vn 0.3631 -0.5910 -0.7204
vn 0.2788 -0.5504 -0.7870
vn 0.4262 -0.5995 -0.6774
vn 0.3095 0.4370 0.8445
vn 0.3506 0.6597 0.6648
vn 0.0163 0.7599 0.6498
vn -0.1532 0.4620 0.8735
vn 0.7380 0.2200 0.6379
vn 0.9802 0.0056 0.1978
vn 0.8601 0.3816 0.3386
vn -0.1634 0.3603 -0.9184
vn -0.1693 0.6437 -0.7463
vn 0.4622 0.4880 -0.7404
vn 0.3514 -0.0100 -0.9362
vn -0.6790 0.3223 -0.6596
vn -0.8613 0.4716 -0.1892
vn -0.6515 0.6583 -0.3770
vn -0.5401 0.7828 0.3089
vn -0.5552 0.5896 0.5866
vn 0.6310 0.3241 -0.7048
vn 0.6966 -0.0174 -0.7172
vn 0.1489 0.0013 0.9889
vn -0.2367 0.0306 0.9711
vn 0.9169 -0.3850 -0.1053
vn 0.9873 -0.0258 -0.1565
vn 0.8967 -0.3468 0.2751
vn 0.5632 -0.1745 0.8077
vn -0.3972 -0.2715 -0.8766
vn 0.2704 -0.4836 -0.8325
vn -0.9753 0.1400 -0.1707
vn -0.9600 0.1921 0.2038
vn -0.8375 0.5236 0.1563
vn -0.8201 -0.0763 -0.5671
vn -0.6296 0.1756 0.7568
vn 0.5159 -0.5481 -0.6584
vn 0.4114 -0.6243 -0.6641
vn 0.8845 -0.3076 -0.3508
vn 0.8721 -0.3027 -0.3844
vn 0.9873 -0.0259 -0.1565
vn 0.9420 -0.0144 -0.3353
vn 0.9498 0.3004 0.0880
vn 0.7577 -0.5845 -0.2903
vn 0.3821 0.9118 0.1504
vn 0.2215 0.9657 0.1354
vn 0.9800 -0.1909 0.0560
vn 0.9761 -0.1949 0.0962
vn 0.9671 -0.2283 0.1121
vn 0.9617 -0.2710 0.0412
vn -0.9567 0.2740 -0.0981
vn -0.9599 0.2713 -0.0701
vn -0.9607 0.2695 -0.0668
vn -0.9733 0.2227 -0.0562
vn 0.1556 0.6413 0.7513
vn 0.2502 0.9017 0.3527
vn 0.2504 0.9016 0.3528
vn 0.2397 0.7131 -0.6588
vn -0.2591 -0.9246 -0.2791
vn -0.1814 -0.7201 -0.6698
vn -0.2590 -0.9247 -0.2791
vn -0.0392 -0.2782 -0.9597
vn 0.2398 0.7130 -0.6588
vn -0.0254 -0.2306 -0.9727
vn -0.0243 -0.2310 -0.9727
vn -0.0676 -0.3710 -0.9262
vn -0.0392 -0.2783 -0.9597
vn 0.0671 0.3705 0.9264
vn 0.0238 0.2301 0.9729
vn 0.0236 0.2302 0.9729
vn 0.1556 0.6413 0.7514
vn 0.2626 0.9329 0.2465
vn 0.1593 0.6554 0.7383
vn 0.0671 0.3706 0.9264
vn 0.0879 0.4374 0.8950
vn 0.1592 0.6554 0.7383
vn 0.0884 0.4375 0.8948
vn -0.2782 -0.9196 -0.2774
vn -0.2837 -0.9175 -0.2787
vn -0.2785 -0.9195 -0.2773
vn -0.2847 -0.9173 -0.2784
vn 0.5503 0.7665 -0.3312
vn -0.2771 0.8404 -0.4657
vn 0.0142 0.9561 0.2929
vn 0.7531 0.6278 0.1966
vn 0.1221 -0.4433 0.8880
vn -0.3644 -0.2999 0.8816
vn -0.2769 -0.5216 0.8070
vn 0.2407 -0.5901 0.7706
vn 0.6822 -0.4503 -0.5760
vn 0.6417 -0.7361 -0.2153
vn 0.9611 -0.2664 -0.0724
vn 0.7553 -0.2546 -0.6039
vn -0.2303 0.2284 -0.9460
vn 0.2421 0.0995 -0.9651
vn 0.0886 -0.0934 -0.9917
vn -0.3893 0.1076 -0.9148
vn -0.9134 -0.2776 0.2977
vn -0.7907 0.0466 -0.6104
vn -0.8969 0.1540 -0.4145
vn -0.8608 -0.0961 0.4999
vn 0.3197 0.1191 0.9400
vn -0.1220 0.0804 0.9893
vn -0.1329 0.3536 0.9259
vn 0.3426 0.1602 0.9257
vn 0.8751 0.4542 -0.1668
vn 0.8773 0.3968 -0.2700
vn 0.9270 0.3575 0.1136
vn 0.9992 0.0354 0.0175
vn 0.2880 0.5578 -0.7784
vn 0.4653 0.5807 -0.6681
vn -0.0274 0.7651 -0.6433
vn -0.1329 0.6633 -0.7365
vn -0.5462 0.6594 0.5165
vn -0.4388 0.8742 -0.2079
vn -0.6763 0.7178 -0.1658
vn -0.6044 0.5701 0.5565
vn -0.0115 -0.2882 0.9575
vn -0.1220 0.0803 0.9893
vn -0.0114 -0.2884 0.9575
vn 0.8971 0.1957 -0.3962
vn 0.9528 -0.2920 -0.0830
vn -0.6956 0.0112 0.7184
vn -0.7929 0.5318 -0.2976
vn 0.2958 -0.5676 0.7683
vn -0.2914 -0.3784 0.8786
vn 0.7178 -0.4518 -0.5298
vn 0.7521 -0.6332 -0.1826
vn -0.3619 0.1969 -0.9112
vn 0.2159 -0.0086 -0.9764
vn -0.9111 -0.1061 -0.3984
vn -0.8990 -0.1245 0.4198
vn -0.2999 -0.9118 -0.2804
vn -0.2836 -0.9175 -0.2788
vn -0.2986 -0.9121 -0.2809
vn 0.9029 0.4093 0.1312
vn -0.5226 0.8162 0.2462
vn -0.5164 0.8194 0.2487
vn 0.5170 -0.3901 0.7619
vn 0.2408 -0.5901 0.7706
vn 0.4474 0.6370 0.6278
vn 0.3426 0.1603 0.9257
vn 0.5288 0.6087 0.5915
vn 0.3964 -0.3854 0.8332
vn 0.3196 0.1190 0.9400
vn 0.4110 -0.3922 0.8230
vn -0.4260 -0.1323 0.8950
vn 0.2424 -0.8589 0.4511
vn 0.2811 -0.8631 0.4197
vn 0.5677 -0.3888 0.7257
vn 0.2959 -0.5676 0.7683
vn -0.2768 -0.5217 0.8070
vn -0.1845 -0.7988 0.5726
vn 0.0885 -0.0934 -0.9917
vn -0.1741 -0.3679 -0.9134
vn -0.1740 -0.3682 -0.9133
vn 0.2622 -0.8353 0.4832
vn 0.2651 -0.8357 0.4809
vn 0.2771 -0.4514 -0.8482
vn 0.2783 -0.4521 -0.8474
vn -0.5865 -0.2051 -0.7836
vn -0.5878 -0.2050 -0.7826
vn -0.8608 -0.0960 0.4999
vn -0.5927 -0.5932 0.5448
vn -0.5955 -0.5919 0.5431
vn 0.4372 0.1306 -0.8899
vn 0.0078 0.2813 -0.9596
vn 0.0583 0.4411 -0.8956
vn 0.8878 -0.0507 -0.4575
vn 0.8532 -0.3703 0.3673
vn 0.4729 -0.2227 0.8525
vn -0.4371 -0.1313 0.8898
vn -0.8432 0.1967 0.5004
vn -0.9594 0.2736 0.0683
vn -0.9594 0.2735 0.0683
vn 0.1067 0.5864 -0.8030
vn 0.5251 0.4026 -0.7498
vn 0.8985 -0.2156 0.3824
vn -0.3460 0.1800 0.9208
vn 0.2887 -0.0759 0.9544
vn -0.5801 0.1154 0.8063
vn -0.4415 0.0840 0.8933
vn 0.4397 -0.1080 0.8916
vn -0.2885 0.0765 -0.9544
vn -0.4394 0.1084 -0.8917
vn 0.4413 -0.0832 -0.8935
vn 0.5798 -0.1146 -0.8066
vn 0.8891 -0.1994 0.4119
vn 0.9280 -0.2064 0.3103
vn 0.7868 -0.1627 -0.5954
vn 0.7869 -0.1628 -0.5953
vn 0.9771 -0.2128 -0.0020
vn 0.9558 -0.2110 0.2050
vn 0.9558 -0.2110 0.2049
vn 0.9771 -0.2126 -0.0019
vn -0.9561 0.2052 0.2090
vn -0.9285 0.1980 0.3141
vn -0.9278 0.2064 -0.3106
vn -0.9278 0.2064 -0.3107
vn -0.8899 0.1882 0.4155
vn -0.9594 0.2734 0.0686
vn -0.8431 0.1967 0.5004
vn -0.9594 0.2736 0.0684
vn -0.9616 0.2640 0.0754
vn -0.8608 -0.0961 0.4998
vn -0.9585 0.2752 0.0749
vn 0.9576 -0.2770 -0.0793
vn 0.9608 -0.2677 -0.0726
vn 0.9919 -0.1137 -0.0567
vn 0.9458 -0.2821 0.1607
vn 0.9614 -0.2677 0.0634
vn 0.9599 -0.2713 0.0701
vn -0.9459 0.2820 -0.1607
vn -0.9733 0.2227 -0.0561
vn -0.9919 0.1136 0.0567
vn -0.9659 0.1840 -0.1822
vn -0.9617 0.2710 -0.0411
vn -0.0610 0.8251 -0.5616
vn -0.0413 0.5061 -0.8615
vn -0.0458 0.6835 -0.7285
vn 0.0079 0.7609 -0.6488
vn -0.0754 0.8523 -0.5175
vn -0.0978 0.9765 -0.1919
vn -0.1081 0.9784 -0.1760
vn -0.0404 0.5857 -0.8095
vn 0.3533 -0.6511 0.6718
vn 0.9737 -0.2185 0.0653
vn 0.3441 0.3918 0.8533
vn 0.0438 0.2595 0.9647
vn -0.0044 -0.8540 0.5203
vn 0.0972 0.1866 0.9776
vn -0.2237 -0.4696 0.8541
vn -0.3315 -0.8601 0.3877
vn -0.5874 -0.7891 0.1795
vn 0.1606 0.2715 0.9489
vn -0.3529 -0.4938 0.7948
vn -0.5294 -0.2963 0.7949
vn -0.8571 -0.4356 0.2749
vn -0.5111 -0.6950 0.5058
vn 0.0290 -0.1071 0.9938
vn -0.8390 -0.2769 0.4685
vn -0.4312 -0.1089 0.8957
vn 0.4227 0.0068 0.9062
vn -0.3628 -0.1039 0.9261
vn -0.8722 -0.0669 0.4846
vn -0.3941 -0.0017 0.9191
vn -0.8701 0.1524 0.4686
vn 0.4286 0.0925 0.8987
vn -0.9125 0.1707 -0.3717
vn -0.4089 0.0273 -0.9122
vn -0.8043 -0.1683 -0.5699
vn 0.4034 -0.7159 -0.5700
vn -0.7921 -0.2349 -0.5634
vn -0.7239 -0.5730 -0.3843
vn 0.9889 0.1362 0.0592
vn 0.9818 0.1838 0.0472
vn 0.8916 0.4477 0.0676
vn 0.6029 0.7916 0.0991
vn 0.4049 0.9111 0.0773
vn 0.1256 0.9916 0.0308
vn 0.5577 0.8287 0.0466
vn 0.6640 0.4230 0.6165
vn 0.0719 0.0575 -0.9958
vn 0.0669 0.1814 -0.9811
vn 0.5788 0.1624 -0.7991
vn 0.5717 0.0308 -0.8199
vn 0.0454 -0.0025 -0.9990
vn 0.5350 0.2572 -0.8047
vn 0.5275 0.7069 -0.4712
vn 0.4205 0.8117 -0.4054
vn 0.1864 0.8376 -0.5134
vn 0.3810 0.7264 -0.5720
vn 0.7497 0.4132 -0.5169
vn 0.7460 0.1642 -0.6453
vn 0.0978 -0.6615 -0.7435
vn 0.1683 -0.3047 -0.9375
vn 0.1466 -0.3486 -0.9257
vn 0.4033 -0.7159 -0.5700
vn 0.0390 -0.2128 -0.9763
vn -0.0260 -0.3167 -0.9482
vn 0.2429 -0.1633 -0.9562
vn -0.2875 -0.8845 -0.3673
vn -0.3300 -0.4565 -0.8263
vn -0.0703 0.0291 -0.9971
vn -0.0348 -0.1505 -0.9880
vn -0.3299 -0.4565 -0.8263
vn -0.4248 -0.6770 -0.6011
vn -0.0428 -0.1450 -0.9885
vn -0.0679 -0.5387 -0.8397
vn -0.4247 -0.6770 -0.6011
vn -0.4585 -0.2870 -0.8411
vn -0.4584 -0.2870 -0.8411
vn -0.3207 -0.1240 -0.9390
vn -0.5394 -0.1235 -0.8330
vn -0.5342 -0.1639 -0.8293
vn -0.7920 -0.2349 -0.5635
vn -0.4076 -0.2073 -0.8893
vn -0.3798 -0.0572 -0.9233
vn -0.2757 -0.4539 -0.8473
vn 0.3738 0.9270 0.0291
vn 0.3715 0.9281 0.0268
vn -0.2212 0.9752 -0.0113
vn 0.6430 0.7647 0.0424
vn 0.6449 0.7632 0.0408
vn 0.3540 -0.6622 0.6604
vn 0.9705 -0.2334 0.0599
vn 0.3544 0.3919 0.8490
vn 0.0355 0.2556 0.9661
vn -0.0081 -0.8562 0.5166
vn 0.0874 0.1861 0.9786
vn -0.3528 -0.4936 0.7949
vn -0.5294 -0.2964 0.7949
vn -0.5111 -0.6949 0.5058
vn 0.0289 -0.1071 0.9938
vn -0.3627 -0.1039 0.9261
vn -0.3940 -0.0017 0.9191
vn -0.8702 0.1524 0.4686
vn -0.8043 -0.1684 -0.5699
vn 0.3986 -0.7243 -0.5626
vn 0.6029 0.7916 0.0993
vn 0.4026 0.9122 0.0755
vn 0.1259 0.9918 0.0234
vn 0.5591 0.8283 0.0360
vn 0.6756 0.4285 0.6000
vn 0.0667 0.1812 -0.9812
vn 0.1864 0.8376 -0.5135
vn 0.7426 0.1437 -0.6542
vn 0.1038 -0.6706 -0.7345
vn 0.1666 -0.3267 -0.9303
vn 0.1427 -0.3743 -0.9163
vn 0.3985 -0.7244 -0.5626
vn 0.1039 -0.6706 -0.7345
vn 0.0323 -0.2336 -0.9718
vn -0.0151 -0.3224 -0.9465
vn 0.2636 -0.1755 -0.9485
vn -0.2836 -0.8861 -0.3667
vn -0.0705 0.0289 -0.9971
vn -0.0348 -0.1506 -0.9880
vn -0.0678 -0.5374 -0.8406
vn -0.4247 -0.6769 -0.6011
vn -0.5394 -0.1235 -0.8329
vn -0.5343 -0.1639 -0.8293
vn -0.4075 -0.2072 -0.8894
vn -0.2753 -0.4527 -0.8481
vn 0.3740 0.9270 0.0292
vn 0.3714 0.9281 0.0268
vn -0.2213 0.9751 -0.0112
vn 0.6432 0.7645 0.0426
vn 0.6448 0.7633 0.0408
vn 0.3489 -0.6928 0.6311
vn 0.9703 -0.2347 0.0589
vn 0.3444 0.3485 0.8718
vn 0.0255 0.2068 0.9780
vn -0.0100 -0.8800 0.4748
vn 0.0778 0.1363 0.9876
vn -0.2293 -0.5114 0.8282
vn -0.3320 -0.8784 0.3437
vn -0.5869 -0.7982 0.1362
vn 0.1512 0.2221 0.9632
vn -0.3575 -0.5329 0.7670
vn -0.5340 -0.3370 0.7754
vn -0.8582 -0.4507 0.2457
vn -0.5130 -0.7200 0.4674
vn 0.0206 -0.1573 0.9873
vn -0.8419 -0.3022 0.4471
vn -0.4378 -0.1560 0.8854
vn 0.4131 -0.0400 0.9098
vn -0.3698 -0.1525 0.9165
vn -0.8763 -0.0937 0.4726
vn -0.4014 -0.0506 0.9145
vn -0.8751 0.1258 0.4674
vn 0.4192 0.0457 0.9067
vn -0.9085 0.1880 -0.3732
vn -0.3979 0.0740 -0.9144
vn -0.7977 -0.1396 -0.5866
vn 0.4066 -0.6942 -0.5939
vn -0.7853 -0.2060 -0.5838
vn -0.7188 -0.5536 -0.4205
vn 0.9880 0.1345 0.0759
vn 0.9809 0.1826 0.0663
vn 0.8901 0.4451 0.0986
vn 0.6002 0.7868 0.1439
vn 0.3993 0.9084 0.1238
vn 0.1223 0.9898 0.0729
vn 0.5564 0.8269 0.0820
vn 0.6683 0.3975 0.6288
vn 0.0808 0.1091 -0.9907
vn 0.0752 0.2311 -0.9700
vn 0.5849 0.2043 -0.7849
vn 0.5785 0.0745 -0.8122
vn 0.0547 0.0498 -0.9973
vn 0.5403 0.2985 -0.7868
vn 0.5287 0.7296 -0.4338
vn 0.4211 0.8307 -0.3642
vn 0.1881 0.8606 -0.4732
vn 0.3830 0.7531 -0.5349
vn 0.7518 0.4400 -0.4911
vn 0.7470 0.1786 -0.6404
vn 0.1131 -0.6318 -0.7668
vn 0.1763 -0.2766 -0.9447
vn 0.1525 -0.3249 -0.9334
vn 0.0423 -0.1818 -0.9824
vn -0.0050 -0.2721 -0.9623
vn 0.2724 -0.1248 -0.9541
vn -0.2777 -0.8675 -0.4128
vn -0.3208 -0.4130 -0.8524
vn -0.0604 0.0808 -0.9949
vn -0.0247 -0.0976 -0.9949
vn -0.4174 -0.6454 -0.6397
vn -0.0326 -0.0921 -0.9952
vn -0.0579 -0.4923 -0.8685
vn -0.4174 -0.6454 -0.6398
vn -0.4478 -0.2423 -0.8607
vn -0.4478 -0.2422 -0.8607
vn -0.3095 -0.0745 -0.9480
vn -0.5287 -0.0800 -0.8450
vn -0.5236 -0.1203 -0.8434
vn -0.7852 -0.2060 -0.5839
vn -0.3966 -0.1601 -0.9039
vn -0.3688 -0.0092 -0.9295
vn -0.2653 -0.4076 -0.8738
vn 0.3711 0.9254 0.0766
vn 0.3687 0.9266 0.0744
vn -0.2248 0.9739 0.0320
vn 0.6409 0.7629 0.0853
vn 0.6429 0.7614 0.0835
vn 0.5942 -0.4627 0.6579
vn 0.4382 -0.8809 0.1789
vn 0.6300 -0.7539 0.1862
vn 0.9659 -0.2385 0.1011
vn 0.9630 -0.2462 -0.1101
vn 0.9376 -0.3173 -0.1421
vn 0.9876 -0.1366 -0.0770
vn 0.4936 -0.7531 0.4349
vn -0.5346 -0.8195 0.2063
vn 0.3114 -0.5721 0.7588
vn -0.4633 -0.8727 -0.1541
vn -0.3047 -0.8728 -0.3812
vn 0.0869 -0.7254 -0.6828
vn -0.0456 -0.9597 -0.2772
vn -0.3794 -0.5267 -0.7606
vn 0.0816 -0.9922 -0.0939
vn -0.3496 -0.9367 -0.0181
vn -0.2927 -0.8625 -0.4129
vn 0.5822 0.7708 -0.2588
vn 0.9020 0.2252 -0.3683
vn 0.5752 0.5140 -0.6364
vn 0.9283 -0.0755 -0.3641
vn 0.9654 -0.2310 0.1208
vn 0.9556 -0.2514 0.1535
vn 0.8792 -0.4724 0.0624
vn 0.7683 -0.6242 0.1419
vn 0.8488 -0.5282 0.0219
vn 0.7081 -0.6954 0.1225
vn 0.5260 -0.1404 0.8388
vn -0.9753 0.2160 0.0464
vn -0.9629 0.2668 0.0399
vn -0.9901 0.1327 -0.0447
vn -0.9716 -0.2365 -0.0100
vn -0.8594 -0.5101 0.0351
vn -0.8336 -0.5418 0.1073
vn -0.7345 -0.6779 0.0309
vn -0.8750 -0.4800 0.0634
vn -0.6908 -0.7149 -0.1082
vn -0.9146 0.0063 0.4042
vn -0.6715 -0.1873 0.7170
vn -0.8788 -0.4770 0.0156
vn -0.9087 -0.4174 -0.0105
vn -0.7171 -0.6763 -0.1687
vn -0.8852 -0.3121 -0.3451
vn -0.6551 -0.7138 -0.2477
vn -0.9551 0.0297 -0.2948
vn -0.9384 0.0914 -0.3332
vn -0.8442 0.2058 -0.4949
vn -0.7928 -0.5752 -0.2015
vn -0.5774 -0.7966 -0.1791
vn -0.6126 -0.7789 -0.1347
vn -0.8747 -0.4839 -0.0276
vn -0.6406 -0.7383 -0.2110
vn -0.7230 -0.4248 -0.5449
vn -0.5484 -0.7829 -0.2939
vn -0.5444 -0.6161 -0.5693
vn -0.2951 -0.9278 -0.2281
vn 0.3020 -0.7336 -0.6088
vn -0.5441 -0.3756 -0.7502
vn 0.4092 -0.6028 -0.6850
vn -0.8698 -0.0409 -0.4918
vn -0.6703 -0.7139 -0.2024
vn -0.5268 0.1031 -0.8437
vn -0.4394 0.2092 -0.8736
vn -0.6716 0.7395 0.0464
vn -0.6074 0.6241 -0.4915
vn -0.9669 0.0381 0.2524
vn -0.9799 -0.1980 -0.0225
vn -0.9787 -0.1493 -0.1412
vn -0.9625 0.0130 0.2711
vn -0.9392 -0.2699 0.2122
vn 0.8522 -0.1617 -0.4976
vn 0.7396 0.6026 -0.2998
vn 0.9039 0.4036 -0.1417
vn 0.8736 -0.1715 -0.4554
vn 0.9946 0.1033 -0.0096
vn 0.9672 0.0735 -0.2431
vn 0.9804 0.1825 0.0738
vn 0.8987 -0.1317 -0.4184
vn 0.9868 0.1618 -0.0111
vn 0.6292 0.0866 -0.7724
vn 0.6441 -0.5279 0.5536
vn -0.0687 0.0255 0.9973
vn -0.0449 0.0039 0.9990
vn -0.3444 0.0984 0.9336
vn -0.0888 0.0321 0.9955
vn -0.4473 0.1785 0.8764
vn -0.4821 0.1187 0.8680
vn -0.7139 0.2767 0.6433
vn -0.8250 0.1923 0.5314
vn -0.7339 0.0869 0.6737
vn -0.9939 -0.0455 0.1001
vn -0.5141 0.4478 0.7316
vn -0.2692 0.4237 0.8649
vn 0.5897 0.5233 0.6151
vn 0.6283 0.4101 0.6611
vn -0.5186 0.6831 0.5143
vn -0.3104 0.8341 0.4561
vn 0.0425 0.9967 0.0698
vn -0.7143 0.3202 0.6223
vn -0.5787 0.5903 0.5627
vn -0.8527 0.2719 0.4460
vn -0.1309 -0.6614 -0.7385
vn 0.3704 -0.8065 -0.4607
vn 0.3158 -0.6368 -0.7034
vn -0.0477 -0.8758 -0.4803
vn -0.3727 -0.7544 -0.5404
vn -0.5414 -0.7926 -0.2806
vn -0.7535 -0.5611 -0.3426
vn 0.7170 -0.5701 -0.4012
vn 0.8617 -0.4518 -0.2310
vn 0.6733 -0.4684 -0.5722
vn 0.9164 -0.1689 -0.3628
vn 0.9704 0.2311 0.0705
vn 0.9875 0.1479 -0.0544
vn 0.8216 -0.2771 -0.4982
vn 0.8144 -0.3048 -0.4939
vn 0.7034 0.7022 -0.1107
vn 0.9426 0.2142 -0.2561
vn -0.1041 0.1152 -0.9879
vn 0.0241 0.1376 -0.9902
vn -0.0716 0.1740 -0.9821
vn 0.3396 0.7663 0.5454
vn 0.4814 0.7907 0.3782
vn 0.6278 -0.0108 -0.7783
vn 0.9522 -0.1854 -0.2428
vn 0.7511 -0.1123 -0.6506
vn 0.8562 -0.4078 -0.3172
vn 0.7495 -0.1211 -0.6508
vn 0.7882 -0.0809 -0.6101
vn 0.8562 -0.4078 -0.3173
vn 0.8380 -0.5342 -0.1117
vn 0.7618 -0.2729 -0.5875
vn 0.8644 -0.0236 -0.5022
vn 0.8095 -0.5856 -0.0424
vn 0.2902 -0.9182 0.2695
vn 0.6085 -0.7675 0.2018
vn 0.6520 -0.7504 0.1082
vn 0.3087 -0.9280 -0.2086
vn 0.4125 -0.9069 0.0865
vn 0.6462 -0.7502 0.1403
vn 0.4733 -0.8786 -0.0637
vn 0.3629 -0.8937 0.2637
vn 0.4308 -0.9011 -0.0490
vn 0.6141 -0.7839 0.0915
vn 0.4688 -0.8702 0.1517
vn 0.0553 -0.9810 -0.1858
vn 0.0696 -0.1336 -0.9886
vn 0.8538 -0.1486 -0.4989
vn 0.0836 -0.2382 -0.9676
vn 0.0796 -0.1564 -0.9845
vn -0.5136 -0.0193 0.8578
vn -0.6872 0.2684 0.6751
vn -0.8618 -0.0284 0.5064
vn -0.8411 -0.5242 0.1331
vn -0.8089 -0.4504 -0.3780
vn -0.7191 -0.6025 -0.3463
vn -0.9274 -0.3740 0.0050
vn -0.8718 -0.2614 -0.4142
vn -0.8794 -0.1475 -0.4527
vn -0.9689 -0.2473 -0.0129
vn -0.8477 -0.1727 -0.5016
vn -0.9165 -0.1621 -0.3657
vn -0.9519 -0.1000 0.2897
vn -0.9566 -0.2156 -0.1961
vn -0.9413 -0.1081 0.3198
vn -0.9554 -0.2883 -0.0644
vn -0.8672 -0.1755 0.4660
vn -0.9558 -0.1978 0.2176
vn -0.9441 -0.3292 -0.0157
vn -0.9558 -0.1979 0.2175
vn -0.9828 -0.1806 -0.0391
vn -0.9820 -0.1844 -0.0405
vn 0.8968 0.0624 0.4380
vn 0.9992 0.0353 0.0162
vn 0.9967 0.0751 0.0305
vn 0.8968 0.0624 0.4381
vn 0.9252 0.0433 0.3771
vn 0.6283 -0.2225 -0.7455
vn 0.9050 0.1643 0.3925
vn 0.6752 -0.0562 -0.7355
vn 0.0930 -0.3220 -0.9422
vn 0.5349 -0.4948 0.6848
vn 0.3739 -0.7975 0.4734
vn 0.9193 -0.3204 0.2285
vn 0.3918 -0.3019 0.8691
vn 0.3123 -0.2937 0.9034
vn 0.9924 0.0305 0.1194
vn 0.4257 0.0219 0.9046
vn 0.9373 0.1773 0.2999
vn 0.2443 0.2340 0.9411
vn -0.3673 -0.0798 0.9267
vn -0.5078 0.1033 0.8553
vn -0.3851 -0.0010 0.9229
vn 0.3531 0.0600 0.9337
vn 0.3283 0.0885 0.9404
vn 0.6809 0.1084 0.7243
vn 0.6591 0.7124 0.2410
vn 0.6383 0.2204 0.7376
vn 0.3284 0.0885 0.9404
vn -0.0744 0.1370 0.9878
vn -0.0626 0.1498 0.9867
vn -0.5135 -0.0193 0.8578
vn 0.6158 0.0029 -0.7879
vn 0.0667 -0.1672 -0.9837
vn 0.0826 -0.2155 -0.9730
vn 0.0545 -0.0879 -0.9946
vn 0.0770 -0.1205 -0.9897
vn 0.5549 0.1407 -0.8199
vn 0.0190 0.0684 -0.9975
vn 0.0260 0.0611 -0.9978
vn 0.5549 0.1408 -0.8199
vn 0.4646 -0.1854 -0.8659
vn 0.4645 -0.1854 -0.8659
vn 0.0634 -0.4119 -0.9090
vn 0.0584 -0.4065 -0.9118
vn 0.5865 -0.4736 -0.6571
vn 0.0752 -0.0830 -0.9937
vn 0.0265 0.0083 -0.9996
vn 0.4493 0.1569 -0.8795
vn 0.4492 0.1569 -0.8795
vn -0.0000 0.2442 -0.9697
vn -0.0020 0.2463 -0.9692
vn -0.7455 -0.0323 0.6658
vn -0.7460 -0.2666 0.6103
vn -0.5249 -0.3730 0.7651
vn -0.4083 -0.4133 0.8139
vn -0.2795 -0.6361 0.7192
vn -0.7528 -0.5878 0.2961
vn 0.0733 -0.8616 0.5023
vn 0.0878 -0.6326 -0.7694
vn 0.0665 -0.6157 -0.7852
vn 0.5739 -0.5932 -0.5646
vn 0.2898 -0.9554 0.0578
vn 0.2542 -0.9618 0.1017
vn 0.4124 -0.9069 0.0864
vn 0.3047 -0.9441 -0.1257
vn 0.3545 -0.9167 -0.1844
vn -0.2498 -0.9569 -0.1483
vn -0.2120 -0.9593 -0.1868
vn 0.1668 -0.5988 -0.7834
vn 0.2903 -0.9182 0.2695
vn -0.3641 -0.7383 0.5678
vn -0.2112 -0.8659 0.4534
vn -0.1051 -0.9848 -0.1380
vn 0.4124 -0.9069 0.0865
vn -0.0931 -0.9932 -0.0695
vn 0.3429 -0.6052 -0.7184
vn 0.4733 -0.8786 -0.0638
vn -0.1074 -0.6921 0.7138
vn -0.3699 -0.9270 0.0627
vn -0.3136 -0.9383 -0.1456
vn -0.2856 -0.6926 -0.6624
vn 0.3550 -0.9313 -0.0817
vn 0.4688 -0.8702 0.1516
vn 0.3380 -0.9403 -0.0403
vn 0.0639 -0.5485 0.8337
vn -0.0828 -0.9964 0.0175
vn -0.0275 -0.9967 -0.0758
vn 0.2005 -0.7225 -0.6616
vn 0.0061 -0.6132 0.7899
vn 0.3629 -0.8938 0.2637
vn 0.3395 0.9275 0.1567
vn 0.1027 0.9593 0.2630
vn 0.0244 0.2761 -0.9608
vn -0.1040 0.8402 -0.5322
vn 0.0544 0.2855 -0.9568
vn 0.3547 0.3930 0.8484
vn -0.3529 -0.4936 0.7949
vn -0.8571 -0.4357 0.2750
vn -0.5110 -0.6949 0.5058
vn -0.8701 0.1524 0.4687
vn 0.3986 -0.7243 -0.5625
vn -0.7920 -0.2349 -0.5634
vn 0.9818 0.1838 0.0473
vn 0.4027 0.9122 0.0755
vn 0.5590 0.8284 0.0360
vn 0.6757 0.4296 0.5991
vn 0.0670 0.1812 -0.9812
vn 0.5789 0.1624 -0.7991
vn 0.5717 0.0307 -0.8199
vn 0.7498 0.4133 -0.5168
vn 0.1040 -0.6717 -0.7335
vn 0.1669 -0.3285 -0.9297
vn 0.1429 -0.3761 -0.9155
vn 0.3985 -0.7243 -0.5626
vn 0.1040 -0.6716 -0.7336
vn 0.0324 -0.2352 -0.9714
vn -0.0152 -0.3241 -0.9459
vn 0.2641 -0.1770 -0.9481
vn -0.0703 0.0290 -0.9971
vn -0.0428 -0.1451 -0.9885
vn -0.0679 -0.5388 -0.8397
vn -0.4248 -0.6769 -0.6011
vn -0.3207 -0.1239 -0.9391
vn -0.5394 -0.1236 -0.8329
vn -0.4076 -0.2074 -0.8893
vn -0.3801 -0.0577 -0.9231
vn 0.3736 0.9271 0.0290
vn 0.3713 0.9281 0.0268
vn 0.6447 0.7634 0.0407
vn -0.0268 -0.4277 -0.9035
vn -0.0303 -0.4741 -0.8799
vn 0.1655 -0.9359 0.3111
vn 0.1772 -0.8902 0.4197
vn 0.1774 -0.8910 0.4179
vn 0.0995 -0.6398 0.7621
vn 0.0823 -0.5818 0.8092
vn 0.0808 -0.4413 0.8937
vn 0.0877 -0.4292 0.8989
vn 0.2521 0.9579 0.1371
vn 0.2473 0.9596 0.1346
vn 0.1536 0.9770 0.1479
vn 0.2803 0.9498 0.1389
vn 0.3279 -0.6448 0.6904
vn -0.0379 -0.6449 0.7633
vn 0.2705 -0.9511 0.1488
vn 0.2743 -0.9501 0.1486
vn -0.1897 0.0727 0.9792
vn 0.2683 0.2113 0.9399
vn -0.8459 -0.5277 0.0780
vn -0.9593 -0.2797 0.0397
vn -0.7538 -0.5317 0.3860
vn -0.6493 -0.2617 0.7142
vn 0.2158 -0.1739 -0.9608
vn -0.0097 -0.1721 -0.9850
vn -0.0096 -0.1722 -0.9850
vn -0.2382 -0.2920 -0.9263
vn 0.8956 0.0839 0.4368
vn 0.7857 -0.0307 0.6178
vn 0.9104 0.2108 -0.3560
vn 0.7827 -0.1134 -0.6120
vn 0.3437 0.0092 0.9390
vn -0.1452 -0.1160 0.9826
vn -0.6601 -0.5522 0.5092
vn -0.7756 -0.6312 -0.0023
vn -0.2787 -0.5504 -0.7870
vn 0.3592 -0.3456 -0.8669
vn 0.9443 -0.1998 -0.2614
vn 0.8488 -0.0530 0.5261
vn 0.2833 -0.9475 0.1484
vn 0.2831 -0.9475 0.1484
vn 0.2843 -0.9472 0.1482
vn 0.2832 -0.9475 0.1485
vn 0.4992 -0.0000 -0.8665
vn 0.4993 -0.0000 -0.8664
vn -0.4904 -0.2880 -0.8225
vn -0.2383 -0.2920 -0.9263
vn -0.4914 -0.2880 -0.8219
vn -0.4263 -0.5995 -0.6774
vn -0.2788 -0.5504 -0.7870
vn -0.3631 -0.5910 -0.7204
vn -0.3095 0.4370 0.8445
vn 0.1532 0.4621 0.8735
vn -0.0164 0.7599 0.6498
vn -0.3506 0.6597 0.6648
vn -0.7380 0.2200 0.6379
vn -0.8601 0.3816 0.3386
vn -0.9802 0.0056 0.1978
vn 0.1634 0.3603 -0.9184
vn -0.3514 -0.0100 -0.9362
vn -0.4622 0.4880 -0.7404
vn 0.1693 0.6437 -0.7463
vn 0.6790 0.3223 -0.6596
vn 0.6515 0.6583 -0.3770
vn 0.8613 0.4716 -0.1892
vn 0.5552 0.5896 0.5866
vn 0.5401 0.7828 0.3089
vn -0.6966 -0.0174 -0.7172
vn -0.6310 0.3241 -0.7048
vn 0.2367 0.0306 0.9711
vn -0.1489 0.0013 0.9889
vn -0.9169 -0.3850 -0.1053
vn -0.8967 -0.3468 0.2751
vn -0.9873 -0.0258 -0.1565
vn -0.5632 -0.1745 0.8077
vn -0.2704 -0.4836 -0.8325
vn 0.3972 -0.2715 -0.8766
vn 0.9753 0.1400 -0.1707
vn 0.8375 0.5236 0.1563
vn 0.9600 0.1921 0.2038
vn 0.8201 -0.0763 -0.5671
vn 0.6296 0.1756 0.7568
vn -0.4114 -0.6243 -0.6641
vn -0.5159 -0.5481 -0.6584
vn -0.9873 -0.0259 -0.1565
vn -0.8721 -0.3027 -0.3844
vn -0.8845 -0.3076 -0.3508
vn -0.9420 -0.0144 -0.3353
vn -0.9498 0.3003 0.0881
vn -0.7577 -0.5845 -0.2903
vn -0.2215 0.9657 0.1354
vn -0.3821 0.9118 0.1504
vn -0.9800 -0.1909 0.0560
vn -0.9617 -0.2710 0.0412
vn -0.9671 -0.2283 0.1120
vn -0.9761 -0.1949 0.0962
vn 0.9567 0.2740 -0.0982
vn 0.9733 0.2227 -0.0562
vn 0.9607 0.2695 -0.0667
vn 0.9599 0.2713 -0.0701
vn -0.1556 0.6413 0.7513
vn -0.2397 0.7131 -0.6588
vn -0.2509 0.9013 0.3530
vn -0.2509 0.9014 0.3530
vn 0.2581 -0.9249 -0.2793
vn 0.2582 -0.9249 -0.2792
vn 0.1814 -0.7201 -0.6698
vn 0.0392 -0.2782 -0.9597
vn 0.0243 -0.2310 -0.9727
vn 0.0254 -0.2306 -0.9727
vn 0.0673 -0.3711 -0.9261
vn 0.0673 -0.3712 -0.9261
vn 0.0392 -0.2783 -0.9597
vn -0.1556 0.6413 0.7514
vn -0.0243 0.2301 0.9729
vn -0.0655 0.3710 0.9263
vn -0.2630 0.9328 0.2464
vn -0.1592 0.6555 0.7383
vn -0.2629 0.9328 0.2464
vn -0.0671 0.3706 0.9264
vn -0.0884 0.4375 0.8948
vn -0.1592 0.6554 0.7383
vn -0.0882 0.4375 0.8949
vn 0.2782 -0.9196 -0.2774
vn 0.2847 -0.9173 -0.2784
vn 0.2785 -0.9195 -0.2773
vn 0.2837 -0.9175 -0.2787
vn -0.5503 0.7665 -0.3312
vn -0.7531 0.6278 0.1966
vn -0.0142 0.9562 0.2923
vn 0.2771 0.8404 -0.4657
vn -0.1221 -0.4433 0.8880
vn -0.2407 -0.5901 0.7706
vn 0.2768 -0.5216 0.8070
vn 0.3645 -0.2999 0.8816
vn -0.6822 -0.4503 -0.5760
vn -0.7553 -0.2546 -0.6039
vn -0.9611 -0.2664 -0.0724
vn -0.6417 -0.7366 -0.2138
vn 0.2303 0.2284 -0.9459
vn 0.3894 0.1076 -0.9148
vn -0.0886 -0.0934 -0.9917
vn -0.2421 0.0995 -0.9651
vn 0.9132 -0.2787 0.2974
vn 0.8608 -0.0961 0.4999
vn 0.8969 0.1540 -0.4145
vn 0.7908 0.0466 -0.6104
vn -0.3197 0.1191 0.9400
vn -0.3426 0.1602 0.9257
vn 0.1329 0.3536 0.9259
vn 0.1220 0.0804 0.9893
vn -0.8751 0.4542 -0.1668
vn -0.9992 0.0354 0.0174
vn -0.9270 0.3575 0.1136
vn -0.8773 0.3968 -0.2700
vn -0.2880 0.5578 -0.7784
vn 0.1329 0.6633 -0.7365
vn 0.0274 0.7651 -0.6433
vn -0.4653 0.5807 -0.6681
vn 0.5462 0.6594 0.5166
vn 0.6044 0.5701 0.5565
vn 0.6763 0.7178 -0.1658
vn 0.4389 0.8742 -0.2079
vn 0.0110 -0.2888 0.9573
vn 0.1221 0.0803 0.9893
vn 0.0112 -0.2887 0.9574
vn -0.9529 -0.2916 -0.0832
vn -0.8971 0.1957 -0.3962
vn 0.7929 0.5318 -0.2976
vn 0.6956 0.0112 0.7184
vn 0.2915 -0.3784 0.8786
vn -0.2958 -0.5676 0.7683
vn -0.7522 -0.6331 -0.1826
vn -0.7178 -0.4518 -0.5298
vn 0.3618 0.1969 -0.9112
vn -0.2159 -0.0086 -0.9764
vn 0.9111 -0.1061 -0.3984
vn 0.8990 -0.1245 0.4198
vn 0.2999 -0.9118 -0.2804
vn 0.2986 -0.9121 -0.2809
vn 0.2837 -0.9175 -0.2788
vn -0.9029 0.4093 0.1312
vn 0.5164 0.8194 0.2487
vn 0.5227 0.8162 0.2462
vn -0.5170 -0.3901 0.7619
vn -0.2408 -0.5901 0.7706
vn -0.5288 0.6087 0.5915
vn -0.4474 0.6370 0.6278
vn -0.4110 -0.3922 0.8230
vn -0.3197 0.1190 0.9400
vn -0.3964 -0.3854 0.8332
vn 0.4260 -0.1323 0.8950
vn -0.2958 -0.5677 0.7683
vn -0.2810 -0.8630 0.4197
vn -0.2424 -0.8589 0.4511
vn -0.5683 -0.3889 0.7251
vn -0.2959 -0.5676 0.7683
vn 0.1842 -0.7987 0.5728
vn 0.1845 -0.7988 0.5726
vn 0.1740 -0.3682 -0.9133
vn 0.1741 -0.3680 -0.9134
vn -0.0885 -0.0934 -0.9917
vn -0.2651 -0.8357 0.4809
vn -0.2621 -0.8353 0.4832
vn -0.2783 -0.4521 -0.8474
vn -0.2771 -0.4515 -0.8482
vn 0.5878 -0.2050 -0.7826
vn 0.8970 0.1539 -0.4144
vn 0.5865 -0.2051 -0.7836
vn 0.5956 -0.5919 0.5431
vn 0.5927 -0.5931 0.5448
vn 0.8608 -0.0960 0.4998
vn -0.4369 0.1297 -0.8901
vn -0.8878 -0.0507 -0.4575
vn -0.0582 0.4408 -0.8957
vn -0.0078 0.2813 -0.9596
vn -0.8532 -0.3703 0.3673
vn -0.4729 -0.2227 0.8525
vn 0.4369 -0.1307 0.8900
vn 0.8432 0.1967 0.5004
vn 0.9596 0.2731 0.0685
vn 0.9596 0.2730 0.0685
vn -0.5256 0.4040 -0.7487
vn -0.1067 0.5864 -0.8030
vn 0.3459 0.1804 0.9208
vn -0.8985 -0.2156 0.3824
vn -0.2887 -0.0759 0.9544
vn -0.4397 -0.1080 0.8916
vn 0.4416 0.0841 0.8933
vn 0.5801 0.1154 0.8063
vn 0.2885 0.0765 -0.9544
vn -0.5798 -0.1146 -0.8066
vn -0.4413 -0.0832 -0.8935
vn 0.4393 0.1084 -0.8917
vn -0.9280 -0.2064 0.3103
vn -0.9059 -0.2025 0.3719
vn -0.7868 -0.1627 -0.5953
vn -0.7868 -0.1627 -0.5954
vn -0.9558 -0.2110 0.2049
vn -0.9771 -0.2128 -0.0020
vn -0.9771 -0.2126 -0.0019
vn 0.9418 0.2015 0.2693
vn 0.9285 0.1980 0.3142
vn 0.9278 0.2065 -0.3107
vn 0.9057 0.2025 -0.3724
vn 0.8899 0.1882 0.4155
vn 0.9595 0.2731 0.0685
vn 0.9585 0.2752 0.0749
vn 0.8608 -0.0960 0.4999
vn 0.9616 0.2640 0.0754
vn -0.9608 -0.2677 -0.0726
vn -0.9576 -0.2770 -0.0793
vn -0.9458 -0.2821 0.1607
vn -0.9919 -0.1137 -0.0567
vn -0.9599 -0.2713 0.0701
vn -0.9614 -0.2677 0.0634
vn 0.9919 0.1136 0.0567
vn 0.9733 0.2227 -0.0561
vn 0.9458 0.2820 -0.1607
vn 0.9617 0.2710 -0.0411
vn 0.9659 0.1840 -0.1822
vn 0.0610 0.8251 -0.5616
vn 0.0457 0.6835 -0.7285
vn 0.0413 0.5061 -0.8615
vn -0.0079 0.7609 -0.6488
vn 0.0754 0.8523 -0.5175
vn 0.1081 0.9785 -0.1759
vn 0.0978 0.9765 -0.1919
vn 0.0384 0.5859 -0.8094
vn -0.3533 -0.6511 0.6718
vn -0.3441 0.3918 0.8533
vn -0.9737 -0.2185 0.0653
vn 0.0044 -0.8540 0.5203
vn -0.0438 0.2595 0.9648
vn -0.0972 0.1866 0.9776
vn 0.2237 -0.4696 0.8541
vn 0.3315 -0.8601 0.3877
vn 0.5874 -0.7891 0.1796
vn -0.1606 0.2715 0.9489
vn 0.3528 -0.4931 0.7952
vn 0.5294 -0.2963 0.7949
vn 0.5111 -0.6949 0.5059
vn 0.8571 -0.4356 0.2749
vn -0.0290 -0.1071 0.9938
vn 0.8390 -0.2769 0.4685
vn 0.4312 -0.1089 0.8957
vn -0.4227 0.0068 0.9062
vn 0.3627 -0.1039 0.9261
vn 0.8722 -0.0669 0.4846
vn 0.8701 0.1524 0.4686
vn 0.3941 -0.0016 0.9191
vn -0.4286 0.0925 0.8987
vn 0.9125 0.1708 -0.3717
vn 0.8043 -0.1683 -0.5699
vn 0.4089 0.0273 -0.9122
vn -0.4034 -0.7159 -0.5700
vn 0.7920 -0.2349 -0.5634
vn 0.7239 -0.5730 -0.3843
vn -0.9818 0.1838 0.0474
vn -0.9889 0.1362 0.0592
vn -0.8916 0.4477 0.0676
vn -0.6030 0.7916 0.0991
vn -0.4049 0.9111 0.0772
vn -0.1256 0.9916 0.0308
vn -0.5577 0.8287 0.0466
vn -0.6640 0.4231 0.6165
vn -0.0719 0.0575 -0.9958
vn -0.5788 0.1624 -0.7991
vn -0.0669 0.1814 -0.9811
vn -0.5717 0.0308 -0.8199
vn -0.0454 -0.0024 -0.9990
vn -0.5350 0.2572 -0.8048
vn -0.5275 0.7069 -0.4712
vn -0.4205 0.8117 -0.4054
vn -0.1864 0.8376 -0.5134
vn -0.3810 0.7264 -0.5720
vn -0.7497 0.4133 -0.5168
vn -0.7461 0.1642 -0.6453
vn -0.0978 -0.6616 -0.7435
vn -0.4033 -0.7159 -0.5699
vn -0.1467 -0.3486 -0.9257
vn -0.1683 -0.3047 -0.9375
vn -0.0978 -0.6615 -0.7435
vn -0.0390 -0.2128 -0.9763
vn 0.0260 -0.3167 -0.9482
vn -0.2429 -0.1633 -0.9562
vn 0.2875 -0.8845 -0.3673
vn 0.3299 -0.4565 -0.8263
vn 0.0703 0.0291 -0.9971
vn 0.0348 -0.1505 -0.9880
vn 0.4248 -0.6769 -0.6011
vn 0.0428 -0.1450 -0.9885
vn 0.0679 -0.5387 -0.8397
vn 0.4247 -0.6770 -0.6011
vn 0.4585 -0.2870 -0.8411
vn 0.4584 -0.2870 -0.8411
vn 0.3207 -0.1240 -0.9390
vn 0.5394 -0.1235 -0.8330
vn 0.5342 -0.1639 -0.8293
vn 0.7920 -0.2349 -0.5635
vn 0.4075 -0.2073 -0.8893
vn 0.3798 -0.0573 -0.9233
vn 0.2757 -0.4539 -0.8473
vn -0.3715 0.9281 0.0268
vn -0.3738 0.9271 0.0291
vn 0.2212 0.9752 -0.0113
vn -0.6449 0.7631 0.0408
vn -0.6430 0.7647 0.0424
vn -0.3540 -0.6622 0.6604
vn -0.3544 0.3919 0.8490
vn -0.9705 -0.2334 0.0599
vn 0.0081 -0.8562 0.5166
vn -0.0355 0.2556 0.9661
vn -0.0874 0.1861 0.9786
vn 0.2238 -0.4696 0.8541
vn 0.5874 -0.7891 0.1795
vn 0.3529 -0.4931 0.7952
vn 0.5111 -0.6949 0.5058
vn 0.8390 -0.2769 0.4684
vn -0.3986 -0.7243 -0.5626
vn -0.9818 0.1838 0.0473
vn -0.9889 0.1361 0.0592
vn -0.6029 0.7917 0.0993
vn -0.4026 0.9122 0.0755
vn -0.1258 0.9918 0.0234
vn -0.5591 0.8283 0.0360
vn -0.6756 0.4285 0.6000
vn -0.0454 -0.0025 -0.9990
vn -0.5350 0.2572 -0.8047
vn -0.7497 0.4132 -0.5169
vn -0.7425 0.1437 -0.6542
vn -0.1038 -0.6706 -0.7345
vn -0.3985 -0.7243 -0.5626
vn -0.1427 -0.3743 -0.9163
vn -0.1666 -0.3267 -0.9303
vn -0.0323 -0.2336 -0.9718
vn 0.0151 -0.3224 -0.9465
vn -0.2636 -0.1755 -0.9485
vn 0.2836 -0.8861 -0.3667
vn 0.3300 -0.4565 -0.8263
vn 0.0703 0.0290 -0.9971
vn 0.4248 -0.6770 -0.6011
vn 0.0428 -0.1449 -0.9885
vn 0.0678 -0.5374 -0.8406
vn 0.4585 -0.2871 -0.8411
vn 0.3208 -0.1241 -0.9390
vn 0.5394 -0.1236 -0.8329
vn 0.5343 -0.1639 -0.8293
vn 0.4076 -0.2074 -0.8893
vn 0.3798 -0.0572 -0.9233
vn 0.2753 -0.4527 -0.8481
vn -0.3713 0.9281 0.0268
vn -0.3740 0.9270 0.0292
vn 0.2214 0.9751 -0.0113
vn -0.6451 0.7630 0.0410
vn -0.6432 0.7645 0.0426
vn -0.3489 -0.6928 0.6311
vn -0.3444 0.3485 0.8717
vn -0.9703 -0.2348 0.0588
vn 0.0100 -0.8800 0.4748
vn -0.0255 0.2069 0.9780
vn -0.0778 0.1363 0.9876
vn 0.2293 -0.5114 0.8282
vn 0.3319 -0.8784 0.3437
vn 0.5869 -0.7981 0.1362
vn -0.1512 0.2220 0.9632
vn 0.3575 -0.5328 0.7670
vn 0.5340 -0.3370 0.7754
vn 0.5130 -0.7200 0.4674
vn 0.8582 -0.4507 0.2457
vn -0.0206 -0.1573 0.9873
vn 0.8419 -0.3022 0.4470
vn 0.4377 -0.1560 0.8855
vn -0.4131 -0.0400 0.9098
vn 0.3698 -0.1525 0.9165
vn 0.8763 -0.0937 0.4726
vn 0.8750 0.1258 0.4674
vn 0.4014 -0.0506 0.9145
vn -0.4192 0.0457 0.9067
vn 0.9085 0.1879 -0.3731
vn 0.7977 -0.1396 -0.5866
vn 0.3980 0.0740 -0.9144
vn -0.4066 -0.6942 -0.5939
vn 0.7853 -0.2060 -0.5838
vn 0.7188 -0.5536 -0.4205
vn -0.9809 0.1827 0.0663
vn -0.9880 0.1345 0.0759
vn -0.8901 0.4450 0.0986
vn -0.5998 0.7871 0.1440
vn -0.3993 0.9084 0.1238
vn -0.1224 0.9898 0.0729
vn -0.5564 0.8269 0.0820
vn -0.6683 0.3975 0.6288
vn -0.0808 0.1091 -0.9907
vn -0.5849 0.2043 -0.7850
vn -0.0752 0.2311 -0.9700
vn -0.5785 0.0745 -0.8123
vn -0.0547 0.0497 -0.9973
vn -0.5403 0.2985 -0.7868
vn -0.5287 0.7296 -0.4338
vn -0.4211 0.8307 -0.3643
vn -0.1881 0.8606 -0.4732
vn -0.3830 0.7531 -0.5349
vn -0.7518 0.4401 -0.4911
vn -0.7470 0.1785 -0.6404
vn -0.1131 -0.6318 -0.7668
vn -0.4066 -0.6942 -0.5940
vn -0.1525 -0.3249 -0.9334
vn -0.1763 -0.2766 -0.9447
vn -0.1131 -0.6318 -0.7669
vn -0.0423 -0.1818 -0.9824
vn 0.0051 -0.2721 -0.9623
vn -0.2724 -0.1248 -0.9541
vn 0.2777 -0.8675 -0.4128
vn 0.3208 -0.4130 -0.8523
vn 0.0604 0.0808 -0.9949
vn 0.0247 -0.0976 -0.9949
vn 0.3208 -0.4130 -0.8524
vn 0.4174 -0.6454 -0.6397
vn 0.0326 -0.0921 -0.9952
vn 0.0579 -0.4923 -0.8685
vn 0.4174 -0.6454 -0.6398
vn 0.4478 -0.2423 -0.8606
vn 0.4478 -0.2423 -0.8607
vn 0.3095 -0.0745 -0.9480
vn 0.5287 -0.0800 -0.8450
vn 0.5236 -0.1203 -0.8434
vn 0.7852 -0.2060 -0.5839
vn 0.3967 -0.1601 -0.9039
vn 0.3688 -0.0092 -0.9295
vn 0.2652 -0.4076 -0.8738
vn -0.3687 0.9266 0.0743
vn -0.3711 0.9254 0.0766
vn 0.2247 0.9739 0.0320
vn -0.6429 0.7614 0.0835
vn -0.6409 0.7629 0.0852
vn -0.5942 -0.4627 0.6579
vn -0.6301 -0.7539 0.1863
vn -0.4381 -0.8809 0.1788
vn -0.9659 -0.2385 0.1011
vn -0.9376 -0.3173 -0.1421
vn -0.9630 -0.2462 -0.1101
vn -0.9876 -0.1366 -0.0770
vn -0.4936 -0.7532 0.4349
vn -0.3114 -0.5720 0.7588
vn 0.5347 -0.8195 0.2063
vn 0.4633 -0.8727 -0.1541
vn 0.3047 -0.8728 -0.3812
vn 0.0456 -0.9597 -0.2773
vn -0.0870 -0.7254 -0.6829
vn 0.3794 -0.5268 -0.7606
vn -0.0815 -0.9922 -0.0940
vn 0.2927 -0.8625 -0.4129
vn 0.3496 -0.9367 -0.0181
vn -0.5822 0.7708 -0.2588
vn -0.5752 0.5140 -0.6364
vn -0.9020 0.2252 -0.3683
vn -0.9283 -0.0755 -0.3641
vn -0.9654 -0.2310 0.1208
vn -0.9556 -0.2514 0.1535
vn -0.8792 -0.4724 0.0625
vn -0.7683 -0.6242 0.1419
vn -0.7081 -0.6954 0.1225
vn -0.8488 -0.5282 0.0219
vn -0.5260 -0.1404 0.8388
vn 0.9753 0.2160 0.0464
vn 0.9901 0.1328 -0.0448
vn 0.9629 0.2668 0.0399
vn 0.9716 -0.2365 -0.0100
vn 0.8594 -0.5101 0.0351
vn 0.8336 -0.5418 0.1073
vn 0.7345 -0.6779 0.0309
vn 0.8750 -0.4799 0.0634
vn 0.6908 -0.7149 -0.1081
vn 0.9146 0.0063 0.4042
vn 0.6715 -0.1873 0.7170
vn 0.8788 -0.4770 0.0156
vn 0.9087 -0.4174 -0.0105
vn 0.7171 -0.6763 -0.1687
vn 0.8852 -0.3122 -0.3450
vn 0.6551 -0.7138 -0.2476
vn 0.9551 0.0297 -0.2948
vn 0.9384 0.0914 -0.3332
vn 0.8442 0.2058 -0.4949
vn 0.7928 -0.5752 -0.2015
vn 0.5774 -0.7966 -0.1791
vn 0.6125 -0.7789 -0.1347
vn 0.8747 -0.4839 -0.0277
vn 0.6406 -0.7383 -0.2110
vn 0.7225 -0.4251 -0.5453
vn 0.5484 -0.7829 -0.2939
vn 0.5444 -0.6161 -0.5693
vn 0.2951 -0.9279 -0.2280
vn -0.3020 -0.7336 -0.6088
vn 0.5441 -0.3755 -0.7503
vn -0.4091 -0.6028 -0.6850
vn 0.8697 -0.0409 -0.4918
vn 0.6703 -0.7140 -0.2023
vn 0.5267 0.1031 -0.8437
vn 0.4394 0.2092 -0.8736
vn 0.6716 0.7395 0.0464
vn 0.6073 0.6241 -0.4915
vn 0.9669 0.0382 0.2524
vn 0.9787 -0.1493 -0.1412
vn 0.9799 -0.1980 -0.0224
vn 0.9624 0.0130 0.2711
vn 0.9392 -0.2699 0.2122
vn -0.8522 -0.1617 -0.4976
vn -0.9039 0.4036 -0.1417
vn -0.7396 0.6026 -0.2998
vn -0.8736 -0.1715 -0.4554
vn -0.9672 0.0734 -0.2431
vn -0.9946 0.1033 -0.0096
vn -0.9804 0.1825 0.0737
vn -0.8986 -0.1317 -0.4184
vn -0.9868 0.1617 -0.0111
vn -0.6292 0.0867 -0.7724
vn -0.6441 -0.5279 0.5536
vn 0.0687 0.0255 0.9973
vn 0.0449 0.0039 0.9990
vn 0.3444 0.0984 0.9337
vn 0.0888 0.0321 0.9955
vn 0.4473 0.1785 0.8764
vn 0.4821 0.1187 0.8680
vn 0.7139 0.2767 0.6433
vn 0.8250 0.1923 0.5314
vn 0.7339 0.0869 0.6737
vn 0.9939 -0.0455 0.1002
vn 0.5141 0.4478 0.7316
vn 0.2692 0.4237 0.8649
vn -0.5897 0.5233 0.6151
vn -0.6283 0.4101 0.6611
vn 0.5185 0.6831 0.5143
vn -0.0425 0.9967 0.0698
vn 0.3104 0.8341 0.4561
vn 0.7143 0.3202 0.6223
vn 0.5787 0.5903 0.5627
vn 0.8527 0.2719 0.4460
vn 0.1309 -0.6614 -0.7385
vn -0.3158 -0.6367 -0.7034
vn -0.3704 -0.8065 -0.4608
vn 0.0477 -0.8758 -0.4803
vn 0.3727 -0.7544 -0.5403
vn 0.5413 -0.7926 -0.2806
vn 0.7535 -0.5611 -0.3426
vn -0.7170 -0.5700 -0.4013
vn -0.8617 -0.4518 -0.2309
vn -0.6732 -0.4684 -0.5722
vn -0.9164 -0.1689 -0.3628
vn -0.9704 0.2312 0.0705
vn -0.9875 0.1479 -0.0544
vn -0.8216 -0.2771 -0.4982
vn -0.8144 -0.3048 -0.4939
vn -0.7034 0.7022 -0.1107
vn -0.9426 0.2142 -0.2561
vn 0.1041 0.1152 -0.9879
vn -0.0241 0.1376 -0.9902
vn 0.0715 0.1740 -0.9821
vn -0.3396 0.7663 0.5454
vn -0.4814 0.7907 0.3782
vn -0.6278 -0.0109 -0.7783
vn -0.9522 -0.1854 -0.2428
vn -0.7511 -0.1123 -0.6506
vn -0.8562 -0.4078 -0.3172
vn -0.7495 -0.1211 -0.6508
vn -0.7882 -0.0809 -0.6101
vn -0.8562 -0.4078 -0.3173
vn -0.8380 -0.5342 -0.1117
vn -0.7618 -0.2728 -0.5875
vn -0.8644 -0.0236 -0.5022
vn -0.8095 -0.5856 -0.0423
vn -0.6086 -0.7674 0.2018
vn -0.2902 -0.9182 0.2695
vn -0.6521 -0.7504 0.1082
vn -0.3087 -0.9280 -0.2086
vn -0.4124 -0.9069 0.0865
vn -0.6462 -0.7501 0.1403
vn -0.4733 -0.8786 -0.0637
vn -0.3629 -0.8937 0.2638
vn -0.4307 -0.9011 -0.0491
vn -0.6141 -0.7839 0.0915
vn -0.4689 -0.8702 0.1516
vn -0.0553 -0.9810 -0.1858
vn -0.0796 -0.1564 -0.9845
vn -0.0835 -0.2382 -0.9676
vn -0.0836 -0.2382 -0.9676
vn -0.8538 -0.1486 -0.4989
vn -0.0696 -0.1336 -0.9886
vn 0.5136 -0.0193 0.8578
vn 0.6871 0.2684 0.6751
vn 0.8618 -0.0284 0.5064
vn 0.5136 -0.0194 0.8578
vn 0.8411 -0.5242 0.1331
vn 0.7190 -0.6026 -0.3462
vn 0.8088 -0.4505 -0.3780
vn 0.9274 -0.3740 0.0050
vn 0.8719 -0.2614 -0.4141
vn 0.8794 -0.1475 -0.4527
vn 0.9689 -0.2473 -0.0129
vn 0.8477 -0.1727 -0.5015
vn 0.9165 -0.1620 -0.3657
vn 0.9519 -0.0999 0.2897
vn 0.9566 -0.2156 -0.1961
vn 0.9413 -0.1081 0.3198
vn 0.9554 -0.2883 -0.0644
vn 0.8672 -0.1755 0.4660
vn 0.9558 -0.1979 0.2176
vn 0.9441 -0.3292 -0.0157
vn 0.9558 -0.1978 0.2175
vn 0.9828 -0.1806 -0.0391
vn 0.9820 -0.1844 -0.0406
vn 0.9558 -0.1979 0.2175
vn -0.8968 0.0624 0.4380
vn -0.9992 0.0353 0.0161
vn -0.9967 0.0752 0.0305
vn -0.8968 0.0624 0.4381
vn -0.9252 0.0433 0.3771
vn -0.6283 -0.2225 -0.7455
vn -0.9050 0.1643 0.3925
vn -0.6752 -0.0562 -0.7355
vn -0.0930 -0.3220 -0.9422
vn -0.5349 -0.4948 0.6849
vn -0.9193 -0.3204 0.2285
vn -0.3739 -0.7975 0.4735
vn -0.3918 -0.3018 0.8691
vn -0.3123 -0.2937 0.9034
vn -0.9924 0.0305 0.1194
vn -0.4257 0.0219 0.9046
vn -0.9373 0.1773 0.2999
vn -0.2442 0.2340 0.9411
vn 0.3673 -0.0798 0.9267
vn 0.5078 0.1033 0.8553
vn 0.3851 -0.0010 0.9229
vn -0.3531 0.0600 0.9337
vn -0.3283 0.0885 0.9404
vn -0.6809 0.1084 0.7243
vn -0.6591 0.7124 0.2410
vn -0.6383 0.2204 0.7376
vn -0.3284 0.0885 0.9404
vn 0.0744 0.1370 0.9878
vn 0.5135 -0.0193 0.8579
vn 0.0626 0.1498 0.9867
vn -0.6158 0.0029 -0.7879
vn -0.0667 -0.1672 -0.9837
vn -0.0826 -0.2155 -0.9730
vn -0.0770 -0.1205 -0.9897
vn -0.0545 -0.0879 -0.9946
vn -0.5549 0.1407 -0.8199
vn -0.0190 0.0684 -0.9975
vn -0.0260 0.0611 -0.9978
vn -0.4645 -0.1854 -0.8659
vn -0.4645 -0.1855 -0.8659
vn -0.0634 -0.4118 -0.9090
vn -0.0585 -0.4065 -0.9118
vn -0.5864 -0.4735 -0.6572
vn -0.0752 -0.0830 -0.9937
vn -0.0265 0.0083 -0.9996
vn -0.4493 0.1569 -0.8795
vn -0.4492 0.1569 -0.8795
vn 0.0020 0.2463 -0.9692
vn 0.7455 -0.0323 0.6658
vn 0.7460 -0.2666 0.6102
vn 0.5249 -0.3730 0.7651
vn 0.4083 -0.4133 0.8139
vn 0.2795 -0.6361 0.7192
vn 0.7528 -0.5879 0.2960
vn -0.0733 -0.8616 0.5023
vn -0.0666 -0.6157 -0.7852
vn -0.0878 -0.6326 -0.7695
vn -0.5738 -0.5932 -0.5646
vn -0.2542 -0.9618 0.1017
vn -0.2897 -0.9554 0.0579
vn -0.3545 -0.9167 -0.1844
vn -0.3046 -0.9441 -0.1257
vn -0.4124 -0.9069 0.0864
vn 0.2120 -0.9593 -0.1868
vn -0.3087 -0.9280 -0.2087
vn 0.2498 -0.9569 -0.1483
vn -0.1668 -0.5988 -0.7834
vn -0.3086 -0.9280 -0.2086
vn -0.2902 -0.9182 0.2696
vn 0.2112 -0.8659 0.4534
vn 0.3641 -0.7383 0.5678
vn -0.2903 -0.9182 0.2695
vn 0.0931 -0.9932 -0.0695
vn 0.1051 -0.9849 -0.1379
vn -0.3429 -0.6052 -0.7184
vn -0.4733 -0.8786 -0.0638
vn 0.1074 -0.6921 0.7138
vn 0.3136 -0.9383 -0.1456
vn 0.3699 -0.9270 0.0627
vn -0.0552 -0.9810 -0.1859
vn 0.2856 -0.6926 -0.6624
vn -0.3380 -0.9403 -0.0403
vn -0.4688 -0.8702 0.1516
vn -0.3550 -0.9313 -0.0817
vn -0.0639 -0.5485 0.8337
vn 0.0275 -0.9967 -0.0758
vn 0.0828 -0.9964 0.0175
vn -0.4307 -0.9012 -0.0491
vn -0.2005 -0.7225 -0.6616
vn -0.0062 -0.6132 0.7899
vn -0.3630 -0.8937 0.2638
vn -0.1027 0.9593 0.2630
vn -0.3395 0.9275 0.1567
vn -0.0244 0.2761 -0.9608
vn 0.1040 0.8402 -0.5322
vn -0.0544 0.2855 -0.9568
vn -0.3547 0.3930 0.8484
vn -0.0355 0.2557 0.9661
vn 0.3529 -0.4932 0.7951
vn 0.8571 -0.4357 0.2750
vn -0.6029 0.7916 0.0991
vn -0.4027 0.9122 0.0755
vn -0.1259 0.9918 0.0234
vn -0.5590 0.8284 0.0360
vn -0.6756 0.4296 0.5991
vn -0.5789 0.1624 -0.7991
vn -0.0670 0.1812 -0.9812
vn -0.1040 -0.6717 -0.7335
vn -0.3985 -0.7244 -0.5626
vn -0.1429 -0.3761 -0.9155
vn -0.1669 -0.3285 -0.9296
vn -0.1040 -0.6716 -0.7336
vn -0.0324 -0.2352 -0.9714
vn 0.0152 -0.3241 -0.9459
vn -0.2642 -0.1770 -0.9481
vn 0.0348 -0.1504 -0.9880
vn 0.0679 -0.5388 -0.8397
vn 0.3207 -0.1239 -0.9390
vn 0.5393 -0.1234 -0.8330
vn 0.5342 -0.1638 -0.8293
vn 0.3799 -0.0573 -0.9233
vn 0.2757 -0.4540 -0.8473
vn -0.3739 0.9270 0.0291
vn -0.6449 0.7632 0.0408
vn -0.6429 0.7648 0.0424
vn 0.0268 -0.4277 -0.9035
vn 0.0303 -0.4741 -0.8799
vn -0.1655 -0.9359 0.3110
vn -0.1772 -0.8902 0.4197
vn -0.1774 -0.8910 0.4180
vn -0.0995 -0.6398 0.7621
vn -0.0823 -0.5818 0.8092
vn -0.0877 -0.4292 0.8989
vn -0.0808 -0.4413 0.8937
vn -0.2473 0.9596 0.1346
vn -0.2521 0.9579 0.1371
vn -0.2803 0.9498 0.1389
vn -0.1536 0.9770 0.1479
vn -0.3381 0.3238 -0.8837
vn -0.2939 0.2309 -0.9275
vn -0.3998 0.1758 -0.8996
vn -0.5776 0.1974 -0.7921
vn -0.4717 0.2205 0.8537
vn -0.4951 0.0876 0.8644
vn -0.1689 0.3074 0.9365
vn -0.1695 0.3772 0.9105
vn -0.0386 0.5660 -0.8235
vn -0.4796 0.5337 -0.6965
vn -0.2217 0.6486 0.7281
vn -0.2062 0.5482 0.8106
vn -0.1142 0.5807 0.8061
vn -0.2274 0.4074 -0.8845
vn -0.2407 0.4828 -0.8420
vn -0.7600 0.6049 -0.2376
vn -0.2962 0.9475 -0.1205
vn -0.1916 0.7708 -0.6076
vn -0.6537 0.6410 0.4023
vn -0.3306 0.8252 0.4581
vn -0.5531 0.4159 0.7218
vn -0.8537 0.3799 0.3563
vn -0.9944 -0.1061 0.0007
vn -0.9952 -0.0967 -0.0179
vn -0.7862 0.2508 -0.5648
vn -0.9293 0.3656 -0.0523
vn -0.8684 0.4145 0.2721
vn -0.7597 0.4004 0.5124
vn -0.5412 0.5767 0.6120
vn -0.7525 0.2732 0.5992
vn -0.7673 0.0234 0.6408
vn -0.7596 -0.1011 0.6424
vn 0.0572 -0.5635 0.8242
vn 0.3237 -0.6299 0.7060
vn 0.2755 -0.4807 0.8325
vn 0.2677 -0.4756 0.8380
vn -0.1596 0.0828 0.9837
vn 0.2761 -0.8960 0.3478
vn 0.2731 -0.5742 -0.7718
vn 0.0563 -0.9241 0.3779
vn -0.6973 -0.3736 0.6117
vn 0.1068 -0.7440 0.6596
vn 0.3647 -0.7728 0.5193
vn 0.0945 -0.5891 -0.8025
vn 0.2610 -0.6056 -0.7518
vn 0.2831 -0.6580 -0.6978
vn 0.4246 -0.8682 0.2569
vn 0.4455 -0.8929 0.0647
vn 0.4392 -0.8455 -0.3038
vn 0.4492 -0.8558 -0.2566
vn 0.2999 -0.6929 -0.6558
vn 0.3742 -0.7361 -0.5641
vn -0.0782 -0.9251 -0.3716
vn -0.0111 -0.9150 -0.4033
vn -0.0153 -0.8880 -0.4595
vn -0.5802 -0.6953 -0.4242
vn -0.5197 -0.7761 -0.3573
vn 0.6006 -0.6374 -0.4827
vn -0.1942 -0.9375 0.2887
vn 0.1875 -0.8062 -0.5611
vn 0.4442 -0.7949 -0.4133
vn 0.2149 -0.7655 -0.6064
vn 0.9975 -0.0032 -0.0701
vn 0.9839 0.1658 0.0665
vn 0.9598 0.2377 0.1494
vn 0.9610 0.2272 0.1575
vn 0.9975 -0.0031 -0.0702
vn 0.9290 -0.2760 -0.2463
vn 0.9975 -0.0032 -0.0702
vn 0.9975 -0.0032 -0.0703
vn 0.9237 -0.2008 -0.3261
vn 0.1851 -0.8902 0.4163
vn 0.1675 -0.8817 0.4410
vn 0.9925 0.1160 -0.0379
vn 0.9927 0.1135 -0.0402
vn 0.0599 -0.9184 -0.3911
vn 0.4155 -0.8405 -0.3476
vn -0.0110 -0.9150 -0.4033
vn 0.0604 -0.9248 -0.3756
vn 0.9745 0.0154 -0.2239
vn 0.9907 0.0073 -0.1357
vn 0.9839 0.1657 0.0665
vn 0.9924 0.1081 0.0588
vn 0.9942 0.1033 0.0292
vn 0.9878 0.1546 0.0204
vn 0.9897 0.1127 0.0883
vn 0.9924 0.1081 0.0587
vn 0.9947 0.0681 0.0774
vn 0.9950 0.0366 0.0929
vn 0.9947 -0.0296 0.0985
vn 0.9955 -0.0289 0.0906
vn 0.9972 0.0547 0.0510
vn 0.9983 0.0385 0.0445
vn -0.7676 -0.5476 -0.3331
vn -0.7575 -0.5675 -0.3226
vn -0.7576 -0.6170 -0.2130
vn -0.8427 -0.4806 -0.2428
vn -0.8141 -0.5808 -0.0039
vn -0.9098 -0.4147 -0.0143
vn -0.8603 -0.4601 0.2198
vn -0.9074 -0.3907 0.1551
vn -0.8863 -0.4461 0.1245
vn -0.8262 -0.5363 0.1725
vn -0.8270 -0.5406 0.1544
vn -0.8456 -0.5062 0.1696
vn -0.7603 -0.6447 0.0793
vn 0.3340 -0.7762 -0.5348
vn 0.8452 -0.4820 0.2310
vn 0.4443 -0.7948 -0.4134
vn 0.7176 -0.6462 -0.2596
vn 0.4156 -0.8405 -0.3476
vn 0.7127 -0.6470 -0.2708
vn 0.2847 -0.5404 0.7918
vn -0.1765 0.1886 0.9661
vn 0.2596 -0.4543 0.8522
vn 0.2677 -0.4755 0.8380
vn -0.1270 0.8985 -0.4203
vn -0.1568 0.8583 -0.4886
vn -0.2785 0.9271 0.2508
vn -0.2241 0.9574 0.1823
vn -0.2962 0.9475 -0.1204
vn -0.0481 0.7062 -0.7063
vn 0.6684 0.4052 -0.6238
vn -0.0386 0.5659 -0.8236
vn -0.3613 0.7274 0.5834
vn -0.3730 0.6724 0.6394
vn -0.2498 0.5826 0.7734
vn -0.2483 0.6122 0.7507
vn -0.3000 0.6190 0.7258
vn -0.2857 0.7853 0.5492
vn -0.2217 0.6487 0.7281
vn -0.2486 0.7738 0.5827
vn -0.9931 -0.1154 0.0193
vn 0.9465 0.2668 0.1814
vn 0.2044 0.7791 0.5926
vn 0.2043 0.7791 0.5927
vn 0.9469 0.2753 0.1658
vn -0.2314 0.3917 0.8905
vn 0.2044 0.7791 0.5927
vn -0.8537 0.3799 0.3562
vn -0.2163 0.3843 0.8975
vn -0.3060 0.9397 0.1529
vn -0.3004 0.9425 0.1465
vn -0.2485 0.7738 0.5827
vn -0.3306 0.8251 0.4581
vn -0.3294 0.7323 0.5961
vn 0.3381 0.3238 -0.8837
vn 0.5776 0.1974 -0.7921
vn 0.3998 0.1758 -0.8996
vn 0.2939 0.2309 -0.9275
vn 0.4717 0.2205 0.8537
vn 0.1695 0.3772 0.9105
vn 0.1689 0.3074 0.9365
vn 0.4951 0.0877 0.8644
vn 0.0386 0.5660 -0.8235
vn 0.4796 0.5338 -0.6965
vn 0.2217 0.6486 0.7281
vn 0.1142 0.5807 0.8061
vn 0.2062 0.5482 0.8106
vn 0.2274 0.4074 -0.8845
vn 0.2406 0.4828 -0.8420
vn 0.1916 0.7708 -0.6076
vn 0.2962 0.9475 -0.1205
vn 0.7600 0.6049 -0.2376
vn 0.3306 0.8252 0.4581
vn 0.6536 0.6410 0.4023
vn 0.5531 0.4159 0.7218
vn 0.8537 0.3799 0.3563
vn 0.9951 -0.0967 -0.0179
vn 0.9944 -0.1061 0.0007
vn 0.7862 0.2508 -0.5648
vn 0.9293 0.3656 -0.0524
vn 0.8684 0.4145 0.2721
vn 0.5412 0.5767 0.6120
vn 0.7597 0.4004 0.5124
vn 0.7525 0.2732 0.5992
vn 0.7673 0.0234 0.6409
vn 0.7597 -0.1010 0.6424
vn -0.0572 -0.5634 0.8242
vn -0.2677 -0.4756 0.8380
vn -0.2755 -0.4807 0.8325
vn -0.3237 -0.6299 0.7060
vn 0.1596 0.0828 0.9837
vn -0.0562 -0.9241 0.3779
vn -0.2731 -0.5742 -0.7718
vn -0.2761 -0.8960 0.3478
vn -0.1069 -0.7440 0.6596
vn 0.6973 -0.3736 0.6117
vn -0.3647 -0.7728 0.5193
vn -0.0945 -0.5891 -0.8025
vn -0.2831 -0.6580 -0.6978
vn -0.2610 -0.6056 -0.7518
vn -0.4455 -0.8929 0.0647
vn -0.4246 -0.8682 0.2569
vn -0.4392 -0.8455 -0.3038
vn -0.4492 -0.8558 -0.2566
vn -0.2999 -0.6929 -0.6558
vn -0.3742 -0.7361 -0.5640
vn 0.0153 -0.8880 -0.4595
vn 0.0110 -0.9150 -0.4032
vn 0.0111 -0.9150 -0.4032
vn 0.0782 -0.9251 -0.3715
vn 0.5197 -0.7761 -0.3572
vn 0.5802 -0.6953 -0.4242
vn 0.1942 -0.9375 0.2887
vn -0.6006 -0.6374 -0.4828
vn -0.2149 -0.7655 -0.6065
vn -0.4442 -0.7949 -0.4133
vn -0.1875 -0.8062 -0.5611
vn -0.9975 -0.0031 -0.0702
vn -0.9610 0.2272 0.1575
vn -0.9598 0.2376 0.1494
vn -0.9839 0.1657 0.0666
vn -0.9237 -0.2008 -0.3261
vn -0.9975 -0.0032 -0.0702
vn -0.9290 -0.2761 -0.2463
vn -0.1676 -0.8817 0.4410
vn -0.1851 -0.8902 0.4163
vn -0.9927 0.1135 -0.0402
vn -0.9925 0.1160 -0.0380
vn -0.0604 -0.9248 -0.3755
vn -0.4155 -0.8406 -0.3476
vn -0.4155 -0.8405 -0.3476
vn -0.0599 -0.9184 -0.3911
vn -0.9907 0.0073 -0.1357
vn -0.9745 0.0154 -0.2239
vn -0.9839 0.1657 0.0665
vn -0.9878 0.1545 0.0204
vn -0.9942 0.1033 0.0292
vn -0.9924 0.1081 0.0587
vn -0.9950 0.0366 0.0929
vn -0.9947 0.0681 0.0774
vn -0.9897 0.1127 0.0883
vn -0.9955 -0.0289 0.0907
vn -0.9947 -0.0296 0.0986
vn -0.9983 0.0385 0.0445
vn -0.9972 0.0547 0.0510
vn 0.7575 -0.5675 -0.3226
vn 0.7676 -0.5476 -0.3331
vn 0.8427 -0.4806 -0.2429
vn 0.7576 -0.6170 -0.2130
vn 0.9098 -0.4147 -0.0143
vn 0.8141 -0.5807 -0.0039
vn 0.8603 -0.4600 0.2198
vn 0.8349 -0.5085 0.2109
vn 0.8862 -0.4462 0.1245
vn 0.9074 -0.3907 0.1551
vn 0.8270 -0.5406 0.1543
vn 0.8262 -0.5363 0.1725
vn 0.7603 -0.6447 0.0793
vn 0.8456 -0.5062 0.1696
vn -0.4442 -0.7948 -0.4134
vn -0.8452 -0.4820 0.2309
vn -0.3340 -0.7762 -0.5347
vn -0.7127 -0.6471 -0.2708
vn -0.4156 -0.8405 -0.3476
vn -0.4156 -0.8405 -0.3475
vn -0.7176 -0.6463 -0.2596
vn -0.2847 -0.5404 0.7918
vn 0.1765 0.1886 0.9661
vn -0.2596 -0.4543 0.8522
vn 0.1568 0.8583 -0.4887
vn 0.1270 0.8985 -0.4203
vn 0.2962 0.9475 -0.1204
vn 0.2242 0.9574 0.1823
vn 0.2785 0.9271 0.2508
vn 0.0386 0.5659 -0.8236
vn -0.6684 0.4052 -0.6238
vn 0.0481 0.7062 -0.7063
vn 0.3613 0.7274 0.5834
vn 0.3730 0.6724 0.6393
vn 0.2498 0.5826 0.7734
vn 0.2483 0.6122 0.7507
vn 0.3000 0.6190 0.7258
vn 0.2485 0.7738 0.5827
vn 0.2857 0.7853 0.5492
vn 0.2217 0.6487 0.7281
vn 0.9931 -0.1154 0.0193
vn -0.9465 0.2668 0.1815
vn -0.2043 0.7791 0.5926
vn -0.2043 0.7791 0.5927
vn -0.9469 0.2754 0.1659
vn 0.2163 0.3843 0.8975
vn 0.8537 0.3799 0.3562
vn -0.2044 0.7791 0.5927
vn 0.2314 0.3917 0.8905
vn 0.3003 0.9425 0.1465
vn 0.3059 0.9397 0.1528
vn 0.3306 0.8251 0.4581
vn 0.3294 0.7323 0.5961
vn -0.5786 -0.1371 0.8040
vn 0.2908 0.0504 0.9555
vn -0.2906 -0.0495 -0.9556
vn 0.5780 0.1374 -0.8044
vn -0.9280 -0.2064 0.3102
vn -0.9771 -0.2129 -0.0020
vn 0.9557 0.2113 -0.2052
vn -0.2908 0.0504 0.9555
vn 0.5786 -0.1371 0.8040
vn -0.5781 0.1374 -0.8043
vn 0.2906 -0.0495 -0.9556
vn 0.9771 -0.2129 -0.0021
vn 0.9280 -0.2064 0.3102
vn 0.9771 -0.2127 -0.0020
vn -0.9278 0.2065 -0.3106
vt 0.059905 -0.070987
vt 0.059905 -0.016799
vt 0.012416 -0.016799
vt 0.012416 -0.070987
vt 0.059905 -0.563518
vt 0.012416 -0.563516
vt 0.012416 -0.602104
vt 0.059905 -0.602109
vt 0.012416 -0.715798
vt 0.059905 -0.715801
vt 0.059904 -0.680785
vt 0.015868 -0.680781
vt 0.135618 -0.349969
vt 0.137808 -0.287160
vt 0.073315 -0.287160
vt 0.073315 -0.352039
vt 0.059905 -0.136856
vt 0.012416 -0.136856
vt 0.012416 -0.204693
vt 0.059905 -0.204688
vt 0.073315 -0.475804
vt 0.167440 -0.475804
vt 0.073315 -0.414157
vt 0.012416 -0.263211
vt 0.059905 -0.263191
vt 0.073315 -0.524611
vt 0.102305 -0.509579
vt 0.138470 -0.429143
vt 0.167440 -0.440598
vt 0.167440 -0.352039
vt 0.167440 -0.287160
vt 0.012416 -0.344453
vt 0.059905 -0.344774
vt 0.059905 -0.470993
vt 0.012416 -0.470993
vt 0.059905 -0.383814
vt 0.012416 -0.383787
vt 0.271645 -0.174754
vt 0.196602 -0.174754
vt 0.213528 -0.205146
vt 0.263239 -0.205146
vt 0.057842 -0.787678
vt 0.057842 -0.735351
vt 0.012156 -0.735351
vt 0.012156 -0.787678
vt 0.012157 -0.912048
vt 0.012157 -0.936260
vt 0.057842 -0.936260
vt 0.057842 -0.912048
vt 0.057842 -0.884299
vt 0.012157 -0.884299
vt 0.057842 -0.828029
vt 0.012156 -0.828029
vt 0.012156 -0.859791
vt 0.057842 -0.859791
vt 0.057842 -0.968146
vt 0.012157 -0.968146
vt 0.012157 -0.990336
vt 0.057842 -0.990336
vt 0.313801 -0.174754
vt 0.330288 -0.205146
vt 0.251276 -0.149922
vt 0.217445 -0.149922
vt 0.274387 -0.396934
vt 0.274387 -0.353815
vt 0.253869 -0.353815
vt 0.253869 -0.396934
vt 0.246861 -0.353815
vt 0.230519 -0.353815
vt 0.230519 -0.396934
vt 0.246861 -0.396934
vt 0.283006 -0.353815
vt 0.276856 -0.353815
vt 0.276856 -0.396934
vt 0.283006 -0.396934
vt 0.251492 -0.422503
vt 0.251492 -0.419886
vt 0.243487 -0.419886
vt 0.243487 -0.422503
vt 0.286164 -0.396934
vt 0.286164 -0.353815
vt 0.251492 -0.404906
vt 0.295691 -0.353815
vt 0.295691 -0.396934
vt 0.230519 -0.404906
vt 0.230519 -0.419886
vt 0.600687 -0.560123
vt 0.600687 -0.595641
vt 0.615878 -0.595641
vt 0.615878 -0.560123
vt 0.620561 -0.560123
vt 0.620561 -0.595641
vt 0.635752 -0.595641
vt 0.635752 -0.560123
vt 0.640434 -0.560123
vt 0.640434 -0.595641
vt 0.655625 -0.595641
vt 0.655625 -0.560123
vt 0.660308 -0.560123
vt 0.660308 -0.595641
vt 0.675499 -0.595641
vt 0.675499 -0.560123
vt 0.596004 -0.560123
vt 0.596004 -0.595641
vt 0.419772 -0.296186
vt 0.390025 -0.325878
vt 0.435012 -0.326392
vt 0.428383 -0.308276
vt 0.401571 -0.283544
vt 0.387503 -0.279726
vt 0.463475 -0.552533
vt 0.463475 -0.522378
vt 0.430083 -0.522378
vt 0.430083 -0.552533
vt 0.392864 -0.552533
vt 0.392864 -0.528869
vt 0.320944 -0.528869
vt 0.320944 -0.552533
vt 0.500898 -0.552533
vt 0.500898 -0.522378
vt 0.521963 -0.552533
vt 0.521963 -0.522378
vt 0.400247 -0.522378
vt 0.310282 -0.318667
vt 0.330993 -0.340027
vt 0.310282 -0.340027
vt 0.360328 -0.340027
vt 0.388347 -0.340027
vt 0.388347 -0.346869
vt 0.360328 -0.346869
vt 0.725658 -0.653947
vt 0.725658 -0.615152
vt 0.692928 -0.615152
vt 0.692928 -0.653947
vt 0.412230 -0.346869
vt 0.412230 -0.340027
vt 0.684024 -0.615152
vt 0.684024 -0.653947
vt 0.684024 -0.579732
vt 0.692928 -0.579732
vt 0.692928 -0.551218
vt 0.684024 -0.551218
vt 0.555290 -0.337005
vt 0.469654 -0.337005
vt 0.512955 -0.294519
vt 0.555290 -0.327031
vt 0.469654 -0.313879
vt 0.537777 -0.347705
vt 0.352592 -0.656466
vt 0.352592 -0.580257
vt 0.379054 -0.580257
vt 0.379054 -0.679864
vt 0.352592 -0.566963
vt 0.379054 -0.566963
vt 0.555290 -0.347705
vt 0.302901 -0.500733
vt 0.293249 -0.500733
vt 0.293249 -0.524862
vt 0.302901 -0.524862
vt 0.241169 -0.500733
vt 0.241169 -0.524862
vt 0.319977 -0.830904
vt 0.319977 -0.768254
vt 0.379054 -0.768254
vt 0.379054 -0.830904
vt 0.537869 -0.367181
vt 0.469654 -0.367181
vt 0.453885 -0.337005
vt 0.447229 -0.323597
vt 0.684024 -0.530983
vt 0.692928 -0.530983
vt 0.656566 -0.530983
vt 0.656566 -0.551218
vt 0.447410 -0.337005
vt 0.330993 -0.346869
vt 0.370339 -0.294944
vt 0.370339 -0.318667
vt 0.310282 -0.294944
vt 0.330993 -0.239838
vt 0.330993 -0.213822
vt 0.336606 -0.213822
vt 0.370339 -0.213822
vt 0.370339 -0.239838
vt 0.294018 -0.340027
vt 0.294018 -0.273063
vt 0.310282 -0.273063
vt 0.310282 -0.346869
vt 0.274795 -0.273063
vt 0.274795 -0.340027
vt 0.254598 -0.340027
vt 0.254598 -0.273063
vt 0.235528 -0.311984
vt 0.235528 -0.288108
vt 0.370339 -0.273063
vt 0.330993 -0.257437
vt 0.725658 -0.579732
vt 0.725658 -0.551218
vt 0.379054 -0.854845
vt 0.319977 -0.854845
vt 0.319977 -0.679864
vt 0.319977 -0.656466
vt 0.227952 -0.500733
vt 0.227952 -0.524862
vt 0.293249 -0.554022
vt 0.302901 -0.554022
vt 0.241169 -0.554022
vt 0.725658 -0.530983
vt 0.379054 -0.867042
vt 0.319977 -0.867042
vt 0.684024 -0.657243
vt 0.692928 -0.657243
vt 0.725658 -0.657243
vt 0.684024 -0.663869
vt 0.692928 -0.663869
vt 0.725658 -0.663869
vt 0.692928 -0.675176
vt 0.725658 -0.675176
vt 0.692928 -0.682411
vt 0.725658 -0.682411
vt 0.310282 -0.257437
vt 0.330993 -0.334174
vt 0.370339 -0.334174
vt 0.320944 -0.518029
vt 0.392864 -0.518029
vt 0.242604 -0.938239
vt 0.255082 -0.938239
vt 0.255082 -0.800742
vt 0.242604 -0.800742
vt 0.230362 -0.938239
vt 0.230362 -0.800742
vt 0.292633 -0.938239
vt 0.305365 -0.938239
vt 0.305365 -0.800742
vt 0.292633 -0.800742
vt 0.280118 -0.800742
vt 0.280118 -0.938239
vt 0.267827 -0.800742
vt 0.267827 -0.938239
vt 0.682370 -0.478966
vt 0.708048 -0.479135
vt 0.695062 -0.457286
vt 0.682272 -0.464456
vt 0.695258 -0.486304
vt 0.707950 -0.464625
vt 0.421752 -0.630081
vt 0.427181 -0.630081
vt 0.427181 -0.564529
vt 0.421752 -0.564529
vt 0.433206 -0.630081
vt 0.433206 -0.564529
vt 0.394428 -0.564529
vt 0.394428 -0.630081
vt 0.401743 -0.630081
vt 0.401743 -0.564529
vt 0.408925 -0.630081
vt 0.408925 -0.564529
vt 0.415390 -0.630081
vt 0.415390 -0.564529
vt 0.421752 -0.674869
vt 0.427181 -0.674869
vt 0.433206 -0.674869
vt 0.394428 -0.674869
vt 0.401743 -0.674869
vt 0.408925 -0.674869
vt 0.415390 -0.674869
vt 0.421752 -0.724861
vt 0.427181 -0.724861
vt 0.433206 -0.724861
vt 0.394428 -0.724861
vt 0.401743 -0.724861
vt 0.408925 -0.724861
vt 0.415390 -0.724861
vt 0.421752 -0.775836
vt 0.427181 -0.775836
vt 0.433206 -0.775836
vt 0.394428 -0.775836
vt 0.401743 -0.775836
vt 0.408925 -0.775836
vt 0.415390 -0.775836
vt 0.421752 -0.829343
vt 0.427181 -0.829343
vt 0.433206 -0.829343
vt 0.394428 -0.829343
vt 0.401743 -0.829343
vt 0.408925 -0.829343
vt 0.415390 -0.829343
vt 0.426760 -0.768208
vt 0.419973 -0.768208
vt 0.419973 -0.829529
vt 0.414007 -0.768208
vt 0.414007 -0.829529
vt 0.407148 -0.768208
vt 0.407148 -0.829529
vt 0.400426 -0.768208
vt 0.400426 -0.829529
vt 0.394488 -0.768208
vt 0.433215 -0.768208
vt 0.426760 -0.718996
vt 0.419973 -0.718996
vt 0.414007 -0.718996
vt 0.407148 -0.718996
vt 0.400426 -0.718996
vt 0.394488 -0.718996
vt 0.433215 -0.718996
vt 0.426760 -0.670286
vt 0.419973 -0.670286
vt 0.414007 -0.670286
vt 0.407148 -0.670286
vt 0.400426 -0.670286
vt 0.394488 -0.670286
vt 0.433215 -0.670286
vt 0.426760 -0.626712
vt 0.419973 -0.626712
vt 0.414007 -0.626712
vt 0.407148 -0.626712
vt 0.400426 -0.626712
vt 0.394488 -0.626712
vt 0.433215 -0.626712
vt 0.419973 -0.564308
vt 0.414007 -0.564308
vt 0.407148 -0.564308
vt 0.400426 -0.564308
vt 0.402050 -0.670780
vt 0.409385 -0.670780
vt 0.420865 -0.781708
vt 0.427437 -0.781708
vt 0.433031 -0.781708
vt 0.394465 -0.781708
vt 0.402050 -0.781708
vt 0.409385 -0.781708
vt 0.414591 -0.781708
vt 0.440521 -0.661133
vt 0.488318 -0.661133
vt 0.488318 -0.683470
vt 0.440521 -0.683470
vt 0.488318 -0.772815
vt 0.488318 -0.795152
vt 0.440521 -0.795152
vt 0.440521 -0.772815
vt 0.488318 -0.750479
vt 0.440521 -0.750479
vt 0.488318 -0.728143
vt 0.440521 -0.728143
vt 0.440521 -0.705806
vt 0.488318 -0.705806
vt 0.885923 -0.310718
vt 0.872509 -0.310718
vt 0.872509 -0.386495
vt 0.885923 -0.386495
vt 0.990340 -0.310718
vt 0.990340 -0.296538
vt 0.896468 -0.296538
vt 0.896468 -0.310718
vt 0.990340 -0.386495
vt 0.896468 -0.386495
vt 0.896468 -0.288593
vt 0.885923 -0.288593
vt 0.885923 -0.296538
vt 0.853313 -0.386495
vt 0.863857 -0.386495
vt 0.863857 -0.310718
vt 0.853312 -0.310718
vt 0.885923 -0.400892
vt 0.896468 -0.400892
vt 0.990340 -0.400892
vt 0.885923 -0.408840
vt 0.896468 -0.408840
vt 0.844651 -0.310718
vt 0.844652 -0.386495
vt 0.750770 -0.386495
vt 0.750766 -0.310718
vt 0.357848 -0.122688
vt 0.425731 -0.122688
vt 0.425731 -0.106785
vt 0.357848 -0.106785
vt 0.442942 -0.106785
vt 0.442942 -0.020109
vt 0.425731 -0.020109
vt 0.357848 -0.020109
vt 0.340939 -0.106785
vt 0.340939 -0.020109
vt 0.656384 -0.785441
vt 0.640413 -0.785441
vt 0.640413 -0.848163
vt 0.656384 -0.848163
vt 0.640413 -0.870275
vt 0.656384 -0.870275
vt 0.640413 -0.904843
vt 0.656384 -0.904843
vt 0.640413 -0.926989
vt 0.656384 -0.926989
vt 0.640413 -0.989630
vt 0.656384 -0.989630
vt 0.729928 -0.391368
vt 0.723954 -0.318653
vt 0.686064 -0.374358
vt 0.697733 -0.391363
vt 0.741542 -0.374358
vt 0.703401 -0.318653
vt 0.343635 -0.190284
vt 0.383563 -0.190284
vt 0.383563 -0.176987
vt 0.343635 -0.176987
vt 0.600997 -0.190284
vt 0.600997 -0.141001
vt 0.596219 -0.141001
vt 0.596219 -0.190284
vt 0.453830 -0.126838
vt 0.480841 -0.126838
vt 0.480841 -0.118648
vt 0.453830 -0.118648
vt 0.961577 -0.175392
vt 0.984751 -0.158955
vt 0.944572 -0.158955
vt 0.944572 -0.175392
vt 0.984751 -0.161682
vt 0.510648 -0.141001
vt 0.467128 -0.141001
vt 0.467128 -0.190284
vt 0.510648 -0.190284
vt 0.931207 -0.235221
vt 0.987283 -0.235221
vt 0.900009 -0.280058
vt 0.900009 -0.262651
vt 0.987283 -0.280058
vt 0.650136 -0.190284
vt 0.650136 -0.141001
vt 0.609021 -0.141001
vt 0.609021 -0.190284
vt 0.588181 -0.141001
vt 0.550184 -0.141001
vt 0.550184 -0.190284
vt 0.588181 -0.190284
vt 0.902997 -0.253976
vt 0.902997 -0.245947
vt 0.898049 -0.245947
vt 0.898049 -0.253976
vt 0.948463 -0.185799
vt 0.948463 -0.194288
vt 0.943514 -0.194288
vt 0.943514 -0.185799
vt 0.690182 -0.152527
vt 0.690182 -0.190284
vt 0.690182 -0.176987
vt 0.690182 -0.141001
vt 0.731471 -0.152527
vt 0.731471 -0.141001
vt 0.706442 -0.141001
vt 0.706442 -0.152527
vt 0.383563 -0.141001
vt 0.383563 -0.152527
vt 0.914244 -0.204873
vt 0.858135 -0.158955
vt 0.858135 -0.204873
vt 0.883202 -0.262651
vt 0.859663 -0.280058
vt 0.859663 -0.275638
vt 0.343635 -0.141001
vt 0.343635 -0.152527
vt 0.669167 -0.126838
vt 0.696488 -0.126838
vt 0.696488 -0.118648
vt 0.669167 -0.118648
vt 0.706442 -0.190284
vt 0.706442 -0.176987
vt 0.598075 -0.126838
vt 0.628288 -0.096109
vt 0.598075 -0.096109
vt 0.552279 -0.126838
vt 0.552279 -0.096109
vt 0.521590 -0.096109
vt 0.731471 -0.190284
vt 0.731471 -0.176987
vt 0.987283 -0.194288
vt 0.858135 -0.245947
vt 0.763894 -0.680303
vt 0.763894 -0.641432
vt 0.753577 -0.641432
vt 0.753577 -0.680303
vt 0.744716 -0.641432
vt 0.744716 -0.680303
vt 0.734886 -0.641432
vt 0.734886 -0.680303
vt 0.772598 -0.680303
vt 0.772598 -0.641432
vt 0.734886 -0.788786
vt 0.734886 -0.827552
vt 0.744716 -0.827552
vt 0.744716 -0.788786
vt 0.753577 -0.827552
vt 0.753577 -0.788786
vt 0.763894 -0.827552
vt 0.763894 -0.788786
vt 0.772598 -0.827552
vt 0.772598 -0.788786
vt 0.753577 -0.705971
vt 0.763894 -0.705971
vt 0.744716 -0.705971
vt 0.734886 -0.701752
vt 0.772598 -0.701752
vt 0.744716 -0.763073
vt 0.734886 -0.767247
vt 0.753577 -0.763073
vt 0.763894 -0.763073
vt 0.772598 -0.767247
vt 0.734886 -0.710316
vt 0.734886 -0.758461
vt 0.772598 -0.758461
vt 0.772598 -0.710316
vt 0.782997 -0.197010
vt 0.782997 -0.149547
vt 0.768106 -0.149547
vt 0.768106 -0.197010
vt 0.758119 -0.197010
vt 0.758119 -0.149547
vt 0.742780 -0.149547
vt 0.742780 -0.192762
vt 0.791159 -0.192762
vt 0.791159 -0.149547
vt 0.742780 -0.249248
vt 0.742780 -0.292408
vt 0.758119 -0.292408
vt 0.758119 -0.245041
vt 0.768106 -0.292408
vt 0.768106 -0.245041
vt 0.782997 -0.292408
vt 0.782997 -0.245041
vt 0.791159 -0.249248
vt 0.791159 -0.292408
vt 0.742780 -0.202044
vt 0.742780 -0.240344
vt 0.791159 -0.240344
vt 0.791159 -0.202044
vt 0.753577 -0.631881
vt 0.744716 -0.631881
vt 0.744716 -0.837632
vt 0.753577 -0.837632
vt 0.768106 -0.141315
vt 0.782997 -0.141315
vt 0.758119 -0.298432
vt 0.742780 -0.298432
vt 0.822703 -0.655801
vt 0.835961 -0.655801
vt 0.835961 -0.660606
vt 0.822703 -0.660606
vt 0.846337 -0.707315
vt 0.835961 -0.707315
vt 0.846337 -0.660606
vt 0.866967 -0.146912
vt 0.866967 -0.140345
vt 0.874430 -0.146912
vt 0.783392 -0.707315
vt 0.822703 -0.712263
vt 0.783392 -0.712263
vt 0.783392 -0.660606
vt 0.783392 -0.655801
vt 0.626367 -0.058760
vt 0.626367 -0.051542
vt 0.609378 -0.051542
vt 0.609378 -0.058760
vt 0.609378 -0.073149
vt 0.666835 -0.073150
vt 0.609378 -0.078775
vt 0.666835 -0.078775
vt 0.554753 -0.051542
vt 0.554753 -0.058760
vt 0.554753 -0.073149
vt 0.554753 -0.078775
vt 0.609378 -0.038057
vt 0.554753 -0.038057
vt 0.540758 -0.051542
vt 0.540758 -0.058760
vt 0.540758 -0.073149
vt 0.540758 -0.078775
vt 0.540758 -0.038057
vt 0.500621 -0.051542
vt 0.500621 -0.058760
vt 0.500621 -0.073149
vt 0.500621 -0.078775
vt 0.500621 -0.038057
vt 0.866967 -0.108273
vt 0.874430 -0.108273
vt 0.874430 -0.117650
vt 0.866967 -0.117650
vt 0.860465 -0.140345
vt 0.860465 -0.117650
vt 0.471620 -0.073149
vt 0.471620 -0.078775
vt 0.471620 -0.038057
vt 0.896232 -0.117650
vt 0.896232 -0.108273
vt 0.874430 -0.079764
vt 0.896232 -0.079764
vt 0.896232 -0.140345
vt 0.896232 -0.146912
vt 0.822703 -0.633942
vt 0.783392 -0.633942
vt 0.666409 -0.038057
vt 0.835961 -0.712263
vt 0.831560 -0.559307
vt 0.818357 -0.559307
vt 0.818357 -0.626317
vt 0.831560 -0.626317
vt 0.687138 -0.919389
vt 0.763358 -0.919389
vt 0.763358 -0.986400
vt 0.687138 -0.986400
vt 0.855686 -0.559307
vt 0.855686 -0.626317
vt 0.831560 -0.644411
vt 0.855686 -0.644411
vt 0.945582 -0.559307
vt 0.916383 -0.626317
vt 0.945582 -0.626317
vt 0.916383 -0.703770
vt 0.855686 -0.703770
vt 0.910953 -0.423133
vt 0.855686 -0.423133
vt 0.945582 -0.483629
vt 0.945582 -0.423133
vt 0.855686 -0.483629
vt 0.855686 -0.536650
vt 0.831560 -0.536650
vt 0.790107 -0.423133
vt 0.790107 -0.483629
vt 0.811826 -0.483629
vt 0.811826 -0.423133
vt 0.986896 -0.559307
vt 0.986896 -0.626317
vt 0.945582 -0.703770
vt 0.986896 -0.703770
vt 0.986896 -0.483629
vt 0.986896 -0.423133
vt 0.887557 -0.718253
vt 0.887557 -0.769357
vt 0.933347 -0.769357
vt 0.933347 -0.718253
vt 0.990055 -0.718253
vt 0.990055 -0.769357
vt 0.830509 -0.718253
vt 0.782127 -0.718253
vt 0.782127 -0.769357
vt 0.830509 -0.769357
vt 0.419107 -0.462940
vt 0.419107 -0.378686
vt 0.399868 -0.378686
vt 0.399868 -0.462940
vt 0.380013 -0.462940
vt 0.380013 -0.378686
vt 0.518827 -0.462940
vt 0.539297 -0.462940
vt 0.539297 -0.378686
vt 0.518827 -0.378686
vt 0.498870 -0.378686
vt 0.498870 -0.462940
vt 0.479444 -0.378686
vt 0.479444 -0.462940
vt 0.459574 -0.378686
vt 0.459574 -0.462940
vt 0.439083 -0.378686
vt 0.439083 -0.462940
vt 0.781440 -0.547402
vt 0.798038 -0.590247
vt 0.810082 -0.559914
vt 0.798278 -0.547377
vt 0.769560 -0.577729
vt 0.769544 -0.559972
vt 0.781362 -0.590271
vt 0.809934 -0.577671
vt 0.904714 -0.069516
vt 0.904714 -0.089908
vt 0.961708 -0.089908
vt 0.961708 -0.069516
vt 0.904714 -0.010835
vt 0.876077 -0.010835
vt 0.876077 -0.069516
vt 0.904714 -0.148957
vt 0.961708 -0.148957
vt 0.989710 -0.069516
vt 0.989710 -0.010835
vt 0.961708 -0.010835
vt 0.779469 -0.082986
vt 0.815438 -0.082986
vt 0.815438 -0.019373
vt 0.779469 -0.019373
vt 0.859982 -0.082986
vt 0.859982 -0.019373
vt 0.734657 -0.082986
vt 0.734657 -0.019373
vt 0.696652 -0.019373
vt 0.696652 -0.082986
vt 0.674788 -0.811638
vt 0.662754 -0.811638
vt 0.662754 -0.818542
vt 0.674788 -0.818542
vt 0.674788 -0.880948
vt 0.674788 -0.872084
vt 0.662754 -0.872084
vt 0.662754 -0.880948
vt 0.800174 -0.131815
vt 0.845011 -0.131815
vt 0.845011 -0.122256
vt 0.800174 -0.122256
vt 0.662754 -0.940922
vt 0.662754 -0.960693
vt 0.674788 -0.960693
vt 0.674788 -0.940922
vt 0.968634 -0.123227
vt 0.968634 -0.147505
vt 0.976573 -0.147505
vt 0.976573 -0.123227
vt 0.662754 -0.838290
vt 0.674788 -0.838290
vt 0.734414 -0.101425
vt 0.734414 -0.122256
vt 0.734414 -0.092739
vt 0.734414 -0.131815
vt 0.800174 -0.101425
vt 0.800174 -0.092739
vt 0.674788 -0.911544
vt 0.662754 -0.911544
vt 0.986060 -0.090064
vt 0.976573 -0.090064
vt 0.995319 -0.090064
vt 0.968634 -0.090064
vt 0.986060 -0.123227
vt 0.995319 -0.123227
vt 0.662754 -0.867446
vt 0.674788 -0.867446
vt 0.662754 -0.968029
vt 0.674788 -0.968029
vt 0.845011 -0.101425
vt 0.845011 -0.092739
vt 0.986060 -0.147505
vt 0.995319 -0.147505
vt 0.674788 -0.791791
vt 0.662754 -0.791791
vt 0.662754 -0.987984
vt 0.674788 -0.987984
vt 0.674788 -0.783357
vt 0.662754 -0.783357
vt 0.714609 -0.092739
vt 0.714609 -0.101425
vt 0.674788 -0.906902
vt 0.662754 -0.906902
vt 0.995319 -0.079227
vt 0.986060 -0.079227
vt 0.674788 -0.894556
vt 0.662754 -0.894556
vt 0.714609 -0.122256
vt 0.714609 -0.131815
vt 0.976573 -0.079227
vt 0.968634 -0.079227
vt 0.662754 -0.885515
vt 0.674788 -0.885515
vt 0.674788 -0.890005
vt 0.662754 -0.890005
vt 0.583845 -0.015265
vt 0.583845 -0.029990
vt 0.591832 -0.029990
vt 0.591832 -0.015265
vt 0.722902 -0.743992
vt 0.689246 -0.743992
vt 0.689246 -0.778541
vt 0.722902 -0.778541
vt 0.689246 -0.835384
vt 0.695391 -0.835384
vt 0.695391 -0.820678
vt 0.689246 -0.820678
vt 0.542184 -0.029990
vt 0.542184 -0.015265
vt 0.533458 -0.015265
vt 0.533458 -0.029990
vt 0.849137 -0.290892
vt 0.834668 -0.290868
vt 0.834668 -0.276113
vt 0.849137 -0.276113
vt 0.600654 -0.015265
vt 0.600654 -0.029990
vt 0.717122 -0.820678
vt 0.722902 -0.820678
vt 0.491153 -0.015265
vt 0.491153 -0.029990
vt 0.800681 -0.203303
vt 0.849137 -0.203332
vt 0.800681 -0.276113
vt 0.815006 -0.276113
vt 0.642379 -0.029990
vt 0.642379 -0.015265
vt 0.550292 -0.029990
vt 0.550292 -0.015265
vt 0.717122 -0.835384
vt 0.722902 -0.835384
vt 0.815006 -0.290812
vt 0.800681 -0.290784
vt 0.575132 -0.029990
vt 0.575132 -0.015265
vt 0.558855 -0.015265
vt 0.558855 -0.029990
vt 0.800681 -0.153049
vt 0.849137 -0.153049
vt 0.463010 -0.015265
vt 0.670105 -0.015266
vt 0.689082 -0.845287
vt 0.689082 -0.907989
vt 0.759489 -0.907989
vt 0.759489 -0.845287
vt 0.890335 -0.954017
vt 0.853660 -0.954017
vt 0.853660 -0.988297
vt 0.890335 -0.988297
vt 0.943033 -0.954017
vt 0.943033 -0.988297
vt 0.991940 -0.988297
vt 0.991940 -0.954017
vt 0.779969 -0.988297
vt 0.779969 -0.954017
vt 0.853660 -0.849104
vt 0.890335 -0.850805
vt 0.890335 -0.783524
vt 0.853660 -0.783524
vt 0.919926 -0.834331
vt 0.943033 -0.834331
vt 0.943033 -0.783524
vt 0.991940 -0.834331
vt 0.991940 -0.783524
vt 0.819789 -0.832332
vt 0.853660 -0.885816
vt 0.890335 -0.888416
vt 0.919926 -0.871764
vt 0.943033 -0.871764
vt 0.991940 -0.871764
vt 0.853660 -0.914594
vt 0.890335 -0.914594
vt 0.943033 -0.914594
vt 0.991940 -0.914594
vt 0.779969 -0.914594
vt 0.819789 -0.868921
vt 0.779969 -0.868921
vt 0.779969 -0.783524
vt 0.779969 -0.832332
vt 0.274193 -0.127395
vt 0.282752 -0.127395
vt 0.282752 -0.084127
vt 0.274193 -0.076876
vt 0.148635 -0.654366
vt 0.172060 -0.644292
vt 0.205080 -0.721722
vt 0.192840 -0.734403
vt 0.148635 -0.644292
vt 0.282752 -0.137756
vt 0.274193 -0.137756
vt 0.216672 -0.779566
vt 0.155032 -0.822742
vt 0.155032 -0.793467
vt 0.311810 -0.137756
vt 0.311810 -0.147268
vt 0.323655 -0.161692
vt 0.311810 -0.084127
vt 0.233534 -0.954730
vt 0.233534 -0.966016
vt 0.248355 -0.966016
vt 0.248355 -0.948407
vt 0.234762 -0.636397
vt 0.309385 -0.614354
vt 0.234762 -0.614354
vt 0.265586 -0.486093
vt 0.265586 -0.433109
vt 0.231196 -0.433109
vt 0.231196 -0.486093
vt 0.193603 -0.547174
vt 0.211727 -0.566208
vt 0.219798 -0.561135
vt 0.205887 -0.522358
vt 0.174248 -0.529920
vt 0.730125 -0.481821
vt 0.748744 -0.482345
vt 0.740056 -0.446079
vt 0.713095 -0.454691
vt 0.726951 -0.410481
vt 0.714907 -0.434566
vt 0.766104 -0.414520
vt 0.738364 -0.395122
vt 0.254913 -0.652455
vt 0.309385 -0.652455
vt 0.216672 -0.822546
vt 0.155032 -0.773604
vt 0.102843 -0.169628
vt 0.127463 -0.169628
vt 0.127463 -0.214167
vt 0.102843 -0.214167
vt 0.075629 -0.169628
vt 0.075629 -0.214167
vt 0.254913 -0.677293
vt 0.234762 -0.652455
vt 0.234762 -0.692578
vt 0.102843 -0.116350
vt 0.075629 -0.116350
vt 0.075629 -0.021809
vt 0.102843 -0.021809
vt 0.282752 -0.076876
vt 0.282752 -0.062560
vt 0.311810 -0.076876
vt 0.311810 -0.062560
vt 0.211582 -0.013585
vt 0.216172 -0.033902
vt 0.203497 -0.033902
vt 0.190229 -0.563977
vt 0.216672 -0.877491
vt 0.155032 -0.877491
vt 0.163541 -0.560135
vt 0.365538 -0.358810
vt 0.305330 -0.358810
vt 0.335753 -0.376538
vt 0.778569 -0.481904
vt 0.783190 -0.449970
vt 0.144716 -0.526007
vt 0.099570 -0.568468
vt 0.130702 -0.559493
vt 0.126178 -0.523436
vt 0.309385 -0.689019
vt 0.237069 -0.137756
vt 0.237069 -0.103157
vt 0.801827 -0.505445
vt 0.774877 -0.505808
vt 0.775327 -0.532212
vt 0.801827 -0.532347
vt 0.226826 -0.644292
vt 0.226826 -0.721722
vt 0.248355 -0.992195
vt 0.248355 -0.974813
vt 0.233534 -0.974813
vt 0.233534 -0.992195
vt 0.741586 -0.568794
vt 0.753351 -0.530318
vt 0.741613 -0.529865
vt 0.732583 -0.568062
vt 0.737841 -0.584717
vt 0.735522 -0.590061
vt 0.757983 -0.616862
vt 0.764211 -0.607820
vt 0.177730 -0.098126
vt 0.213621 -0.096150
vt 0.201962 -0.111339
vt 0.189932 -0.111955
vt 0.184013 -0.912102
vt 0.184013 -0.888904
vt 0.169252 -0.888904
vt 0.169252 -0.912102
vt 0.311810 -0.040077
vt 0.321005 -0.040077
vt 0.321005 -0.018438
vt 0.311810 -0.018438
vt 0.179536 -0.633688
vt 0.226826 -0.633688
vt 0.316055 -0.419547
vt 0.366037 -0.419547
vt 0.366037 -0.478548
vt 0.316055 -0.510627
vt 0.763345 -0.506086
vt 0.770201 -0.496830
vt 0.274193 -0.040077
vt 0.282752 -0.040077
vt 0.274193 -0.018438
vt 0.282752 -0.018438
vt 0.237069 -0.040077
vt 0.237069 -0.076876
vt 0.237069 -0.018438
vt 0.274193 -0.161692
vt 0.282752 -0.161692
vt 0.335753 -0.394194
vt 0.305330 -0.376538
vt 0.305330 -0.394194
vt 0.335753 -0.409613
vt 0.305330 -0.409613
vt 0.159832 -0.622953
vt 0.164663 -0.633688
vt 0.148635 -0.633688
vt 0.148635 -0.622341
vt 0.274692 -0.974813
vt 0.293497 -0.433109
vt 0.293497 -0.486093
vt 0.360629 -0.394194
vt 0.369500 -0.376538
vt 0.136317 -0.681791
vt 0.146498 -0.695212
vt 0.136317 -0.759428
vt 0.309385 -0.564755
vt 0.234762 -0.564755
vt 0.234762 -0.583232
vt 0.309385 -0.583232
vt 0.139477 -0.665418
vt 0.174082 -0.624996
vt 0.763758 -0.497233
vt 0.759425 -0.502929
vt 0.134998 -0.644292
vt 0.134998 -0.633688
vt 0.801827 -0.495487
vt 0.764582 -0.531644
vt 0.757705 -0.573880
vt 0.768288 -0.596726
vt 0.779295 -0.625501
vt 0.782732 -0.615671
vt 0.169252 -0.937463
vt 0.169252 -0.979402
vt 0.184013 -0.979402
vt 0.184013 -0.937463
vt 0.216963 -0.991361
vt 0.216963 -0.979402
vt 0.184013 -0.991361
vt 0.216963 -0.937463
vt 0.489304 -0.478548
vt 0.489304 -0.510627
vt 0.456047 -0.510627
vt 0.456047 -0.478548
vt 0.366037 -0.510627
vt 0.532103 -0.478548
vt 0.532103 -0.510627
vt 0.785577 -0.609196
vt 0.216963 -0.912102
vt 0.216963 -0.888904
vt 0.171261 -0.033902
vt 0.177736 -0.064368
vt 0.163937 -0.066145
vt 0.200930 -0.054067
vt 0.210237 -0.064308
vt 0.163937 -0.106745
vt 0.186848 -0.053924
vt 0.323737 -0.975084
vt 0.327659 -0.975084
vt 0.330176 -0.968377
vt 0.323737 -0.968377
vt 0.274692 -0.992195
vt 0.258490 -0.953922
vt 0.127463 -0.116350
vt 0.198204 -0.591428
vt 0.198204 -0.577481
vt 0.190136 -0.586412
vt 0.198204 -0.613792
vt 0.213476 -0.613792
vt 0.213476 -0.591428
vt 0.167353 -0.591428
vt 0.167353 -0.613792
vt 0.127463 -0.021809
vt 0.227820 -0.013585
vt 0.227820 -0.033902
vt 0.227820 -0.064718
vt 0.227820 -0.105922
vt 0.184644 -0.033902
vt 0.176271 -0.013585
vt 0.133732 -0.591428
vt 0.133732 -0.613792
vt 0.083266 -0.540381
vt 0.083266 -0.556515
vt 0.210151 -0.142253
vt 0.099570 -0.591428
vt 0.083266 -0.613792
vt 0.186152 -0.142253
vt 0.127463 -0.274920
vt 0.075629 -0.274920
vt 0.339788 -0.975084
vt 0.339788 -0.992195
vt 0.351464 -0.992195
vt 0.351562 -0.975084
vt 0.313853 -0.950402
vt 0.365601 -0.971631
vt 0.313853 -0.880719
vt 0.313853 -0.913884
vt 0.263559 -0.947907
vt 0.153844 -0.242105
vt 0.153844 -0.274920
vt 0.180923 -0.274920
vt 0.279493 -0.963981
vt 0.300291 -0.992195
vt 0.300291 -0.974813
vt 0.309956 -0.970152
vt 0.309956 -0.992195
vt 0.323738 -0.992195
vt 0.327659 -0.992195
vt 0.392148 -0.880719
vt 0.392148 -0.971631
vt 0.339788 -0.968377
vt 0.392148 -0.989749
vt 0.365601 -0.989748
vt 0.500745 -0.845868
vt 0.500745 -0.805223
vt 0.468495 -0.805223
vt 0.468495 -0.845868
vt 0.468495 -0.883451
vt 0.500745 -0.883451
vt 0.402822 -0.883451
vt 0.461755 -0.883451
vt 0.461755 -0.845868
vt 0.402822 -0.845868
vt 0.585304 -0.883451
vt 0.621730 -0.883451
vt 0.621730 -0.845868
vt 0.585304 -0.845868
vt 0.511970 -0.883451
vt 0.576410 -0.883451
vt 0.576410 -0.845868
vt 0.511970 -0.845868
vt 0.468495 -0.896103
vt 0.500745 -0.896103
vt 0.461427 -0.896103
vt 0.402822 -0.896103
vt 0.585304 -0.896103
vt 0.621730 -0.896103
vt 0.576410 -0.896103
vt 0.511970 -0.896103
vt 0.461755 -0.805223
vt 0.511970 -0.805223
vt 0.631036 -0.845868
vt 0.631036 -0.883451
vt 0.631036 -0.896103
vt 0.468495 -0.977096
vt 0.468495 -0.990105
vt 0.500745 -0.990105
vt 0.500745 -0.977096
vt 0.461427 -0.977096
vt 0.446649 -0.977096
vt 0.461427 -0.990105
vt 0.585304 -0.977096
vt 0.585304 -0.990105
vt 0.621730 -0.990105
vt 0.621730 -0.977096
vt 0.576410 -0.977096
vt 0.561506 -0.977096
vt 0.576410 -0.990105
vt 0.511970 -0.990105
vt 0.511970 -0.977096
vt 0.631036 -0.990105
vt 0.631036 -0.977096
vt 0.468495 -0.930427
vt 0.500745 -0.930427
vt 0.414934 -0.930427
vt 0.414934 -0.977096
vt 0.446649 -0.930427
vt 0.461427 -0.930427
vt 0.585304 -0.930427
vt 0.621730 -0.930427
vt 0.561506 -0.930427
vt 0.528883 -0.930427
vt 0.529953 -0.977096
vt 0.576410 -0.930427
vt 0.511970 -0.930427
vt 0.631036 -0.930427
vt 0.402822 -0.930427
vt 0.402822 -0.977096
vt 0.402822 -0.990105
vt 0.585175 -0.779910
vt 0.579950 -0.779910
vt 0.579950 -0.837952
vt 0.585175 -0.837952
vt 0.493289 -0.594065
vt 0.470334 -0.562426
vt 0.534011 -0.562426
vt 0.534011 -0.594065
vt 0.439344 -0.587708
vt 0.439344 -0.646638
vt 0.487032 -0.646638
vt 0.487032 -0.608085
vt 0.203598 -0.447187
vt 0.220656 -0.447187
vt 0.220656 -0.426836
vt 0.203598 -0.426836
vt 0.203598 -0.334398
vt 0.220656 -0.334398
vt 0.220656 -0.290242
vt 0.203598 -0.290242
vt 0.203598 -0.363207
vt 0.220656 -0.363207
vt 0.203598 -0.484645
vt 0.220656 -0.484645
vt 0.203598 -0.493360
vt 0.203598 -0.511720
vt 0.220656 -0.511720
vt 0.220656 -0.493360
vt 0.688771 -0.727184
vt 0.721932 -0.727184
vt 0.721932 -0.697178
vt 0.688771 -0.697178
vt 0.546900 -0.603985
vt 0.576907 -0.603985
vt 0.576907 -0.557472
vt 0.546900 -0.557472
vt 0.667317 -0.715126
vt 0.639572 -0.715126
vt 0.639572 -0.754740
vt 0.667317 -0.754740
vt 0.540859 -0.715126
vt 0.498010 -0.715126
vt 0.498010 -0.754740
vt 0.540859 -0.754740
vt 0.576907 -0.715126
vt 0.546900 -0.715126
vt 0.546900 -0.754740
vt 0.576907 -0.754740
vt 0.629103 -0.715126
vt 0.585963 -0.715126
vt 0.585963 -0.754740
vt 0.629103 -0.754740
vt 0.667317 -0.630430
vt 0.639572 -0.630430
vt 0.639572 -0.640634
vt 0.667317 -0.640634
vt 0.540859 -0.640634
vt 0.540859 -0.630430
vt 0.498010 -0.630430
vt 0.498010 -0.640634
vt 0.546900 -0.630430
vt 0.546900 -0.640634
vt 0.576907 -0.640634
vt 0.576907 -0.630430
vt 0.629103 -0.630430
vt 0.585963 -0.630430
vt 0.585963 -0.640634
vt 0.629103 -0.640634
vt 0.667317 -0.603985
vt 0.639572 -0.603985
vt 0.540859 -0.603985
vt 0.498010 -0.603985
vt 0.629103 -0.603985
vt 0.585963 -0.603985
vt 0.667317 -0.701971
vt 0.639572 -0.701971
vt 0.540859 -0.701971
vt 0.498010 -0.701971
vt 0.576907 -0.701971
vt 0.546900 -0.701971
vt 0.585963 -0.701971
vt 0.629103 -0.701971
vt 0.721932 -0.691136
vt 0.688771 -0.691136
vt 0.688771 -0.736241
vt 0.721932 -0.736241
vt 0.540859 -0.557472
vt 0.585963 -0.557472
vt 0.678085 -0.715126
vt 0.678085 -0.754740
vt 0.678085 -0.630430
vt 0.678085 -0.640634
vt 0.678085 -0.603985
vt 0.678085 -0.701971
vt 0.639572 -0.770744
vt 0.667317 -0.770744
vt 0.546900 -0.770744
vt 0.576907 -0.770744
vt 0.678085 -0.770744
vt 0.540859 -0.770744
vt 0.585963 -0.770744
vt 0.629103 -0.770744
vt 0.522764 -0.826243
vt 0.522764 -0.835699
vt 0.548486 -0.835699
vt 0.548486 -0.826243
vt 0.522764 -0.808575
vt 0.548486 -0.808575
vt 0.522764 -0.798638
vt 0.548486 -0.798638
vt 0.522764 -0.781601
vt 0.548486 -0.781601
vt 0.572686 -0.835699
vt 0.572686 -0.826243
vt 0.572686 -0.808575
vt 0.572686 -0.798638
vt 0.319399 -0.589251
vt 0.319399 -0.599220
vt 0.333616 -0.599220
vt 0.333616 -0.589251
vt 0.347832 -0.632479
vt 0.333616 -0.632479
vt 0.333616 -0.642374
vt 0.347832 -0.642374
vt 0.319399 -0.580915
vt 0.333616 -0.580915
vt 0.333616 -0.650672
vt 0.347832 -0.650672
vt 0.333616 -0.564290
vt 0.347832 -0.580915
vt 0.347832 -0.564290
vt 0.319399 -0.607556
vt 0.333616 -0.607556
vt 0.333616 -0.624180
vt 0.347832 -0.624180
vt 0.347832 -0.607556
vt 0.572686 -0.781601
vt 0.498010 -0.770744
vt 0.621991 -0.353854
vt 0.621992 -0.349353
vt 0.630692 -0.354266
vt 0.626846 -0.356599
vt 0.620997 -0.342919
vt 0.625863 -0.337194
vt 0.638749 -0.344128
vt 0.636784 -0.351484
vt 0.640862 -0.455202
vt 0.639355 -0.453090
vt 0.645744 -0.458215
vt 0.646729 -0.467175
vt 0.641339 -0.469937
vt 0.647644 -0.472347
vt 0.642492 -0.473784
vt 0.639665 -0.474524
vt 0.640506 -0.479670
vt 0.648815 -0.478917
vt 0.642674 -0.479451
vt 0.644643 -0.493957
vt 0.641537 -0.495815
vt 0.642924 -0.489872
vt 0.648912 -0.491964
vt 0.643912 -0.507691
vt 0.648915 -0.505652
vt 0.655322 -0.504017
vt 0.651211 -0.516990
vt 0.646001 -0.522964
vt 0.652186 -0.523321
vt 0.647309 -0.529123
vt 0.658407 -0.515159
vt 0.641645 -0.530069
vt 0.635247 -0.525860
vt 0.640990 -0.523623
vt 0.637208 -0.455040
vt 0.638176 -0.508481
vt 0.636896 -0.496306
vt 0.662805 -0.502189
vt 0.666194 -0.512864
vt 0.658883 -0.489455
vt 0.655797 -0.477857
vt 0.654294 -0.471448
vt 0.653229 -0.466262
vt 0.650542 -0.456607
vt 0.648797 -0.452105
vt 0.678650 -0.509022
vt 0.680787 -0.512935
vt 0.673092 -0.510550
vt 0.669561 -0.499971
vt 0.674619 -0.497963
vt 0.668717 -0.487385
vt 0.662011 -0.475908
vt 0.660380 -0.469344
vt 0.659382 -0.464053
vt 0.655202 -0.455517
vt 0.633102 -0.457282
vt 0.633470 -0.469600
vt 0.630042 -0.466129
vt 0.628199 -0.473105
vt 0.631815 -0.473800
vt 0.634769 -0.474522
vt 0.633485 -0.480188
vt 0.628034 -0.480709
vt 0.634199 -0.490614
vt 0.629385 -0.494212
vt 0.633218 -0.495484
vt 0.632971 -0.508195
vt 0.634191 -0.519809
vt 0.655595 -0.379376
vt 0.651842 -0.370562
vt 0.639941 -0.376751
vt 0.645137 -0.384912
vt 0.644026 -0.370991
vt 0.651038 -0.389022
vt 0.655992 -0.386212
vt 0.619763 -0.523069
vt 0.621560 -0.528644
vt 0.613958 -0.524359
vt 0.565369 -0.495235
vt 0.569012 -0.480720
vt 0.575929 -0.489486
vt 0.559403 -0.485412
vt 0.607087 -0.502960
vt 0.616745 -0.494987
vt 0.616434 -0.502501
vt 0.610779 -0.494340
vt 0.586875 -0.348305
vt 0.583021 -0.345266
vt 0.584134 -0.344923
vt 0.585740 -0.349146
vt 0.617984 -0.527272
vt 0.622765 -0.532561
vt 0.620033 -0.533210
vt 0.551890 -0.481214
vt 0.550435 -0.490173
vt 0.547765 -0.490701
vt 0.557876 -0.507413
vt 0.568112 -0.509622
vt 0.582429 -0.503838
vt 0.575203 -0.529238
vt 0.589261 -0.524690
vt 0.596405 -0.503615
vt 0.602405 -0.521439
vt 0.618376 -0.515829
vt 0.614851 -0.399835
vt 0.596799 -0.407500
vt 0.611556 -0.392540
vt 0.621526 -0.397079
vt 0.625073 -0.387851
vt 0.625040 -0.395904
vt 0.628281 -0.387200
vt 0.626768 -0.399217
vt 0.627057 -0.385131
vt 0.623970 -0.401512
vt 0.633735 -0.404632
vt 0.633118 -0.401503
vt 0.616470 -0.385195
vt 0.619114 -0.382182
vt 0.613166 -0.381400
vt 0.616900 -0.379481
vt 0.604886 -0.382538
vt 0.597794 -0.374465
vt 0.571928 -0.385347
vt 0.614088 -0.371645
vt 0.617934 -0.371353
vt 0.615534 -0.368419
vt 0.605432 -0.370813
vt 0.607542 -0.367644
vt 0.601645 -0.367618
vt 0.604114 -0.364793
vt 0.600193 -0.357417
vt 0.602650 -0.355984
vt 0.600270 -0.355149
vt 0.588783 -0.359127
vt 0.592801 -0.357805
vt 0.591193 -0.368437
vt 0.589360 -0.355178
vt 0.584195 -0.363932
vt 0.566502 -0.378039
vt 0.567578 -0.423159
vt 0.550797 -0.402310
vt 0.621743 -0.438497
vt 0.620518 -0.432958
vt 0.624529 -0.432921
vt 0.614563 -0.438862
vt 0.614648 -0.432657
vt 0.576152 -0.470079
vt 0.572247 -0.466317
vt 0.577737 -0.466109
vt 0.608634 -0.478982
vt 0.614053 -0.476767
vt 0.613977 -0.482268
vt 0.607996 -0.473682
vt 0.599429 -0.475351
vt 0.600272 -0.471527
vt 0.554176 -0.509531
vt 0.610828 -0.520150
vt 0.632082 -0.411792
vt 0.636812 -0.408404
vt 0.628192 -0.407937
vt 0.625680 -0.416078
vt 0.622083 -0.411806
vt 0.613482 -0.424170
vt 0.601424 -0.418940
vt 0.603805 -0.436157
vt 0.606371 -0.449285
vt 0.614984 -0.449874
vt 0.603564 -0.460915
vt 0.612017 -0.464664
vt 0.574063 -0.437242
vt 0.577860 -0.444676
vt 0.574824 -0.445528
vt 0.587236 -0.436700
vt 0.583746 -0.446542
vt 0.617229 -0.405417
vt 0.607037 -0.492111
vt 0.601608 -0.489562
vt 0.606776 -0.486057
vt 0.606515 -0.493139
vt 0.610251 -0.492473
vt 0.613614 -0.490668
vt 0.594319 -0.485547
vt 0.586004 -0.497294
vt 0.596644 -0.481173
vt 0.589564 -0.471889
vt 0.591000 -0.469606
vt 0.580365 -0.467301
vt 0.586981 -0.475796
vt 0.585346 -0.478512
vt 0.564466 -0.475126
vt 0.559373 -0.475190
vt 0.574708 -0.354898
vt 0.559210 -0.369827
vt 0.579660 -0.350623
vt 0.581527 -0.456006
vt 0.576188 -0.455834
vt 0.560797 -0.528771
vt 0.564383 -0.527358
vt 0.566585 -0.532797
vt 0.563060 -0.535456
vt 0.566652 -0.535623
vt 0.564217 -0.540587
vt 0.569840 -0.535949
vt 0.566276 -0.540720
vt 0.576227 -0.533663
vt 0.574983 -0.536459
vt 0.580335 -0.535962
vt 0.590416 -0.529543
vt 0.589923 -0.533296
vt 0.593868 -0.532373
vt 0.602329 -0.530743
vt 0.604351 -0.526787
vt 0.607172 -0.529293
vt 0.612922 -0.527119
vt 0.677542 -0.401003
vt 0.673709 -0.403304
vt 0.664074 -0.390600
vt 0.667588 -0.387637
vt 0.685495 -0.421747
vt 0.691516 -0.424466
vt 0.688886 -0.427939
vt 0.691789 -0.419664
vt 0.643377 -0.438586
vt 0.643024 -0.440766
vt 0.639584 -0.436870
vt 0.648171 -0.439096
vt 0.646900 -0.443634
vt 0.652871 -0.444383
vt 0.658855 -0.438019
vt 0.659541 -0.443383
vt 0.665096 -0.442951
vt 0.664766 -0.434890
vt 0.672230 -0.440883
vt 0.670371 -0.433105
vt 0.682885 -0.438566
vt 0.680746 -0.429617
vt 0.684741 -0.428905
vt 0.686817 -0.438250
vt 0.691270 -0.437344
vt 0.678331 -0.411335
vt 0.682128 -0.409377
vt 0.674666 -0.413297
vt 0.670283 -0.405500
vt 0.664593 -0.417892
vt 0.660388 -0.410881
vt 0.661217 -0.393442
vt 0.640115 -0.432151
vt 0.637929 -0.432491
vt 0.639593 -0.428623
vt 0.645788 -0.430160
vt 0.644361 -0.426153
vt 0.652948 -0.427706
vt 0.654117 -0.422038
vt 0.659792 -0.425405
vt 0.659585 -0.420434
vt 0.666410 -0.422516
vt 0.661546 -0.430391
vt 0.668673 -0.428663
vt 0.678566 -0.424695
vt 0.676396 -0.418469
vt 0.683444 -0.416200
vt 0.689699 -0.413953
vt 0.686417 -0.410431
vt 0.654457 -0.413469
vt 0.653589 -0.401146
vt 0.649236 -0.406075
vt 0.645217 -0.418559
vt 0.636769 -0.417662
vt 0.640739 -0.413251
vt 0.640913 -0.421913
vt 0.633948 -0.421910
vt 0.638527 -0.425771
vt 0.645702 -0.409055
vt 0.650424 -0.415652
vt 0.658844 -0.435208
vt 0.654696 -0.433029
vt 0.647193 -0.434891
vt 0.641506 -0.435513
vt 0.631952 -0.426011
vt 0.635493 -0.428666
vt 0.595008 -0.539675
vt 0.591236 -0.540737
vt 0.580623 -0.541453
vt 0.578607 -0.541763
vt 0.569674 -0.543022
vt 0.572632 -0.544322
vt 0.589592 -0.546630
vt 0.586393 -0.547284
vt 0.617117 -0.536075
vt 0.608254 -0.538139
vt 0.610168 -0.536601
vt 0.601389 -0.544113
vt 0.603709 -0.543357
vt 0.546350 -0.385910
vt 0.547186 -0.392900
vt 0.675165 -0.354512
vt 0.667183 -0.330488
vt 0.680770 -0.351049
vt 0.663266 -0.332381
vt 0.679490 -0.341328
vt 0.671971 -0.331391
vt 0.676047 -0.334127
vt 0.670205 -0.357774
vt 0.657163 -0.334248
vt 0.649848 -0.345431
vt 0.657075 -0.358172
vt 0.625636 -0.837952
vt 0.625636 -0.779910
vt 0.632968 -0.837952
vt 0.632968 -0.779910
vt 0.567547 -0.303030
vt 0.539819 -0.296261
vt 0.539819 -0.302140
vt 0.567547 -0.311449
vt 0.721479 -0.289772
vt 0.731701 -0.289472
vt 0.731701 -0.242883
vt 0.721479 -0.228910
vt 0.567547 -0.231006
vt 0.593874 -0.309035
vt 0.675081 -0.210053
vt 0.705007 -0.225345
vt 0.705007 -0.209337
vt 0.539819 -0.255127
vt 0.545536 -0.238813
vt 0.615270 -0.312344
vt 0.615270 -0.258991
vt 0.593874 -0.259076
vt 0.647823 -0.309716
vt 0.647649 -0.258542
vt 0.705007 -0.294141
vt 0.541725 -0.206485
vt 0.541725 -0.200305
vt 0.531529 -0.200305
vt 0.593874 -0.318787
vt 0.615270 -0.325931
vt 0.647649 -0.324933
vt 0.675081 -0.314722
vt 0.675081 -0.302417
vt 0.705007 -0.304518
vt 0.721479 -0.298990
vt 0.731701 -0.296772
vt 0.510401 -0.227910
vt 0.493369 -0.283589
vt 0.512043 -0.279017
vt 0.524072 -0.235014
vt 0.389666 -0.231377
vt 0.397365 -0.269183
vt 0.405310 -0.271634
vt 0.398004 -0.221189
vt 0.503236 -0.212896
vt 0.492204 -0.211012
vt 0.480976 -0.288835
vt 0.410420 -0.207519
vt 0.410087 -0.219299
vt 0.436562 -0.208957
vt 0.477871 -0.207903
vt 0.468397 -0.294484
vt 0.456900 -0.207096
vt 0.448386 -0.292909
vt 0.416398 -0.275794
vt 0.431151 -0.284832
vt 0.192821 -0.393069
vt 0.192821 -0.388064
vt 0.177570 -0.388064
vt 0.177570 -0.393069
vt 0.177570 -0.403490
vt 0.192821 -0.403490
vt 0.192821 -0.500088
vt 0.192821 -0.493252
vt 0.177570 -0.493252
vt 0.177570 -0.500088
vt 0.192821 -0.475068
vt 0.177570 -0.475068
vt 0.192821 -0.342490
vt 0.192821 -0.336373
vt 0.177570 -0.336373
vt 0.177570 -0.342490
vt 0.177570 -0.354956
vt 0.192821 -0.354956
vt 0.192821 -0.512743
vt 0.192821 -0.506597
vt 0.177570 -0.506597
vt 0.177570 -0.512743
vt 0.177570 -0.302171
vt 0.192821 -0.302171
vt 0.192821 -0.288575
vt 0.177570 -0.288575
vt 0.192821 -0.371408
vt 0.177570 -0.371408
vt 0.177570 -0.363433
vt 0.192821 -0.363433
vt 0.192821 -0.325447
vt 0.177570 -0.325447
vt 0.192821 -0.313341
vt 0.177570 -0.313341
vt 0.177570 -0.411020
vt 0.192821 -0.411020
vt 0.177570 -0.418587
vt 0.192821 -0.418587
vt 0.192821 -0.442842
vt 0.177570 -0.442842
vt 0.192821 -0.453264
vt 0.177570 -0.453264
vt 0.192821 -0.461634
vt 0.177570 -0.461634
vt 0.177570 -0.467863
vt 0.192821 -0.467863
vt 0.192821 -0.471974
vt 0.177570 -0.471974
vt 0.514416 -0.276680
vt 0.393035 -0.265413
vt 0.528413 -0.248263
vt 0.593874 -0.209117
vt 0.615270 -0.205638
vt 0.647649 -0.206326
vt 0.573820 -0.210322
vt 0.664177 -0.267897
vt 0.675081 -0.268012
vt 0.685096 -0.248586
vt 0.675081 -0.248368
vt 0.686382 -0.267909
vt 0.663814 -0.249190
vt 0.551094 -0.206485
vt 0.531529 -0.225566
vt 0.541725 -0.225566
vt 0.541725 -0.219015
vt 0.551094 -0.219015
vt 0.526393 -0.206485
vt 0.526393 -0.219015
vt 0.347832 -0.589251
vt 0.347832 -0.599220
vt 0.319399 -0.642374
vt 0.319399 -0.632479
vt 0.319399 -0.650672
vt 0.319399 -0.564290
vt 0.319399 -0.624180
s 1
f 1/1/1 2/2/2 3/3/2
f 3/3/2 4/4/3 1/1/1
f 5/5/4 6/6/4 7/7/5
f 7/7/5 8/8/6 5/5/4
f 9/9/7 10/10/7 11/11/8
f 11/11/9 12/12/10 13/9/7
f 14/13/11 15/14/12 16/15/13
f 16/15/13 17/16/14 14/13/11
f 18/17/15 19/18/15 20/19/16
f 21/19/16 22/20/17 18/17/15
f 23/21/18 24/22/18 25/23/18
f 26/19/19 27/24/19 28/25/20
f 28/25/21 22/20/17 29/19/19
f 18/17/15 1/1/1 4/4/3
f 4/4/3 19/18/15 18/17/15
f 30/21/22 31/26/22 32/27/22
f 33/27/23 34/22/23 35/21/23
f 36/28/24 14/13/11 17/16/14
f 17/16/14 37/23/25 36/28/24
f 38/22/26 39/29/26 36/28/24
f 14/13/11 36/28/24 40/29/27
f 41/29/28 42/30/29 14/13/11
f 15/14/12 14/13/11 42/30/29
f 42/30/29 43/31/30 15/14/12
f 44/32/31 45/33/32 28/25/33
f 28/25/33 46/24/34 47/32/34
f 5/5/4 48/34/35 49/35/36
f 50/35/37 6/6/4 5/5/4
f 48/34/35 51/36/38 52/37/39
f 53/37/39 54/35/39 48/34/35
f 45/33/40 55/32/41 56/37/41
f 57/37/42 51/36/43 45/33/40
f 58/38/44 59/39/45 60/40/46
f 60/40/46 61/41/47 58/38/44
f 62/42/48 63/43/49 64/44/50
f 64/44/50 65/45/51 62/42/48
f 66/46/52 67/47/53 68/48/54
f 68/48/54 69/49/55 66/46/52
f 66/46/52 69/49/55 70/50/56
f 70/50/56 71/51/57 66/46/52
f 72/52/58 73/53/59 74/54/59
f 75/54/60 76/55/61 72/52/58
f 76/55/61 77/54/62 71/51/57
f 71/51/57 70/50/56 76/55/61
f 78/56/63 79/57/64 80/58/65
f 81/58/66 82/59/66 78/56/67
f 68/48/68 83/47/69 79/57/64
f 79/57/64 78/56/63 68/48/68
f 72/52/70 62/42/48 84/45/71
f 85/45/72 86/53/72 72/52/58
f 87/60/73 58/38/44 61/41/47
f 61/41/47 88/61/74 89/60/74
f 59/39/45 58/38/44 90/62/75
f 91/62/76 92/63/76 59/39/45
f 93/1/2 94/4/77 95/3/2
f 95/3/2 96/2/2 97/1/2
f 98/5/78 99/8/78 100/7/5
f 100/7/5 101/6/4 102/5/79
f 103/9/7 104/12/10 105/11/7
f 106/11/7 107/10/7 108/9/7
f 109/13/80 110/16/81 111/15/82
f 111/15/82 112/14/83 109/13/80
f 113/17/16 114/20/16 115/19/16
f 116/19/16 117/18/15 118/17/16
f 119/28/84 120/22/85 121/23/85
f 122/25/19 123/24/19 124/19/19
f 125/19/19 126/20/19 127/25/19
f 128/17/86 117/18/15 94/4/77
f 94/4/77 129/1/86 130/17/86
f 131/21/87 132/22/87 133/27/87
f 134/27/88 135/26/88 136/21/88
f 119/28/84 137/23/89 110/16/81
f 110/16/81 109/13/80 119/28/84
f 138/22/90 119/28/84 139/29/90
f 109/13/80 140/30/91 141/29/92
f 142/29/93 119/28/84 109/13/80
f 112/14/83 143/31/94 140/30/91
f 140/30/91 109/13/80 112/14/83
f 144/32/34 145/24/34 146/25/34
f 147/25/95 148/33/95 149/32/95
f 150/35/36 151/34/36 152/5/36
f 153/5/36 101/6/4 154/35/36
f 155/34/39 156/35/39 157/37/39
f 158/37/39 159/36/39 160/34/39
f 161/33/42 162/36/42 163/37/42
f 164/37/96 165/32/96 166/33/96
f 167/38/97 168/41/98 169/40/99
f 169/40/99 170/39/100 167/38/97
f 171/42/101 172/45/102 173/44/103
f 173/44/103 174/43/104 171/42/101
f 175/48/105 176/47/106 177/46/107
f 177/46/107 178/49/108 175/48/105
f 179/50/109 178/49/108 177/46/107
f 177/46/107 180/51/110 179/50/109
f 181/54/111 182/53/111 183/52/112
f 183/52/112 184/55/113 185/54/114
f 180/51/110 186/54/115 184/55/113
f 184/55/113 179/50/109 180/51/110
f 187/56/116 188/59/117 189/58/117
f 190/58/118 191/57/119 187/56/120
f 175/48/121 187/56/120 191/57/119
f 191/57/119 192/47/122 175/48/121
f 183/52/112 193/53/123 194/45/123
f 195/45/124 171/42/101 183/52/112
f 196/60/125 197/61/125 168/41/98
f 168/41/98 167/38/97 198/60/126
f 199/62/127 167/38/97 170/39/100
f 170/39/100 200/63/128 201/62/128
f 202/22/129 36/28/24 203/23/129
f 204/22/130 205/21/130 206/23/130
f 8/8/6 7/7/5 12/12/10
f 12/12/10 11/11/9 8/8/6
f 104/12/10 100/7/5 207/8/131
f 208/8/131 209/11/131 104/12/10
f 210/64/132 211/65/133 212/66/134
f 212/66/134 213/67/135 210/64/132
f 214/68/136 215/69/137 216/70/138
f 216/70/138 217/71/139 214/68/136
f 218/72/140 219/73/141 220/74/142
f 220/74/142 221/75/143 218/72/140
f 220/74/142 219/73/141 211/65/133
f 211/65/133 210/64/132 220/74/142
f 222/76/144 223/77/144 224/78/144
f 224/78/145 225/79/145 226/76/145
f 221/75/143 227/80/146 228/81/147
f 228/81/147 218/72/140 221/75/143
f 224/78/144 229/77/144 230/82/144
f 214/68/136 217/71/139 213/67/135
f 213/67/135 212/66/134 214/68/136
f 231/83/148 228/81/147 232/80/148
f 233/80/148 234/84/148 231/83/148
f 235/85/149 236/86/150 224/78/150
f 224/78/150 237/82/150 235/85/149
f 217/71/139 216/70/138 235/85/151
f 235/85/151 238/82/152 217/71/139
f 239/87/153 240/88/154 241/89/155
f 241/89/155 242/90/156 239/87/153
f 243/91/157 244/92/158 245/93/159
f 245/93/159 246/94/160 243/91/157
f 247/95/161 248/96/162 249/97/163
f 249/97/163 250/98/164 247/95/161
f 251/99/165 252/100/166 253/101/167
f 253/101/167 254/102/167 251/99/165
f 242/90/156 241/89/155 244/92/158
f 244/92/158 243/91/157 242/90/156
f 240/88/154 239/87/153 255/103/168
f 256/103/169 257/104/169 240/88/170
f 246/94/160 245/93/159 248/96/162
f 248/96/162 247/95/161 246/94/160
f 250/98/164 249/97/163 252/100/166
f 252/100/166 251/99/165 250/98/164
f 258/66/171 259/65/172 260/64/173
f 260/64/173 261/67/174 258/66/171
f 262/70/137 263/69/137 264/68/175
f 264/68/175 265/71/176 266/70/137
f 267/74/177 268/73/178 269/72/179
f 269/72/179 270/75/180 267/74/177
f 267/74/177 260/64/173 259/65/172
f 259/65/172 268/73/178 267/74/177
f 271/78/181 272/77/181 273/76/181
f 274/76/182 275/79/182 271/78/182
f 276/81/183 277/80/184 270/75/180
f 270/75/180 269/72/179 276/81/183
f 271/78/144 278/82/144 279/77/144
f 264/68/175 258/66/171 261/67/174
f 261/67/174 265/71/176 264/68/175
f 280/80/148 276/81/185 281/83/148
f 282/83/148 283/84/148 284/80/148
f 285/85/186 286/82/186 271/78/186
f 271/78/187 287/86/187 288/85/187
f 265/71/188 289/82/152 290/85/152
f 291/85/152 292/70/152 265/71/189
f 293/89/190 294/88/191 295/87/192
f 295/87/192 296/90/193 293/89/190
f 297/93/194 298/92/195 299/91/196
f 299/91/196 300/94/197 297/93/194
f 301/97/161 302/96/198 303/95/163
f 303/95/163 304/98/199 301/97/161
f 305/101/200 306/100/201 307/99/202
f 307/99/202 308/102/200 305/101/200
f 298/92/195 293/89/190 296/90/193
f 296/90/193 299/91/196 298/92/195
f 309/103/203 295/87/192 294/88/191
f 294/88/204 310/104/205 311/103/205
f 302/96/198 297/93/194 300/94/197
f 300/94/197 303/95/163 302/96/198
f 306/100/201 301/97/161 304/98/199
f 304/98/199 307/99/202 306/100/201
f 312/105/206 313/106/144 314/107/182
f 314/107/182 315/108/144 312/105/206
f 312/105/206 316/109/206 317/110/207
f 317/110/207 313/106/144 312/105/206
f 318/111/208 319/112/209 320/113/209
f 321/113/209 322/114/210 318/111/208
f 323/115/211 324/116/212 325/117/213
f 325/117/213 326/118/214 323/115/211
f 327/119/215 328/120/216 329/112/216
f 330/112/216 318/111/217 327/119/215
f 331/121/218 332/122/218 333/120/218
f 334/120/219 327/119/220 331/121/219
f 323/115/221 322/114/222 335/123/167
f 336/123/167 324/116/212 323/115/211
f 337/124/223 338/125/224 339/126/225
f 340/127/226 341/128/227 342/129/228
f 342/129/228 343/130/226 340/127/226
f 344/131/229 345/132/230 346/133/231
f 346/133/231 347/134/232 344/131/229
f 348/135/233 342/129/228 341/128/227
f 341/128/227 349/136/233 348/135/233
f 350/137/234 351/138/234 347/134/232
f 347/134/232 346/133/231 352/137/235
f 353/139/236 354/137/236 346/133/231
f 346/133/231 355/140/237 356/139/238
f 357/141/239 358/142/240 359/139/240
f 360/139/241 355/140/237 357/141/239
f 361/143/242 362/144/243 363/145/244
f 363/145/244 364/146/245 361/143/242
f 365/147/246 363/145/244 362/144/243
f 362/144/243 361/143/242 366/148/247
f 367/149/248 368/150/249 369/151/250
f 370/151/251 371/152/251 367/149/248
f 372/153/252 373/154/252 374/151/252
f 375/151/253 368/150/254 372/153/253
f 366/148/247 361/143/242 376/155/255
f 377/156/200 378/157/200 379/158/256
f 379/158/257 380/159/258 381/156/258
f 379/158/256 382/157/259 383/160/259
f 384/160/260 385/161/261 379/158/256
f 386/162/262 387/163/263 388/164/264
f 389/164/264 390/165/265 386/162/266
f 366/148/247 391/166/267 392/167/267
f 392/167/267 362/144/243 366/148/247
f 365/147/246 393/168/268 394/169/269
f 395/170/270 396/142/270 357/141/271
f 357/141/271 397/171/272 398/170/272
f 399/170/273 400/172/273 401/173/273
f 401/173/273 402/142/273 403/170/273
f 404/169/274 393/168/275 405/174/274
f 340/127/226 343/130/226 406/175/276
f 406/175/276 338/125/224 340/127/226
f 407/176/277 408/177/278 337/124/223
f 337/124/223 409/178/279 407/176/277
f 410/179/280 411/180/281 412/181/281
f 413/181/281 414/182/281 410/179/280
f 410/179/282 415/182/281 416/183/283
f 409/178/279 417/184/284 418/185/285
f 418/185/285 419/186/286 409/178/279
f 337/124/223 339/126/225 417/184/284
f 417/184/284 409/178/279 337/124/223
f 339/126/225 338/125/224 406/175/276
f 406/175/276 420/187/276 339/126/225
f 421/188/287 418/185/285 417/184/284
f 417/184/284 422/189/288 421/188/287
f 421/188/289 423/189/167 424/190/167
f 425/190/167 426/191/167 421/188/289
f 427/191/167 428/190/167 429/192/167
f 430/192/167 431/193/167 432/191/167
f 409/178/279 419/186/286 433/194/290
f 433/194/290 407/176/277 409/178/279
f 434/195/291 410/179/282 416/183/283
f 416/183/292 433/194/293 435/195/294
f 355/140/237 346/133/231 345/132/230
f 345/132/230 436/196/295 355/140/237
f 357/141/239 355/140/237 436/196/295
f 436/196/295 437/197/296 357/141/239
f 390/165/265 438/198/297 439/199/298
f 439/199/298 386/162/266 390/165/265
f 440/152/299 441/164/299 387/163/300
f 387/163/301 442/200/302 443/152/299
f 367/149/248 444/152/303 442/200/302
f 442/200/302 445/201/303 367/149/248
f 385/161/304 446/160/305 447/202/305
f 448/202/305 449/203/305 385/161/304
f 450/159/306 379/158/256 451/204/307
f 451/204/307 452/205/308 453/159/308
f 451/204/307 379/158/256 385/161/261
f 385/161/261 454/206/309 451/204/307
f 455/171/310 357/141/239 437/197/296
f 437/197/296 456/207/311 457/171/311
f 458/198/312 459/208/312 460/209/312
f 461/209/312 439/199/298 462/198/312
f 347/134/232 463/138/313 464/210/314
f 464/210/314 465/211/315 347/134/232
f 465/211/315 466/212/267 344/131/229
f 344/131/229 347/134/232 465/211/315
f 465/211/315 464/210/314 467/213/316
f 467/213/316 468/214/317 465/211/315
f 468/214/317 469/215/318 466/212/267
f 466/212/267 465/211/315 468/214/317
f 468/214/317 470/216/319 471/217/320
f 471/217/320 469/215/318 468/214/317
f 472/216/321 473/218/321 474/219/322
f 474/219/322 471/217/323 475/216/324
f 476/195/291 433/194/290 419/186/286
f 419/186/325 477/220/326 478/195/326
f 479/221/327 337/124/223 408/177/278
f 408/177/328 480/222/329 481/221/329
f 337/124/223 482/221/330 338/125/224
f 365/147/246 362/144/243 393/168/268
f 483/110/206 484/109/206 485/105/206
f 485/105/331 486/106/331 487/110/331
f 488/107/332 489/106/332 485/105/332
f 485/105/332 490/108/150 488/107/332
f 491/113/333 492/112/333 493/111/334
f 493/111/334 494/114/335 495/113/333
f 496/117/214 497/116/336 498/115/337
f 498/115/338 499/118/214 500/117/214
f 501/112/339 502/120/339 503/119/340
f 503/119/340 493/111/341 504/112/342
f 505/120/343 506/122/343 507/121/343
f 508/121/344 503/119/345 509/120/344
f 510/113/200 494/114/346 511/123/200
f 512/124/347 513/126/348 514/125/349
f 515/129/228 516/128/227 517/127/350
f 517/127/350 518/130/351 515/129/228
f 519/131/352 520/134/353 521/133/354
f 521/133/355 522/132/352 523/131/352
f 516/128/227 515/129/228 524/135/233
f 524/135/233 525/136/233 516/128/227
f 520/134/356 526/138/357 527/137/357
f 528/137/358 521/133/354 520/134/353
f 521/133/355 529/137/359 530/139/359
f 531/139/360 532/140/361 521/133/355
f 533/141/362 532/140/361 534/139/363
f 535/139/364 536/142/364 533/141/362
f 537/145/365 538/144/366 539/143/367
f 539/143/367 540/146/368 537/145/365
f 541/147/369 538/144/366 537/145/365
f 538/144/366 542/148/370 539/143/367
f 543/149/371 544/152/372 545/151/372
f 546/151/373 547/150/374 543/149/375
f 548/153/376 547/150/377 549/151/376
f 550/151/378 551/154/378 548/153/378
f 542/148/370 552/155/379 539/143/367
f 553/158/380 554/157/167 555/156/167
f 556/156/381 557/159/381 553/158/382
f 553/158/380 558/161/383 559/160/384
f 560/160/385 561/157/385 553/158/380
f 562/162/264 563/165/265 564/164/264
f 565/164/264 566/163/264 567/162/264
f 542/148/370 538/144/366 568/167/267
f 569/167/267 570/166/267 542/148/386
f 541/147/369 571/169/387 572/168/388
f 573/170/389 574/171/389 533/141/390
f 533/141/391 575/142/392 576/170/392
f 577/170/273 578/142/273 579/173/273
f 580/173/273 581/172/273 582/170/273
f 583/169/393 584/174/393 572/168/394
f 585/175/395 518/130/351 517/127/350
f 517/127/350 514/125/349 585/175/395
f 512/124/396 586/177/397 587/176/397
f 588/176/397 589/178/398 512/124/347
f 590/181/281 591/179/399 592/183/281
f 593/183/281 594/182/281 595/181/281
f 591/179/399 596/181/281 597/180/281
f 512/124/347 589/178/398 598/184/400
f 598/184/400 513/126/348 512/124/347
f 599/185/401 598/184/400 589/178/398
f 589/178/398 600/186/402 599/185/401
f 585/175/395 514/125/349 513/126/348
f 513/126/348 601/187/403 585/175/395
f 598/184/400 599/185/401 602/188/404
f 602/188/404 603/189/288 598/184/400
f 604/190/200 605/189/200 602/188/405
f 602/188/406 606/191/200 607/190/200
f 608/192/200 609/190/200 610/191/200
f 611/191/200 612/193/200 613/192/200
f 614/194/407 600/186/402 589/178/398
f 589/178/408 615/176/306 616/194/306
f 617/195/409 618/194/409 619/183/409
f 620/183/291 591/179/410 621/195/291
f 532/140/361 622/196/411 623/132/411
f 624/132/411 521/133/355 532/140/361
f 625/196/412 532/140/361 533/141/362
f 533/141/413 626/197/412 627/196/412
f 628/199/297 629/198/297 563/165/414
f 563/165/414 630/162/297 631/199/297
f 632/163/299 633/164/299 634/152/299
f 635/152/299 636/200/299 637/163/299
f 543/149/415 638/201/303 639/200/303
f 640/200/303 641/152/303 543/149/415
f 642/202/305 643/160/305 558/161/416
f 558/161/383 644/203/305 645/202/305
f 646/204/308 553/158/380 647/159/308
f 648/159/308 649/205/308 650/204/308
f 651/204/309 652/206/309 558/161/417
f 558/161/383 553/158/380 653/204/418
f 654/197/233 533/141/413 655/171/233
f 656/171/310 657/207/310 658/197/310
f 659/209/312 660/208/312 661/198/312
f 662/198/312 663/199/312 664/209/312
f 665/210/419 666/138/420 520/134/356
f 520/134/356 667/211/421 665/210/419
f 667/211/421 520/134/356 668/131/422
f 669/131/422 670/212/422 667/211/423
f 671/213/424 665/210/419 667/211/421
f 667/211/421 672/214/425 671/213/424
f 672/214/425 667/211/421 673/212/426
f 674/212/426 675/215/426 672/214/427
f 672/214/425 676/215/144 677/217/144
f 678/217/428 679/216/428 672/214/429
f 680/216/324 681/217/324 682/219/324
f 683/219/430 684/218/430 685/216/430
f 686/195/326 687/220/326 600/186/431
f 600/186/431 688/194/326 689/195/326
f 690/221/432 691/222/432 692/177/432
f 693/177/327 512/124/433 694/221/327
f 512/124/347 514/125/349 695/221/434
f 541/147/369 572/168/388 538/144/366
f 696/223/435 325/117/213 324/116/212
f 324/116/212 697/224/436 698/223/436
f 699/224/437 497/116/438 700/117/437
f 701/117/439 702/223/439 703/224/439
f 704/225/440 705/226/441 706/227/442
f 706/227/442 707/228/443 704/225/440
f 708/229/444 704/225/440 707/228/443
f 707/228/443 709/230/445 708/229/444
f 710/231/446 711/232/447 712/233/447
f 713/233/448 714/234/449 710/231/450
f 715/235/451 716/236/452 710/231/450
f 710/231/450 714/234/449 715/235/451
f 717/237/453 718/238/454 716/236/452
f 716/236/452 715/235/451 717/237/453
f 706/227/442 705/226/441 718/238/454
f 718/238/454 717/237/453 706/227/442
f 719/239/455 720/240/455 721/241/455
f 722/241/456 723/242/456 724/239/456
f 725/239/455 726/243/455 727/240/455
f 728/244/457 729/241/457 730/240/457
f 731/227/458 732/226/459 733/225/460
f 733/225/460 734/228/461 731/227/458
f 734/228/461 733/225/460 735/229/462
f 735/229/462 736/230/463 734/228/461
f 737/233/464 738/232/464 739/231/465
f 739/231/465 740/234/466 741/233/467
f 742/235/468 740/234/466 739/231/465
f 739/231/465 743/236/469 742/235/468
f 744/237/470 742/235/468 743/236/469
f 743/236/469 745/238/471 744/237/470
f 731/227/458 744/237/470 745/238/471
f 745/238/471 732/226/459 731/227/458
f 746/239/472 747/241/472 748/240/472
f 749/240/473 750/243/473 751/239/473
f 752/239/474 753/242/474 754/241/474
f 755/244/472 756/240/472 757/241/472
f 758/245/475 759/246/476 760/247/477
f 760/247/477 761/248/478 758/245/475
f 759/246/476 762/249/479 763/250/480
f 763/250/480 760/247/477 759/246/476
f 764/251/481 765/252/481 766/253/482
f 766/253/482 767/254/483 768/251/484
f 767/254/483 766/253/482 769/255/485
f 769/255/485 770/256/486 767/254/483
f 770/256/486 769/255/485 771/257/487
f 771/257/487 772/258/488 770/256/486
f 771/257/487 758/245/475 761/248/478
f 761/248/478 772/258/488 771/257/487
f 773/259/489 774/260/490 759/246/476
f 759/246/476 758/245/475 773/259/489
f 774/260/490 775/261/491 762/249/479
f 762/249/479 759/246/476 774/260/490
f 776/252/492 777/262/492 778/263/493
f 778/263/494 766/253/482 779/252/495
f 766/253/482 778/263/494 780/264/496
f 780/264/496 769/255/485 766/253/482
f 769/255/485 780/264/496 781/265/497
f 781/265/497 771/257/487 769/255/485
f 781/265/497 773/259/489 758/245/475
f 758/245/475 771/257/487 781/265/497
f 782/266/498 783/267/499 774/260/490
f 774/260/490 773/259/489 782/266/498
f 774/260/490 783/267/499 784/268/500
f 784/268/500 775/261/491 774/260/490
f 785/262/501 786/269/501 787/270/502
f 787/270/502 778/263/494 788/262/501
f 778/263/494 787/270/502 789/271/503
f 789/271/503 780/264/496 778/263/494
f 789/271/503 790/272/504 781/265/497
f 781/265/497 780/264/496 789/271/503
f 790/272/504 782/266/498 773/259/489
f 773/259/489 781/265/497 790/272/504
f 782/266/498 791/273/505 792/274/506
f 792/274/506 783/267/499 782/266/498
f 783/267/499 792/274/506 793/275/507
f 793/275/507 784/268/500 783/267/499
f 794/276/508 795/277/509 787/270/502
f 787/270/502 796/269/510 797/276/510
f 795/277/509 798/278/511 789/271/503
f 789/271/503 787/270/502 795/277/509
f 798/278/511 799/279/512 790/272/504
f 790/272/504 789/271/503 798/278/511
f 799/279/512 791/273/505 782/266/498
f 782/266/498 790/272/504 799/279/512
f 791/273/505 800/280/513 801/281/514
f 801/281/514 792/274/506 791/273/505
f 801/281/514 802/282/515 793/275/507
f 793/275/507 792/274/506 801/281/514
f 803/283/516 804/284/517 795/277/509
f 795/277/509 805/276/518 806/283/518
f 804/284/517 807/285/519 798/278/511
f 798/278/511 795/277/509 804/284/517
f 798/278/511 807/285/519 808/286/520
f 808/286/520 799/279/512 798/278/511
f 799/279/512 808/286/520 800/280/513
f 800/280/513 791/273/505 799/279/512
f 809/281/521 810/287/522 811/288/523
f 811/288/523 812/289/524 809/281/521
f 811/288/523 813/290/525 814/291/526
f 814/291/526 812/289/524 811/288/523
f 813/290/525 815/292/527 816/293/528
f 816/293/528 814/291/526 813/290/525
f 815/292/527 817/294/529 818/295/530
f 818/295/530 816/293/528 815/292/527
f 818/295/530 817/294/529 819/296/531
f 819/296/531 820/283/532 818/295/530
f 821/282/533 822/297/533 810/287/534
f 810/287/522 809/281/521 823/282/535
f 824/298/536 825/299/537 811/288/523
f 811/288/523 810/287/522 824/298/536
f 825/299/537 826/300/538 813/290/525
f 813/290/525 811/288/523 825/299/537
f 826/300/538 827/301/539 815/292/527
f 815/292/527 813/290/525 826/300/538
f 815/292/527 827/301/539 828/302/540
f 828/302/540 817/294/529 815/292/527
f 817/294/529 828/302/540 829/303/541
f 829/303/541 819/296/531 817/294/529
f 830/304/542 824/298/536 810/287/522
f 810/287/522 831/297/543 832/304/543
f 833/305/544 834/306/545 825/299/537
f 825/299/537 824/298/536 833/305/544
f 834/306/545 835/307/546 826/300/538
f 826/300/538 825/299/537 834/306/545
f 826/300/538 835/307/546 836/308/547
f 836/308/547 827/301/539 826/300/538
f 827/301/539 836/308/547 837/309/548
f 837/309/548 828/302/540 827/301/539
f 828/302/540 837/309/548 838/310/549
f 838/310/549 829/303/541 828/302/540
f 839/311/550 833/305/544 824/298/536
f 824/298/551 840/304/552 841/311/552
f 842/312/553 843/313/554 834/306/545
f 834/306/545 833/305/544 842/312/553
f 843/313/554 844/314/555 835/307/546
f 835/307/546 834/306/545 843/313/554
f 835/307/546 844/314/555 845/315/556
f 845/315/556 836/308/547 835/307/546
f 836/308/547 845/315/556 846/316/557
f 846/316/557 837/309/548 836/308/547
f 837/309/548 846/316/557 847/317/558
f 847/317/558 838/310/549 837/309/548
f 848/318/559 842/312/553 833/305/544
f 833/305/560 849/311/561 850/318/561
f 851/247/562 852/319/563 843/313/554
f 843/313/554 842/312/553 851/247/562
f 852/319/563 853/320/564 844/314/555
f 844/314/555 843/313/554 852/319/563
f 844/314/555 853/320/564 854/321/565
f 854/321/565 845/315/556 844/314/555
f 845/315/556 854/321/565 855/322/566
f 855/322/566 846/316/557 845/315/556
f 846/316/557 855/322/566 856/251/567
f 856/251/567 847/317/558 846/316/557
f 857/250/568 851/247/562 842/312/553
f 842/312/553 858/318/569 859/250/569
f 860/245/570 861/246/571 862/247/572
f 862/247/572 863/248/573 860/245/570
f 861/246/571 864/249/574 865/250/575
f 865/250/575 862/247/572 861/246/571
f 866/251/576 867/252/576 868/253/577
f 868/253/578 869/254/579 870/251/580
f 869/254/579 868/253/578 871/255/581
f 871/255/581 872/256/582 869/254/579
f 872/256/582 871/255/581 873/257/583
f 873/257/583 874/258/584 872/256/582
f 873/257/583 860/245/570 863/248/573
f 863/248/573 874/258/584 873/257/583
f 875/306/585 876/305/586 861/246/571
f 861/246/571 860/245/570 875/306/585
f 876/305/586 877/311/587 864/249/574
f 864/249/574 861/246/571 876/305/586
f 878/252/588 879/310/588 880/323/589
f 880/323/590 868/253/578 881/252/591
f 868/253/578 880/323/590 882/324/592
f 882/324/592 871/255/581 868/253/578
f 871/255/581 882/324/592 883/307/593
f 883/307/593 873/257/583 871/255/581
f 883/307/593 875/306/585 860/245/570
f 860/245/570 873/257/583 883/307/593
f 884/266/594 885/267/595 876/305/586
f 876/305/586 875/306/585 884/266/594
f 885/267/595 886/268/596 877/311/587
f 877/311/587 876/305/586 885/267/595
f 887/310/597 888/269/597 889/270/598
f 889/270/598 880/323/590 890/310/599
f 880/323/590 889/270/598 891/271/600
f 891/271/600 882/324/592 880/323/590
f 882/324/592 891/271/600 892/272/601
f 892/272/601 883/307/593 882/324/592
f 892/272/601 884/266/594 875/306/585
f 875/306/585 883/307/593 892/272/601
f 893/325/602 894/326/603 885/267/595
f 885/267/595 884/266/594 893/325/602
f 894/326/603 895/327/604 886/268/596
f 886/268/596 885/267/595 894/326/603
f 896/269/605 897/328/605 898/329/606
f 898/329/606 889/270/598 899/269/607
f 889/270/598 898/329/606 900/330/608
f 900/330/608 891/271/600 889/270/598
f 891/271/600 900/330/608 901/331/609
f 901/331/609 892/272/601 891/271/600
f 901/331/609 893/325/602 884/266/594
f 884/266/594 892/272/601 901/331/609
f 893/325/602 902/280/610 903/281/611
f 903/281/611 894/326/603 893/325/602
f 903/281/611 904/282/612 895/327/604
f 895/327/604 894/326/603 903/281/611
f 905/283/613 906/284/614 898/329/606
f 898/329/615 907/328/616 908/283/616
f 906/284/614 909/285/617 900/330/608
f 900/330/608 898/329/606 906/284/614
f 900/330/608 909/285/617 910/286/618
f 910/286/618 901/331/609 900/330/608
f 901/331/609 910/286/618 902/280/610
f 902/280/610 893/325/602 901/331/609
f 911/332/619 912/333/620 913/334/621
f 913/334/621 914/335/622 911/332/619
f 915/336/623 916/337/624 917/338/624
f 918/338/625 919/339/626 915/336/623
f 920/340/627 915/336/623 919/339/626
f 919/339/626 921/341/628 920/340/627
f 922/342/629 920/340/627 921/341/628
f 921/341/628 923/343/629 922/342/629
f 924/344/630 925/345/631 922/342/629
f 922/342/629 923/343/629 924/344/630
f 914/335/622 913/334/621 925/345/631
f 925/345/631 924/344/630 914/335/622
f 926/332/620 927/335/622 928/334/621
f 928/334/621 929/333/620 926/332/620
f 930/336/623 931/339/626 932/338/624
f 933/338/624 934/337/624 930/336/623
f 935/340/627 936/341/628 931/339/626
f 931/339/626 930/336/623 935/340/627
f 937/342/632 938/343/632 936/341/628
f 936/341/628 935/340/627 937/342/632
f 939/344/630 938/343/632 937/342/632
f 937/342/632 940/345/633 939/344/630
f 927/335/622 939/344/630 940/345/633
f 940/345/633 928/334/621 927/335/622
f 498/115/337 497/116/336 941/123/200
f 942/123/200 494/114/634 498/115/635
f 322/114/636 943/113/167 944/123/167
f 945/334/637 946/335/638 947/332/311
f 947/332/311 948/333/311 945/334/637
f 949/338/639 950/339/640 951/336/641
f 951/336/642 952/337/639 953/338/639
f 950/339/640 954/341/643 955/340/644
f 955/340/644 951/336/641 950/339/640
f 954/341/643 956/343/645 957/342/645
f 957/342/645 955/340/644 954/341/643
f 957/342/645 956/343/645 958/344/646
f 958/344/646 959/345/647 957/342/645
f 959/345/647 958/344/646 946/335/638
f 946/335/638 945/334/637 959/345/647
f 960/334/637 961/333/311 962/332/233
f 962/332/233 963/335/638 960/334/637
f 964/338/639 965/337/639 966/336/642
f 966/336/642 967/339/640 968/338/639
f 967/339/640 966/336/642 969/340/648
f 969/340/648 970/341/643 967/339/640
f 970/341/643 969/340/648 971/342/645
f 971/342/645 972/343/645 970/341/643
f 971/342/645 973/345/647 974/344/646
f 974/344/646 972/343/645 971/342/645
f 973/345/647 960/334/637 963/335/638
f 963/335/638 974/344/646 973/345/647
f 975/346/649 976/347/650 977/348/650
f 977/348/650 978/349/651 975/346/649
f 979/350/652 980/351/218 981/352/653
f 981/352/653 982/353/654 979/350/652
f 983/354/655 979/350/652 982/353/654
f 982/353/654 984/355/656 983/354/655
f 981/352/218 985/356/657 986/357/657
f 986/357/657 987/358/657 981/352/218
f 988/359/658 989/360/659 990/361/660
f 991/361/661 992/362/661 988/359/662
f 984/355/656 978/349/651 993/363/663
f 994/363/663 995/364/663 984/355/656
f 982/353/654 975/346/649 978/349/651
f 978/349/651 984/355/656 982/353/654
f 976/347/650 996/361/664 989/360/665
f 989/360/665 977/348/650 976/347/650
f 997/365/666 983/354/655 984/355/656
f 984/355/656 995/364/663 997/365/666
f 998/358/657 975/346/649 982/353/654
f 982/353/654 981/352/653 999/358/657
f 995/364/663 1000/363/663 1001/366/663
f 1002/366/663 1003/367/663 995/364/663
f 1004/368/667 1005/369/667 988/359/668
f 988/359/668 1006/362/669 1007/368/669
f 1008/370/670 1009/369/670 1010/368/670
f 1011/368/671 1012/371/671 1013/370/671
f 1014/372/650 1015/373/650 1016/374/672
f 1016/374/672 1017/375/673 1014/372/650
f 1018/376/343 1019/377/343 1020/378/674
f 1020/378/674 1016/374/672 1021/376/218
f 1016/374/672 1020/378/674 1022/379/675
f 1022/379/675 1017/375/673 1016/374/672
f 1023/380/676 1017/375/673 1022/379/675
f 1022/379/677 1024/381/678 1025/380/678
f 1026/382/679 1027/383/679 1028/384/680
f 1028/384/680 1029/385/681 1026/382/679
f 1029/385/681 1028/384/680 1030/386/682
f 1030/386/682 1031/387/683 1029/385/681
f 1031/387/683 1030/386/682 1032/388/684
f 1032/388/684 1033/389/684 1031/387/683
f 1032/388/684 1034/390/685 1035/391/686
f 1035/391/686 1033/389/684 1032/388/684
f 1034/390/685 1036/392/687 1037/393/687
f 1037/393/687 1035/391/686 1034/390/685
f 1038/394/688 1039/395/688 1040/396/688
f 1041/396/689 1042/397/689 1043/394/689
f 1044/394/688 1045/398/688 1046/395/688
f 1047/399/690 1048/396/690 1049/395/690
f 1050/400/691 1051/401/691 1052/402/692
f 1052/402/692 1053/403/691 1050/400/691
f 1054/404/693 1055/405/694 1056/406/695
f 1056/406/695 1057/407/695 1054/404/693
f 1058/408/696 1059/409/696 1060/410/697
f 1060/410/698 1061/411/699 1062/408/699
f 1063/412/700 1064/413/701 1065/414/702
f 1065/414/702 1066/415/703 1063/412/700
f 1064/413/701 1063/412/700 1067/416/704
f 1068/417/705 1069/418/706 1070/419/707
f 1070/419/707 1071/420/708 1068/417/705
f 1072/421/709 1073/422/710 1074/423/710
f 1075/423/711 1076/424/712 1072/421/713
f 1077/425/714 1078/423/714 1079/422/714
f 1080/426/715 1081/427/716 1082/428/717
f 1082/428/718 1083/429/719 1084/426/720
f 1085/430/721 1086/431/722 1087/432/721
f 1087/432/721 1088/433/723 1085/430/721
f 1055/405/694 1054/404/693 1083/429/719
f 1083/429/719 1082/428/718 1055/405/694
f 1089/434/724 1090/435/724 1091/436/724
f 1092/436/725 1093/437/725 1094/434/725
f 1056/406/695 1085/430/721 1088/433/723
f 1088/433/723 1057/407/695 1056/406/695
f 1095/438/726 1096/439/726 1097/440/726
f 1098/440/727 1099/441/727 1100/438/727
f 1101/442/728 1081/427/729 1102/426/730
f 1103/426/730 1104/443/730 1101/442/728
f 1105/443/731 1106/444/732 1101/442/733
f 1107/445/734 1081/427/729 1101/442/728
f 1108/446/735 1109/447/736 1110/448/736
f 1111/448/737 1112/449/738 1108/446/739
f 1052/402/692 1070/419/707 1069/418/706
f 1069/418/706 1113/450/691 1052/402/692
f 1114/450/740 1115/451/741 1052/402/742
f 1051/401/691 1070/419/707 1052/402/692
f 1116/452/743 1066/415/703 1117/453/743
f 1118/453/744 1119/454/744 1120/452/744
f 1065/414/702 1121/453/745 1066/415/703
f 1122/455/746 1123/423/747 1124/456/747
f 1125/456/748 1126/457/748 1122/455/746
f 1127/423/749 1122/455/746 1076/424/750
f 1115/451/741 1128/450/691 1129/458/691
f 1130/458/691 1131/459/691 1115/451/741
f 1132/460/751 1133/461/751 1134/462/751
f 1135/462/752 1136/463/752 1137/460/752
f 1106/444/732 1138/443/753 1139/464/753
f 1140/464/753 1141/465/754 1106/444/755
f 1142/466/756 1143/463/756 1144/467/756
f 1145/467/749 1146/468/749 1147/466/749
f 1148/463/757 1149/466/757 1150/460/757
f 1151/469/758 1152/466/758 1153/468/758
f 1154/468/759 1155/470/759 1156/469/759
f 1157/409/760 1158/470/760 1159/471/760
f 1160/471/761 1060/410/698 1161/409/761
f 1162/470/762 1163/409/762 1164/469/762
f 1165/448/753 1166/445/753 1101/442/733
f 1101/442/733 1112/449/763 1167/448/753
f 1141/465/764 1168/464/765 1169/472/765
f 1170/472/766 1171/473/766 1141/465/764
f 1071/420/708 1087/432/721 1086/431/722
f 1086/431/722 1068/417/705 1071/420/708
f 1072/421/709 1172/440/767 1173/439/767
f 1174/439/767 1175/474/767 1072/421/709
f 1072/421/709 1176/474/768 1177/422/768
f 1178/454/769 1179/475/769 1180/436/769
f 1181/436/770 1182/435/770 1183/454/770
f 1184/454/771 1185/435/771 1186/452/771
f 1187/476/772 1188/477/773 1189/478/774
f 1189/478/774 1190/479/775 1187/476/772
f 1190/479/775 1189/478/774 1191/480/776
f 1191/480/776 1192/481/777 1190/479/775
f 1192/481/777 1191/480/776 1193/482/778
f 1193/482/778 1194/483/779 1192/481/777
f 1195/484/691 1196/485/691 1188/477/780
f 1188/477/773 1187/476/772 1197/484/691
f 1198/486/781 1199/487/782 1200/488/783
f 1200/488/783 1201/489/784 1198/486/781
f 1201/489/784 1200/488/783 1202/490/776
f 1202/490/776 1203/491/785 1201/489/784
f 1203/491/785 1202/490/776 1204/492/786
f 1204/492/786 1205/493/787 1203/491/785
f 1205/493/787 1204/492/786 1206/494/691
f 1207/494/691 1208/495/691 1205/493/787
f 1190/479/775 1209/496/788 1210/497/789
f 1210/497/789 1187/476/772 1190/479/775
f 1211/498/790 1209/496/788 1190/479/775
f 1190/479/775 1192/481/777 1211/498/790
f 1212/499/791 1211/498/790 1192/481/777
f 1192/481/777 1194/483/779 1212/499/791
f 1213/500/792 1214/484/792 1187/476/793
f 1187/476/772 1210/497/789 1215/500/794
f 1201/489/784 1216/501/795 1217/502/796
f 1217/502/796 1198/486/781 1201/489/784
f 1216/501/795 1201/489/784 1203/491/785
f 1203/491/785 1218/503/797 1216/501/795
f 1219/504/798 1218/503/797 1203/491/785
f 1203/491/785 1205/493/787 1219/504/798
f 1220/505/799 1219/504/798 1205/493/787
f 1205/493/800 1221/495/801 1222/505/801
f 1218/503/797 1209/496/788 1211/498/790
f 1211/498/790 1216/501/795 1218/503/797
f 1216/501/795 1211/498/790 1223/506/802
f 1224/506/802 1225/507/802 1216/501/795
f 1226/508/803 1227/509/803 1210/497/789
f 1210/497/789 1219/504/798 1228/508/804
f 1218/503/797 1219/504/798 1210/497/789
f 1210/497/789 1209/496/788 1218/503/797
f 1229/510/805 1230/511/806 1231/512/807
f 1231/512/807 1232/513/808 1229/510/805
f 1233/514/809 1232/513/808 1231/512/807
f 1231/512/807 1234/515/810 1233/514/809
f 1233/514/809 1234/515/810 1235/516/811
f 1235/516/811 1236/517/811 1233/514/809
f 1237/518/691 1238/519/691 1230/511/812
f 1230/511/806 1229/510/805 1239/518/691
f 1240/520/767 1241/521/813 1242/522/814
f 1242/522/814 1243/523/815 1240/520/767
f 1243/523/815 1242/522/814 1244/524/816
f 1244/524/816 1245/525/817 1243/523/815
f 1245/525/817 1244/524/816 1246/526/818
f 1246/526/818 1247/527/819 1245/525/817
f 1248/528/691 1247/527/819 1246/526/818
f 1246/526/820 1249/529/691 1250/528/691
f 1245/525/817 1247/527/819 1229/510/805
f 1229/510/805 1232/513/808 1245/525/817
f 1245/525/817 1232/513/808 1233/514/809
f 1233/514/809 1243/523/815 1245/525/817
f 1243/523/815 1233/514/809 1251/530/821
f 1252/530/822 1253/531/822 1243/523/823
f 1254/532/691 1255/533/691 1229/510/805
f 1229/510/805 1247/527/819 1256/532/691
f 1191/480/776 1189/478/774 1257/534/824
f 1258/534/825 1259/535/825 1191/480/826
f 1202/490/776 1200/488/783 1260/536/827
f 1261/536/827 1262/537/827 1202/490/828
f 1263/538/829 1231/512/807 1230/511/806
f 1230/511/806 1264/539/829 1265/538/829
f 1266/540/830 1242/522/814 1241/521/813
f 1241/521/831 1267/541/830 1268/540/830
f 1269/542/832 1270/543/833 1271/544/834
f 1271/544/834 1272/545/835 1269/542/832
f 1273/546/836 1274/547/837 1271/544/834
f 1271/544/834 1275/548/836 1273/546/836
f 1276/549/838 1277/550/839 1278/551/838
f 1274/547/837 1272/545/835 1271/544/834
f 1279/552/840 1274/547/837 1280/553/841
f 1280/553/841 1281/554/841 1279/552/840
f 1269/542/832 1272/545/835 1282/555/842
f 1282/555/842 1283/556/843 1269/542/832
f 1284/557/844 1285/558/844 1286/559/845
f 1286/559/845 1287/560/846 1288/557/847
f 1289/561/848 1290/562/849 1291/557/849
f 1292/557/218 1287/560/846 1289/561/850
f 1289/561/850 1293/563/851 1294/564/852
f 1295/564/852 1296/562/852 1289/561/853
f 1287/560/846 1286/559/845 1297/565/854
f 1297/565/854 1298/566/855 1287/560/846
f 1299/567/856 1289/561/850 1287/560/846
f 1287/560/846 1298/566/855 1299/567/856
f 1293/563/851 1289/561/850 1299/567/856
f 1299/567/856 1300/568/857 1293/563/851
f 1286/559/858 1301/569/276 1302/570/276
f 1303/570/859 1297/565/854 1286/559/845
f 1298/566/855 1297/565/854 1304/571/860
f 1304/571/860 1305/572/861 1298/566/855
f 1299/567/856 1298/566/855 1305/572/861
f 1305/572/861 1306/573/862 1299/567/856
f 1300/568/857 1299/567/856 1306/573/862
f 1306/573/862 1307/574/863 1300/568/857
f 1304/571/860 1297/565/854 1308/570/403
f 1309/570/864 1310/575/864 1304/571/860
f 1305/572/861 1304/571/860 1311/576/865
f 1311/576/865 1312/577/866 1305/572/861
f 1313/578/867 1306/573/862 1305/572/861
f 1305/572/861 1312/577/866 1313/578/867
f 1307/574/863 1306/573/862 1313/578/867
f 1313/578/867 1314/579/868 1307/574/863
f 1304/571/860 1315/575/267 1316/580/267
f 1317/580/869 1311/576/865 1304/571/860
f 1318/581/870 1319/582/870 1320/583/871
f 1320/583/871 1321/584/872 1322/581/873
f 1320/583/871 1277/550/839 1321/584/872
f 1323/585/874 1324/586/874 1321/584/875
f 1321/584/872 1277/550/839 1325/585/874
f 1314/579/868 1313/578/867 1326/587/876
f 1327/587/877 1328/588/877 1314/579/868
f 1329/580/267 1330/589/267 1311/576/878
f 1312/577/866 1331/587/879 1313/578/867
f 1279/552/840 1282/555/842 1272/545/835
f 1272/545/835 1274/547/837 1279/552/840
f 1332/590/880 1320/583/871 1333/582/881
f 1334/582/882 1335/591/883 1332/590/884
f 1335/591/885 1336/582/886 1337/592/886
f 1338/592/887 1339/593/887 1335/591/885
f 1340/594/888 1341/595/889 1278/551/838
f 1278/551/838 1277/550/839 1340/594/888
f 1340/594/888 1277/550/839 1320/583/871
f 1320/583/871 1332/590/880 1340/594/888
f 1342/596/890 1269/542/832 1283/556/843
f 1283/556/843 1343/597/890 1344/596/890
f 1345/558/891 1346/598/891 1347/569/891
f 1348/569/892 1286/559/858 1349/558/892
f 1274/547/837 1350/599/841 1280/553/841
f 1351/544/893 1352/543/833 1353/542/894
f 1353/542/894 1354/545/835 1351/544/893
f 1351/544/893 1355/547/895 1356/546/267
f 1356/546/267 1357/548/267 1351/544/893
f 1358/549/896 1359/551/896 1360/550/897
f 1355/547/895 1351/544/893 1354/545/835
f 1361/552/841 1362/554/841 1363/553/841
f 1363/553/841 1355/547/898 1364/552/841
f 1365/555/833 1354/545/835 1353/542/894
f 1353/542/894 1366/556/833 1367/555/833
f 1368/559/899 1369/558/844 1370/557/844
f 1371/557/900 1372/560/901 1368/559/899
f 1373/561/902 1372/560/901 1374/557/903
f 1375/557/903 1376/562/903 1373/561/904
f 1377/564/905 1378/563/906 1373/561/902
f 1373/561/907 1379/562/908 1380/564/908
f 1381/565/909 1368/559/899 1372/560/901
f 1372/560/901 1382/566/910 1381/565/909
f 1383/567/911 1382/566/910 1372/560/901
f 1372/560/901 1373/561/902 1383/567/911
f 1383/567/911 1373/561/902 1378/563/906
f 1378/563/906 1384/568/912 1383/567/911
f 1385/570/913 1386/569/913 1368/559/914
f 1368/559/899 1381/565/909 1387/570/915
f 1388/571/916 1381/565/909 1382/566/910
f 1382/566/910 1389/572/917 1388/571/916
f 1389/572/917 1382/566/910 1383/567/911
f 1383/567/911 1390/573/918 1389/572/917
f 1390/573/918 1383/567/911 1384/568/912
f 1384/568/912 1391/574/919 1390/573/918
f 1388/571/916 1392/575/915 1393/570/915
f 1394/570/291 1381/565/909 1388/571/916
f 1395/576/920 1388/571/916 1389/572/917
f 1389/572/917 1396/577/921 1395/576/920
f 1397/578/922 1396/577/921 1389/572/917
f 1389/572/917 1390/573/918 1397/578/922
f 1397/578/922 1390/573/918 1391/574/919
f 1391/574/919 1398/579/923 1397/578/922
f 1399/580/915 1400/575/915 1388/571/916
f 1388/571/916 1395/576/920 1401/580/924
f 1402/583/871 1403/582/925 1404/581/925
f 1405/581/926 1406/584/927 1402/583/871
f 1402/583/871 1406/584/927 1360/550/897
f 1407/585/903 1360/550/897 1406/584/927
f 1406/584/928 1408/586/929 1409/585/929
f 1410/587/930 1397/578/922 1398/579/923
f 1398/579/931 1411/588/930 1412/587/930
f 1413/580/915 1395/576/932 1414/589/915
f 1396/577/921 1397/578/922 1415/587/933
f 1416/552/934 1355/547/895 1354/545/835
f 1354/545/935 1417/555/934 1418/552/934
f 1419/582/936 1402/583/937 1420/590/936
f 1421/590/882 1422/591/882 1423/582/882
f 1424/592/938 1425/582/938 1426/591/938
f 1427/591/887 1428/593/887 1429/592/887
f 1430/594/896 1360/550/897 1359/551/896
f 1359/551/889 1431/595/889 1432/594/889
f 1402/583/871 1360/550/897 1433/594/939
f 1434/594/939 1435/590/939 1402/583/937
f 1436/556/940 1353/542/941 1437/596/940
f 1438/596/890 1439/597/890 1440/556/890
f 1441/558/942 1368/559/943 1442/569/942
f 1443/569/343 1444/598/343 1445/558/343
f 1355/547/898 1363/553/841 1446/599/841
f 1447/600/944 1448/601/945 1449/602/946
f 1449/602/946 1450/603/947 1447/600/944
f 1451/604/948 1452/605/949 1453/606/949
f 1453/606/949 1454/607/950 1451/604/948
f 1455/608/951 1447/600/944 1450/603/947
f 1450/603/947 1456/609/952 1455/608/951
f 1450/603/947 1457/610/953 1458/611/954
f 1458/611/954 1456/609/952 1450/603/947
f 1459/612/955 1456/609/952 1460/613/956
f 1460/613/956 1461/614/957 1459/612/955
f 1456/609/952 1459/612/955 1455/608/951
f 1458/611/954 1462/615/958 1460/613/956
f 1460/613/956 1456/609/952 1458/611/954
f 1463/616/959 1462/615/958 1458/611/954
f 1464/617/960 1465/618/960 1466/619/961
f 1466/619/962 1467/620/963 1468/617/964
f 1469/621/965 1466/619/966 1470/618/960
f 1471/622/967 1459/612/955 1466/619/966
f 1466/619/966 1469/621/965 1471/622/967
f 1455/608/951 1459/612/955 1471/622/967
f 1472/623/968 1447/600/944 1455/608/951
f 1455/608/951 1471/622/967 1473/623/969
f 1474/624/255 1475/625/255 1476/626/255
f 1477/626/970 1478/627/970 1479/624/970
f 1480/626/971 1469/621/972 1481/618/971
f 1482/618/973 1483/627/973 1484/626/973
f 1485/628/974 1459/612/955 1461/614/957
f 1461/614/975 1486/629/218 1487/628/218
f 1461/614/976 1488/630/977 1489/631/977
f 1490/631/978 1491/629/978 1461/614/976
f 1467/620/963 1466/619/962 1492/632/960
f 1493/632/666 1494/633/666 1467/620/960
f 1459/612/955 1495/628/979 1496/632/979
f 1497/632/980 1466/619/966 1459/612/955
f 1498/634/981 1499/635/982 1500/636/983
f 1500/636/983 1501/637/983 1498/634/981
f 1502/638/984 1501/637/983 1500/636/983
f 1500/636/983 1503/639/985 1502/638/984
f 1504/640/986 1505/641/987 1506/642/987
f 1507/642/988 1508/643/986 1504/640/989
f 1504/640/989 1508/643/986 1499/635/982
f 1499/635/982 1498/634/981 1504/640/989
f 1509/644/990 1510/645/991 1511/646/992
f 1511/646/992 1512/647/992 1509/644/990
f 1513/648/993 1512/647/992 1511/646/992
f 1511/646/992 1514/649/994 1513/648/993
f 1515/650/995 1516/651/996 1517/652/996
f 1518/652/997 1519/653/995 1515/650/998
f 1515/650/998 1519/653/995 1520/654/999
f 1520/654/999 1521/655/1000 1515/650/998
f 1521/655/1000 1520/654/999 1522/656/1001
f 1522/656/1001 1523/657/1002 1521/655/1000
f 1523/657/1002 1522/656/1001 1524/658/1003
f 1524/658/1003 1525/659/1004 1523/657/1002
f 1525/659/1004 1524/658/1003 1526/660/1005
f 1526/660/1005 1527/661/1006 1525/659/1004
f 1527/661/1006 1526/660/1005 1510/645/991
f 1510/645/991 1509/644/990 1527/661/1006
f 1528/662/1007 1529/663/1007 1530/664/1007
f 1531/664/1007 1532/665/1007 1533/662/1007
f 1534/666/1008 1535/663/1008 1536/662/1008
f 1537/662/1009 1538/667/1009 1539/666/1009
f 1540/666/1010 1541/668/1010 1542/663/1010
f 1543/669/1011 1544/664/1011 1545/663/1011
f 1546/664/1012 1547/666/1012 1548/663/1012
f 1549/663/1013 1550/669/1013 1551/664/1013
f 1552/662/1014 1553/666/1014 1554/664/1014
f 1555/664/1014 1556/665/1014 1557/662/1014
f 1558/662/1012 1559/667/1012 1560/666/1012
f 1561/668/1015 1562/663/1015 1563/666/1015
f 1564/670/1016 1565/671/1017 1566/672/1018
f 1566/672/1018 1567/673/1019 1564/670/1016
f 1564/670/1016 1568/674/1020 1569/675/1021
f 1569/675/1021 1570/676/1022 1564/670/1016
f 1565/671/1017 1571/677/1023 1572/678/1024
f 1572/678/1024 1566/672/1018 1565/671/1017
f 1573/679/1025 1574/680/1025 1575/681/1026
f 1575/681/1027 1567/673/1019 1576/679/1025
f 1567/673/1019 1575/681/1027 1568/674/1020
f 1568/674/1020 1564/670/1016 1567/673/1019
f 1577/682/1028 1578/683/1029 1579/684/1030
f 1579/684/1030 1580/685/1031 1577/682/1028
f 1579/684/1030 1578/683/1029 1581/686/1032
f 1581/686/1032 1582/687/1033 1579/684/1030
f 1583/688/1034 1577/682/1028 1580/685/1031
f 1580/685/1031 1584/689/1034 1583/688/1034
f 1585/690/987 1586/691/987 1583/688/1034
f 1583/688/1034 1584/689/1034 1587/690/1035
f 1588/692/1036 1589/693/1037 1590/694/1038
f 1590/694/1038 1591/695/1039 1588/692/1036
f 1592/696/1040 1593/697/1041 1594/698/1042
f 1594/698/1042 1595/699/1043 1592/696/1040
f 1596/700/1044 1597/701/1045 1598/702/1045
f 1599/702/1046 1600/703/1047 1596/700/1048
f 1601/704/1049 1602/705/1050 1603/706/1051
f 1603/706/1051 1604/707/1052 1601/704/1049
f 1605/708/1053 1606/709/1053 1607/710/1054
f 1607/710/1054 1608/711/1055 1609/708/1056
f 1591/695/1039 1590/694/1038 1610/712/1057
f 1611/712/1058 1612/713/1059 1591/695/1060
f 1613/714/1061 1614/715/1061 1596/700/1048
f 1596/700/1048 1615/716/1062 1613/714/1061
f 1614/715/1061 1616/717/1061 1596/700/1048
f 1617/718/1063 1615/716/1062 1596/700/1048
f 1596/700/1048 1600/703/1047 1617/718/1063
f 1618/719/1064 1615/716/1062 1617/718/1063
f 1601/704/1049 1604/707/1052 1619/720/1065
f 1619/720/1065 1620/721/1066 1601/704/1049
f 1621/722/1067 1622/723/1067 1623/708/1068
f 1624/708/1069 1625/724/1070 1621/722/1067
f 1622/723/1067 1626/725/1071 1627/708/1071
f 1625/724/1072 1628/708/1073 1608/711/1074
f 1608/711/1074 1629/726/1075 1625/724/1072
f 1630/727/1076 1625/724/1072 1629/726/1075
f 1631/712/1077 1632/728/1077 1633/729/1077
f 1634/729/1078 1612/713/1079 1635/712/1078
f 1602/705/1050 1636/730/1080 1637/731/1081
f 1638/731/1082 1603/706/1051 1602/705/1050
f 1639/732/1083 1640/733/1083 1641/719/1083
f 1642/719/1084 1617/718/1085 1643/732/1084
f 1644/734/1086 1645/735/1086 1646/727/1086
f 1647/727/1087 1629/726/1075 1648/734/1087
f 1588/692/1036 1649/736/1088 1650/737/1088
f 1651/737/1089 1589/693/1037 1588/692/1036
f 1652/731/1090 1636/730/1091 1653/738/1090
f 1654/738/1092 1655/739/1092 1656/731/1092
f 1657/740/1093 1658/741/1093 1659/737/1093
f 1660/737/1094 1661/736/1094 1662/740/1094
f 1613/714/1061 1615/716/1062 1663/742/1095
f 1663/742/1095 1664/743/1096 1613/714/1061
f 1665/721/1097 1619/720/1065 1666/744/1098
f 1666/744/1099 1667/745/1100 1668/721/1100
f 1621/722/1067 1625/724/1070 1669/746/1101
f 1670/746/1102 1671/747/1102 1621/722/1067
f 1672/728/1103 1594/698/1042 1593/697/1041
f 1593/697/1104 1673/729/1105 1674/728/1105
f 1675/748/1106 1676/749/1107 1677/745/1107
f 1678/745/1108 1666/744/1099 1675/748/1106
f 1614/715/1061 1679/750/1109 1680/751/1109
f 1681/751/1110 1616/717/1061 1614/715/1061
f 1622/723/1111 1682/752/1112 1683/753/1112
f 1684/753/1113 1685/725/1113 1622/723/1114
f 1595/699/1115 1686/754/1116 1687/755/1116
f 1688/755/1117 1592/696/1040 1595/699/1043
f 1689/749/1118 1675/748/1119 1690/756/1118
f 1691/756/1120 1692/757/1120 1693/749/1120
f 1694/757/1121 1695/756/1121 1696/755/1121
f 1697/755/1122 1698/754/1122 1699/757/1122
f 1700/758/1123 1701/759/1124 1702/760/1125
f 1702/760/1125 1703/761/1126 1700/758/1123
f 1704/762/1127 1705/763/1128 1706/764/1129
f 1706/764/1129 1707/765/1130 1704/762/1127
f 1708/766/1131 1709/767/1131 1710/768/1132
f 1710/768/1133 1711/769/1134 1712/766/1135
f 1713/770/1136 1714/771/1137 1715/772/1138
f 1715/772/1138 1716/773/1139 1713/770/1136
f 1717/774/1140 1718/775/1140 1719/776/1141
f 1719/776/1141 1720/777/1140 1721/774/1140
f 1722/778/1142 1703/761/1126 1702/760/1125
f 1702/760/1125 1723/779/1143 1722/778/1142
f 1724/780/1144 1707/765/1130 1706/764/1129
f 1706/764/1129 1711/769/1134 1724/780/1144
f 1711/769/1134 1710/768/1133 1724/780/1144
f 1725/781/1145 1707/765/1130 1724/780/1144
f 1716/773/1139 1715/772/1138 1726/782/1146
f 1726/782/1146 1727/783/1147 1716/773/1139
f 1719/776/1141 1728/784/1148 1729/785/1140
f 1730/785/1149 1731/777/1149 1719/776/1141
f 1732/786/1150 1728/784/1148 1719/776/1141
f 1719/776/1141 1733/787/1151 1734/786/1152
f 1735/779/1153 1736/788/1153 1737/789/1153
f 1738/789/1154 1722/778/1142 1739/779/1154
f 1713/770/1155 1740/790/1156 1741/791/1157
f 1742/791/1158 1714/771/1137 1713/770/1136
f 1724/780/1159 1743/792/1160 1744/793/1160
f 1745/793/1131 1746/781/1131 1724/780/1144
f 1733/787/1161 1747/794/1162 1748/795/1162
f 1749/795/1163 1750/786/1163 1733/787/1151
f 1751/796/1164 1752/797/1164 1753/798/1164
f 1754/798/1165 1755/799/1165 1756/796/1165
f 1740/790/1156 1757/799/1166 1758/798/1166
f 1759/798/1167 1760/791/1167 1740/790/1168
f 1701/759/1124 1700/758/1123 1761/797/1169
f 1762/797/1170 1763/796/1170 1701/759/1171
f 1728/784/1148 1764/800/1172 1765/801/1172
f 1766/801/1173 1767/785/1173 1728/784/1148
f 1726/782/1174 1768/802/1175 1769/783/1175
f 1770/788/1176 1771/803/1176 1772/789/1176
f 1462/615/958 1773/630/1177 1461/614/957
f 1461/614/957 1460/613/956 1462/615/958
f 1774/804/1178 1775/805/1179 1776/806/1180
f 1776/806/1180 1777/807/1181 1774/804/1178
f 1778/808/1182 1779/809/1183 1780/810/1184
f 1780/810/1184 1781/811/1185 1778/808/1182
f 1782/812/1186 1778/808/1182 1781/811/1185
f 1781/811/1185 1783/813/1187 1782/812/1186
f 1782/812/1186 1783/813/1187 1784/814/1188
f 1784/814/1188 1785/815/1189 1782/812/1186
f 1786/816/1190 1780/810/1184 1779/809/1183
f 1779/809/1191 1787/817/1192 1788/816/1192
f 1789/818/1193 1790/819/1194 1791/820/1195
f 1792/820/1196 1793/821/1196 1789/818/1193
f 1794/822/1197 1795/823/1198 1796/824/1199
f 1797/824/1200 1798/820/1200 1794/822/1201
f 1799/825/1202 1800/826/1203 1801/824/1203
f 1802/824/1204 1795/823/1198 1799/825/1202
f 1789/818/1193 1803/821/1205 1804/827/1206
f 1805/828/1207 1806/829/1208 1790/819/1194
f 1790/819/1194 1789/818/1193 1805/828/1207
f 1807/830/1209 1808/831/1210 1795/823/1198
f 1795/823/1198 1794/822/1197 1807/830/1209
f 1808/831/1210 1809/832/1211 1799/825/1202
f 1799/825/1202 1795/823/1198 1808/831/1210
f 1810/833/1212 1811/834/1213 1806/829/1208
f 1806/829/1208 1805/828/1207 1810/833/1212
f 1807/830/1209 1811/834/1213 1812/835/1214
f 1812/835/1214 1808/831/1210 1807/830/1209
f 1808/831/1210 1812/835/1214 1813/836/1215
f 1813/836/1215 1809/832/1211 1808/831/1210
f 1814/837/1216 1810/833/1212 1815/838/1217
f 1815/838/1218 1816/839/1219 1817/837/1219
f 1779/809/1183 1778/808/1182 1811/834/1213
f 1811/834/1213 1810/833/1212 1779/809/1183
f 1782/812/1186 1812/835/1214 1811/834/1213
f 1811/834/1213 1778/808/1182 1782/812/1186
f 1812/835/1214 1782/812/1186 1785/815/1189
f 1785/815/1189 1813/836/1215 1812/835/1214
f 1818/817/1220 1779/809/1183 1810/833/1212
f 1810/833/1212 1819/837/1221 1820/817/1221
f 1804/827/1222 1821/821/1223 1822/840/1223
f 1823/840/1224 1824/841/1224 1804/827/1222
f 1815/838/1217 1805/828/1207 1789/818/1193
f 1789/818/1193 1804/827/1206 1815/838/1217
f 1825/820/1225 1790/819/1194 1794/822/1197
f 1807/830/1209 1794/822/1197 1790/819/1194
f 1790/819/1194 1806/829/1208 1807/830/1209
f 1826/841/1226 1827/839/1226 1815/838/1227
f 1815/838/1217 1804/827/1206 1828/841/1228
f 1810/833/1212 1805/828/1207 1815/838/1217
f 1807/830/1209 1806/829/1208 1811/834/1213
f 1829/346/1229 1830/349/1230 1831/348/650
f 1831/348/650 1832/347/650 1829/346/1229
f 1833/350/1231 1834/353/1232 1835/352/1233
f 1835/352/1233 1836/351/1234 1833/350/1231
f 1837/354/1235 1838/355/1236 1834/353/1232
f 1834/353/1232 1833/350/1231 1837/354/1235
f 1835/352/218 1839/358/657 1840/357/657
f 1840/357/657 1841/356/657 1835/352/218
f 1842/359/1237 1843/362/1238 1844/361/1238
f 1845/361/1239 1846/360/1240 1842/359/1241
f 1838/355/1236 1847/364/663 1848/363/663
f 1849/363/663 1830/349/1230 1838/355/1236
f 1834/353/1232 1838/355/1236 1830/349/1230
f 1830/349/1230 1829/346/1229 1834/353/1232
f 1832/347/650 1831/348/650 1846/360/1242
f 1846/360/1242 1850/361/650 1832/347/650
f 1851/365/666 1847/364/663 1838/355/1236
f 1838/355/1236 1837/354/1235 1851/365/666
f 1852/358/657 1835/352/1233 1834/353/1232
f 1834/353/1232 1829/346/1229 1853/358/657
f 1847/364/663 1854/367/663 1855/366/663
f 1856/366/663 1857/363/663 1847/364/663
f 1858/368/667 1859/362/667 1842/359/1243
f 1842/359/1244 1860/369/667 1861/368/667
f 1862/370/1245 1863/371/1245 1864/368/1245
f 1865/368/1246 1866/369/1246 1867/370/1246
f 1868/372/1247 1869/375/1248 1870/374/1249
f 1870/374/1249 1871/373/650 1868/372/1247
f 1872/376/653 1870/374/1249 1873/378/1250
f 1873/378/1251 1874/377/219 1875/376/219
f 1870/374/1249 1869/375/1248 1876/379/1252
f 1876/379/1252 1873/378/1250 1870/374/1249
f 1877/380/1253 1878/381/1253 1876/379/1254
f 1876/379/1252 1869/375/1248 1879/380/676
f 1880/382/679 1881/385/1255 1882/384/1256
f 1882/384/1256 1883/383/679 1880/382/679
f 1881/385/1255 1884/387/683 1885/386/1257
f 1885/386/1257 1882/384/1256 1881/385/1255
f 1884/387/683 1886/389/1258 1887/388/1259
f 1887/388/1259 1885/386/1257 1884/387/683
f 1887/388/1259 1886/389/1258 1888/391/1260
f 1888/391/1260 1889/390/1261 1887/388/1259
f 1889/390/1261 1888/391/1260 1890/393/687
f 1890/393/687 1891/392/687 1889/390/1261
f 1892/394/1262 1893/397/1262 1894/396/1262
f 1895/396/1263 1896/395/1263 1897/394/1263
f 1898/394/1262 1899/395/1262 1900/398/1262
f 1901/399/1262 1902/395/1262 1903/396/1262
f 1904/400/691 1905/403/691 1906/402/1264
f 1906/402/1264 1907/401/691 1904/400/691
f 1908/404/1265 1909/407/1266 1910/406/1267
f 1910/406/1267 1911/405/1268 1908/404/1265
f 1912/408/1269 1913/411/1269 1914/410/1270
f 1914/410/1270 1915/409/1271 1916/408/1271
f 1917/412/1272 1918/415/1273 1919/414/1274
f 1919/414/1274 1920/413/1275 1917/412/1272
f 1920/413/1275 1921/416/1276 1917/412/1272
f 1922/417/1277 1923/420/1278 1924/419/1279
f 1924/419/1279 1925/418/1280 1922/417/1277
f 1926/421/1281 1927/424/1282 1928/423/1283
f 1929/423/1284 1930/422/1284 1926/421/1285
f 1931/425/1286 1932/422/1286 1933/423/1286
f 1934/426/1287 1935/429/1288 1936/428/1289
f 1936/428/1290 1937/427/1291 1938/426/1292
f 1939/430/1293 1940/433/1294 1941/432/1293
f 1941/432/1293 1942/431/1295 1939/430/1293
f 1911/405/1268 1936/428/1289 1935/429/1288
f 1935/429/1288 1908/404/1265 1911/405/1268
f 1943/434/1296 1944/437/1296 1945/436/1296
f 1946/436/1297 1947/435/1297 1948/434/1297
f 1910/406/1267 1909/407/1266 1940/433/1294
f 1940/433/1294 1939/430/1293 1910/406/1267
f 1949/438/1298 1950/441/1298 1951/440/1298
f 1952/440/1299 1953/439/1299 1954/438/1299
f 1955/442/1300 1956/443/1301 1957/426/1301
f 1958/426/1302 1937/427/1303 1955/442/1304
f 1959/443/1305 1955/442/1300 1960/444/1306
f 1961/445/1307 1955/442/1304 1937/427/1303
f 1962/446/1308 1963/449/1309 1964/448/1310
f 1965/448/1311 1966/447/1311 1962/446/1312
f 1906/402/1264 1967/450/691 1925/418/1280
f 1925/418/1280 1924/419/1279 1906/402/1264
f 1968/450/1313 1906/402/1314 1969/451/1315
f 1907/401/691 1906/402/1264 1924/419/1279
f 1970/452/1316 1971/454/1316 1972/453/1316
f 1973/453/1317 1918/415/1273 1974/452/1317
f 1919/414/1274 1918/415/1273 1975/453/1318
f 1976/455/1319 1977/457/1320 1978/456/1320
f 1979/456/1321 1980/423/1321 1976/455/1322
f 1981/423/1323 1927/424/1324 1976/455/1319
f 1969/451/1315 1982/459/691 1983/458/691
f 1984/458/691 1985/450/691 1969/451/1315
f 1986/460/1325 1987/463/1325 1988/462/1325
f 1989/462/1326 1990/461/1326 1991/460/1326
f 1960/444/1306 1992/465/1327 1993/464/1328
f 1994/464/1328 1995/443/1328 1960/444/1306
f 1996/466/1323 1997/468/1323 1998/467/1323
f 1999/467/1329 2000/463/1329 2001/466/1329
f 2002/463/1330 2003/460/1330 2004/466/1330
f 2005/469/1331 2006/470/1331 2007/468/1331
f 2008/468/1332 2009/466/1332 2010/469/1332
f 2011/409/1333 1914/410/1270 2012/471/1333
f 2013/471/1334 2014/470/1334 2015/409/1334
f 2016/470/1272 2017/469/1272 2018/409/1272
f 2019/448/1328 1963/449/1335 1955/442/1300
f 1955/442/1300 2020/445/1328 2021/448/1328
f 1992/465/1336 2022/473/1337 2023/472/1337
f 2024/472/1338 2025/464/1338 1992/465/1336
f 1923/420/1278 1922/417/1277 1942/431/1295
f 1942/431/1295 1941/432/1293 1923/420/1278
f 1926/421/1285 2026/474/1339 2027/439/1339
f 2028/439/1339 2029/440/1339 1926/421/1285
f 1926/421/1285 2030/422/1340 2031/474/1340
f 2032/454/1341 2033/435/1341 2034/436/1341
f 2035/436/1342 2036/475/1342 2037/454/1342
f 2038/454/1342 2039/452/1342 2040/435/1342
f 2041/476/1343 2042/479/1344 2043/478/1345
f 2043/478/1345 2044/477/1346 2041/476/1343
f 2042/479/1344 2045/481/1347 2046/480/1348
f 2046/480/1348 2043/478/1345 2042/479/1344
f 2045/481/1347 2047/483/1349 2048/482/1316
f 2048/482/1316 2046/480/1348 2045/481/1347
f 2049/484/691 2041/476/1343 2044/477/1346
f 2044/477/1346 2050/485/691 2051/484/691
f 2052/486/1350 2053/489/1351 2054/488/1352
f 2054/488/1352 2055/487/1353 2052/486/1350
f 2053/489/1351 2056/491/1354 2057/490/1355
f 2057/490/1355 2054/488/1352 2053/489/1351
f 2056/491/1354 2058/493/1356 2059/492/1357
f 2059/492/1357 2057/490/1355 2056/491/1354
f 2058/493/1356 2060/495/691 2061/494/691
f 2062/494/691 2059/492/1357 2058/493/1356
f 2042/479/1344 2041/476/1343 2063/497/1358
f 2063/497/1358 2064/496/1359 2042/479/1344
f 2065/498/1360 2045/481/1347 2042/479/1344
f 2042/479/1344 2064/496/1359 2065/498/1360
f 2066/499/1361 2047/483/1349 2045/481/1347
f 2045/481/1347 2065/498/1360 2066/499/1361
f 2067/500/1362 2063/497/1358 2041/476/1343
f 2041/476/1343 2068/484/1362 2069/500/1362
f 2053/489/1351 2052/486/1350 2070/502/1363
f 2070/502/1363 2071/501/1364 2053/489/1351
f 2071/501/1364 2072/503/1365 2056/491/1354
f 2056/491/1354 2053/489/1351 2071/501/1364
f 2073/504/1366 2058/493/1356 2056/491/1354
f 2056/491/1354 2072/503/1365 2073/504/1366
f 2074/505/1367 2075/495/1367 2058/493/1368
f 2058/493/1356 2073/504/1366 2076/505/1369
f 2072/503/1365 2071/501/1364 2065/498/1360
f 2065/498/1360 2064/496/1359 2072/503/1365
f 2071/501/1370 2077/507/1371 2078/506/1371
f 2079/506/1372 2065/498/1360 2071/501/1364
f 2080/508/1373 2073/504/1366 2063/497/1358
f 2063/497/1358 2081/509/1374 2082/508/1374
f 2072/503/1365 2064/496/1359 2063/497/1358
f 2063/497/1358 2073/504/1366 2072/503/1365
f 2083/510/1375 2084/513/1376 2085/512/1377
f 2085/512/1377 2086/511/1378 2083/510/1375
f 2087/514/1379 2088/515/1380 2085/512/1377
f 2085/512/1377 2084/513/1376 2087/514/1379
f 2087/514/1379 2089/517/1381 2090/516/1382
f 2090/516/1382 2088/515/1380 2087/514/1379
f 2091/518/691 2083/510/1375 2086/511/1378
f 2086/511/1383 2092/519/691 2093/518/691
f 2094/520/1384 2095/523/1385 2096/522/1386
f 2096/522/1386 2097/521/1387 2094/520/1384
f 2095/523/1385 2098/525/1388 2099/524/1389
f 2099/524/1389 2096/522/1386 2095/523/1385
f 2098/525/1388 2100/527/1390 2101/526/1391
f 2101/526/1391 2099/524/1389 2098/525/1388
f 2102/528/691 2103/529/691 2101/526/1392
f 2101/526/1391 2100/527/1390 2104/528/691
f 2098/525/1388 2084/513/1376 2083/510/1375
f 2083/510/1375 2100/527/1390 2098/525/1388
f 2098/525/1388 2095/523/1385 2087/514/1379
f 2087/514/1379 2084/513/1376 2098/525/1388
f 2095/523/1393 2105/531/1394 2106/530/1394
f 2107/530/1395 2087/514/1379 2095/523/1385
f 2108/532/691 2100/527/1390 2083/510/1375
f 2083/510/1396 2109/533/691 2110/532/691
f 2046/480/1348 2111/535/1397 2112/534/1397
f 2113/534/1398 2043/478/1345 2046/480/1348
f 2057/490/1348 2114/537/1399 2115/536/1399
f 2116/536/1399 2054/488/1352 2057/490/1355
f 2117/538/1400 2118/539/1400 2086/511/1401
f 2086/511/1378 2085/512/1377 2119/538/1402
f 2120/540/1403 2121/541/1403 2097/521/1404
f 2097/521/1387 2096/522/1386 2122/540/1405
f 2123/542/1406 2124/545/1407 2125/544/1408
f 2125/544/1408 2126/543/1409 2123/542/1406
f 2127/546/836 2128/548/836 2125/544/1408
f 2125/544/1408 2129/547/1410 2127/546/836
f 2130/549/1411 2131/551/1411 2132/550/1412
f 2129/547/1410 2125/544/1408 2124/545/1407
f 2133/552/1413 2134/554/841 2135/553/841
f 2135/553/841 2129/547/1410 2133/552/1413
f 2123/542/1406 2136/556/1414 2137/555/1415
f 2137/555/1415 2124/545/1407 2123/542/1406
f 2138/557/1416 2139/560/1417 2140/559/1418
f 2140/559/1419 2141/558/1420 2142/557/1420
f 2143/561/1421 2139/560/1417 2144/557/1422
f 2145/557/1423 2146/562/1423 2143/561/1421
f 2143/561/1424 2147/562/1425 2148/564/1425
f 2149/564/1426 2150/563/1427 2143/561/1421
f 2139/560/1417 2151/566/1428 2152/565/1429
f 2152/565/1429 2140/559/1418 2139/560/1417
f 2153/567/1430 2151/566/1428 2139/560/1417
f 2139/560/1417 2143/561/1421 2153/567/1430
f 2150/563/1427 2154/568/1431 2153/567/1430
f 2153/567/1430 2143/561/1421 2150/563/1427
f 2140/559/1418 2152/565/1429 2155/570/395
f 2156/570/892 2157/569/892 2140/559/1418
f 2151/566/1428 2158/572/1432 2159/571/1433
f 2159/571/1433 2152/565/1429 2151/566/1428
f 2153/567/1430 2160/573/1434 2158/572/1432
f 2158/572/1432 2151/566/1428 2153/567/1430
f 2154/568/1431 2161/574/1435 2160/573/1434
f 2160/573/1434 2153/567/1430 2154/568/1431
f 2159/571/1433 2162/575/403 2163/570/403
f 2164/570/864 2152/565/1429 2159/571/1433
f 2158/572/1432 2165/577/1436 2166/576/1437
f 2166/576/1437 2159/571/1433 2158/572/1432
f 2167/578/1438 2165/577/1436 2158/572/1432
f 2158/572/1432 2160/573/1434 2167/578/1438
f 2161/574/1435 2168/579/1439 2167/578/1438
f 2167/578/1438 2160/573/1434 2161/574/1435
f 2159/571/1433 2166/576/1437 2169/580/1440
f 2170/580/1441 2171/575/1441 2159/571/1442
f 2172/581/1443 2173/584/1444 2174/583/1445
f 2174/583/1445 2175/582/1443 2176/581/1443
f 2174/583/1445 2173/584/1444 2132/550/1412
f 2177/585/879 2132/550/1412 2173/584/1444
f 2173/584/1444 2178/586/1446 2179/585/1446
f 2168/579/1439 2180/588/1447 2181/587/1447
f 2182/587/1447 2167/578/1438 2168/579/1439
f 2183/580/933 2166/576/1448 2184/589/933
f 2165/577/1436 2167/578/1438 2185/587/1449
f 2133/552/1413 2129/547/1410 2124/545/1407
f 2124/545/1407 2137/555/1415 2133/552/1413
f 2186/590/1450 2187/591/1451 2188/582/1443
f 2189/582/1452 2174/583/1445 2186/590/1453
f 2187/591/1454 2190/593/1455 2191/592/1455
f 2192/592/1456 2193/582/1456 2187/591/1454
f 2194/594/1457 2132/550/1412 2131/551/1411
f 2131/551/1411 2195/595/1458 2194/594/1457
f 2194/594/1457 2186/590/1453 2174/583/1445
f 2174/583/1445 2132/550/1412 2194/594/1457
f 2196/596/1459 2197/597/1459 2136/556/1414
f 2136/556/1414 2123/542/1406 2198/596/1459
f 2199/558/892 2140/559/1418 2200/569/892
f 2201/569/1460 2202/598/1460 2203/558/1460
f 2129/547/1410 2135/553/841 2204/599/841
f 2205/544/1461 2206/545/1407 2207/542/1406
f 2207/542/1406 2208/543/1409 2205/544/1461
f 2205/544/1461 2209/548/903 2210/546/267
f 2210/546/267 2211/547/1462 2205/544/1461
f 2212/549/1463 2213/550/1464 2214/551/1465
f 2211/547/1462 2206/545/1407 2205/544/1461
f 2215/552/1466 2211/547/1467 2216/553/841
f 2216/553/1468 2217/554/1468 2218/552/1468
f 2219/555/1409 2220/556/1409 2207/542/1469
f 2207/542/1406 2206/545/1407 2221/555/833
f 2222/559/1470 2223/560/1471 2224/557/1472
f 2225/557/1416 2226/558/1416 2222/559/1473
f 2227/561/1474 2228/562/903 2229/557/903
f 2230/557/869 2223/560/1471 2227/561/1474
f 2231/564/1425 2232/562/1425 2227/561/1475
f 2227/561/1474 2233/563/1476 2234/564/1425
f 2235/565/1477 2236/566/1478 2223/560/1471
f 2223/560/1471 2222/559/1470 2235/565/1477
f 2237/567/1479 2227/561/1474 2223/560/1471
f 2223/560/1471 2236/566/1478 2237/567/1479
f 2237/567/1479 2238/568/1480 2233/563/1476
f 2233/563/1476 2227/561/1474 2237/567/1479
f 2239/570/915 2235/565/1477 2222/559/1470
f 2222/559/1481 2240/569/913 2241/570/913
f 2242/571/1482 2243/572/1483 2236/566/1478
f 2236/566/1478 2235/565/1477 2242/571/1482
f 2243/572/1483 2244/573/1484 2237/567/1479
f 2237/567/1479 2236/566/1478 2243/572/1483
f 2244/573/1484 2245/574/1485 2238/568/1480
f 2238/568/1480 2237/567/1479 2244/573/1484
f 2242/571/1482 2235/565/1477 2246/570/1486
f 2247/570/1487 2248/575/1487 2242/571/1488
f 2249/576/1489 2250/577/1490 2243/572/1483
f 2243/572/1483 2242/571/1482 2249/576/1489
f 2251/578/1491 2244/573/1484 2243/572/1483
f 2243/572/1483 2250/577/1490 2251/578/1491
f 2251/578/1491 2252/579/1492 2245/574/1485
f 2245/574/1485 2244/573/1484 2251/578/1491
f 2253/580/291 2249/576/1489 2242/571/1482
f 2242/571/1488 2254/575/915 2255/580/915
f 2256/583/1445 2257/584/1493 2258/581/1494
f 2259/581/1495 2260/582/1495 2256/583/1445
f 2256/583/1445 2213/550/1496 2257/584/1493
f 2261/585/933 2262/586/933 2257/584/1497
f 2257/584/1493 2213/550/1496 2263/585/1498
f 2264/587/1499 2265/588/1499 2252/579/1500
f 2252/579/1492 2251/578/1491 2266/587/1501
f 2267/580/915 2268/589/915 2249/576/1502
f 2250/577/1490 2269/587/933 2251/578/1491
f 2270/552/1503 2271/555/1503 2206/545/1407
f 2206/545/1407 2211/547/1462 2272/552/1503
f 2273/582/1443 2274/591/1443 2275/590/1443
f 2276/590/1494 2256/583/1445 2277/582/1494
f 2278/592/1455 2279/593/1455 2280/591/1455
f 2281/591/1504 2282/582/1504 2283/592/1504
f 2284/594/1505 2285/595/1505 2214/551/1505
f 2214/551/1465 2213/550/1464 2286/594/1505
f 2256/583/1506 2287/590/1507 2288/594/1507
f 2289/594/1507 2213/550/1496 2256/583/1445
f 2290/556/1459 2291/597/1459 2292/596/1459
f 2293/596/1508 2207/542/1509 2294/556/1508
f 2295/558/1510 2296/598/1510 2297/569/1510
f 2298/569/1511 2222/559/1481 2299/558/1511
f 2211/547/1467 2300/599/841 2216/553/841
f 2301/600/1512 2302/603/1513 2303/602/1514
f 2303/602/1514 2304/601/1515 2301/600/1512
f 2305/604/1516 2306/607/1517 2307/606/1518
f 2307/606/1518 2308/605/1518 2305/604/1516
f 2309/608/1519 2310/609/1520 2302/603/1513
f 2302/603/1513 2301/600/1512 2309/608/1519
f 2302/603/1513 2310/609/1520 2311/611/1521
f 2311/611/1521 2312/610/1522 2302/603/1513
f 2313/612/1523 2314/614/1524 2315/613/1525
f 2315/613/1525 2310/609/1520 2313/612/1523
f 2310/609/1520 2309/608/1519 2313/612/1523
f 2311/611/1521 2310/609/1520 2315/613/1525
f 2315/613/1525 2316/615/1526 2311/611/1521
f 2317/616/1527 2311/611/1521 2316/615/1526
f 2318/617/960 2319/620/963 2320/619/1528
f 2320/619/1529 2321/618/1530 2322/617/1530
f 2323/621/1531 2324/618/1530 2320/619/1532
f 2325/622/1533 2323/621/1531 2320/619/1532
f 2320/619/1532 2313/612/1523 2325/622/1533
f 2309/608/1519 2325/622/1533 2313/612/1523
f 2326/623/1534 2325/622/1533 2309/608/1519
f 2309/608/1519 2301/600/1512 2327/623/1535
f 2328/624/970 2329/627/970 2330/626/970
f 2331/626/970 2332/625/970 2333/624/970
f 2334/626/1536 2335/627/1536 2336/618/1536
f 2337/618/1537 2323/621/1538 2338/626/1537
f 2339/628/343 2340/629/343 2314/614/1539
f 2314/614/1524 2313/612/1523 2341/628/974
f 2314/614/1540 2342/629/1541 2343/631/1541
f 2344/631/1541 2345/630/1541 2314/614/1540
f 2319/620/960 2346/633/1542 2347/632/1542
f 2348/632/960 2320/619/1528 2319/620/963
f 2313/612/1523 2320/619/1532 2349/632/1543
f 2350/632/1544 2351/628/1544 2313/612/1523
f 2352/634/1545 2353/637/1546 2354/636/1546
f 2354/636/1546 2355/635/1547 2352/634/1545
f 2356/638/1548 2357/639/1549 2354/636/1546
f 2354/636/1546 2353/637/1546 2356/638/1548
f 2358/640/1550 2359/643/1551 2360/642/1552
f 2361/642/1552 2362/641/1552 2358/640/1551
f 2358/640/1550 2352/634/1545 2355/635/1547
f 2355/635/1547 2359/643/1551 2358/640/1550
f 2363/644/1553 2364/647/1554 2365/646/1554
f 2365/646/1554 2366/645/1555 2363/644/1553
f 2367/648/1556 2368/649/1557 2365/646/1554
f 2365/646/1554 2364/647/1554 2367/648/1556
f 2369/650/1558 2370/653/1559 2371/652/1560
f 2372/652/1561 2373/651/1561 2369/650/1559
f 2369/650/1558 2374/655/1562 2375/654/1563
f 2375/654/1563 2370/653/1559 2369/650/1558
f 2374/655/1562 2376/657/1564 2377/656/1565
f 2377/656/1565 2375/654/1563 2374/655/1562
f 2376/657/1564 2378/659/1566 2379/658/1567
f 2379/658/1567 2377/656/1565 2376/657/1564
f 2378/659/1566 2380/661/1568 2381/660/1569
f 2381/660/1569 2379/658/1567 2378/659/1566
f 2380/661/1568 2363/644/1553 2366/645/1555
f 2366/645/1555 2381/660/1569 2380/661/1568
f 2382/662/1570 2383/665/1570 2384/664/1570
f 2385/664/1570 2386/663/1570 2387/662/1570
f 2388/666/1571 2389/667/1571 2390/662/1571
f 2391/662/1572 2392/663/1572 2393/666/1572
f 2394/666/1573 2395/663/1573 2396/668/1573
f 2397/669/1574 2398/663/1574 2399/664/1574
f 2400/664/1575 2401/669/1575 2402/663/1575
f 2403/663/1576 2404/666/1576 2405/664/1576
f 2406/662/1577 2407/665/1577 2408/664/1577
f 2409/664/1578 2410/666/1578 2411/662/1578
f 2412/662/1579 2413/666/1579 2414/667/1579
f 2415/668/1576 2416/666/1576 2417/663/1576
f 2418/670/1580 2419/673/1581 2420/672/1582
f 2420/672/1582 2421/671/1583 2418/670/1580
f 2418/670/1580 2422/676/1584 2423/675/1584
f 2423/675/1584 2424/674/1585 2418/670/1580
f 2421/671/1583 2420/672/1582 2425/678/1586
f 2425/678/1586 2426/677/1587 2421/671/1583
f 2427/679/1588 2419/673/1581 2428/681/1589
f 2428/681/1589 2429/680/1590 2430/679/1590
f 2419/673/1581 2418/670/1580 2424/674/1585
f 2424/674/1585 2428/681/1589 2419/673/1581
f 2431/682/1591 2432/685/1592 2433/684/1593
f 2433/684/1593 2434/683/1594 2431/682/1591
f 2433/684/1593 2435/687/1595 2436/686/1596
f 2436/686/1596 2434/683/1594 2433/684/1593
f 2437/688/1597 2438/689/1597 2432/685/1592
f 2432/685/1592 2431/682/1591 2437/688/1597
f 2439/690/1598 2438/689/1597 2437/688/1597
f 2437/688/1597 2440/691/1599 2441/690/1599
f 2442/692/1600 2443/695/1601 2444/694/1602
f 2444/694/1602 2445/693/1600 2442/692/1600
f 2446/696/1603 2447/699/1604 2448/698/1605
f 2448/698/1605 2449/697/1606 2446/696/1603
f 2450/700/1607 2451/703/1608 2452/702/1609
f 2453/702/1609 2454/701/1609 2450/700/1607
f 2455/704/1610 2456/707/1611 2457/706/1612
f 2457/706/1612 2458/705/1613 2455/704/1610
f 2459/708/1614 2460/711/1615 2461/710/1616
f 2461/710/1616 2462/709/1617 2463/708/1617
f 2443/695/1618 2464/713/1619 2465/712/1620
f 2466/712/1621 2444/694/1602 2443/695/1601
f 2467/714/1622 2468/716/1623 2450/700/1607
f 2450/700/1607 2469/715/1624 2467/714/1622
f 2469/715/1624 2450/700/1607 2470/717/1624
f 2471/718/1625 2451/703/1608 2450/700/1607
f 2450/700/1607 2468/716/1623 2471/718/1625
f 2472/719/1626 2471/718/1625 2468/716/1623
f 2455/704/1610 2473/721/1627 2474/720/1628
f 2474/720/1628 2456/707/1611 2455/704/1610
f 2475/722/1629 2476/724/1630 2477/708/1631
f 2478/708/1632 2479/723/1629 2475/722/1629
f 2479/723/1629 2480/708/1633 2481/725/1633
f 2476/724/1634 2482/726/1635 2460/711/1636
f 2460/711/1636 2483/708/1637 2476/724/1634
f 2484/727/1638 2482/726/1635 2476/724/1634
f 2485/712/1639 2464/713/1619 2486/729/1639
f 2487/729/1640 2488/728/1640 2489/712/1640
f 2458/705/1613 2457/706/1612 2490/731/1641
f 2491/731/1642 2492/730/1643 2458/705/1613
f 2493/732/1644 2471/718/1645 2494/719/1644
f 2495/719/1646 2496/733/1646 2497/732/1646
f 2498/734/1647 2482/726/1635 2499/727/1647
f 2500/727/1648 2501/735/1648 2502/734/1648
f 2442/692/1600 2445/693/1600 2503/737/1649
f 2504/737/1650 2505/736/1650 2442/692/1600
f 2506/731/1651 2507/739/1651 2508/738/1651
f 2509/738/1651 2492/730/1652 2510/731/1651
f 2511/740/1653 2512/736/1653 2513/737/1653
f 2514/737/1654 2515/741/1654 2516/740/1654
f 2467/714/1622 2517/743/1655 2518/742/1655
f 2518/742/1655 2468/716/1623 2467/714/1622
f 2519/721/1656 2520/745/1656 2521/744/1657
f 2521/744/1658 2474/720/1628 2522/721/1659
f 2475/722/1660 2523/747/1661 2524/746/1661
f 2525/746/1662 2476/724/1630 2475/722/1629
f 2526/728/1663 2527/729/1663 2449/697/1664
f 2449/697/1606 2448/698/1605 2528/728/1665
f 2529/748/1666 2521/744/1667 2530/745/1668
f 2531/745/1669 2532/749/1669 2529/748/1670
f 2469/715/1624 2470/717/1624 2533/751/1671
f 2534/751/1671 2535/750/1671 2469/715/1672
f 2479/723/1629 2536/725/1673 2537/753/1673
f 2538/753/1673 2539/752/1673 2479/723/1629
f 2447/699/1604 2446/696/1603 2540/755/1674
f 2541/755/1675 2542/754/1675 2447/699/1604
f 2543/749/1676 2544/757/1676 2545/756/1676
f 2546/756/1677 2529/748/1678 2547/749/1677
f 2548/757/1679 2549/754/1679 2550/755/1679
f 2551/755/1680 2552/756/1680 2553/757/1680
f 2554/758/1681 2555/761/1682 2556/760/1683
f 2556/760/1683 2557/759/1684 2554/758/1681
f 2558/762/1685 2559/765/1686 2560/764/1687
f 2560/764/1687 2561/763/1688 2558/762/1685
f 2562/766/1689 2563/769/1690 2564/768/1691
f 2564/768/1691 2565/767/1692 2566/766/1692
f 2567/770/1693 2568/773/1694 2569/772/1695
f 2569/772/1695 2570/771/1696 2567/770/1693
f 2571/774/1697 2572/777/1697 2573/776/1698
f 2573/776/1698 2574/775/1697 2575/774/1697
f 2576/778/1699 2577/779/1700 2556/760/1683
f 2556/760/1683 2555/761/1682 2576/778/1699
f 2578/780/1701 2563/769/1690 2560/764/1687
f 2560/764/1687 2559/765/1686 2578/780/1701
f 2563/769/1690 2578/780/1701 2564/768/1691
f 2579/781/1702 2578/780/1701 2559/765/1686
f 2568/773/1694 2580/783/1703 2581/782/1704
f 2581/782/1704 2569/772/1695 2568/773/1694
f 2573/776/1698 2582/777/1705 2583/785/1705
f 2584/785/1697 2585/784/1706 2573/776/1698
f 2586/786/1707 2587/787/1708 2573/776/1709
f 2573/776/1698 2585/784/1706 2588/786/1697
f 2589/779/1710 2576/778/1699 2590/789/1710
f 2591/789/1711 2592/788/1711 2593/779/1711
f 2567/770/1693 2570/771/1696 2594/791/1712
f 2595/791/1713 2596/790/1714 2567/770/1693
f 2578/780/1701 2597/781/1689 2598/793/1689
f 2599/793/1715 2600/792/1715 2578/780/1701
f 2587/787/1708 2601/786/1697 2602/795/1697
f 2603/795/1716 2604/794/1716 2587/787/1708
f 2605/796/1717 2606/799/1717 2607/798/1717
f 2608/798/1718 2609/797/1718 2610/796/1718
f 2596/790/1719 2611/791/1720 2612/798/1720
f 2613/798/1721 2614/799/1721 2596/790/1719
f 2557/759/1722 2615/796/1723 2616/797/1723
f 2617/797/1724 2554/758/1681 2557/759/1684
f 2585/784/1725 2618/785/1726 2619/801/1726
f 2620/801/1727 2621/800/1727 2585/784/1706
f 2581/782/1728 2622/783/1729 2623/802/1729
f 2624/788/1730 2625/789/1730 2626/803/1730
f 2316/615/1526 2315/613/1525 2314/614/1524
f 2314/614/1524 2627/630/1731 2316/615/1526
f 2628/804/1732 2629/807/1733 2630/806/1734
f 2630/806/1734 2631/805/1735 2628/804/1732
f 2632/808/1736 2633/811/1737 2634/810/1738
f 2634/810/1738 2635/809/1739 2632/808/1736
f 2636/812/1740 2637/813/1741 2633/811/1737
f 2633/811/1737 2632/808/1736 2636/812/1740
f 2636/812/1740 2638/815/1742 2639/814/1743
f 2639/814/1743 2637/813/1741 2636/812/1740
f 2640/816/1744 2641/817/1744 2635/809/1745
f 2635/809/1739 2634/810/1738 2642/816/1746
f 2643/818/1747 2644/821/1748 2645/820/1748
f 2646/820/1749 2647/819/1750 2643/818/1747
f 2648/822/1751 2649/820/1752 2650/824/1752
f 2651/824/1753 2652/823/1754 2648/822/1755
f 2653/825/1756 2652/823/1754 2654/824/1757
f 2655/824/1758 2656/826/1758 2653/825/1756
f 2643/818/1747 2657/827/1759 2658/821/1760
f 2659/828/1761 2643/818/1747 2647/819/1750
f 2647/819/1750 2660/829/1762 2659/828/1761
f 2661/830/1763 2648/822/1755 2652/823/1754
f 2652/823/1754 2662/831/1764 2661/830/1763
f 2662/831/1764 2652/823/1754 2653/825/1756
f 2653/825/1756 2663/832/1765 2662/831/1764
f 2664/833/1766 2659/828/1761 2660/829/1762
f 2660/829/1762 2665/834/1767 2664/833/1766
f 2661/830/1763 2662/831/1764 2666/835/1768
f 2666/835/1768 2665/834/1767 2661/830/1763
f 2662/831/1764 2663/832/1765 2667/836/1769
f 2667/836/1769 2666/835/1768 2662/831/1764
f 2668/837/1770 2669/839/1770 2670/838/1771
f 2670/838/1772 2664/833/1766 2671/837/1773
f 2635/809/1739 2664/833/1766 2665/834/1767
f 2665/834/1767 2632/808/1736 2635/809/1739
f 2636/812/1740 2632/808/1736 2665/834/1767
f 2665/834/1767 2666/835/1768 2636/812/1740
f 2666/835/1768 2667/836/1769 2638/815/1742
f 2638/815/1742 2636/812/1740 2666/835/1768
f 2672/817/1774 2673/837/1774 2664/833/1766
f 2664/833/1766 2635/809/1739 2674/817/1775
f 2657/827/1776 2675/841/1777 2676/840/1777
f 2677/840/1778 2678/821/1778 2657/827/1776
f 2670/838/1772 2657/827/1759 2643/818/1747
f 2643/818/1747 2659/828/1761 2670/838/1772
f 2679/820/1779 2648/822/1755 2647/819/1750
f 2661/830/1763 2660/829/1762 2647/819/1750
f 2647/819/1750 2648/822/1755 2661/830/1763
f 2680/841/1780 2657/827/1759 2670/838/1772
f 2670/838/1781 2681/839/1782 2682/841/1782
f 2664/833/1766 2670/838/1772 2659/828/1761
f 2661/830/1763 2665/834/1767 2660/829/1762
f 2683/842/1783 2684/843/1784 2685/844/1785
f 2685/844/1785 2686/845/1786 2683/842/1783
f 2687/846/1787 2688/847/1788 2689/848/1789
f 2689/848/1789 2690/849/1790 2687/846/1787
f 2687/846/1787 2691/850/1791 2688/847/1788
f 2692/851/1792 2684/843/1784 2683/842/1783
f 2683/842/1783 2693/852/1793 2692/851/1792
f 2694/853/1794 2695/854/1795 2696/855/1796
f 2697/856/1797 2692/851/1798 2698/857/1799
f 2698/857/1799 2699/858/1800 2700/856/1800
f 2701/859/1801 2685/844/1785 2684/843/1784
f 2684/843/1784 2702/856/1802 2701/859/1801
f 2703/860/1803 2704/861/1804 2705/862/1805
f 2705/862/1805 2706/863/1806 2703/860/1803
f 2707/864/1807 2708/865/1808 2709/866/1809
f 2710/867/1810 2711/868/1811 2712/869/1811
f 2713/869/1812 2714/870/1812 2710/867/1813
f 2715/871/1814 2716/872/1815 2717/873/1816
f 2718/873/1817 2719/874/1818 2715/871/1814
f 2720/875/1819 2715/871/1814 2719/874/1818
f 2721/876/1820 2722/877/1821 2723/878/1822
f 2723/878/1822 2724/879/1823 2721/876/1820
f 2723/878/1822 2725/880/1824 2726/881/1825
f 2727/881/1826 2724/879/1823 2723/878/1822
f 2728/882/1827 2729/883/1828 2725/880/1824
f 2725/880/1824 2723/878/1822 2728/882/1827
f 2730/884/1829 2731/885/1830 2708/865/1808
f 2708/865/1808 2707/864/1807 2730/884/1829
f 2694/853/1794 2732/886/1831 2695/854/1795
f 2696/855/1796 2733/887/1832 2694/853/1794
f 2734/888/1833 2735/889/1834 2736/890/1835
f 2737/890/1836 2738/891/1837 2734/888/1833
f 2739/892/1838 2734/888/1833 2738/891/1837
f 2738/891/1837 2740/893/1839 2739/892/1838
f 2741/894/1840 2730/884/1841 2742/895/1842
f 2743/895/1843 2744/896/1843 2741/894/1844
f 2745/897/1845 2746/898/1846 2747/899/1847
f 2747/899/1847 2748/900/1848 2745/897/1845
f 2749/901/1849 2750/902/1850 2686/845/1786
f 2686/845/1786 2685/844/1785 2749/901/1849
f 2751/903/1851 2749/901/1849 2685/844/1785
f 2685/844/1785 2701/859/1801 2752/903/1852
f 2753/904/1853 2750/902/1850 2749/901/1849
f 2749/901/1849 2754/903/1854 2753/904/1853
f 2755/905/1855 2756/906/1856 2757/907/1857
f 2716/872/1815 2715/871/1814 2758/908/1858
f 2695/854/1859 2759/886/1860 2760/909/1860
f 2761/909/1861 2762/910/1861 2695/854/1862
f 2763/911/1863 2758/908/1858 2715/871/1814
f 2715/871/1814 2720/875/1819 2763/911/1863
f 2764/912/1864 2765/913/1865 2766/914/1866
f 2722/877/1821 2767/915/1867 2768/916/1867
f 2720/875/1819 2769/917/1868 2763/911/1863
f 2770/918/1869 2771/919/1870 2772/920/1871
f 2741/894/1840 2773/921/1872 2774/885/1872
f 2775/885/1873 2730/884/1841 2741/894/1840
f 2776/922/1874 2693/852/1793 2683/842/1783
f 2683/842/1783 2777/923/1875 2778/922/1876
f 2779/924/1877 2780/925/1878 2781/926/1879
f 2781/926/1879 2782/927/1880 2779/924/1877
f 2783/928/1881 2784/929/1882 2688/847/1788
f 2785/930/1883 2786/931/1884 2787/932/1885
f 2787/932/1885 2788/933/1886 2785/930/1883
f 2771/919/1887 2763/911/1888 2789/917/1889
f 2790/917/1890 2791/920/1890 2771/919/1887
f 2792/934/1891 2793/935/1892 2794/936/1893
f 2795/936/1894 2796/937/1894 2792/934/1891
f 2797/938/1895 2792/934/1891 2798/937/1896
f 2799/937/1897 2800/939/1898 2797/938/1895
f 2800/939/1898 2801/940/1899 2802/941/1900
f 2802/941/1900 2797/938/1895 2800/939/1898
f 2722/877/1821 2803/916/1901 2723/878/1822
f 2804/942/1902 2805/943/1903 2806/944/1904
f 2806/944/1904 2807/945/1905 2804/942/1902
f 2808/946/1906 2809/947/1907 2810/948/1908
f 2810/948/1908 2811/949/1909 2808/946/1906
f 2812/950/1910 2813/951/1911 2814/952/1912
f 2814/952/1912 2815/953/1913 2812/950/1910
f 2816/954/1914 2817/955/1915 2783/928/1881
f 2783/928/1881 2688/847/1788 2816/954/1914
f 2818/956/1916 2819/957/1916 2820/958/1917
f 2820/958/1918 2821/959/1919 2822/956/1920
f 2823/960/1921 2824/936/1921 2793/935/1922
f 2793/935/1892 2780/925/1878 2825/960/1923
f 2780/925/1878 2826/961/1924 2827/960/1924
f 2828/962/1925 2686/845/1786 2750/902/1850
f 2750/902/1850 2829/963/1926 2828/962/1925
f 2830/964/1927 2828/962/1925 2829/963/1926
f 2829/963/1926 2831/965/1928 2830/964/1927
f 2832/966/1929 2833/967/1929 2686/845/1930
f 2686/845/1786 2828/962/1925 2834/966/1931
f 2835/968/1932 2836/966/1933 2828/962/1925
f 2828/962/1925 2830/964/1927 2835/968/1932
f 2812/950/1910 2815/953/1913 2831/965/1928
f 2831/965/1928 2829/963/1926 2812/950/1910
f 2750/902/1850 2753/904/1853 2812/950/1910
f 2812/950/1910 2829/963/1926 2750/902/1850
f 2837/969/1934 2838/970/1934 2692/851/1935
f 2692/851/1792 2693/852/1793 2839/969/1936
f 2692/851/1792 2840/856/1937 2684/843/1784
f 2841/971/1938 2766/914/1939 2842/972/1940
f 2843/972/1941 2844/973/1941 2841/971/1942
f 2845/974/1943 2841/971/1944 2846/973/1943
f 2847/973/1945 2848/975/1945 2849/974/1945
f 2850/976/1946 2851/977/1947 2852/978/1948
f 2852/978/1948 2853/979/1949 2850/976/1946
f 2705/862/1805 2786/931/1884 2854/980/1950
f 2855/981/1951 2856/868/1951 2710/867/1810
f 2710/867/1952 2857/982/1953 2858/981/1953
f 2859/983/1954 2860/984/1954 2766/914/1939
f 2766/914/1939 2841/971/1938 2861/983/1955
f 2841/971/1944 2862/974/1956 2863/983/1956
f 2864/985/1957 2865/986/1957 2866/987/1957
f 2867/988/1958 2868/989/1958 2869/990/1958
f 2870/990/1959 2871/991/1959 2872/988/1959
f 2694/853/1794 2733/887/1832 2873/987/1960
f 2874/987/1961 2875/986/1961 2694/853/1794
f 2687/846/1787 2690/849/1790 2876/992/1962
f 2816/954/1914 2688/847/1788 2851/977/1947
f 2851/977/1947 2877/993/1963 2816/954/1914
f 2878/994/1964 2879/995/1964 2880/960/1964
f 2881/960/1965 2882/961/1965 2883/994/1965
f 2852/978/1948 2691/850/1791 2884/996/1966
f 2885/996/1967 2886/997/1967 2852/978/1968
f 2851/977/1947 2688/847/1788 2691/850/1791
f 2691/850/1791 2852/978/1948 2851/977/1947
f 2764/912/1864 2766/914/1866 2887/984/1969
f 2766/914/1866 2765/913/1865 2888/972/1970
f 2686/845/1786 2889/967/1971 2777/923/1875
f 2777/923/1875 2683/842/1783 2686/845/1786
f 2890/998/1972 2891/961/1972 2780/925/1878
f 2780/925/1878 2779/924/1877 2892/998/1973
f 2893/999/1974 2793/935/1892 2792/934/1891
f 2792/934/1891 2894/1000/1975 2893/999/1974
f 2797/938/1895 2895/1001/1976 2894/1000/1975
f 2894/1000/1975 2792/934/1891 2797/938/1895
f 2797/938/1895 2802/941/1900 2895/1001/1976
f 2802/941/1900 2801/940/1899 2896/1002/1977
f 2897/1002/1978 2898/1003/1979 2802/941/1900
f 2780/925/1878 2793/935/1892 2893/999/1974
f 2899/1004/1980 2900/1005/1981 2901/1006/1982
f 2901/1006/1982 2902/1007/1983 2899/1004/1980
f 2780/925/1878 2893/999/1974 2781/926/1879
f 2903/1008/1984 2904/1009/1984 2901/1006/1985
f 2901/1006/1982 2905/1010/1986 2906/1008/1986
f 2901/1006/1982 2907/1009/1987 2908/1011/1987
f 2909/1011/1988 2902/1007/1983 2901/1006/1982
f 2910/1012/1989 2911/1013/1990 2912/1014/1991
f 2912/1014/1991 2913/1015/1992 2914/1012/1992
f 2915/1015/1993 2912/1014/1991 2916/1016/1994
f 2916/1016/1994 2820/958/1918 2917/1015/1995
f 2821/959/1919 2820/958/1918 2916/1016/1994
f 2918/1017/1996 2919/1018/1997 2911/1013/1990
f 2911/1013/1998 2920/1012/1999 2921/1017/1999
f 2802/941/1900 2898/1003/1979 2922/1019/2000
f 2922/1019/2000 2895/1001/1976 2802/941/1900
f 2808/946/1906 2811/949/1909 2899/1004/1980
f 2899/1004/1980 2902/1007/1983 2808/946/1906
f 2808/946/2001 2923/1020/2002 2924/1021/2002
f 2925/1021/2003 2809/947/1907 2808/946/1906
f 2902/1007/2004 2926/1011/2005 2927/1020/2005
f 2928/1020/2006 2808/946/1906 2902/1007/1983
f 2929/916/2007 2728/882/1827 2723/878/1822
f 2930/1022/2008 2931/1023/2009 2932/1024/2010
f 2933/1025/2011 2757/907/1857 2756/906/1856
f 2756/906/1856 2934/1026/2012 2933/1025/2011
f 2932/1024/2010 2931/1023/2009 2804/942/1902
f 2804/942/1902 2935/1027/2013 2932/1024/2010
f 2931/1023/2009 2936/1028/2014 2804/942/1902
f 2937/1029/2015 2938/1030/2016 2939/1031/2017
f 2939/1031/2017 2940/1032/2018 2937/1029/2015
f 2941/1033/2019 2854/980/1950 2786/931/1884
f 2786/931/1884 2785/930/1883 2941/1033/2019
f 2705/862/1805 2942/861/2020 2787/932/1885
f 2787/932/1885 2786/931/1884 2705/862/1805
f 2706/863/1806 2705/862/1805 2943/1034/2021
f 2707/864/1807 2944/895/2022 2730/884/1829
f 2745/897/1845 2945/1035/2023 2735/889/1834
f 2735/889/1834 2734/888/1833 2745/897/1845
f 2734/888/1833 2739/892/1838 2746/898/1846
f 2746/898/1846 2745/897/1845 2734/888/1833
f 2946/1036/2024 2947/1037/2025 2948/1038/2025
f 2753/904/1853 2813/951/1911 2812/950/1910
f 2946/1036/2026 2949/1039/2027 2950/1040/2028
f 2951/1040/2029 2952/1041/2029 2946/1036/2030
f 2949/1039/2027 2946/1036/2026 2953/1042/2031
f 2954/1042/2032 2955/1043/2033 2949/1039/2027
f 2956/1044/2034 2957/1035/2035 2745/897/1845
f 2745/897/1845 2748/900/1848 2956/1044/2034
f 2958/1045/2036 2959/1046/2036 2756/906/1856
f 2960/1047/2037 2934/1026/2012 2756/906/1856
f 2756/906/1856 2961/1046/2038 2962/1047/2038
f 2805/943/1903 2934/1026/2012 2963/1047/2039
f 2964/1047/2040 2965/1048/2040 2805/943/1903
f 2930/1022/2008 2966/1049/2041 2936/1028/2014
f 2936/1028/2014 2931/1023/2009 2930/1022/2008
f 2936/1028/2014 2966/1049/2041 2757/907/1857
f 2757/907/1857 2933/1025/2011 2936/1028/2014
f 2757/907/1857 2966/1049/2041 2967/1050/2042
f 2968/1050/2043 2969/905/2043 2757/907/1857
f 2970/1050/2044 2966/1049/2041 2930/1022/2008
f 2971/1051/2045 2972/1052/2046 2955/1043/2047
f 2955/1043/2033 2973/1042/2048 2974/1051/2048
f 2975/1038/2049 2976/1042/2049 2946/1036/2024
f 2977/1053/2050 2978/1054/2050 2770/918/2051
f 2806/944/1904 2805/943/1903 2979/1048/2052
f 2980/1048/2053 2981/1055/2053 2806/944/2054
f 2982/1056/2055 2983/1057/2056 2972/1052/2046
f 2972/1052/2046 2984/1051/2057 2982/1056/2055
f 2985/1055/2058 2986/1058/2058 2807/945/2059
f 2807/945/1905 2806/944/1904 2987/1055/2060
f 2982/1056/2061 2770/918/2051 2988/1054/2062
f 2989/1054/2063 2990/1057/2063 2982/1056/2061
f 2805/943/1903 2804/942/1902 2936/1028/2014
f 2936/1028/2014 2933/1025/2011 2805/943/1903
f 2805/943/1903 2933/1025/2011 2934/1026/2012
f 2991/1059/2064 2738/891/2065 2992/890/2066
f 2991/1059/2064 2993/1060/2067 2738/891/2065
f 2994/1061/2068 2995/1062/2069 2996/1063/2070
f 2996/1063/2070 2997/1064/2070 2994/1061/2068
f 2998/1065/2070 2999/1066/2070 3000/1067/2070
f 3001/1067/2071 3002/1068/2071 3003/1065/2071
f 2943/1034/2021 3004/1069/2072 2706/863/1806
f 2709/866/1809 2708/865/1808 3005/991/2073
f 3006/991/2074 3007/990/2074 2709/866/2075
f 3008/890/2076 3009/1070/2076 3010/1071/2076
f 3011/1072/2077 3012/1071/2077 3013/1070/2077
f 2943/1034/2021 2705/862/1805 2854/980/1950
f 3014/890/2078 3015/1071/2078 2991/1059/2079
f 3016/1073/2080 3004/1069/2072 2943/1034/2021
f 2943/1034/2021 2854/980/1950 3017/1073/2081
f 3018/1045/2082 2756/906/2083 3019/905/2082
f 2770/918/2084 3020/920/2085 3021/1053/2085
f 2935/1027/2013 2804/942/1902 2807/945/1905
f 2807/945/1905 3022/1058/2086 2935/1027/2013
f 2854/980/1950 2941/1033/2019 3023/1074/2087
f 3023/1074/2087 3024/1075/2088 2854/980/1950
f 3025/1073/2089 2854/980/1950 3024/1075/2088
f 3024/1075/2088 3026/1076/2090 3027/1073/2090
f 2740/893/1839 2738/891/1837 3028/1060/2091
f 3029/1060/2092 3030/1060/2092 2740/893/2093
f 3024/1075/2088 3023/1074/2087 3031/1077/2094
f 3031/1077/2094 3032/1076/2095 3024/1075/2088
f 3031/1077/2096 3033/1078/2097 2937/1029/2015
f 2937/1029/2015 3034/1076/2098 3031/1077/2096
f 3033/1078/2097 3035/1079/2099 2938/1030/2016
f 2938/1030/2016 2937/1029/2015 3033/1078/2097
f 3036/1080/2100 3037/1067/2100 3038/1066/2100
f 3039/1066/2101 3040/1081/2102 3041/1080/2101
f 2938/1030/2016 3035/1079/2099 2995/1062/2069
f 2995/1062/2069 2994/1061/2068 2938/1030/2016
f 2939/1031/2017 2938/1030/2016 2994/1061/2068
f 2994/1061/2068 3042/1082/2103 2939/1031/2017
f 3043/1083/2104 3040/1081/2105 3044/1066/2104
f 3045/1066/2106 3046/1084/2106 3047/1083/2106
f 3048/844/2107 3049/843/2108 3050/842/2109
f 3050/842/2109 3051/845/2110 3048/844/2107
f 3052/846/2111 3053/848/2112 3054/847/2113
f 3054/847/2113 3055/850/2114 3052/846/2111
f 3053/848/2112 3052/846/2111 3056/849/2115
f 3057/851/2116 3058/852/2117 3050/842/2109
f 3050/842/2109 3049/843/2108 3057/851/2116
f 3059/853/2118 3060/855/2119 3061/854/2120
f 3062/856/2121 3063/858/2121 3064/857/2122
f 3064/857/2123 3057/851/2116 3065/856/2124
f 3049/843/2108 3048/844/2107 3066/859/2125
f 3066/859/2125 3067/856/2126 3049/843/2108
f 3068/862/2127 3069/861/2128 3070/860/2129
f 3070/860/2129 3071/863/2130 3068/862/2127
f 3072/864/2131 3073/866/2132 3074/865/2133
f 3075/867/2134 3076/870/2134 3077/869/2134
f 3078/869/2135 3079/868/2135 3080/867/2135
f 3081/873/2136 3082/872/2137 3083/871/2138
f 3083/871/2138 3084/874/2139 3085/873/2140
f 3086/875/2141 3084/874/2139 3083/871/2138
f 3087/876/2142 3088/879/2143 3089/878/2144
f 3089/878/2144 3090/877/2145 3087/876/2142
f 3089/878/2144 3088/879/2143 3091/881/2143
f 3092/881/2146 3093/880/2147 3089/878/2144
f 3093/880/2147 3094/883/2148 3095/882/2149
f 3095/882/2149 3089/878/2144 3093/880/2147
f 3096/884/2150 3072/864/2131 3074/865/2133
f 3074/865/2133 3097/885/2151 3096/884/2150
f 3059/853/2118 3061/854/2120 3098/886/2152
f 3060/855/2119 3059/853/2118 3099/887/2153
f 3100/890/2154 3101/889/2155 3102/888/2156
f 3102/888/2156 3103/891/2157 3104/890/2158
f 3105/892/2159 3106/893/2160 3103/891/2157
f 3103/891/2157 3102/888/2156 3105/892/2159
f 3107/895/2161 3096/884/2162 3108/894/2163
f 3108/894/2163 3109/896/2164 3110/895/2164
f 3111/897/2165 3112/900/2166 3113/899/2166
f 3114/899/2167 3115/898/2168 3111/897/2169
f 3051/845/2110 3116/902/2170 3117/901/2171
f 3117/901/2171 3048/844/2107 3051/845/2110
f 3048/844/2107 3117/901/2171 3118/903/2172
f 3119/903/2173 3066/859/2125 3048/844/2107
f 3117/901/2171 3116/902/2170 3120/904/2174
f 3120/904/2174 3121/903/2175 3117/901/2171
f 3122/905/2176 3123/907/2177 3124/906/2178
f 3082/872/2137 3125/908/2179 3083/871/2138
f 3061/854/2180 3126/910/2181 3127/909/2181
f 3128/909/2182 3129/886/2182 3061/854/2180
f 3130/911/2183 3086/875/2141 3083/871/2138
f 3083/871/2138 3125/908/2179 3130/911/2183
f 3131/912/2184 3132/914/2185 3133/913/2186
f 3090/877/2145 3134/916/2187 3135/915/2187
f 3086/875/2141 3130/911/2183 3136/917/2188
f 3137/918/2189 3138/920/2190 3139/919/2191
f 3140/885/2192 3141/921/2192 3108/894/2193
f 3108/894/2163 3096/884/2162 3142/885/2194
f 3143/922/2195 3144/923/2196 3050/842/2109
f 3050/842/2109 3058/852/2117 3145/922/2197
f 3146/924/2198 3147/927/2198 3148/926/2199
f 3148/926/2199 3149/925/2200 3150/924/2201
f 3151/928/2202 3054/847/2113 3152/929/2202
f 3153/930/2203 3154/933/2203 3155/932/2204
f 3155/932/2205 3156/931/2206 3157/930/2207
f 3139/919/2208 3158/920/2209 3159/917/2209
f 3160/917/2210 3130/911/2211 3139/919/2191
f 3161/934/2212 3162/937/2213 3163/936/2213
f 3164/936/2214 3165/935/2215 3161/934/2216
f 3166/938/2217 3167/939/2218 3168/937/2219
f 3169/937/2220 3161/934/2216 3166/938/2217
f 3170/941/2221 3171/940/2222 3167/939/2218
f 3167/939/2218 3166/938/2217 3170/941/2221
f 3090/877/2145 3089/878/2144 3172/916/2223
f 3173/944/2224 3174/943/2225 3175/942/2226
f 3175/942/2226 3176/945/2227 3173/944/2224
f 3177/946/2228 3178/949/2229 3179/948/2230
f 3180/948/2231 3181/947/2231 3177/946/2232
f 3182/950/2233 3183/953/2234 3184/952/2234
f 3185/952/2235 3186/951/2236 3182/950/2233
f 3187/954/2237 3054/847/2113 3188/928/2238
f 3189/928/2239 3190/955/2239 3187/954/2237
f 3191/958/2240 3192/957/2241 3193/956/2241
f 3194/956/2242 3195/959/2242 3191/958/2240
f 3196/960/2243 3197/961/2243 3149/925/2244
f 3149/925/2244 3198/936/2245 3199/960/2245
f 3200/936/2246 3149/925/2200 3165/935/2215
f 3201/962/2247 3202/963/2248 3116/902/2170
f 3116/902/2170 3051/845/2110 3201/962/2247
f 3202/963/2248 3201/962/2247 3203/964/2249
f 3204/964/2250 3205/965/2250 3202/963/2251
f 3051/845/2252 3206/967/2253 3207/966/2253
f 3208/966/2254 3201/962/2247 3051/845/2110
f 3201/962/2255 3209/966/2256 3210/968/2256
f 3211/968/2257 3212/964/2257 3201/962/2247
f 3213/965/2258 3214/953/2258 3182/950/2259
f 3182/950/2233 3202/963/2248 3215/965/2260
f 3116/902/2170 3202/963/2248 3182/950/2233
f 3182/950/2233 3120/904/2174 3116/902/2170
f 3057/851/2261 3216/970/2262 3217/969/2262
f 3218/969/2263 3058/852/2117 3057/851/2116
f 3057/851/2116 3049/843/2108 3219/856/2264
f 3220/972/2265 3132/914/2266 3221/971/2267
f 3221/971/2268 3222/973/2269 3223/972/2269
f 3224/974/2270 3225/975/2270 3226/973/2270
f 3227/973/2271 3221/971/2268 3228/974/2271
f 3229/978/2272 3230/977/2273 3231/976/2274
f 3231/976/2274 3232/979/2275 3229/978/2272
f 3068/862/2127 3233/980/2276 3156/931/2206
f 3234/981/2277 3235/982/2277 3236/867/2277
f 3237/867/2278 3238/868/2278 3239/981/2278
f 3240/983/2279 3221/971/2267 3132/914/2266
f 3132/914/2266 3241/984/2280 3242/983/2280
f 3221/971/2268 3243/983/2281 3244/974/2281
f 3245/985/2282 3246/987/2282 3247/986/2282
f 3248/990/2283 3249/989/2283 3250/988/2283
f 3251/988/2284 3252/991/2284 3253/990/2284
f 3059/853/2285 3254/986/2286 3255/987/2286
f 3256/987/2287 3099/887/2153 3059/853/2118
f 3052/846/2111 3257/992/2288 3056/849/2115
f 3230/977/2273 3054/847/2113 3187/954/2237
f 3187/954/2237 3258/993/2289 3230/977/2273
f 3259/994/2290 3260/961/2290 3261/960/2290
f 3262/960/2291 3263/995/2291 3264/994/2291
f 3229/978/2272 3265/997/2292 3266/996/2292
f 3267/996/2293 3055/850/2114 3229/978/2272
f 3230/977/2273 3229/978/2272 3055/850/2114
f 3055/850/2114 3054/847/2113 3230/977/2273
f 3131/912/2184 3268/984/2294 3132/914/2185
f 3132/914/2185 3269/972/2295 3133/913/2186
f 3051/845/2110 3050/842/2109 3144/923/2196
f 3144/923/2196 3270/967/2296 3051/845/2110
f 3271/998/2297 3272/924/2297 3149/925/2200
f 3149/925/2244 3273/961/2298 3274/998/2298
f 3161/934/2216 3165/935/2215 3275/999/2299
f 3275/999/2299 3276/1000/2300 3161/934/2216
f 3166/938/2217 3161/934/2216 3276/1000/2300
f 3276/1000/2300 3277/1001/2301 3166/938/2217
f 3166/938/2217 3277/1001/2301 3170/941/2221
f 3170/941/2221 3278/1003/2302 3279/1002/2302
f 3280/1002/2303 3171/940/2222 3170/941/2221
f 3149/925/2200 3275/999/2299 3165/935/2215
f 3281/1006/2304 3282/1005/2305 3283/1004/2306
f 3283/1004/2306 3284/1007/2307 3281/1006/2304
f 3149/925/2200 3148/926/2199 3275/999/2299
f 3281/1006/2308 3285/1009/2309 3286/1008/2309
f 3287/1008/2310 3288/1010/2310 3281/1006/2311
f 3281/1006/2304 3284/1007/2307 3289/1011/2312
f 3290/1011/2313 3291/1009/2313 3281/1006/2304
f 3292/1012/2314 3293/1015/2314 3294/1014/2315
f 3294/1014/2316 3295/1013/2317 3296/1012/2318
f 3297/1015/2319 3191/958/2320 3298/1016/2321
f 3298/1016/2322 3294/1014/2316 3299/1015/2323
f 3300/959/2324 3298/1016/2321 3191/958/2320
f 3301/1017/2325 3302/1012/2325 3295/1013/2317
f 3295/1013/2326 3303/1018/2327 3304/1017/2327
f 3305/1019/2328 3306/1003/2328 3170/941/2329
f 3170/941/2221 3277/1001/2301 3307/1019/2330
f 3177/946/2228 3284/1007/2307 3283/1004/2306
f 3283/1004/2306 3178/949/2229 3177/946/2228
f 3177/946/2228 3308/947/2331 3309/1021/2331
f 3310/1021/2332 3311/1020/2332 3177/946/2228
f 3284/1007/2307 3177/946/2228 3312/1020/2333
f 3313/1020/2334 3314/1011/2334 3284/1007/2335
f 3315/916/2336 3089/878/2144 3095/882/2149
f 3316/1022/2337 3317/1024/2338 3318/1023/2339
f 3319/1025/2340 3320/1026/2341 3124/906/2178
f 3124/906/2178 3123/907/2177 3319/1025/2340
f 3317/1024/2338 3321/1027/2342 3175/942/2226
f 3175/942/2226 3318/1023/2339 3317/1024/2338
f 3318/1023/2339 3175/942/2226 3322/1028/2343
f 3323/1029/2344 3324/1032/2345 3325/1031/2346
f 3325/1031/2346 3326/1030/2347 3323/1029/2344
f 3327/1033/2348 3328/930/2348 3156/931/2349
f 3156/931/2206 3233/980/2276 3329/1033/2350
f 3155/932/2205 3330/861/2351 3068/862/2127
f 3068/862/2127 3156/931/2206 3155/932/2205
f 3071/863/2130 3331/1034/2352 3068/862/2127
f 3072/864/2131 3096/884/2150 3332/895/2353
f 3111/897/2169 3102/888/2156 3101/889/2155
f 3101/889/2155 3333/1035/2354 3111/897/2169
f 3115/898/2168 3105/892/2159 3102/888/2156
f 3102/888/2156 3111/897/2169 3115/898/2168
f 3334/1036/2355 3335/1038/2356 3336/1037/2356
f 3120/904/2174 3182/950/2233 3186/951/2236
f 3337/1040/2028 3338/1039/2028 3334/1036/2357
f 3334/1036/2355 3339/1041/2358 3340/1040/2358
f 3341/1042/2359 3334/1036/2355 3342/1039/2359
f 3343/1039/2360 3344/1043/2360 3345/1042/2360
f 3111/897/2169 3346/1035/2361 3347/1044/2361
f 3348/1044/2362 3349/900/2362 3111/897/2169
f 3350/1045/2363 3124/906/2364 3351/1046/2363
f 3352/1047/2365 3353/1046/2365 3124/906/2366
f 3124/906/2178 3320/1026/2341 3354/1047/2367
f 3174/943/2368 3355/1048/2369 3356/1047/2369
f 3357/1047/2370 3320/1026/2341 3174/943/2225
f 3322/1028/2343 3358/1049/2371 3316/1022/2337
f 3316/1022/2337 3318/1023/2339 3322/1028/2343
f 3322/1028/2343 3319/1025/2340 3123/907/2177
f 3123/907/2177 3358/1049/2371 3322/1028/2343
f 3123/907/2177 3359/905/2372 3360/1050/2372
f 3361/1050/2373 3358/1049/2371 3123/907/2177
f 3362/1050/2374 3316/1022/2337 3358/1049/2371
f 3363/1051/2375 3364/1042/2375 3365/1043/2375
f 3366/1043/2376 3367/1052/2376 3368/1051/2376
f 3369/1038/2377 3334/1036/2355 3370/1042/2377
f 3371/1053/2378 3137/918/2379 3372/1054/2378
f 3173/944/2380 3373/1055/2381 3374/1048/2381
f 3375/1048/2382 3174/943/2225 3173/944/2224
f 3376/1056/2383 3377/1051/2384 3378/1052/2384
f 3379/1052/2385 3380/1057/2385 3376/1056/2386
f 3176/945/2387 3381/1058/2388 3382/1055/2388
f 3383/1055/2389 3173/944/2224 3176/945/2227
f 3376/1056/2390 3384/1057/2391 3385/1054/2391
f 3386/1054/2392 3137/918/2379 3376/1056/2390
f 3322/1028/2343 3175/942/2226 3174/943/2225
f 3174/943/2225 3319/1025/2340 3322/1028/2343
f 3174/943/2225 3320/1026/2341 3319/1025/2340
f 3387/1059/2393 3388/890/2394 3103/891/2395
f 3387/1059/2393 3103/891/2395 3389/1060/2396
f 3390/1061/2397 3391/1064/2398 3392/1063/2398
f 3393/1063/2399 3394/1062/2399 3390/1061/2400
f 3395/1067/2401 3396/1066/2401 3397/1065/2401
f 3398/1065/2402 3399/1068/2402 3400/1067/2402
f 3331/1034/2352 3071/863/2130 3401/1069/2403
f 3073/866/2404 3402/990/2405 3403/991/2405
f 3404/991/2406 3074/865/2133 3073/866/2132
f 3405/890/2407 3406/1071/2407 3407/1070/2407
f 3408/1072/2408 3409/1070/2408 3410/1071/2408
f 3331/1034/2352 3233/980/2276 3068/862/2127
f 3411/890/2409 3387/1059/2410 3412/1071/2409
f 3413/1073/2411 3233/980/2276 3331/1034/2352
f 3331/1034/2352 3401/1069/2403 3414/1073/2412
f 3415/1045/2413 3416/905/2413 3124/906/2364
f 3137/918/2414 3417/1053/2415 3418/920/2415
f 3321/1027/2342 3419/1058/2416 3176/945/2227
f 3176/945/2227 3175/942/2226 3321/1027/2342
f 3420/1074/2417 3421/1033/2417 3233/980/2276
f 3233/980/2418 3422/1075/2419 3423/1074/2420
f 3422/1075/2419 3233/980/2418 3424/1073/2421
f 3425/1073/2422 3426/1076/2422 3422/1075/2423
f 3427/1060/2424 3103/891/2157 3106/893/2160
f 3106/893/2160 3428/1060/2425 3429/1060/2425
f 3430/1077/2426 3431/1074/2426 3422/1075/2427
f 3422/1075/2428 3432/1076/2095 3433/1077/2095
f 3434/1077/2429 3435/1076/2429 3323/1029/2344
f 3323/1029/2344 3436/1078/2430 3437/1077/2430
f 3326/1030/2431 3438/1079/2432 3439/1078/2432
f 3440/1078/2433 3323/1029/2344 3326/1030/2347
f 3441/1080/2434 3442/1081/2434 3443/1066/2434
f 3444/1066/2435 3445/1067/2435 3446/1080/2435
f 3447/1062/2436 3448/1079/2436 3326/1030/2431
f 3326/1030/2347 3390/1061/2437 3449/1062/2438
f 3390/1061/2437 3326/1030/2347 3325/1031/2346
f 3325/1031/2346 3450/1082/2439 3390/1061/2437
f 3451/1083/2440 3452/1084/2440 3453/1066/2440
f 3454/1066/2441 3455/1081/2441 3456/1083/2441
f 2912/1014/1991 2911/1013/1990 3457/1013/2442
f 3457/1013/2442 3458/1014/2443 2912/1014/1991
f 2916/1016/1994 2912/1014/1991 3458/1014/2443
f 3458/1014/2443 3459/1016/2444 2916/1016/1994
f 2821/959/1919 2916/1016/1994 3459/1016/2444
f 3459/1016/2444 3460/959/2445 2821/959/1919
f 2911/1013/1990 2919/1018/1997 3461/1018/2446
f 3461/1018/2446 3457/1013/2442 2911/1013/1990
f 3295/1013/2317 3294/1014/2316 3462/1014/2447
f 3462/1014/2447 3463/1013/2448 3295/1013/2317
f 3294/1014/2316 3298/1016/2322 3464/1016/2449
f 3464/1016/2449 3462/1014/2447 3294/1014/2316
f 3298/1016/2322 3465/959/2450 3466/959/2450
f 3467/959/2451 3464/1016/2449 3298/1016/2322
f 3468/1018/2452 3295/1013/2317 3463/1013/2448
f 3463/1013/2453 3469/1018/2452 3470/1018/2452
f 3471/929/2454 2689/848/1789 2688/847/1788
f 3054/847/2113 3053/848/2112 3472/929/2455
f 3473/1085/2456 3474/1086/2457 3475/1087/2458
f 3475/1087/2458 3476/1088/2459 3473/1085/2456
f 3477/1089/2460 3478/1090/2461 3473/1085/2456
f 3473/1085/2456 3476/1088/2459 3477/1089/2460
f 3479/1091/2462 3480/1092/2463 3481/1093/2464
f 3481/1093/2464 3482/1094/2465 3479/1091/2462
f 3483/1095/2466 3484/1096/2467 3485/1097/2468
f 3486/1097/2469 3487/1098/2469 3483/1095/2470
f 3488/1099/2471 3489/1100/2472 3490/1101/2473
f 3490/1101/2473 3491/1102/2474 3488/1099/2471
f 3478/1090/2461 3477/1089/2460 3492/1103/2475
f 3492/1103/2475 3493/1104/2476 3478/1090/2461
f 3494/1105/2477 3480/1092/2463 3479/1091/2462
f 3479/1091/2462 3495/1106/2478 3494/1105/2477
f 3484/1096/2467 3483/1095/2466 3496/1107/2479
f 3496/1107/2479 3497/1108/2480 3484/1096/2467
f 3498/1109/2481 3489/1100/2472 3488/1099/2471
f 3488/1099/2471 3499/1110/2482 3498/1109/2481
f 3476/1088/2459 3475/1087/2458 3500/1111/2483
f 3501/1111/2484 3481/1093/2464 3476/1088/2459
f 3473/1085/2456 3491/1102/2474 3502/1112/2485
f 3503/1112/2483 3474/1086/2457 3473/1085/2456
f 3480/1092/2463 3477/1089/2460 3476/1088/2459
f 3476/1088/2459 3481/1093/2464 3480/1092/2463
f 3491/1102/2474 3473/1085/2456 3478/1090/2461
f 3478/1090/2461 3488/1099/2471 3491/1102/2474
f 3489/1100/2472 3483/1095/2466 3504/1098/2486
f 3505/1098/2487 3490/1101/2473 3489/1100/2472
f 3506/1113/2488 3507/1097/2488 3484/1096/2489
f 3484/1096/2467 3508/1114/2490 3509/1113/2490
f 3488/1099/2471 3478/1090/2461 3493/1104/2476
f 3493/1104/2476 3499/1110/2482 3488/1099/2471
f 3492/1103/2475 3477/1089/2460 3480/1092/2463
f 3480/1092/2463 3494/1105/2477 3492/1103/2475
f 3510/1114/2491 3484/1096/2467 3497/1108/2480
f 3497/1108/2492 3511/1115/2493 3512/1114/2493
f 3496/1107/2479 3483/1095/2466 3489/1100/2472
f 3489/1100/2472 3498/1109/2481 3496/1107/2479
f 3513/1116/2494 3514/1117/2495 3515/1118/2496
f 3515/1118/2496 3516/1119/2497 3513/1116/2494
f 3517/1120/2498 3518/1121/2499 3519/1122/2500
f 3520/1123/2501 3521/1124/2502 3522/1125/2503
f 3522/1125/2503 3523/1126/2504 3520/1123/2501
f 3524/1127/2505 3525/1128/2506 3526/1129/2507
f 3517/1120/2498 3519/1122/2500 3514/1117/2495
f 3514/1117/2495 3513/1116/2494 3517/1120/2498
f 3515/1118/2496 3527/1130/2508 3528/1131/2509
f 3528/1131/2509 3516/1119/2497 3515/1118/2496
f 3524/1127/2505 3526/1129/2507 3521/1124/2502
f 3521/1124/2502 3520/1123/2501 3524/1127/2505
f 3522/1125/2503 3529/1132/2510 3530/1133/2511
f 3530/1133/2511 3523/1126/2504 3522/1125/2503
f 3492/1103/2475 3531/1134/2512 3532/1135/2513
f 3532/1135/2513 3493/1104/2476 3492/1103/2475
f 3516/1119/2497 3532/1135/2513 3531/1134/2512
f 3531/1134/2512 3513/1116/2494 3516/1119/2497
f 3533/1136/2514 3534/1137/2515 3518/1121/2499
f 3518/1121/2499 3535/1138/2516 3533/1136/2514
f 3536/1139/2517 3494/1105/2477 3535/1138/2516
f 3496/1107/2479 3537/1140/2518 3538/1141/2519
f 3538/1141/2519 3497/1108/2480 3496/1107/2479
f 3523/1126/2504 3538/1141/2519 3537/1140/2518
f 3537/1140/2518 3520/1123/2501 3523/1126/2504
f 3539/1142/2520 3540/1143/2521 3541/1144/2522
f 3541/1144/2522 3525/1128/2506 3539/1142/2520
f 3542/1145/2523 3498/1109/2481 3539/1142/2520
f 3493/1104/2476 3532/1135/2513 3543/1146/2524
f 3543/1146/2524 3499/1110/2482 3493/1104/2476
f 3543/1146/2524 3532/1135/2513 3516/1119/2497
f 3516/1119/2497 3528/1131/2509 3543/1146/2524
f 3513/1116/2494 3531/1134/2512 3536/1139/2517
f 3536/1139/2517 3517/1120/2498 3513/1116/2494
f 3536/1139/2517 3531/1134/2512 3492/1103/2475
f 3492/1103/2475 3494/1105/2477 3536/1139/2517
f 3497/1108/2480 3538/1141/2519 3544/1147/2525
f 3544/1147/2525 3545/1115/2526 3497/1108/2480
f 3530/1133/2511 3544/1147/2525 3538/1141/2519
f 3538/1141/2519 3523/1126/2504 3530/1133/2511
f 3537/1140/2518 3542/1145/2523 3524/1127/2505
f 3524/1127/2505 3520/1123/2501 3537/1140/2518
f 3542/1145/2523 3537/1140/2518 3496/1107/2479
f 3496/1107/2479 3498/1109/2481 3542/1145/2523
f 3542/1145/2523 3539/1142/2520 3525/1128/2506
f 3525/1128/2506 3524/1127/2505 3542/1145/2523
f 3528/1131/2509 3541/1144/2522 3540/1143/2521
f 3540/1143/2521 3543/1146/2524 3528/1131/2509
f 3535/1138/2516 3518/1121/2499 3517/1120/2498
f 3517/1120/2498 3536/1139/2517 3535/1138/2516
f 3534/1137/2515 3533/1136/2514 3546/1148/2527
f 3547/1148/2528 3548/1149/2528 3534/1137/2529
f 3541/1144/2522 3528/1131/2509 3527/1130/2508
f 3527/1130/2508 3526/1129/2507 3525/1128/2506
f 3525/1128/2506 3541/1144/2522 3527/1130/2508
f 3540/1143/2521 3539/1142/2520 3498/1109/2481
f 3498/1109/2481 3499/1110/2482 3540/1143/2521
f 3499/1110/2482 3543/1146/2524 3540/1143/2521
f 3534/1137/2529 3549/1149/2530 3550/1150/2530
f 3534/1137/2515 3551/1150/2531 3519/1122/2500
f 3519/1122/2500 3518/1121/2499 3534/1137/2515
f 3495/1106/2478 3533/1136/2514 3535/1138/2516
f 3535/1138/2516 3494/1105/2477 3495/1106/2478
f 3495/1106/2478 3552/1148/2532 3533/1136/2514
f 3553/1151/2533 3554/1152/2533 3555/1153/2533
f 3556/1153/2534 3557/1154/2534 3558/1151/2534
f 3559/1155/2535 3560/1156/2536 3561/1157/2537
f 3561/1157/2537 3562/1158/2538 3559/1155/2535
f 3563/1159/2539 3564/1160/2540 3565/1161/2541
f 3565/1161/2541 3566/1162/2542 3563/1159/2539
f 3567/1163/2543 3568/1164/2544 3569/1165/2544
f 3570/1165/2545 3571/1166/2546 3567/1163/2543
f 3572/1167/2547 3573/1168/2548 3574/1169/2547
f 3574/1169/2549 3575/1170/2549 3576/1167/2549
f 3577/1171/2550 3571/1166/2551 3578/1165/2552
f 3579/1165/2553 3580/1172/2553 3577/1171/2550
f 3581/1167/2554 3577/1171/2555 3582/1172/2554
f 3583/1172/2554 3573/1168/2548 3584/1167/2554
f 3567/1163/2543 3585/1173/2556 3586/1174/2557
f 3587/1174/2558 3588/1164/2558 3567/1163/2559
f 3589/1175/2560 3590/1176/2560 3591/1177/2560
f 3591/1177/2560 3592/1178/2561 3593/1175/2560
f 3585/1173/2562 3594/1175/2563 3592/1178/2564
f 3592/1178/2564 3595/1174/2565 3585/1173/2562
f 3596/1179/2566 3597/1180/2567 3598/1181/2568
f 3598/1181/2568 3599/1182/2569 3596/1179/2566
f 3600/1183/2570 3601/1184/2571 3602/1185/2572
f 3602/1185/2572 3603/1186/2573 3600/1183/2570
f 3604/1187/2574 3605/1188/2575 3606/1189/2576
f 3606/1189/2576 3607/1190/2577 3604/1187/2574
f 3608/1191/2578 3609/1192/2579 3610/1193/2580
f 3610/1193/2580 3611/1194/2581 3608/1191/2578
f 3612/1195/2582 3613/1196/2583 3614/1197/2584
f 3614/1197/2584 3615/1198/2585 3612/1195/2582
f 3616/1199/2586 3617/1200/2587 3618/1201/2588
f 3618/1201/2588 3619/1202/2589 3616/1199/2586
f 3620/1203/2590 3621/1204/2591 3622/1205/2592
f 3622/1205/2592 3623/1206/2593 3620/1203/2590
f 3624/1207/2594 3625/1208/2595 3626/1209/2596
f 3626/1209/2596 3627/1210/2597 3624/1207/2594
f 3628/1211/2598 3629/1212/2599 3630/1213/2600
f 3630/1213/2600 3631/1214/2601 3628/1211/2598
f 3632/1215/2602 3633/1216/2603 3634/1217/2604
f 3634/1217/2604 3635/1218/2605 3632/1215/2602
f 3636/1219/2606 3637/1220/2606 3621/1204/2607
f 3621/1204/2591 3620/1203/2590 3638/1219/2608
f 3625/1208/2595 3639/1221/2609 3640/1222/2610
f 3640/1222/2610 3626/1209/2596 3625/1208/2595
f 3601/1184/2571 3600/1183/2570 3628/1211/2598
f 3628/1211/2598 3631/1214/2601 3601/1184/2571
f 3632/1215/2602 3641/1223/2611 3642/1224/2612
f 3642/1224/2612 3633/1216/2603 3632/1215/2602
f 3604/1187/2574 3643/1225/2613 3644/1226/2614
f 3644/1226/2614 3605/1188/2575 3604/1187/2574
f 3609/1192/2579 3608/1191/2578 3645/1227/2615
f 3645/1227/2615 3646/1228/2616 3609/1192/2579
f 3647/1229/2617 3648/1230/2618 3613/1196/2583
f 3649/1231/2619 3617/1200/2587 3616/1199/2586
f 3616/1199/2586 3650/1232/2620 3649/1231/2619
f 3644/1226/2614 3643/1225/2613 3623/1206/2593
f 3623/1206/2593 3622/1205/2592 3644/1226/2614
f 3627/1210/2597 3646/1228/2616 3645/1227/2615
f 3645/1227/2615 3624/1207/2594 3627/1210/2597
f 3648/1230/2618 3647/1229/2617 3630/1213/2600
f 3630/1213/2600 3629/1212/2599 3648/1230/2618
f 3634/1217/2604 3649/1231/2619 3650/1232/2620
f 3650/1232/2620 3635/1218/2605 3634/1217/2604
f 3599/1182/2569 3598/1181/2568 3651/1233/2569
f 3651/1233/2569 3652/1234/2621 3599/1182/2569
f 3597/1180/2567 3596/1179/2566 3653/1235/2622
f 3653/1235/2622 3654/1236/2623 3597/1180/2567
f 3639/1221/2609 3600/1183/2570 3603/1186/2573
f 3603/1186/2573 3655/1237/2624 3639/1221/2609
f 3656/1238/2625 3602/1185/2572 3601/1184/2571
f 3601/1184/2571 3642/1224/2612 3657/1238/2626
f 3658/1239/2627 3604/1187/2574 3607/1190/2577
f 3607/1190/2628 3659/1240/2627 3660/1239/2627
f 3619/1202/2589 3606/1189/2576 3605/1188/2575
f 3605/1188/2575 3616/1199/2586 3619/1202/2589
f 3617/1200/2587 3612/1195/2582 3615/1198/2585
f 3615/1198/2585 3618/1201/2588 3617/1200/2587
f 3611/1194/2581 3614/1197/2584 3613/1196/2583
f 3613/1196/2583 3608/1191/2578 3611/1194/2581
f 3661/1241/2629 3620/1203/2590 3623/1206/2593
f 3623/1206/2630 3662/1242/2631 3663/1241/2631
f 3622/1205/2592 3621/1204/2591 3632/1215/2602
f 3632/1215/2602 3635/1218/2605 3622/1205/2592
f 3633/1216/2603 3631/1214/2601 3630/1213/2600
f 3630/1213/2600 3634/1217/2604 3633/1216/2603
f 3629/1212/2599 3628/1211/2598 3625/1208/2595
f 3625/1208/2595 3624/1207/2594 3629/1212/2599
f 3664/1243/2632 3665/1219/2632 3620/1203/2633
f 3620/1203/2633 3666/1241/2634 3667/1243/2634
f 3621/1204/2591 3668/1220/2635 3641/1223/2611
f 3641/1223/2611 3632/1215/2602 3621/1204/2591
f 3642/1224/2612 3601/1184/2571 3631/1214/2601
f 3631/1214/2601 3633/1216/2603 3642/1224/2612
f 3628/1211/2598 3600/1183/2570 3639/1221/2609
f 3639/1221/2609 3625/1208/2595 3628/1211/2598
f 3616/1199/2586 3605/1188/2575 3644/1226/2614
f 3644/1226/2614 3650/1232/2620 3616/1199/2586
f 3643/1225/2613 3604/1187/2574 3669/1239/2636
f 3670/1239/2637 3671/1244/2637 3643/1225/2613
f 3608/1191/2578 3613/1196/2583 3648/1230/2618
f 3648/1230/2618 3645/1227/2615 3608/1191/2578
f 3647/1229/2617 3612/1195/2582 3617/1200/2587
f 3617/1200/2587 3649/1231/2619 3647/1229/2617
f 3650/1232/2620 3644/1226/2614 3622/1205/2592
f 3622/1205/2592 3635/1218/2605 3650/1232/2620
f 3672/1242/2638 3623/1206/2593 3643/1225/2613
f 3643/1225/2639 3673/1244/2638 3674/1242/2638
f 3645/1227/2615 3648/1230/2618 3629/1212/2599
f 3629/1212/2599 3624/1207/2594 3645/1227/2615
f 3634/1217/2604 3630/1213/2600 3647/1229/2617
f 3647/1229/2617 3649/1231/2619 3634/1217/2604
f 3606/1189/2640 3675/1245/2641 3676/1246/2641
f 3677/1246/2641 3607/1190/2577 3606/1189/2576
f 3614/1197/2642 3678/1247/2643 3679/1248/2643
f 3680/1248/2644 3615/1198/2585 3614/1197/2584
f 3681/1246/2645 3682/1249/2645 3683/1240/2645
f 3684/1240/2646 3607/1190/2628 3685/1246/2646
f 3611/1194/2581 3686/1250/2647 3687/1247/2647
f 3688/1247/2648 3614/1197/2584 3611/1194/2581
f 3689/1248/2649 3690/1251/2649 3618/1201/2588
f 3618/1201/2588 3615/1198/2585 3691/1248/2650
f 3619/1202/2651 3692/1252/2652 3693/1245/2652
f 3694/1245/2653 3606/1189/2576 3619/1202/2589
f 3695/1253/2654 3696/1254/2655 3697/1255/2656
f 3697/1255/2656 3698/1256/2657 3695/1253/2654
f 3699/1257/2658 3695/1253/2654 3698/1256/2657
f 3698/1256/2657 3700/1258/2659 3699/1257/2658
f 3701/1259/2660 3699/1257/2658 3700/1258/2659
f 3700/1258/2659 3702/1260/2661 3701/1259/2660
f 3703/1261/2662 3701/1259/2660 3702/1260/2661
f 3702/1260/2661 3704/1262/2663 3705/1261/2663
f 3697/1255/2656 3706/1263/2664 3707/1264/2665
f 3707/1264/2665 3698/1256/2657 3697/1255/2656
f 3700/1258/2659 3708/1265/2666 3709/1266/2667
f 3709/1266/2667 3702/1260/2661 3700/1258/2659
f 3710/1267/2668 3711/1268/2669 3712/1269/2670
f 3712/1269/2670 3713/1270/2671 3710/1267/2668
f 3714/1271/2672 3715/1272/2673 3716/1273/2674
f 3716/1273/2674 3717/1274/2675 3714/1271/2672
f 3718/1275/2676 3710/1267/2668 3713/1270/2671
f 3713/1270/2671 3719/1276/2677 3718/1275/2676
f 3717/1274/2675 3716/1273/2674 3720/1277/2678
f 3720/1277/2678 3721/1278/2679 3717/1274/2675
f 3722/1279/2680 3719/1276/2677 3723/1280/2681
f 3723/1280/2682 3724/1281/2683 3725/1279/2683
f 3711/1268/2669 3726/1282/2684 3727/1283/2685
f 3727/1283/2685 3712/1269/2670 3711/1268/2669
f 3727/1283/2685 3728/1284/2686 3729/1285/2687
f 3729/1285/2687 3730/1286/2688 3727/1283/2685
f 3729/1285/2687 3728/1284/2686 3715/1272/2673
f 3715/1272/2673 3714/1271/2672 3729/1285/2687
f 3708/1265/2666 3700/1258/2659 3698/1256/2657
f 3698/1256/2657 3707/1264/2665 3708/1265/2666
f 3731/1287/2689 3732/1262/2689 3702/1260/2690
f 3702/1260/2661 3709/1266/2667 3733/1287/2691
f 3734/1251/2692 3735/1252/2692 3619/1202/2693
f 3619/1202/2589 3618/1201/2588 3736/1251/2694
f 3737/1288/2695 3738/1250/2695 3611/1194/2581
f 3611/1194/2581 3610/1193/2580 3739/1288/2696
f 3560/1156/2536 3559/1155/2535 3740/1162/2697
f 3741/1162/2698 3742/1159/2698 3560/1156/2536
f 3743/1159/2699 3744/1162/2699 3745/1161/2699
f 3746/1161/2700 3747/1160/2700 3748/1159/2700
f 3749/1156/2701 3563/1159/2539 3566/1162/2542
f 3566/1162/2702 3750/1155/2703 3751/1156/2703
f 3752/1157/2704 3753/1156/2704 3754/1155/2704
f 3755/1155/2705 3756/1158/2705 3757/1157/2705
f 3758/1289/2706 3759/1290/2707 3760/1291/2708
f 3760/1291/2708 3761/1292/2709 3758/1289/2706
f 3762/1293/2710 3763/1294/2711 3764/1295/2712
f 3764/1295/2712 3765/1296/2713 3762/1293/2710
f 3759/1290/2707 3762/1293/2710 3765/1296/2713
f 3765/1296/2713 3760/1291/2708 3759/1290/2707
f 3766/1297/2714 3767/1298/2715 3768/1299/2716
f 3766/1297/2714 3768/1299/2716 3769/1300/2717
f 3769/1300/2717 3770/1301/2718 3766/1297/2714
f 3769/1300/2717 3771/1302/2719 3770/1301/2718
f 3770/1301/2718 3771/1302/2719 3772/1303/2720
f 3772/1303/2720 3773/1304/2721 3770/1301/2718
f 3772/1303/2720 3774/1305/2722 3773/1304/2721
f 3775/1306/2723 3772/1303/2720 3771/1302/2719
f 3772/1303/2720 3776/1307/2724 3774/1305/2722
f 3772/1303/2720 3775/1306/2723 3776/1307/2724
f 3777/1308/2725 3778/1309/2726 3779/1310/2727
f 3777/1308/2725 3779/1310/2727 3780/1311/2728
f 3777/1308/2725 3781/1312/2729 3778/1309/2726
f 3782/1313/2730 3777/1308/2725 3780/1311/2728
f 3782/1313/2730 3780/1311/2728 3783/1314/2731
f 3782/1313/2730 3781/1312/2729 3777/1308/2725
f 3781/1312/2729 3782/1313/2730 3784/1315/2732
f 3784/1315/2732 3785/1316/2733 3781/1312/2729
f 3785/1316/2733 3786/1317/2734 3787/1318/2735
f 3785/1316/2733 3784/1315/2732 3786/1317/2734
f 3783/1314/2731 3784/1315/2732 3782/1313/2730
f 3784/1315/2732 3788/1319/2736 3786/1317/2734
f 3784/1315/2732 3783/1314/2731 3788/1319/2736
f 3789/1320/2737 3790/1321/2738 3791/1322/2739
f 3792/1323/2740 3767/1298/2715 3766/1297/2714
f 3793/1324/2741 3778/1309/2726 3781/1312/2729
f 3778/1309/2726 3793/1324/2741 3794/1325/2742
f 3788/1319/2736 3795/1326/2743 3796/1327/2744
f 3795/1326/2743 3788/1319/2736 3783/1314/2731
f 3783/1314/2731 3797/1328/2745 3795/1326/2743
f 3797/1328/2745 3783/1314/2731 3780/1311/2728
f 3775/1306/2723 3797/1328/2745 3780/1311/2728
f 3797/1328/2745 3775/1306/2723 3798/1329/2746
f 3775/1306/2723 3799/1330/2747 3798/1329/2746
f 3799/1330/2747 3775/1306/2723 3771/1302/2719
f 3769/1300/2717 3799/1330/2747 3771/1302/2719
f 3799/1330/2747 3769/1300/2717 3800/1331/2748
f 3768/1299/2716 3800/1331/2748 3769/1300/2717
f 3800/1331/2748 3768/1299/2716 3801/1332/2749
f 3801/1332/2749 3768/1299/2716 3802/1333/2750
f 3785/1316/2733 3789/1320/2737 3791/1322/2739
f 3789/1320/2737 3785/1316/2733 3787/1318/2735
f 3803/1334/2751 3804/1335/2752 3805/1336/2753
f 3806/1337/2754 3803/1334/2751 3805/1336/2753
f 3803/1334/2751 3806/1337/2754 3807/1338/2755
f 3808/1339/2756 3807/1338/2755 3806/1337/2754
f 3795/1326/2743 3805/1336/2753 3796/1327/2744
f 3805/1336/2753 3795/1326/2743 3806/1337/2754
f 3797/1328/2745 3806/1337/2754 3795/1326/2743
f 3806/1337/2754 3797/1328/2745 3808/1339/2756
f 3797/1328/2745 3809/1340/2757 3808/1339/2756
f 3809/1340/2757 3797/1328/2745 3798/1329/2746
f 3799/1330/2747 3809/1340/2757 3798/1329/2746
f 3809/1340/2757 3799/1330/2747 3810/1341/2758
f 3799/1330/2747 3811/1342/2759 3810/1341/2758
f 3811/1342/2759 3799/1330/2747 3800/1331/2748
f 3800/1331/2748 3812/1343/2760 3811/1342/2759
f 3812/1343/2760 3800/1331/2748 3801/1332/2749
f 3813/1333/2761 3812/1343/2760 3801/1332/2749
f 3814/1344/2762 3767/1298/2715 3792/1323/2740
f 3792/1323/2740 3766/1297/2714 3770/1301/2718
f 3770/1301/2718 3815/1345/2763 3792/1323/2740
f 3792/1323/2740 3815/1345/2763 3816/1346/2764
f 3817/1346/2765 3818/1344/2765 3792/1323/2766
f 3815/1345/2763 3819/1347/2767 3820/1346/2767
f 3821/1348/2768 3822/1347/2769 3815/1345/2763
f 3770/1301/2718 3823/1349/2770 3815/1345/2763
f 3823/1349/2770 3821/1348/2768 3815/1345/2763
f 3823/1349/2770 3770/1301/2718 3773/1304/2721
f 3774/1305/2722 3823/1349/2770 3773/1304/2721
f 3823/1349/2770 3774/1305/2722 3824/1350/2771
f 3824/1350/2771 3821/1348/2768 3823/1349/2770
f 3824/1350/2771 3825/1347/2772 3821/1348/2768
f 3826/1347/2773 3824/1350/2774 3827/1351/2773
f 3774/1305/2722 3828/1352/2775 3824/1350/2771
f 3828/1352/2775 3774/1305/2722 3779/1310/2727
f 3824/1350/2771 3828/1352/2775 3829/1351/2776
f 3830/1351/2777 3828/1352/2778 3831/1353/2777
f 3779/1310/2727 3794/1325/2742 3828/1352/2775
f 3794/1325/2742 3832/1354/2779 3828/1352/2775
f 3794/1325/2742 3779/1310/2727 3778/1309/2726
f 3794/1325/2742 3793/1324/2741 3832/1354/2779
f 3832/1354/2780 3833/1355/2781 3834/1353/2781
f 3793/1324/2741 3835/1355/2782 3832/1354/2779
f 3836/1355/2783 3793/1324/2784 3837/1356/2783
f 3791/1322/2739 3838/1356/2785 3793/1324/2741
f 3839/1356/2786 3791/1322/2739 3790/1321/2738
f 3781/1312/2729 3791/1322/2739 3793/1324/2741
f 3791/1322/2739 3781/1312/2729 3785/1316/2733
f 3840/1353/2787 3828/1352/2775 3832/1354/2779
f 3780/1311/2728 3779/1310/2727 3775/1306/2723
f 3779/1310/2727 3776/1307/2724 3775/1306/2723
f 3779/1310/2727 3774/1305/2722 3776/1307/2724
f 3841/1357/2788 3842/1358/2788 3843/1359/2788
f 3844/1359/2789 3845/1360/2789 3846/1357/2789
f 3847/1358/2790 3848/1361/2790 3849/1359/2790
f 3850/1357/2791 3851/1360/2791 3852/1362/2791
f 3853/1362/2792 3854/1363/2792 3855/1357/2792
f 3856/1297/2793 3857/1298/2794 3858/1299/2795
f 3856/1297/2793 3858/1299/2795 3859/1300/2796
f 3859/1300/2796 3860/1301/2797 3856/1297/2793
f 3859/1300/2796 3861/1302/2798 3860/1301/2797
f 3860/1301/2797 3861/1302/2798 3862/1303/2720
f 3862/1303/2720 3863/1304/2721 3860/1301/2797
f 3862/1303/2720 3864/1305/2722 3863/1304/2721
f 3865/1306/2723 3862/1303/2720 3861/1302/2798
f 3862/1303/2720 3866/1307/2799 3864/1305/2722
f 3862/1303/2720 3865/1306/2723 3866/1307/2799
f 3867/1308/2800 3868/1309/2726 3869/1310/2801
f 3867/1308/2800 3869/1310/2801 3870/1311/2802
f 3867/1308/2800 3871/1312/2729 3868/1309/2726
f 3872/1313/2730 3867/1308/2800 3870/1311/2802
f 3872/1313/2730 3870/1311/2802 3873/1314/2731
f 3872/1313/2730 3871/1312/2729 3867/1308/2800
f 3871/1312/2729 3872/1313/2730 3874/1315/2803
f 3874/1315/2803 3875/1316/2733 3871/1312/2729
f 3875/1316/2733 3876/1317/2804 3877/1318/2805
f 3875/1316/2733 3874/1315/2803 3876/1317/2804
f 3873/1314/2731 3874/1315/2803 3872/1313/2730
f 3874/1315/2803 3878/1319/2736 3876/1317/2804
f 3874/1315/2803 3873/1314/2731 3878/1319/2736
f 3879/1320/2737 3880/1321/2738 3881/1322/2806
f 3882/1323/2807 3857/1298/2794 3856/1297/2793
f 3883/1324/2741 3868/1309/2726 3871/1312/2729
f 3868/1309/2726 3883/1324/2741 3884/1325/2742
f 3878/1319/2736 3885/1326/2743 3886/1327/2744
f 3885/1326/2743 3878/1319/2736 3873/1314/2731
f 3873/1314/2731 3887/1328/2745 3885/1326/2743
f 3887/1328/2745 3873/1314/2731 3870/1311/2802
f 3865/1306/2723 3887/1328/2745 3870/1311/2802
f 3887/1328/2745 3865/1306/2723 3888/1329/2808
f 3865/1306/2723 3889/1330/2809 3888/1329/2808
f 3889/1330/2809 3865/1306/2723 3861/1302/2798
f 3859/1300/2796 3889/1330/2809 3861/1302/2798
f 3889/1330/2809 3859/1300/2796 3890/1331/2810
f 3858/1299/2795 3890/1331/2810 3859/1300/2796
f 3890/1331/2810 3858/1299/2795 3891/1332/2811
f 3891/1332/2811 3858/1299/2795 3892/1333/2812
f 3875/1316/2733 3879/1320/2737 3881/1322/2806
f 3879/1320/2737 3875/1316/2733 3877/1318/2805
f 3893/1334/2751 3894/1335/2813 3895/1336/2753
f 3896/1337/2754 3893/1334/2751 3895/1336/2753
f 3893/1334/2751 3896/1337/2754 3897/1338/2755
f 3898/1339/2756 3897/1338/2755 3896/1337/2754
f 3885/1326/2743 3895/1336/2753 3886/1327/2744
f 3895/1336/2753 3885/1326/2743 3896/1337/2754
f 3887/1328/2745 3896/1337/2754 3885/1326/2743
f 3896/1337/2754 3887/1328/2745 3898/1339/2756
f 3887/1328/2745 3899/1340/2757 3898/1339/2756
f 3899/1340/2757 3887/1328/2745 3888/1329/2808
f 3889/1330/2809 3899/1340/2757 3888/1329/2808
f 3899/1340/2757 3889/1330/2809 3900/1341/2758
f 3889/1330/2809 3901/1342/2814 3900/1341/2758
f 3901/1342/2814 3889/1330/2809 3890/1331/2810
f 3890/1331/2810 3902/1343/2760 3901/1342/2814
f 3902/1343/2760 3890/1331/2810 3891/1332/2811
f 3903/1333/2761 3902/1343/2760 3891/1332/2811
f 3904/1344/2815 3857/1298/2794 3882/1323/2807
f 3882/1323/2807 3856/1297/2793 3860/1301/2797
f 3860/1301/2797 3905/1345/2816 3882/1323/2807
f 3882/1323/2807 3905/1345/2816 3906/1346/2817
f 3907/1346/2818 3908/1344/2818 3882/1323/2819
f 3905/1345/2820 3909/1347/2821 3910/1346/2821
f 3911/1348/2822 3912/1347/2823 3905/1345/2816
f 3860/1301/2797 3913/1349/2824 3905/1345/2816
f 3913/1349/2824 3911/1348/2822 3905/1345/2816
f 3913/1349/2824 3860/1301/2797 3863/1304/2721
f 3864/1305/2722 3913/1349/2824 3863/1304/2721
f 3913/1349/2824 3864/1305/2722 3914/1350/2771
f 3914/1350/2771 3911/1348/2822 3913/1349/2824
f 3914/1350/2771 3915/1347/2825 3911/1348/2822
f 3916/1347/2826 3914/1350/2774 3917/1351/2826
f 3864/1305/2722 3918/1352/2775 3914/1350/2771
f 3918/1352/2775 3864/1305/2722 3869/1310/2801
f 3914/1350/2771 3918/1352/2775 3919/1351/2776
f 3920/1351/2827 3918/1352/2828 3921/1353/2827
f 3869/1310/2801 3884/1325/2742 3918/1352/2775
f 3884/1325/2742 3922/1354/2779 3918/1352/2775
f 3884/1325/2742 3869/1310/2801 3868/1309/2726
f 3884/1325/2742 3883/1324/2741 3922/1354/2779
f 3922/1354/2780 3923/1355/2781 3924/1353/2781
f 3883/1324/2741 3925/1355/2829 3922/1354/2779
f 3926/1355/2830 3883/1324/2784 3927/1356/2830
f 3881/1322/2806 3928/1356/2831 3883/1324/2741
f 3929/1356/2786 3881/1322/2806 3880/1321/2738
f 3871/1312/2729 3881/1322/2806 3883/1324/2741
f 3881/1322/2806 3871/1312/2729 3875/1316/2733
f 3930/1353/2832 3918/1352/2775 3922/1354/2779
f 3870/1311/2802 3869/1310/2801 3865/1306/2723
f 3869/1310/2801 3866/1307/2799 3865/1306/2723
f 3869/1310/2801 3864/1305/2722 3866/1307/2799
f 3931/1357/2833 3932/1358/2833 3933/1359/2833
f 3934/1359/2834 3935/1360/2834 3936/1357/2834
f 3937/1358/2835 3938/1361/2835 3939/1359/2835
f 3940/1357/2836 3941/1360/2836 3942/1362/2836
f 3943/1362/2837 3944/1363/2837 3945/1357/2837
f 3946/1297/2838 3947/1298/2839 3948/1299/2840
f 3946/1297/2838 3948/1299/2840 3949/1300/2841
f 3949/1300/2841 3950/1301/2842 3946/1297/2838
f 3949/1300/2841 3951/1302/2843 3950/1301/2842
f 3950/1301/2842 3951/1302/2843 3952/1303/2844
f 3952/1303/2844 3953/1304/2845 3950/1301/2842
f 3952/1303/2844 3954/1305/2846 3953/1304/2845
f 3955/1306/2847 3952/1303/2844 3951/1302/2843
f 3952/1303/2844 3956/1307/2848 3954/1305/2846
f 3952/1303/2844 3955/1306/2847 3956/1307/2848
f 3957/1308/2849 3958/1309/2850 3959/1310/2851
f 3957/1308/2849 3959/1310/2851 3960/1311/2852
f 3957/1308/2849 3961/1312/2853 3958/1309/2850
f 3962/1313/2854 3957/1308/2849 3960/1311/2852
f 3962/1313/2854 3960/1311/2852 3963/1314/2855
f 3962/1313/2854 3961/1312/2853 3957/1308/2849
f 3961/1312/2853 3962/1313/2854 3964/1315/2856
f 3964/1315/2856 3965/1316/2857 3961/1312/2853
f 3965/1316/2857 3966/1317/2858 3967/1318/2859
f 3965/1316/2857 3964/1315/2856 3966/1317/2858
f 3963/1314/2855 3964/1315/2856 3962/1313/2854
f 3964/1315/2856 3968/1319/2860 3966/1317/2858
f 3964/1315/2856 3963/1314/2855 3968/1319/2860
f 3969/1320/2861 3970/1321/2862 3971/1322/2863
f 3972/1323/2864 3947/1298/2839 3946/1297/2838
f 3973/1324/2865 3958/1309/2850 3961/1312/2853
f 3958/1309/2850 3973/1324/2865 3974/1325/2866
f 3968/1319/2860 3975/1326/2867 3976/1327/2868
f 3975/1326/2867 3968/1319/2860 3963/1314/2855
f 3963/1314/2855 3977/1328/2869 3975/1326/2867
f 3977/1328/2869 3963/1314/2855 3960/1311/2852
f 3955/1306/2847 3977/1328/2869 3960/1311/2852
f 3977/1328/2869 3955/1306/2847 3978/1329/2870
f 3955/1306/2847 3979/1330/2871 3978/1329/2870
f 3979/1330/2871 3955/1306/2847 3951/1302/2843
f 3949/1300/2841 3979/1330/2871 3951/1302/2843
f 3979/1330/2871 3949/1300/2841 3980/1331/2872
f 3948/1299/2840 3980/1331/2872 3949/1300/2841
f 3980/1331/2872 3948/1299/2840 3981/1332/2873
f 3981/1332/2873 3948/1299/2840 3982/1333/2874
f 3965/1316/2857 3969/1320/2861 3971/1322/2863
f 3969/1320/2861 3965/1316/2857 3967/1318/2859
f 3983/1334/2875 3984/1335/2876 3985/1336/2877
f 3986/1337/2878 3983/1334/2875 3985/1336/2877
f 3983/1334/2875 3986/1337/2878 3987/1338/2879
f 3988/1339/2880 3987/1338/2879 3986/1337/2878
f 3975/1326/2867 3985/1336/2877 3976/1327/2868
f 3985/1336/2877 3975/1326/2867 3986/1337/2878
f 3977/1328/2869 3986/1337/2878 3975/1326/2867
f 3986/1337/2878 3977/1328/2869 3988/1339/2880
f 3977/1328/2869 3989/1340/2881 3988/1339/2880
f 3989/1340/2881 3977/1328/2869 3978/1329/2870
f 3979/1330/2871 3989/1340/2881 3978/1329/2870
f 3989/1340/2881 3979/1330/2871 3990/1341/2882
f 3979/1330/2871 3991/1342/2883 3990/1341/2882
f 3991/1342/2883 3979/1330/2871 3980/1331/2872
f 3980/1331/2872 3992/1343/2884 3991/1342/2883
f 3992/1343/2884 3980/1331/2872 3981/1332/2873
f 3993/1333/2885 3992/1343/2884 3981/1332/2873
f 3994/1344/2886 3947/1298/2839 3972/1323/2864
f 3972/1323/2864 3946/1297/2838 3950/1301/2842
f 3950/1301/2842 3995/1345/2887 3972/1323/2864
f 3972/1323/2864 3995/1345/2887 3996/1346/2888
f 3997/1346/2889 3998/1344/2889 3972/1323/2864
f 3995/1345/2887 3999/1347/2890 4000/1346/2890
f 4001/1348/2891 4002/1347/2892 3995/1345/2887
f 3950/1301/2842 4003/1349/2893 3995/1345/2887
f 4003/1349/2893 4001/1348/2891 3995/1345/2887
f 4003/1349/2893 3950/1301/2842 3953/1304/2845
f 3954/1305/2846 4003/1349/2893 3953/1304/2845
f 4003/1349/2893 3954/1305/2846 4004/1350/2894
f 4004/1350/2894 4001/1348/2891 4003/1349/2893
f 4004/1350/2894 4005/1347/2895 4001/1348/2891
f 4006/1347/2896 4004/1350/2894 4007/1351/2896
f 3954/1305/2846 4008/1352/2897 4004/1350/2894
f 4008/1352/2897 3954/1305/2846 3959/1310/2851
f 4004/1350/2894 4008/1352/2897 4009/1351/2898
f 4010/1351/2899 4008/1352/2900 4011/1353/2899
f 3959/1310/2851 3974/1325/2866 4008/1352/2897
f 3974/1325/2866 4012/1354/2901 4008/1352/2897
f 3974/1325/2866 3959/1310/2851 3958/1309/2850
f 3974/1325/2866 3973/1324/2865 4012/1354/2901
f 4012/1354/2902 4013/1355/2903 4014/1353/2903
f 3973/1324/2865 4015/1355/2904 4012/1354/2901
f 4016/1355/2905 3973/1324/2906 4017/1356/2905
f 3971/1322/2863 4018/1356/2907 3973/1324/2865
f 4019/1356/2908 3971/1322/2863 3970/1321/2862
f 3961/1312/2853 3971/1322/2863 3973/1324/2865
f 3971/1322/2863 3961/1312/2853 3965/1316/2857
f 4020/1353/2909 4008/1352/2897 4012/1354/2901
f 3960/1311/2852 3959/1310/2851 3955/1306/2847
f 3959/1310/2851 3956/1307/2848 3955/1306/2847
f 3959/1310/2851 3954/1305/2846 3956/1307/2848
f 4021/1357/2910 4022/1358/2910 4023/1359/2910
f 4024/1359/2911 4025/1360/2911 4026/1357/2911
f 4027/1358/2912 4028/1361/2912 4029/1359/2912
f 4030/1357/2913 4031/1360/2913 4032/1362/2913
f 4033/1362/2914 4034/1363/2914 4035/1357/2914
f 4036/1364/2915 4037/1365/2916 4038/1366/2917
f 4039/1367/2918 4040/1368/2919 4041/1369/2920
f 4040/1368/2919 4039/1367/2918 4042/1370/2921
f 4043/1371/2922 4044/1372/2923 4045/1373/2924
f 4044/1372/2923 4043/1371/2922 4046/1374/2925
f 4047/1375/2926 4048/1376/2927 4049/1377/2928
f 4048/1376/2927 4047/1375/2926 4050/1378/2929
f 4051/1379/2930 4052/1380/2931 4053/1381/2932
f 4052/1380/2931 4051/1379/2930 4037/1365/2916
f 4054/1382/2933 4055/1383/2934 4056/1384/2935
f 4055/1383/2934 4054/1382/2933 4042/1370/2921
f 4042/1370/2921 4057/1385/2936 4055/1383/2934
f 4057/1385/2936 4042/1370/2921 4039/1367/2918
f 4058/1386/2937 4057/1385/2936 4039/1367/2918
f 4039/1367/2918 4059/1387/2938 4058/1386/2937
f 4060/1388/2939 4058/1386/2937 4059/1387/2938
f 4059/1387/2938 4061/1389/2940 4060/1388/2939
f 4061/1389/2940 4059/1387/2938 4062/1390/2941
f 4062/1390/2941 4063/1391/2942 4061/1389/2940
f 4062/1390/2941 4043/1371/2922 4063/1391/2942
f 4045/1373/2924 4064/1392/2943 4043/1371/2922
f 4065/1393/2944 4066/1394/2945 4067/1395/2946
f 4067/1395/2946 4068/1396/2947 4065/1393/2944
f 4068/1396/2947 4067/1395/2946 4069/1397/2948
f 4069/1397/2948 4070/1398/2949 4068/1396/2947
f 4070/1398/2949 4069/1397/2948 4071/1399/2950
f 4072/1400/2951 4068/1396/2947 4070/1398/2949
f 4069/1397/2948 4073/1401/2952 4071/1399/2950
f 4068/1396/2947 4072/1400/2951 4074/1402/2953
f 4072/1400/2951 4075/1403/2954 4074/1402/2953
f 4075/1403/2954 4072/1400/2951 4076/1404/2955
f 4077/1405/2956 4073/1401/2952 4069/1397/2948
f 4073/1401/2952 4077/1405/2956 4078/1406/2957
f 4079/1407/2958 4078/1406/2957 4077/1405/2956
f 4067/1395/2946 4079/1407/2958 4077/1405/2956
f 4078/1406/2957 4079/1407/2958 4080/1408/2959
f 4079/1407/2958 4067/1395/2946 4081/1409/2960
f 4082/1410/2961 4081/1409/2960 4066/1394/2945
f 4066/1394/2945 4083/1411/2962 4082/1410/2961
f 4084/1412/2963 4080/1408/2959 4079/1407/2958
f 4081/1409/2960 4084/1412/2963 4079/1407/2958
f 4080/1408/2959 4084/1412/2963 4085/1413/2964
f 4084/1412/2963 4086/1414/2965 4085/1413/2964
f 4087/1415/2966 4086/1414/2965 4084/1412/2963
f 4086/1414/2965 4087/1415/2966 4088/1416/2967
f 4089/1417/2968 4088/1416/2967 4087/1415/2966
f 4088/1416/2967 4089/1417/2968 4090/1418/2969
f 4084/1412/2963 4082/1410/2961 4087/1415/2966
f 4082/1410/2961 4084/1412/2963 4081/1409/2960
f 4087/1415/2966 4082/1410/2961 4089/1417/2968
f 4091/1419/2970 4090/1418/2969 4089/1417/2968
f 4082/1410/2961 4091/1419/2970 4089/1417/2968
f 4090/1418/2969 4091/1419/2970 4092/1420/2971
f 4091/1419/2970 4093/1421/2972 4092/1420/2971
f 4094/1422/2973 4093/1421/2972 4091/1419/2970
f 4093/1421/2972 4094/1422/2973 4095/1423/2974
f 4096/1424/2975 4094/1422/2973 4091/1419/2970
f 4091/1419/2970 4082/1410/2961 4096/1424/2975
f 4095/1423/2974 4094/1422/2973 4097/1425/2976
f 4050/1378/2929 4097/1425/2976 4094/1422/2973
f 4097/1425/2976 4050/1378/2929 4047/1375/2926
f 4094/1422/2973 4096/1424/2975 4098/1426/2977
f 4096/1424/2975 4099/1427/2978 4098/1426/2977
f 4099/1427/2978 4096/1424/2975 4083/1411/2962
f 4082/1410/2961 4083/1411/2962 4096/1424/2975
f 4100/1428/2979 4101/1429/2980 4083/1411/2962
f 4083/1411/2962 4066/1394/2945 4100/1428/2979
f 4102/1430/2981 4103/1431/2982 4104/1432/2983
f 4103/1431/2982 4102/1430/2981 4105/1433/2984
f 4105/1433/2984 4106/1434/2985 4103/1431/2982
f 4107/1435/2986 4108/1436/2987 4109/1437/2988
f 4110/1438/2989 4111/1439/2990 4112/1440/2991
f 4111/1439/2990 4110/1438/2989 4113/1441/2992
f 4114/1442/2993 4113/1441/2992 4110/1438/2989
f 4113/1441/2992 4114/1442/2993 4115/1443/2994
f 4056/1384/2935 4057/1385/2936 4116/1444/2995
f 4057/1385/2936 4056/1384/2935 4055/1383/2934
f 4117/1445/2996 4036/1364/2915 4038/1366/2917
f 4118/1446/2997 4075/1403/2954 4119/1447/2998
f 4075/1403/2954 4118/1446/2997 4120/1448/2999
f 4121/1449/3000 4120/1448/2999 4118/1446/2997
f 4120/1448/2999 4121/1449/3000 4122/1450/3001
f 4123/1451/3002 4122/1450/3001 4121/1449/3000
f 4122/1450/3001 4123/1451/3002 4124/1452/3003
f 4123/1451/3002 4125/1453/3004 4124/1452/3003
f 4125/1453/3004 4123/1451/3002 4126/1434/3005
f 4105/1433/2984 4125/1453/3004 4127/1434/3006
f 4102/1430/2981 4128/1454/3007 4105/1433/2984
f 4128/1454/3007 4102/1430/2981 4129/1455/3008
f 4130/1456/3009 4128/1454/3007 4129/1455/3008
f 4129/1455/3008 4131/1457/3010 4130/1456/3009
f 4132/1458/3011 4133/1459/3012 4134/1460/3013
f 4133/1459/3012 4132/1458/3011 4135/1461/3014
f 4133/1459/3012 4135/1461/3014 4136/1462/3015
f 4125/1453/3004 4136/1462/3015 4135/1461/3014
f 4136/1462/3015 4125/1453/3004 4128/1454/3007
f 4105/1433/2984 4128/1454/3007 4125/1453/3004
f 4135/1461/3014 4132/1458/3011 4124/1452/3003
f 4124/1452/3003 4125/1453/3004 4135/1461/3014
f 4100/1428/2979 4066/1394/2945 4124/1452/3003
f 4124/1452/3003 4132/1458/3011 4100/1428/2979
f 4137/1463/3016 4124/1452/3003 4066/1394/2945
f 4066/1394/2945 4065/1393/2944 4137/1463/3016
f 4122/1450/3001 4124/1452/3003 4137/1463/3016
f 4065/1393/2944 4074/1402/2953 4137/1463/3016
f 4074/1402/2953 4122/1450/3001 4137/1463/3016
f 4074/1402/2953 4065/1393/2944 4068/1396/2947
f 4074/1402/2953 4120/1448/2999 4122/1450/3001
f 4074/1402/2953 4075/1403/2954 4120/1448/2999
f 4138/1464/3017 4139/1465/3018 4140/1466/3019
f 4139/1465/3018 4138/1464/3017 4141/1467/3020
f 4142/1468/3021 4141/1467/3020 4138/1464/3017
f 4141/1467/3020 4142/1468/3021 4046/1374/2925
f 4046/1374/2925 4142/1468/3021 4143/1469/3022
f 4044/1372/2923 4046/1374/2925 4144/1469/3023
f 4069/1397/2948 4067/1395/2946 4077/1405/2956
f 4046/1374/2925 4043/1371/2922 4141/1467/3020
f 4043/1371/2922 4139/1465/3018 4141/1467/3020
f 4139/1465/3018 4043/1371/2922 4062/1390/2941
f 4062/1390/2941 4145/1470/3024 4139/1465/3018
f 4145/1470/3024 4062/1390/2941 4146/1471/3025
f 4059/1387/2938 4146/1471/3025 4062/1390/2941
f 4145/1470/3024 4147/1472/3026 4139/1465/3018
f 4139/1465/3018 4147/1472/3026 4140/1466/3019
f 4147/1472/3026 4110/1438/2989 4140/1466/3019
f 4110/1438/2989 4147/1472/3026 4114/1442/2993
f 4147/1472/3026 4148/1473/3027 4114/1442/2993
f 4148/1473/3027 4115/1443/2994 4114/1442/2993
f 4115/1443/2994 4148/1473/3027 4149/1474/3028
f 4148/1473/3027 4150/1475/3029 4149/1474/3028
f 4148/1473/3027 4147/1472/3026 4151/1476/3030
f 4151/1476/3030 4150/1475/3029 4148/1473/3027
f 4145/1470/3024 4151/1476/3030 4147/1472/3026
f 4150/1475/3029 4107/1435/2986 4109/1437/2988
f 4150/1475/3029 4151/1476/3030 4107/1435/2986
f 4151/1476/3030 4145/1470/3024 4152/1477/3031
f 4107/1435/2986 4151/1476/3030 4152/1477/3031
f 4146/1471/3025 4152/1477/3031 4145/1470/3024
f 4041/1369/2920 4107/1435/2986 4152/1477/3031
f 4152/1477/3031 4146/1471/3025 4041/1369/2920
f 4107/1435/2986 4041/1369/2920 4040/1368/2919
f 4040/1368/2919 4108/1436/2987 4107/1435/2986
f 4108/1436/2987 4040/1368/2919 4153/1478/3032
f 4042/1370/2921 4153/1478/3032 4040/1368/2919
f 4153/1478/3032 4042/1370/2921 4154/1479/3033
f 4154/1479/3033 4042/1370/2921 4054/1382/2933
f 4041/1369/2920 4059/1387/2938 4039/1367/2918
f 4041/1369/2920 4146/1471/3025 4059/1387/2938
f 4155/1480/3034 4099/1427/2978 4156/1481/3035
f 4099/1427/2978 4155/1480/3034 4098/1426/2977
f 4157/1482/3036 4098/1426/2977 4155/1480/3034
f 4098/1426/2977 4157/1482/3036 4094/1422/2973
f 4094/1422/2973 4157/1482/3036 4050/1378/2929
f 4050/1378/2929 4157/1482/3036 4048/1376/2927
f 4113/1441/2992 4131/1457/3010 4111/1439/2990
f 4131/1457/3010 4113/1441/2992 4130/1456/3009
f 4115/1443/2994 4130/1456/3009 4113/1441/2992
f 4149/1474/3028 4130/1456/3009 4115/1443/2994
f 4158/1483/3037 4136/1462/3015 4128/1454/3007
f 4128/1454/3007 4130/1456/3009 4158/1483/3037
f 4150/1475/3029 4130/1456/3009 4149/1474/3028
f 4130/1456/3009 4150/1475/3029 4158/1483/3037
f 4159/1484/3038 4158/1483/3037 4150/1475/3029
f 4150/1475/3029 4109/1437/2988 4159/1484/3038
f 4057/1385/2936 4160/1485/3039 4116/1444/2995
f 4058/1386/2937 4161/1486/3040 4057/1385/2936
f 4162/1485/3041 4057/1385/2936 4161/1486/3040
f 4163/1487/3042 4164/1485/3043 4161/1486/3040
f 4165/1485/3044 4163/1487/3045 4166/1488/3044
f 4161/1486/3040 4058/1386/2937 4060/1388/2939
f 4167/1489/3046 4168/1488/3047 4163/1487/3042
f 4169/1488/3048 4167/1489/3046 4170/1490/3049
f 4170/1490/3049 4171/1491/3050 4172/1492/3051
f 4171/1491/3050 4170/1490/3049 4167/1489/3046
f 4163/1487/3042 4173/1493/3052 4167/1489/3046
f 4173/1493/3052 4171/1491/3050 4167/1489/3046
f 4173/1493/3052 4163/1487/3042 4060/1388/2939
f 4171/1491/3050 4173/1493/3052 4174/1494/3053
f 4173/1493/3052 4175/1495/3054 4174/1494/3053
f 4061/1389/2940 4173/1493/3052 4060/1388/2939
f 4173/1493/3052 4061/1389/2940 4176/1496/3055
f 4176/1496/3055 4175/1495/3054 4173/1493/3052
f 4063/1391/2942 4176/1496/3055 4061/1389/2940
f 4175/1495/3054 4176/1496/3055 4177/1497/3056
f 4176/1496/3055 4178/1498/3057 4177/1497/3056
f 4176/1496/3055 4179/1499/3058 4178/1498/3057
f 4179/1499/3058 4176/1496/3055 4180/1500/3059
f 4176/1496/3055 4063/1391/2942 4180/1500/3059
f 4180/1500/3059 4181/1501/3060 4179/1499/3058
f 4063/1391/2942 4038/1366/2917 4180/1500/3059
f 4038/1366/2917 4181/1501/3060 4180/1500/3059
f 4038/1366/2917 4063/1391/2942 4117/1445/2996
f 4181/1501/3060 4038/1366/2917 4182/1502/3061
f 4038/1366/2917 4051/1379/2930 4182/1502/3061
f 4051/1379/2930 4038/1366/2917 4037/1365/2916
f 4183/1503/3062 4184/1504/3063 4185/1505/3064
f 4185/1505/3064 4186/1506/3065 4187/1503/3065
f 4188/1507/3066 4189/1508/3067 4190/1509/3067
f 4191/1508/3068 4188/1507/3066 4192/1510/3068
f 4193/1511/3069 4194/1512/3070 4195/1513/3071
f 4196/1514/3072 4194/1512/3070 4193/1511/3069
f 4194/1512/3070 4196/1514/3072 4197/1515/3073
f 4197/1515/3073 4196/1514/3072 4198/1516/3074
f 4198/1516/3074 4196/1514/3072 4199/1517/3075
f 4200/1518/3076 4198/1516/3074 4199/1517/3075
f 4199/1517/3075 4201/1519/3077 4200/1518/3076
f 4202/1520/3078 4201/1519/3077 4199/1517/3075
f 4202/1520/3078 4203/1521/3079 4201/1519/3077
f 4203/1521/3079 4202/1520/3078 4204/1522/3080
f 4204/1522/3080 4205/1523/3081 4203/1521/3079
f 4205/1523/3081 4204/1522/3080 4206/1524/3082
f 4207/1525/3083 4205/1523/3081 4206/1524/3082
f 4205/1523/3081 4207/1525/3083 4208/1526/3084
f 4207/1525/3085 4209/1527/3086 4210/1526/3086
f 4211/1527/3087 4207/1525/3085 4212/1509/3087
f 4213/1528/3088 4214/1503/3089 4215/1529/3089
f 4216/1503/3090 4213/1528/3091 4184/1504/3063
f 4217/1530/3092 4184/1504/3063 4213/1528/3091
f 4184/1504/3063 4217/1530/3092 4218/1531/3093
f 4219/1532/3094 4218/1531/3093 4217/1530/3092
f 4218/1531/3093 4219/1532/3094 4220/1533/3095
f 4185/1505/3064 4184/1504/3063 4218/1531/3093
f 4218/1531/3093 4221/1534/3096 4185/1505/3064
f 4222/1535/3097 4223/1536/3098 4224/1537/3099
f 4224/1537/3099 4225/1538/3100 4222/1535/3097
f 4225/1538/3100 4224/1537/3099 4226/1539/1676
f 4226/1539/1676 4227/1540/3101 4225/1538/3100
f 4227/1540/3101 4226/1539/1676 4228/1541/3102
f 4228/1541/3102 4229/1542/3103 4227/1540/3101
f 4230/1543/3104 4229/1542/3103 4228/1541/3102
f 4231/1544/3105 4232/1545/3106 4229/1542/3103
f 4230/1543/3104 4231/1544/3105 4229/1542/3103
f 4232/1545/3106 4231/1544/3105 4233/1546/3107
f 4231/1544/3105 4234/1547/3108 4233/1546/3107
f 4234/1547/3108 4231/1544/3105 4235/1548/3109
f 4230/1543/3104 4219/1532/3094 4231/1544/3105
f 4219/1532/3094 4235/1548/3109 4231/1544/3105
f 4235/1548/3109 4219/1532/3094 4217/1530/3092
f 4213/1528/3091 4235/1548/3109 4217/1530/3092
f 4235/1548/3109 4213/1528/3091 4236/1549/3110
f 4237/1529/3111 4236/1549/3110 4213/1528/3091
f 4238/1550/3112 4239/1529/3112 4240/1551/3112
f 4241/1529/3113 4242/1550/3113 4236/1549/3114
f 4243/1510/3115 4236/1549/3110 4244/1550/3115
f 4236/1549/3110 4245/1510/3116 4188/1507/3117
f 4228/1541/3102 4246/1552/3118 4230/1543/3104
f 4247/1553/3119 4248/1534/3120 4218/1531/3093
f 4218/1531/3093 4220/1533/3095 4247/1553/3119
f 4249/1554/3121 4247/1553/3119 4220/1533/3095
f 4220/1533/3095 4246/1552/3118 4250/1554/3122
f 4251/1555/3123 4252/1556/3124 4253/1557/3124
f 4254/1556/3125 4251/1555/3126 4255/1558/3127
f 4255/1558/3128 4256/1559/3129 4257/1556/3129
f 4258/1559/3130 4255/1558/3127 4259/1560/3131
f 4246/1552/3118 4260/1561/3132 4261/1554/3132
f 4262/1561/3133 4246/1552/3118 4263/1562/3134
f 4263/1562/3135 4264/1557/3136 4265/1561/3136
f 4266/1557/3137 4263/1562/3134 4251/1555/3126
f 4226/1539/1676 4255/1558/3127 4251/1555/3126
f 4226/1539/1676 4251/1555/3126 4228/1541/3102
f 4228/1541/3102 4251/1555/3126 4263/1562/3134
f 4246/1552/3118 4228/1541/3102 4263/1562/3134
f 4207/1525/3083 4188/1507/3117 4267/1509/3138
f 4206/1524/3082 4188/1507/3117 4207/1525/3083
f 4188/1507/3117 4235/1548/3109 4236/1549/3110
f 4235/1548/3109 4188/1507/3117 4234/1547/3108
f 4188/1507/3117 4206/1524/3082 4234/1547/3108
f 4204/1522/3080 4234/1547/3108 4206/1524/3082
f 4234/1547/3108 4204/1522/3080 4233/1546/3107
f 4204/1522/3080 4202/1520/3078 4233/1546/3107
f 4233/1546/3107 4202/1520/3078 4232/1545/3106
f 4199/1517/3075 4268/1563/3139 4202/1520/3078
f 4232/1545/3106 4202/1520/3078 4268/1563/3139
f 4232/1545/3106 4227/1540/3101 4229/1542/3103
f 4199/1517/3075 4269/1564/3140 4268/1563/3139
f 4196/1514/3072 4269/1564/3140 4199/1517/3075
f 4232/1545/3106 4268/1563/3139 4269/1564/3140
f 4227/1540/3101 4232/1545/3106 4269/1564/3140
f 4270/1565/3141 4227/1540/3101 4269/1564/3140
f 4269/1564/3140 4196/1514/3072 4270/1565/3141
f 4227/1540/3101 4270/1565/3141 4225/1538/3100
f 4193/1511/3069 4270/1565/3141 4196/1514/3072
f 4271/1566/3142 4225/1538/3100 4270/1565/3141
f 4270/1565/3141 4193/1511/3069 4271/1566/3142
f 4225/1538/3100 4271/1566/3142 4222/1535/3097
f 4193/1511/3069 4272/1513/3143 4271/1566/3142
f 4271/1566/3142 4223/1536/3098 4222/1535/3097
f 4223/1536/3098 4271/1566/3142 4273/1513/3144
f 4259/1560/3131 4274/1567/3145 4275/1559/3146
f 4274/1567/3145 4259/1560/3131 4276/1568/3147
f 4276/1568/3147 4259/1560/3131 4224/1537/3099
f 4226/1539/1676 4259/1560/3131 4255/1558/3127
f 4259/1560/3131 4226/1539/1676 4224/1537/3099
f 4230/1543/3104 4220/1533/3095 4219/1532/3094
f 4220/1533/3095 4230/1543/3104 4246/1552/3118
f 4066/1394/2945 4081/1409/2960 4067/1395/2946
f 4178/1498/3057 4277/1569/3148 4278/1570/3148
f 4279/1570/3149 4177/1497/3056 4178/1498/3057
f 4175/1495/3150 4280/1571/3151 4281/1572/3151
f 4282/1572/3152 4174/1494/3053 4175/1495/3054
f 4283/1573/3153 4171/1491/3050 4174/1494/3053
f 4174/1494/3053 4284/1574/3154 4285/1573/3154
f 4286/1572/3155 4287/1574/3155 4174/1494/3053
f 4171/1491/3156 4288/1573/3157 4289/1492/3157
f 4290/1492/3158 4291/1492/3158 4171/1491/3050
f 4292/1575/3159 4293/1576/3159 4175/1495/3160
f 4175/1495/3054 4177/1497/3056 4294/1575/3161
f 4295/1570/3162 4296/1575/3162 4177/1497/3163
f 4297/1576/3164 4298/1571/3164 4175/1495/3160
f 4182/1502/3061 4299/1381/3165 4300/1577/3165
f 4301/1577/3166 4181/1501/3060 4182/1502/3061
f 4053/1381/2932 4302/1381/3167 4182/1502/3061
f 4182/1502/3061 4051/1379/2930 4053/1381/2932
f 4303/1578/3168 4179/1499/3058 4181/1501/3060
f 4181/1501/3169 4304/1579/3170 4305/1578/3170
f 4181/1501/3169 4306/1577/3171 4307/1579/3171
f 4308/1580/3172 4178/1498/3057 4179/1499/3058
f 4179/1499/3058 4309/1581/3173 4310/1580/3173
f 4179/1499/3058 4311/1578/3174 4312/1581/3174
f 4313/1580/3175 4314/1569/3175 4178/1498/3176
f 4117/1445/2996 4064/1392/2943 4036/1364/2915
f 4043/1371/2922 4064/1392/2943 4117/1445/2996
f 4063/1391/2942 4043/1371/2922 4117/1445/2996
f 4161/1486/3040 4060/1388/2939 4163/1487/3042
f 4159/1484/3038 4315/1484/3177 4134/1460/3013
f 4134/1460/3013 4316/1459/3178 4159/1484/3038
f 4109/1437/2988 4108/1436/2987 4315/1484/3177
f 4315/1484/3177 4159/1484/3038 4109/1437/2988
f 4317/1582/3179 4318/1481/3179 4319/1583/3180
f 4319/1583/3180 4320/1481/3181 4099/1427/2978
f 4319/1583/3180 4099/1427/2978 4083/1411/2962
f 4319/1583/3180 4083/1411/2962 4101/1429/2980
f 4321/1297/2793 4322/1298/2794 4323/1299/3182
f 4321/1297/2793 4323/1299/3182 4324/1300/2796
f 4324/1300/2796 4325/1301/2797 4321/1297/2793
f 4324/1300/2796 4326/1302/2798 4325/1301/2797
f 4325/1301/2797 4326/1302/2798 4327/1303/2720
f 4327/1303/2720 4328/1304/2721 4325/1301/2797
f 4327/1303/2720 4329/1305/2722 4328/1304/2721
f 4330/1306/2723 4327/1303/2720 4326/1302/2798
f 4327/1303/2720 4331/1307/3183 4329/1305/2722
f 4327/1303/2720 4330/1306/2723 4331/1307/3183
f 4332/1308/2725 4333/1309/3184 4334/1310/3185
f 4332/1308/2725 4334/1310/3185 4335/1311/2728
f 4332/1308/2725 4336/1312/2729 4333/1309/3184
f 4337/1313/2730 4332/1308/2725 4335/1311/2728
f 4337/1313/2730 4335/1311/2728 4338/1314/2731
f 4337/1313/2730 4336/1312/2729 4332/1308/2725
f 4336/1312/2729 4337/1313/2730 4339/1315/2803
f 4339/1315/2803 4340/1316/2733 4336/1312/2729
f 4340/1316/2733 4341/1317/2734 4342/1318/3186
f 4340/1316/2733 4339/1315/2803 4341/1317/2734
f 4338/1314/2731 4339/1315/2803 4337/1313/2730
f 4339/1315/2803 4343/1319/2736 4341/1317/2734
f 4339/1315/2803 4338/1314/2731 4343/1319/2736
f 4344/1320/2737 4345/1321/2738 4346/1322/2739
f 4347/1323/3187 4322/1298/2794 4321/1297/2793
f 4348/1324/3188 4333/1309/3184 4336/1312/2729
f 4333/1309/3184 4348/1324/3188 4349/1325/2742
f 4343/1319/2736 4350/1326/2743 4351/1327/3189
f 4350/1326/2743 4343/1319/2736 4338/1314/2731
f 4338/1314/2731 4352/1328/2745 4350/1326/2743
f 4352/1328/2745 4338/1314/2731 4335/1311/2728
f 4330/1306/2723 4352/1328/2745 4335/1311/2728
f 4352/1328/2745 4330/1306/2723 4353/1329/2746
f 4330/1306/2723 4354/1330/3190 4353/1329/2746
f 4354/1330/3190 4330/1306/2723 4326/1302/2798
f 4324/1300/2796 4354/1330/3190 4326/1302/2798
f 4354/1330/3190 4324/1300/2796 4355/1331/2810
f 4323/1299/3182 4355/1331/2810 4324/1300/2796
f 4355/1331/2810 4323/1299/3182 4356/1332/3191
f 4356/1332/3191 4323/1299/3182 4357/1333/3192
f 4340/1316/2733 4344/1320/2737 4346/1322/2739
f 4344/1320/2737 4340/1316/2733 4342/1318/3186
f 4358/1334/2751 4359/1335/3193 4360/1336/3194
f 4361/1337/3195 4358/1334/2751 4360/1336/3194
f 4358/1334/2751 4361/1337/3195 4362/1338/2755
f 4363/1339/2756 4362/1338/2755 4361/1337/3195
f 4350/1326/2743 4360/1336/3194 4351/1327/3189
f 4360/1336/3194 4350/1326/2743 4361/1337/3195
f 4352/1328/2745 4361/1337/3195 4350/1326/2743
f 4361/1337/3195 4352/1328/2745 4363/1339/2756
f 4352/1328/2745 4364/1340/2757 4363/1339/2756
f 4364/1340/2757 4352/1328/2745 4353/1329/2746
f 4354/1330/3190 4364/1340/2757 4353/1329/2746
f 4364/1340/2757 4354/1330/3190 4365/1341/2758
f 4354/1330/3190 4366/1342/2759 4365/1341/2758
f 4366/1342/2759 4354/1330/3190 4355/1331/2810
f 4355/1331/2810 4367/1343/2760 4366/1342/2759
f 4367/1343/2760 4355/1331/2810 4356/1332/3191
f 4368/1333/3196 4367/1343/2760 4356/1332/3191
f 4369/1344/2815 4322/1298/2794 4347/1323/3187
f 4347/1323/3187 4321/1297/2793 4325/1301/2797
f 4325/1301/2797 4370/1345/3197 4347/1323/3187
f 4347/1323/3187 4370/1345/3197 4371/1346/3198
f 4372/1346/3199 4373/1344/3199 4347/1323/3200
f 4370/1345/3201 4374/1347/3202 4375/1346/3202
f 4376/1348/3203 4377/1347/3204 4370/1345/3197
f 4325/1301/2797 4378/1349/2824 4370/1345/3197
f 4378/1349/2824 4376/1348/3203 4370/1345/3197
f 4378/1349/2824 4325/1301/2797 4328/1304/2721
f 4329/1305/2722 4378/1349/2824 4328/1304/2721
f 4378/1349/2824 4329/1305/2722 4379/1350/2771
f 4379/1350/2771 4376/1348/3203 4378/1349/2824
f 4379/1350/2771 4380/1347/3205 4376/1348/3203
f 4381/1347/2773 4379/1350/2774 4382/1351/2773
f 4329/1305/2722 4383/1352/2775 4379/1350/2771
f 4383/1352/2775 4329/1305/2722 4334/1310/3185
f 4379/1350/2771 4383/1352/2775 4384/1351/3206
f 4385/1351/3207 4383/1352/3208 4386/1353/3207
f 4334/1310/3185 4349/1325/2742 4383/1352/2775
f 4349/1325/2742 4387/1354/2779 4383/1352/2775
f 4349/1325/2742 4334/1310/3185 4333/1309/3184
f 4349/1325/2742 4348/1324/3188 4387/1354/2779
f 4387/1354/2780 4388/1355/3209 4389/1353/3209
f 4348/1324/3188 4390/1355/3210 4387/1354/2779
f 4391/1355/2783 4348/1324/2784 4392/1356/2783
f 4346/1322/2739 4393/1356/3211 4348/1324/3188
f 4394/1356/3212 4346/1322/2739 4345/1321/2738
f 4336/1312/2729 4346/1322/2739 4348/1324/3188
f 4346/1322/2739 4336/1312/2729 4340/1316/2733
f 4395/1353/2787 4383/1352/2775 4387/1354/2779
f 4335/1311/2728 4334/1310/3185 4330/1306/2723
f 4334/1310/3185 4331/1307/3183 4330/1306/2723
f 4334/1310/3185 4329/1305/2722 4331/1307/3183
f 4396/1357/3213 4397/1358/3213 4398/1359/3213
f 4399/1359/3214 4400/1360/3214 4401/1357/3214
f 4402/1358/2790 4403/1361/2790 4404/1359/2790
f 4405/1357/2791 4406/1360/2791 4407/1362/2791
f 4408/1362/3215 4409/1363/3215 4410/1357/3215
f 4411/1584/3216 4412/1585/3216 4413/1586/3216
f 4414/1585/3217 4415/1584/3217 4416/1587/3217
f 4417/1588/3218 4418/1589/3218 4419/1590/3218
f 4420/1589/3219 4421/1588/3219 4422/1586/3219
f 4423/1586/3220 4424/1585/3220 4425/1589/3220
f 4426/1591/3221 4427/1587/3221 4428/1584/3221
f 4429/1587/3222 4430/1591/3222 4431/1592/3222
f 4432/1593/3223 4433/1592/3223 4434/1591/3223
f 4435/1591/3224 4436/1594/3224 4437/1593/3224
f 4133/1459/3012 4136/1462/3015 4158/1483/3037
f 4133/1459/3012 4158/1483/3037 4159/1484/3038
f 4108/1436/2987 4153/1478/3032 4134/1460/3013
f 4134/1460/3013 4315/1484/3177 4108/1436/2987
f 4100/1428/2979 4132/1458/3011 4134/1460/3013
f 4134/1460/3013 4319/1583/3180 4100/1428/2979
f 4100/1428/2979 4319/1583/3180 4101/1429/2980
f 4054/1382/2933 4056/1384/2935 4319/1583/3180
f 4319/1583/3180 4153/1478/3032 4054/1382/2933
f 4054/1382/2933 4153/1478/3032 4154/1479/3033
f 4134/1460/3013 4153/1478/3032 4319/1583/3180
f 3647/1229/2617 3613/1196/2583 3612/1195/2582
f 4438/1154/3225 4439/1595/3225 4440/1596/3225
f 4441/1596/3226 4442/1151/3226 4443/1154/3226
f 4444/1597/3227 4445/1598/3227 4446/1596/3227
f 4447/1596/3228 4448/1595/3228 4449/1597/3228
f 4450/1085/3229 4451/1088/3230 4452/1087/3231
f 4452/1087/3231 4453/1086/3232 4450/1085/3229
f 4454/1089/3233 4451/1088/3230 4450/1085/3229
f 4450/1085/3229 4455/1090/3234 4454/1089/3233
f 4456/1091/3235 4457/1094/3236 4458/1093/3237
f 4458/1093/3237 4459/1092/3238 4456/1091/3235
f 4460/1095/3239 4461/1098/3240 4462/1097/3240
f 4463/1097/3241 4464/1096/3242 4460/1095/3239
f 4465/1099/3243 4466/1102/3244 4467/1101/3245
f 4467/1101/3245 4468/1100/3246 4465/1099/3243
f 4455/1090/3234 4469/1104/3247 4470/1103/3248
f 4470/1103/3248 4454/1089/3233 4455/1090/3234
f 4471/1105/3249 4472/1106/3250 4456/1091/3235
f 4456/1091/3235 4459/1092/3238 4471/1105/3249
f 4464/1096/3242 4473/1108/3251 4474/1107/3252
f 4474/1107/3252 4460/1095/3239 4464/1096/3242
f 4475/1109/3253 4476/1110/3254 4465/1099/3243
f 4465/1099/3243 4468/1100/3246 4475/1109/3253
f 4451/1088/3230 4458/1093/3237 4477/1111/3255
f 4478/1111/3256 4452/1087/3231 4451/1088/3230
f 4450/1085/3229 4453/1086/3232 4479/1112/3257
f 4480/1112/3258 4466/1102/3244 4450/1085/3229
f 4459/1092/3238 4458/1093/3237 4451/1088/3230
f 4451/1088/3230 4454/1089/3233 4459/1092/3238
f 4466/1102/3244 4465/1099/3243 4455/1090/3234
f 4455/1090/3234 4450/1085/3229 4466/1102/3244
f 4468/1100/3246 4467/1101/3245 4481/1098/3259
f 4482/1098/3260 4460/1095/3239 4468/1100/3246
f 4483/1113/3261 4484/1114/3261 4464/1096/3262
f 4464/1096/3242 4485/1097/3263 4486/1113/3263
f 4465/1099/3243 4476/1110/3254 4469/1104/3247
f 4469/1104/3247 4455/1090/3234 4465/1099/3243
f 4470/1103/3248 4471/1105/3249 4459/1092/3238
f 4459/1092/3238 4454/1089/3233 4470/1103/3248
f 4487/1114/3264 4488/1115/3264 4473/1108/3265
f 4473/1108/3251 4464/1096/3242 4489/1114/3266
f 4474/1107/3252 4475/1109/3253 4468/1100/3246
f 4468/1100/3246 4460/1095/3239 4474/1107/3252
f 4490/1116/3267 4491/1119/3268 4492/1118/3269
f 4492/1118/3269 4493/1117/3270 4490/1116/3267
f 4494/1120/3271 4495/1122/3272 4496/1121/3273
f 4497/1123/3274 4498/1126/3275 4499/1125/3276
f 4499/1125/3276 4500/1124/3277 4497/1123/3274
f 4501/1127/3278 4502/1129/3279 4503/1128/3280
f 4494/1120/3271 4490/1116/3267 4493/1117/3270
f 4493/1117/3270 4495/1122/3272 4494/1120/3271
f 4492/1118/3269 4491/1119/3268 4504/1131/3281
f 4504/1131/3281 4505/1130/3282 4492/1118/3269
f 4501/1127/3278 4497/1123/3274 4500/1124/3277
f 4500/1124/3277 4502/1129/3279 4501/1127/3278
f 4499/1125/3276 4498/1126/3275 4506/1133/3283
f 4506/1133/3283 4507/1132/3284 4499/1125/3276
f 4470/1103/3248 4469/1104/3247 4508/1135/3285
f 4508/1135/3285 4509/1134/3286 4470/1103/3248
f 4491/1119/3268 4490/1116/3267 4509/1134/3286
f 4509/1134/3286 4508/1135/3285 4491/1119/3268
f 4510/1136/3287 4511/1138/3288 4496/1121/3273
f 4496/1121/3273 4512/1137/3289 4510/1136/3287
f 4513/1139/3290 4511/1138/3288 4471/1105/3249
f 4474/1107/3252 4473/1108/3251 4514/1141/3291
f 4514/1141/3291 4515/1140/3292 4474/1107/3252
f 4498/1126/3275 4497/1123/3274 4515/1140/3292
f 4515/1140/3292 4514/1141/3291 4498/1126/3275
f 4516/1142/3293 4503/1128/3280 4517/1144/3294
f 4517/1144/3294 4518/1143/3295 4516/1142/3293
f 4519/1145/3296 4516/1142/3293 4475/1109/3253
f 4469/1104/3247 4476/1110/3254 4520/1146/3297
f 4520/1146/3297 4508/1135/3285 4469/1104/3247
f 4520/1146/3297 4504/1131/3281 4491/1119/3268
f 4491/1119/3268 4508/1135/3285 4520/1146/3297
f 4490/1116/3267 4494/1120/3271 4513/1139/3290
f 4513/1139/3290 4509/1134/3286 4490/1116/3267
f 4513/1139/3290 4471/1105/3249 4470/1103/3248
f 4470/1103/3248 4509/1134/3286 4513/1139/3290
f 4473/1108/3251 4521/1115/3298 4522/1147/3299
f 4522/1147/3299 4514/1141/3291 4473/1108/3251
f 4506/1133/3283 4498/1126/3275 4514/1141/3291
f 4514/1141/3291 4522/1147/3299 4506/1133/3283
f 4515/1140/3292 4497/1123/3274 4501/1127/3278
f 4501/1127/3278 4519/1145/3296 4515/1140/3292
f 4519/1145/3296 4475/1109/3253 4474/1107/3252
f 4474/1107/3252 4515/1140/3292 4519/1145/3296
f 4519/1145/3296 4501/1127/3278 4503/1128/3280
f 4503/1128/3280 4516/1142/3293 4519/1145/3296
f 4504/1131/3281 4520/1146/3297 4518/1143/3295
f 4518/1143/3295 4517/1144/3294 4504/1131/3281
f 4511/1138/3288 4513/1139/3290 4494/1120/3271
f 4494/1120/3271 4496/1121/3273 4511/1138/3288
f 4512/1137/3300 4523/1149/3301 4524/1148/3301
f 4525/1148/3302 4510/1136/3287 4512/1137/3289
f 4517/1144/3294 4505/1130/3282 4504/1131/3281
f 4505/1130/3282 4517/1144/3294 4503/1128/3280
f 4503/1128/3280 4502/1129/3279 4505/1130/3282
f 4518/1143/3295 4476/1110/3254 4475/1109/3253
f 4475/1109/3253 4516/1142/3293 4518/1143/3295
f 4476/1110/3254 4518/1143/3295 4520/1146/3297
f 4512/1137/3300 4526/1150/3303 4527/1149/3303
f 4512/1137/3289 4496/1121/3273 4495/1122/3272
f 4495/1122/3272 4528/1150/3304 4512/1137/3289
f 4472/1106/3250 4471/1105/3249 4511/1138/3288
f 4511/1138/3288 4510/1136/3287 4472/1106/3250
f 4472/1106/3250 4510/1136/3287 4529/1148/3305
f 4530/1151/3306 4531/1154/3306 4532/1153/3306
f 4533/1153/3307 4534/1152/3307 4535/1151/3307
f 4536/1155/3308 4537/1158/3309 4538/1157/3310
f 4538/1157/3310 4539/1156/3311 4536/1155/3308
f 4540/1159/3312 4541/1162/3313 4542/1161/3314
f 4542/1161/3314 4543/1160/3315 4540/1159/3312
f 4544/1163/3316 4545/1166/3317 4546/1165/3318
f 4547/1165/3319 4548/1164/3319 4544/1163/3316
f 4549/1167/3320 4550/1170/3320 4551/1169/3320
f 4551/1169/3321 4552/1168/3322 4553/1167/3321
f 4554/1171/3323 4555/1172/3324 4556/1165/3324
f 4557/1165/3325 4545/1166/3317 4554/1171/3323
f 4558/1167/3326 4552/1168/3322 4559/1172/3326
f 4560/1172/3327 4554/1171/3328 4561/1167/3327
f 4544/1163/3329 4562/1164/3330 4563/1174/3330
f 4564/1174/3330 4565/1173/3331 4544/1163/3329
f 4566/1175/3332 4567/1178/3333 4568/1177/3332
f 4568/1177/3334 4569/1176/3334 4570/1175/3334
f 4565/1173/3335 4571/1174/3336 4567/1178/3337
f 4567/1178/3337 4572/1175/3338 4565/1173/3335
f 4573/1179/3339 4574/1182/3340 4575/1181/3341
f 4575/1181/3341 4576/1180/3342 4573/1179/3339
f 4577/1183/3343 4578/1186/3344 4579/1185/3345
f 4579/1185/3345 4580/1184/3346 4577/1183/3343
f 4581/1187/3347 4582/1190/3348 4583/1189/3349
f 4583/1189/3349 4584/1188/3350 4581/1187/3347
f 4585/1191/3351 4586/1194/3352 4587/1193/3353
f 4587/1193/3353 4588/1192/3354 4585/1191/3351
f 4589/1195/3355 4590/1198/3356 4591/1197/3357
f 4591/1197/3357 4592/1196/3358 4589/1195/3355
f 4593/1199/3359 4594/1202/3360 4595/1201/3361
f 4595/1201/3361 4596/1200/3362 4593/1199/3359
f 4597/1203/3363 4598/1206/3364 4599/1205/3365
f 4599/1205/3365 4600/1204/3366 4597/1203/3363
f 4601/1207/3367 4602/1210/3368 4603/1209/3369
f 4603/1209/3369 4604/1208/3370 4601/1207/3367
f 4605/1211/3371 4606/1214/3372 4607/1213/3373
f 4607/1213/3373 4608/1212/3374 4605/1211/3371
f 4609/1215/3375 4610/1218/3376 4611/1217/3377
f 4611/1217/3377 4612/1216/3378 4609/1215/3375
f 4613/1219/3379 4597/1203/3363 4600/1204/3366
f 4600/1204/3380 4614/1220/3381 4615/1219/3381
f 4604/1208/3370 4603/1209/3369 4616/1222/3382
f 4616/1222/3382 4617/1221/3383 4604/1208/3370
f 4580/1184/3346 4606/1214/3372 4605/1211/3371
f 4605/1211/3371 4577/1183/3343 4580/1184/3346
f 4609/1215/3375 4612/1216/3378 4618/1224/3384
f 4618/1224/3384 4619/1223/3385 4609/1215/3375
f 4581/1187/3347 4584/1188/3350 4620/1226/3386
f 4620/1226/3386 4621/1225/3387 4581/1187/3347
f 4588/1192/3354 4622/1228/3388 4623/1227/3389
f 4623/1227/3389 4585/1191/3351 4588/1192/3354
f 4624/1229/3390 4592/1196/3358 4625/1230/3391
f 4626/1231/3392 4627/1232/3393 4593/1199/3359
f 4593/1199/3359 4596/1200/3362 4626/1231/3392
f 4620/1226/3386 4599/1205/3365 4598/1206/3364
f 4598/1206/3364 4621/1225/3387 4620/1226/3386
f 4602/1210/3368 4601/1207/3367 4623/1227/3389
f 4623/1227/3389 4622/1228/3388 4602/1210/3368
f 4625/1230/3391 4608/1212/3374 4607/1213/3373
f 4607/1213/3373 4624/1229/3390 4625/1230/3391
f 4611/1217/3377 4610/1218/3376 4627/1232/3393
f 4627/1232/3393 4626/1231/3392 4611/1217/3377
f 4574/1182/3340 4628/1234/3394 4629/1233/3340
f 4629/1233/3340 4575/1181/3341 4574/1182/3340
f 4576/1180/3342 4630/1236/3395 4631/1235/3396
f 4631/1235/3396 4573/1179/3339 4576/1180/3342
f 4617/1221/3383 4632/1237/3397 4578/1186/3344
f 4578/1186/3344 4577/1183/3343 4617/1221/3383
f 4633/1238/3398 4618/1224/3384 4580/1184/3346
f 4580/1184/3346 4579/1185/3345 4634/1238/3399
f 4635/1239/3400 4636/1240/3400 4582/1190/3401
f 4582/1190/3348 4581/1187/3347 4637/1239/3400
f 4594/1202/3360 4593/1199/3359 4584/1188/3350
f 4584/1188/3350 4583/1189/3349 4594/1202/3360
f 4596/1200/3362 4595/1201/3361 4590/1198/3356
f 4590/1198/3356 4589/1195/3355 4596/1200/3362
f 4586/1194/3352 4585/1191/3351 4592/1196/3358
f 4592/1196/3358 4591/1197/3357 4586/1194/3352
f 4638/1241/3402 4639/1242/3402 4598/1206/3364
f 4598/1206/3364 4597/1203/3363 4640/1241/3403
f 4599/1205/3365 4610/1218/3376 4609/1215/3375
f 4609/1215/3375 4600/1204/3366 4599/1205/3365
f 4612/1216/3378 4611/1217/3377 4607/1213/3373
f 4607/1213/3373 4606/1214/3372 4612/1216/3378
f 4608/1212/3374 4601/1207/3367 4604/1208/3370
f 4604/1208/3370 4605/1211/3371 4608/1212/3374
f 4641/1243/3404 4642/1241/3404 4597/1203/3405
f 4597/1203/3405 4643/1219/3406 4644/1243/3406
f 4600/1204/3366 4609/1215/3375 4619/1223/3385
f 4619/1223/3385 4645/1220/3407 4600/1204/3366
f 4618/1224/3384 4612/1216/3378 4606/1214/3372
f 4606/1214/3372 4580/1184/3346 4618/1224/3384
f 4605/1211/3371 4604/1208/3370 4617/1221/3383
f 4617/1221/3383 4577/1183/3343 4605/1211/3371
f 4593/1199/3359 4627/1232/3393 4620/1226/3386
f 4620/1226/3386 4584/1188/3350 4593/1199/3359
f 4621/1225/3408 4646/1244/3409 4647/1239/3409
f 4648/1239/3410 4581/1187/3347 4621/1225/3387
f 4585/1191/3351 4623/1227/3389 4625/1230/3391
f 4625/1230/3391 4592/1196/3358 4585/1191/3351
f 4624/1229/3390 4626/1231/3392 4596/1200/3362
f 4596/1200/3362 4589/1195/3355 4624/1229/3390
f 4627/1232/3393 4610/1218/3376 4599/1205/3365
f 4599/1205/3365 4620/1226/3386 4627/1232/3393
f 4649/1242/3411 4650/1244/3411 4621/1225/3412
f 4621/1225/3387 4598/1206/3364 4651/1242/3411
f 4623/1227/3389 4601/1207/3367 4608/1212/3374
f 4608/1212/3374 4625/1230/3391 4623/1227/3389
f 4611/1217/3377 4626/1231/3392 4624/1229/3390
f 4624/1229/3390 4607/1213/3373 4611/1217/3377
f 4583/1189/3349 4582/1190/3348 4652/1246/3413
f 4653/1246/3414 4654/1245/3414 4583/1189/3349
f 4591/1197/3357 4590/1198/3356 4655/1248/3415
f 4656/1248/3416 4657/1247/3416 4591/1197/3417
f 4658/1246/3418 4582/1190/3401 4659/1240/3418
f 4660/1240/3419 4661/1249/3419 4662/1246/3419
f 4586/1194/3352 4591/1197/3357 4663/1247/3420
f 4664/1247/3421 4665/1250/3421 4586/1194/3352
f 4666/1248/3422 4590/1198/3356 4595/1201/3361
f 4595/1201/3423 4667/1251/3424 4668/1248/3424
f 4594/1202/3360 4583/1189/3349 4669/1245/3425
f 4670/1245/3426 4671/1252/3426 4594/1202/3427
f 4672/1253/3428 4673/1256/3429 4674/1255/3430
f 4674/1255/3430 4675/1254/3431 4672/1253/3428
f 4676/1257/3432 4677/1258/3433 4673/1256/3429
f 4673/1256/3429 4672/1253/3428 4676/1257/3432
f 4678/1259/3434 4679/1260/3435 4677/1258/3433
f 4677/1258/3433 4676/1257/3432 4678/1259/3434
f 4680/1261/3436 4681/1262/3436 4679/1260/3435
f 4679/1260/3435 4678/1259/3434 4682/1261/3437
f 4674/1255/3430 4673/1256/3429 4683/1264/3438
f 4683/1264/3438 4684/1263/3439 4674/1255/3430
f 4677/1258/3433 4679/1260/3435 4685/1266/3440
f 4685/1266/3440 4686/1265/3441 4677/1258/3433
f 4687/1267/3442 4688/1270/3443 4689/1269/3444
f 4689/1269/3444 4690/1268/3445 4687/1267/3442
f 4691/1271/3446 4692/1274/3447 4693/1273/3448
f 4693/1273/3448 4694/1272/3449 4691/1271/3446
f 4695/1275/3450 4696/1276/3451 4688/1270/3443
f 4688/1270/3443 4687/1267/3442 4695/1275/3450
f 4692/1274/3447 4697/1278/3452 4698/1277/3453
f 4698/1277/3453 4693/1273/3448 4692/1274/3447
f 4699/1280/3454 4696/1276/3451 4700/1279/3455
f 4701/1279/3456 4702/1281/3456 4699/1280/3454
f 4690/1268/3445 4689/1269/3444 4703/1283/3457
f 4703/1283/3457 4704/1282/3458 4690/1268/3445
f 4705/1285/3459 4706/1284/3460 4703/1283/3457
f 4703/1283/3457 4707/1286/3461 4705/1285/3459
f 4705/1285/3459 4691/1271/3446 4694/1272/3449
f 4694/1272/3449 4706/1284/3460 4705/1285/3459
f 4686/1265/3441 4683/1264/3438 4673/1256/3429
f 4673/1256/3429 4677/1258/3433 4686/1265/3441
f 4708/1287/3462 4685/1266/3440 4679/1260/3435
f 4679/1260/3435 4709/1262/3462 4710/1287/3462
f 4711/1251/3463 4595/1201/3361 4594/1202/3360
f 4594/1202/3464 4712/1252/3465 4713/1251/3465
f 4714/1288/3466 4587/1193/3353 4586/1194/3352
f 4586/1194/3352 4715/1250/3467 4716/1288/3467
f 4539/1156/3311 4717/1159/3468 4718/1162/3468
f 4719/1162/3469 4536/1155/3308 4539/1156/3311
f 4720/1159/3470 4721/1160/3470 4722/1161/3470
f 4723/1161/3471 4724/1162/3471 4725/1159/3471
f 4726/1156/3472 4727/1155/3472 4541/1162/3473
f 4541/1162/3313 4540/1159/3312 4728/1156/3474
f 4729/1157/3475 4730/1158/3475 4731/1155/3475
f 4732/1155/3476 4733/1156/3476 4734/1157/3476
f 4735/1289/3477 4736/1291/3478 4737/1290/3479
f 4736/1291/3478 4735/1289/3477 4738/1292/3480
f 4739/1293/3481 4740/1295/3482 4741/1294/3483
f 4740/1295/3482 4739/1293/3481 4742/1296/3484
f 4737/1290/3479 4736/1291/3478 4742/1296/3484
f 4742/1296/3484 4739/1293/3481 4737/1290/3479
f 4743/1297/3485 4744/1299/3486 4745/1298/3487
f 4743/1297/3485 4746/1301/3488 4747/1300/3489
f 4747/1300/3489 4744/1299/3486 4743/1297/3485
f 4747/1300/3489 4746/1301/3488 4748/1302/3490
f 4746/1301/3488 4749/1303/3491 4748/1302/3490
f 4749/1303/3491 4746/1301/3488 4750/1304/3492
f 4749/1303/3491 4750/1304/3492 4751/1305/3493
f 4752/1306/3494 4748/1302/3490 4749/1303/3491
f 4749/1303/3491 4751/1305/3493 4753/1307/3495
f 4749/1303/3491 4753/1307/3495 4752/1306/3494
f 4754/1308/3496 4755/1310/3497 4756/1309/3498
f 4754/1308/3496 4757/1311/3499 4755/1310/3497
f 4754/1308/3496 4756/1309/3498 4758/1312/3500
f 4759/1313/3501 4757/1311/3499 4754/1308/3496
f 4759/1313/3501 4760/1314/3502 4757/1311/3499
f 4759/1313/3501 4754/1308/3496 4758/1312/3500
f 4758/1312/3500 4761/1315/3503 4759/1313/3501
f 4761/1315/3503 4758/1312/3500 4762/1316/3504
f 4762/1316/3504 4763/1318/3505 4764/1317/3506
f 4762/1316/3504 4764/1317/3506 4761/1315/3503
f 4760/1314/3502 4759/1313/3501 4761/1315/3503
f 4761/1315/3503 4764/1317/3506 4765/1319/3507
f 4761/1315/3503 4765/1319/3507 4760/1314/3502
f 4766/1320/3508 4767/1322/3509 4768/1321/3510
f 4769/1323/3511 4743/1297/3485 4745/1298/3487
f 4770/1324/3512 4758/1312/3500 4756/1309/3498
f 4756/1309/3498 4771/1325/3513 4770/1324/3512
f 4765/1319/3507 4772/1327/3514 4773/1326/3515
f 4773/1326/3515 4760/1314/3502 4765/1319/3507
f 4760/1314/3502 4773/1326/3515 4774/1328/3516
f 4774/1328/3516 4757/1311/3499 4760/1314/3502
f 4752/1306/3494 4757/1311/3499 4774/1328/3516
f 4774/1328/3516 4775/1329/3517 4752/1306/3494
f 4752/1306/3494 4775/1329/3517 4776/1330/3518
f 4776/1330/3518 4748/1302/3490 4752/1306/3494
f 4747/1300/3489 4748/1302/3490 4776/1330/3518
f 4776/1330/3518 4777/1331/3519 4747/1300/3489
f 4744/1299/3486 4747/1300/3489 4777/1331/3519
f 4777/1331/3519 4778/1332/3520 4744/1299/3486
f 4778/1332/3520 4779/1333/3521 4744/1299/3486
f 4762/1316/3504 4767/1322/3509 4766/1320/3508
f 4766/1320/3508 4763/1318/3505 4762/1316/3504
f 4780/1334/3522 4781/1336/3523 4782/1335/3524
f 4783/1337/3525 4781/1336/3523 4780/1334/3522
f 4780/1334/3522 4784/1338/3526 4783/1337/3525
f 4785/1339/3527 4783/1337/3525 4784/1338/3526
f 4773/1326/3515 4772/1327/3514 4781/1336/3523
f 4781/1336/3523 4783/1337/3525 4773/1326/3515
f 4774/1328/3516 4773/1326/3515 4783/1337/3525
f 4783/1337/3525 4785/1339/3527 4774/1328/3516
f 4774/1328/3516 4785/1339/3527 4786/1340/3528
f 4786/1340/3528 4775/1329/3517 4774/1328/3516
f 4776/1330/3518 4775/1329/3517 4786/1340/3528
f 4786/1340/3528 4787/1341/3529 4776/1330/3518
f 4776/1330/3518 4787/1341/3529 4788/1342/3530
f 4788/1342/3530 4777/1331/3519 4776/1330/3518
f 4777/1331/3519 4788/1342/3530 4789/1343/3531
f 4789/1343/3531 4778/1332/3520 4777/1331/3519
f 4790/1333/3532 4778/1332/3520 4789/1343/3531
f 4791/1344/3533 4769/1323/3511 4745/1298/3487
f 4769/1323/3511 4792/1345/3534 4746/1301/3488
f 4746/1301/3488 4743/1297/3485 4769/1323/3511
f 4769/1323/3535 4793/1344/3536 4794/1346/3536
f 4795/1346/3537 4792/1345/3534 4769/1323/3511
f 4792/1345/3538 4796/1346/3539 4797/1347/3539
f 4798/1348/3540 4792/1345/3534 4799/1347/3541
f 4746/1301/3488 4792/1345/3534 4800/1349/3542
f 4800/1349/3542 4792/1345/3534 4798/1348/3540
f 4800/1349/3542 4750/1304/3492 4746/1301/3488
f 4751/1305/3493 4750/1304/3492 4800/1349/3542
f 4800/1349/3542 4801/1350/3543 4751/1305/3493
f 4801/1350/3543 4800/1349/3542 4798/1348/3540
f 4801/1350/3543 4798/1348/3540 4802/1347/3544
f 4803/1347/3545 4804/1351/3545 4801/1350/3543
f 4751/1305/3493 4801/1350/3543 4805/1352/3546
f 4805/1352/3546 4755/1310/3497 4751/1305/3493
f 4801/1350/3543 4806/1351/3547 4805/1352/3546
f 4807/1351/3548 4808/1353/3548 4805/1352/3549
f 4755/1310/3497 4805/1352/3546 4771/1325/3513
f 4771/1325/3513 4805/1352/3546 4809/1354/3550
f 4771/1325/3513 4756/1309/3498 4755/1310/3497
f 4771/1325/3513 4809/1354/3550 4770/1324/3512
f 4809/1354/3551 4810/1353/3552 4811/1355/3552
f 4770/1324/3512 4809/1354/3550 4812/1355/3553
f 4813/1355/3554 4814/1356/3554 4770/1324/3555
f 4767/1322/3509 4770/1324/3512 4815/1356/3556
f 4816/1356/3557 4768/1321/3510 4767/1322/3509
f 4758/1312/3500 4770/1324/3512 4767/1322/3509
f 4767/1322/3509 4762/1316/3504 4758/1312/3500
f 4817/1353/3558 4809/1354/3550 4805/1352/3546
f 4757/1311/3499 4752/1306/3494 4755/1310/3497
f 4755/1310/3497 4752/1306/3494 4753/1307/3495
f 4755/1310/3497 4753/1307/3495 4751/1305/3493
f 4818/1357/3559 4819/1360/3559 4820/1359/3559
f 4821/1359/3560 4822/1358/3560 4823/1357/3560
f 4824/1358/3561 4825/1359/3561 4826/1361/3561
f 4827/1357/3562 4828/1363/3562 4829/1362/3562
f 4830/1362/3563 4831/1360/3563 4832/1357/3563
f 4833/1297/3564 4834/1299/3565 4835/1298/3566
f 4833/1297/3564 4836/1301/3567 4837/1300/3568
f 4837/1300/3568 4834/1299/3565 4833/1297/3564
f 4837/1300/3568 4836/1301/3567 4838/1302/3569
f 4836/1301/3567 4839/1303/3570 4838/1302/3569
f 4839/1303/3570 4836/1301/3567 4840/1304/3492
f 4839/1303/3570 4840/1304/3492 4841/1305/3571
f 4842/1306/3494 4838/1302/3569 4839/1303/3570
f 4839/1303/3570 4841/1305/3571 4843/1307/3572
f 4839/1303/3570 4843/1307/3572 4842/1306/3494
f 4844/1308/3496 4845/1310/3573 4846/1309/3498
f 4844/1308/3496 4847/1311/3499 4845/1310/3573
f 4844/1308/3496 4846/1309/3498 4848/1312/3574
f 4849/1313/3501 4847/1311/3499 4844/1308/3496
f 4849/1313/3501 4850/1314/3502 4847/1311/3499
f 4849/1313/3501 4844/1308/3496 4848/1312/3574
f 4848/1312/3574 4851/1315/3503 4849/1313/3501
f 4851/1315/3503 4848/1312/3574 4852/1316/3504
f 4852/1316/3504 4853/1318/3505 4854/1317/3506
f 4852/1316/3504 4854/1317/3506 4851/1315/3503
f 4850/1314/3502 4849/1313/3501 4851/1315/3503
f 4851/1315/3503 4854/1317/3506 4855/1319/3507
f 4851/1315/3503 4855/1319/3507 4850/1314/3502
f 4856/1320/3508 4857/1322/3509 4858/1321/3510
f 4859/1323/3575 4833/1297/3564 4835/1298/3566
f 4860/1324/3512 4848/1312/3574 4846/1309/3498
f 4846/1309/3498 4861/1325/3513 4860/1324/3512
f 4855/1319/3507 4862/1327/3576 4863/1326/3577
f 4863/1326/3577 4850/1314/3502 4855/1319/3507
f 4850/1314/3502 4863/1326/3577 4864/1328/3516
f 4864/1328/3516 4847/1311/3499 4850/1314/3502
f 4842/1306/3494 4847/1311/3499 4864/1328/3516
f 4864/1328/3516 4865/1329/3578 4842/1306/3494
f 4842/1306/3494 4865/1329/3578 4866/1330/3579
f 4866/1330/3579 4838/1302/3569 4842/1306/3494
f 4837/1300/3568 4838/1302/3569 4866/1330/3579
f 4866/1330/3579 4867/1331/3580 4837/1300/3568
f 4834/1299/3565 4837/1300/3568 4867/1331/3580
f 4867/1331/3580 4868/1332/3581 4834/1299/3565
f 4868/1332/3581 4869/1333/3582 4834/1299/3565
f 4852/1316/3504 4857/1322/3509 4856/1320/3508
f 4856/1320/3508 4853/1318/3505 4852/1316/3504
f 4870/1334/3522 4871/1336/3523 4872/1335/3524
f 4873/1337/3525 4871/1336/3523 4870/1334/3522
f 4870/1334/3522 4874/1338/3583 4873/1337/3525
f 4875/1339/3584 4873/1337/3525 4874/1338/3583
f 4863/1326/3577 4862/1327/3576 4871/1336/3523
f 4871/1336/3523 4873/1337/3525 4863/1326/3577
f 4864/1328/3516 4863/1326/3577 4873/1337/3525
f 4873/1337/3525 4875/1339/3584 4864/1328/3516
f 4864/1328/3516 4875/1339/3584 4876/1340/3528
f 4876/1340/3528 4865/1329/3578 4864/1328/3516
f 4866/1330/3579 4865/1329/3578 4876/1340/3528
f 4876/1340/3528 4877/1341/3529 4866/1330/3579
f 4866/1330/3579 4877/1341/3529 4878/1342/3530
f 4878/1342/3530 4867/1331/3580 4866/1330/3579
f 4867/1331/3580 4878/1342/3530 4879/1343/3531
f 4879/1343/3531 4868/1332/3581 4867/1331/3580
f 4880/1333/3585 4868/1332/3581 4879/1343/3531
f 4881/1344/3586 4859/1323/3575 4835/1298/3566
f 4859/1323/3575 4882/1345/3587 4836/1301/3567
f 4836/1301/3567 4833/1297/3564 4859/1323/3575
f 4859/1323/3588 4883/1344/3589 4884/1346/3589
f 4885/1346/3590 4882/1345/3587 4859/1323/3575
f 4882/1345/3587 4886/1346/3591 4887/1347/3591
f 4888/1348/3592 4882/1345/3587 4889/1347/3593
f 4836/1301/3567 4882/1345/3587 4890/1349/3594
f 4890/1349/3594 4882/1345/3587 4888/1348/3592
f 4890/1349/3594 4840/1304/3492 4836/1301/3567
f 4841/1305/3571 4840/1304/3492 4890/1349/3594
f 4890/1349/3594 4891/1350/3595 4841/1305/3571
f 4891/1350/3595 4890/1349/3594 4888/1348/3592
f 4891/1350/3595 4888/1348/3592 4892/1347/3596
f 4893/1347/3545 4894/1351/3545 4891/1350/3543
f 4841/1305/3571 4891/1350/3595 4895/1352/3597
f 4895/1352/3597 4845/1310/3573 4841/1305/3571
f 4891/1350/3595 4896/1351/3598 4895/1352/3597
f 4897/1351/3599 4898/1353/3599 4895/1352/3549
f 4845/1310/3573 4895/1352/3597 4861/1325/3513
f 4861/1325/3513 4895/1352/3597 4899/1354/3600
f 4861/1325/3513 4846/1309/3498 4845/1310/3573
f 4861/1325/3513 4899/1354/3600 4860/1324/3512
f 4899/1354/3551 4900/1353/3601 4901/1355/3601
f 4860/1324/3512 4899/1354/3600 4902/1355/3602
f 4903/1355/3603 4904/1356/3603 4860/1324/3555
f 4857/1322/3509 4860/1324/3512 4905/1356/3604
f 4906/1356/3605 4858/1321/3510 4857/1322/3509
f 4848/1312/3574 4860/1324/3512 4857/1322/3509
f 4857/1322/3509 4852/1316/3504 4848/1312/3574
f 4907/1353/3606 4899/1354/3600 4895/1352/3597
f 4847/1311/3499 4842/1306/3494 4845/1310/3573
f 4845/1310/3573 4842/1306/3494 4843/1307/3572
f 4845/1310/3573 4843/1307/3572 4841/1305/3571
f 4908/1357/3607 4909/1360/3607 4910/1359/3607
f 4911/1359/3608 4912/1358/3608 4913/1357/3608
f 4914/1358/3609 4915/1359/3609 4916/1361/3609
f 4917/1357/3610 4918/1363/3610 4919/1362/3610
f 4920/1362/3611 4921/1360/3611 4922/1357/3611
f 4923/1297/3612 4924/1299/3613 4925/1298/3614
f 4923/1297/3612 4926/1301/3615 4927/1300/3616
f 4927/1300/3616 4924/1299/3613 4923/1297/3612
f 4927/1300/3616 4926/1301/3615 4928/1302/3617
f 4926/1301/3615 4929/1303/3618 4928/1302/3617
f 4929/1303/3618 4926/1301/3615 4930/1304/3619
f 4929/1303/3618 4930/1304/3619 4931/1305/3620
f 4932/1306/3621 4928/1302/3617 4929/1303/3618
f 4929/1303/3618 4931/1305/3620 4933/1307/3622
f 4929/1303/3618 4933/1307/3622 4932/1306/3621
f 4934/1308/3623 4935/1310/3624 4936/1309/3625
f 4934/1308/3623 4937/1311/3626 4935/1310/3624
f 4934/1308/3623 4936/1309/3625 4938/1312/3627
f 4939/1313/3628 4937/1311/3626 4934/1308/3623
f 4939/1313/3628 4940/1314/3629 4937/1311/3626
f 4939/1313/3628 4934/1308/3623 4938/1312/3627
f 4938/1312/3627 4941/1315/3630 4939/1313/3628
f 4941/1315/3630 4938/1312/3627 4942/1316/3631
f 4942/1316/3631 4943/1318/3632 4944/1317/3633
f 4942/1316/3631 4944/1317/3633 4941/1315/3630
f 4940/1314/3629 4939/1313/3628 4941/1315/3630
f 4941/1315/3630 4944/1317/3633 4945/1319/3634
f 4941/1315/3630 4945/1319/3634 4940/1314/3629
f 4946/1320/3635 4947/1322/3636 4948/1321/3637
f 4949/1323/3638 4923/1297/3612 4925/1298/3614
f 4950/1324/3639 4938/1312/3627 4936/1309/3625
f 4936/1309/3625 4951/1325/3640 4950/1324/3639
f 4945/1319/3634 4952/1327/3641 4953/1326/3642
f 4953/1326/3642 4940/1314/3629 4945/1319/3634
f 4940/1314/3629 4953/1326/3642 4954/1328/3643
f 4954/1328/3643 4937/1311/3626 4940/1314/3629
f 4932/1306/3621 4937/1311/3626 4954/1328/3643
f 4954/1328/3643 4955/1329/3644 4932/1306/3621
f 4932/1306/3621 4955/1329/3644 4956/1330/3645
f 4956/1330/3645 4928/1302/3617 4932/1306/3621
f 4927/1300/3616 4928/1302/3617 4956/1330/3645
f 4956/1330/3645 4957/1331/3646 4927/1300/3616
f 4924/1299/3613 4927/1300/3616 4957/1331/3646
f 4957/1331/3646 4958/1332/3647 4924/1299/3613
f 4958/1332/3647 4959/1333/3648 4924/1299/3613
f 4942/1316/3631 4947/1322/3636 4946/1320/3635
f 4946/1320/3635 4943/1318/3632 4942/1316/3631
f 4960/1334/3649 4961/1336/3650 4962/1335/3651
f 4963/1337/3652 4961/1336/3650 4960/1334/3649
f 4960/1334/3649 4964/1338/3653 4963/1337/3652
f 4965/1339/3654 4963/1337/3652 4964/1338/3653
f 4953/1326/3642 4952/1327/3641 4961/1336/3650
f 4961/1336/3650 4963/1337/3652 4953/1326/3642
f 4954/1328/3643 4953/1326/3642 4963/1337/3652
f 4963/1337/3652 4965/1339/3654 4954/1328/3643
f 4954/1328/3643 4965/1339/3654 4966/1340/3655
f 4966/1340/3655 4955/1329/3644 4954/1328/3643
f 4956/1330/3645 4955/1329/3644 4966/1340/3655
f 4966/1340/3655 4967/1341/3656 4956/1330/3645
f 4956/1330/3645 4967/1341/3656 4968/1342/3657
f 4968/1342/3657 4957/1331/3646 4956/1330/3645
f 4957/1331/3646 4968/1342/3657 4969/1343/3658
f 4969/1343/3658 4958/1332/3647 4957/1331/3646
f 4970/1333/3659 4958/1332/3647 4969/1343/3658
f 4971/1344/3660 4949/1323/3638 4925/1298/3614
f 4949/1323/3638 4972/1345/3661 4926/1301/3615
f 4926/1301/3615 4923/1297/3612 4949/1323/3638
f 4949/1323/3662 4973/1344/3663 4974/1346/3663
f 4975/1346/3664 4972/1345/3661 4949/1323/3638
f 4972/1345/3665 4976/1346/3666 4977/1347/3666
f 4978/1348/3667 4972/1345/3661 4979/1347/3668
f 4926/1301/3615 4972/1345/3661 4980/1349/3669
f 4980/1349/3669 4972/1345/3661 4978/1348/3667
f 4980/1349/3669 4930/1304/3619 4926/1301/3615
f 4931/1305/3620 4930/1304/3619 4980/1349/3669
f 4980/1349/3669 4981/1350/3670 4931/1305/3620
f 4981/1350/3670 4980/1349/3669 4978/1348/3667
f 4981/1350/3670 4978/1348/3667 4982/1347/3671
f 4983/1347/3672 4984/1351/3672 4981/1350/3673
f 4931/1305/3620 4981/1350/3670 4985/1352/3674
f 4985/1352/3674 4935/1310/3624 4931/1305/3620
f 4981/1350/3670 4986/1351/3675 4985/1352/3674
f 4987/1351/3676 4988/1353/3676 4985/1352/3677
f 4935/1310/3624 4985/1352/3674 4951/1325/3640
f 4951/1325/3640 4985/1352/3674 4989/1354/3678
f 4951/1325/3640 4936/1309/3625 4935/1310/3624
f 4951/1325/3640 4989/1354/3678 4950/1324/3639
f 4989/1354/3679 4990/1353/3680 4991/1355/3680
f 4950/1324/3639 4989/1354/3678 4992/1355/3681
f 4993/1355/3682 4994/1356/3682 4950/1324/3683
f 4947/1322/3636 4950/1324/3639 4995/1356/3684
f 4996/1356/3685 4948/1321/3637 4947/1322/3636
f 4938/1312/3627 4950/1324/3639 4947/1322/3636
f 4947/1322/3636 4942/1316/3631 4938/1312/3627
f 4997/1353/3686 4989/1354/3678 4985/1352/3674
f 4937/1311/3626 4932/1306/3621 4935/1310/3624
f 4935/1310/3624 4932/1306/3621 4933/1307/3622
f 4935/1310/3624 4933/1307/3622 4931/1305/3620
f 4998/1357/3687 4999/1360/3687 5000/1359/3687
f 5001/1359/3688 5002/1358/3688 5003/1357/3688
f 5004/1358/3689 5005/1359/3689 5006/1361/3689
f 5007/1357/3690 5008/1363/3690 5009/1362/3690
f 5010/1362/3691 5011/1360/3691 5012/1357/3691
f 5013/1364/3692 5014/1366/3693 5015/1365/3694
f 5016/1367/3695 5017/1369/3696 5018/1368/3697
f 5018/1368/3697 5019/1370/3698 5016/1367/3695
f 5020/1371/3699 5021/1373/3700 5022/1372/3701
f 5022/1372/3701 5023/1374/3702 5020/1371/3699
f 5024/1375/3703 5025/1377/3704 5026/1376/3705
f 5026/1376/3705 5027/1378/3706 5024/1375/3703
f 5028/1379/3707 5029/1381/3708 5030/1380/3709
f 5030/1380/3709 5015/1365/3694 5028/1379/3707
f 5031/1382/3710 5032/1384/3711 5033/1383/3712
f 5033/1383/3712 5019/1370/3698 5031/1382/3710
f 5019/1370/3698 5033/1383/3712 5034/1385/3713
f 5034/1385/3713 5016/1367/3695 5019/1370/3698
f 5035/1386/3714 5016/1367/3695 5034/1385/3713
f 5016/1367/3695 5035/1386/3714 5036/1387/3715
f 5037/1388/3716 5038/1389/3717 5036/1387/3715
f 5036/1387/3715 5035/1386/3714 5037/1388/3716
f 5038/1389/3717 5039/1391/3718 5040/1390/3719
f 5040/1390/3719 5036/1387/3715 5038/1389/3717
f 5040/1390/3719 5039/1391/3718 5020/1371/3699
f 5021/1373/3700 5020/1371/3699 5041/1392/3720
f 5042/1393/3721 5043/1395/3722 5044/1394/3723
f 5043/1395/3722 5042/1393/3721 5045/1396/3724
f 5045/1396/3724 5046/1397/3725 5043/1395/3722
f 5046/1397/3725 5045/1396/3724 5047/1398/3726
f 5047/1398/3726 5048/1399/3727 5046/1397/3725
f 5049/1400/3728 5047/1398/3726 5045/1396/3724
f 5046/1397/3725 5048/1399/3727 5050/1401/3729
f 5045/1396/3724 5051/1402/3730 5049/1400/3728
f 5049/1400/3728 5051/1402/3730 5052/1403/3731
f 5052/1403/3731 5053/1404/3732 5049/1400/3728
f 5054/1405/3733 5046/1397/3725 5050/1401/3729
f 5050/1401/3729 5055/1406/3734 5054/1405/3733
f 5056/1407/3735 5054/1405/3733 5055/1406/3734
f 5043/1395/3722 5054/1405/3733 5056/1407/3735
f 5055/1406/3734 5057/1408/3736 5056/1407/3735
f 5056/1407/3735 5058/1409/3737 5043/1395/3722
f 5059/1410/3738 5060/1411/3739 5044/1394/3723
f 5044/1394/3723 5058/1409/3737 5059/1410/3738
f 5061/1412/3740 5056/1407/3735 5057/1408/3736
f 5058/1409/3737 5056/1407/3735 5061/1412/3740
f 5057/1408/3736 5062/1413/3741 5061/1412/3740
f 5061/1412/3740 5062/1413/3741 5063/1414/3742
f 5064/1415/3743 5061/1412/3740 5063/1414/3742
f 5063/1414/3742 5065/1416/3744 5064/1415/3743
f 5066/1417/3745 5064/1415/3743 5065/1416/3744
f 5065/1416/3744 5067/1418/3746 5066/1417/3745
f 5061/1412/3740 5064/1415/3743 5059/1410/3738
f 5059/1410/3738 5058/1409/3737 5061/1412/3740
f 5064/1415/3743 5066/1417/3745 5059/1410/3738
f 5068/1419/3747 5066/1417/3745 5067/1418/3746
f 5059/1410/3738 5066/1417/3745 5068/1419/3747
f 5067/1418/3746 5069/1420/3748 5068/1419/3747
f 5068/1419/3747 5069/1420/3748 5070/1421/3749
f 5071/1422/3750 5068/1419/3747 5070/1421/3749
f 5070/1421/3749 5072/1423/3751 5071/1422/3750
f 5073/1424/3752 5068/1419/3747 5071/1422/3750
f 5068/1419/3747 5073/1424/3752 5059/1410/3738
f 5072/1423/3751 5074/1425/3753 5071/1422/3750
f 5027/1378/3706 5071/1422/3750 5074/1425/3753
f 5074/1425/3753 5024/1375/3703 5027/1378/3706
f 5071/1422/3750 5075/1426/3754 5073/1424/3752
f 5073/1424/3752 5075/1426/3754 5076/1427/3755
f 5076/1427/3755 5060/1411/3739 5073/1424/3752
f 5059/1410/3738 5073/1424/3752 5060/1411/3739
f 5077/1428/3756 5044/1394/3723 5060/1411/3739
f 5060/1411/3739 5078/1429/3757 5077/1428/3756
f 5079/1430/3758 5080/1432/3759 5081/1431/3760
f 5081/1431/3760 5082/1433/3761 5079/1430/3758
f 5082/1433/3761 5081/1431/3760 5083/1434/3762
f 5084/1435/3763 5085/1437/3764 5086/1436/3765
f 5087/1438/3766 5088/1440/3767 5089/1439/3768
f 5089/1439/3768 5090/1441/3769 5087/1438/3766
f 5091/1442/3770 5087/1438/3766 5090/1441/3769
f 5090/1441/3769 5092/1443/3771 5091/1442/3770
f 5032/1384/3711 5093/1444/3772 5034/1385/3713
f 5034/1385/3713 5033/1383/3712 5032/1384/3711
f 5094/1445/3773 5014/1366/3693 5013/1364/3692
f 5095/1446/3774 5096/1447/3775 5052/1403/3731
f 5052/1403/3731 5097/1448/3776 5095/1446/3774
f 5098/1449/3777 5095/1446/3774 5097/1448/3776
f 5097/1448/3776 5099/1450/3778 5098/1449/3777
f 5100/1451/3779 5098/1449/3777 5099/1450/3778
f 5099/1450/3778 5101/1452/3780 5100/1451/3779
f 5100/1451/3779 5101/1452/3780 5102/1453/3781
f 5102/1453/3781 5103/1434/3782 5100/1451/3779
f 5082/1433/3761 5104/1434/3783 5102/1453/3781
f 5079/1430/3758 5082/1433/3761 5105/1454/3784
f 5105/1454/3784 5106/1455/3785 5079/1430/3758
f 5107/1456/3786 5108/1457/3787 5106/1455/3785
f 5106/1455/3785 5105/1454/3784 5107/1456/3786
f 5109/1458/3788 5110/1460/3789 5111/1459/3790
f 5111/1459/3790 5112/1461/3791 5109/1458/3788
f 5111/1459/3790 5113/1462/3792 5112/1461/3791
f 5102/1453/3781 5112/1461/3791 5113/1462/3792
f 5113/1462/3792 5105/1454/3784 5102/1453/3781
f 5082/1433/3761 5102/1453/3781 5105/1454/3784
f 5112/1461/3791 5102/1453/3781 5101/1452/3780
f 5101/1452/3780 5109/1458/3788 5112/1461/3791
f 5077/1428/3756 5109/1458/3788 5101/1452/3780
f 5101/1452/3780 5044/1394/3723 5077/1428/3756
f 5114/1463/3793 5042/1393/3721 5044/1394/3723
f 5044/1394/3723 5101/1452/3780 5114/1463/3793
f 5099/1450/3778 5114/1463/3793 5101/1452/3780
f 5042/1393/3721 5114/1463/3793 5051/1402/3730
f 5051/1402/3730 5114/1463/3793 5099/1450/3778
f 5051/1402/3730 5045/1396/3724 5042/1393/3721
f 5051/1402/3730 5099/1450/3778 5097/1448/3776
f 5051/1402/3730 5097/1448/3776 5052/1403/3731
f 5115/1464/3794 5116/1466/3795 5117/1465/3796
f 5117/1465/3796 5118/1467/3797 5115/1464/3794
f 5119/1468/3798 5115/1464/3794 5118/1467/3797
f 5118/1467/3797 5023/1374/3702 5119/1468/3798
f 5023/1374/3702 5120/1469/3799 5119/1468/3798
f 5022/1372/3701 5121/1469/3800 5023/1374/3702
f 5046/1397/3725 5054/1405/3733 5043/1395/3722
f 5023/1374/3702 5118/1467/3797 5020/1371/3699
f 5020/1371/3699 5118/1467/3797 5117/1465/3796
f 5117/1465/3796 5040/1390/3719 5020/1371/3699
f 5040/1390/3719 5117/1465/3796 5122/1470/3801
f 5122/1470/3801 5123/1471/3802 5040/1390/3719
f 5036/1387/3715 5040/1390/3719 5123/1471/3802
f 5122/1470/3801 5117/1465/3796 5124/1472/3803
f 5117/1465/3796 5116/1466/3795 5124/1472/3803
f 5124/1472/3803 5116/1466/3795 5087/1438/3766
f 5087/1438/3766 5091/1442/3770 5124/1472/3803
f 5124/1472/3803 5091/1442/3770 5125/1473/3804
f 5125/1473/3804 5091/1442/3770 5092/1443/3771
f 5092/1443/3771 5126/1474/3805 5125/1473/3804
f 5125/1473/3804 5126/1474/3805 5127/1475/3806
f 5125/1473/3804 5128/1476/3807 5124/1472/3803
f 5128/1476/3807 5125/1473/3804 5127/1475/3806
f 5122/1470/3801 5124/1472/3803 5128/1476/3807
f 5127/1475/3806 5085/1437/3764 5084/1435/3763
f 5127/1475/3806 5084/1435/3763 5128/1476/3807
f 5128/1476/3807 5129/1477/3808 5122/1470/3801
f 5084/1435/3763 5129/1477/3808 5128/1476/3807
f 5123/1471/3802 5122/1470/3801 5129/1477/3808
f 5017/1369/3696 5129/1477/3808 5084/1435/3763
f 5129/1477/3808 5017/1369/3696 5123/1471/3802
f 5084/1435/3763 5018/1368/3697 5017/1369/3696
f 5018/1368/3697 5084/1435/3763 5086/1436/3765
f 5086/1436/3765 5130/1478/3809 5018/1368/3697
f 5019/1370/3698 5018/1368/3697 5130/1478/3809
f 5130/1478/3809 5131/1479/3810 5019/1370/3698
f 5131/1479/3810 5031/1382/3710 5019/1370/3698
f 5017/1369/3696 5016/1367/3695 5036/1387/3715
f 5017/1369/3696 5036/1387/3715 5123/1471/3802
f 5132/1480/3811 5133/1481/3812 5076/1427/3755
f 5076/1427/3755 5075/1426/3754 5132/1480/3811
f 5134/1482/3813 5132/1480/3811 5075/1426/3754
f 5075/1426/3754 5071/1422/3750 5134/1482/3813
f 5071/1422/3750 5027/1378/3706 5134/1482/3813
f 5027/1378/3706 5026/1376/3705 5134/1482/3813
f 5090/1441/3769 5089/1439/3768 5108/1457/3787
f 5108/1457/3787 5107/1456/3786 5090/1441/3769
f 5092/1443/3771 5090/1441/3769 5107/1456/3786
f 5126/1474/3805 5092/1443/3771 5107/1456/3786
f 5135/1483/3814 5107/1456/3786 5105/1454/3784
f 5105/1454/3784 5113/1462/3792 5135/1483/3814
f 5127/1475/3806 5126/1474/3805 5107/1456/3786
f 5107/1456/3786 5135/1483/3814 5127/1475/3806
f 5136/1484/3815 5085/1437/3764 5127/1475/3806
f 5127/1475/3806 5135/1483/3814 5136/1484/3815
f 5034/1385/3713 5093/1444/3772 5137/1485/3816
f 5035/1386/3714 5034/1385/3713 5138/1486/3817
f 5139/1485/3818 5138/1486/3817 5034/1385/3713
f 5140/1487/3819 5138/1486/3817 5141/1485/3820
f 5142/1485/3821 5143/1488/3821 5140/1487/3822
f 5138/1486/3817 5037/1388/3716 5035/1386/3714
f 5144/1489/3823 5140/1487/3819 5145/1488/3824
f 5146/1488/3825 5147/1490/3826 5144/1489/3823
f 5147/1490/3826 5148/1492/3827 5149/1491/3828
f 5149/1491/3828 5144/1489/3823 5147/1490/3826
f 5140/1487/3819 5144/1489/3823 5150/1493/3829
f 5150/1493/3829 5144/1489/3823 5149/1491/3828
f 5150/1493/3829 5037/1388/3716 5140/1487/3819
f 5149/1491/3828 5151/1494/3830 5150/1493/3829
f 5150/1493/3829 5151/1494/3830 5152/1495/3831
f 5038/1389/3717 5037/1388/3716 5150/1493/3829
f 5150/1493/3829 5153/1496/3832 5038/1389/3717
f 5153/1496/3832 5150/1493/3829 5152/1495/3831
f 5039/1391/3718 5038/1389/3717 5153/1496/3832
f 5152/1495/3831 5154/1497/3833 5153/1496/3832
f 5153/1496/3832 5154/1497/3833 5155/1498/3834
f 5153/1496/3832 5155/1498/3834 5156/1499/3835
f 5156/1499/3835 5157/1500/3836 5153/1496/3832
f 5153/1496/3832 5157/1500/3836 5039/1391/3718
f 5157/1500/3836 5156/1499/3835 5158/1501/3837
f 5039/1391/3718 5157/1500/3836 5014/1366/3693
f 5014/1366/3693 5157/1500/3836 5158/1501/3837
f 5014/1366/3693 5094/1445/3773 5039/1391/3718
f 5158/1501/3837 5159/1502/3838 5014/1366/3693
f 5014/1366/3693 5159/1502/3838 5028/1379/3707
f 5028/1379/3707 5015/1365/3694 5014/1366/3693
f 5160/1503/3839 5161/1506/3839 5162/1505/3840
f 5162/1505/3841 5163/1504/3842 5164/1503/3843
f 5165/1507/3844 5166/1509/3845 5167/1508/3845
f 5168/1508/3846 5169/1510/3846 5165/1507/3847
f 5170/1511/3848 5171/1513/3849 5172/1512/3850
f 5173/1514/3851 5170/1511/3848 5172/1512/3850
f 5172/1512/3850 5174/1515/3852 5173/1514/3851
f 5174/1515/3852 5175/1516/3853 5173/1514/3851
f 5175/1516/3853 5176/1517/3854 5173/1514/3851
f 5177/1518/3855 5176/1517/3854 5175/1516/3853
f 5176/1517/3854 5177/1518/3855 5178/1519/3856
f 5179/1520/3857 5176/1517/3854 5178/1519/3856
f 5179/1520/3857 5178/1519/3856 5180/1521/3858
f 5180/1521/3858 5181/1522/3859 5179/1520/3857
f 5181/1522/3859 5180/1521/3858 5182/1523/3860
f 5182/1523/3860 5183/1524/3861 5181/1522/3859
f 5184/1525/3862 5183/1524/3861 5182/1523/3860
f 5182/1523/3860 5185/1526/3863 5184/1525/3862
f 5184/1525/3864 5186/1526/3865 5187/1527/3865
f 5188/1527/3866 5189/1509/3866 5184/1525/3867
f 5190/1528/3868 5191/1529/3869 5192/1503/3869
f 5193/1503/3870 5163/1504/3842 5190/1528/3871
f 5194/1530/3872 5190/1528/3871 5163/1504/3842
f 5163/1504/3842 5195/1531/3873 5194/1530/3872
f 5196/1532/3874 5194/1530/3872 5195/1531/3873
f 5195/1531/3873 5197/1533/3875 5196/1532/3874
f 5162/1505/3841 5198/1534/3876 5195/1531/3873
f 5195/1531/3873 5163/1504/3842 5162/1505/3841
f 5199/1535/3877 5200/1537/3878 5201/1536/3879
f 5200/1537/3878 5199/1535/3877 5202/1538/3880
f 5202/1538/3880 5203/1539/1118 5200/1537/3878
f 5203/1539/1118 5202/1538/3880 5204/1540/3881
f 5204/1540/3881 5205/1541/3882 5203/1539/1118
f 5205/1541/3882 5204/1540/3881 5206/1542/3883
f 5207/1543/3884 5205/1541/3882 5206/1542/3883
f 5208/1544/3885 5206/1542/3883 5209/1545/3886
f 5207/1543/3884 5206/1542/3883 5208/1544/3885
f 5209/1545/3886 5210/1546/3887 5208/1544/3885
f 5208/1544/3885 5210/1546/3887 5211/1547/3888
f 5211/1547/3888 5212/1548/3889 5208/1544/3885
f 5207/1543/3884 5208/1544/3885 5196/1532/3874
f 5196/1532/3874 5208/1544/3885 5212/1548/3889
f 5212/1548/3889 5194/1530/3872 5196/1532/3874
f 5190/1528/3871 5194/1530/3872 5212/1548/3889
f 5212/1548/3889 5213/1549/3890 5190/1528/3871
f 5214/1529/3891 5190/1528/3871 5213/1549/3890
f 5215/1550/3892 5216/1551/3892 5217/1529/3892
f 5218/1529/3893 5213/1549/3894 5219/1550/3893
f 5220/1510/3895 5221/1550/3895 5213/1549/3890
f 5213/1549/3890 5165/1507/3896 5222/1510/3897
f 5205/1541/3882 5207/1543/3884 5223/1552/3898
f 5224/1553/3899 5197/1533/3875 5195/1531/3873
f 5195/1531/3873 5225/1534/3900 5224/1553/3899
f 5226/1554/3901 5223/1552/3898 5197/1533/3875
f 5197/1533/3875 5224/1553/3899 5227/1554/3902
f 5228/1555/3903 5229/1557/3904 5230/1556/3904
f 5231/1556/3905 5232/1558/3906 5228/1555/3903
f 5232/1558/3907 5233/1556/3908 5234/1559/3908
f 5235/1559/3909 5236/1560/3910 5232/1558/3906
f 5223/1552/3898 5237/1554/3911 5238/1561/3911
f 5239/1561/3912 5240/1562/3913 5223/1552/3898
f 5240/1562/3914 5241/1561/3136 5242/1557/3136
f 5243/1557/3915 5228/1555/3903 5240/1562/3913
f 5203/1539/1118 5228/1555/3903 5232/1558/3906
f 5203/1539/1118 5205/1541/3882 5228/1555/3903
f 5205/1541/3882 5240/1562/3913 5228/1555/3903
f 5223/1552/3898 5240/1562/3913 5205/1541/3882
f 5184/1525/3862 5244/1509/3916 5165/1507/3896
f 5183/1524/3861 5184/1525/3862 5165/1507/3896
f 5165/1507/3896 5213/1549/3890 5212/1548/3889
f 5212/1548/3889 5211/1547/3888 5165/1507/3896
f 5165/1507/3896 5211/1547/3888 5183/1524/3861
f 5181/1522/3859 5183/1524/3861 5211/1547/3888
f 5211/1547/3888 5210/1546/3887 5181/1522/3859
f 5181/1522/3859 5210/1546/3887 5179/1520/3857
f 5210/1546/3887 5209/1545/3886 5179/1520/3857
f 5176/1517/3854 5179/1520/3857 5245/1563/3917
f 5209/1545/3886 5245/1563/3917 5179/1520/3857
f 5209/1545/3886 5206/1542/3883 5204/1540/3881
f 5176/1517/3854 5245/1563/3917 5246/1564/3918
f 5173/1514/3851 5176/1517/3854 5246/1564/3918
f 5209/1545/3886 5246/1564/3918 5245/1563/3917
f 5204/1540/3881 5246/1564/3918 5209/1545/3886
f 5247/1565/3919 5246/1564/3918 5204/1540/3881
f 5246/1564/3918 5247/1565/3919 5173/1514/3851
f 5204/1540/3881 5202/1538/3880 5247/1565/3919
f 5170/1511/3848 5173/1514/3851 5247/1565/3919
f 5248/1566/3920 5247/1565/3919 5202/1538/3880
f 5247/1565/3919 5248/1566/3920 5170/1511/3848
f 5202/1538/3880 5199/1535/3877 5248/1566/3920
f 5170/1511/3848 5248/1566/3920 5249/1513/3921
f 5248/1566/3920 5199/1535/3877 5201/1536/3879
f 5201/1536/3879 5250/1513/3922 5248/1566/3920
f 5236/1560/3910 5251/1559/3923 5252/1567/3924
f 5252/1567/3924 5253/1568/3925 5236/1560/3910
f 5253/1568/3925 5200/1537/3878 5236/1560/3910
f 5203/1539/1118 5232/1558/3906 5236/1560/3910
f 5236/1560/3910 5200/1537/3878 5203/1539/1118
f 5207/1543/3884 5196/1532/3874 5197/1533/3875
f 5197/1533/3875 5223/1552/3898 5207/1543/3884
f 5044/1394/3723 5043/1395/3722 5058/1409/3737
f 5155/1498/3834 5154/1497/3833 5254/1570/3926
f 5255/1570/3927 5256/1569/3927 5155/1498/3834
f 5152/1495/3831 5151/1494/3830 5257/1572/3928
f 5258/1572/3929 5259/1571/3929 5152/1495/3930
f 5260/1573/3931 5261/1574/3931 5151/1494/3932
f 5151/1494/3830 5149/1491/3828 5262/1573/3933
f 5263/1572/3934 5151/1494/3935 5264/1574/3934
f 5149/1491/3936 5265/1492/3937 5266/1492/3937
f 5267/1492/3938 5268/1573/3938 5149/1491/3939
f 5269/1575/3940 5154/1497/3833 5152/1495/3831
f 5152/1495/3930 5270/1576/3941 5271/1575/3941
f 5272/1570/3942 5154/1497/3943 5273/1575/3942
f 5274/1576/3944 5152/1495/3831 5275/1571/3944
f 5159/1502/3838 5158/1501/3837 5276/1577/3945
f 5277/1577/3946 5278/1381/3946 5159/1502/3947
f 5029/1381/3708 5028/1379/3707 5159/1502/3838
f 5159/1502/3838 5279/1381/3948 5029/1381/3708
f 5280/1578/3949 5281/1579/3949 5158/1501/3950
f 5158/1501/3837 5156/1499/3835 5282/1578/3951
f 5158/1501/3950 5283/1579/3952 5284/1577/3952
f 5285/1580/3953 5286/1581/3953 5156/1499/3835
f 5156/1499/3835 5155/1498/3834 5287/1580/3954
f 5156/1499/3955 5288/1581/3956 5289/1578/3956
f 5290/1580/3957 5155/1498/3958 5291/1569/3957
f 5094/1445/3773 5013/1364/3692 5041/1392/3720
f 5020/1371/3699 5094/1445/3773 5041/1392/3720
f 5039/1391/3718 5094/1445/3773 5020/1371/3699
f 5138/1486/3817 5140/1487/3819 5037/1388/3716
f 5136/1484/3815 5292/1459/3959 5110/1460/3789
f 5110/1460/3789 5293/1484/3960 5136/1484/3815
f 5085/1437/3764 5136/1484/3815 5293/1484/3960
f 5293/1484/3960 5086/1436/3765 5085/1437/3764
f 5294/1582/3961 5295/1583/3962 5296/1481/3961
f 5295/1583/3962 5076/1427/3755 5297/1481/3963
f 5295/1583/3962 5060/1411/3739 5076/1427/3755
f 5295/1583/3962 5078/1429/3757 5060/1411/3739
f 5298/1297/3564 5299/1299/3964 5300/1298/3566
f 5298/1297/3564 5301/1301/3567 5302/1300/3965
f 5302/1300/3965 5299/1299/3964 5298/1297/3564
f 5302/1300/3965 5301/1301/3567 5303/1302/3569
f 5301/1301/3567 5304/1303/3570 5303/1302/3569
f 5304/1303/3570 5301/1301/3567 5305/1304/3492
f 5304/1303/3570 5305/1304/3492 5306/1305/3493
f 5307/1306/3494 5303/1302/3569 5304/1303/3570
f 5304/1303/3570 5306/1305/3493 5308/1307/3966
f 5304/1303/3570 5308/1307/3966 5307/1306/3494
f 5309/1308/3496 5310/1310/3573 5311/1309/3967
f 5309/1308/3496 5312/1311/3499 5310/1310/3573
f 5309/1308/3496 5311/1309/3967 5313/1312/3500
f 5314/1313/3501 5312/1311/3499 5309/1308/3496
f 5314/1313/3501 5315/1314/3502 5312/1311/3499
f 5314/1313/3501 5309/1308/3496 5313/1312/3500
f 5313/1312/3500 5316/1315/3503 5314/1313/3501
f 5316/1315/3503 5313/1312/3500 5317/1316/3504
f 5317/1316/3504 5318/1318/3505 5319/1317/3506
f 5317/1316/3504 5319/1317/3506 5316/1315/3503
f 5315/1314/3502 5314/1313/3501 5316/1315/3503
f 5316/1315/3503 5319/1317/3506 5320/1319/3507
f 5316/1315/3503 5320/1319/3507 5315/1314/3502
f 5321/1320/3508 5322/1322/3509 5323/1321/3510
f 5324/1323/3575 5298/1297/3564 5300/1298/3566
f 5325/1324/3555 5313/1312/3500 5311/1309/3967
f 5311/1309/3967 5326/1325/3513 5325/1324/3555
f 5320/1319/3507 5327/1327/3514 5328/1326/3515
f 5328/1326/3515 5315/1314/3502 5320/1319/3507
f 5315/1314/3502 5328/1326/3515 5329/1328/3516
f 5329/1328/3516 5312/1311/3499 5315/1314/3502
f 5307/1306/3494 5312/1311/3499 5329/1328/3516
f 5329/1328/3516 5330/1329/3968 5307/1306/3494
f 5307/1306/3494 5330/1329/3968 5331/1330/3969
f 5331/1330/3969 5303/1302/3569 5307/1306/3494
f 5302/1300/3965 5303/1302/3569 5331/1330/3969
f 5331/1330/3969 5332/1331/3970 5302/1300/3965
f 5299/1299/3964 5302/1300/3965 5332/1331/3970
f 5332/1331/3970 5333/1332/3971 5299/1299/3964
f 5333/1332/3971 5334/1333/3972 5299/1299/3964
f 5317/1316/3504 5322/1322/3509 5321/1320/3508
f 5321/1320/3508 5318/1318/3505 5317/1316/3504
f 5335/1334/3522 5336/1336/3973 5337/1335/3974
f 5338/1337/3525 5336/1336/3973 5335/1334/3522
f 5335/1334/3522 5339/1338/3583 5338/1337/3525
f 5340/1339/3584 5338/1337/3525 5339/1338/3583
f 5328/1326/3515 5327/1327/3514 5336/1336/3973
f 5336/1336/3973 5338/1337/3525 5328/1326/3515
f 5329/1328/3516 5328/1326/3515 5338/1337/3525
f 5338/1337/3525 5340/1339/3584 5329/1328/3516
f 5329/1328/3516 5340/1339/3584 5341/1340/3528
f 5341/1340/3528 5330/1329/3968 5329/1328/3516
f 5331/1330/3969 5330/1329/3968 5341/1340/3528
f 5341/1340/3528 5342/1341/3529 5331/1330/3969
f 5331/1330/3969 5342/1341/3529 5343/1342/3530
f 5343/1342/3530 5332/1331/3970 5331/1330/3969
f 5332/1331/3970 5343/1342/3530 5344/1343/3531
f 5344/1343/3531 5333/1332/3971 5332/1331/3970
f 5345/1333/3532 5333/1332/3971 5344/1343/3531
f 5346/1344/3586 5324/1323/3575 5300/1298/3566
f 5324/1323/3575 5347/1345/3975 5301/1301/3567
f 5301/1301/3567 5298/1297/3564 5324/1323/3575
f 5324/1323/3976 5348/1344/3977 5349/1346/3977
f 5350/1346/3978 5347/1345/3975 5324/1323/3575
f 5347/1345/3979 5351/1346/3980 5352/1347/3980
f 5353/1348/3981 5347/1345/3975 5354/1347/3982
f 5301/1301/3567 5347/1345/3975 5355/1349/3594
f 5355/1349/3594 5347/1345/3975 5353/1348/3981
f 5355/1349/3594 5305/1304/3492 5301/1301/3567
f 5306/1305/3493 5305/1304/3492 5355/1349/3594
f 5355/1349/3594 5356/1350/3543 5306/1305/3493
f 5356/1350/3543 5355/1349/3594 5353/1348/3981
f 5356/1350/3543 5353/1348/3981 5357/1347/3596
f 5358/1347/3983 5359/1351/3983 5356/1350/3543
f 5306/1305/3493 5356/1350/3543 5360/1352/3546
f 5360/1352/3546 5310/1310/3573 5306/1305/3493
f 5356/1350/3543 5361/1351/3547 5360/1352/3546
f 5362/1351/3984 5363/1353/3984 5360/1352/3549
f 5310/1310/3573 5360/1352/3546 5326/1325/3513
f 5326/1325/3513 5360/1352/3546 5364/1354/3550
f 5326/1325/3513 5311/1309/3967 5310/1310/3573
f 5326/1325/3513 5364/1354/3550 5325/1324/3555
f 5364/1354/3551 5365/1353/3985 5366/1355/3985
f 5325/1324/3555 5364/1354/3550 5367/1355/3986
f 5368/1355/3987 5369/1356/3987 5325/1324/3555
f 5322/1322/3509 5325/1324/3555 5370/1356/3604
f 5371/1356/3988 5323/1321/3510 5322/1322/3509
f 5313/1312/3500 5325/1324/3555 5322/1322/3509
f 5322/1322/3509 5317/1316/3504 5313/1312/3500
f 5372/1353/3989 5364/1354/3550 5360/1352/3546
f 5312/1311/3499 5307/1306/3494 5310/1310/3573
f 5310/1310/3573 5307/1306/3494 5308/1307/3966
f 5310/1310/3573 5308/1307/3966 5306/1305/3493
f 5373/1357/3607 5374/1360/3607 5375/1359/3607
f 5376/1359/3990 5377/1358/3990 5378/1357/3990
f 5379/1358/3561 5380/1359/3561 5381/1361/3561
f 5382/1357/3991 5383/1363/3991 5384/1362/3991
f 5385/1362/3992 5386/1360/3992 5387/1357/3992
f 5388/1584/3993 5389/1586/3993 5390/1585/3993
f 5391/1585/3994 5392/1587/3994 5393/1584/3994
f 5394/1588/3995 5395/1590/3995 5396/1589/3995
f 5397/1589/3996 5398/1586/3996 5399/1588/3996
f 5400/1586/3997 5401/1589/3997 5402/1585/3997
f 5403/1591/3998 5404/1584/3998 5405/1587/3998
f 5406/1587/3999 5407/1592/3999 5408/1591/3999
f 5409/1593/4000 5410/1594/4000 5411/1591/4000
f 5412/1591/4001 5413/1592/4001 5414/1593/4001
f 5111/1459/3790 5135/1483/3814 5113/1462/3792
f 5111/1459/3790 5136/1484/3815 5135/1483/3814
f 5086/1436/3765 5293/1484/3960 5110/1460/3789
f 5110/1460/3789 5130/1478/3809 5086/1436/3765
f 5077/1428/3756 5295/1583/3962 5110/1460/3789
f 5110/1460/3789 5109/1458/3788 5077/1428/3756
f 5077/1428/3756 5078/1429/3757 5295/1583/3962
f 5031/1382/3710 5130/1478/3809 5295/1583/3962
f 5295/1583/3962 5032/1384/3711 5031/1382/3710
f 5031/1382/3710 5131/1479/3810 5130/1478/3809
f 5110/1460/3789 5295/1583/3962 5130/1478/3809
f 4624/1229/3390 4589/1195/3355 4592/1196/3358
f 5415/1154/4002 5416/1151/4002 5417/1596/4002
f 5418/1596/4003 5419/1595/4003 5420/1154/4003
f 5421/1597/4004 5422/1595/4004 5423/1596/4004
f 5424/1596/4005 5425/1598/4005 5426/1597/4005
f 5427/1599/4006 5428/1600/4007 5429/1601/4008
f 5429/1601/4008 5430/1602/4009 5427/1599/4006
f 5431/1603/4010 5432/1604/4011 5433/1605/4012
f 5433/1605/4012 5434/1606/4013 5431/1603/4010
f 5435/1607/4014 5427/1599/4006 5436/1608/4015
f 5437/1609/4016 5438/1610/4017 5439/1611/4018
f 5440/1612/4019 5428/1600/4007 5427/1599/4006
f 5427/1599/4006 5435/1607/4014 5440/1612/4019
f 5441/1613/4020 5440/1612/4019 5435/1607/4014
f 5436/1608/4015 5442/1614/4021 5443/1615/4022
f 5443/1615/4022 5444/1616/4023 5436/1608/4015
f 5443/1615/4022 5442/1614/4021 5445/1617/4024
f 5445/1617/4024 5446/1618/4025 5443/1615/4022
f 5438/1610/4017 5447/1619/4026 5431/1603/4010
f 5431/1603/4010 5434/1606/4013 5438/1610/4017
f 5448/1620/4027 5449/1621/4028 5450/1622/4029
f 5430/1602/4009 5451/1623/4030 5436/1608/4015
f 5436/1608/4015 5427/1599/4006 5430/1602/4009
f 5451/1623/4030 5452/1624/4031 5442/1614/4021
f 5442/1614/4021 5436/1608/4015 5451/1623/4030
f 5445/1617/4024 5442/1614/4021 5452/1624/4031
f 5452/1624/4031 5453/1625/4032 5445/1617/4024
f 5445/1617/4024 5453/1625/4032 5454/1626/4033
f 5454/1626/4033 5455/1627/4034 5445/1617/4024
f 5455/1627/4034 5454/1626/4033 5456/1628/4035
f 5456/1628/4035 5447/1619/4026 5455/1627/4034
f 5447/1619/4026 5456/1628/4035 5457/1629/4036
f 5457/1629/4036 5431/1603/4010 5447/1619/4026
f 5431/1603/4010 5457/1629/4036 5458/1630/4037
f 5458/1630/4037 5432/1604/4011 5431/1603/4010
f 5459/1631/4038 5460/1632/4039 5461/1633/4040
f 5461/1633/4040 5462/1634/4041 5459/1631/4038
f 5463/1635/4042 5464/1636/4043 5465/1637/4044
f 5465/1637/4044 5466/1638/4045 5463/1635/4042
f 5459/1631/4038 5467/1639/4046 5468/1640/4047
f 5468/1640/4047 5460/1632/4039 5459/1631/4038
f 5468/1640/4047 5469/1641/4048 5460/1632/4039
f 5470/1642/4049 5471/1643/4050 5472/1644/4051
f 5469/1641/4048 5468/1640/4047 5473/1645/4052
f 5473/1645/4052 5474/1646/4053 5469/1641/4048
f 5475/1647/4054 5476/1648/4055 5474/1646/4053
f 5474/1646/4053 5473/1645/4052 5475/1647/4054
f 5471/1643/4050 5466/1638/4045 5465/1637/4044
f 5465/1637/4044 5477/1649/4056 5471/1643/4050
f 5478/1650/4057 5476/1648/4055 5475/1647/4054
f 5475/1647/4054 5472/1644/4051 5478/1650/4057
f 5471/1643/4050 5477/1649/4056 5478/1650/4057
f 5478/1650/4057 5472/1644/4051 5471/1643/4050
f 5479/1651/4058 5480/1652/4058 5481/1653/4059
f 5481/1653/4059 5482/1654/4060 5483/1651/4060
f 5484/1655/4061 5485/1656/4061 5486/1651/4061
f 5487/1651/4062 5488/1654/4062 5489/1655/4062
f 5490/1657/4063 5491/1658/4063 5492/1659/4063
f 5493/1659/4064 5494/1660/4064 5495/1657/4064
f 5496/1658/4065 5497/1661/4065 5498/1662/4066
f 5498/1662/4066 5499/1659/4067 5500/1658/4067
f 5501/1663/4068 5502/1664/4069 5503/1665/4070
f 5504/1665/4071 5505/1666/4071 5501/1663/4072
f 5506/1667/4073 5507/1668/4073 5501/1663/4074
f 5501/1663/4075 5508/1666/4076 5509/1667/4076
f 5510/1669/4077 5511/1670/4077 5512/1671/4077
f 5513/1671/4078 5514/1672/4078 5515/1669/4078
f 5516/1673/4079 5517/1674/4079 5518/1675/4079
f 5519/1675/4080 5520/1676/4080 5521/1673/4080
f 5522/1652/4081 5523/1677/4081 5524/1678/4082
f 5524/1678/4082 5481/1653/4083 5525/1652/4084
f 5526/1679/4085 5527/1680/4085 5528/1668/4085
f 5529/1668/4086 5530/1667/4086 5531/1679/4086
f 5502/1664/4087 5532/1681/4088 5533/1682/4089
f 5534/1682/4090 5535/1665/4090 5502/1664/4087
f 5536/1682/4091 5532/1681/4092 5537/1683/4093
f 5537/1683/4093 5538/1684/4094 5539/1682/4094
f 5540/1670/4095 5541/1657/4095 5542/1660/4095
f 5543/1660/4096 5544/1671/4096 5545/1670/4096
f 5546/1684/4097 5537/1683/4093 5547/1674/4097
f 5548/1674/4098 5549/1673/4098 5550/1684/4098
f 5551/1685/4099 5552/1686/4099 5553/1656/4099
f 5554/1656/4100 5555/1655/4100 5556/1685/4100
f 5557/1687/4101 5558/1688/4101 5559/1686/4101
f 5560/1686/4102 5561/1685/4102 5562/1687/4102
f 5563/1689/4103 5564/1688/4103 5565/1687/4103
f 5566/1687/4104 5567/1690/4104 5568/1689/4104
f 5569/1691/1216 5570/1689/1216 5571/1690/1216
f 5572/1690/4105 5573/1692/4105 5574/1691/4105
f 5575/1693/4106 5576/1691/4106 5577/1692/4106
f 5578/1692/4107 5579/1694/4107 5580/1693/4107
f 5581/1695/4108 5582/1696/4108 5583/1693/4108
f 5584/1693/4109 5585/1694/4109 5586/1695/4109
f 5587/1697/4110 5588/1696/4110 5589/1695/4110
f 5590/1695/4111 5591/1698/4111 5592/1697/4111
f 5498/1662/4066 5593/1661/4112 5594/1697/4112
f 5595/1697/4113 5596/1698/4113 5498/1662/4114
f 5597/1680/4115 5598/1679/4115 5524/1678/4116
f 5524/1678/4116 5599/1677/4117 5600/1680/4117
f 5461/1633/4040 5601/1699/4118 5462/1634/4041
f 5463/1635/4042 5602/1700/4119 5464/1636/4043
f 5603/1699/4120 5604/1701/4120 5462/1634/4121
f 5435/1607/4014 5436/1608/4015 5444/1616/4023
f 5605/1702/4122 5444/1616/4023 5443/1615/4022
f 5443/1615/4022 5606/1703/4123 5607/1702/4123
f 5443/1615/4022 5446/1618/4025 5608/1704/4124
f 5609/1704/4125 5610/1703/4125 5443/1615/4126
f 5435/1607/4014 5444/1616/4023 5611/1702/4127
f 5612/1702/4128 5613/1705/4128 5435/1607/4129
f 5614/1706/4130 5445/1617/4024 5455/1627/4034
f 5455/1627/4034 5615/1707/4131 5614/1706/4130
f 5616/1708/4132 5438/1610/4017 5437/1609/4016
f 5437/1609/4016 5617/1709/4133 5616/1708/4132
f 5618/1710/4134 5615/1707/4131 5455/1627/4034
f 5455/1627/4034 5447/1619/4026 5618/1710/4134
f 5618/1710/4134 5447/1619/4026 5438/1610/4017
f 5438/1610/4017 5616/1708/4132 5618/1710/4134
f 5619/1709/4135 5437/1609/4136 5620/1704/4135
f 5621/1704/4137 5622/1711/4137 5623/1709/4137
f 5614/1706/4130 5446/1618/4025 5445/1617/4024
f 5624/1712/4138 5449/1621/4028 5448/1620/4027
f 5625/1713/4139 5626/1714/4139 5627/1715/4140
f 5627/1715/4141 5628/1714/4142 5629/1716/4142
f 5630/1717/4143 5631/1718/4143 5627/1715/4144
f 5627/1715/4141 5448/1620/4145 5632/1717/4146
f 5627/1715/4144 5633/1716/4147 5634/1712/4147
f 5635/1712/4148 5448/1620/4145 5627/1715/4141
f 5636/1711/4149 5637/1704/4149 5446/1618/4150
f 5614/1706/4130 5638/1711/4151 5446/1618/4025
f 5639/1599/4152 5640/1602/4153 5641/1601/4154
f 5641/1601/4154 5642/1600/4155 5639/1599/4152
f 5643/1603/4156 5644/1606/4157 5645/1605/4158
f 5645/1605/4158 5646/1604/4159 5643/1603/4156
f 5647/1607/4160 5648/1608/4161 5639/1599/4152
f 5649/1609/4162 5650/1611/4163 5651/1610/4164
f 5652/1612/4165 5647/1607/4160 5639/1599/4152
f 5639/1599/4152 5642/1600/4155 5652/1612/4165
f 5653/1613/4166 5647/1607/4160 5652/1612/4165
f 5648/1608/4161 5654/1616/4167 5655/1615/4168
f 5655/1615/4168 5656/1614/4169 5648/1608/4161
f 5655/1615/4168 5657/1618/4170 5658/1617/4171
f 5658/1617/4171 5656/1614/4169 5655/1615/4168
f 5651/1610/4164 5644/1606/4157 5643/1603/4156
f 5643/1603/4156 5659/1619/4172 5651/1610/4164
f 5660/1620/4173 5661/1622/4174 5662/1621/4175
f 5640/1602/4153 5639/1599/4152 5648/1608/4161
f 5648/1608/4161 5663/1623/4176 5640/1602/4153
f 5663/1623/4176 5648/1608/4161 5656/1614/4169
f 5656/1614/4169 5664/1624/4177 5663/1623/4176
f 5658/1617/4171 5665/1625/4178 5664/1624/4177
f 5664/1624/4177 5656/1614/4169 5658/1617/4171
f 5658/1617/4171 5666/1627/4179 5667/1626/4180
f 5667/1626/4180 5665/1625/4178 5658/1617/4171
f 5666/1627/4179 5659/1619/4172 5668/1628/4181
f 5668/1628/4181 5667/1626/4180 5666/1627/4179
f 5659/1619/4172 5643/1603/4156 5669/1629/4182
f 5669/1629/4182 5668/1628/4181 5659/1619/4172
f 5643/1603/4156 5646/1604/4159 5670/1630/4183
f 5670/1630/4183 5669/1629/4182 5643/1603/4156
f 5671/1631/4184 5672/1634/4185 5673/1633/4186
f 5673/1633/4186 5674/1632/4187 5671/1631/4184
f 5675/1635/4188 5676/1638/4189 5677/1637/4190
f 5677/1637/4190 5678/1636/4191 5675/1635/4188
f 5671/1631/4184 5674/1632/4187 5679/1640/4192
f 5679/1640/4192 5680/1639/4193 5671/1631/4184
f 5679/1640/4192 5674/1632/4187 5681/1641/4194
f 5682/1642/4195 5683/1644/4196 5684/1643/4197
f 5681/1641/4194 5685/1646/4198 5686/1645/4199
f 5686/1645/4199 5679/1640/4192 5681/1641/4194
f 5687/1647/4200 5686/1645/4199 5685/1646/4198
f 5685/1646/4198 5688/1648/4201 5687/1647/4200
f 5684/1643/4197 5689/1649/4202 5677/1637/4190
f 5677/1637/4190 5676/1638/4189 5684/1643/4197
f 5690/1650/4203 5683/1644/4196 5687/1647/4200
f 5687/1647/4200 5688/1648/4201 5690/1650/4203
f 5684/1643/4197 5683/1644/4196 5690/1650/4203
f 5690/1650/4203 5689/1649/4202 5684/1643/4197
f 5691/1651/4204 5692/1654/4204 5693/1653/4205
f 5693/1653/4206 5694/1652/4207 5695/1651/4207
f 5696/1655/4208 5697/1654/4208 5698/1651/4208
f 5699/1651/4209 5700/1656/4209 5701/1655/4209
f 5702/1657/4210 5703/1660/4210 5704/1659/4210
f 5705/1659/4211 5706/1658/4211 5707/1657/4211
f 5708/1658/4212 5709/1659/4212 5710/1662/4213
f 5710/1662/4213 5711/1661/4214 5712/1658/4214
f 5713/1663/4215 5714/1666/4216 5715/1665/4216
f 5716/1665/4217 5717/1664/4218 5713/1663/4215
f 5718/1667/4219 5719/1666/4219 5713/1663/4220
f 5713/1663/4220 5720/1668/4221 5721/1667/4221
f 5722/1669/4222 5723/1672/4222 5724/1671/4222
f 5725/1671/4223 5726/1670/4223 5727/1669/4223
f 5728/1673/4224 5729/1676/4224 5730/1675/4224
f 5731/1675/4225 5732/1674/4225 5733/1673/4225
f 5734/1652/4226 5693/1653/4205 5735/1678/4227
f 5735/1678/4228 5736/1677/4229 5737/1652/4229
f 5738/1679/4230 5739/1667/4230 5740/1668/4230
f 5741/1668/4231 5742/1680/4231 5743/1679/4231
f 5717/1664/4232 5744/1665/4233 5745/1682/4233
f 5746/1682/4234 5747/1681/4235 5717/1664/4232
f 5748/1682/4236 5749/1684/4236 5750/1683/4237
f 5750/1683/4237 5747/1681/4235 5751/1682/4238
f 5752/1670/4239 5753/1671/4239 5754/1660/4239
f 5755/1660/4240 5756/1657/4240 5757/1670/4240
f 5758/1684/4241 5759/1673/4241 5760/1674/4241
f 5761/1674/4242 5750/1683/4237 5762/1684/4242
f 5763/1685/4243 5764/1655/4243 5765/1656/4243
f 5766/1656/4244 5767/1686/4244 5768/1685/4244
f 5769/1687/4245 5770/1685/4245 5771/1686/4245
f 5772/1686/4246 5773/1688/4246 5774/1687/4246
f 5775/1689/4247 5776/1690/4247 5777/1687/4247
f 5778/1687/4248 5779/1688/4248 5780/1689/4248
f 5781/1691/4249 5782/1692/4249 5783/1690/4249
f 5784/1690/4250 5785/1689/4250 5786/1691/4250
f 5787/1693/4251 5788/1694/4251 5789/1692/4251
f 5790/1692/4252 5791/1691/4252 5792/1693/4252
f 5793/1695/4253 5794/1694/4253 5795/1693/4253
f 5796/1693/4254 5797/1696/4254 5798/1695/4254
f 5799/1697/4255 5800/1698/4255 5801/1695/4255
f 5802/1695/4256 5803/1696/4256 5804/1697/4256
f 5710/1662/4257 5805/1698/4258 5806/1697/4258
f 5807/1697/4259 5808/1661/4259 5710/1662/4213
f 5809/1680/4260 5810/1677/4260 5735/1678/4261
f 5735/1678/4262 5811/1679/4263 5812/1680/4263
f 5673/1633/4186 5672/1634/4185 5813/1699/4264
f 5675/1635/4188 5678/1636/4191 5814/1700/4265
f 5815/1699/4266 5672/1634/4185 5816/1701/4266
f 5647/1607/4160 5654/1616/4167 5648/1608/4161
f 5817/1702/4267 5818/1703/4267 5655/1615/4168
f 5655/1615/4168 5654/1616/4167 5819/1702/4268
f 5655/1615/4269 5820/1703/4270 5821/1704/4270
f 5822/1704/4271 5657/1618/4170 5655/1615/4168
f 5647/1607/4272 5823/1705/4273 5824/1702/4273
f 5825/1702/4274 5654/1616/4167 5647/1607/4160
f 5826/1706/4275 5827/1707/4276 5666/1627/4179
f 5666/1627/4179 5658/1617/4171 5826/1706/4275
f 5828/1708/4277 5829/1709/4278 5649/1609/4162
f 5649/1609/4162 5651/1610/4164 5828/1708/4277
f 5830/1710/4279 5659/1619/4172 5666/1627/4179
f 5666/1627/4179 5827/1707/4276 5830/1710/4279
f 5830/1710/4279 5828/1708/4277 5651/1610/4164
f 5651/1610/4164 5659/1619/4172 5830/1710/4279
f 5831/1709/4280 5832/1711/4280 5833/1704/4280
f 5834/1704/4281 5649/1609/4282 5835/1709/4281
f 5826/1706/4275 5658/1617/4171 5657/1618/4170
f 5836/1712/4283 5660/1620/4173 5662/1621/4175
f 5837/1713/4284 5838/1715/4285 5839/1714/4284
f 5838/1715/4286 5840/1716/4287 5841/1714/4287
f 5842/1717/4288 5660/1620/4289 5838/1715/4286
f 5838/1715/4290 5843/1718/4291 5844/1717/4291
f 5838/1715/4286 5660/1620/4289 5845/1712/4292
f 5846/1712/4293 5847/1716/4293 5838/1715/4290
f 5848/1711/4280 5657/1618/4294 5849/1704/4280
f 5826/1706/4275 5657/1618/4170 5850/1711/4295
f 4688/1270/3443 5851/1719/4296 5852/1720/4297
f 5852/1720/4297 4689/1269/3444 4688/1270/3443
f 5853/1721/4298 5854/1722/4299 4694/1272/3449
f 4694/1272/3449 4693/1273/3448 5853/1721/4298
f 4696/1276/3451 4699/1280/3454 5851/1719/4296
f 5851/1719/4296 4688/1270/3443 4696/1276/3451
f 5855/1723/3453 5853/1721/4298 4693/1273/3448
f 4693/1273/3448 4698/1277/3453 5855/1723/3453
f 4695/1275/4300 5856/1724/4301 5857/1279/4301
f 5858/1279/3455 4696/1276/3451 4695/1275/3450
f 4689/1269/3444 5852/1720/4297 4707/1286/3461
f 4707/1286/3461 4703/1283/3457 4689/1269/3444
f 5859/1725/4302 4704/1282/3458 4703/1283/3457
f 4703/1283/3457 4706/1284/3460 5859/1725/4302
f 5854/1722/4299 5859/1725/4302 4706/1284/3460
f 4706/1284/3460 4694/1272/3449 5854/1722/4299
f 5860/1720/4303 5861/1719/4304 3713/1270/2671
f 3713/1270/2671 3712/1269/2670 5860/1720/4303
f 3715/1272/2673 5862/1722/4305 5863/1721/4306
f 5863/1721/4306 3716/1273/2674 3715/1272/2673
f 5861/1719/4304 3723/1280/2681 3719/1276/2677
f 3719/1276/2677 3713/1270/2671 5861/1719/4304
f 3716/1273/2674 5863/1721/4306 5864/1723/2678
f 5864/1723/2678 3720/1277/2678 3716/1273/2674
f 5865/1724/4307 3718/1275/2676 3719/1276/2677
f 3719/1276/4308 5866/1279/4309 5867/1724/4309
f 3730/1286/2688 5860/1720/4303 3712/1269/2670
f 3712/1269/2670 3727/1283/2685 3730/1286/2688
f 3726/1282/2684 5868/1725/4310 3728/1284/2686
f 3728/1284/2686 3727/1283/2685 3726/1282/2684
f 3728/1284/2686 5868/1725/4310 5862/1722/4305
f 5862/1722/4305 3715/1272/2673 3728/1284/2686
