# Blender 5.1.1
# www.blender.org
o PortalFrame_PortalFrame_0
v -0.315441 0.154148 3.407630
v -0.309877 0.168441 3.409703
v -0.291745 0.151667 3.409999
v -0.296444 0.174361 3.414709
v 0.437070 0.151652 3.746505
v 0.455927 0.154124 3.733016
v 0.450383 0.168433 3.735082
v 0.436997 0.174361 3.740071
v 0.455927 -0.154124 3.733016
v 0.437070 -0.151652 3.746505
v 0.450383 -0.168433 3.735082
v 0.436997 -0.174361 3.740071
v 0.291745 -0.151667 3.409999
v 0.315441 -0.154148 3.407630
v 0.309877 -0.168441 3.409703
v 0.296444 -0.174361 3.414709
v 0.315441 0.154148 3.407630
v 0.291745 0.151667 3.409999
v 0.309877 0.168441 3.409703
v 0.296444 0.174361 3.414709
v -0.291745 -0.151667 3.409999
v -0.296444 -0.174361 3.414709
v -0.309877 -0.168441 3.409703
v -0.437070 0.151652 3.746505
v -0.436997 0.174361 3.740071
v -0.450383 0.168433 3.735082
v -0.455927 0.154124 3.733016
v -0.315441 -0.154148 3.407630
v -0.455927 -0.154124 3.733016
v -0.450383 -0.168433 3.735082
v -0.437070 -0.151652 3.746505
v -0.436997 -0.174361 3.740071
v 0.587000 0.112897 3.220896
v 0.564645 0.111582 3.233497
v 0.582064 0.129330 3.225608
v 0.570147 0.136136 3.236983
v 0.346436 0.111583 3.386266
v 0.326881 0.112901 3.402973
v 0.333003 0.129331 3.399951
v 0.347782 0.136136 3.392658
v 0.886618 -0.112873 3.507499
v 0.873432 -0.111566 3.528821
v 0.881697 -0.129322 3.512195
v 0.869817 -0.136136 3.523533
v 0.514893 -0.111565 3.779687
v 0.490385 -0.112872 3.784725
v 0.496484 -0.129322 3.781715
v 0.511209 -0.136136 3.774449
v 0.873432 0.111566 3.528821
v 0.886618 0.112873 3.507499
v 0.881697 0.129322 3.512195
v 0.869817 0.136136 3.523533
v 0.490385 0.112872 3.784725
v 0.514893 0.111565 3.779687
v 0.496484 0.129322 3.781715
v 0.511209 0.136136 3.774449
v 0.564645 -0.111582 3.233496
v 0.587000 -0.112897 3.220896
v 0.582064 -0.129330 3.225608
v 0.570147 -0.136136 3.236983
v 0.326881 -0.112901 3.402973
v 0.346436 -0.111583 3.386266
v 0.333003 -0.129331 3.399951
v 0.347782 -0.136136 3.392658
v -0.587000 -0.112898 3.220896
v -0.564644 -0.111582 3.233497
v -0.582063 -0.129330 3.225608
v -0.570147 -0.136137 3.236983
v -0.346436 -0.111584 3.386266
v -0.326881 -0.112902 3.402973
v -0.333003 -0.129331 3.399951
v -0.347782 -0.136137 3.392658
v -0.886618 0.112872 3.507499
v -0.873432 0.111565 3.528821
v -0.881697 0.129321 3.512195
v -0.869817 0.136135 3.523533
v -0.514893 0.111564 3.779687
v -0.490385 0.112871 3.784725
v -0.496484 0.129321 3.781715
v -0.511209 0.136135 3.774449
v -0.873432 -0.111567 3.528821
v -0.886618 -0.112873 3.507499
v -0.881697 -0.129323 3.512195
v -0.869817 -0.136137 3.523533
v -0.490385 -0.112873 3.784725
v -0.514893 -0.111565 3.779687
v -0.496484 -0.129323 3.781715
v -0.511209 -0.136137 3.774449
v -0.564645 0.111581 3.233496
v -0.587000 0.112897 3.220896
v -0.582064 0.129329 3.225608
v -0.570147 0.136135 3.236983
v -0.326881 0.112901 3.402973
v -0.346436 0.111583 3.386266
v -0.333003 0.129330 3.399951
v -0.347782 0.136135 3.392658
v 0.750931 -0.151667 2.957402
v 0.765635 -0.154147 2.938682
v 0.763276 -0.168441 2.944131
v 0.757580 -0.174361 2.957284
v 1.097438 -0.154124 3.063290
v 1.094094 -0.151652 3.086242
v 1.095086 -0.168434 3.068720
v 1.089408 -0.174361 3.081828
v 1.094094 0.151652 3.086242
v 1.097437 0.154124 3.063290
v 1.095086 0.168434 3.068720
v 1.089408 0.174361 3.081828
v 0.871807 0.151652 3.442397
v 0.865788 0.174361 3.440118
v 0.856499 0.168433 3.450969
v 0.852651 0.154123 3.455464
v 0.608528 0.174361 3.196321
v 0.605721 0.151667 3.190291
v 0.599205 0.168441 3.207211
v 0.595343 0.154147 3.211721
v 0.595343 -0.154147 3.211721
v 0.605721 -0.151667 3.190291
v 0.599205 -0.168441 3.207211
v 0.608528 -0.174361 3.196321
v 0.765635 0.154147 2.938682
v 0.750931 0.151667 2.957402
v 0.763276 0.168441 2.944131
v 0.757580 0.174361 2.957284
v 0.871807 -0.151652 3.442397
v 0.852651 -0.154124 3.455464
v 0.856499 -0.168434 3.450969
v 0.865788 -0.174361 3.440118
v -0.750932 0.151666 2.957402
v -0.765635 0.154146 2.938682
v -0.763276 0.168440 2.944131
v -0.757580 0.174360 2.957284
v -1.097438 0.154123 3.063290
v -1.094094 0.151651 3.086242
v -1.095086 0.168433 3.068720
v -1.089408 0.174361 3.081828
v -1.094094 -0.151653 3.086242
v -1.097437 -0.154125 3.063290
v -1.095086 -0.168435 3.068720
v -1.089408 -0.174362 3.081828
v -0.871807 -0.151653 3.442397
v -0.865788 -0.174362 3.440118
v -0.856499 -0.168434 3.450969
v -0.852651 -0.154124 3.455464
v -0.608528 -0.174362 3.196321
v -0.605721 -0.151668 3.190291
v -0.599205 -0.168442 3.207211
v -0.595343 -0.154148 3.211721
v -0.595343 0.154147 3.211721
v -0.605721 0.151666 3.190291
v -0.599205 0.168440 3.207211
v -0.608528 0.174361 3.196321
v -0.765635 -0.154148 2.938682
v -0.750931 -0.151668 2.957402
v -0.763276 -0.168441 2.944131
v -0.757580 -0.174362 2.957284
v -0.871807 0.151651 3.442397
v -0.852651 0.154123 3.455464
v -0.856499 0.168433 3.450969
v -0.865788 0.174360 3.440118
v 0.770218 -0.112901 2.927225
v 0.771795 -0.111584 2.901550
v 0.772300 -0.129331 2.920723
v 0.777326 -0.136136 2.905026
v 0.823193 0.112886 2.605195
v 0.816431 0.111575 2.629704
v 0.823071 0.129326 2.612004
v 0.822777 0.136136 2.628443
v 0.771795 0.111584 2.901550
v 0.770218 0.112901 2.927225
v 0.772300 0.129331 2.920723
v 0.777326 0.136136 2.905026
v 1.236229 -0.112879 2.608522
v 1.242020 -0.111571 2.633122
v 1.236081 -0.129324 2.615325
v 1.235725 -0.136136 2.631751
v 1.170210 -0.111565 3.053513
v 1.156803 -0.112872 3.074632
v 1.158877 -0.129322 3.068155
v 1.163884 -0.136136 3.052517
v 1.242020 0.111571 2.633122
v 1.236229 0.112879 2.608522
v 1.236081 0.129324 2.615325
v 1.235725 0.136136 2.631751
v 1.156803 0.112872 3.074632
v 1.170210 0.111565 3.053513
v 1.158877 0.129322 3.068155
v 1.163884 0.136136 3.052517
v 0.816431 -0.111575 2.629704
v 0.823193 -0.112886 2.605195
v 0.823071 -0.129326 2.612004
v 0.822777 -0.136136 2.628443
v -0.770218 0.112901 2.927225
v -0.771795 0.111583 2.901550
v -0.772300 0.129330 2.920723
v -0.777326 0.136135 2.905026
v -0.823192 -0.112886 2.605195
v -0.816431 -0.111575 2.629704
v -0.823071 -0.129327 2.612004
v -0.822777 -0.136137 2.628443
v -0.771795 -0.111585 2.901550
v -0.770218 -0.112902 2.927225
v -0.772300 -0.129331 2.920723
v -0.777326 -0.136137 2.905026
v -1.236229 0.112878 2.608522
v -1.242020 0.111570 2.633122
v -1.236081 0.129324 2.615325
v -1.235725 0.136135 2.631751
v -1.170210 0.111564 3.053513
v -1.156803 0.112871 3.074632
v -1.158877 0.129321 3.068155
v -1.163884 0.136135 3.052517
v -1.242020 -0.111572 2.633122
v -1.236229 -0.112880 2.608522
v -1.236081 -0.129325 2.615325
v -1.235725 -0.136137 2.631751
v -1.156803 -0.112873 3.074632
v -1.170210 -0.111566 3.053513
v -1.158877 -0.129323 3.068155
v -1.163884 -0.136137 3.052517
v -0.816431 0.111574 2.629704
v -0.823193 0.112885 2.605195
v -0.823071 0.129326 2.612004
v -0.822778 0.136135 2.628443
v 0.842965 0.154435 1.964845
v 0.842965 0.172808 1.957235
v 0.827964 0.169436 1.953864
v 1.157553 0.154435 1.603064
v 1.157553 0.172808 1.610675
v 1.172554 0.169436 1.614046
v 1.157553 0.154435 1.964845
v 1.175926 0.154435 1.957235
v 1.172554 0.169436 1.953864
v 0.842965 -0.154435 1.964845
v 0.824593 -0.154435 1.957235
v 0.827964 -0.169436 1.953864
v 1.157553 -0.154435 1.603064
v 1.175926 -0.154435 1.610675
v 1.172554 -0.169436 1.614046
v 1.157553 -0.154435 1.964845
v 1.157553 -0.172808 1.957235
v 1.172554 -0.169436 1.953864
v 0.842965 0.180418 1.603065
v 1.072971 0.180418 1.629047
v 1.072971 0.180418 1.603064
v 1.072971 0.180418 1.577081
v 1.072971 -0.180418 1.629047
v 0.842965 -0.180418 1.603065
v 1.072971 -0.180418 1.603064
v 1.072971 -0.180418 1.577081
v 0.842965 -0.172808 1.957235
v 0.842965 -0.154435 1.964845
v 0.827964 -0.169436 1.953864
v 1.175926 -0.154435 1.957235
v 1.157553 -0.154435 1.964845
v 1.172554 -0.169436 1.953864
v 1.157553 0.172808 1.957235
v 1.157553 0.154435 1.964845
v 1.172554 0.169436 1.953864
v 0.824593 0.154435 1.957235
v 0.842965 0.154435 1.964845
v 0.827964 0.169436 1.953864
v 1.175926 0.154435 1.610675
v 1.157553 0.154435 1.603064
v 1.172554 0.169436 1.614046
v 1.157553 -0.172808 1.610675
v 1.157553 -0.154435 1.603064
v 1.172554 -0.169436 1.614046
v -0.842965 -0.154436 1.964845
v -0.842965 -0.172808 1.957235
v -0.827964 -0.169437 1.953864
v -1.157553 -0.154436 1.603064
v -1.157553 -0.172808 1.610675
v -1.172554 -0.169437 1.614046
v -1.157553 -0.154436 1.964845
v -1.175926 -0.154436 1.957235
v -1.172554 -0.169437 1.953864
v -0.842965 0.154435 1.964845
v -0.824593 0.154435 1.957235
v -0.827964 0.169436 1.953864
v -1.157553 0.154434 1.603064
v -1.175926 0.154434 1.610675
v -1.172554 0.169436 1.614046
v -1.157553 0.154434 1.964845
v -1.157553 0.172807 1.957235
v -1.172554 0.169436 1.953864
v -0.842965 -0.180419 1.603065
v -1.072971 -0.180419 1.629047
v -1.072971 -0.180419 1.603064
v -1.072971 -0.180419 1.577081
v -1.072971 0.180417 1.629047
v -0.842965 0.180418 1.603065
v -1.072971 0.180417 1.603064
v -1.072971 0.180417 1.577081
v -0.842965 0.172807 1.957235
v -0.842965 0.154435 1.964845
v -0.827964 0.169436 1.953864
v -1.175926 0.154434 1.957235
v -1.157553 0.154434 1.964845
v -1.172554 0.169436 1.953864
v -1.157553 -0.172809 1.957235
v -1.157553 -0.154436 1.964845
v -1.172554 -0.169437 1.953864
v -0.824593 -0.154436 1.957235
v -0.842965 -0.154436 1.964845
v -0.827964 -0.169437 1.953864
v -1.175926 -0.154436 1.610675
v -1.157553 -0.154436 1.603064
v -1.172554 -0.169437 1.614046
v -1.157553 0.172807 1.610675
v -1.157553 0.154434 1.603064
v -1.172554 0.169436 1.614046
v 0.166797 0.180418 3.469513
v 0.083823 0.180418 3.482311
v 0.116927 0.180418 3.805763
v 0.232657 0.180418 3.787916
v 0.081716 -0.000000 3.461717
v 0.081716 0.159739 3.461717
v 0.162604 0.159739 3.449241
v 0.162604 -0.000000 3.449241
v 0.000000 0.000000 3.832434
v 0.119034 -0.000000 3.826358
v 0.119034 0.151652 3.826358
v 0.000000 0.151652 3.832439
v 0.352226 0.151652 3.778125
v 0.350401 0.174361 3.772343
v -0.321401 0.174538 3.421009
v -0.308080 0.180418 3.425973
v -0.296444 0.174361 3.414709
v -0.309877 0.168441 3.409703
v -0.119034 0.151652 3.826358
v -0.119034 -0.000000 3.826358
v 0.236850 -0.000000 3.808188
v 0.236850 0.151652 3.808188
v -0.241870 -0.159739 3.428586
v -0.243695 -0.174361 3.434367
v 0.352226 -0.000000 3.778125
v -0.241870 -0.000000 3.428586
v -0.299336 -0.000000 3.407170
v -0.241870 0.159739 3.428586
v 0.308080 0.180418 3.425973
v 0.248102 0.180418 3.448326
v 0.345994 0.180418 3.758385
v 0.436987 0.180418 3.724474
v 0.241870 0.159739 3.428586
v 0.241870 -0.000000 3.428586
v -0.162604 -0.000000 3.449241
v -0.162604 0.159739 3.449241
v 0.296444 0.174361 3.414709
v 0.243695 0.174361 3.434367
v 0.000000 -0.151651 3.832430
v -0.119034 -0.151652 3.826358
v 0.236850 -0.151652 3.808188
v 0.352226 -0.151652 3.778125
v 0.000000 0.000000 3.465886
v 0.000000 0.159739 3.465886
v -0.236850 0.151652 3.808188
v -0.235622 0.174361 3.802250
v -0.350401 0.174361 3.772343
v -0.352226 0.151652 3.778125
v -0.081716 -0.000000 3.461717
v -0.081716 0.159739 3.461717
v 0.162604 -0.159739 3.449241
v 0.241870 -0.159739 3.428586
v 0.000000 -0.159739 3.465886
v 0.000000 -0.174361 3.471949
v -0.082333 -0.174361 3.467749
v -0.081716 -0.159739 3.461717
v 0.000000 0.174361 3.471949
v -0.082333 0.174361 3.467749
v 0.455927 0.154124 3.733016
v 0.455927 -0.000000 3.733016
v 0.455801 -0.000000 3.717464
v 0.455801 0.160335 3.717463
v 0.248102 -0.180418 3.448326
v 0.345994 -0.180418 3.758385
v 0.232657 -0.180418 3.787916
v 0.166797 -0.180418 3.469513
v 0.081716 -0.159739 3.461717
v 0.000000 -0.174361 3.826366
v -0.118417 -0.174361 3.820326
v -0.235622 -0.174361 3.802250
v -0.236850 -0.151652 3.808188
v -0.352226 -0.151652 3.778125
v -0.350401 -0.174361 3.772343
v 0.436987 -0.180418 3.724474
v 0.308080 -0.180418 3.425973
v -0.118417 0.174361 3.820326
v -0.116927 -0.180418 3.805763
v -0.118417 -0.174361 3.820326
v -0.235622 -0.174361 3.802250
v -0.232657 -0.180418 3.787916
v -0.450383 0.168433 3.735082
v -0.436997 0.174361 3.740071
v -0.436987 0.180418 3.724474
v -0.450291 0.174536 3.719517
v 0.436997 -0.174361 3.740071
v 0.350401 -0.174361 3.772343
v 0.119034 -0.151652 3.826358
v 0.083823 -0.180418 3.482311
v 0.116927 -0.180418 3.805763
v 0.000000 -0.180418 3.811727
v 0.000000 -0.180418 3.486588
v 0.326918 -0.000000 3.418952
v 0.326918 -0.160343 3.418952
v 0.315441 -0.154148 3.407630
v 0.315441 -0.000000 3.407629
v 0.243695 -0.174361 3.434367
v 0.163832 -0.174361 3.455178
v 0.163832 -0.174361 3.455178
v 0.243695 -0.174361 3.434367
v 0.082333 -0.174361 3.467749
v 0.082333 -0.174361 3.467749
v 0.000000 -0.174361 3.471949
v 0.163832 0.174361 3.455178
v 0.082333 0.174361 3.467749
v 0.082333 0.174361 3.467749
v 0.163832 0.174361 3.455178
v 0.000000 0.180418 3.486588
v 0.000000 0.174361 3.471949
v 0.235622 -0.174361 3.802250
v 0.235622 -0.174361 3.802250
v 0.350401 -0.174361 3.772343
v 0.118417 -0.174361 3.820326
v 0.118417 -0.174361 3.820326
v 0.000000 -0.174361 3.826366
v 0.435388 -0.000000 3.747132
v 0.455927 -0.000000 3.733016
v 0.235622 0.174361 3.802250
v 0.118417 0.174361 3.820326
v 0.118417 0.174361 3.820326
v 0.235622 0.174361 3.802250
v 0.000000 0.174361 3.826376
v 0.000000 0.174361 3.826376
v 0.000000 0.180418 3.811738
v 0.350401 0.174361 3.772343
v 0.455927 -0.154124 3.733016
v 0.455801 -0.160335 3.717463
v 0.315441 -0.000000 3.407629
v 0.299336 -0.000000 3.407170
v 0.326918 0.160343 3.418952
v 0.315441 0.154148 3.407630
v 0.296444 -0.174361 3.414709
v 0.243695 0.174361 3.434367
v -0.163832 0.174361 3.455178
v -0.345994 -0.180418 3.758385
v -0.350401 -0.174361 3.772343
v -0.436997 -0.174361 3.740071
v -0.436987 -0.180418 3.724474
v -0.166797 0.180418 3.469513
v -0.163832 0.174361 3.455178
v -0.243695 0.174361 3.434367
v -0.248102 0.180418 3.448326
v -0.326918 -0.000000 3.418952
v -0.315441 -0.000000 3.407629
v -0.315441 -0.154148 3.407630
v -0.326918 -0.160343 3.418952
v -0.162604 -0.159739 3.449241
v -0.083823 -0.180418 3.482311
v -0.082333 -0.174361 3.467749
v -0.082333 0.174361 3.467749
v -0.083823 0.180418 3.482311
v -0.232657 0.180418 3.787916
v -0.116927 0.180418 3.805763
v -0.163832 -0.174361 3.455178
v -0.455801 -0.000000 3.717464
v -0.455801 0.160335 3.717463
v -0.326918 0.160343 3.418952
v -0.455927 0.154124 3.733016
v -0.455927 -0.000000 3.733016
v -0.309877 -0.168441 3.409703
v -0.321401 -0.174538 3.421009
v 0.436997 0.174361 3.740071
v -0.166797 -0.180418 3.469513
v -0.163832 -0.174361 3.455178
v -0.345994 0.180418 3.758385
v 0.450291 0.174536 3.719517
v 0.450383 0.168433 3.735082
v 0.450383 0.168433 3.735082
v 0.450291 0.174536 3.719517
v 0.450383 -0.168433 3.735082
v 0.450291 -0.174536 3.719517
v 0.450291 -0.174536 3.719517
v 0.450383 -0.168433 3.735082
v 0.321401 -0.174538 3.421009
v 0.309877 -0.168441 3.409703
v 0.309877 -0.168441 3.409703
v 0.321401 -0.174538 3.421009
v 0.309877 0.168441 3.409703
v 0.321401 0.174538 3.421009
v 0.321401 0.174538 3.421009
v 0.309877 0.168441 3.409703
v -0.450383 0.168433 3.735082
v -0.450291 0.174536 3.719517
v -0.236850 -0.000000 3.808188
v -0.352226 -0.000000 3.778125
v -0.455801 -0.160335 3.717463
v -0.315441 -0.000000 3.407629
v -0.248102 -0.180418 3.448326
v -0.243695 -0.174361 3.434367
v -0.455927 -0.000000 3.733016
v -0.435388 -0.000000 3.747132
v -0.450291 -0.174536 3.719517
v -0.308080 -0.180418 3.425973
v -0.315441 0.154148 3.407630
v -0.118417 0.174361 3.820326
v -0.243695 0.174361 3.434367
v -0.450383 -0.168433 3.735082
v -0.455927 -0.154124 3.733016
v -0.450291 -0.174536 3.719517
v -0.450383 -0.168433 3.735082
v -0.235622 0.174361 3.802250
v -0.350401 0.174361 3.772343
v -0.321401 0.174538 3.421009
v -0.296444 -0.174361 3.414709
v -0.309877 -0.168441 3.409703
v -0.321401 -0.174538 3.421009
v -0.309877 0.168441 3.409703
v 0.816982 -0.138263 0.650699
v 0.816982 -0.052380 0.650699
v -0.816982 -0.052380 0.650699
v -0.816982 -0.138263 0.650699
v -0.816982 -0.052380 0.650699
v 0.816982 -0.052380 0.650699
v 0.816496 -0.052380 0.701369
v -0.816982 -0.052380 0.701369
v 0.816982 0.052380 0.650699
v 0.816982 0.138263 0.650699
v -0.816982 0.138263 0.650699
v -0.816982 0.052380 0.650699
v -0.816982 0.052380 0.650699
v -0.816982 0.052380 0.701369
v 0.816496 0.052380 0.701369
v 0.816982 0.052380 0.650699
v 0.816982 -0.157141 0.631822
v -0.816982 -0.157141 0.631822
v -0.816982 -0.157141 0.555243
v 0.816982 -0.157141 0.555243
v -0.816982 0.157141 0.555243
v -0.816982 0.157141 0.631822
v 0.816982 0.157141 0.631822
v 0.816982 0.157141 0.555243
v 0.816315 -0.033503 0.720246
v -0.816982 -0.033503 0.720246
v -0.816982 -0.046851 0.714717
v 0.816368 -0.046851 0.714717
v -0.816982 0.033503 0.720246
v 0.816315 0.033503 0.720246
v 0.816368 0.046851 0.714717
v -0.816982 0.046851 0.714717
v 0.816982 0.151612 0.645170
v -0.816982 0.151612 0.645170
v -0.816982 -0.151612 0.645170
v 0.816982 -0.151612 0.645170
v 1.523030 -0.386773 0.260443
v 1.523027 0.000000 0.260441
v 1.596042 0.000000 0.302746
v 1.596039 -0.458540 0.302745
v 1.523081 0.000000 0.129263
v 1.523084 -0.386826 0.129261
v 1.592236 -0.454802 0.089194
v 1.592239 0.000000 0.089192
v 1.510928 0.000000 0.239534
v 1.510928 -0.374877 0.239534
v 1.510928 -0.374877 0.150263
v 1.510928 0.000000 0.150263
v 1.459465 0.000000 0.555243
v 0.000000 0.000000 0.555243
v 0.000000 -0.324276 0.555243
v 1.459465 -0.324276 0.555243
v 1.500975 -0.365339 0.470829
v 0.000000 -0.365348 0.470829
v 0.000000 -0.453348 0.470829
v 1.590723 -0.453355 0.470829
v 1.477817 -0.342627 0.536891
v 0.000000 -0.342627 0.536891
v 0.000000 -0.342627 0.493767
v 1.477817 -0.342627 0.493767
v 1.607977 -0.470276 0.323373
v 1.607977 0.000000 0.323373
v 1.607977 0.000000 0.453740
v 1.607977 -0.470276 0.453740
v 0.000000 -0.458538 0.302743
v 0.000000 -0.386776 0.260445
v 1.523030 -0.386773 0.260443
v 1.596039 -0.458540 0.302745
v 1.607977 -0.470276 0.453740
v 0.000000 -0.470276 0.453740
v 0.000000 -0.470276 0.323373
v 1.607977 -0.470276 0.323373
v 1.510928 -0.374877 0.239534
v 0.000000 -0.374877 0.239534
v 0.000000 -0.374877 0.150263
v 1.510928 -0.374877 0.150263
v 1.477817 -0.342627 0.536891
v 1.477817 0.000000 0.536891
v 1.472442 0.000000 0.549868
v 1.472442 -0.337252 0.549868
v 1.472442 -0.337252 0.549868
v 1.472442 0.000000 0.549868
v 1.523084 -0.386826 0.129261
v 0.000000 -0.386829 0.129259
v 0.000000 -0.454798 0.089196
v 1.592236 -0.454802 0.089194
v 0.000000 -0.337252 0.549868
v 1.472442 -0.337252 0.549868
v 1.472442 -0.337252 0.549868
v 0.000000 -0.337252 0.549868
v 1.602926 0.000000 0.465824
v 1.602924 -0.465320 0.465824
v 1.590729 0.000000 0.470829
v 1.590723 -0.453355 0.470829
v 1.500967 0.000000 0.470829
v 1.500975 -0.365339 0.470829
v 0.000000 -0.465318 0.465824
v 1.602924 -0.465320 0.465824
v 1.604481 0.000000 0.311652
v 1.604481 -0.466839 0.311652
v 0.000000 -0.466838 0.311651
v 1.604481 -0.466839 0.311652
v 1.514472 0.000000 0.251414
v 1.514473 -0.378361 0.251415
v 0.000000 -0.378362 0.251415
v 1.514473 -0.378361 0.251415
v 1.514488 0.000000 0.138330
v 1.514489 -0.378377 0.138330
v 0.000000 -0.378378 0.138329
v 1.514489 -0.378377 0.138330
v 1.607977 0.000000 0.061995
v 1.607977 -0.470276 0.061995
v 1.607977 -0.470276 0.003319
v 1.607977 0.000000 0.003319
v 1.603368 0.000000 0.077449
v 1.603367 -0.465744 0.077450
v 0.000000 -0.465743 0.077450
v 1.603367 -0.465744 0.077450
v 0.000000 -0.470276 0.061995
v 0.000000 -0.470276 0.003319
v 1.607977 -0.470276 0.003319
v 1.607977 -0.470276 0.061995
v 0.000000 -0.470276 0.061995
v 1.607977 -0.470276 0.061995
v 1.484597 0.000000 0.477548
v 1.484600 -0.349280 0.477548
v 1.477817 0.000000 0.493767
v 1.477817 -0.342627 0.493767
v 0.000000 -0.349282 0.477548
v 1.484600 -0.349280 0.477548
v 1.607977 -0.470276 0.003319
v 0.000000 -0.470276 0.003319
v 0.000000 0.000000 0.003319
v 1.607977 0.000000 0.003319
v -1.523030 -0.386773 0.260443
v -1.596039 -0.458540 0.302745
v -1.596042 0.000000 0.302746
v -1.523027 0.000000 0.260441
v -1.523081 0.000000 0.129263
v -1.592239 0.000000 0.089192
v -1.592236 -0.454802 0.089194
v -1.523084 -0.386826 0.129261
v -1.510928 0.000000 0.239534
v -1.510928 0.000000 0.150263
v -1.510928 -0.374877 0.150263
v -1.510928 -0.374877 0.239534
v -1.459465 0.000000 0.555243
v -1.459465 -0.324276 0.555243
v 0.000000 -0.324276 0.555243
v 0.000000 0.000000 0.555243
v -1.500975 -0.365339 0.470829
v -1.590723 -0.453355 0.470829
v 0.000000 -0.453348 0.470829
v 0.000000 -0.365348 0.470829
v -1.477817 -0.342627 0.536891
v -1.477817 -0.342627 0.493767
v 0.000000 -0.342627 0.493767
v 0.000000 -0.342627 0.536891
v -1.607977 -0.470276 0.323373
v -1.607977 -0.470276 0.453740
v -1.607977 0.000000 0.453740
v -1.607977 0.000000 0.323373
v 0.000000 -0.458538 0.302743
v -1.596039 -0.458540 0.302745
v -1.523030 -0.386773 0.260443
v 0.000000 -0.386776 0.260445
v -1.607977 -0.470276 0.453740
v -1.607977 -0.470276 0.323373
v 0.000000 -0.470276 0.323373
v 0.000000 -0.470276 0.453740
v -1.510928 -0.374877 0.239534
v -1.510928 -0.374877 0.150263
v 0.000000 -0.374877 0.150263
v 0.000000 -0.374877 0.239534
v -1.477817 -0.342627 0.536891
v -1.472442 -0.337252 0.549868
v -1.472442 0.000000 0.549868
v -1.477817 0.000000 0.536891
v -1.472442 -0.337252 0.549868
v -1.472442 0.000000 0.549868
v -1.523084 -0.386826 0.129261
v -1.592236 -0.454802 0.089194
v 0.000000 -0.454798 0.089196
v 0.000000 -0.386829 0.129259
v -1.472442 -0.337252 0.549868
v 0.000000 -0.337252 0.549868
v -1.472442 -0.337252 0.549868
v 0.000000 -0.337252 0.549868
v -1.602924 -0.465320 0.465824
v -1.602926 0.000000 0.465824
v -1.590723 -0.453355 0.470829
v -1.590729 0.000000 0.470829
v -1.500967 0.000000 0.470829
v -1.500975 -0.365339 0.470829
v -1.602924 -0.465320 0.465824
v 0.000000 -0.465318 0.465824
v -1.604481 -0.466839 0.311652
v -1.604481 0.000000 0.311652
v -1.604481 -0.466839 0.311652
v 0.000000 -0.466838 0.311651
v -1.514473 -0.378361 0.251415
v -1.514472 0.000000 0.251414
v -1.514473 -0.378361 0.251415
v 0.000000 -0.378362 0.251415
v -1.514489 -0.378377 0.138330
v -1.514488 0.000000 0.138330
v -1.514489 -0.378377 0.138330
v 0.000000 -0.378378 0.138329
v -1.607977 0.000000 0.061995
v -1.607977 0.000000 0.003319
v -1.607977 -0.470276 0.003319
v -1.607977 -0.470276 0.061995
v -1.603367 -0.465744 0.077450
v -1.603368 0.000000 0.077449
v -1.603367 -0.465744 0.077450
v 0.000000 -0.465743 0.077450
v 0.000000 -0.470276 0.061995
v -1.607977 -0.470276 0.061995
v -1.607977 -0.470276 0.003319
v 0.000000 -0.470276 0.003319
v -1.607977 -0.470276 0.061995
v 0.000000 -0.470276 0.061995
v -1.484600 -0.349280 0.477548
v -1.484597 0.000000 0.477548
v -1.477817 -0.342627 0.493767
v -1.477817 0.000000 0.493767
v -1.484600 -0.349280 0.477548
v 0.000000 -0.349282 0.477548
v -1.607977 -0.470276 0.003319
v -1.607977 0.000000 0.003319
v 0.000000 0.000000 0.003319
v 0.000000 -0.470276 0.003319
v 1.523030 0.386773 0.260443
v 1.596039 0.458540 0.302745
v 1.596042 0.000000 0.302746
v 1.523027 0.000000 0.260441
v 1.523081 0.000000 0.129263
v 1.592239 0.000000 0.089192
v 1.592236 0.454802 0.089194
v 1.523084 0.386826 0.129261
v 1.510928 0.000000 0.239534
v 1.510928 0.000000 0.150263
v 1.510928 0.374877 0.150263
v 1.510928 0.374877 0.239534
v 1.459465 0.000000 0.555243
v 1.459465 0.324276 0.555243
v 0.000000 0.324276 0.555243
v 1.500975 0.365339 0.470829
v 1.590723 0.453355 0.470829
v 0.000000 0.453348 0.470829
v 0.000000 0.365348 0.470829
v 1.477817 0.342627 0.536891
v 1.477817 0.342627 0.493767
v 0.000000 0.342627 0.493767
v 0.000000 0.342627 0.536891
v 1.607977 0.470276 0.323373
v 1.607977 0.470276 0.453740
v 1.607977 0.000000 0.453740
v 1.607977 0.000000 0.323373
v 0.000000 0.458538 0.302743
v 1.596039 0.458540 0.302745
v 1.523030 0.386773 0.260443
v 0.000000 0.386776 0.260445
v 1.607977 0.470276 0.453740
v 1.607977 0.470276 0.323373
v 0.000000 0.470276 0.323373
v 0.000000 0.470276 0.453740
v 1.510928 0.374877 0.239534
v 1.510928 0.374877 0.150263
v 0.000000 0.374877 0.150263
v 0.000000 0.374877 0.239534
v 1.477817 0.342627 0.536891
v 1.472442 0.337252 0.549868
v 1.472442 0.000000 0.549868
v 1.477817 0.000000 0.536891
v 1.472442 0.337252 0.549868
v 1.472442 0.000000 0.549868
v 1.523084 0.386826 0.129261
v 1.592236 0.454802 0.089194
v 0.000000 0.454798 0.089196
v 0.000000 0.386829 0.129259
v 1.472442 0.337252 0.549868
v 0.000000 0.337252 0.549868
v 1.472442 0.337252 0.549868
v 0.000000 0.337252 0.549868
v 1.602924 0.465320 0.465824
v 1.602926 0.000000 0.465824
v 1.590723 0.453355 0.470829
v 1.590729 0.000000 0.470829
v 1.500967 0.000000 0.470829
v 1.500975 0.365339 0.470829
v 1.602924 0.465320 0.465824
v 0.000000 0.465318 0.465824
v 1.604481 0.466839 0.311652
v 1.604481 0.000000 0.311652
v 1.604481 0.466839 0.311652
v 0.000000 0.466838 0.311651
v 1.514473 0.378361 0.251415
v 1.514472 0.000000 0.251414
v 1.514473 0.378361 0.251415
v 0.000000 0.378362 0.251415
v 1.514489 0.378377 0.138330
v 1.514488 0.000000 0.138330
v 1.514489 0.378377 0.138330
v 0.000000 0.378378 0.138329
v 1.607977 0.000000 0.061995
v 1.607977 0.000000 0.003319
v 1.607977 0.470276 0.003319
v 1.607977 0.470276 0.061995
v 1.603367 0.465744 0.077450
v 1.603368 0.000000 0.077449
v 1.603367 0.465744 0.077450
v 0.000000 0.465743 0.077450
v 0.000000 0.470276 0.061995
v 1.607977 0.470276 0.061995
v 1.607977 0.470276 0.003319
v 0.000000 0.470276 0.003319
v 1.607977 0.470276 0.061995
v 0.000000 0.470276 0.061995
v 1.484600 0.349280 0.477548
v 1.484597 0.000000 0.477548
v 1.477817 0.342627 0.493767
v 1.477817 0.000000 0.493767
v 1.484600 0.349280 0.477548
v 0.000000 0.349282 0.477548
v 1.607977 0.470276 0.003319
v 1.607977 0.000000 0.003319
v 0.000000 0.470276 0.003319
v -1.523030 0.386773 0.260443
v -1.523027 0.000000 0.260441
v -1.596042 0.000000 0.302746
v -1.596039 0.458540 0.302745
v -1.523081 0.000000 0.129263
v -1.523084 0.386826 0.129261
v -1.592236 0.454802 0.089194
v -1.592239 0.000000 0.089192
v -1.510928 0.000000 0.239534
v -1.510928 0.374877 0.239534
v -1.510928 0.374877 0.150263
v -1.510928 0.000000 0.150263
v -1.459465 0.000000 0.555243
v 0.000000 0.000000 0.555243
v 0.000000 0.324276 0.555243
v -1.459465 0.324276 0.555243
v -1.500975 0.365339 0.470829
v 0.000000 0.365348 0.470829
v 0.000000 0.453348 0.470829
v -1.590723 0.453355 0.470829
v -1.477817 0.342627 0.536891
v 0.000000 0.342627 0.536891
v 0.000000 0.342627 0.493767
v -1.477817 0.342627 0.493767
v -1.607977 0.470276 0.323373
v -1.607977 0.000000 0.323373
v -1.607977 0.000000 0.453740
v -1.607977 0.470276 0.453740
v 0.000000 0.458538 0.302743
v 0.000000 0.386776 0.260445
v -1.523030 0.386773 0.260443
v -1.596039 0.458540 0.302745
v -1.607977 0.470276 0.453740
v 0.000000 0.470276 0.453740
v 0.000000 0.470276 0.323373
v -1.607977 0.470276 0.323373
v -1.510928 0.374877 0.239534
v 0.000000 0.374877 0.239534
v 0.000000 0.374877 0.150263
v -1.510928 0.374877 0.150263
v -1.477817 0.342627 0.536891
v -1.477817 0.000000 0.536891
v -1.472442 0.000000 0.549868
v -1.472442 0.337252 0.549868
v -1.472442 0.337252 0.549868
v -1.472442 0.000000 0.549868
v -1.523084 0.386826 0.129261
v 0.000000 0.386829 0.129259
v 0.000000 0.454798 0.089196
v -1.592236 0.454802 0.089194
v 0.000000 0.337252 0.549868
v -1.472442 0.337252 0.549868
v -1.472442 0.337252 0.549868
v 0.000000 0.337252 0.549868
v -1.602926 0.000000 0.465824
v -1.602924 0.465320 0.465824
v -1.590729 0.000000 0.470829
v -1.590723 0.453355 0.470829
v -1.500967 0.000000 0.470829
v -1.500975 0.365339 0.470829
v 0.000000 0.465318 0.465824
v -1.602924 0.465320 0.465824
v -1.604481 0.000000 0.311652
v -1.604481 0.466839 0.311652
v 0.000000 0.466838 0.311651
v -1.604481 0.466839 0.311652
v -1.514472 0.000000 0.251414
v -1.514473 0.378361 0.251415
v 0.000000 0.378362 0.251415
v -1.514473 0.378361 0.251415
v -1.514488 0.000000 0.138330
v -1.514489 0.378377 0.138330
v 0.000000 0.378378 0.138329
v -1.514489 0.378377 0.138330
v -1.607977 0.000000 0.061995
v -1.607977 0.470276 0.061995
v -1.607977 0.470276 0.003319
v -1.607977 0.000000 0.003319
v -1.603368 0.000000 0.077449
v -1.603367 0.465744 0.077450
v 0.000000 0.465743 0.077450
v -1.603367 0.465744 0.077450
v 0.000000 0.470276 0.061995
v 0.000000 0.470276 0.003319
v -1.607977 0.470276 0.003319
v -1.607977 0.470276 0.061995
v 0.000000 0.470276 0.061995
v -1.607977 0.470276 0.061995
v -1.484597 0.000000 0.477548
v -1.484600 0.349280 0.477548
v -1.477817 0.000000 0.493767
v -1.477817 0.342627 0.493767
v 0.000000 0.349282 0.477548
v -1.484600 0.349280 0.477548
v -1.607977 0.470276 0.003319
v 0.000000 0.470276 0.003319
v 0.000000 0.000000 0.003319
v -1.607977 0.000000 0.003319
v 0.541231 0.142463 3.285683
v 0.474413 0.142463 3.337662
v 0.693519 0.142463 3.653529
v 0.790859 0.142463 3.577795
v 0.478689 0.119377 3.773464
v 0.478689 -0.119377 3.773464
v 0.490385 -0.112872 3.784725
v 0.490385 0.112872 3.784725
v 0.392367 -0.111583 3.363599
v 0.392367 0.111583 3.363599
v 0.462089 0.111583 3.319896
v 0.462089 -0.111583 3.319896
v 0.705843 -0.111565 3.671295
v 0.804901 -0.111565 3.594227
v 0.804901 0.111565 3.594227
v 0.705843 0.111565 3.671295
v 0.402842 0.142463 3.382520
v 0.347956 0.142463 3.409606
v 0.499386 0.142463 3.763250
v 0.589116 0.142463 3.718970
v 0.527189 0.111583 3.269251
v 0.527189 -0.111583 3.269251
v 0.585901 0.142463 3.243042
v 0.863460 0.142463 3.508505
v 0.474413 -0.142463 3.337662
v 0.693519 -0.142463 3.653529
v 0.589116 -0.142463 3.718970
v 0.402842 -0.142463 3.382520
v 0.790859 -0.142463 3.577795
v 0.863460 -0.142463 3.508505
v 0.869817 -0.136136 3.523533
v 0.800788 -0.136136 3.589414
v 0.499386 -0.142463 3.763250
v 0.347956 -0.142463 3.409606
v 0.541231 -0.142463 3.285683
v 0.585901 -0.142463 3.243042
v 0.326881 0.112901 3.402973
v 0.326881 -0.112901 3.402973
v 0.327230 -0.119387 3.419834
v 0.327230 0.119387 3.419834
v 0.570147 0.136136 3.236983
v 0.531301 0.136136 3.274064
v 0.465699 -0.136136 3.325099
v 0.395435 -0.136136 3.369141
v 0.395435 -0.136136 3.369141
v 0.465699 -0.136136 3.325099
v 0.880156 -0.119376 3.492571
v 0.880156 0.119376 3.492571
v 0.886618 0.112873 3.507499
v 0.886618 -0.112873 3.507499
v 0.465699 0.136136 3.325099
v 0.465699 0.136136 3.325099
v 0.531301 0.136136 3.274064
v 0.395435 0.136136 3.369141
v 0.395435 0.136136 3.369141
v 0.602615 -0.119384 3.227087
v 0.602615 0.119384 3.227087
v 0.587000 -0.112897 3.220896
v 0.587000 0.112897 3.220896
v 0.599592 -0.111565 3.737891
v 0.599592 0.111565 3.737891
v 0.702233 -0.136136 3.666092
v 0.702233 -0.136136 3.666092
v 0.800788 -0.136136 3.589414
v 0.596524 -0.136136 3.732349
v 0.596524 -0.136136 3.732349
v 0.800788 0.136136 3.589414
v 0.702233 0.136136 3.666092
v 0.702233 0.136136 3.666092
v 0.800788 0.136136 3.589414
v 0.596524 0.136136 3.732349
v 0.596524 0.136136 3.732349
v 0.869817 0.136136 3.523533
v 0.511209 -0.136136 3.774449
v 0.531301 -0.136136 3.274064
v 0.531301 -0.136136 3.274064
v 0.347782 -0.136136 3.392658
v 0.570147 -0.136136 3.236983
v 0.511209 0.136136 3.774449
v 0.347782 0.136136 3.392658
v 0.582064 0.129330 3.225608
v 0.597720 0.135703 3.231760
v 0.597720 0.135703 3.231760
v 0.582064 0.129330 3.225608
v 0.333300 0.135704 3.416839
v 0.333003 0.129331 3.399951
v 0.333003 0.129331 3.399951
v 0.333300 0.135704 3.416839
v 0.881697 -0.129322 3.512195
v 0.875266 -0.135701 3.497238
v 0.875266 -0.135701 3.497238
v 0.881697 -0.129322 3.512195
v 0.484751 -0.135701 3.770472
v 0.496484 -0.129322 3.781715
v 0.496484 -0.129322 3.781715
v 0.484751 -0.135701 3.770472
v 0.875266 0.135701 3.497238
v 0.881697 0.129322 3.512195
v 0.881697 0.129322 3.512195
v 0.875266 0.135701 3.497238
v 0.496484 0.129322 3.781715
v 0.484751 0.135701 3.770472
v 0.484751 0.135701 3.770472
v 0.496484 0.129322 3.781715
v 0.597720 -0.135704 3.231760
v 0.582064 -0.129330 3.225608
v 0.582064 -0.129330 3.225608
v 0.597720 -0.135704 3.231760
v 0.333003 -0.129331 3.399951
v 0.333300 -0.135704 3.416839
v 0.333300 -0.135704 3.416839
v 0.333003 -0.129331 3.399951
v -0.541231 -0.142464 3.285683
v -0.474413 -0.142464 3.337662
v -0.693519 -0.142464 3.653529
v -0.790859 -0.142464 3.577795
v -0.478689 -0.119378 3.773464
v -0.478689 0.119376 3.773464
v -0.490385 0.112871 3.784725
v -0.490385 -0.112873 3.784725
v -0.392367 0.111583 3.363599
v -0.392367 -0.111584 3.363599
v -0.462089 -0.111584 3.319896
v -0.462089 0.111583 3.319896
v -0.705843 0.111564 3.671295
v -0.804901 0.111564 3.594227
v -0.804901 -0.111565 3.594227
v -0.705843 -0.111565 3.671295
v -0.402842 -0.142464 3.382520
v -0.347956 -0.142464 3.409606
v -0.499386 -0.142464 3.763250
v -0.589116 -0.142464 3.718970
v -0.527189 -0.111584 3.269251
v -0.527189 0.111583 3.269251
v -0.585901 -0.142464 3.243042
v -0.863460 -0.142464 3.508505
v -0.474413 0.142462 3.337662
v -0.693519 0.142462 3.653529
v -0.589117 0.142462 3.718970
v -0.402843 0.142462 3.382520
v -0.790859 0.142462 3.577795
v -0.863460 0.142462 3.508505
v -0.869817 0.136135 3.523533
v -0.800788 0.136135 3.589414
v -0.499386 0.142462 3.763250
v -0.347956 0.142462 3.409606
v -0.541231 0.142462 3.285683
v -0.585901 0.142462 3.243042
v -0.326881 -0.112902 3.402973
v -0.326881 0.112901 3.402973
v -0.327230 0.119386 3.419834
v -0.327230 -0.119387 3.419834
v -0.570147 -0.136137 3.236983
v -0.531301 -0.136137 3.274064
v -0.465699 0.136135 3.325099
v -0.395435 0.136135 3.369141
v -0.395435 0.136135 3.369141
v -0.465699 0.136135 3.325099
v -0.880156 0.119375 3.492571
v -0.880156 -0.119377 3.492571
v -0.886618 -0.112873 3.507499
v -0.886618 0.112872 3.507499
v -0.465699 -0.136137 3.325099
v -0.465699 -0.136137 3.325099
v -0.531301 -0.136137 3.274064
v -0.395435 -0.136137 3.369141
v -0.395435 -0.136137 3.369141
v -0.602615 0.119384 3.227087
v -0.602615 -0.119385 3.227087
v -0.587000 0.112897 3.220896
v -0.587000 -0.112898 3.220896
v -0.599592 0.111564 3.737891
v -0.599592 -0.111565 3.737891
v -0.702233 0.136135 3.666092
v -0.702233 0.136135 3.666092
v -0.800788 0.136135 3.589414
v -0.596524 0.136135 3.732349
v -0.596524 0.136135 3.732349
v -0.800788 -0.136137 3.589414
v -0.702233 -0.136137 3.666092
v -0.702233 -0.136137 3.666092
v -0.800788 -0.136137 3.589414
v -0.596524 -0.136137 3.732349
v -0.596524 -0.136137 3.732349
v -0.869817 -0.136137 3.523533
v -0.511209 0.136135 3.774449
v -0.531301 0.136135 3.274064
v -0.531301 0.136135 3.274064
v -0.347782 0.136135 3.392658
v -0.570147 0.136135 3.236983
v -0.511209 -0.136137 3.774449
v -0.347782 -0.136137 3.392658
v -0.582063 -0.129330 3.225608
v -0.597720 -0.135704 3.231760
v -0.597720 -0.135704 3.231760
v -0.582063 -0.129330 3.225608
v -0.333300 -0.135705 3.416839
v -0.333003 -0.129331 3.399951
v -0.333003 -0.129331 3.399951
v -0.333300 -0.135705 3.416839
v -0.881697 0.129321 3.512195
v -0.875266 0.135700 3.497238
v -0.875266 0.135700 3.497238
v -0.881697 0.129321 3.512195
v -0.484751 0.135701 3.770472
v -0.496484 0.129321 3.781715
v -0.496484 0.129321 3.781715
v -0.484751 0.135701 3.770472
v -0.875266 -0.135702 3.497238
v -0.881697 -0.129323 3.512195
v -0.881697 -0.129323 3.512195
v -0.875266 -0.135702 3.497238
v -0.496484 -0.129323 3.781715
v -0.484751 -0.135702 3.770472
v -0.484751 -0.135702 3.770472
v -0.496484 -0.129323 3.781715
v -0.597720 0.135703 3.231760
v -0.582064 0.129329 3.225608
v -0.582064 0.129329 3.225608
v -0.597720 0.135703 3.231760
v -0.333003 0.129330 3.399951
v -0.333300 0.135704 3.416839
v -0.333300 0.135704 3.416839
v -0.333003 0.129330 3.399951
v 0.773754 0.180418 2.956716
v 0.747626 0.180418 3.017056
v 1.039225 0.180418 3.160916
v 1.078165 0.180418 3.071011
v 1.039225 -0.180418 3.160916
v 1.078165 -0.180418 3.071011
v 1.089408 -0.174361 3.081828
v 1.052349 -0.174361 3.167391
v 0.706014 0.180418 3.091805
v 0.981874 0.180418 3.263937
v 0.657320 0.180418 3.161807
v 0.914603 0.180418 3.360622
v 1.057786 0.151652 3.170073
v 1.057786 -0.151652 3.170073
v 1.052349 0.174361 3.167391
v 0.999433 -0.151652 3.274893
v 0.999433 0.151652 3.274893
v 0.865788 0.174361 3.440118
v 0.926183 0.174361 3.369570
v 0.851144 0.180418 3.434749
v 0.640942 -0.151667 3.149152
v 0.640942 0.151667 3.149152
v 0.688454 0.151667 3.080849
v 0.688454 -0.151667 3.080849
v 0.757580 0.174361 2.957284
v 0.734501 0.174361 3.010581
v 0.781742 0.160343 2.938269
v 0.781742 -0.160343 2.938269
v 0.765635 -0.154147 2.938682
v 0.765635 0.154147 2.938682
v 0.729065 0.151667 3.007899
v 0.729065 -0.151667 3.007899
v 0.645739 0.174361 3.152858
v 1.097437 0.154124 3.063290
v 1.097438 -0.154124 3.063290
v 1.086145 -0.160335 3.052588
v 1.086145 0.160335 3.052588
v 0.706014 -0.180418 3.091805
v 0.981874 -0.180418 3.263937
v 0.914603 -0.180418 3.360622
v 0.657320 -0.180418 3.161807
v 0.851144 -0.180418 3.434749
v 0.615103 -0.180418 3.211115
v 0.602029 -0.160343 3.226386
v 0.602029 0.160343 3.226386
v 0.595343 0.154147 3.211721
v 0.595343 -0.154147 3.211721
v 0.773754 -0.180418 2.956716
v 0.747626 -0.180418 3.017056
v 0.734501 -0.174361 3.010581
v 0.693597 -0.174361 3.084058
v 0.645739 -0.174361 3.152858
v 0.645739 -0.174361 3.152858
v 0.693597 -0.174361 3.084058
v 0.693597 0.174361 3.084058
v 0.693597 0.174361 3.084058
v 0.734501 0.174361 3.010581
v 0.645739 0.174361 3.152858
v 0.930980 0.151652 3.373277
v 0.930980 -0.151652 3.373277
v 0.994290 -0.174361 3.271684
v 0.926183 -0.174361 3.369570
v 0.926183 -0.174361 3.369570
v 0.994290 -0.174361 3.271684
v 0.852651 0.154123 3.455464
v 0.838087 0.160335 3.450001
v 0.838087 -0.160335 3.450001
v 0.852651 -0.154124 3.455464
v 0.994290 0.174361 3.271684
v 0.926183 0.174361 3.369570
v 0.994290 0.174361 3.271684
v 0.734501 -0.174361 3.010581
v 0.757580 -0.174361 2.957284
v 1.052349 -0.174361 3.167391
v 0.615103 0.180418 3.211115
v 0.608528 0.174361 3.196321
v 1.052349 0.174361 3.167391
v 1.089408 0.174361 3.081828
v 0.865788 -0.174361 3.440118
v 0.608528 -0.174361 3.196321
v 0.779402 -0.174538 2.943672
v 0.763276 -0.168441 2.944131
v 0.763276 -0.168441 2.944131
v 0.779402 -0.174538 2.943672
v 1.095086 -0.168434 3.068720
v 1.083808 -0.174536 3.057983
v 1.083808 -0.174536 3.057983
v 1.095086 -0.168434 3.068720
v 1.083808 0.174536 3.057983
v 1.095086 0.168434 3.068720
v 1.095086 0.168434 3.068720
v 1.083808 0.174536 3.057983
v 0.841912 0.174536 3.445534
v 0.856499 0.168433 3.450969
v 0.856499 0.168433 3.450969
v 0.841912 0.174536 3.445534
v 0.599205 0.168441 3.207211
v 0.605858 0.174538 3.221913
v 0.605858 0.174538 3.221913
v 0.599205 0.168441 3.207211
v 0.599205 -0.168441 3.207211
v 0.605858 -0.174538 3.221913
v 0.605858 -0.174538 3.221913
v 0.599205 -0.168441 3.207211
v 0.763276 0.168441 2.944131
v 0.779402 0.174538 2.943672
v 0.779402 0.174538 2.943672
v 0.763276 0.168441 2.944131
v 0.841912 -0.174536 3.445534
v 0.856499 -0.168434 3.450969
v 0.856499 -0.168434 3.450969
v 0.841912 -0.174536 3.445534
v -0.773754 -0.180419 2.956716
v -0.747626 -0.180419 3.017056
v -1.039225 -0.180419 3.160916
v -1.078165 -0.180419 3.071011
v -1.039225 0.180417 3.160916
v -1.078165 0.180417 3.071011
v -1.089408 0.174361 3.081828
v -1.052349 0.174360 3.167391
v -0.706014 -0.180419 3.091805
v -0.981874 -0.180419 3.263937
v -0.657319 -0.180419 3.161807
v -0.914602 -0.180419 3.360622
v -1.057786 -0.151653 3.170073
v -1.057786 0.151651 3.170073
v -1.052349 -0.174362 3.167391
v -0.999433 0.151651 3.274893
v -0.999433 -0.151653 3.274893
v -0.865788 -0.174362 3.440118
v -0.926183 -0.174362 3.369570
v -0.851144 -0.180419 3.434749
v -0.640942 0.151666 3.149152
v -0.640942 -0.151668 3.149152
v -0.688454 -0.151668 3.080849
v -0.688454 0.151666 3.080849
v -0.757580 -0.174362 2.957284
v -0.734501 -0.174362 3.010581
v -0.781742 -0.160343 2.938269
v -0.781742 0.160342 2.938269
v -0.765635 0.154146 2.938682
v -0.765635 -0.154148 2.938682
v -0.729065 -0.151668 3.007899
v -0.729065 0.151666 3.007899
v -0.645739 -0.174362 3.152858
v -1.097437 -0.154125 3.063290
v -1.097438 0.154123 3.063290
v -1.086145 0.160334 3.052588
v -1.086145 -0.160336 3.052588
v -0.706014 0.180417 3.091805
v -0.981874 0.180417 3.263937
v -0.914603 0.180417 3.360622
v -0.657320 0.180417 3.161807
v -0.851144 0.180417 3.434749
v -0.615103 0.180417 3.211115
v -0.602029 0.160342 3.226386
v -0.602028 -0.160343 3.226386
v -0.595343 -0.154148 3.211721
v -0.595343 0.154147 3.211721
v -0.773754 0.180417 2.956716
v -0.747626 0.180417 3.017056
v -0.734501 0.174361 3.010581
v -0.693597 0.174361 3.084058
v -0.645739 0.174361 3.152858
v -0.645739 0.174361 3.152858
v -0.693597 0.174361 3.084058
v -0.693597 -0.174362 3.084058
v -0.693597 -0.174362 3.084058
v -0.734501 -0.174362 3.010581
v -0.645739 -0.174362 3.152858
v -0.930980 -0.151653 3.373277
v -0.930980 0.151651 3.373277
v -0.994290 0.174360 3.271684
v -0.926183 0.174360 3.369570
v -0.926183 0.174360 3.369570
v -0.994290 0.174360 3.271684
v -0.852651 -0.154124 3.455464
v -0.838087 -0.160336 3.450001
v -0.838087 0.160334 3.450001
v -0.852651 0.154123 3.455464
v -0.994290 -0.174362 3.271684
v -0.926183 -0.174362 3.369570
v -0.994290 -0.174362 3.271684
v -0.734501 0.174361 3.010581
v -0.757580 0.174360 2.957284
v -1.052349 0.174360 3.167391
v -0.615103 -0.180419 3.211115
v -0.608528 -0.174362 3.196321
v -1.052349 -0.174362 3.167391
v -1.089408 -0.174362 3.081828
v -0.865788 0.174360 3.440118
v -0.608528 0.174361 3.196321
v -0.779402 0.174537 2.943672
v -0.763276 0.168440 2.944131
v -0.763276 0.168440 2.944131
v -0.779402 0.174537 2.943672
v -1.095086 0.168433 3.068720
v -1.083808 0.174535 3.057983
v -1.083808 0.174535 3.057983
v -1.095086 0.168433 3.068720
v -1.083808 -0.174537 3.057983
v -1.095086 -0.168435 3.068720
v -1.095086 -0.168435 3.068720
v -1.083808 -0.174537 3.057983
v -0.841912 -0.174537 3.445534
v -0.856499 -0.168434 3.450969
v -0.856499 -0.168434 3.450969
v -0.841912 -0.174537 3.445534
v -0.599205 -0.168442 3.207211
v -0.605858 -0.174539 3.221913
v -0.605858 -0.174539 3.221913
v -0.599205 -0.168442 3.207211
v -0.599205 0.168440 3.207211
v -0.605858 0.174537 3.221913
v -0.605858 0.174537 3.221913
v -0.599205 0.168440 3.207211
v -0.763276 -0.168441 2.944131
v -0.779402 -0.174539 2.943672
v -0.779402 -0.174539 2.943672
v -0.763276 -0.168441 2.944131
v -0.841912 0.174535 3.445534
v -0.856499 0.168433 3.450969
v -0.856499 0.168433 3.450969
v -0.841912 0.174535 3.445534
v 1.195697 0.190710 1.393500
v 1.118464 0.190710 1.393500
v 1.118464 0.190710 1.582887
v 1.195697 0.190710 1.582887
v 1.098287 0.236576 0.974371
v 1.098287 -0.236576 0.974371
v 1.345095 -0.236576 0.974371
v 1.345095 0.236576 0.974371
v 1.098287 -0.170533 1.603064
v 1.098287 0.170533 1.603064
v 1.098287 0.170533 1.393500
v 1.098287 -0.170533 1.393500
v 1.098287 0.192132 1.183936
v 1.098287 -0.192132 1.183936
v 1.098287 -0.192132 1.393500
v 1.098287 0.192132 1.393500
v 1.387642 0.259818 0.764807
v 1.098287 0.259818 0.764807
v 1.098287 -0.259818 0.764807
v 1.387642 -0.259818 0.764807
v 1.098287 0.213429 1.183936
v 1.098287 -0.213429 1.183936
v 1.295333 -0.213429 1.183936
v 1.295333 0.213429 1.183936
v 1.098287 -0.213429 1.183936
v 1.098287 0.213429 1.183936
v 1.098287 0.213429 0.974371
v 1.098287 -0.213429 0.974371
v 1.387642 0.288051 0.736574
v 1.387642 0.288051 0.555243
v 1.126519 0.288051 0.555243
v 1.126519 0.288051 0.736574
v 1.195697 -0.190710 1.582887
v 1.118464 -0.190710 1.582887
v 1.118464 -0.190710 1.393500
v 1.195697 -0.190710 1.393500
v 1.098287 0.192132 1.393500
v 1.098287 -0.192132 1.393500
v 1.248446 -0.192132 1.393500
v 1.248446 0.192132 1.393500
v 1.215874 -0.170533 1.393500
v 1.215874 0.170533 1.393500
v 1.215874 0.170533 1.582887
v 1.215874 -0.170533 1.582887
v 1.098287 0.236576 0.764807
v 1.098287 -0.236576 0.764807
v 1.098287 -0.236576 0.974371
v 1.098287 0.236576 0.974371
v 1.248446 0.209561 1.376072
v 1.248446 0.209561 1.183936
v 1.115715 0.209561 1.183936
v 1.115715 0.209561 1.376072
v 1.387642 -0.288051 0.555243
v 1.387642 -0.288051 0.736574
v 1.126519 -0.288051 0.736574
v 1.126519 -0.288051 0.555243
v 1.345095 0.257356 0.953592
v 1.345095 0.257356 0.764807
v 1.119066 0.257356 0.764807
v 1.119066 0.257356 0.953592
v 1.295333 0.233971 1.163394
v 1.295333 0.233971 0.974371
v 1.118829 0.233971 0.974371
v 1.118829 0.233971 1.163394
v 1.098287 0.259818 0.555243
v 1.098287 -0.259818 0.555243
v 1.098287 -0.259818 0.764807
v 1.098287 0.259818 0.764807
v 1.345095 -0.257356 0.764807
v 1.345095 -0.257356 0.953592
v 1.119066 -0.257356 0.953592
v 1.119066 -0.257356 0.764807
v 1.295333 -0.233971 0.974371
v 1.295333 -0.233971 1.163394
v 1.118829 -0.233971 1.163394
v 1.118829 -0.233971 0.974371
v 1.248446 -0.209561 1.183936
v 1.248446 -0.209561 1.376072
v 1.115715 -0.209561 1.376072
v 1.115715 -0.209561 1.183936
v 1.415874 0.259818 0.736574
v 1.407605 0.279782 0.736574
v 1.403942 0.276118 0.752874
v 1.407605 0.259818 0.756538
v 1.387642 0.279782 0.756538
v 1.403942 0.276118 0.752874
v 1.407605 0.279782 0.736574
v 1.407605 0.259818 0.756538
v 1.403942 0.276118 0.752874
v 1.387642 0.279782 0.756538
v 1.415874 -0.259818 0.736574
v 1.407605 -0.259818 0.756538
v 1.403942 -0.276118 0.752874
v 1.407605 -0.279782 0.736574
v 1.387642 -0.279782 0.756538
v 1.403942 -0.276118 0.752874
v 1.407605 -0.259818 0.756538
v 1.407605 -0.279782 0.736574
v 1.403942 -0.276118 0.752874
v 1.387642 -0.279782 0.756538
v 1.407605 0.279782 0.555243
v 1.407605 0.279782 0.555243
v 1.415874 0.259818 0.555243
v 1.407605 -0.279782 0.555243
v 1.407605 -0.279782 0.555243
v 1.415874 -0.259818 0.555243
v 1.106556 0.279782 0.756538
v 1.106556 0.279782 0.555243
v 1.106556 0.279782 0.555243
v 1.106556 0.279782 0.756538
v 1.106556 -0.279782 0.555243
v 1.106556 -0.279782 0.756538
v 1.106556 -0.279782 0.756538
v 1.106556 -0.279782 0.555243
v 1.106556 0.279782 0.756538
v 1.106556 -0.279782 0.756538
v 1.365874 0.236576 0.953592
v 1.359788 0.251270 0.953592
v 1.357092 0.248574 0.965589
v 1.359788 0.236576 0.968285
v 1.345095 0.251270 0.968285
v 1.357092 0.248574 0.965589
v 1.359788 0.251270 0.953592
v 1.359788 0.236576 0.968285
v 1.357092 0.248574 0.965589
v 1.345095 0.251270 0.968285
v 1.365874 -0.236576 0.953592
v 1.359788 -0.236576 0.968285
v 1.357092 -0.248573 0.965589
v 1.359788 -0.251270 0.953592
v 1.345095 -0.251270 0.968285
v 1.357092 -0.248573 0.965589
v 1.359788 -0.236576 0.968285
v 1.359788 -0.251270 0.953592
v 1.357092 -0.248573 0.965589
v 1.345095 -0.251270 0.968285
v 1.359788 0.251270 0.764807
v 1.359788 0.251270 0.764807
v 1.365874 0.236576 0.764807
v 1.359788 -0.251270 0.764807
v 1.359788 -0.251270 0.764807
v 1.365874 -0.236576 0.764807
v 1.104373 0.251270 0.968285
v 1.104373 0.251270 0.764807
v 1.104373 0.251270 0.764807
v 1.104373 0.251270 0.968285
v 1.104373 -0.251270 0.764807
v 1.104373 -0.251270 0.968285
v 1.104373 -0.251270 0.968285
v 1.104373 -0.251270 0.764807
v 1.104373 0.251270 0.968285
v 1.104373 -0.251270 0.968285
v 1.315874 0.213429 1.163394
v 1.309858 0.227955 1.163394
v 1.307192 0.225289 1.175254
v 1.309858 0.213429 1.177919
v 1.295333 0.227955 1.177919
v 1.307192 0.225289 1.175254
v 1.309858 0.227955 1.163394
v 1.309858 0.213429 1.177919
v 1.307192 0.225289 1.175254
v 1.295333 0.227955 1.177919
v 1.315874 -0.213429 1.163394
v 1.309858 -0.213429 1.177919
v 1.307192 -0.225289 1.175254
v 1.309858 -0.227954 1.163394
v 1.295333 -0.227954 1.177919
v 1.307192 -0.225289 1.175254
v 1.309858 -0.213429 1.177919
v 1.309858 -0.227954 1.163394
v 1.307192 -0.225289 1.175254
v 1.295333 -0.227954 1.177919
v 1.309858 -0.227954 0.974371
v 1.309858 -0.227954 0.974371
v 1.315874 -0.213429 0.974371
v 1.309858 0.227955 0.974371
v 1.309858 0.227955 0.974371
v 1.315874 0.213429 0.974371
v 1.104303 0.227955 1.177919
v 1.104303 0.227955 1.177919
v 1.104303 -0.227954 1.177919
v 1.104303 -0.227954 1.177919
v 1.104303 -0.227954 0.974371
v 1.104303 -0.227954 1.177919
v 1.104303 -0.227954 0.974371
v 1.104303 0.227955 1.177919
v 1.104303 0.227955 0.974371
v 1.104303 0.227955 0.974371
v 1.265874 0.192132 1.376072
v 1.260770 0.204456 1.376072
v 1.258508 0.202195 1.386134
v 1.260770 0.192132 1.388395
v 1.248446 0.204456 1.388395
v 1.258508 0.202195 1.386134
v 1.260770 0.204456 1.376072
v 1.260770 0.192132 1.388395
v 1.258508 0.202195 1.386134
v 1.248446 0.204456 1.388395
v 1.265874 -0.192132 1.376072
v 1.260770 -0.192132 1.388395
v 1.258508 -0.202195 1.386134
v 1.260770 -0.204456 1.376072
v 1.248446 -0.204456 1.388395
v 1.258508 -0.202195 1.386134
v 1.260770 -0.192132 1.388395
v 1.260770 -0.204456 1.376072
v 1.258508 -0.202195 1.386134
v 1.248446 -0.204456 1.388395
v 1.260769 -0.204456 1.183936
v 1.260769 -0.204456 1.183936
v 1.265874 -0.192132 1.183936
v 1.260769 0.204456 1.183936
v 1.260769 0.204456 1.183936
v 1.265874 0.192132 1.183936
v 1.103391 0.204456 1.388395
v 1.103392 0.204456 1.183936
v 1.103392 0.204456 1.183936
v 1.103391 0.204456 1.388395
v 1.103391 0.204456 1.388395
v 1.103391 -0.204456 1.388395
v 1.103391 -0.204456 1.388395
v 1.103392 -0.204456 1.183936
v 1.103391 -0.204456 1.388395
v 1.103392 -0.204456 1.183936
v 1.195697 -0.170533 1.603064
v 1.195697 -0.184800 1.597155
v 1.207346 -0.182182 1.594537
v 1.209965 -0.170533 1.597155
v 1.209965 -0.184800 1.582887
v 1.207346 -0.182182 1.594537
v 1.195697 -0.184800 1.597155
v 1.209965 -0.170533 1.597155
v 1.207346 -0.182182 1.594537
v 1.209965 -0.184800 1.582887
v 1.195697 0.170533 1.603064
v 1.209965 0.170533 1.597155
v 1.207346 0.182182 1.594537
v 1.195697 0.184800 1.597155
v 1.209965 0.184800 1.582887
v 1.207346 0.182182 1.594537
v 1.209965 0.170533 1.597155
v 1.195697 0.184800 1.597155
v 1.207346 0.182182 1.594537
v 1.209965 0.184800 1.582887
v 1.209965 -0.184800 1.393500
v 1.209965 -0.184800 1.393500
v 1.209965 0.184800 1.393500
v 1.209965 0.184800 1.393500
v 1.104196 0.184800 1.597155
v 1.104196 0.184800 1.393500
v 1.104196 0.184800 1.393500
v 1.104196 0.184800 1.597155
v 1.104196 -0.184800 1.393500
v 1.104196 -0.184800 1.597155
v 1.104196 -0.184800 1.597155
v 1.104196 -0.184800 1.393500
v 1.098287 0.170533 1.603064
v 1.104196 0.184800 1.597155
v 1.098287 -0.170533 1.603064
v 1.104196 -0.184800 1.597155
v -1.195697 -0.190711 1.393500
v -1.118464 -0.190711 1.393500
v -1.118464 -0.190711 1.582887
v -1.195697 -0.190711 1.582887
v -1.098287 -0.236577 0.974371
v -1.098287 0.236576 0.974371
v -1.345095 0.236576 0.974371
v -1.345095 -0.236577 0.974371
v -1.098287 0.170532 1.603064
v -1.098287 -0.170534 1.603064
v -1.098287 -0.170534 1.393500
v -1.098287 0.170532 1.393500
v -1.098287 -0.192133 1.183936
v -1.098287 0.192132 1.183936
v -1.098287 0.192132 1.393500
v -1.098287 -0.192133 1.393500
v -1.387642 -0.259819 0.764807
v -1.098287 -0.259819 0.764807
v -1.098287 0.259818 0.764807
v -1.387642 0.259818 0.764807
v -1.098287 -0.213430 1.183936
v -1.098287 0.213429 1.183936
v -1.295333 0.213429 1.183936
v -1.295332 -0.213430 1.183936
v -1.098287 0.213429 1.183936
v -1.098287 -0.213430 1.183936
v -1.098287 -0.213430 0.974371
v -1.098287 0.213429 0.974371
v -1.387642 -0.288051 0.736574
v -1.387642 -0.288051 0.555243
v -1.126519 -0.288051 0.555243
v -1.126519 -0.288051 0.736574
v -1.195697 0.190709 1.582887
v -1.118464 0.190709 1.582887
v -1.118464 0.190709 1.393500
v -1.195697 0.190709 1.393500
v -1.098287 -0.192133 1.393500
v -1.098287 0.192132 1.393500
v -1.248446 0.192132 1.393500
v -1.248446 -0.192133 1.393500
v -1.215874 0.170532 1.393500
v -1.215874 -0.170534 1.393500
v -1.215874 -0.170534 1.582887
v -1.215874 0.170532 1.582887
v -1.098287 -0.236577 0.764807
v -1.098287 0.236576 0.764807
v -1.098287 0.236576 0.974371
v -1.098287 -0.236577 0.974371
v -1.248446 -0.209561 1.376072
v -1.248446 -0.209561 1.183936
v -1.115715 -0.209561 1.183936
v -1.115715 -0.209561 1.376072
v -1.387642 0.288050 0.555243
v -1.387642 0.288050 0.736574
v -1.126519 0.288050 0.736574
v -1.126519 0.288050 0.555243
v -1.345095 -0.257357 0.953592
v -1.345095 -0.257357 0.764807
v -1.119066 -0.257356 0.764807
v -1.119066 -0.257356 0.953592
v -1.295332 -0.233972 1.163394
v -1.295332 -0.233972 0.974371
v -1.118828 -0.233972 0.974371
v -1.118828 -0.233972 1.163394
v -1.098287 -0.259819 0.555243
v -1.098287 0.259818 0.555243
v -1.098287 0.259818 0.764807
v -1.098287 -0.259819 0.764807
v -1.345095 0.257355 0.764807
v -1.345095 0.257355 0.953592
v -1.119066 0.257355 0.953592
v -1.119066 0.257355 0.764807
v -1.295333 0.233970 0.974371
v -1.295333 0.233970 1.163394
v -1.118829 0.233970 1.163394
v -1.118829 0.233970 0.974371
v -1.248446 0.209560 1.183936
v -1.248446 0.209560 1.376072
v -1.115715 0.209560 1.376072
v -1.115715 0.209560 1.183936
v -1.415874 -0.259819 0.736574
v -1.407605 -0.279782 0.736574
v -1.403942 -0.276119 0.752874
v -1.407605 -0.259819 0.756538
v -1.387642 -0.279782 0.756538
v -1.403942 -0.276119 0.752874
v -1.407605 -0.279782 0.736574
v -1.407605 -0.259819 0.756538
v -1.403942 -0.276119 0.752874
v -1.387642 -0.279782 0.756538
v -1.415874 0.259818 0.736574
v -1.407605 0.259818 0.756538
v -1.403942 0.276118 0.752875
v -1.407605 0.279781 0.736574
v -1.387642 0.279781 0.756538
v -1.403942 0.276118 0.752875
v -1.407605 0.259818 0.756538
v -1.407605 0.279781 0.736574
v -1.403942 0.276118 0.752875
v -1.387642 0.279781 0.756538
v -1.407605 -0.279782 0.555243
v -1.407605 -0.279782 0.555243
v -1.415874 -0.259819 0.555243
v -1.407605 0.279781 0.555243
v -1.407605 0.279781 0.555243
v -1.415874 0.259818 0.555243
v -1.106556 -0.279782 0.756538
v -1.106556 -0.279782 0.555243
v -1.106556 -0.279782 0.555243
v -1.106556 -0.279782 0.756538
v -1.106556 0.279781 0.555243
v -1.106556 0.279781 0.756538
v -1.106556 0.279781 0.756538
v -1.106556 0.279781 0.555243
v -1.106556 -0.279782 0.756538
v -1.106556 0.279781 0.756538
v -1.365874 -0.236577 0.953592
v -1.359788 -0.251270 0.953592
v -1.357092 -0.248574 0.965589
v -1.359788 -0.236577 0.968285
v -1.345095 -0.251270 0.968285
v -1.357092 -0.248574 0.965589
v -1.359788 -0.251270 0.953592
v -1.359788 -0.236577 0.968285
v -1.357092 -0.248574 0.965589
v -1.345095 -0.251270 0.968285
v -1.365874 0.236576 0.953592
v -1.359788 0.236576 0.968285
v -1.357092 0.248573 0.965589
v -1.359788 0.251269 0.953592
v -1.345095 0.251269 0.968285
v -1.357092 0.248573 0.965589
v -1.359788 0.236576 0.968285
v -1.359788 0.251269 0.953592
v -1.357092 0.248573 0.965589
v -1.345095 0.251269 0.968285
v -1.359788 -0.251270 0.764807
v -1.359788 -0.251270 0.764807
v -1.365874 -0.236577 0.764807
v -1.359788 0.251269 0.764807
v -1.359788 0.251269 0.764807
v -1.365874 0.236576 0.764807
v -1.104373 -0.251270 0.968285
v -1.104373 -0.251270 0.764807
v -1.104373 -0.251270 0.764807
v -1.104373 -0.251270 0.968285
v -1.104373 0.251269 0.764807
v -1.104373 0.251269 0.968285
v -1.104373 0.251269 0.968285
v -1.104373 0.251269 0.764807
v -1.104373 -0.251270 0.968285
v -1.104373 0.251269 0.968285
v -1.315874 -0.213430 1.163394
v -1.309858 -0.227955 1.163394
v -1.307192 -0.225290 1.175254
v -1.309858 -0.213430 1.177919
v -1.295332 -0.227955 1.177919
v -1.307192 -0.225290 1.175254
v -1.309858 -0.227955 1.163394
v -1.309858 -0.213430 1.177919
v -1.307192 -0.225290 1.175254
v -1.295332 -0.227955 1.177919
v -1.315874 0.213428 1.163394
v -1.309858 0.213428 1.177919
v -1.307192 0.225288 1.175254
v -1.309858 0.227954 1.163394
v -1.295333 0.227954 1.177919
v -1.307192 0.225288 1.175254
v -1.309858 0.213428 1.177919
v -1.309858 0.227954 1.163394
v -1.307192 0.225288 1.175254
v -1.295333 0.227954 1.177919
v -1.309858 0.227954 0.974371
v -1.309858 0.227954 0.974371
v -1.315874 0.213429 0.974371
v -1.309858 -0.227955 0.974371
v -1.309858 -0.227955 0.974371
v -1.315874 -0.213430 0.974371
v -1.104303 -0.227955 1.177919
v -1.104303 -0.227955 1.177919
v -1.104303 0.227954 1.177919
v -1.104303 0.227954 1.177919
v -1.104303 0.227954 0.974371
v -1.104303 0.227954 1.177919
v -1.104303 0.227954 0.974371
v -1.104303 -0.227955 1.177919
v -1.104303 -0.227955 0.974371
v -1.104303 -0.227955 0.974371
v -1.265874 -0.192133 1.376072
v -1.260769 -0.204457 1.376072
v -1.258508 -0.202195 1.386134
v -1.260769 -0.192133 1.388395
v -1.248446 -0.204457 1.388395
v -1.258508 -0.202195 1.386134
v -1.260769 -0.204457 1.376072
v -1.260769 -0.192133 1.388395
v -1.258508 -0.202195 1.386134
v -1.248446 -0.204457 1.388395
v -1.265874 0.192132 1.376072
v -1.260770 0.192132 1.388395
v -1.258508 0.202194 1.386134
v -1.260770 0.204455 1.376072
v -1.248446 0.204455 1.388395
v -1.258508 0.202194 1.386134
v -1.260770 0.192132 1.388395
v -1.260770 0.204455 1.376072
v -1.258508 0.202194 1.386134
v -1.248446 0.204455 1.388395
v -1.260770 0.204455 1.183936
v -1.260770 0.204455 1.183936
v -1.265874 0.192132 1.183936
v -1.260769 -0.204457 1.183936
v -1.260769 -0.204457 1.183936
v -1.265874 -0.192133 1.183936
v -1.103391 -0.204457 1.388395
v -1.103391 -0.204457 1.183936
v -1.103391 -0.204457 1.183936
v -1.103391 -0.204457 1.388395
v -1.103391 -0.204457 1.388395
v -1.103392 0.204455 1.388395
v -1.103392 0.204455 1.388395
v -1.103392 0.204455 1.183936
v -1.103392 0.204455 1.388395
v -1.103392 0.204455 1.183936
v -1.195697 0.170532 1.603064
v -1.195697 0.184800 1.597155
v -1.207346 0.182181 1.594537
v -1.209965 0.170532 1.597155
v -1.209965 0.184800 1.582887
v -1.207346 0.182181 1.594537
v -1.195697 0.184800 1.597155
v -1.209965 0.170532 1.597155
v -1.207346 0.182181 1.594537
v -1.209965 0.184800 1.582887
v -1.195697 -0.170534 1.603064
v -1.209965 -0.170534 1.597155
v -1.207346 -0.182183 1.594537
v -1.195697 -0.184801 1.597155
v -1.209964 -0.184801 1.582887
v -1.207346 -0.182183 1.594537
v -1.209965 -0.170534 1.597155
v -1.195697 -0.184801 1.597155
v -1.207346 -0.182183 1.594537
v -1.209964 -0.184801 1.582887
v -1.209965 0.184800 1.393500
v -1.209965 0.184800 1.393500
v -1.209965 -0.184801 1.393500
v -1.209965 -0.184801 1.393500
v -1.104196 -0.184801 1.597155
v -1.104196 -0.184801 1.393500
v -1.104196 -0.184801 1.393500
v -1.104196 -0.184801 1.597155
v -1.104197 0.184800 1.393500
v -1.104197 0.184800 1.597155
v -1.104197 0.184800 1.597155
v -1.104197 0.184800 1.393500
v -1.098287 -0.170534 1.603064
v -1.104196 -0.184801 1.597155
v -1.098287 0.170532 1.603064
v -1.104197 0.184800 1.597155
v 0.777326 -0.136136 2.905026
v 0.794136 -0.136136 2.852527
v 0.808894 -0.142463 2.856541
v 0.789633 -0.142463 2.916690
v 1.218711 -0.142463 2.712160
v 1.220598 -0.142463 2.625140
v 1.235725 -0.136136 2.631751
v 1.233956 -0.136136 2.713225
v 0.837025 0.142463 2.685496
v 0.827103 0.142463 2.771870
v 1.204527 0.142463 2.835618
v 1.218711 0.142463 2.712160
v 0.808894 0.142463 2.856541
v 1.178411 0.142463 2.957045
v 0.838570 0.119379 2.598992
v 0.838570 -0.119379 2.598992
v 0.823193 -0.112886 2.605195
v 0.823193 0.112886 2.605195
v 0.788024 -0.111584 2.850865
v 0.788024 0.111584 2.850865
v 0.805783 0.111584 2.768270
v 0.805783 -0.111584 2.768270
v 0.789633 0.142463 2.916690
v 1.147617 0.142463 3.053227
v 1.225845 -0.111565 2.839219
v 1.240272 -0.111565 2.713666
v 1.240272 0.111565 2.713666
v 1.225845 0.111565 2.839219
v 0.815462 0.111584 2.683990
v 0.815462 -0.111584 2.683990
v 0.838158 0.142463 2.622066
v 1.220598 0.142463 2.625140
v 1.140580 0.119377 3.075207
v 1.140580 -0.119377 3.075207
v 1.156803 -0.112872 3.074632
v 1.156803 0.112872 3.074632
v 0.822777 0.136136 2.628443
v 0.821778 0.136136 2.684431
v 1.233956 0.136136 2.713225
v 0.837025 -0.142463 2.685496
v 0.838158 -0.142463 2.622066
v 1.236229 0.112879 2.608522
v 1.236229 -0.112879 2.608522
v 1.221099 -0.119377 2.602074
v 1.221099 0.119377 2.602074
v 1.204527 -0.142463 2.835618
v 1.178411 -0.142463 2.957045
v 0.827103 -0.142463 2.771870
v 1.147617 -0.142463 3.053227
v 0.812028 0.136136 2.769324
v 0.794136 0.136136 2.852527
v 0.794136 0.136136 2.852527
v 0.812028 0.136136 2.769324
v 1.199280 -0.111565 2.962721
v 1.199280 0.111565 2.962721
v 1.219601 -0.136136 2.838165
v 1.193168 -0.136136 2.961058
v 1.193168 -0.136136 2.961058
v 1.219601 -0.136136 2.838165
v 0.821778 -0.136136 2.684431
v 0.770218 0.112901 2.927225
v 0.770218 -0.112901 2.927225
v 0.782584 -0.119387 2.938701
v 0.782584 0.119387 2.938701
v 1.219601 0.136136 2.838165
v 1.219601 0.136136 2.838165
v 1.233956 0.136136 2.713225
v 1.163884 -0.136136 3.052517
v 0.812028 -0.136136 2.769324
v 0.794136 -0.136136 2.852527
v 0.812028 -0.136136 2.769324
v 1.233956 -0.136136 2.713225
v 0.821778 -0.136136 2.684431
v 0.822777 -0.136136 2.628443
v 0.821778 0.136136 2.684431
v 1.193168 0.136136 2.961058
v 1.193168 0.136136 2.961058
v 1.163884 0.136136 3.052517
v 0.777326 0.136136 2.905026
v 1.235725 0.136136 2.631751
v 0.772300 -0.129331 2.920723
v 0.784649 -0.135704 2.932254
v 0.784649 -0.135704 2.932254
v 0.772300 -0.129331 2.920723
v 0.823071 0.129326 2.612004
v 0.838450 0.135702 2.605750
v 0.838450 0.135702 2.605750
v 0.823071 0.129326 2.612004
v 0.784649 0.135704 2.932254
v 0.772300 0.129331 2.920723
v 0.772300 0.129331 2.920723
v 0.784649 0.135704 2.932254
v 1.236081 -0.129324 2.615325
v 1.220952 -0.135701 2.608829
v 1.220952 -0.135701 2.608829
v 1.236081 -0.129324 2.615325
v 1.142641 -0.135701 3.068769
v 1.158877 -0.129322 3.068155
v 1.158877 -0.129322 3.068155
v 1.142641 -0.135701 3.068769
v 1.220952 0.135701 2.608829
v 1.236081 0.129324 2.615325
v 1.236081 0.129324 2.615325
v 1.220952 0.135701 2.608829
v 1.158877 0.129322 3.068155
v 1.142641 0.135701 3.068769
v 1.142641 0.135701 3.068769
v 1.158877 0.129322 3.068155
v 0.838450 -0.135702 2.605750
v 0.823071 -0.129326 2.612004
v 0.823071 -0.129326 2.612004
v 0.838450 -0.135702 2.605750
v -0.777326 0.136135 2.905026
v -0.794136 0.136135 2.852527
v -0.808894 0.142462 2.856541
v -0.789633 0.142462 2.916690
v -1.218711 0.142462 2.712160
v -1.220598 0.142462 2.625140
v -1.235725 0.136135 2.631751
v -1.233956 0.136135 2.713225
v -0.837025 -0.142464 2.685496
v -0.827103 -0.142464 2.771870
v -1.204527 -0.142464 2.835618
v -1.218711 -0.142464 2.712160
v -0.808894 -0.142464 2.856541
v -1.178411 -0.142464 2.957045
v -0.838570 -0.119380 2.598992
v -0.838571 0.119378 2.598992
v -0.823193 0.112885 2.605195
v -0.823192 -0.112886 2.605195
v -0.788024 0.111583 2.850865
v -0.788024 -0.111585 2.850865
v -0.805783 -0.111585 2.768270
v -0.805784 0.111583 2.768270
v -0.789633 -0.142464 2.916690
v -1.147617 -0.142464 3.053227
v -1.225845 0.111564 2.839219
v -1.240272 0.111564 2.713666
v -1.240272 -0.111566 2.713666
v -1.225845 -0.111566 2.839219
v -0.815462 -0.111585 2.683990
v -0.815462 0.111583 2.683990
v -0.838158 -0.142464 2.622066
v -1.220598 -0.142464 2.625140
v -1.140580 -0.119378 3.075207
v -1.140580 0.119376 3.075207
v -1.156803 0.112871 3.074632
v -1.156803 -0.112873 3.074632
v -0.822777 -0.136137 2.628443
v -0.821778 -0.136137 2.684431
v -1.233956 -0.136137 2.713225
v -0.837025 0.142462 2.685496
v -0.838158 0.142462 2.622066
v -1.236229 -0.112880 2.608522
v -1.236229 0.112878 2.608522
v -1.221099 0.119376 2.602074
v -1.221099 -0.119378 2.602074
v -1.204527 0.142462 2.835618
v -1.178411 0.142462 2.957045
v -0.827103 0.142462 2.771870
v -1.147617 0.142462 3.053227
v -0.812028 -0.136137 2.769324
v -0.794136 -0.136137 2.852527
v -0.794136 -0.136137 2.852527
v -0.812028 -0.136137 2.769324
v -1.199280 0.111564 2.962721
v -1.199280 -0.111566 2.962721
v -1.219601 0.136135 2.838165
v -1.193168 0.136135 2.961058
v -1.193168 0.136135 2.961058
v -1.219601 0.136135 2.838165
v -0.821778 0.136135 2.684431
v -0.770218 -0.112902 2.927225
v -0.770218 0.112901 2.927225
v -0.782584 0.119386 2.938701
v -0.782584 -0.119388 2.938701
v -1.219601 -0.136137 2.838165
v -1.219601 -0.136137 2.838165
v -1.233956 -0.136137 2.713225
v -1.163884 0.136135 3.052517
v -0.812028 0.136135 2.769324
v -0.794136 0.136135 2.852527
v -0.812028 0.136135 2.769324
v -1.233956 0.136135 2.713225
v -0.821778 0.136135 2.684431
v -0.822778 0.136135 2.628443
v -0.821778 -0.136137 2.684431
v -1.193168 -0.136137 2.961058
v -1.193168 -0.136137 2.961058
v -1.163884 -0.136137 3.052517
v -0.777326 -0.136137 2.905026
v -1.235725 -0.136137 2.631751
v -0.772300 0.129330 2.920723
v -0.784649 0.135704 2.932254
v -0.784649 0.135704 2.932254
v -0.772300 0.129330 2.920723
v -0.823071 -0.129327 2.612004
v -0.838450 -0.135703 2.605750
v -0.838450 -0.135703 2.605750
v -0.823071 -0.129327 2.612004
v -0.784649 -0.135705 2.932254
v -0.772300 -0.129331 2.920723
v -0.772300 -0.129331 2.920723
v -0.784649 -0.135705 2.932254
v -1.236081 0.129324 2.615325
v -1.220952 0.135700 2.608829
v -1.220952 0.135700 2.608829
v -1.236081 0.129324 2.615325
v -1.142641 0.135701 3.068769
v -1.158877 0.129321 3.068155
v -1.158877 0.129321 3.068155
v -1.142641 0.135701 3.068769
v -1.220952 -0.135702 2.608829
v -1.236081 -0.129325 2.615325
v -1.236081 -0.129325 2.615325
v -1.220952 -0.135702 2.608829
v -1.158877 -0.129323 3.068155
v -1.142641 -0.135702 3.068769
v -1.142641 -0.135702 3.068769
v -1.158877 -0.129323 3.068155
v -0.838450 0.135701 2.605750
v -0.823071 0.129326 2.612004
v -0.823071 0.129326 2.612004
v -0.838450 0.135701 2.605750
v 1.183515 -0.143014 2.570112
v 1.183535 -0.143014 1.998408
v 1.183535 0.143014 1.998408
v 1.183515 0.143014 2.570112
v 0.816982 -0.143014 2.566845
v 0.816982 0.143014 2.566845
v 0.816982 0.143014 1.998408
v 0.816982 -0.143014 1.998408
v 1.172560 0.169463 2.570014
v 1.172580 0.169463 1.998408
v 1.146132 0.180418 1.998408
v 1.146112 0.180418 2.569779
v 0.850545 0.136338 1.964845
v 0.850545 -0.136338 1.964845
v 0.826813 -0.141059 1.974676
v 0.826813 0.141059 1.974676
v 0.827938 0.169463 2.566943
v 0.827938 0.169463 1.998408
v 1.146112 -0.180418 2.569779
v 1.146132 -0.180418 1.998408
v 1.172580 -0.169463 1.998408
v 1.172560 -0.169463 2.570014
v 0.854386 -0.180418 2.567179
v 0.854386 -0.180418 1.998408
v 0.854386 0.180418 1.998408
v 0.854386 0.180418 2.567179
v 0.827938 0.169463 1.998408
v 0.827938 0.169463 2.566943
v 1.172580 0.169463 1.998408
v 1.172560 0.169463 2.570014
v 1.172560 -0.169463 2.570014
v 1.172580 -0.169463 1.998408
v 0.827938 -0.169463 1.998408
v 0.827938 -0.169463 2.566943
v 0.827938 -0.169463 2.566943
v 0.827938 -0.169463 1.998408
v 0.852407 -0.144992 2.599133
v 0.848953 -0.136655 2.599103
v 0.826346 -0.141152 2.589537
v 0.835104 -0.162296 2.589615
v 0.835104 -0.162296 2.589615
v 0.826346 -0.141152 2.589537
v 0.860745 -0.148446 2.599209
v 0.856249 -0.171054 2.589804
v 0.856249 -0.171054 2.589804
v 0.835104 -0.162296 2.589615
v 0.852407 0.144992 2.599134
v 0.860745 0.148446 2.599208
v 0.856249 0.171054 2.589803
v 0.835104 0.162296 2.589615
v 0.835104 0.162296 2.589615
v 0.856249 0.171054 2.589803
v 0.848953 0.136655 2.599103
v 0.826346 0.141152 2.589537
v 0.826346 0.141152 2.589537
v 0.835104 0.162296 2.589615
v 1.148090 0.144992 2.601769
v 1.151543 0.136654 2.601799
v 1.174150 0.141152 2.592636
v 1.165392 0.162295 2.592559
v 1.165392 0.162295 2.592559
v 1.174150 0.141152 2.592636
v 1.139751 0.148446 2.601694
v 1.144248 0.171054 2.592370
v 1.144248 0.171054 2.592370
v 1.165392 0.162295 2.592559
v 1.148090 -0.144992 2.601769
v 1.139751 -0.148446 2.601695
v 1.144248 -0.171054 2.592370
v 1.165392 -0.162295 2.592559
v 1.165392 -0.162295 2.592559
v 1.144248 -0.171054 2.592370
v 1.151543 -0.136654 2.601800
v 1.174150 -0.141152 2.592637
v 1.174150 -0.141152 2.592637
v 1.165392 -0.162295 2.592559
v 0.853626 -0.143775 1.964845
v 0.835461 -0.161939 1.974676
v 0.853626 -0.143775 1.964845
v 0.861062 -0.146855 1.964845
v 0.856341 -0.170588 1.974676
v 0.835461 -0.161939 1.974676
v 0.861062 0.146855 1.964845
v 0.853626 0.143775 1.964845
v 0.835461 0.161939 1.974676
v 0.856341 0.170588 1.974676
v 0.853626 0.143775 1.964845
v 0.835461 0.161939 1.974676
v 1.149974 0.136338 1.964845
v 1.146893 0.143775 1.964845
v 1.165057 0.161939 1.974676
v 1.173706 0.141059 1.974676
v 1.146893 0.143775 1.964845
v 1.139457 0.146855 1.964845
v 1.144177 0.170588 1.974676
v 1.165057 0.161939 1.974676
v 1.139457 -0.146855 1.964845
v 1.146893 -0.143775 1.964845
v 1.165057 -0.161939 1.974676
v 1.144177 -0.170588 1.974676
v 1.146893 -0.143775 1.964845
v 1.149974 -0.136338 1.964845
v 1.173706 -0.141059 1.974676
v 1.165057 -0.161939 1.974676
v -1.183515 0.143014 2.570112
v -1.183535 0.143014 1.998408
v -1.183535 -0.143015 1.998408
v -1.183515 -0.143015 2.570112
v -0.816982 0.143014 2.566845
v -0.816982 -0.143015 2.566845
v -0.816982 -0.143015 1.998408
v -0.816982 0.143014 1.998408
v -1.172560 -0.169464 2.570014
v -1.172580 -0.169464 1.998408
v -1.146132 -0.180419 1.998408
v -1.146112 -0.180419 2.569779
v -0.850545 -0.136339 1.964845
v -0.850545 0.136338 1.964845
v -0.826813 0.141058 1.974676
v -0.826813 -0.141060 1.974676
v -0.827938 -0.169463 2.566943
v -0.827938 -0.169463 1.998408
v -1.146112 0.180417 2.569779
v -1.146132 0.180417 1.998408
v -1.172580 0.169462 1.998408
v -1.172560 0.169462 2.570014
v -0.854386 0.180417 2.567179
v -0.854386 0.180417 1.998408
v -0.854386 -0.180419 1.998408
v -0.854386 -0.180419 2.567179
v -0.827938 -0.169463 1.998408
v -0.827938 -0.169463 2.566943
v -1.172580 -0.169464 1.998408
v -1.172560 -0.169464 2.570014
v -1.172560 0.169462 2.570014
v -1.172580 0.169462 1.998408
v -0.827938 0.169462 1.998408
v -0.827938 0.169462 2.566943
v -0.827938 0.169462 2.566943
v -0.827938 0.169462 1.998408
v -0.852407 0.144991 2.599133
v -0.848953 0.136654 2.599103
v -0.826346 0.141151 2.589537
v -0.835105 0.162295 2.589615
v -0.835105 0.162295 2.589615
v -0.826346 0.141151 2.589537
v -0.860745 0.148445 2.599209
v -0.856249 0.171053 2.589804
v -0.856249 0.171053 2.589804
v -0.835105 0.162295 2.589615
v -0.852407 -0.144993 2.599134
v -0.860745 -0.148447 2.599208
v -0.856248 -0.171054 2.589803
v -0.835104 -0.162296 2.589615
v -0.835104 -0.162296 2.589615
v -0.856248 -0.171054 2.589803
v -0.848953 -0.136655 2.599103
v -0.826346 -0.141152 2.589537
v -0.826346 -0.141152 2.589537
v -0.835104 -0.162296 2.589615
v -1.148090 -0.144993 2.601769
v -1.151543 -0.136655 2.601799
v -1.174150 -0.141152 2.592636
v -1.165392 -0.162296 2.592559
v -1.165392 -0.162296 2.592559
v -1.174150 -0.141152 2.592636
v -1.139751 -0.148447 2.601694
v -1.144248 -0.171054 2.592370
v -1.144248 -0.171054 2.592370
v -1.165392 -0.162296 2.592559
v -1.148090 0.144991 2.601769
v -1.139751 0.148445 2.601695
v -1.144248 0.171053 2.592370
v -1.165392 0.162295 2.592559
v -1.165392 0.162295 2.592559
v -1.144248 0.171053 2.592370
v -1.151543 0.136654 2.601800
v -1.174150 0.141151 2.592637
v -1.174150 0.141151 2.592637
v -1.165392 0.162295 2.592559
v -0.853626 0.143774 1.964845
v -0.835462 0.161938 1.974676
v -0.853626 0.143774 1.964845
v -0.861062 0.146855 1.964845
v -0.856341 0.170587 1.974676
v -0.835462 0.161938 1.974676
v -0.861062 -0.146856 1.964845
v -0.853626 -0.143775 1.964845
v -0.835461 -0.161940 1.974676
v -0.856341 -0.170588 1.974676
v -0.853626 -0.143775 1.964845
v -0.835461 -0.161940 1.974676
v -1.149974 -0.136339 1.964845
v -1.146893 -0.143776 1.964845
v -1.165057 -0.161940 1.974676
v -1.173706 -0.141060 1.974676
v -1.146893 -0.143776 1.964845
v -1.139457 -0.146856 1.964845
v -1.144177 -0.170588 1.974676
v -1.165057 -0.161940 1.974676
v -1.139457 0.146855 1.964845
v -1.146893 0.143774 1.964845
v -1.165057 0.161938 1.974676
v -1.144177 0.170587 1.974676
v -1.146893 0.143774 1.964845
v -1.149974 0.136338 1.964845
v -1.173706 0.141058 1.974676
v -1.165057 0.161938 1.974676
v 0.842965 0.180418 1.938862
v 1.072971 0.180418 1.938862
v 1.072971 -0.180418 1.938862
v 0.842965 -0.180418 1.938862
v 1.072971 0.180418 0.555243
v 0.842965 0.180418 0.555243
v 0.842965 -0.180418 0.555243
v 1.072971 -0.180418 0.555243
v 1.124937 -0.180418 1.938862
v 1.124937 -0.180418 1.629047
v 1.157553 -0.180418 1.629047
v 1.157553 -0.180418 1.938862
v 1.124937 0.180418 1.629047
v 1.124937 0.180418 1.938862
v 1.157553 0.180418 1.938862
v 1.157553 0.180418 1.629047
v 1.124937 0.154435 1.603064
v 1.106564 0.154435 1.595454
v 1.098954 0.176156 1.603065
v 1.124937 0.172808 1.610675
v 1.098954 0.154435 1.577081
v 1.091344 0.172808 1.577081
v 1.098954 0.180418 1.629047
v 0.816982 0.154435 1.938862
v 0.824593 0.172808 1.938862
v 0.824593 0.172808 1.938862
v 1.124937 0.154435 1.964845
v 1.124937 0.172808 1.957235
v 1.098954 0.172808 1.957235
v 1.098954 0.154435 1.964845
v 1.098954 0.180418 1.938862
v 1.072971 0.172808 1.957235
v 1.072971 0.154435 1.964845
v 1.175926 0.172808 1.629047
v 1.183536 0.154435 1.629047
v 1.175926 0.172808 1.629047
v 1.183536 0.154435 1.938862
v 1.175926 0.172808 1.938862
v 1.175926 0.172808 1.938862
v 1.098954 -0.180418 1.938862
v 1.098954 -0.172808 1.957235
v 1.072971 -0.172808 1.957235
v 1.124937 -0.172808 1.957235
v 1.124937 -0.154435 1.964845
v 1.098954 -0.154435 1.964845
v 1.072971 -0.154435 1.964845
v 0.816982 -0.154435 1.938862
v 0.824593 -0.172808 1.938862
v 0.824593 -0.172808 1.938862
v 1.183536 -0.154435 1.629047
v 1.175926 -0.172808 1.629047
v 1.175926 -0.172808 1.629047
v 1.183536 -0.154435 1.938862
v 1.175926 -0.172808 1.938862
v 1.175926 -0.172808 1.938862
v 1.098954 -0.176156 1.603065
v 1.098954 -0.180418 1.629047
v 1.091344 -0.172808 1.577081
v 1.098954 -0.154435 1.577081
v 1.106564 -0.154435 1.595454
v 1.124937 -0.154435 1.603064
v 1.124937 -0.172808 1.610675
v 1.091344 0.172808 0.555243
v 1.098954 0.154435 0.555243
v 0.824593 0.172808 0.555243
v 0.824593 0.172808 1.603065
v 0.824593 0.172808 1.603065
v 0.824593 0.172808 0.555243
v 0.816982 0.154435 0.555243
v 0.816982 0.154435 1.603065
v 0.824593 -0.172808 1.603065
v 0.824593 -0.172808 0.555243
v 0.824593 -0.172808 0.555243
v 0.824593 -0.172808 1.603065
v 0.816982 -0.154435 1.603065
v 0.816982 -0.154435 0.555243
v 1.091344 -0.172808 0.555243
v 1.098954 -0.154435 0.555243
v -0.842965 -0.180419 1.938862
v -1.072971 -0.180419 1.938862
v -1.072971 0.180417 1.938862
v -0.842965 0.180418 1.938862
v -1.072971 -0.180419 0.555243
v -0.842965 -0.180418 0.555243
v -0.842965 0.180418 0.555243
v -1.072971 0.180418 0.555243
v -1.124937 0.180417 1.938862
v -1.124937 0.180417 1.629047
v -1.157553 0.180417 1.629047
v -1.157553 0.180417 1.938862
v -1.124937 -0.180419 1.629047
v -1.124937 -0.180419 1.938862
v -1.157553 -0.180419 1.938862
v -1.157553 -0.180419 1.629047
v -1.124937 -0.154436 1.603064
v -1.106564 -0.154436 1.595454
v -1.098954 -0.176157 1.603065
v -1.124937 -0.172809 1.610675
v -1.098954 -0.154436 1.577081
v -1.091344 -0.172808 1.577081
v -1.098954 -0.180419 1.629047
v -0.816982 -0.154436 1.938862
v -0.824593 -0.172808 1.938862
v -0.824593 -0.172808 1.938862
v -1.124937 -0.154436 1.964845
v -1.124937 -0.172809 1.957235
v -1.098954 -0.172809 1.957235
v -1.098954 -0.154436 1.964845
v -1.098954 -0.180419 1.938862
v -1.072971 -0.172808 1.957235
v -1.072971 -0.154436 1.964845
v -1.175926 -0.172809 1.629047
v -1.183536 -0.154436 1.629047
v -1.175926 -0.172809 1.629047
v -1.183536 -0.154436 1.938862
v -1.175926 -0.172809 1.938862
v -1.175926 -0.172809 1.938862
v -1.098954 0.180417 1.938862
v -1.098954 0.172807 1.957235
v -1.072971 0.172807 1.957235
v -1.124937 0.172807 1.957235
v -1.124937 0.154434 1.964845
v -1.098954 0.154434 1.964845
v -1.072971 0.154434 1.964845
v -0.816982 0.154435 1.938862
v -0.824593 0.172807 1.938862
v -0.824593 0.172807 1.938862
v -1.183536 0.154434 1.629047
v -1.175926 0.172807 1.629047
v -1.175926 0.172807 1.629047
v -1.183536 0.154434 1.938862
v -1.175926 0.172807 1.938862
v -1.175926 0.172807 1.938862
v -1.098954 0.176156 1.603065
v -1.098954 0.180417 1.629047
v -1.091344 0.172807 1.577081
v -1.098954 0.154435 1.577081
v -1.106564 0.154435 1.595454
v -1.124937 0.154434 1.603064
v -1.124937 0.172807 1.610675
v -1.091344 -0.172808 0.555243
v -1.098954 -0.154436 0.555243
v -0.824593 -0.172808 0.555243
v -0.824593 -0.172808 1.603065
v -0.824593 -0.172808 1.603065
v -0.824593 -0.172808 0.555243
v -0.816982 -0.154435 0.555243
v -0.816982 -0.154436 1.603065
v -0.824593 0.172807 1.603065
v -0.824593 0.172808 0.555243
v -0.824593 0.172808 0.555243
v -0.824593 0.172807 1.603065
v -0.816982 0.154435 1.603065
v -0.816982 0.154435 0.555243
v -1.091344 0.172807 0.555243
v -1.098954 0.154435 0.555243
vn -0.3483 0.1081 -0.9311
vn -0.1550 0.4584 -0.8751
vn 0.2295 0.1161 -0.9664
vn 0.1540 0.6667 -0.7292
vn 0.4456 0.1069 0.8888
vn 0.8873 0.1099 0.4480
vn 0.7055 0.4675 0.5327
vn 0.3638 0.6610 0.6563
vn 0.8873 -0.1099 0.4480
vn 0.4455 -0.1069 0.8889
vn 0.7054 -0.4675 0.5328
vn 0.3638 -0.6610 0.6563
vn -0.2295 -0.1161 -0.9664
vn 0.3483 -0.1081 -0.9311
vn 0.1550 -0.4584 -0.8751
vn -0.1540 -0.6667 -0.7292
vn 0.3483 0.1081 -0.9311
vn -0.2295 0.1161 -0.9664
vn 0.1550 0.4584 -0.8751
vn -0.1541 0.6667 -0.7292
vn 0.2295 -0.1161 -0.9664
vn 0.1541 -0.6667 -0.7292
vn -0.1550 -0.4584 -0.8751
vn -0.4455 0.1069 0.8889
vn -0.3638 0.6610 0.6563
vn -0.7054 0.4675 0.5328
vn -0.8872 0.1099 0.4480
vn -0.3483 -0.1081 -0.9311
vn -0.8873 -0.1099 0.4480
vn -0.7055 -0.4675 0.5327
vn -0.4455 -0.1069 0.8889
vn -0.3638 -0.6610 0.6563
vn -0.0599 0.1056 -0.9926
vn -0.6078 0.1054 -0.7871
vn -0.2024 0.4580 -0.8656
vn -0.4409 0.6560 -0.6127
vn -0.5306 0.1054 -0.8410
vn -0.9105 0.1054 -0.3999
vn -0.7426 0.4575 -0.4891
vn -0.4238 0.6559 -0.6246
vn 0.9920 -0.1087 0.0649
vn 0.7599 -0.1054 0.6414
vn 0.8583 -0.4662 0.2145
vn 0.5935 -0.6588 0.4624
vn 0.3413 -0.1054 0.9340
vn -0.2834 -0.1091 0.9528
vn -0.0960 -0.4671 0.8790
vn 0.2298 -0.6593 0.7159
vn 0.7599 0.1054 0.6414
vn 0.9920 0.1087 0.0649
vn 0.8583 0.4661 0.2144
vn 0.5935 0.6588 0.4624
vn -0.2834 0.1090 0.9528
vn 0.3413 0.1055 0.9340
vn -0.0959 0.4671 0.8790
vn 0.2298 0.6593 0.7159
vn -0.6078 -0.1053 -0.7871
vn -0.0599 -0.1056 -0.9926
vn -0.2024 -0.4580 -0.8656
vn -0.4409 -0.6559 -0.6127
vn -0.9105 -0.1054 -0.3999
vn -0.5306 -0.1055 -0.8410
vn -0.7426 -0.4575 -0.4891
vn -0.4238 -0.6559 -0.6246
vn 0.0599 -0.1056 -0.9926
vn 0.6078 -0.1054 -0.7871
vn 0.2024 -0.4580 -0.8656
vn 0.4409 -0.6560 -0.6127
vn 0.5306 -0.1054 -0.8410
vn 0.9105 -0.1054 -0.3999
vn 0.7426 -0.4575 -0.4891
vn 0.4238 -0.6559 -0.6246
vn -0.9920 0.1087 0.0649
vn -0.7599 0.1054 0.6414
vn -0.8583 0.4662 0.2144
vn -0.5935 0.6588 0.4624
vn -0.3413 0.1054 0.9340
vn 0.2834 0.1091 0.9528
vn 0.0960 0.4671 0.8790
vn -0.2298 0.6593 0.7159
vn -0.7599 -0.1054 0.6414
vn -0.9920 -0.1087 0.0649
vn -0.8583 -0.4661 0.2144
vn -0.5935 -0.6588 0.4624
vn 0.2834 -0.1091 0.9528
vn -0.3413 -0.1055 0.9340
vn 0.0959 -0.4671 0.8790
vn -0.2298 -0.6593 0.7159
vn 0.6078 0.1053 -0.7871
vn 0.0599 0.1056 -0.9926
vn 0.2024 0.4580 -0.8656
vn 0.4409 0.6559 -0.6127
vn 0.9105 0.1054 -0.3999
vn 0.5306 0.1055 -0.8410
vn 0.7426 0.4575 -0.4891
vn 0.4238 0.6559 -0.6246
vn -0.8652 -0.1074 -0.4898
vn -0.4407 -0.1066 -0.8913
vn -0.5233 -0.4585 -0.7183
vn -0.6426 -0.6579 -0.3928
vn 0.9372 -0.1101 -0.3309
vn 0.9502 -0.1073 0.2927
vn 0.8731 -0.4673 -0.1391
vn 0.7253 -0.6610 0.1925
vn 0.9502 0.1073 0.2926
vn 0.9372 0.1101 -0.3309
vn 0.8731 0.4673 -0.1391
vn 0.7253 0.6610 0.1926
vn 0.6797 0.1073 0.7256
vn 0.4911 0.6610 0.5674
vn 0.2577 0.4674 0.8456
vn 0.1133 0.1101 0.9874
vn -0.6348 0.6578 -0.4053
vn -0.8196 0.1074 -0.5627
vn -0.8750 0.4584 -0.1555
vn -0.9943 0.1066 -0.0055
vn -0.9943 -0.1066 -0.0055
vn -0.8196 -0.1074 -0.5627
vn -0.8750 -0.4584 -0.1555
vn -0.6348 -0.6578 -0.4053
vn -0.4408 0.1066 -0.8913
vn -0.8652 0.1074 -0.4898
vn -0.5234 0.4585 -0.7182
vn -0.6426 0.6579 -0.3928
vn 0.6797 -0.1073 0.7256
vn 0.1133 -0.1101 0.9874
vn 0.2577 -0.4674 0.8457
vn 0.4911 -0.6610 0.5673
vn 0.8652 0.1074 -0.4898
vn 0.4408 0.1066 -0.8913
vn 0.5233 0.4585 -0.7183
vn 0.6426 0.6578 -0.3928
vn -0.9372 0.1101 -0.3309
vn -0.9502 0.1073 0.2927
vn -0.8731 0.4673 -0.1391
vn -0.7253 0.6610 0.1925
vn -0.9502 -0.1073 0.2926
vn -0.9372 -0.1101 -0.3309
vn -0.8731 -0.4673 -0.1391
vn -0.7253 -0.6610 0.1926
vn -0.6797 -0.1073 0.7256
vn -0.4911 -0.6610 0.5674
vn -0.2577 -0.4674 0.8456
vn -0.1133 -0.1101 0.9874
vn 0.6348 -0.6578 -0.4053
vn 0.8196 -0.1074 -0.5627
vn 0.8750 -0.4584 -0.1555
vn 0.9943 -0.1066 -0.0055
vn 0.9943 0.1066 -0.0055
vn 0.8196 0.1074 -0.5627
vn 0.8750 0.4584 -0.1555
vn 0.6348 0.6578 -0.4053
vn 0.4408 -0.1066 -0.8913
vn 0.8652 -0.1074 -0.4898
vn 0.5234 -0.4585 -0.7182
vn 0.6426 -0.6579 -0.3928
vn -0.6797 0.1073 0.7256
vn -0.1133 0.1101 0.9874
vn -0.2576 0.4674 0.8457
vn -0.4911 0.6610 0.5673
vn -0.9204 -0.1053 0.3765
vn -0.9735 -0.1055 -0.2029
vn -0.8678 -0.4575 0.1939
vn -0.7437 -0.6559 -0.1293
vn -0.7371 0.1067 -0.6673
vn -0.9868 0.1054 -0.1227
vn -0.7506 0.4611 -0.4732
vn -0.7443 0.6570 -0.1198
vn -0.9735 0.1055 -0.2029
vn -0.9204 0.1054 0.3765
vn -0.8678 0.4575 0.1940
vn -0.7436 0.6560 -0.1293
vn 0.7559 -0.1076 -0.6458
vn 0.9908 -0.1054 -0.0844
vn 0.7642 -0.4632 -0.4489
vn 0.7476 -0.6578 -0.0919
vn 0.9088 -0.1055 0.4036
vn 0.4879 -0.1091 0.8661
vn 0.5652 -0.4672 0.6799
vn 0.6745 -0.6593 0.3322
vn 0.9908 0.1054 -0.0844
vn 0.7559 0.1076 -0.6457
vn 0.7642 0.4632 -0.4489
vn 0.7476 0.6578 -0.0918
vn 0.4879 0.1091 0.8660
vn 0.9088 0.1055 0.4036
vn 0.5652 0.4672 0.6799
vn 0.6745 0.6593 0.3322
vn -0.9868 -0.1054 -0.1227
vn -0.7371 -0.1068 -0.6673
vn -0.7506 -0.4611 -0.4733
vn -0.7443 -0.6570 -0.1198
vn 0.9204 0.1053 0.3765
vn 0.9735 0.1055 -0.2029
vn 0.8678 0.4575 0.1939
vn 0.7437 0.6559 -0.1293
vn 0.7371 -0.1067 -0.6673
vn 0.9868 -0.1054 -0.1227
vn 0.7506 -0.4611 -0.4732
vn 0.7443 -0.6570 -0.1198
vn 0.9735 -0.1055 -0.2029
vn 0.9204 -0.1054 0.3765
vn 0.8678 -0.4575 0.1939
vn 0.7436 -0.6560 -0.1293
vn -0.7559 0.1076 -0.6458
vn -0.9908 0.1054 -0.0844
vn -0.7642 0.4632 -0.4489
vn -0.7476 0.6578 -0.0919
vn -0.9088 0.1055 0.4036
vn -0.4879 0.1091 0.8661
vn -0.5652 0.4672 0.6799
vn -0.6745 0.6593 0.3322
vn -0.9908 -0.1054 -0.0844
vn -0.7559 -0.1076 -0.6458
vn -0.7642 -0.4632 -0.4489
vn -0.7476 -0.6578 -0.0918
vn -0.4879 -0.1091 0.8660
vn -0.9088 -0.1055 0.4036
vn -0.5652 -0.4672 0.6799
vn -0.6745 -0.6593 0.3322
vn 0.9868 0.1054 -0.1227
vn 0.7371 0.1068 -0.6673
vn 0.7506 0.4611 -0.4733
vn 0.7443 0.6570 -0.1198
vn -0.2401 0.2402 0.9406
vn -0.1602 0.7037 0.6922
vn -0.5773 0.5773 0.5775
vn 0.2401 0.2402 -0.9406
vn 0.1602 0.7037 -0.6922
vn 0.5773 0.5773 -0.5775
vn 0.2402 0.2401 0.9406
vn 0.7037 0.1601 0.6922
vn 0.5773 0.5773 0.5775
vn -0.2402 -0.2401 0.9406
vn -0.7037 -0.1602 0.6922
vn -0.5773 -0.5773 0.5775
vn 0.2402 -0.2401 -0.9406
vn 0.7037 -0.1602 -0.6922
vn 0.5773 -0.5773 -0.5775
vn 0.2401 -0.2402 0.9406
vn 0.1602 -0.7037 0.6922
vn 0.5773 -0.5773 0.5775
vn -0.1951 0.9808 -0.0000
vn 0.0204 0.9996 -0.0204
vn 0.0853 0.9953 -0.0456
vn 0.1625 0.9864 -0.0253
vn 0.0204 -0.9996 -0.0204
vn -0.1951 -0.9808 -0.0000
vn 0.0853 -0.9953 -0.0456
vn 0.1625 -0.9864 -0.0253
vn -0.1602 -0.7037 0.6922
vn -0.2401 -0.2402 0.9406
vn 0.7037 -0.1602 0.6922
vn 0.2402 -0.2401 0.9406
vn 0.1602 0.7037 0.6922
vn 0.2401 0.2402 0.9406
vn -0.7037 0.1601 0.6922
vn -0.2402 0.2401 0.9406
vn 0.7037 0.1601 -0.6922
vn 0.2402 0.2401 -0.9406
vn 0.1602 -0.7037 -0.6922
vn 0.2401 -0.2402 -0.9406
vn -0.2401 -0.2402 -0.9406
vn -0.1602 -0.7037 -0.6922
vn -0.5773 -0.5773 -0.5775
vn -0.7037 -0.1601 0.6922
vn 0.7037 0.1602 0.6922
vn -0.2402 0.2401 -0.9406
vn -0.7037 0.1602 -0.6922
vn -0.5773 0.5773 -0.5775
vn 0.1951 -0.9808 -0.0000
vn -0.0204 -0.9996 -0.0204
vn -0.0853 -0.9953 -0.0456
vn -0.1625 -0.9864 -0.0253
vn -0.0204 0.9996 -0.0204
vn 0.1951 0.9808 -0.0000
vn -0.0853 0.9953 -0.0456
vn -0.1625 0.9864 -0.0253
vn -0.7037 0.1602 0.6922
vn 0.7037 -0.1601 0.6922
vn -0.7037 -0.1601 -0.6922
vn -0.2402 -0.2401 -0.9406
vn -0.1602 0.7037 -0.6922
vn -0.2401 0.2402 -0.9406
vn -0.0382 0.9820 -0.1849
vn -0.0192 0.9820 -0.1878
vn 0.0205 0.9796 0.1999
vn 0.0407 0.9796 0.1968
vn -0.1018 -0.0000 -0.9948
vn -0.0998 0.1965 -0.9754
vn -0.1986 0.1965 -0.9602
vn -0.2026 -0.0000 -0.9793
vn -0.0000 -0.0000 1.0000
vn 0.1018 -0.0000 0.9948
vn 0.1010 0.1295 0.9864
vn -0.0000 0.1295 0.9916
vn 0.2985 0.1295 0.9456
vn 0.2283 0.6521 0.7230
vn -0.5382 0.6814 -0.4961
vn -0.1086 0.9510 -0.2896
vn -0.1010 0.1295 0.9864
vn -0.1018 -0.0000 0.9948
vn 0.2025 -0.0000 0.9793
vn 0.2008 0.1295 0.9710
vn 0.2901 -0.1837 -0.9392
vn 0.2097 -0.6997 -0.6829
vn 0.3011 -0.0000 0.9536
vn 0.3011 -0.0000 -0.9536
vn 0.1962 -0.0000 -0.9806
vn 0.2901 0.1837 -0.9392
vn 0.1086 0.9510 -0.2896
vn -0.0568 0.9820 -0.1801
vn 0.0605 0.9796 0.1916
vn 0.2683 0.9548 0.1283
vn -0.2901 0.1837 -0.9392
vn -0.3011 -0.0000 -0.9536
vn 0.2026 -0.0000 -0.9793
vn 0.1986 0.1965 -0.9602
vn -0.1540 0.6667 -0.7292
vn -0.2096 0.6998 -0.6829
vn -0.0000 -0.1296 0.9916
vn -0.1010 -0.1295 0.9864
vn 0.2008 -0.1295 0.9710
vn 0.2985 -0.1295 0.9456
vn -0.0000 -0.0000 -1.0000
vn -0.0000 0.1965 -0.9805
vn -0.2008 0.1295 0.9710
vn -0.1535 0.6521 0.7424
vn -0.2282 0.6521 0.7230
vn -0.2985 0.1295 0.9456
vn 0.1018 -0.0000 -0.9948
vn 0.0998 0.1965 -0.9754
vn -0.1986 -0.1965 -0.9602
vn -0.2901 -0.1837 -0.9392
vn -0.0000 -0.1965 -0.9805
vn -0.0000 -0.7136 -0.7005
vn 0.0713 -0.7136 -0.6969
vn 0.0998 -0.1965 -0.9754
vn -0.0000 0.7136 -0.7005
vn 0.0714 0.7136 -0.6969
vn 0.8890 -0.0000 0.4579
vn 0.9785 -0.0000 -0.2063
vn 0.9641 0.2071 -0.1662
vn -0.0569 -0.9820 -0.1801
vn 0.0605 -0.9796 0.1916
vn 0.0407 -0.9796 0.1968
vn -0.0382 -0.9820 -0.1849
vn -0.0998 -0.1965 -0.9754
vn -0.0000 -0.6521 0.7581
vn -0.0772 -0.6521 0.7542
vn -0.1536 -0.6521 0.7424
vn -0.2008 -0.1295 0.9710
vn -0.2985 -0.1295 0.9456
vn -0.2283 -0.6521 0.7229
vn 0.2682 -0.9548 0.1282
vn 0.1086 -0.9510 -0.2895
vn -0.0772 0.6521 0.7542
vn -0.0205 -0.9796 0.1999
vn -0.0407 -0.9796 0.1968
vn -0.3638 0.6611 0.6563
vn -0.2683 0.9548 0.1283
vn -0.7243 0.6886 -0.0360
vn 0.3638 -0.6611 0.6563
vn 0.2282 -0.6521 0.7229
vn 0.1010 -0.1295 0.9864
vn -0.0192 -0.9820 -0.1878
vn 0.0205 -0.9796 0.1999
vn -0.0000 -0.9796 0.2010
vn -0.0000 -0.9820 -0.1888
vn 0.8254 -0.0000 -0.5646
vn 0.7905 -0.2026 -0.5780
vn 0.3484 -0.1081 -0.9311
vn 0.3571 -0.0000 -0.9341
vn -0.2097 -0.6997 -0.6829
vn -0.1419 -0.7136 -0.6860
vn -0.2097 -0.6998 -0.6829
vn -0.0714 -0.7136 -0.6969
vn -0.0714 -0.7137 -0.6968
vn -0.0000 -0.7137 -0.7005
vn -0.1419 0.7136 -0.6860
vn -0.0713 0.7137 -0.6968
vn -0.0713 0.7136 -0.6969
vn -0.0000 0.9820 -0.1888
vn -0.0000 0.7137 -0.7005
vn 0.1535 -0.6521 0.7424
vn 0.2282 -0.6521 0.7230
vn 0.0772 -0.6521 0.7542
vn -0.0000 -0.6522 0.7581
vn 0.4645 -0.0000 0.8856
vn 0.8890 -0.0000 0.4580
vn 0.1536 0.6521 0.7424
vn 0.0772 0.6521 0.7542
vn -0.0000 0.6521 0.7581
vn -0.0000 0.9796 0.2010
vn 0.2283 0.6521 0.7229
vn 0.9641 -0.2071 -0.1663
vn 0.3570 -0.0000 -0.9341
vn -0.1962 -0.0000 -0.9806
vn 0.7905 0.2026 -0.5780
vn 0.3484 0.1081 -0.9311
vn -0.2097 0.6997 -0.6829
vn 0.1419 0.7136 -0.6860
vn -0.0605 -0.9796 0.1916
vn -0.3637 -0.6611 0.6563
vn -0.2682 -0.9548 0.1282
vn 0.0382 0.9820 -0.1849
vn 0.2097 0.6998 -0.6829
vn 0.0568 0.9820 -0.1801
vn -0.8254 -0.0000 -0.5646
vn -0.3571 -0.0000 -0.9341
vn -0.3484 -0.1081 -0.9311
vn -0.7905 -0.2026 -0.5780
vn 0.1986 -0.1965 -0.9602
vn 0.0192 -0.9820 -0.1878
vn 0.0713 -0.7137 -0.6968
vn 0.0713 0.7137 -0.6968
vn 0.0192 0.9820 -0.1878
vn -0.0407 0.9796 0.1968
vn -0.0205 0.9796 0.1999
vn 0.1419 -0.7136 -0.6860
vn -0.9785 -0.0000 -0.2063
vn -0.9641 0.2071 -0.1662
vn -0.7905 0.2026 -0.5780
vn -0.8873 0.1099 0.4480
vn -0.8890 -0.0000 0.4579
vn -0.5382 -0.6813 -0.4961
vn 0.3637 0.6611 0.6563
vn 0.0382 -0.9820 -0.1849
vn -0.0605 0.9796 0.1916
vn 0.7243 0.6886 -0.0360
vn 0.7054 0.4675 0.5328
vn 0.7054 0.4675 0.5327
vn 0.7054 -0.4675 0.5327
vn 0.7243 -0.6885 -0.0361
vn 0.7242 -0.6886 -0.0360
vn 0.5382 -0.6813 -0.4962
vn 0.1551 -0.4584 -0.8751
vn 0.5382 -0.6813 -0.4961
vn 0.1551 0.4584 -0.8751
vn 0.5382 0.6813 -0.4961
vn 0.5381 0.6814 -0.4961
vn -0.7054 0.4675 0.5327
vn -0.2025 -0.0000 0.9793
vn -0.3011 -0.0000 0.9536
vn -0.9641 -0.2071 -0.1663
vn -0.3570 -0.0000 -0.9341
vn 0.0569 -0.9820 -0.1801
vn 0.2097 -0.6998 -0.6829
vn -0.8890 -0.0000 0.4580
vn -0.4645 -0.0000 0.8856
vn -0.7243 -0.6885 -0.0360
vn -0.1086 -0.9510 -0.2895
vn -0.3484 0.1081 -0.9311
vn 0.2097 0.6997 -0.6829
vn -0.7054 -0.4675 0.5327
vn -0.7242 -0.6886 -0.0360
vn -0.2282 0.6521 0.7229
vn -0.5382 0.6813 -0.4961
vn 0.1540 -0.6667 -0.7292
vn -0.1551 0.4584 -0.8751
vn -0.0000 -0.1951 0.9808
vn -0.0000 -1.0000 -0.0000
vn -0.0000 -0.9810 0.1939
vn -0.0000 -0.9808 0.1951
vn -0.0000 0.1951 0.9808
vn -0.0000 1.0000 -0.0000
vn -0.0000 0.9808 0.1951
vn -0.0000 0.9810 0.1939
vn -0.0000 -0.1953 0.9807
vn -0.0000 -0.7071 0.7071
vn -0.0000 -0.7083 0.7059
vn -0.0000 0.1953 0.9807
vn -0.0000 0.7083 0.7059
vn -0.0000 0.7071 0.7071
vn 0.5737 -0.0000 -0.8191
vn 0.6200 -0.0000 -0.7846
vn 0.6673 -0.0000 -0.7448
vn 0.6200 -0.0000 0.7846
vn 0.5737 -0.0000 0.8191
vn 0.6673 -0.0000 0.7448
vn 0.9895 -0.0000 -0.1444
vn 0.9878 -0.0000 -0.1560
vn 0.9878 -0.0000 0.1560
vn 0.9895 -0.0000 0.1444
vn 0.1951 -0.0000 0.9808
vn 0.1481 -0.1481 0.9778
vn -0.0000 -0.1005 0.9949
vn -0.0000 -0.1967 0.9805
vn -0.0000 -0.2937 0.9559
vn -0.0000 -0.9856 0.1693
vn -0.0000 -0.9811 0.1934
vn -0.0000 -0.9769 0.2137
vn 0.9914 -0.0000 -0.1306
vn 0.9805 -0.0000 0.1967
vn 0.9853 -0.0000 0.1711
vn -0.0000 -0.6262 -0.7797
vn -0.0000 -0.5791 -0.8152
vn -0.0000 -0.6744 -0.7384
vn -0.0000 -0.9859 0.1676
vn -0.0000 -0.9898 -0.1422
vn -0.0000 -0.9917 -0.1283
vn -0.0000 -0.9881 -0.1537
vn -0.0000 -0.9898 0.1422
vn -0.0000 -0.9881 0.1537
vn 0.9856 -0.0000 0.1693
vn 0.9808 -0.0000 0.1951
vn 0.9239 -0.0000 0.3827
vn 0.1988 -0.1987 0.9597
vn 0.3827 -0.0000 0.9239
vn -0.0000 -0.5791 0.8152
vn -0.0000 -0.6262 0.7797
vn -0.0000 -0.6744 0.7384
vn -0.0000 -0.3827 0.9239
vn 0.1987 -0.1988 0.9597
vn -0.0000 -0.9239 0.3827
vn 0.7048 -0.0000 0.7094
vn 0.8105 -0.0000 0.5857
vn 0.1935 -0.0000 0.9811
vn 0.2864 -0.0000 0.9581
vn 0.1010 -0.0000 0.9949
vn -0.0000 -0.7095 0.7047
vn -0.0000 -0.8170 0.5766
vn 0.8657 -0.0000 -0.5005
vn 0.9001 -0.0000 -0.4358
vn -0.0000 -0.8690 -0.4949
vn -0.0000 -0.9033 -0.4290
vn 0.8342 -0.0000 -0.5514
vn -0.0000 -0.8376 -0.5463
vn 0.8657 -0.0000 0.5005
vn 0.8342 -0.0000 0.5514
vn -0.0000 -0.8690 0.4949
vn -0.0000 -0.8376 0.5463
vn 0.9914 -0.0000 0.1306
vn 1.0000 -0.0000 -0.0000
vn 0.9001 -0.0000 0.4358
vn -0.0000 -0.9033 0.4290
vn -0.0000 -0.9596 0.2815
vn -0.0000 -0.9596 0.2814
vn 0.6078 -0.0000 0.7941
vn 0.9762 -0.0000 0.2170
vn -0.0000 -0.6113 0.7914
vn -0.5737 -0.0000 -0.8191
vn -0.6673 -0.0000 -0.7448
vn -0.6200 -0.0000 -0.7846
vn -0.6200 -0.0000 0.7846
vn -0.6673 -0.0000 0.7448
vn -0.5737 -0.0000 0.8191
vn -0.9895 -0.0000 -0.1444
vn -0.9895 -0.0000 0.1444
vn -0.9878 -0.0000 0.1560
vn -0.9878 -0.0000 -0.1560
vn -0.1951 -0.0000 0.9808
vn -0.1481 -0.1481 0.9778
vn -0.9914 -0.0000 -0.1306
vn -0.9853 -0.0000 0.1711
vn -0.9805 -0.0000 0.1967
vn -0.9856 -0.0000 0.1693
vn -0.9239 -0.0000 0.3827
vn -0.9808 -0.0000 0.1951
vn -0.1988 -0.1987 0.9597
vn -0.3827 -0.0000 0.9239
vn -0.1987 -0.1988 0.9597
vn -0.8105 -0.0000 0.5857
vn -0.7048 -0.0000 0.7094
vn -0.2864 -0.0000 0.9581
vn -0.1935 -0.0000 0.9811
vn -0.1010 -0.0000 0.9949
vn -0.9001 -0.0000 -0.4358
vn -0.8657 -0.0000 -0.5005
vn -0.8342 -0.0000 -0.5514
vn -0.8342 -0.0000 0.5514
vn -0.8657 -0.0000 0.5005
vn -1.0000 -0.0000 -0.0000
vn -0.9914 -0.0000 0.1306
vn -0.9001 -0.0000 0.4358
vn -0.6078 -0.0000 0.7941
vn -0.9762 -0.0000 0.2170
vn 0.1481 0.1481 0.9778
vn -0.0000 0.1005 0.9949
vn -0.0000 0.2937 0.9559
vn -0.0000 0.1967 0.9805
vn -0.0000 0.9856 0.1693
vn -0.0000 0.9769 0.2137
vn -0.0000 0.9811 0.1934
vn -0.0000 0.6262 -0.7797
vn -0.0000 0.6744 -0.7384
vn -0.0000 0.5791 -0.8152
vn -0.0000 0.9859 0.1676
vn -0.0000 0.9917 -0.1283
vn -0.0000 0.9898 -0.1422
vn -0.0000 0.9881 -0.1537
vn -0.0000 0.9881 0.1537
vn -0.0000 0.9898 0.1422
vn 0.1988 0.1987 0.9597
vn -0.0000 0.5791 0.8152
vn -0.0000 0.6744 0.7384
vn -0.0000 0.6262 0.7797
vn 0.1987 0.1988 0.9597
vn -0.0000 0.3827 0.9239
vn -0.0000 0.9239 0.3827
vn -0.0000 0.8170 0.5766
vn -0.0000 0.7095 0.7047
vn -0.0000 0.9033 -0.4290
vn -0.0000 0.8690 -0.4949
vn -0.0000 0.8376 -0.5463
vn -0.0000 0.8376 0.5463
vn -0.0000 0.8690 0.4949
vn -0.0000 0.9033 0.4290
vn -0.0000 0.9596 0.2814
vn -0.0000 0.9596 0.2815
vn -0.0000 0.6113 0.7914
vn -0.1481 0.1481 0.9778
vn -0.1988 0.1987 0.9597
vn -0.1987 0.1988 0.9597
vn -0.1234 0.9820 -0.1431
vn -0.1083 0.9820 -0.1548
vn 0.1152 0.9796 0.1646
vn 0.1313 0.9796 0.1522
vn -0.7836 0.2072 0.5856
vn -0.7836 -0.2073 0.5857
vn -0.2834 0.1091 0.9528
vn -0.4836 -0.1264 -0.8661
vn -0.4836 0.1264 -0.8661
vn -0.5687 0.1264 -0.8128
vn -0.5687 -0.1264 -0.8128
vn 0.5688 -0.1253 0.8129
vn 0.6479 -0.1252 0.7513
vn 0.6479 0.1252 0.7513
vn 0.5688 0.1253 0.8129
vn -0.0920 0.9820 -0.1649
vn -0.2853 0.9509 -0.1201
vn -0.0910 0.9549 0.2827
vn 0.0980 0.9796 0.1754
vn -0.6479 0.1263 -0.7512
vn -0.6479 -0.1263 -0.7512
vn -0.0137 0.9511 -0.3085
vn 0.2979 0.9545 0.0131
vn -0.1083 -0.9820 -0.1548
vn 0.1152 -0.9796 0.1646
vn 0.0980 -0.9796 0.1754
vn -0.0920 -0.9820 -0.1649
vn 0.1313 -0.9796 0.1522
vn 0.2978 -0.9545 0.0131
vn 0.5935 -0.6588 0.4623
vn 0.4969 -0.6488 0.5763
vn -0.0910 -0.9549 0.2828
vn -0.2854 -0.9508 -0.1201
vn -0.1234 -0.9820 -0.1431
vn -0.0137 -0.9511 -0.3085
vn -0.9632 -0.2025 0.1765
vn -0.9632 0.2025 0.1766
vn -0.4408 0.6560 -0.6127
vn -0.4889 0.6631 -0.5669
vn -0.4291 -0.6632 -0.6133
vn -0.3648 -0.6632 -0.6535
vn -0.3648 -0.6633 -0.6535
vn 0.8230 -0.2069 -0.5290
vn 0.8231 0.2069 -0.5289
vn 0.9919 0.1087 0.0649
vn -0.4291 0.6632 -0.6133
vn -0.4291 0.6631 -0.6133
vn -0.4889 0.6630 -0.5669
vn -0.3648 0.6632 -0.6535
vn 0.5022 -0.2028 -0.8406
vn 0.5021 0.2029 -0.8407
vn 0.4836 -0.1253 0.8663
vn 0.4836 0.1253 0.8663
vn 0.4362 -0.6488 0.6235
vn 0.4363 -0.6488 0.6235
vn 0.3709 -0.6489 0.6644
vn 0.4970 0.6488 0.5763
vn 0.4363 0.6488 0.6235
vn 0.4362 0.6488 0.6235
vn 0.3709 0.6489 0.6644
vn 0.2299 -0.6593 0.7159
vn -0.4889 -0.6631 -0.5669
vn -0.4889 -0.6631 -0.5668
vn -0.4238 -0.6560 -0.6246
vn -0.4409 -0.6560 -0.6126
vn -0.4238 0.6560 -0.6246
vn -0.2024 0.4581 -0.8656
vn 0.3014 0.6816 -0.6667
vn 0.3013 0.6817 -0.6667
vn -0.7305 0.6811 0.0497
vn 0.8583 -0.4662 0.2144
vn 0.6532 -0.6881 -0.3159
vn 0.6532 -0.6882 -0.3158
vn 0.8583 -0.4661 0.2144
vn -0.5239 -0.6888 0.5011
vn 0.6532 0.6881 -0.3159
vn 0.6532 0.6882 -0.3158
vn -0.0960 0.4671 0.8790
vn -0.5239 0.6888 0.5011
vn 0.3013 -0.6816 -0.6668
vn 0.3013 -0.6817 -0.6667
vn -0.7305 -0.6811 0.0498
vn -0.7305 -0.6811 0.0497
vn 0.1234 -0.9820 -0.1431
vn 0.1083 -0.9820 -0.1548
vn -0.1152 -0.9796 0.1646
vn -0.1313 -0.9796 0.1522
vn 0.7836 -0.2072 0.5856
vn 0.7836 0.2073 0.5857
vn 0.2835 -0.1090 0.9528
vn 0.4836 0.1264 -0.8661
vn 0.4836 -0.1264 -0.8661
vn 0.5687 -0.1264 -0.8128
vn 0.5687 0.1264 -0.8128
vn -0.5688 0.1253 0.8129
vn -0.6479 0.1252 0.7513
vn -0.6479 -0.1252 0.7513
vn -0.5688 -0.1253 0.8129
vn 0.0920 -0.9820 -0.1649
vn 0.2853 -0.9509 -0.1201
vn 0.0910 -0.9549 0.2827
vn -0.0980 -0.9796 0.1754
vn 0.6479 -0.1263 -0.7512
vn 0.6479 0.1263 -0.7512
vn 0.0137 -0.9511 -0.3086
vn -0.2979 -0.9545 0.0131
vn 0.1083 0.9820 -0.1548
vn -0.1152 0.9796 0.1646
vn -0.0980 0.9796 0.1754
vn 0.0920 0.9820 -0.1649
vn -0.1313 0.9796 0.1522
vn -0.2978 0.9545 0.0131
vn -0.5935 0.6588 0.4623
vn -0.4969 0.6488 0.5763
vn 0.0910 0.9549 0.2828
vn 0.2854 0.9508 -0.1201
vn 0.1234 0.9820 -0.1431
vn 0.0137 0.9511 -0.3085
vn 0.9632 0.2025 0.1765
vn 0.9632 -0.2025 0.1766
vn 0.4408 -0.6560 -0.6127
vn 0.4889 -0.6631 -0.5669
vn 0.4291 0.6631 -0.6133
vn 0.3648 0.6632 -0.6535
vn 0.3648 0.6633 -0.6535
vn 0.4291 0.6632 -0.6133
vn -0.8230 0.2069 -0.5290
vn -0.8231 -0.2069 -0.5289
vn -0.9919 -0.1087 0.0649
vn 0.4291 -0.6632 -0.6133
vn 0.4291 -0.6631 -0.6133
vn 0.4889 -0.6630 -0.5669
vn 0.3648 -0.6632 -0.6535
vn -0.5022 0.2028 -0.8406
vn -0.5021 -0.2029 -0.8407
vn -0.4836 0.1253 0.8663
vn -0.4836 -0.1253 0.8663
vn -0.4362 0.6488 0.6235
vn -0.4363 0.6488 0.6235
vn -0.3709 0.6489 0.6644
vn -0.4970 -0.6488 0.5763
vn -0.4363 -0.6488 0.6235
vn -0.4362 -0.6488 0.6235
vn -0.3709 -0.6489 0.6644
vn -0.2299 0.6593 0.7159
vn 0.4889 0.6631 -0.5669
vn 0.4889 0.6631 -0.5668
vn 0.4238 0.6560 -0.6246
vn 0.4409 0.6560 -0.6126
vn 0.4238 -0.6560 -0.6246
vn 0.2024 -0.4581 -0.8656
vn -0.3014 -0.6816 -0.6667
vn -0.3013 -0.6817 -0.6667
vn 0.7305 -0.6811 0.0497
vn 0.7427 -0.4575 -0.4891
vn 0.7305 -0.6811 0.0498
vn -0.6532 0.6881 -0.3159
vn -0.6532 0.6882 -0.3158
vn -0.8583 0.4661 0.2144
vn 0.5239 0.6888 0.5011
vn -0.6532 -0.6881 -0.3159
vn -0.6532 -0.6882 -0.3158
vn 0.5239 -0.6888 0.5011
vn 0.0960 -0.4671 0.8790
vn -0.3013 0.6816 -0.6668
vn 0.2024 0.4581 -0.8656
vn -0.3013 0.6817 -0.6667
vn 0.7305 0.6811 0.0498
vn 0.7305 0.6811 0.0497
vn -0.1333 0.9510 -0.2789
vn -0.1695 0.9820 -0.0836
vn 0.1801 0.9796 0.0889
vn 0.2786 0.9547 -0.1044
vn 0.1801 -0.9796 0.0889
vn 0.2785 -0.9547 -0.1044
vn 0.6797 -0.6523 0.3354
vn -0.1603 0.9820 -0.1000
vn 0.1704 0.9796 0.1064
vn -0.1495 0.9820 -0.1155
vn 0.1590 0.9796 0.1229
vn 0.8892 0.1295 0.4387
vn 0.8892 -0.1295 0.4387
vn 0.6798 0.6522 0.3354
vn 0.8412 -0.1295 0.5250
vn 0.8412 0.1295 0.5250
vn 0.5998 0.6522 0.4635
vn 0.0282 0.9548 0.2960
vn -0.7845 -0.1307 -0.6062
vn -0.7845 0.1307 -0.6062
vn -0.8411 0.1307 -0.5248
vn -0.8411 -0.1307 -0.5248
vn -0.6688 0.6662 -0.3300
vn 0.1320 0.2027 -0.9703
vn 0.1321 -0.2026 -0.9703
vn -0.4407 -0.1067 -0.8913
vn -0.4407 0.1066 -0.8913
vn -0.8891 0.1307 -0.4386
vn -0.8891 -0.1307 -0.4386
vn -0.5901 0.6662 -0.4560
vn 0.9372 0.1101 -0.3310
vn 0.5491 -0.2070 -0.8097
vn 0.5491 0.2071 -0.8097
vn -0.1603 -0.9820 -0.1000
vn 0.1704 -0.9796 0.1064
vn 0.1590 -0.9796 0.1229
vn -0.1495 -0.9820 -0.1155
vn 0.0282 -0.9547 0.2961
vn -0.3092 -0.9510 0.0024
vn -0.8145 -0.2026 0.5436
vn -0.8145 0.2026 0.5437
vn -0.1333 -0.9510 -0.2788
vn -0.1695 -0.9820 -0.0836
vn -0.6688 -0.6662 -0.3299
vn -0.6327 -0.6662 -0.3948
vn -0.5901 -0.6663 -0.4560
vn -0.6327 -0.6663 -0.3948
vn -0.6327 0.6662 -0.3948
vn -0.5901 0.6663 -0.4560
vn 0.7846 0.1295 0.6063
vn 0.7846 -0.1295 0.6063
vn 0.6431 -0.6522 0.4013
vn 0.5998 -0.6522 0.4636
vn 0.6431 -0.6522 0.4014
vn -0.4875 0.2071 0.8482
vn -0.4874 -0.2071 0.8482
vn 0.1133 -0.1102 0.9874
vn 0.6431 0.6522 0.4013
vn 0.6798 -0.6522 0.3354
vn -0.3091 0.9510 0.0024
vn -0.6348 0.6579 -0.4053
vn 0.6798 0.6523 0.3354
vn 0.7252 0.6610 0.1926
vn -0.6348 -0.6579 -0.4052
vn 0.0159 -0.6814 -0.7317
vn 0.0159 -0.6815 -0.7317
vn 0.4765 -0.6885 -0.5468
vn 0.4765 -0.6885 -0.5467
vn 0.8731 -0.4674 -0.1391
vn 0.4766 0.6885 -0.5467
vn 0.8730 0.4674 -0.1391
vn 0.8731 0.4674 -0.1391
vn 0.4765 0.6885 -0.5467
vn -0.2827 0.6886 0.6678
vn -0.2828 0.6885 0.6678
vn -0.6509 0.6814 0.3348
vn -0.6509 0.6813 0.3348
vn -0.6509 -0.6814 0.3348
vn -0.5233 0.4585 -0.7183
vn 0.0159 0.6814 -0.7318
vn 0.0158 0.6814 -0.7317
vn -0.2827 -0.6885 0.6678
vn 0.2577 -0.4674 0.8456
vn -0.2827 -0.6886 0.6678
vn 0.1333 -0.9510 -0.2789
vn 0.1695 -0.9820 -0.0836
vn -0.1801 -0.9796 0.0889
vn -0.2786 -0.9547 -0.1044
vn -0.1801 0.9796 0.0889
vn -0.2785 0.9547 -0.1044
vn -0.6797 0.6523 0.3354
vn 0.1603 -0.9820 -0.1000
vn -0.1704 -0.9796 0.1064
vn 0.1495 -0.9820 -0.1155
vn -0.1590 -0.9796 0.1229
vn -0.8892 -0.1295 0.4387
vn -0.8892 0.1295 0.4387
vn -0.6798 -0.6522 0.3354
vn -0.8412 0.1295 0.5250
vn -0.8412 -0.1295 0.5250
vn -0.5998 -0.6522 0.4635
vn -0.0282 -0.9548 0.2960
vn 0.7845 0.1307 -0.6062
vn 0.7845 -0.1307 -0.6062
vn 0.8411 -0.1307 -0.5248
vn 0.8411 0.1307 -0.5248
vn 0.6688 -0.6662 -0.3300
vn -0.1320 -0.2027 -0.9703
vn -0.1321 0.2026 -0.9703
vn 0.4407 0.1067 -0.8913
vn 0.4407 -0.1066 -0.8913
vn 0.8891 -0.1307 -0.4386
vn 0.8891 0.1307 -0.4386
vn 0.5901 -0.6662 -0.4560
vn -0.9372 -0.1101 -0.3310
vn -0.5491 0.2070 -0.8097
vn -0.5491 -0.2071 -0.8097
vn 0.1603 0.9820 -0.1000
vn -0.1704 0.9796 0.1064
vn -0.1590 0.9796 0.1229
vn 0.1495 0.9820 -0.1155
vn -0.0282 0.9547 0.2961
vn 0.3092 0.9510 0.0024
vn 0.8145 0.2026 0.5436
vn 0.8145 -0.2026 0.5437
vn 0.1333 0.9510 -0.2788
vn 0.1695 0.9820 -0.0836
vn 0.6688 0.6662 -0.3299
vn 0.6327 0.6662 -0.3948
vn 0.5901 0.6663 -0.4560
vn 0.6327 0.6663 -0.3948
vn 0.6327 -0.6662 -0.3948
vn 0.5900 -0.6663 -0.4560
vn -0.7846 -0.1295 0.6063
vn -0.7846 0.1295 0.6063
vn -0.6431 0.6522 0.4013
vn -0.5998 0.6522 0.4636
vn -0.6431 0.6522 0.4014
vn 0.4875 -0.2071 0.8482
vn 0.4874 0.2071 0.8482
vn -0.1133 0.1102 0.9874
vn -0.6431 -0.6522 0.4013
vn 0.6426 0.6579 -0.3928
vn -0.6798 0.6522 0.3354
vn 0.3091 -0.9510 0.0024
vn 0.6348 -0.6579 -0.4052
vn -0.6798 -0.6523 0.3354
vn -0.7252 -0.6610 0.1926
vn 0.6348 0.6578 -0.4052
vn -0.0159 0.6814 -0.7317
vn -0.0159 0.6815 -0.7317
vn -0.4765 0.6885 -0.5468
vn -0.4766 0.6885 -0.5467
vn -0.8731 0.4674 -0.1391
vn -0.4766 -0.6885 -0.5467
vn -0.8730 -0.4674 -0.1391
vn -0.8731 -0.4674 -0.1391
vn -0.4765 -0.6885 -0.5467
vn 0.2827 -0.6886 0.6678
vn 0.2828 -0.6885 0.6678
vn 0.6509 -0.6814 0.3348
vn 0.6509 -0.6813 0.3348
vn 0.6509 0.6814 0.3348
vn 0.5233 -0.4585 -0.7183
vn -0.0159 -0.6814 -0.7318
vn -0.0158 -0.6814 -0.7317
vn 0.2828 0.6885 0.6678
vn -0.2577 0.4674 0.8456
vn 0.2827 0.6886 0.6678
vn -0.1481 0.9778 0.1481
vn 0.1794 0.9673 0.1794
vn -0.0000 0.1693 0.9856
vn -0.0000 -0.1693 0.9856
vn 0.1794 -0.1794 0.9673
vn 0.1794 0.1794 0.9673
vn -0.9856 -0.1693 -0.0000
vn -0.9856 0.1693 -0.0000
vn -0.9808 0.1951 -0.0000
vn -0.9808 -0.1951 -0.0000
vn 0.1794 -0.9673 0.1794
vn -0.1481 -0.9778 0.1481
vn 0.9808 -0.1951 -0.0000
vn 0.9808 0.1951 -0.0000
vn 0.9673 0.1794 0.1794
vn 0.9673 -0.1794 0.1794
vn 0.6965 0.6965 0.1726
vn 0.5773 0.5774 0.5773
vn 0.6965 0.1725 0.6965
vn 0.1726 0.6965 0.6965
vn 0.5773 0.5774 0.5774
vn 0.6965 0.6965 0.1725
vn 0.6965 0.1726 0.6965
vn 0.5774 0.5773 0.5774
vn 0.1725 0.6965 0.6965
vn 0.6965 -0.1726 0.6965
vn 0.5774 -0.5773 0.5774
vn 0.6965 -0.6965 0.1725
vn 0.1726 -0.6965 0.6965
vn 0.5773 -0.5774 0.5774
vn 0.6965 -0.1725 0.6965
vn 0.6965 -0.6965 0.1726
vn 0.5774 -0.5774 0.5773
vn 0.1725 -0.6965 0.6965
vn 0.7071 0.7071 -0.0000
vn 0.7071 -0.7071 -0.0000
vn -0.4974 0.7107 0.4975
vn -0.7071 0.7071 -0.0000
vn -0.4975 0.7106 0.4975
vn -0.7071 -0.7071 -0.0000
vn -0.4974 -0.7106 0.4975
vn -0.4975 -0.7106 0.4975
vn -0.4975 0.7106 0.4974
vn -0.4975 -0.7107 0.4974
vn 0.5774 0.5774 0.5773
vn -0.7071 -0.7071 -0.0001
vn -0.7071 0.7071 0.0001
vn -0.4975 -0.7107 0.4975
vn 0.1481 -0.9778 0.1481
vn -0.1794 -0.9673 0.1794
vn -0.1794 0.1794 0.9673
vn -0.1794 -0.1794 0.9673
vn 0.9856 0.1693 -0.0000
vn 0.9856 -0.1693 -0.0000
vn -0.1794 0.9673 0.1794
vn 0.1481 0.9778 0.1481
vn -0.9673 -0.1794 0.1794
vn -0.9673 0.1794 0.1794
vn -0.6965 -0.6965 0.1726
vn -0.5774 -0.5774 0.5773
vn -0.6965 -0.1725 0.6965
vn -0.1726 -0.6965 0.6965
vn -0.5773 -0.5774 0.5774
vn -0.6965 -0.6965 0.1725
vn -0.6965 -0.1726 0.6965
vn -0.5774 -0.5773 0.5774
vn -0.1725 -0.6965 0.6965
vn -0.6965 0.1726 0.6965
vn -0.5774 0.5773 0.5774
vn -0.6965 0.6965 0.1725
vn -0.1726 0.6965 0.6965
vn -0.5773 0.5774 0.5774
vn -0.6965 0.1725 0.6965
vn -0.6965 0.6965 0.1726
vn -0.5774 0.5774 0.5773
vn -0.1725 0.6965 0.6965
vn 0.4974 -0.7107 0.4975
vn 0.4975 -0.7106 0.4975
vn 0.4974 0.7106 0.4975
vn 0.4975 0.7106 0.4975
vn 0.4975 -0.7106 0.4974
vn 0.4975 0.7107 0.4974
vn -0.7071 -0.7071 0.0002
vn 0.4975 0.7107 0.4975
vn -0.7436 -0.6560 -0.1293
vn -0.7233 -0.6630 -0.1930
vn -0.1826 -0.9820 -0.0488
vn -0.2848 -0.9508 0.1217
vn 0.2001 -0.9797 0.0136
vn 0.2256 -0.9533 -0.2006
vn 0.7475 -0.6578 -0.0919
vn 0.7587 -0.6493 0.0518
vn -0.1888 0.9819 -0.0125
vn -0.1866 0.9820 -0.0307
vn 0.1981 0.9796 0.0326
vn 0.2001 0.9797 0.0136
vn -0.1826 0.9820 -0.0488
vn 0.1939 0.9796 0.0517
vn -0.2150 0.2044 -0.9550
vn -0.2150 -0.2044 -0.9550
vn -0.7371 -0.1067 -0.6673
vn -0.7370 0.1067 -0.6674
vn -0.9584 -0.1264 -0.2558
vn -0.9584 0.1264 -0.2558
vn -0.9788 0.1264 -0.1610
vn -0.9788 -0.1264 -0.1610
vn -0.2847 0.9509 0.1217
vn 0.1399 0.9549 0.2618
vn 0.9789 -0.1253 0.1611
vn 0.9898 -0.1253 0.0675
vn 0.9898 0.1253 0.0675
vn 0.9789 0.1253 0.1611
vn -0.9898 0.1263 -0.0655
vn -0.9898 -0.1263 -0.0655
vn -0.2221 0.9524 -0.2086
vn 0.2257 0.9533 -0.2006
vn -0.1240 0.2073 0.9704
vn -0.1239 -0.2073 0.9704
vn 0.4879 0.1091 0.8661
vn -0.7442 0.6571 -0.1198
vn -0.7472 0.6627 -0.0495
vn 0.7588 0.6493 0.0517
vn -0.1888 -0.9819 -0.0125
vn -0.2221 -0.9524 -0.2086
vn 0.7559 0.1076 -0.6458
vn 0.2331 -0.2054 -0.9505
vn 0.2332 0.2054 -0.9505
vn 0.1981 -0.9796 0.0326
vn 0.1939 -0.9796 0.0517
vn -0.1866 -0.9820 -0.0307
vn 0.1400 -0.9549 0.2619
vn -0.7388 0.6629 -0.1216
vn -0.7233 0.6630 -0.1931
vn 0.9585 -0.1253 0.2559
vn 0.9585 0.1253 0.2559
vn 0.7506 -0.6491 0.1236
vn 0.7349 -0.6491 0.1962
vn 0.7350 -0.6491 0.1962
vn 0.7506 -0.6491 0.1235
vn -0.7472 -0.6627 -0.0495
vn -0.9204 0.1054 0.3766
vn -0.9204 -0.1054 0.3766
vn -0.5429 -0.2025 0.8150
vn -0.5428 0.2024 0.8151
vn 0.7507 0.6490 0.1235
vn 0.7506 0.6491 0.1236
vn 0.7587 0.6494 0.0517
vn 0.6744 -0.6594 0.3322
vn -0.7388 -0.6629 -0.1216
vn -0.7233 -0.6630 -0.1931
vn -0.7388 -0.6629 -0.1215
vn 0.7587 -0.6493 0.0517
vn -0.7472 -0.6627 -0.0494
vn -0.7442 -0.6571 -0.1198
vn 0.7350 0.6491 0.1962
vn 0.6744 0.6593 0.3322
vn 0.7475 0.6578 -0.0918
vn -0.8678 -0.4575 0.1940
vn -0.4722 -0.6811 0.5597
vn -0.4721 -0.6811 0.5596
vn -0.7506 0.4611 -0.4733
vn -0.2419 0.6841 -0.6881
vn -0.4722 0.6810 0.5597
vn -0.4721 0.6811 0.5596
vn 0.7641 -0.4632 -0.4489
vn 0.2556 -0.6858 -0.6814
vn 0.2557 -0.6858 -0.6814
vn -0.0041 -0.6888 0.7249
vn 0.2557 0.6858 -0.6814
vn 0.7641 0.4632 -0.4489
vn 0.2556 0.6858 -0.6814
vn -0.0041 0.6888 0.7249
vn -0.0041 0.6889 0.7249
vn -0.2419 -0.6841 -0.6881
vn 0.7436 0.6560 -0.1293
vn 0.7233 0.6630 -0.1930
vn 0.1826 0.9820 -0.0488
vn 0.2848 0.9508 0.1217
vn -0.2001 0.9797 0.0136
vn -0.2257 0.9533 -0.2006
vn -0.7475 0.6578 -0.0919
vn -0.7587 0.6493 0.0518
vn 0.1888 -0.9819 -0.0125
vn 0.1866 -0.9820 -0.0307
vn -0.1981 -0.9796 0.0326
vn -0.2001 -0.9797 0.0136
vn 0.1826 -0.9820 -0.0488
vn -0.1939 -0.9796 0.0517
vn 0.2150 -0.2044 -0.9550
vn 0.2150 0.2044 -0.9550
vn 0.7371 0.1067 -0.6673
vn 0.7371 -0.1067 -0.6674
vn 0.9584 0.1264 -0.2558
vn 0.9584 -0.1264 -0.2558
vn 0.9788 -0.1264 -0.1610
vn 0.9788 0.1264 -0.1610
vn 0.2847 -0.9509 0.1217
vn -0.1399 -0.9549 0.2618
vn -0.9789 0.1253 0.1611
vn -0.9898 0.1253 0.0675
vn -0.9898 -0.1253 0.0675
vn -0.9789 -0.1253 0.1611
vn 0.9898 -0.1263 -0.0655
vn 0.9898 0.1263 -0.0655
vn 0.2221 -0.9524 -0.2086
vn -0.2257 -0.9533 -0.2006
vn 0.1240 -0.2073 0.9704
vn 0.1239 0.2073 0.9704
vn -0.4879 -0.1091 0.8661
vn 0.7442 -0.6571 -0.1198
vn 0.7472 -0.6627 -0.0495
vn -0.7588 -0.6493 0.0517
vn 0.1888 0.9819 -0.0125
vn 0.2221 0.9524 -0.2086
vn -0.2331 0.2054 -0.9505
vn -0.2332 -0.2054 -0.9505
vn -0.1981 0.9796 0.0326
vn -0.1939 0.9796 0.0517
vn 0.1866 0.9820 -0.0307
vn -0.1400 0.9549 0.2619
vn 0.7388 -0.6629 -0.1216
vn 0.7233 -0.6630 -0.1931
vn -0.9585 0.1253 0.2559
vn -0.9585 -0.1253 0.2559
vn -0.7506 0.6491 0.1236
vn -0.7349 0.6491 0.1962
vn -0.7350 0.6491 0.1962
vn -0.7506 0.6491 0.1235
vn 0.7472 0.6627 -0.0495
vn 0.9204 -0.1054 0.3766
vn 0.9204 0.1054 0.3766
vn 0.5429 0.2025 0.8150
vn 0.5428 -0.2024 0.8151
vn -0.7507 -0.6490 0.1235
vn -0.7506 -0.6491 0.1236
vn -0.7587 -0.6494 0.0517
vn -0.6744 0.6594 0.3322
vn 0.7388 0.6629 -0.1216
vn 0.7233 0.6630 -0.1931
vn 0.7388 0.6629 -0.1215
vn -0.7587 0.6493 0.0517
vn 0.7472 0.6627 -0.0494
vn 0.7442 0.6571 -0.1198
vn -0.7350 -0.6491 0.1962
vn -0.6744 -0.6593 0.3322
vn -0.7475 -0.6578 -0.0918
vn 0.8678 0.4575 0.1940
vn 0.4721 0.6811 0.5597
vn 0.4721 0.6811 0.5596
vn 0.7506 -0.4611 -0.4733
vn 0.2419 -0.6841 -0.6881
vn 0.4722 -0.6810 0.5597
vn 0.8678 -0.4575 0.1940
vn 0.4721 -0.6811 0.5596
vn -0.7641 0.4632 -0.4489
vn -0.2556 0.6858 -0.6814
vn -0.2557 0.6858 -0.6814
vn 0.0041 0.6888 0.7249
vn -0.2557 -0.6858 -0.6814
vn -0.7641 -0.4632 -0.4489
vn -0.2556 -0.6858 -0.6814
vn 0.0041 -0.6888 0.7249
vn 0.0041 -0.6889 0.7249
vn 0.2419 0.6841 -0.6881
vn 0.9620 -0.1917 0.1947
vn 0.9622 -0.1914 -0.1938
vn 0.9622 0.1914 -0.1938
vn 0.9620 0.1917 0.1947
vn -0.9624 -0.1911 0.1930
vn -0.9624 0.1911 0.1930
vn -0.9622 0.1914 -0.1938
vn -0.9622 -0.1914 -0.1938
vn 0.6921 0.6935 0.2002
vn 0.6929 0.6929 -0.1994
vn 0.1914 0.9622 -0.1938
vn 0.1899 0.9625 0.1940
vn -0.3691 0.0734 -0.9265
vn -0.3691 -0.0734 -0.9265
vn -0.7110 -0.1414 -0.6889
vn -0.7110 0.1414 -0.6889
vn -0.6937 0.6923 0.1987
vn -0.6929 0.6929 -0.1995
vn 0.1899 -0.9625 0.1940
vn 0.1914 -0.9622 -0.1938
vn 0.6929 -0.6929 -0.1994
vn 0.6921 -0.6935 0.2002
vn -0.1929 -0.9619 0.1937
vn -0.1914 -0.9622 -0.1938
vn -0.1914 0.9622 -0.1938
vn -0.1929 0.9619 0.1937
vn -0.6929 0.6929 -0.1994
vn -0.6937 0.6924 0.1987
vn -0.6929 -0.6929 -0.1994
vn -0.6937 -0.6923 0.1987
vn -0.6929 -0.6929 -0.1995
vn -0.1672 -0.1587 0.9731
vn -0.2184 -0.0418 0.9750
vn -0.7141 -0.1409 0.6857
vn -0.5208 -0.5159 0.6801
vn -0.5209 -0.5160 0.6801
vn -0.0505 -0.2104 0.9763
vn -0.1469 -0.7104 0.6882
vn -0.1469 -0.7105 0.6882
vn -0.5208 -0.5160 0.6801
vn -0.1672 0.1588 0.9731
vn -0.0504 0.2104 0.9763
vn -0.1469 0.7104 0.6882
vn -0.5208 0.5160 0.6801
vn -0.1470 0.7105 0.6882
vn -0.2186 0.0418 0.9749
vn -0.7141 0.1409 0.6858
vn -0.7141 0.1409 0.6857
vn 0.1507 0.1592 0.9757
vn 0.2025 0.0420 0.9784
vn 0.7078 0.1419 0.6920
vn 0.5129 0.5177 0.6848
vn 0.0333 0.2106 0.9770
vn 0.1359 0.7114 0.6895
vn 0.1359 0.7115 0.6894
vn 0.5129 0.5178 0.6847
vn 0.1508 -0.1592 0.9757
vn 0.0333 -0.2106 0.9770
vn 0.1359 -0.7114 0.6895
vn 0.5129 -0.5178 0.6847
vn 0.1359 -0.7115 0.6894
vn 0.2024 -0.0420 0.9784
vn 0.7078 -0.1419 0.6920
vn -0.2528 -0.2527 -0.9340
vn -0.5169 -0.5168 -0.6824
vn -0.2527 -0.2528 -0.9340
vn -0.0734 -0.3691 -0.9265
vn -0.1414 -0.7110 -0.6889
vn -0.5168 -0.5169 -0.6824
vn -0.0734 0.3691 -0.9265
vn -0.2527 0.2528 -0.9339
vn -0.5169 0.5169 -0.6824
vn -0.1414 0.7110 -0.6889
vn -0.2527 0.2527 -0.9340
vn -0.5169 0.5168 -0.6824
vn 0.3692 0.0734 -0.9265
vn 0.2527 0.2527 -0.9339
vn 0.5169 0.5169 -0.6824
vn 0.7110 0.1414 -0.6889
vn 0.2527 0.2528 -0.9339
vn 0.0734 0.3692 -0.9265
vn 0.1414 0.7110 -0.6889
vn 0.0734 -0.3692 -0.9265
vn 0.2527 -0.2528 -0.9339
vn 0.5169 -0.5169 -0.6824
vn 0.1414 -0.7110 -0.6889
vn 0.2528 -0.2527 -0.9339
vn 0.3692 -0.0734 -0.9265
vn 0.7110 -0.1414 -0.6889
vn 0.5169 -0.5168 -0.6824
vn -0.9620 0.1917 0.1947
vn -0.9620 -0.1917 0.1947
vn 0.9624 0.1911 0.1930
vn 0.9624 -0.1911 0.1930
vn -0.6921 -0.6935 0.2002
vn -0.1899 -0.9625 0.1940
vn 0.3691 -0.0734 -0.9265
vn 0.3691 0.0734 -0.9265
vn 0.6937 -0.6923 0.1987
vn 0.6929 -0.6929 -0.1995
vn -0.1899 0.9625 0.1940
vn -0.6921 0.6935 0.2002
vn 0.1929 0.9619 0.1937
vn 0.1929 -0.9619 0.1937
vn 0.6937 -0.6924 0.1987
vn 0.6937 0.6923 0.1987
vn 0.6929 0.6929 -0.1995
vn 0.1672 0.1587 0.9731
vn 0.2185 0.0418 0.9750
vn 0.7141 0.1409 0.6857
vn 0.5208 0.5160 0.6801
vn 0.0505 0.2104 0.9763
vn 0.1469 0.7104 0.6882
vn 0.1469 0.7105 0.6882
vn 0.1672 -0.1588 0.9731
vn 0.0504 -0.2104 0.9763
vn 0.1469 -0.7104 0.6882
vn 0.5208 -0.5160 0.6801
vn 0.1470 -0.7105 0.6882
vn 0.2186 -0.0418 0.9749
vn 0.7141 -0.1409 0.6858
vn 0.7141 -0.1409 0.6857
vn -0.1507 -0.1592 0.9757
vn -0.2025 -0.0420 0.9784
vn -0.7078 -0.1419 0.6920
vn -0.5129 -0.5177 0.6848
vn -0.0333 -0.2106 0.9770
vn -0.1359 -0.7114 0.6895
vn -0.1359 -0.7115 0.6894
vn -0.5129 -0.5178 0.6847
vn -0.1508 0.1592 0.9757
vn -0.0333 0.2106 0.9770
vn -0.1359 0.7114 0.6895
vn -0.5129 0.5178 0.6847
vn -0.1359 0.7115 0.6895
vn -0.2024 0.0420 0.9784
vn -0.7078 0.1419 0.6920
vn 0.2528 0.2527 -0.9340
vn 0.0734 0.3691 -0.9265
vn 0.5168 0.5169 -0.6824
vn 0.0734 -0.3691 -0.9265
vn 0.2527 -0.2527 -0.9339
vn -0.3692 -0.0734 -0.9265
vn -0.2527 -0.2527 -0.9340
vn -0.5169 -0.5169 -0.6824
vn -0.2527 -0.2528 -0.9339
vn -0.0734 -0.3692 -0.9265
vn -0.0734 0.3692 -0.9265
vn -0.2528 0.2527 -0.9339
vn -0.3692 0.0734 -0.9265
vn 0.0253 -0.9864 -0.1625
vn 0.1794 -0.9673 -0.1794
vn 0.0253 0.9864 -0.1625
vn 0.1794 0.9673 -0.1794
vn 0.1720 0.3910 -0.9042
vn 0.6416 0.4204 -0.6416
vn 0.3560 0.8640 -0.3560
vn 0.1173 0.7441 -0.6577
vn 0.9039 0.3914 -0.1723
vn 0.6577 0.7441 -0.1173
vn 0.0456 0.9953 -0.0853
vn 0.6965 0.6965 -0.1726
vn 0.9673 0.1794 -0.1794
vn 0.6965 0.6965 -0.1725
vn 0.9673 -0.1794 -0.1794
vn 0.6965 -0.6965 -0.1726
vn 0.6965 -0.6965 -0.1725
vn 0.3560 -0.8640 -0.3560
vn 0.0456 -0.9953 -0.0853
vn 0.6577 -0.7441 -0.1173
vn 0.9042 -0.3910 -0.1720
vn 0.6416 -0.4204 -0.6416
vn 0.1722 -0.3914 -0.9040
vn 0.1173 -0.7441 -0.6577
vn 0.9239 0.3827 -0.0000
vn 0.9239 -0.3827 -0.0000
vn -0.0253 0.9864 -0.1625
vn -0.1794 0.9673 -0.1794
vn -0.0253 -0.9864 -0.1625
vn -0.1794 -0.9673 -0.1794
vn -0.1720 -0.3910 -0.9042
vn -0.6416 -0.4204 -0.6416
vn -0.3560 -0.8640 -0.3560
vn -0.1173 -0.7441 -0.6577
vn -0.9040 -0.3914 -0.1722
vn -0.6577 -0.7441 -0.1173
vn -0.0456 -0.9953 -0.0853
vn -0.6965 -0.6965 -0.1725
vn -0.9673 -0.1794 -0.1794
vn -0.9673 0.1794 -0.1794
vn -0.6965 0.6965 -0.1726
vn -0.6965 0.6965 -0.1725
vn -0.3560 0.8640 -0.3560
vn -0.0456 0.9953 -0.0853
vn -0.6577 0.7441 -0.1173
vn -0.9040 0.3914 -0.1722
vn -0.6416 0.4204 -0.6416
vn -0.1722 0.3914 -0.9040
vn -0.1173 0.7441 -0.6577
vn -0.9239 -0.3827 -0.0000
vn -0.9239 0.3827 -0.0000
vt 0.185607 0.378739
vt 0.187178 0.382574
vt 0.191938 0.378047
vt 0.190973 0.384258
vt 0.391385 0.484260
vt 0.385156 0.485067
vt 0.386823 0.488945
vt 0.390708 0.490577
vt 0.385155 0.401771
vt 0.391389 0.402579
vt 0.386823 0.397891
vt 0.390711 0.396256
vt 0.353115 0.297282
vt 0.359443 0.296570
vt 0.357860 0.292740
vt 0.354059 0.291069
vt 0.359560 0.378739
vt 0.353229 0.378047
vt 0.357988 0.382575
vt 0.354193 0.384258
vt 0.192052 0.297281
vt 0.191107 0.291069
vt 0.187307 0.292740
vt 0.632470 0.484260
vt 0.633147 0.490577
vt 0.637032 0.488944
vt 0.638699 0.485067
vt 0.185724 0.296570
vt 0.638700 0.401771
vt 0.637032 0.397891
vt 0.632466 0.402579
vt 0.633144 0.396256
vt 0.582175 0.012683
vt 0.589042 0.013119
vt 0.584029 0.008250
vt 0.588449 0.006339
vt 0.661228 0.013263
vt 0.668149 0.012867
vt 0.666305 0.008408
vt 0.661879 0.006475
vt 0.808563 0.854239
vt 0.809026 0.847476
vt 0.804090 0.852343
vt 0.802194 0.847880
vt 0.809042 0.728954
vt 0.808595 0.722179
vt 0.804099 0.724070
vt 0.802182 0.728545
vt 0.868760 0.847616
vt 0.869208 0.854342
vt 0.873668 0.852469
vt 0.875571 0.848026
vt 0.869426 0.722281
vt 0.868953 0.729015
vt 0.873897 0.724174
vt 0.875794 0.728640
vt 0.588920 0.072780
vt 0.582028 0.073172
vt 0.583868 0.077622
vt 0.588281 0.079550
vt 0.667990 0.073447
vt 0.661094 0.073006
vt 0.666130 0.077888
vt 0.661698 0.079802
vt 0.854586 0.144053
vt 0.855298 0.150453
vt 0.859175 0.148845
vt 0.860857 0.144996
vt 0.734804 0.160208
vt 0.741026 0.160987
vt 0.736447 0.156329
vt 0.740319 0.154677
vt 0.740847 0.242269
vt 0.734577 0.243029
vt 0.736224 0.246942
vt 0.740119 0.248612
vt 0.854662 0.242363
vt 0.855367 0.248685
vt 0.859246 0.247031
vt 0.860893 0.243145
vt 0.767191 0.068687
vt 0.773451 0.069618
vt 0.768867 0.064849
vt 0.772728 0.063245
vt 0.855462 0.063245
vt 0.854724 0.069671
vt 0.859357 0.064870
vt 0.861040 0.068748
vt 0.772641 0.150311
vt 0.773384 0.143935
vt 0.768776 0.148695
vt 0.767105 0.144844
vt 0.854849 0.161006
vt 0.861123 0.160245
vt 0.859474 0.156328
vt 0.855575 0.154656
vt 0.196993 0.081070
vt 0.190112 0.080613
vt 0.195123 0.085491
vt 0.190703 0.087383
vt 0.108897 0.020296
vt 0.115700 0.020725
vt 0.110744 0.015858
vt 0.115154 0.013942
vt 0.190467 0.020873
vt 0.197408 0.020491
vt 0.195570 0.016010
vt 0.191128 0.014056
vt 0.295856 0.256892
vt 0.296332 0.250117
vt 0.291412 0.255003
vt 0.289528 0.250560
vt 0.296391 0.134723
vt 0.295944 0.127953
vt 0.291450 0.129843
vt 0.289535 0.134317
vt 0.356068 0.250324
vt 0.356503 0.257148
vt 0.360991 0.255268
vt 0.362906 0.250801
vt 0.356752 0.128038
vt 0.356282 0.134769
vt 0.361222 0.129929
vt 0.363120 0.134392
vt 0.115640 0.080361
vt 0.108813 0.080762
vt 0.110655 0.085211
vt 0.115062 0.087136
vt 0.515461 0.612687
vt 0.515326 0.618031
vt 0.519527 0.618645
vt 0.428337 0.715798
vt 0.429172 0.710629
vt 0.425037 0.709956
vt 0.488630 0.165738
vt 0.494040 0.166296
vt 0.494320 0.161882
vt 0.532625 0.995753
vt 0.533180 0.990442
vt 0.528912 0.990178
vt 0.594797 0.248794
vt 0.589206 0.248269
vt 0.588951 0.252780
vt 0.004232 0.698766
vt 0.009502 0.699123
vt 0.010040 0.694927
vt 0.514491 0.713684
vt 0.452501 0.706435
vt 0.452505 0.713573
vt 0.452572 0.720726
vt 0.098484 0.721105
vt 0.105732 0.783083
vt 0.105622 0.721105
vt 0.112774 0.721172
vt 0.010076 0.783918
vt 0.004729 0.784052
vt 0.010690 0.788120
vt 0.494371 0.248462
vt 0.488810 0.249072
vt 0.494689 0.252923
vt 0.430535 0.617449
vt 0.430196 0.612133
vt 0.426334 0.617978
vt 0.611596 0.990846
vt 0.612096 0.996000
vt 0.615791 0.990621
vt 0.588147 0.166160
vt 0.593520 0.165522
vt 0.587810 0.161801
vt 0.102679 0.697788
vt 0.107791 0.696964
vt 0.102004 0.693647
vt 0.170896 0.497097
vt 0.148549 0.500543
vt 0.157458 0.587649
vt 0.188620 0.582848
vt 0.294669 0.337751
vt 0.294770 0.381030
vt 0.316965 0.380877
vt 0.316719 0.337722
vt 0.511928 0.443423
vt 0.479830 0.443412
vt 0.479804 0.484201
vt 0.511928 0.484232
vt 0.415648 0.484202
vt 0.415649 0.490554
vt 0.039137 0.483921
vt 0.042998 0.485405
vt 0.046126 0.482031
vt 0.042193 0.480133
vt 0.544051 0.484200
vt 0.544025 0.443412
vt 0.447738 0.443416
vt 0.447717 0.484195
vt 0.206216 0.294818
vt 0.206126 0.290588
vt 0.415621 0.443422
vt 0.206489 0.337687
vt 0.189996 0.337663
vt 0.206103 0.380554
vt 0.208949 0.485405
vt 0.192793 0.491397
vt 0.219141 0.574905
vt 0.243622 0.565760
vt 0.339063 0.380554
vt 0.338677 0.337688
vt 0.228447 0.337721
vt 0.228201 0.380876
vt 0.205821 0.482031
vt 0.191522 0.487317
vt 0.511928 0.402622
vt 0.544008 0.402612
vt 0.447774 0.402617
vt 0.415690 0.402651
vt 0.272583 0.337766
vt 0.272583 0.381112
vt 0.576138 0.484195
vt 0.576141 0.490546
vt 0.608206 0.490554
vt 0.608207 0.484202
vt 0.250497 0.337751
vt 0.250396 0.381030
vt 0.316900 0.294603
vt 0.338950 0.294819
vt 0.272583 0.294530
vt 0.272583 0.290287
vt 0.250419 0.290272
vt 0.250425 0.294549
vt 0.272583 0.385362
vt 0.250374 0.385314
vt 0.009310 0.085991
vt 0.008151 0.127657
vt 0.012345 0.127683
vt 0.013584 0.084618
vt 0.430381 0.505478
vt 0.404445 0.588778
vt 0.434923 0.596847
vt 0.452416 0.510930
vt 0.294741 0.294549
vt 0.511928 0.396283
vt 0.544008 0.396242
vt 0.576084 0.396282
vt 0.576081 0.402617
vt 0.608165 0.402651
vt 0.608163 0.396274
vt 0.380040 0.579033
vt 0.414100 0.500077
vt 0.544059 0.490560
vt 0.529043 0.601637
vt 0.529475 0.605882
vt 0.561060 0.601030
vt 0.560189 0.596847
vt 0.004000 0.568963
vt 0.008090 0.570233
vt 0.008325 0.565760
vt 0.004442 0.564339
vt 0.379630 0.583501
vt 0.403094 0.592859
vt 0.479847 0.402612
vt 0.474872 0.514285
vt 0.466069 0.601637
vt 0.497556 0.603219
vt 0.497556 0.515423
vt 0.100356 0.128247
vt 0.099215 0.171929
vt 0.103651 0.170577
vt 0.104769 0.128275
vt 0.339041 0.290588
vt 0.316931 0.290352
vt 0.453248 0.506729
vt 0.431571 0.501367
vt 0.294748 0.290272
vt 0.475296 0.510026
vt 0.497556 0.511137
vt 0.170033 0.492919
vt 0.148115 0.496298
vt 0.294792 0.385314
vt 0.317017 0.385136
vt 0.125974 0.501693
vt 0.125974 0.497428
vt 0.434053 0.601030
vt 0.447771 0.396281
vt 0.415692 0.396274
vt 0.465637 0.605882
vt 0.479847 0.396242
vt 0.497556 0.607493
vt 0.391636 0.443421
vt 0.384855 0.443421
vt 0.447715 0.490547
vt 0.479796 0.490560
vt 0.157892 0.591894
vt 0.189484 0.587026
vt 0.511928 0.490613
vt 0.125974 0.593522
vt 0.125974 0.589257
vt 0.220425 0.578974
vt 0.008776 0.169333
vt 0.013033 0.170761
vt 0.359491 0.337657
vt 0.355171 0.337663
vt 0.099774 0.084554
vt 0.104193 0.085962
vt 0.417084 0.496534
vt 0.339171 0.384790
vt 0.228149 0.385135
vt 0.590667 0.588778
vt 0.592018 0.592859
vt 0.615483 0.583501
vt 0.615072 0.579033
vt 0.081051 0.497097
vt 0.081914 0.492919
vt 0.060425 0.487317
vt 0.059154 0.491397
vt 0.418115 0.083279
vt 0.418143 0.078865
vt 0.375830 0.079441
vt 0.374422 0.083860
vt 0.228267 0.294603
vt 0.520240 0.514285
vt 0.519816 0.510026
vt 0.103832 0.496298
vt 0.103398 0.500543
vt 0.063327 0.582848
vt 0.094489 0.587649
vt 0.228235 0.290352
vt 0.417552 0.171289
vt 0.460629 0.170601
vt 0.461797 0.084420
vt 0.459202 0.174858
vt 0.417525 0.175483
vt 0.371566 0.078990
vt 0.370326 0.083592
vt 0.243857 0.570233
vt 0.542697 0.510930
vt 0.541864 0.506729
vt 0.032806 0.574905
vt 0.013479 0.080458
vt 0.009001 0.081696
vt 0.247947 0.568963
vt 0.247505 0.564339
vt 0.008412 0.173625
vt 0.012875 0.174919
vt 0.376143 0.577764
vt 0.375515 0.582334
vt 0.099430 0.176027
vt 0.104048 0.174847
vt 0.413203 0.494684
vt 0.410272 0.498455
vt 0.104644 0.081697
vt 0.100042 0.080458
vt 0.212810 0.483921
vt 0.209754 0.480133
vt 0.463493 0.175222
vt 0.464788 0.170759
vt 0.576117 0.443416
vt 0.608234 0.443422
vt 0.374486 0.170050
vt 0.185676 0.337656
vt 0.564732 0.505478
vt 0.563541 0.501367
vt 0.639000 0.443421
vt 0.632219 0.443421
vt 0.370326 0.170155
vt 0.581013 0.500077
vt 0.460445 0.079983
vt 0.094056 0.591894
vt 0.205996 0.384789
vt 0.371564 0.174633
vt 0.375859 0.174324
vt 0.618969 0.577765
vt 0.619597 0.582334
vt 0.062463 0.587026
vt 0.031522 0.578974
vt 0.465895 0.084204
vt 0.578029 0.496534
vt 0.581910 0.494684
vt 0.584841 0.498455
vt 0.464715 0.079587
vt 0.769120 0.556000
vt 0.745993 0.556000
vt 0.745993 0.996000
vt 0.769120 0.996000
vt 0.624576 0.556000
vt 0.624576 0.996000
vt 0.638220 0.995869
vt 0.638220 0.556000
vt 0.741484 0.556000
vt 0.718357 0.556000
vt 0.718357 0.996000
vt 0.741484 0.996000
vt 0.685471 0.556000
vt 0.671826 0.556000
vt 0.671826 0.995869
vt 0.685471 0.996000
vt 0.776901 0.556000
vt 0.776901 0.996000
vt 0.797522 0.996000
vt 0.797522 0.556000
vt 0.689954 0.996000
vt 0.710576 0.996000
vt 0.710576 0.556000
vt 0.689954 0.556000
vt 0.646001 0.995820
vt 0.646001 0.556000
vt 0.642111 0.556000
vt 0.642111 0.995835
vt 0.664045 0.556000
vt 0.664045 0.995820
vt 0.667936 0.995835
vt 0.667936 0.556000
vt 0.714466 0.556000
vt 0.714466 0.996000
vt 0.773010 0.996000
vt 0.773010 0.556000
vt 0.357212 0.472954
vt 0.253060 0.472953
vt 0.253060 0.495677
vt 0.376538 0.495676
vt 0.253060 0.435509
vt 0.357226 0.435508
vt 0.375531 0.413987
vt 0.253060 0.413986
vt 0.253060 0.466265
vt 0.354009 0.466266
vt 0.354009 0.442226
vt 0.253060 0.442226
vt 0.397010 0.597646
vt 0.004000 0.597646
vt 0.004000 0.684968
vt 0.397010 0.684968
vt 0.408188 0.818093
vt 0.004000 0.818096
vt 0.004000 0.841793
vt 0.432356 0.841794
vt 0.401952 0.797072
vt 0.004000 0.797073
vt 0.004000 0.808686
vt 0.401952 0.808684
vt 0.379698 0.502274
vt 0.253060 0.502274
vt 0.253061 0.537380
vt 0.379698 0.537380
vt 0.004000 0.890478
vt 0.004000 0.912909
vt 0.414127 0.912910
vt 0.433787 0.890476
vt 0.437002 0.848803
vt 0.004000 0.848804
vt 0.004000 0.883910
vt 0.437002 0.883909
vt 0.410868 0.919566
vt 0.004000 0.919567
vt 0.004000 0.943606
vt 0.410868 0.943606
vt 0.345325 0.589739
vt 0.253061 0.589740
vt 0.253061 0.593522
vt 0.343877 0.593521
vt 0.400792 0.688462
vt 0.400792 0.597646
vt 0.414142 0.950292
vt 0.004000 0.950293
vt 0.004000 0.971539
vt 0.432763 0.971540
vt 0.004000 0.688750
vt 0.400504 0.688750
vt 0.400504 0.793289
vt 0.004000 0.793291
vt 0.253061 0.540907
vt 0.378364 0.540907
vt 0.253061 0.544457
vt 0.375141 0.544458
vt 0.253061 0.568628
vt 0.351441 0.568626
vt 0.004000 0.845286
vt 0.435641 0.845286
vt 0.253060 0.498981
vt 0.378772 0.498980
vt 0.004000 0.887199
vt 0.436060 0.887198
vt 0.253060 0.469604
vt 0.354947 0.469604
vt 0.004000 0.916232
vt 0.411823 0.916232
vt 0.253060 0.438873
vt 0.354951 0.438873
vt 0.004000 0.946955
vt 0.411827 0.946954
vt 0.253061 0.405286
vt 0.379698 0.405287
vt 0.379698 0.389486
vt 0.253061 0.389486
vt 0.253060 0.409629
vt 0.378478 0.409630
vt 0.004000 0.975862
vt 0.435760 0.975863
vt 0.004000 0.980200
vt 0.004000 0.996000
vt 0.437002 0.996000
vt 0.437002 0.980200
vt 0.253061 0.573393
vt 0.347116 0.573392
vt 0.253061 0.578127
vt 0.345325 0.578126
vt 0.004000 0.813406
vt 0.403778 0.813405
vt 1.357212 0.472954
vt 1.376538 0.495676
vt 1.253060 0.495677
vt 1.253060 0.472953
vt 1.253060 0.435509
vt 1.253060 0.413986
vt 1.375531 0.413987
vt 1.357226 0.435508
vt 1.253060 0.466265
vt 1.253060 0.442226
vt 1.354009 0.442226
vt 1.354009 0.466266
vt 1.397010 0.597646
vt 1.397010 0.684968
vt 1.004000 0.684968
vt 1.004000 0.597646
vt 1.408188 0.818093
vt 1.432356 0.841794
vt 1.004000 0.841793
vt 1.004000 0.818096
vt 1.401952 0.797072
vt 1.401952 0.808684
vt 1.004000 0.808686
vt 1.004000 0.797073
vt 1.379698 0.502274
vt 1.379698 0.537380
vt 1.253061 0.537380
vt 1.253060 0.502274
vt 1.004000 0.890478
vt 1.433787 0.890476
vt 1.414127 0.912910
vt 1.004000 0.912909
vt 1.437002 0.848803
vt 1.437002 0.883909
vt 1.004000 0.883910
vt 1.004000 0.848804
vt 1.410868 0.919566
vt 1.410868 0.943606
vt 1.004000 0.943606
vt 1.004000 0.919567
vt 1.345325 0.589739
vt 1.343877 0.593521
vt 1.253061 0.593522
vt 1.253061 0.589740
vt 1.400792 0.688462
vt 1.400792 0.597646
vt 1.414142 0.950292
vt 1.432763 0.971540
vt 1.004000 0.971539
vt 1.004000 0.950293
vt 1.400504 0.688750
vt 1.004000 0.688750
vt 1.400504 0.793289
vt 1.004000 0.793291
vt 1.378363 0.540907
vt 1.253061 0.540907
vt 1.375142 0.544458
vt 1.253061 0.544457
vt 1.253061 0.568628
vt 1.351441 0.568626
vt 1.435641 0.845286
vt 1.004000 0.845286
vt 1.378772 0.498980
vt 1.253060 0.498981
vt 1.436060 0.887198
vt 1.004000 0.887199
vt 1.354947 0.469604
vt 1.253060 0.469604
vt 1.411823 0.916232
vt 1.004000 0.916232
vt 1.354951 0.438873
vt 1.253060 0.438873
vt 1.411827 0.946954
vt 1.004000 0.946955
vt 1.253061 0.405286
vt 1.253061 0.389486
vt 1.379698 0.389486
vt 1.379698 0.405287
vt 1.378478 0.409630
vt 1.253060 0.409629
vt 1.435760 0.975863
vt 1.004000 0.975862
vt 1.004000 0.980200
vt 1.437002 0.980200
vt 1.437002 0.996000
vt 1.004000 0.996000
vt 1.347116 0.573392
vt 1.253061 0.573393
vt 1.345325 0.578126
vt 1.253061 0.578127
vt 1.403778 0.813405
vt 1.004000 0.813406
vt 2.357212 0.472954
vt 2.253060 0.472953
vt 2.253060 0.495677
vt 2.376538 0.495676
vt 2.253060 0.435509
vt 2.357226 0.435508
vt 2.375531 0.413987
vt 2.253060 0.413986
vt 2.253060 0.466265
vt 2.354009 0.466266
vt 2.354009 0.442226
vt 2.253060 0.442226
vt 2.397010 0.597646
vt 2.004000 0.597646
vt 2.004000 0.684968
vt 2.397010 0.684968
vt 2.408188 0.818093
vt 2.004000 0.818096
vt 2.004000 0.841793
vt 2.432356 0.841794
vt 2.401952 0.797072
vt 2.004000 0.797073
vt 2.004000 0.808686
vt 2.401952 0.808684
vt 2.379698 0.502274
vt 2.253060 0.502274
vt 2.253061 0.537380
vt 2.379698 0.537380
vt 2.004000 0.890478
vt 2.004000 0.912909
vt 2.414127 0.912910
vt 2.433787 0.890476
vt 2.437002 0.848803
vt 2.004000 0.848804
vt 2.004000 0.883910
vt 2.437002 0.883909
vt 2.410868 0.919566
vt 2.004000 0.919567
vt 2.004000 0.943606
vt 2.410868 0.943606
vt 2.345325 0.589739
vt 2.253061 0.589740
vt 2.253061 0.593522
vt 2.343877 0.593521
vt 2.400792 0.688462
vt 2.400792 0.597646
vt 2.414142 0.950292
vt 2.004000 0.950293
vt 2.004000 0.971539
vt 2.432763 0.971540
vt 2.004000 0.688750
vt 2.400504 0.688750
vt 2.400504 0.793289
vt 2.004000 0.793291
vt 2.253061 0.540907
vt 2.378364 0.540907
vt 2.253061 0.544457
vt 2.375142 0.544458
vt 2.253061 0.568628
vt 2.351440 0.568626
vt 2.004000 0.845286
vt 2.435641 0.845286
vt 2.253060 0.498981
vt 2.378772 0.498980
vt 2.004000 0.887199
vt 2.436060 0.887198
vt 2.253060 0.469604
vt 2.354947 0.469604
vt 2.004000 0.916232
vt 2.411823 0.916232
vt 2.253060 0.438873
vt 2.354951 0.438873
vt 2.004000 0.946955
vt 2.411827 0.946954
vt 2.253061 0.405286
vt 2.379698 0.405287
vt 2.379698 0.389486
vt 2.253061 0.389486
vt 2.253060 0.409629
vt 2.378478 0.409630
vt 2.004000 0.975862
vt 2.435760 0.975863
vt 2.004000 0.980200
vt 2.004000 0.996000
vt 2.437002 0.996000
vt 2.437002 0.980200
vt 2.253061 0.573393
vt 2.347116 0.573392
vt 2.253061 0.578127
vt 2.345325 0.578126
vt 2.004000 0.813406
vt 2.403778 0.813405
vt 0.692233 0.293707
vt 0.693191 0.316696
vt 0.796932 0.317083
vt 0.795109 0.283972
vt 0.901733 0.514816
vt 0.836937 0.515437
vt 0.838508 0.519881
vt 0.900208 0.519383
vt 0.647280 0.073176
vt 0.647501 0.013000
vt 0.625261 0.012868
vt 0.625012 0.073215
vt 0.808907 0.788253
vt 0.808964 0.822065
vt 0.868823 0.822191
vt 0.868907 0.788359
vt 0.692178 0.339541
vt 0.690223 0.355883
vt 0.790237 0.377005
vt 0.795059 0.350277
vt 0.602977 0.012927
vt 0.602763 0.073062
vt 0.690253 0.276958
vt 0.790408 0.257586
vt 0.671559 0.321858
vt 0.567818 0.322245
vt 0.569691 0.355439
vt 0.672572 0.344703
vt 0.569641 0.289134
vt 0.574342 0.262748
vt 0.569720 0.263305
vt 0.565212 0.288638
vt 0.574513 0.382167
vt 0.674528 0.361045
vt 0.672517 0.298869
vt 0.674497 0.282120
vt 0.899805 0.407528
vt 0.838383 0.408078
vt 0.836882 0.412760
vt 0.901360 0.412090
vt 0.685931 0.279277
vt 0.687716 0.294053
vt 0.624992 0.080045
vt 0.647340 0.080045
vt 0.677044 0.344323
vt 0.676053 0.321839
vt 0.217555 0.096398
vt 0.218183 0.161206
vt 0.222636 0.159635
vt 0.222131 0.097922
vt 0.688697 0.316677
vt 0.625273 0.006036
vt 0.602915 0.006087
vt 0.687706 0.339161
vt 0.647593 0.006151
vt 0.114996 0.096796
vt 0.115678 0.161262
vt 0.110452 0.098352
vt 0.111014 0.159761
vt 0.808942 0.754391
vt 0.868916 0.754474
vt 0.563348 0.322265
vt 0.802031 0.788267
vt 0.802098 0.822095
vt 0.565226 0.355982
vt 0.802031 0.754374
vt 0.875692 0.822228
vt 0.875787 0.788380
vt 0.801402 0.317103
vt 0.799538 0.283476
vt 0.875830 0.754478
vt 0.799524 0.350820
vt 0.795030 0.258143
vt 0.569838 0.381658
vt 0.602671 0.079880
vt 0.677034 0.299215
vt 0.678795 0.358702
vt 0.678819 0.284439
vt 0.794912 0.376496
vt 0.685955 0.353540
vt 0.110510 0.164720
vt 0.115372 0.166018
vt 0.689329 0.272223
vt 0.684765 0.274403
vt 0.906071 0.411719
vt 0.904694 0.406914
vt 0.684765 0.358357
vt 0.689271 0.360590
vt 0.222510 0.092860
vt 0.217700 0.091538
vt 0.574839 0.258069
vt 0.570052 0.258436
vt 0.832126 0.515619
vt 0.833518 0.520342
vt 0.570215 0.386573
vt 0.575047 0.386869
vt 0.218379 0.166018
vt 0.223111 0.164624
vt 0.794698 0.253274
vt 0.789911 0.252908
vt 0.905270 0.519748
vt 0.906592 0.514948
vt 0.789703 0.381707
vt 0.794535 0.381411
vt 0.114637 0.092086
vt 0.109851 0.093462
vt 0.679985 0.279565
vt 0.675421 0.277385
vt 0.833426 0.407560
vt 0.832126 0.412440
vt 0.675479 0.365752
vt 0.679985 0.363519
vt 0.106921 0.184382
vt 0.089088 0.186445
vt 0.097552 0.273522
vt 0.123306 0.269018
vt 0.700490 0.168522
vt 0.726237 0.173028
vt 0.725710 0.168612
vt 0.700973 0.164285
vt 0.065855 0.187401
vt 0.065887 0.275231
vt 0.042791 0.186392
vt 0.034144 0.273471
vt 0.765440 0.242350
vt 0.765538 0.160930
vt 0.765415 0.248729
vt 0.797930 0.160893
vt 0.797820 0.242414
vt 0.008593 0.273312
vt 0.033647 0.277746
vt 0.008085 0.268843
vt 0.854950 0.084302
vt 0.773188 0.084114
vt 0.773072 0.106577
vt 0.855025 0.106817
vt 0.104706 0.180242
vt 0.088747 0.182124
vt 0.894940 0.627489
vt 0.893831 0.713948
vt 0.898219 0.712541
vt 0.899377 0.628998
vt 0.773154 0.129120
vt 0.854887 0.129333
vt 0.766851 0.084038
vt 0.803619 0.628581
vt 0.802444 0.712303
vt 0.806775 0.713830
vt 0.807899 0.627156
vt 0.668792 0.254635
vt 0.668842 0.166800
vt 0.637102 0.168552
vt 0.645727 0.255642
vt 0.611020 0.173177
vt 0.628395 0.257682
vt 0.810333 0.303194
vt 0.896834 0.302443
vt 0.895360 0.298086
vt 0.811772 0.298721
vt 0.709854 0.257653
vt 0.692024 0.255590
vt 0.861205 0.129423
vt 0.861353 0.106835
vt 0.861323 0.084240
vt 0.646071 0.259921
vt 0.668793 0.258936
vt 0.065856 0.183099
vt 0.766748 0.106577
vt 0.766817 0.129193
vt 0.043135 0.182114
vt 0.830195 0.242393
vt 0.830329 0.160931
vt 0.668843 0.162525
vt 0.636605 0.164269
vt 0.830351 0.154543
vt 0.797929 0.154495
vt 0.895633 0.393519
vt 0.897052 0.389242
vt 0.810415 0.390486
vt 0.811948 0.394817
vt 0.797813 0.248790
vt 0.830209 0.248790
vt 0.065885 0.279511
vt 0.691682 0.259911
vt 0.707640 0.261792
vt 0.765515 0.154561
vt 0.025462 0.184351
vt 0.027673 0.180266
vt 0.098035 0.277760
vt 0.122779 0.273434
vt 0.611529 0.168706
vt 0.630607 0.261768
vt 0.894101 0.718055
vt 0.898688 0.716796
vt 0.711878 0.262800
vt 0.713968 0.258442
vt 0.802031 0.716708
vt 0.806607 0.718055
vt 0.730302 0.173447
vt 0.729945 0.168882
vt 0.807780 0.622964
vt 0.803263 0.624246
vt 0.127014 0.273165
vt 0.127372 0.268599
vt 0.004000 0.268389
vt 0.004315 0.273004
vt 0.899959 0.393868
vt 0.901236 0.389361
vt 0.023485 0.179235
vt 0.021372 0.183534
vt 0.900928 0.302132
vt 0.899611 0.297555
vt 0.807448 0.298254
vt 0.806182 0.302917
vt 0.624305 0.258500
vt 0.626418 0.262800
vt 0.899905 0.624678
vt 0.895258 0.623353
vt 0.111035 0.183592
vt 0.108945 0.179235
vt 0.806182 0.390656
vt 0.807537 0.395235
vt 0.607249 0.169014
vt 0.606934 0.173631
vt 0.493041 0.269328
vt 0.492785 0.290696
vt 0.543540 0.290793
vt 0.543858 0.270399
vt 0.802031 0.862677
vt 0.802031 0.991625
vt 0.869014 0.989844
vt 0.868248 0.864511
vt 0.984031 0.145212
vt 0.984031 0.053369
vt 0.927599 0.053369
vt 0.927599 0.145212
vt 0.926561 0.157087
vt 0.926561 0.260563
vt 0.982994 0.260563
vt 0.982994 0.157087
vt 0.748750 0.544273
vt 0.827609 0.546663
vt 0.827609 0.404875
vt 0.750347 0.406738
vt 0.231389 0.123829
vt 0.347522 0.123829
vt 0.346047 0.070315
vt 0.232905 0.070947
vt 0.922804 0.133507
vt 0.922804 0.018561
vt 0.866372 0.018561
vt 0.866372 0.133507
vt 0.011360 0.027122
vt 0.010014 0.076334
vt 0.081633 0.076334
vt 0.080459 0.027894
vt 0.134782 0.256071
vt 0.155209 0.256004
vt 0.156048 0.205276
vt 0.134784 0.205043
vt 0.707596 0.043399
vt 0.707596 0.147722
vt 0.748406 0.146551
vt 0.747911 0.044600
vt 0.995534 0.991754
vt 0.995534 0.898690
vt 0.944181 0.900037
vt 0.944716 0.990370
vt 0.910995 0.388322
vt 0.910995 0.515734
vt 0.967427 0.515734
vt 0.967427 0.388322
vt 0.187127 0.424455
vt 0.187226 0.476372
vt 0.223823 0.475639
vt 0.222178 0.424301
vt 0.359539 0.020323
vt 0.361030 0.068933
vt 0.430017 0.068994
vt 0.431261 0.019869
vt 0.475669 0.026780
vt 0.474370 0.077960
vt 0.536509 0.077960
vt 0.535428 0.027542
vt 0.283476 0.010875
vt 0.282329 0.062041
vt 0.330953 0.062041
vt 0.330093 0.011544
vt 0.921766 0.287613
vt 0.921766 0.147683
vt 0.865334 0.147683
vt 0.865334 0.287613
vt 0.206488 0.007456
vt 0.207881 0.058080
vt 0.267554 0.058125
vt 0.268749 0.007102
vt 0.760601 0.004187
vt 0.761731 0.054896
vt 0.808305 0.054949
vt 0.809371 0.004000
vt 0.984808 0.531638
vt 0.933265 0.533439
vt 0.933924 0.568470
vt 0.985567 0.568385
vt 0.928254 0.988818
vt 0.928602 0.994578
vt 0.933204 0.993686
vt 0.934008 0.989068
vt 0.011197 0.021290
vt 0.006491 0.022043
vt 0.005528 0.026710
vt 0.742879 0.544434
vt 0.743636 0.549166
vt 0.748328 0.550137
vt 0.929439 0.850860
vt 0.935328 0.850693
vt 0.934569 0.845952
vt 0.929868 0.844977
vt 0.750009 0.400995
vt 0.745422 0.401876
vt 0.744611 0.406476
vt 0.355231 0.069313
vt 0.356153 0.073955
vt 0.360820 0.074741
vt 0.004000 0.076158
vt 0.880032 0.996000
vt 0.879863 0.990212
vt 0.353722 0.020503
vt 0.880072 0.843175
vt 0.879863 0.849232
vt 0.867561 0.293432
vt 0.921766 0.293432
vt 0.087497 0.076185
vt 0.086055 0.022230
vt 0.921766 0.141865
vt 0.867561 0.141865
vt 0.435645 0.074741
vt 0.437213 0.020031
vt 0.825113 0.552624
vt 0.825201 0.399023
vt 0.908218 0.709970
vt 0.907964 0.705733
vt 0.904579 0.706387
vt 0.903986 0.709783
vt 0.475548 0.022492
vt 0.472086 0.023047
vt 0.471379 0.026481
vt 0.872545 0.864340
vt 0.871947 0.860900
vt 0.868519 0.860236
vt 0.907024 0.835501
vt 0.902693 0.835623
vt 0.903251 0.839112
vt 0.906711 0.839828
vt 0.869301 0.994115
vt 0.872707 0.993418
vt 0.873263 0.989986
vt 0.203614 0.058352
vt 0.204289 0.061769
vt 0.207722 0.062351
vt 0.469951 0.077841
vt 0.958483 0.704321
vt 0.958602 0.708577
vt 0.202211 0.007574
vt 0.958452 0.841618
vt 0.958602 0.837165
vt 0.965788 0.384039
vt 0.910995 0.384039
vt 0.540821 0.077863
vt 0.539562 0.023382
vt 0.910995 0.520017
vt 0.965788 0.520017
vt 0.271703 0.062351
vt 0.273116 0.007210
vt 0.803824 0.858356
vt 0.803846 0.996000
vt 0.933883 0.581877
vt 0.933606 0.577644
vt 0.930230 0.578331
vt 0.929675 0.581731
vt 0.283358 0.006638
vt 0.279935 0.007188
vt 0.279239 0.010585
vt 0.232739 0.066697
vt 0.229338 0.067286
vt 0.228678 0.070674
vt 0.934453 0.695083
vt 0.930200 0.695247
vt 0.930787 0.698652
vt 0.934178 0.699314
vt 0.350271 0.070029
vt 0.349580 0.066662
vt 0.346187 0.066112
vt 0.757510 0.055152
vt 0.758168 0.058537
vt 0.761567 0.059121
vt 0.756370 0.004282
vt 0.985070 0.700880
vt 0.985198 0.696555
vt 0.277966 0.061937
vt 0.985073 0.576151
vt 0.985198 0.580431
vt 0.227117 0.122051
vt 0.334196 0.007442
vt 0.351848 0.122028
vt 0.812409 0.059121
vt 0.866372 0.137741
vt 0.921184 0.137741
vt 0.813677 0.004096
vt 0.921184 0.014327
vt 0.866372 0.014327
vt 0.335218 0.061964
vt 0.931328 0.273156
vt 0.931122 0.269604
vt 0.928284 0.270148
vt 0.927783 0.272993
vt 0.186954 0.420863
vt 0.184058 0.421393
vt 0.183531 0.424289
vt 0.751519 0.044462
vt 0.751022 0.041574
vt 0.748146 0.041012
vt 0.930190 0.374965
vt 0.926561 0.375066
vt 0.927028 0.377990
vt 0.929928 0.378590
vt 0.748651 0.150137
vt 0.751509 0.149550
vt 0.751975 0.146670
vt 0.932992 0.529858
vt 0.930123 0.530465
vt 0.929675 0.533363
vt 0.984682 0.528050
vt 0.982486 0.380322
vt 0.982605 0.376594
vt 0.183531 0.476375
vt 0.982513 0.268279
vt 0.982605 0.271847
vt 0.981619 0.153495
vt 0.926561 0.153495
vt 0.227440 0.475521
vt 0.225610 0.420756
vt 0.709109 0.039775
vt 0.709130 0.151394
vt 0.930457 0.572027
vt 0.926561 0.264155
vt 0.981619 0.264155
vt 0.985569 0.572027
vt 0.988910 0.886127
vt 0.989176 0.890232
vt 0.992455 0.889586
vt 0.993019 0.886292
vt 0.130606 0.256280
vt 0.131233 0.259654
vt 0.134611 0.260254
vt 0.940541 0.990536
vt 0.941122 0.993877
vt 0.944452 0.994524
vt 0.989532 0.795515
vt 0.993740 0.795393
vt 0.993196 0.792008
vt 0.989838 0.791313
vt 0.943913 0.895883
vt 0.940599 0.896555
vt 0.940052 0.899893
vt 0.548029 0.270297
vt 0.547487 0.266932
vt 0.544147 0.266251
vt 0.130606 0.205043
vt 0.995416 0.996000
vt 0.493133 0.265079
vt 0.995421 0.894490
vt 0.982440 0.049210
vt 0.927599 0.049211
vt 0.492781 0.294903
vt 0.547555 0.294903
vt 0.927599 0.149371
vt 0.982440 0.149371
vt 0.159249 0.260077
vt 0.160250 0.205349
vt 0.962883 0.794627
vt 0.964690 0.790355
vt 0.962883 0.886884
vt 0.964629 0.891061
vt 0.261381 0.171302
vt 0.246463 0.173031
vt 0.246831 0.177502
vt 0.263701 0.175581
vt 0.190384 0.279966
vt 0.167457 0.276105
vt 0.168193 0.280750
vt 0.189900 0.284399
vt 0.451127 0.186209
vt 0.427527 0.187158
vt 0.427183 0.290433
vt 0.460556 0.288639
vt 0.404109 0.186176
vt 0.393722 0.288628
vt 0.579022 0.087491
vt 0.578192 0.151901
vt 0.582708 0.150428
vt 0.583592 0.089075
vt 0.175860 0.080770
vt 0.176103 0.020587
vt 0.153240 0.020441
vt 0.153028 0.080788
vt 0.387239 0.184254
vt 0.366727 0.283921
vt 0.296254 0.194495
vt 0.296304 0.228535
vt 0.356157 0.228670
vt 0.356254 0.194590
vt 0.130310 0.020514
vt 0.130152 0.080643
vt 0.468345 0.184289
vt 0.483483 0.284779
vt 0.697820 0.088798
vt 0.698441 0.153590
vt 0.702885 0.152020
vt 0.702385 0.090323
vt 0.466208 0.179933
vt 0.450797 0.181693
vt 0.363035 0.228708
vt 0.199812 0.177536
vt 0.182595 0.175615
vt 0.472344 0.088400
vt 0.471498 0.150159
vt 0.476094 0.151760
vt 0.476884 0.086905
vt 0.223756 0.281760
vt 0.257217 0.279954
vt 0.223413 0.178485
vt 0.284212 0.275247
vt 0.427544 0.182666
vt 0.404476 0.181704
vt 0.176205 0.013711
vt 0.153249 0.013600
vt 0.296289 0.160389
vt 0.356257 0.160459
vt 0.223774 0.286229
vt 0.257746 0.284420
vt 0.289382 0.160374
vt 0.289382 0.194508
vt 0.130065 0.087459
vt 0.590944 0.090724
vt 0.591496 0.152145
vt 0.596179 0.153646
vt 0.595508 0.089169
vt 0.363133 0.194612
vt 0.427166 0.294903
vt 0.461040 0.293072
vt 0.283680 0.279916
vt 0.153010 0.087612
vt 0.175911 0.087612
vt 0.223396 0.173993
vt 0.289444 0.228560
vt 0.200143 0.173020
vt 0.184732 0.171260
vt 0.130243 0.013670
vt 0.363168 0.160462
vt 0.393193 0.293093
vt 0.367260 0.288590
vt 0.389558 0.179975
vt 0.482747 0.289423
vt 0.590976 0.157101
vt 0.595858 0.158402
vt 0.268410 0.174657
vt 0.266203 0.170140
vt 0.584123 0.084108
vt 0.579327 0.082740
vt 0.473089 0.183406
vt 0.471091 0.178814
vt 0.595136 0.084458
vt 0.590330 0.085835
vt 0.384737 0.178814
vt 0.382529 0.183330
vt 0.470988 0.155222
vt 0.475841 0.156617
vt 0.162776 0.275665
vt 0.163321 0.280478
vt 0.698622 0.158402
vt 0.703345 0.157010
vt 0.288595 0.279568
vt 0.288915 0.274741
vt 0.476692 0.082083
vt 0.471897 0.083412
vt 0.487618 0.289152
vt 0.488164 0.284338
vt 0.702749 0.085260
vt 0.697950 0.083939
vt 0.362024 0.283414
vt 0.362345 0.288242
vt 0.578435 0.156617
vt 0.583171 0.155319
vt 0.179848 0.170140
vt 0.177850 0.174733
vt 0.011388 0.368789
vt 0.164629 0.369012
vt 0.165980 0.293411
vt 0.012630 0.290588
vt 0.392065 0.306747
vt 0.392784 0.384334
vt 0.545069 0.383229
vt 0.544258 0.306927
vt 0.010768 0.476011
vt 0.164840 0.476011
vt 0.164141 0.468154
vt 0.011237 0.468282
vt 0.559040 0.382006
vt 0.558439 0.307963
vt 0.551191 0.307408
vt 0.551990 0.382672
vt 0.392424 0.392132
vt 0.545894 0.391096
vt 0.730675 0.383003
vt 0.730548 0.535907
vt 0.738405 0.536606
vt 0.738405 0.382534
vt 0.651209 0.384544
vt 0.653109 0.537225
vt 0.165459 0.390716
vt 0.012777 0.388815
vt 0.166322 0.382961
vt 0.012543 0.380862
vt 0.166871 0.285678
vt 0.012416 0.282695
vt 0.010968 0.376739
vt 0.165315 0.376739
vt 0.544976 0.299026
vt 0.391639 0.299026
vt 0.643255 0.384309
vt 0.645355 0.538088
vt 0.917651 0.611198
vt 0.915405 0.612127
vt 0.916849 0.618772
vt 0.922680 0.616242
vt 0.384855 0.300596
vt 0.385417 0.306965
vt 0.918577 0.608953
vt 0.925189 0.610408
vt 0.651324 0.377708
vt 0.644757 0.377305
vt 0.839730 0.611422
vt 0.838804 0.609183
vt 0.832203 0.610642
vt 0.834722 0.616461
vt 0.005539 0.382364
vt 0.005942 0.388931
vt 0.841968 0.612347
vt 0.840543 0.618967
vt 0.386010 0.384193
vt 0.385535 0.390644
vt 0.839691 0.531829
vt 0.841936 0.530893
vt 0.840480 0.524282
vt 0.834637 0.526825
vt 0.005519 0.284156
vt 0.005920 0.290653
vt 0.838770 0.534082
vt 0.832126 0.532682
vt 0.004593 0.468058
vt 0.004000 0.474439
vt 0.917637 0.531656
vt 0.918562 0.533901
vt 0.925189 0.532489
vt 0.922662 0.526653
vt 0.736832 0.375766
vt 0.730452 0.376359
vt 0.915396 0.530729
vt 0.916829 0.524141
vt 0.004567 0.368522
vt 0.004000 0.375098
vt 0.559025 0.305678
vt 0.552298 0.301134
vt 0.652226 0.551877
vt 0.654480 0.551242
vt 0.653755 0.544067
vt 0.647570 0.545300
vt 0.179477 0.392086
vt 0.180111 0.389833
vt 0.173534 0.385177
vt 0.172301 0.391362
vt 0.559661 0.384229
vt 0.553165 0.388854
vt 0.179944 0.294813
vt 0.180582 0.292571
vt 0.174046 0.287914
vt 0.172798 0.294073
vt 0.178649 0.469473
vt 0.178084 0.467250
vt 0.171056 0.467748
vt 0.172095 0.473917
vt 0.729643 0.549850
vt 0.731867 0.550415
vt 0.736311 0.543861
vt 0.730141 0.542822
vt 0.179004 0.370336
vt 0.178450 0.368129
vt 0.171476 0.368608
vt 0.172489 0.374710
vt 0.515221 0.623334
vt 0.453331 0.622830
vt 0.014873 0.721925
vt 0.015382 0.783817
vt 0.453285 0.995972
vt 0.515215 0.995816
vt 0.387867 0.783810
vt 0.388019 0.721868
vt 0.014731 0.707980
vt 0.097989 0.707032
vt 0.097709 0.698231
vt 0.014650 0.699231
vt 0.438436 0.705948
vt 0.439375 0.622680
vt 0.430611 0.622599
vt 0.429651 0.705671
vt 0.436838 0.716336
vt 0.440905 0.717383
vt 0.445313 0.713375
vt 0.437995 0.711159
vt 0.441867 0.720883
vt 0.447223 0.720787
vt 0.445469 0.706222
vt 0.611689 0.985751
vt 0.616933 0.986372
vt 0.520571 0.623277
vt 0.439244 0.611984
vt 0.439329 0.617320
vt 0.446354 0.617385
vt 0.446366 0.612013
vt 0.446354 0.622752
vt 0.453368 0.617463
vt 0.453414 0.612104
vt 0.424290 0.705650
vt 0.582852 0.166167
vt 0.583360 0.160740
vt 0.499372 0.166251
vt 0.498820 0.160740
vt 0.425262 0.622451
vt 0.014799 0.714953
vt 0.009429 0.714959
vt 0.009509 0.721968
vt 0.009368 0.707946
vt 0.004000 0.707853
vt 0.004053 0.714971
vt 0.004153 0.722016
vt 0.533123 0.985271
vt 0.527819 0.985862
vt 0.015325 0.789165
vt 0.583795 0.248350
vt 0.584370 0.253937
vt 0.097689 0.692874
vt 0.499751 0.248486
vt 0.499227 0.253993
vt 0.014504 0.693877
vt 0.105422 0.713905
vt 0.098268 0.714070
vt 0.112835 0.715823
vt 0.112932 0.710467
vt 0.109434 0.709491
vt 0.108409 0.705408
vt 0.103188 0.706580
vt 0.447930 0.995986
vt 0.442575 0.996000
vt 0.520571 0.995803
vt 0.519847 0.713684
vt 0.619737 0.896729
vt 0.619737 0.612673
vt 0.614346 0.612674
vt 0.614330 0.896644
vt 0.105732 0.788440
vt 0.387853 0.789165
vt 0.524951 0.612888
vt 0.525099 0.896628
vt 0.530430 0.896547
vt 0.530337 0.612885
vt 0.388033 0.716513
vt 0.388046 0.711157
s 1
f 1/1/1 2/2/2 3/3/3
f 2/2/2 4/4/4 3/3/3
f 5/5/5 6/6/6 7/7/7
f 5/5/5 7/7/7 8/8/8
f 9/9/9 10/10/10 11/11/11
f 11/11/11 10/10/10 12/12/12
f 13/13/13 14/14/14 15/15/15
f 13/13/13 15/15/15 16/16/16
f 17/17/17 18/18/18 19/19/19
f 19/19/19 18/18/18 20/20/20
f 21/21/21 22/22/22 23/23/23
f 24/24/24 25/25/25 26/26/26
f 24/24/24 26/26/26 27/27/27
f 21/21/21 23/23/23 28/28/28
f 29/29/29 30/30/30 31/31/31
f 30/30/30 32/32/32 31/31/31
f 33/33/33 34/34/34 35/35/35
f 35/35/35 34/34/34 36/36/36
f 37/37/37 38/38/38 39/39/39
f 37/37/37 39/39/39 40/40/40
f 41/41/41 42/42/42 43/43/43
f 43/43/43 42/42/42 44/44/44
f 45/45/45 46/46/46 47/47/47
f 45/45/45 47/47/47 48/48/48
f 49/49/49 50/50/50 51/51/51
f 49/49/49 51/51/51 52/52/52
f 53/53/53 54/54/54 55/55/55
f 55/55/55 54/54/54 56/56/56
f 57/57/57 58/58/58 59/59/59
f 57/57/57 59/59/59 60/60/60
f 61/61/61 62/62/62 63/63/63
f 63/63/63 62/62/62 64/64/64
f 65/33/65 66/34/66 67/35/67
f 67/35/67 66/34/66 68/36/68
f 69/37/69 70/38/70 71/39/71
f 69/37/69 71/39/71 72/40/72
f 73/41/73 74/42/74 75/43/75
f 75/43/75 74/42/74 76/44/76
f 77/45/77 78/46/78 79/47/79
f 77/45/77 79/47/79 80/48/80
f 81/49/81 82/50/82 83/51/83
f 81/49/81 83/51/83 84/52/84
f 85/53/85 86/54/86 87/55/87
f 87/55/87 86/54/86 88/56/88
f 89/57/89 90/58/90 91/59/91
f 89/57/89 91/59/91 92/60/92
f 93/61/93 94/62/94 95/63/95
f 95/63/95 94/62/94 96/64/96
f 97/65/97 98/66/98 99/67/99
f 97/65/97 99/67/99 100/68/100
f 101/69/101 102/70/102 103/71/103
f 103/71/103 102/70/102 104/72/104
f 105/73/105 106/74/106 107/75/107
f 105/73/105 107/75/107 108/76/108
f 109/77/109 110/78/110 111/79/111
f 109/77/109 111/79/111 112/80/112
f 113/81/113 114/82/114 115/83/115
f 115/83/115 114/82/114 116/84/116
f 117/85/117 118/86/118 119/87/119
f 119/87/119 118/86/118 120/88/120
f 121/89/121 122/90/122 123/91/123
f 123/91/123 122/90/122 124/92/124
f 125/93/125 126/94/126 127/95/127
f 125/93/125 127/95/127 128/96/128
f 129/65/129 130/66/130 131/67/131
f 129/65/129 131/67/131 132/68/132
f 133/69/133 134/70/134 135/71/135
f 135/71/135 134/70/134 136/72/136
f 137/73/137 138/74/138 139/75/139
f 137/73/137 139/75/139 140/76/140
f 141/77/141 142/78/142 143/79/143
f 141/77/141 143/79/143 144/80/144
f 145/81/145 146/82/146 147/83/147
f 147/83/147 146/82/146 148/84/148
f 149/85/149 150/86/150 151/87/151
f 151/87/151 150/86/150 152/88/152
f 153/89/153 154/90/154 155/91/155
f 155/91/155 154/90/154 156/92/156
f 157/93/157 158/94/158 159/95/159
f 157/93/157 159/95/159 160/96/160
f 161/97/161 162/98/162 163/99/163
f 163/99/163 162/98/162 164/100/164
f 165/101/165 166/102/166 167/103/167
f 167/103/167 166/102/166 168/104/168
f 169/105/169 170/106/170 171/107/171
f 169/105/169 171/107/171 172/108/172
f 173/109/173 174/110/174 175/111/175
f 175/111/175 174/110/174 176/112/176
f 177/113/177 178/114/178 179/115/179
f 177/113/177 179/115/179 180/116/180
f 181/117/181 182/118/182 183/119/183
f 181/117/181 183/119/183 184/120/184
f 185/121/185 186/122/186 187/123/187
f 187/123/187 186/122/186 188/124/188
f 189/125/189 190/126/190 191/127/191
f 189/125/189 191/127/191 192/128/192
f 193/97/193 194/98/194 195/99/195
f 195/99/195 194/98/194 196/100/196
f 197/101/197 198/102/198 199/103/199
f 199/103/199 198/102/198 200/104/200
f 201/105/201 202/106/202 203/107/203
f 201/105/201 203/107/203 204/108/204
f 205/109/205 206/110/206 207/111/207
f 207/111/207 206/110/206 208/112/208
f 209/113/209 210/114/210 211/115/211
f 209/113/209 211/115/211 212/116/212
f 213/117/213 214/118/214 215/119/215
f 213/117/213 215/119/215 216/120/216
f 217/121/217 218/122/218 219/123/219
f 219/123/219 218/122/218 220/124/220
f 221/125/221 222/126/222 223/127/223
f 221/125/221 223/127/223 224/128/224
f 225/129/225 226/130/226 227/131/227
f 228/132/228 229/133/229 230/134/230
f 231/135/231 232/136/232 233/137/233
f 234/138/234 235/139/235 236/140/236
f 237/141/237 238/142/238 239/143/239
f 240/144/240 241/145/241 242/146/242
f 243/147/243 244/148/244 245/149/245
f 243/147/243 245/149/245 246/150/246
f 247/151/247 248/152/248 249/153/249
f 249/153/249 248/152/248 250/154/250
f 251/155/251 252/156/252 253/157/236
f 254/158/253 255/159/254 256/160/242
f 257/161/255 258/162/256 259/163/233
f 260/164/257 261/165/258 262/166/227
f 263/167/259 264/168/260 265/169/230
f 266/170/261 267/171/262 268/172/239
f 269/129/240 270/130/241 271/131/242
f 272/132/263 273/133/264 274/134/265
f 275/135/234 276/136/266 277/137/236
f 278/138/231 279/139/267 280/140/233
f 281/141/268 282/142/269 283/143/270
f 284/144/225 285/145/226 286/146/227
f 287/147/271 288/148/272 289/149/273
f 287/147/271 289/149/273 290/150/274
f 291/151/275 292/152/276 293/153/277
f 293/153/277 292/152/276 294/154/278
f 295/155/255 296/156/256 297/157/233
f 298/158/279 299/159/258 300/160/227
f 301/161/251 302/162/252 303/163/236
f 304/164/280 305/165/254 306/166/242
f 307/167/281 308/168/282 309/169/265
f 310/170/283 311/171/284 312/172/270
f 313/173/285 314/174/286 315/175/287
f 313/173/285 315/175/287 316/176/288
f 317/177/289 318/178/290 319/179/291
f 317/177/289 319/179/291 320/180/292
f 321/181/293 322/182/294 323/183/295
f 321/181/293 323/183/295 324/184/296
f 325/185/297 5/5/5 8/8/8
f 325/185/297 8/8/8 326/186/298
f 327/187/299 328/188/300 329/189/4
f 327/187/299 329/189/4 330/190/2
f 321/181/293 324/184/296 331/191/301
f 321/181/293 331/191/301 332/192/302
f 322/182/294 333/193/303 334/194/304
f 322/182/294 334/194/304 323/183/295
f 335/195/305 336/196/306 22/22/22
f 335/195/305 22/22/22 21/21/21
f 333/193/303 337/197/307 325/185/297
f 333/193/303 325/185/297 334/194/304
f 338/198/308 339/199/309 3/3/3
f 338/198/308 3/3/3 340/200/310
f 341/201/311 342/202/312 343/203/313
f 341/201/311 343/203/313 344/204/314
f 320/180/292 319/179/291 345/205/315
f 320/180/292 345/205/315 346/206/316
f 342/202/312 313/173/285 316/176/288
f 342/202/312 316/176/288 343/203/313
f 347/207/317 338/198/308 340/200/310
f 347/207/317 340/200/310 348/208/318
f 342/202/312 341/201/311 349/209/319
f 342/202/312 349/209/319 350/210/320
f 351/211/321 321/181/293 332/192/302
f 351/211/321 332/192/302 352/212/322
f 353/213/323 354/214/324 337/197/307
f 353/213/323 337/197/307 333/193/303
f 355/215/325 356/216/326 318/178/290
f 355/215/325 318/178/290 317/177/289
f 357/217/327 358/218/328 359/219/329
f 357/217/327 359/219/329 360/220/330
f 361/221/331 347/207/317 348/208/318
f 361/221/331 348/208/318 362/222/332
f 363/223/333 320/180/292 346/206/316
f 363/223/333 346/206/316 364/224/334
f 365/225/335 366/226/336 367/227/337
f 365/225/335 367/227/337 368/228/338
f 369/229/339 356/216/326 362/222/332
f 369/229/339 362/222/332 370/230/340
f 371/231/6 372/232/341 373/233/342
f 371/231/6 373/233/342 374/234/343
f 375/235/344 376/236/345 377/237/346
f 375/235/344 377/237/346 378/238/347
f 365/225/335 355/215/325 317/177/289
f 365/225/335 317/177/289 379/239/348
f 380/240/349 351/211/321 352/212/322
f 380/240/349 352/212/322 381/241/350
f 379/239/348 317/177/289 320/180/292
f 379/239/348 320/180/292 363/223/333
f 382/242/351 383/243/352 384/244/353
f 382/242/351 384/244/353 385/245/354
f 386/246/355 376/236/345 375/235/344
f 386/246/355 375/235/344 387/247/356
f 331/191/301 388/248/357 358/218/328
f 331/191/301 358/218/328 357/217/327
f 389/249/358 390/250/350 391/251/351
f 389/249/358 391/251/351 392/252/359
f 393/253/26 394/254/360 395/255/361
f 393/253/26 395/255/361 396/256/362
f 376/236/345 386/246/355 397/257/363
f 376/236/345 397/257/363 398/258/364
f 399/259/365 353/213/323 333/193/303
f 399/259/365 333/193/303 322/182/294
f 351/211/321 399/259/365 322/182/294
f 351/211/321 322/182/294 321/181/293
f 400/260/366 401/261/367 402/262/368
f 400/260/366 402/262/368 403/263/369
f 404/264/370 405/265/371 406/266/372
f 404/264/370 406/266/372 407/267/373
f 378/238/347 377/237/346 401/261/367
f 378/238/347 401/261/367 400/260/366
f 364/224/334 13/13/13 16/16/16
f 364/224/334 16/16/16 408/268/374
f 363/223/333 364/224/334 408/268/374
f 363/223/333 408/268/374 409/269/375
f 410/270/375 411/271/376 375/235/344
f 410/270/375 375/235/344 378/238/347
f 379/239/348 363/223/333 409/269/375
f 379/239/348 409/269/375 412/272/377
f 413/273/378 410/270/375 378/238/347
f 413/273/378 378/238/347 400/260/366
f 365/225/335 379/239/348 412/272/377
f 365/225/335 412/272/377 366/226/336
f 414/274/379 413/273/378 400/260/366
f 414/274/379 400/260/366 403/263/369
f 314/174/286 313/173/285 415/275/380
f 314/174/286 415/275/380 416/276/381
f 417/277/382 418/278/380 319/179/291
f 417/277/382 319/179/291 318/178/290
f 419/279/383 314/174/286 416/276/381
f 419/279/383 416/276/381 420/280/384
f 369/229/339 417/277/382 318/178/290
f 369/229/339 318/178/290 356/216/326
f 377/237/346 376/236/345 398/258/364
f 377/237/346 398/258/364 421/281/385
f 422/282/385 423/283/386 354/214/324
f 422/282/385 354/214/324 353/213/323
f 401/261/367 377/237/346 421/281/385
f 401/261/367 421/281/385 424/284/387
f 425/285/387 422/282/385 353/213/323
f 425/285/387 353/213/323 399/259/365
f 402/262/368 401/261/367 424/284/387
f 402/262/368 424/284/387 426/286/388
f 380/240/349 425/285/387 399/259/365
f 380/240/349 399/259/365 351/211/321
f 5/5/5 427/287/389 428/288/390
f 5/5/5 428/288/390 6/6/6
f 323/183/295 334/194/304 429/289/391
f 323/183/295 429/289/391 430/290/392
f 431/291/392 432/292/391 316/176/288
f 431/291/392 316/176/288 315/175/287
f 324/184/296 323/183/295 430/290/392
f 324/184/296 430/290/392 433/293/393
f 434/294/393 431/291/392 315/175/287
f 434/294/393 315/175/287 435/295/394
f 334/194/304 325/185/297 326/186/298
f 334/194/304 326/186/298 429/289/391
f 432/292/391 436/296/395 343/203/313
f 432/292/391 343/203/313 316/176/288
f 372/232/341 437/297/9 438/298/396
f 372/232/341 438/298/396 373/233/342
f 354/214/324 10/10/10 427/287/389
f 354/214/324 427/287/389 337/197/307
f 439/299/397 14/14/14 13/13/13
f 439/299/397 13/13/13 440/300/398
f 441/301/399 404/264/370 407/267/373
f 441/301/399 407/267/373 442/302/400
f 346/206/316 345/205/315 18/18/18
f 346/206/316 18/18/18 440/300/398
f 411/271/376 443/303/16 387/247/356
f 411/271/376 387/247/356 375/235/344
f 423/283/386 12/12/12 10/10/10
f 423/283/386 10/10/10 354/214/324
f 405/265/371 404/264/370 373/233/342
f 405/265/371 373/233/342 438/298/396
f 313/173/285 342/202/312 350/210/320
f 313/173/285 350/210/320 415/275/380
f 418/278/380 444/304/401 345/205/315
f 418/278/380 345/205/315 319/179/291
f 370/230/340 362/222/332 348/208/318
f 370/230/340 348/208/318 445/305/402
f 446/306/403 447/307/354 448/308/404
f 446/306/403 448/308/404 449/309/405
f 450/310/406 451/311/402 452/312/407
f 450/310/406 452/312/407 453/313/408
f 454/314/409 455/315/410 456/316/411
f 454/314/409 456/316/411 457/317/412
f 368/228/338 458/318/413 347/207/317
f 368/228/338 347/207/317 361/221/331
f 414/274/379 403/263/369 459/319/414
f 414/274/379 459/319/414 460/320/415
f 427/287/389 10/10/10 9/9/9
f 427/287/389 9/9/9 428/288/390
f 419/279/383 420/280/384 461/321/416
f 419/279/383 461/321/416 462/322/417
f 337/197/307 427/287/389 5/5/5
f 337/197/307 5/5/5 325/185/297
f 450/310/406 463/323/418 464/324/419
f 450/310/406 464/324/419 462/322/417
f 392/252/359 391/251/351 447/307/354
f 392/252/359 447/307/354 446/306/403
f 368/228/338 367/227/337 465/325/420
f 368/228/338 465/325/420 458/318/413
f 324/184/296 433/293/393 388/248/357
f 324/184/296 388/248/357 331/191/301
f 454/314/409 466/326/421 467/327/422
f 454/314/409 467/327/422 468/328/423
f 469/329/424 467/327/422 466/326/421
f 469/329/424 466/326/421 470/330/425
f 456/316/411 471/331/23 472/332/426
f 456/316/411 472/332/426 457/317/412
f 459/319/414 403/263/369 402/262/368
f 459/319/414 402/262/368 389/249/358
f 453/313/408 452/312/407 329/189/4
f 453/313/408 329/189/4 328/188/300
f 458/318/413 335/195/305 338/198/308
f 458/318/413 338/198/308 347/207/317
f 404/264/370 441/301/399 374/234/343
f 404/264/370 374/234/343 373/233/342
f 444/304/401 20/20/20 18/18/18
f 444/304/401 18/18/18 345/205/315
f 436/296/395 473/333/427 344/204/314
f 436/296/395 344/204/314 343/203/313
f 364/224/334 346/206/316 440/300/398
f 364/224/334 440/300/398 13/13/13
f 458/318/413 465/325/420 336/196/306
f 458/318/413 336/196/306 335/195/305
f 462/322/417 461/321/416 451/311/402
f 462/322/417 451/311/402 450/310/406
f 460/320/415 459/319/414 474/334/428
f 460/320/415 474/334/428 475/335/420
f 453/313/408 476/336/429 463/323/418
f 453/313/408 463/323/418 450/310/406
f 314/174/286 419/279/383 435/295/394
f 314/174/286 435/295/394 315/175/287
f 371/231/6 374/234/343 477/337/430
f 371/231/6 477/337/430 478/338/431
f 479/339/432 480/340/430 344/204/314
f 479/339/432 344/204/314 473/333/427
f 438/298/396 437/297/9 481/341/433
f 438/298/396 481/341/433 482/342/434
f 483/343/435 484/344/433 397/257/363
f 483/343/435 397/257/363 386/246/355
f 406/266/372 405/265/371 485/345/436
f 406/266/372 485/345/436 486/346/15
f 487/347/437 488/348/438 387/247/356
f 487/347/437 387/247/356 443/303/16
f 441/301/399 442/302/400 489/349/439
f 441/301/399 489/349/439 490/350/440
f 491/351/441 492/352/19 349/209/319
f 491/351/441 349/209/319 341/201/311
f 469/329/424 493/353/442 494/354/362
f 469/329/424 494/354/362 467/327/422
f 383/243/352 495/355/443 496/356/444
f 383/243/352 496/356/444 384/244/353
f 355/215/325 361/221/331 362/222/332
f 355/215/325 362/222/332 356/216/326
f 457/317/412 497/357/445 466/326/421
f 457/317/412 466/326/421 454/314/409
f 1/1/1 3/3/3 339/199/309
f 1/1/1 339/199/309 498/358/446
f 332/192/302 331/191/301 357/217/327
f 332/192/302 357/217/327 495/355/443
f 360/220/330 359/219/329 25/25/25
f 360/220/330 25/25/25 24/24/24
f 475/335/420 474/334/428 499/359/447
f 475/335/420 499/359/447 500/360/448
f 495/355/443 357/217/327 360/220/330
f 495/355/443 360/220/330 496/356/444
f 374/234/343 441/301/399 490/350/440
f 374/234/343 490/350/440 477/337/430
f 480/340/430 491/351/441 341/201/311
f 480/340/430 341/201/311 344/204/314
f 474/334/428 459/319/414 389/249/358
f 474/334/428 389/249/358 392/252/359
f 352/212/322 332/192/302 495/355/443
f 352/212/322 495/355/443 383/243/352
f 405/265/371 438/298/396 482/342/434
f 405/265/371 482/342/434 485/345/436
f 488/348/438 483/343/435 386/246/355
f 488/348/438 386/246/355 387/247/356
f 462/322/417 464/324/419 435/295/394
f 462/322/417 435/295/394 419/279/383
f 17/17/17 439/299/397 440/300/398
f 17/17/17 440/300/398 18/18/18
f 24/24/24 27/27/27 501/361/449
f 24/24/24 501/361/449 502/362/450
f 499/359/447 474/334/428 392/252/359
f 499/359/447 392/252/359 446/306/403
f 365/225/335 368/228/338 361/221/331
f 365/225/335 361/221/331 355/215/325
f 457/317/412 472/332/426 503/363/451
f 457/317/412 503/363/451 497/357/445
f 449/309/405 504/364/452 499/359/447
f 449/309/405 499/359/447 446/306/403
f 335/195/305 21/21/21 339/199/309
f 335/195/305 339/199/309 338/198/308
f 381/241/350 352/212/322 383/243/352
f 381/241/350 383/243/352 382/242/351
f 402/262/368 426/286/388 390/250/350
f 402/262/368 390/250/350 389/249/358
f 468/328/423 505/365/453 455/315/410
f 468/328/423 455/315/410 454/314/409
f 434/294/393 435/295/394 464/324/419
f 434/294/393 464/324/419 506/366/357
f 445/305/402 348/208/318 340/200/310
f 445/305/402 340/200/310 507/367/454
f 328/188/300 395/255/361 476/336/429
f 328/188/300 476/336/429 453/313/408
f 497/357/445 503/363/451 508/368/455
f 497/357/445 508/368/455 509/369/29
f 510/370/456 449/309/405 448/308/404
f 510/370/456 448/308/404 511/371/455
f 512/372/328 463/323/418 476/336/429
f 512/372/328 476/336/429 513/373/457
f 470/330/425 466/326/421 497/357/445
f 470/330/425 497/357/445 509/369/29
f 384/244/353 496/356/444 502/362/450
f 384/244/353 502/362/450 31/31/31
f 498/358/446 339/199/309 21/21/21
f 498/358/446 21/21/21 28/28/28
f 496/356/444 360/220/330 24/24/24
f 496/356/444 24/24/24 502/362/450
f 502/362/450 501/361/449 29/29/29
f 502/362/450 29/29/29 31/31/31
f 396/256/362 395/255/361 328/188/300
f 396/256/362 328/188/300 327/187/299
f 467/327/422 494/354/362 514/374/458
f 467/327/422 514/374/458 468/328/423
f 500/360/448 499/359/447 504/364/452
f 500/360/448 504/364/452 515/375/459
f 385/245/354 384/244/353 31/31/31
f 385/245/354 31/31/31 32/32/32
f 507/367/454 340/200/310 3/3/3
f 507/367/454 3/3/3 4/4/4
f 513/373/457 476/336/429 395/255/361
f 513/373/457 395/255/361 394/254/360
f 516/376/23 515/375/459 504/364/452
f 516/376/23 504/364/452 517/377/426
f 468/328/423 514/374/458 518/378/460
f 468/328/423 518/378/460 505/365/453
f 517/377/426 504/364/452 449/309/405
f 517/377/426 449/309/405 510/370/456
f 506/366/357 464/324/419 463/323/418
f 506/366/357 463/323/418 512/372/328
f 519/379/461 520/380/293 521/381/293
f 519/379/461 521/381/293 522/382/461
f 523/383/462 524/384/462 525/385/463
f 523/383/462 525/385/463 526/386/464
f 527/387/293 528/388/465 529/389/465
f 527/387/293 529/389/465 530/390/293
f 531/391/466 532/392/467 533/393/468
f 531/391/466 533/393/468 534/394/466
f 535/395/464 536/396/464 537/397/462
f 535/395/464 537/397/462 538/398/462
f 539/399/466 540/400/467 541/401/467
f 539/399/466 541/401/467 542/402/466
f 543/403/469 544/404/461 545/405/470
f 543/403/469 545/405/470 546/406/471
f 546/406/471 545/405/470 526/386/464
f 546/406/471 526/386/464 525/385/463
f 547/407/465 548/408/472 549/409/473
f 547/407/465 549/409/473 550/410/474
f 550/410/474 549/409/473 533/393/468
f 550/410/474 533/393/468 532/392/467
f 529/389/465 528/388/465 551/411/474
f 529/389/465 551/411/474 552/412/474
f 552/412/474 551/411/474 541/401/467
f 552/412/474 541/401/467 540/400/467
f 519/379/461 522/382/461 553/413/470
f 519/379/461 553/413/470 554/414/470
f 554/414/470 553/413/470 536/396/464
f 554/414/470 536/396/464 535/395/464
f 548/408/472 547/407/465 544/404/461
f 548/408/472 544/404/461 543/403/469
f 555/415/475 556/416/476 557/417/476
f 555/415/475 557/417/476 558/418/477
f 559/419/478 560/420/479 561/421/480
f 559/419/478 561/421/480 562/422/478
f 563/423/481 564/424/482 565/425/483
f 563/423/481 565/425/483 566/426/484
f 567/427/485 568/428/293 569/429/461
f 567/427/485 569/429/461 570/430/486
f 571/431/487 572/432/488 573/433/488
f 571/431/487 573/433/488 574/434/489
f 575/435/490 576/436/464 577/437/491
f 575/435/490 577/437/491 578/438/492
f 579/439/493 580/440/481 581/441/494
f 579/439/493 581/441/494 582/442/495
f 583/443/496 584/444/496 585/445/497
f 583/443/496 585/445/497 586/446/498
f 587/447/499 588/448/491 589/449/500
f 587/447/499 589/449/500 590/450/501
f 591/451/502 592/452/500 593/453/503
f 591/451/502 593/453/503 594/454/504
f 595/455/505 596/456/506 597/457/507
f 595/455/505 597/457/507 598/458/507
f 599/459/508 600/460/509 567/427/485
f 599/459/508 567/427/485 570/430/486
f 601/461/510 602/462/511 603/463/511
f 601/461/510 603/463/511 604/464/512
f 570/430/486 569/429/461 605/465/513
f 570/430/486 605/465/513 606/466/514
f 607/467/515 608/468/515 576/436/464
f 607/467/515 576/436/464 575/435/490
f 582/442/495 581/441/494 609/469/516
f 582/442/495 609/469/516 610/470/517
f 610/470/517 609/469/516 611/471/518
f 610/470/517 611/471/518 612/472/519
f 613/473/518 614/474/520 612/472/519
f 613/473/518 612/472/519 611/471/518
f 574/434/489 573/433/488 615/475/521
f 574/434/489 615/475/521 616/476/522
f 616/476/522 615/475/521 588/448/491
f 616/476/522 588/448/491 587/447/499
f 558/418/477 557/417/476 617/477/523
f 558/418/477 617/477/523 618/478/524
f 618/478/524 617/477/523 580/440/481
f 618/478/524 580/440/481 579/439/493
f 590/450/501 589/449/500 619/479/525
f 590/450/501 619/479/525 620/480/526
f 564/424/482 563/423/481 621/481/523
f 564/424/482 621/481/523 622/482/527
f 622/482/527 621/481/523 556/416/476
f 622/482/527 556/416/476 555/415/475
f 620/480/526 619/479/525 583/443/496
f 620/480/526 583/443/496 586/446/498
f 585/445/497 584/444/496 623/483/525
f 585/445/497 623/483/525 624/484/528
f 560/420/479 559/419/478 625/485/529
f 560/420/479 625/485/529 626/486/530
f 626/486/530 625/485/529 566/426/484
f 626/486/530 566/426/484 565/425/483
f 624/484/528 623/483/525 592/452/500
f 624/484/528 592/452/500 591/451/502
f 594/454/504 593/453/503 627/487/531
f 594/454/504 627/487/531 628/488/532
f 629/489/484 630/490/533 631/491/534
f 629/489/484 631/491/534 632/492/534
f 630/490/533 629/489/484 633/493/529
f 630/490/533 633/493/529 634/494/535
f 634/494/535 633/493/529 562/422/478
f 634/494/535 562/422/478 561/421/480
f 628/488/532 627/487/531 602/462/511
f 628/488/532 602/462/511 601/461/510
f 604/464/512 603/463/511 635/495/531
f 604/464/512 635/495/531 636/496/536
s 0
f 637/497/462 638/498/462 639/499/462
f 637/497/462 639/499/462 640/500/462
s 1
f 636/496/536 635/495/531 641/497/537
f 636/496/536 641/497/537 642/500/538
f 614/474/520 613/473/518 643/501/516
f 614/474/520 643/501/516 644/502/539
f 644/502/539 643/501/516 645/503/494
f 644/502/539 645/503/494 646/504/540
f 578/438/492 577/437/491 647/505/521
f 578/438/492 647/505/521 648/506/541
f 648/506/541 647/505/521 572/432/488
f 648/506/541 572/432/488 571/431/487
f 596/456/506 595/455/505 646/504/540
f 596/456/506 646/504/540 645/503/494
s 0
f 649/499/325 650/498/325 651/498/325
f 649/499/325 651/498/325 652/499/325
s 1
f 653/507/542 654/508/543 655/509/544
f 653/507/542 655/509/544 656/510/544
f 657/511/545 658/512/545 659/513/546
f 657/511/545 659/513/546 660/514/547
f 661/515/548 662/516/549 663/517/550
f 661/515/548 663/517/550 664/518/551
f 665/519/552 666/520/553 667/521/461
f 665/519/552 667/521/461 668/522/293
f 669/523/487 670/524/489 671/525/488
f 669/523/487 671/525/488 672/526/488
f 673/527/490 674/528/492 675/529/491
f 673/527/490 675/529/491 676/530/464
f 677/531/554 678/532/555 679/533/556
f 677/531/554 679/533/556 680/534/548
f 681/535/496 682/536/498 683/537/497
f 681/535/496 683/537/497 684/538/496
f 685/539/499 686/540/501 687/541/500
f 685/539/499 687/541/500 688/542/491
f 689/543/502 690/544/504 691/545/503
f 689/543/502 691/545/503 692/546/500
f 693/547/557 694/548/558 695/549/558
f 693/547/557 695/549/558 696/550/559
f 697/551/560 666/520/553 665/519/552
f 697/551/560 665/519/552 698/552/561
f 699/553/510 700/554/512 701/555/511
f 699/553/510 701/555/511 702/556/511
f 666/520/553 703/557/562 704/558/513
f 666/520/553 704/558/513 667/521/461
f 705/559/515 673/527/490 676/530/464
f 705/559/515 676/530/464 706/560/515
f 678/532/555 707/561/563 708/562/564
f 678/532/555 708/562/564 679/533/556
f 707/561/563 709/563/565 710/564/566
f 707/561/563 710/564/566 708/562/564
f 711/565/566 710/564/566 709/563/565
f 711/565/566 709/563/565 712/566/567
f 670/524/489 713/567/522 714/568/521
f 670/524/489 714/568/521 671/525/488
f 713/567/522 685/539/499 688/542/491
f 713/567/522 688/542/491 714/568/521
f 654/508/543 715/569/568 716/570/569
f 654/508/543 716/570/569 655/509/544
f 715/569/568 677/531/554 680/534/548
f 715/569/568 680/534/548 716/570/569
f 686/540/501 717/571/526 718/572/525
f 686/540/501 718/572/525 687/541/500
f 664/518/551 719/573/570 720/574/569
f 664/518/551 720/574/569 661/515/548
f 719/573/570 653/507/542 656/510/544
f 719/573/570 656/510/544 720/574/569
f 717/571/526 682/536/498 681/535/496
f 717/571/526 681/535/496 718/572/525
f 683/537/497 721/575/528 722/576/525
f 683/537/497 722/576/525 684/538/496
f 660/514/547 723/577/571 724/578/572
f 660/514/547 724/578/572 657/511/545
f 723/577/571 663/517/550 662/516/549
f 723/577/571 662/516/549 724/578/572
f 721/575/528 689/543/502 692/546/500
f 721/575/528 692/546/500 722/576/525
f 690/544/504 725/579/532 726/580/531
f 690/544/504 726/580/531 691/545/503
f 727/581/549 728/582/573 729/583/573
f 727/581/549 729/583/573 730/584/574
f 730/584/574 731/585/575 732/586/572
f 730/584/574 732/586/572 727/581/549
f 731/585/575 659/513/546 658/512/545
f 731/585/575 658/512/545 732/586/572
f 725/579/532 699/553/510 702/556/511
f 725/579/532 702/556/511 726/580/531
f 700/554/512 733/587/536 734/588/531
f 700/554/512 734/588/531 701/555/511
s 0
f 735/589/462 736/590/462 737/591/462
f 735/589/462 737/591/462 738/592/462
s 1
f 733/587/536 739/590/538 740/589/537
f 733/587/536 740/589/537 734/588/531
f 712/566/567 741/593/576 742/594/564
f 712/566/567 742/594/564 711/565/566
f 741/593/576 743/595/577 744/596/556
f 741/593/576 744/596/556 742/594/564
f 674/528/492 745/597/541 746/598/521
f 674/528/492 746/598/521 675/529/491
f 745/597/541 669/523/487 672/526/488
f 745/597/541 672/526/488 746/598/521
f 696/550/559 744/596/556 743/595/577
f 696/550/559 743/595/577 693/547/557
s 0
f 747/591/325 748/591/325 749/592/325
f 747/591/325 749/592/325 750/592/325
s 1
f 751/507/475 752/508/477 753/509/476
f 751/507/475 753/509/476 754/510/476
f 755/511/478 756/512/478 757/513/480
f 755/511/478 757/513/480 758/514/479
f 759/515/481 760/516/484 761/517/483
f 759/515/481 761/517/483 762/518/482
f 763/519/485 764/520/578 765/521/465
f 763/519/485 765/521/465 668/522/293
f 766/523/579 767/524/580 768/525/581
f 766/523/579 768/525/581 769/526/581
f 770/527/582 771/528/583 772/529/584
f 770/527/582 772/529/584 773/530/467
f 774/531/493 775/532/495 776/533/494
f 774/531/493 776/533/494 777/534/481
f 778/535/585 779/536/586 780/537/587
f 778/535/585 780/537/587 781/538/585
f 782/539/588 783/540/589 784/541/590
f 782/539/588 784/541/590 785/542/584
f 786/543/591 787/544/592 788/545/593
f 786/543/591 788/545/593 789/546/590
f 790/547/505 791/548/507 792/549/507
f 790/547/505 792/549/507 793/550/506
f 794/551/594 764/520/578 763/519/485
f 794/551/594 763/519/485 795/552/509
f 796/553/595 797/554/596 798/555/597
f 796/553/595 798/555/597 799/556/597
f 764/520/578 800/557/598 801/558/599
f 764/520/578 801/558/599 765/521/465
f 802/559/600 770/527/582 773/530/467
f 802/559/600 773/530/467 803/560/600
f 775/532/495 804/561/517 805/562/516
f 775/532/495 805/562/516 776/533/494
f 804/561/517 806/563/519 807/564/518
f 804/561/517 807/564/518 805/562/516
f 808/565/518 807/564/518 806/563/519
f 808/565/518 806/563/519 809/566/520
f 767/524/580 810/567/601 811/568/602
f 767/524/580 811/568/602 768/525/581
f 810/567/601 782/539/588 785/542/584
f 810/567/601 785/542/584 811/568/602
f 752/508/477 812/569/524 813/570/523
f 752/508/477 813/570/523 753/509/476
f 812/569/524 774/531/493 777/534/481
f 812/569/524 777/534/481 813/570/523
f 783/540/589 814/571/603 815/572/604
f 783/540/589 815/572/604 784/541/590
f 762/518/482 816/573/527 817/574/523
f 762/518/482 817/574/523 759/515/481
f 816/573/527 751/507/475 754/510/476
f 816/573/527 754/510/476 817/574/523
f 814/571/603 779/536/586 778/535/585
f 814/571/603 778/535/585 815/572/604
f 780/537/587 818/575/605 819/576/604
f 780/537/587 819/576/604 781/538/585
f 758/514/479 820/577/530 821/578/529
f 758/514/479 821/578/529 755/511/478
f 820/577/530 761/517/483 760/516/484
f 820/577/530 760/516/484 821/578/529
f 818/575/605 786/543/591 789/546/590
f 818/575/605 789/546/590 819/576/604
f 787/544/592 822/579/606 823/580/607
f 787/544/592 823/580/607 788/545/593
f 824/581/484 825/582/534 826/583/534
f 824/581/484 826/583/534 827/584/533
f 827/584/533 828/585/535 829/586/529
f 827/584/533 829/586/529 824/581/484
f 828/585/535 757/513/480 756/512/478
f 828/585/535 756/512/478 829/586/529
f 822/579/606 796/553/595 799/556/597
f 822/579/606 799/556/597 823/580/607
f 797/554/596 830/587/608 831/588/607
f 797/554/596 831/588/607 798/555/597
s 0
f 832/589/466 833/590/466 834/591/466
f 832/589/466 834/591/466 835/592/466
s 1
f 830/587/608 836/590/609 837/589/610
f 830/587/608 837/589/610 831/588/607
f 809/566/520 838/593/539 839/594/516
f 809/566/520 839/594/516 808/565/518
f 838/593/539 840/595/540 841/596/494
f 838/593/539 841/596/494 839/594/516
f 771/528/583 842/597/611 843/598/602
f 771/528/583 843/598/602 772/529/584
f 842/597/611 766/523/579 769/526/581
f 842/597/611 769/526/581 843/598/602
f 793/550/506 841/596/494 840/595/540
f 793/550/506 840/595/540 790/547/505
s 0
f 844/591/325 845/591/325 749/592/325
f 844/591/325 749/592/325 846/592/325
s 1
f 847/599/542 848/600/544 849/601/544
f 847/599/542 849/601/544 850/602/543
f 851/603/545 852/604/547 853/605/546
f 851/603/545 853/605/546 854/606/545
f 855/607/548 856/608/551 857/609/550
f 855/607/548 857/609/550 858/610/549
f 859/611/552 860/612/293 861/613/465
f 859/611/552 861/613/465 862/614/612
f 863/615/579 864/616/581 865/617/581
f 863/615/579 865/617/581 866/618/580
f 867/619/582 868/620/467 869/621/584
f 867/619/582 869/621/584 870/622/583
f 871/623/554 872/624/548 873/625/556
f 871/623/554 873/625/556 874/626/555
f 875/627/585 876/628/585 877/629/587
f 875/627/585 877/629/587 878/630/586
f 879/631/588 880/632/584 881/633/590
f 879/631/588 881/633/590 882/634/589
f 883/635/591 884/636/590 885/637/593
f 883/635/591 885/637/593 886/638/592
f 887/639/557 888/640/559 889/641/558
f 887/639/557 889/641/558 890/642/558
f 891/643/613 892/644/561 859/611/552
f 891/643/613 859/611/552 862/614/612
f 893/645/595 894/646/597 895/647/597
f 893/645/595 895/647/597 896/648/596
f 862/614/612 861/613/465 897/649/599
f 862/614/612 897/649/599 898/650/614
f 899/651/600 900/652/600 868/620/467
f 899/651/600 868/620/467 867/619/582
f 874/626/555 873/625/556 901/653/564
f 874/626/555 901/653/564 902/654/563
f 902/654/563 901/653/564 903/655/566
f 902/654/563 903/655/566 904/656/565
f 905/657/566 906/658/567 904/656/565
f 905/657/566 904/656/565 903/655/566
f 866/618/580 865/617/581 907/659/602
f 866/618/580 907/659/602 908/660/601
f 908/660/601 907/659/602 880/632/584
f 908/660/601 880/632/584 879/631/588
f 850/602/543 849/601/544 909/661/569
f 850/602/543 909/661/569 910/662/568
f 910/662/568 909/661/569 872/624/548
f 910/662/568 872/624/548 871/623/554
f 882/634/589 881/633/590 911/663/604
f 882/634/589 911/663/604 912/664/603
f 856/608/551 855/607/548 913/665/569
f 856/608/551 913/665/569 914/666/570
f 914/666/570 913/665/569 848/600/544
f 914/666/570 848/600/544 847/599/542
f 912/664/603 911/663/604 875/627/585
f 912/664/603 875/627/585 878/630/586
f 877/629/587 876/628/585 915/667/604
f 877/629/587 915/667/604 916/668/605
f 852/604/547 851/603/545 917/669/572
f 852/604/547 917/669/572 918/670/571
f 918/670/571 917/669/572 858/610/549
f 918/670/571 858/610/549 857/609/550
f 916/668/605 915/667/604 884/636/590
f 916/668/605 884/636/590 883/635/591
f 886/638/592 885/637/593 919/671/607
f 886/638/592 919/671/607 920/672/606
f 921/673/549 922/674/574 923/675/573
f 921/673/549 923/675/573 924/676/573
f 922/674/574 921/673/549 925/677/572
f 922/674/574 925/677/572 926/678/575
f 926/678/575 925/677/572 854/606/545
f 926/678/575 854/606/545 853/605/546
f 920/672/606 919/671/607 894/646/597
f 920/672/606 894/646/597 893/645/595
f 896/648/596 895/647/597 927/679/607
f 896/648/596 927/679/607 928/680/608
s 0
f 929/681/466 930/682/466 931/683/466
f 929/681/466 931/683/466 932/684/466
s 1
f 928/680/608 927/679/607 933/681/610
f 928/680/608 933/681/610 934/684/609
f 906/658/567 905/657/566 935/685/564
f 906/658/567 935/685/564 936/686/576
f 936/686/576 935/685/564 937/687/556
f 936/686/576 937/687/556 938/688/577
f 870/622/583 869/621/584 939/689/602
f 870/622/583 939/689/602 940/690/611
f 940/690/611 939/689/602 864/616/581
f 940/690/611 864/616/581 863/615/579
f 888/640/559 887/639/557 938/688/577
f 888/640/559 938/688/577 937/687/556
s 0
f 941/683/325 942/682/325 943/682/325
f 941/683/325 943/682/325 944/683/325
s 1
f 945/691/615 946/692/616 947/693/617
f 945/691/615 947/693/617 948/694/618
f 949/695/619 950/696/620 951/697/46
f 949/695/619 951/697/46 952/698/621
f 37/37/37 62/62/62 61/61/61
f 37/37/37 61/61/61 38/38/38
f 50/50/50 49/49/49 42/42/42
f 50/50/50 42/42/42 41/41/41
f 953/699/622 954/700/623 955/701/624
f 953/699/622 955/701/624 956/702/625
f 957/703/626 958/704/627 959/705/628
f 957/703/626 959/705/628 960/706/629
f 53/53/53 46/46/46 45/45/45
f 53/53/53 45/45/45 54/54/54
f 961/707/630 962/708/631 963/709/632
f 961/707/630 963/709/632 964/710/633
f 57/57/57 34/34/34 33/33/33
f 57/57/57 33/33/33 58/58/58
f 946/692/616 961/707/630 964/710/633
f 946/692/616 964/710/633 947/693/617
f 956/702/625 955/701/624 965/711/634
f 956/702/625 965/711/634 966/712/635
f 966/712/635 965/711/634 34/34/34
f 966/712/635 34/34/34 57/57/57
f 967/713/636 945/691/615 948/694/618
f 967/713/636 948/694/618 968/714/637
f 969/715/638 970/716/639 971/717/640
f 969/715/638 971/717/640 972/718/641
f 973/719/642 974/720/643 975/721/644
f 973/719/642 975/721/644 976/722/645
f 971/717/640 977/723/646 978/724/647
f 971/717/640 978/724/647 972/718/641
f 974/720/643 973/719/642 979/725/648
f 974/720/643 979/725/648 980/726/649
f 981/727/38 982/728/61 983/729/650
f 981/727/38 983/729/650 984/730/651
f 945/691/615 967/713/636 985/731/652
f 945/691/615 985/731/652 986/732/653
f 973/719/642 970/716/639 969/715/638
f 973/719/642 969/715/638 979/725/648
f 953/699/622 956/702/625 987/733/654
f 953/699/622 987/733/654 988/734/655
f 989/735/656 990/736/654 969/715/638
f 989/735/656 969/715/638 972/718/641
f 991/737/657 992/738/658 993/739/659
f 991/737/657 993/739/659 994/740/41
f 62/62/62 37/37/37 954/700/623
f 62/62/62 954/700/623 953/699/622
f 946/692/616 945/691/615 986/732/653
f 946/692/616 986/732/653 995/741/660
f 996/742/661 997/743/662 965/711/634
f 996/742/661 965/711/634 955/701/624
f 961/707/630 946/692/616 995/741/660
f 961/707/630 995/741/660 998/744/663
f 999/745/663 996/742/661 955/701/624
f 999/745/663 955/701/624 954/700/623
f 992/738/658 991/737/657 1000/746/664
f 992/738/658 1000/746/664 1001/747/665
f 997/743/662 36/36/36 34/34/34
f 997/743/662 34/34/34 965/711/634
f 1002/748/58 1003/749/33 1001/747/665
f 1002/748/58 1001/747/665 1000/746/664
f 54/54/54 45/45/45 1004/750/666
f 54/54/54 1004/750/666 1005/751/667
f 970/716/639 973/719/642 976/722/645
f 970/716/639 976/722/645 1006/752/668
f 1007/753/669 1008/754/645 958/704/627
f 1007/753/669 958/704/627 957/703/626
f 971/717/640 970/716/639 1006/752/668
f 971/717/640 1006/752/668 1009/755/670
f 1010/756/670 1007/753/669 957/703/626
f 1010/756/670 957/703/626 1004/750/666
f 960/706/629 959/705/628 1011/757/671
f 960/706/629 1011/757/671 1012/758/672
f 1013/759/673 1014/760/671 948/694/618
f 1013/759/673 948/694/618 947/693/617
f 1005/751/667 960/706/629 1012/758/672
f 1005/751/667 1012/758/672 1015/761/674
f 1016/762/674 1013/759/673 947/693/617
f 1016/762/674 947/693/617 964/710/633
f 950/696/620 949/695/619 984/730/651
f 950/696/620 984/730/651 983/729/650
f 959/705/628 49/49/49 52/52/52
f 959/705/628 52/52/52 1011/757/671
f 1014/760/671 1017/763/52 968/714/637
f 1014/760/671 968/714/637 948/694/618
f 977/723/646 971/717/640 1009/755/670
f 977/723/646 1009/755/670 1018/764/675
f 48/48/48 1010/756/670 1004/750/666
f 48/48/48 1004/750/666 45/45/45
f 956/702/625 966/712/635 1019/765/676
f 956/702/625 1019/765/676 987/733/654
f 990/736/654 1020/766/677 979/725/648
f 990/736/654 979/725/648 969/715/638
f 49/49/49 959/705/628 958/704/627
f 49/49/49 958/704/627 42/42/42
f 62/62/62 953/699/622 988/734/655
f 62/62/62 988/734/655 64/64/64
f 1021/767/678 989/735/656 972/718/641
f 1021/767/678 972/718/641 978/724/647
f 1004/750/666 957/703/626 960/706/629
f 1004/750/666 960/706/629 1005/751/667
f 1020/766/677 1022/768/679 980/726/649
f 1020/766/677 980/726/649 979/725/648
f 1008/754/645 44/44/44 42/42/42
f 1008/754/645 42/42/42 958/704/627
f 1023/769/56 1016/762/674 964/710/633
f 1023/769/56 964/710/633 963/709/632
f 54/54/54 1005/751/667 1015/761/674
f 54/54/54 1015/761/674 56/56/56
f 40/40/40 999/745/663 954/700/623
f 40/40/40 954/700/623 37/37/37
f 962/708/631 961/707/630 998/744/663
f 962/708/631 998/744/663 1024/770/680
f 966/712/635 57/57/57 60/60/60
f 966/712/635 60/60/60 1019/765/676
f 1001/747/665 1003/749/33 1025/771/681
f 1001/747/665 1025/771/681 1026/772/682
f 1027/773/683 1028/774/35 985/731/652
f 1027/773/683 985/731/652 967/713/636
f 981/727/38 984/730/651 1029/775/684
f 981/727/38 1029/775/684 1030/776/39
f 1031/777/39 1032/778/684 962/708/631
f 1031/777/39 962/708/631 1024/770/680
f 991/737/657 994/740/41 1033/779/685
f 991/737/657 1033/779/685 1034/780/686
f 1035/781/687 1036/782/688 975/721/644
f 1035/781/687 975/721/644 974/720/643
f 951/697/46 950/696/620 1037/783/689
f 951/697/46 1037/783/689 1038/784/47
f 1039/785/47 1040/786/689 977/723/646
f 1039/785/47 977/723/646 1018/764/675
f 993/739/659 992/738/658 1041/787/690
f 993/739/659 1041/787/690 1042/788/51
f 1043/789/51 1044/790/691 968/714/637
f 1043/789/51 968/714/637 1017/763/52
f 949/695/619 952/698/621 1045/791/692
f 949/695/619 1045/791/692 1046/792/693
f 1047/793/693 1048/794/55 1023/769/56
f 1047/793/693 1023/769/56 963/709/632
f 1002/748/58 1000/746/664 1049/795/694
f 1002/748/58 1049/795/694 1050/796/59
f 1051/797/59 1052/798/695 980/726/649
f 1051/797/59 980/726/649 1022/768/679
f 983/729/650 982/728/61 1053/799/63
f 983/729/650 1053/799/63 1054/800/696
f 1055/801/697 1056/802/63 1021/767/678
f 1055/801/697 1021/767/678 978/724/647
f 1000/746/664 991/737/657 1034/780/686
f 1000/746/664 1034/780/686 1049/795/694
f 1052/798/695 1035/781/687 974/720/643
f 1052/798/695 974/720/643 980/726/649
f 992/738/658 1001/747/665 1026/772/682
f 992/738/658 1026/772/682 1041/787/690
f 1044/790/691 1027/773/683 967/713/636
f 1044/790/691 967/713/636 968/714/637
f 984/730/651 949/695/619 1046/792/693
f 984/730/651 1046/792/693 1029/775/684
f 1032/778/684 1047/793/693 963/709/632
f 1032/778/684 963/709/632 962/708/631
f 950/696/620 983/729/650 1054/800/696
f 950/696/620 1054/800/696 1037/783/689
f 1040/786/689 1055/801/697 978/724/647
f 1040/786/689 978/724/647 977/723/646
f 1057/691/698 1058/692/699 1059/693/700
f 1057/691/698 1059/693/700 1060/694/701
f 1061/695/702 1062/696/703 1063/697/78
f 1061/695/702 1063/697/78 1064/698/704
f 69/37/69 94/62/94 93/61/93
f 69/37/69 93/61/93 70/38/70
f 82/50/82 81/49/81 74/42/74
f 82/50/82 74/42/74 73/41/73
f 1065/699/705 1066/700/706 1067/701/707
f 1065/699/705 1067/701/707 1068/702/708
f 1069/703/709 1070/704/710 1071/705/711
f 1069/703/709 1071/705/711 1072/706/712
f 85/53/85 78/46/78 77/45/77
f 85/53/85 77/45/77 86/54/86
f 1073/707/713 1074/708/714 1075/709/715
f 1073/707/713 1075/709/715 1076/710/716
f 89/57/89 66/34/66 65/33/65
f 89/57/89 65/33/65 90/58/90
f 1058/692/699 1073/707/713 1076/710/716
f 1058/692/699 1076/710/716 1059/693/700
f 1068/702/708 1067/701/707 1077/711/717
f 1068/702/708 1077/711/717 1078/712/718
f 1078/712/718 1077/711/717 66/34/66
f 1078/712/718 66/34/66 89/57/89
f 1079/713/719 1057/691/698 1060/694/701
f 1079/713/719 1060/694/701 1080/714/720
f 1081/715/721 1082/716/722 1083/717/723
f 1081/715/721 1083/717/723 1084/718/724
f 1085/719/725 1086/720/726 1087/721/727
f 1085/719/725 1087/721/727 1088/722/728
f 1083/717/723 1089/723/729 1090/724/730
f 1083/717/723 1090/724/730 1084/718/724
f 1086/720/726 1085/719/725 1091/725/731
f 1086/720/726 1091/725/731 1092/726/732
f 1093/727/70 1094/728/93 1095/729/733
f 1093/727/70 1095/729/733 1096/730/734
f 1057/691/698 1079/713/719 1097/731/735
f 1057/691/698 1097/731/735 1098/732/736
f 1085/719/725 1082/716/722 1081/715/721
f 1085/719/725 1081/715/721 1091/725/731
f 1065/699/705 1068/702/708 1099/733/737
f 1065/699/705 1099/733/737 1100/734/738
f 1101/735/739 1102/736/740 1081/715/721
f 1101/735/739 1081/715/721 1084/718/724
f 1103/737/741 1104/738/742 1105/739/743
f 1103/737/741 1105/739/743 1106/740/73
f 94/62/94 69/37/69 1066/700/706
f 94/62/94 1066/700/706 1065/699/705
f 1058/692/699 1057/691/698 1098/732/736
f 1058/692/699 1098/732/736 1107/741/744
f 1108/742/745 1109/743/746 1077/711/717
f 1108/742/745 1077/711/717 1067/701/707
f 1073/707/713 1058/692/699 1107/741/744
f 1073/707/713 1107/741/744 1110/744/747
f 1111/745/747 1108/742/745 1067/701/707
f 1111/745/747 1067/701/707 1066/700/706
f 1104/738/742 1103/737/741 1112/746/748
f 1104/738/742 1112/746/748 1113/747/749
f 1109/743/746 68/36/68 66/34/66
f 1109/743/746 66/34/66 1077/711/717
f 1114/748/90 1115/749/65 1113/747/749
f 1114/748/90 1113/747/749 1112/746/748
f 86/54/86 77/45/77 1116/750/750
f 86/54/86 1116/750/750 1117/751/751
f 1082/716/722 1085/719/725 1088/722/728
f 1082/716/722 1088/722/728 1118/752/752
f 1119/753/753 1120/754/728 1070/704/710
f 1119/753/753 1070/704/710 1069/703/709
f 1083/717/723 1082/716/722 1118/752/752
f 1083/717/723 1118/752/752 1121/755/754
f 1122/756/754 1119/753/753 1069/703/709
f 1122/756/754 1069/703/709 1116/750/750
f 1072/706/712 1071/705/711 1123/757/755
f 1072/706/712 1123/757/755 1124/758/756
f 1125/759/757 1126/760/755 1060/694/701
f 1125/759/757 1060/694/701 1059/693/700
f 1117/751/751 1072/706/712 1124/758/756
f 1117/751/751 1124/758/756 1127/761/758
f 1128/762/758 1125/759/757 1059/693/700
f 1128/762/758 1059/693/700 1076/710/716
f 1062/696/703 1061/695/702 1096/730/734
f 1062/696/703 1096/730/734 1095/729/733
f 1071/705/711 81/49/81 84/52/84
f 1071/705/711 84/52/84 1123/757/755
f 1126/760/755 1129/763/84 1080/714/720
f 1126/760/755 1080/714/720 1060/694/701
f 1089/723/729 1083/717/723 1121/755/754
f 1089/723/729 1121/755/754 1130/764/759
f 80/48/80 1122/756/754 1116/750/750
f 80/48/80 1116/750/750 77/45/77
f 1068/702/708 1078/712/718 1131/765/760
f 1068/702/708 1131/765/760 1099/733/737
f 1102/736/740 1132/766/761 1091/725/731
f 1102/736/740 1091/725/731 1081/715/721
f 81/49/81 1071/705/711 1070/704/710
f 81/49/81 1070/704/710 74/42/74
f 94/62/94 1065/699/705 1100/734/738
f 94/62/94 1100/734/738 96/64/96
f 1133/767/762 1101/735/739 1084/718/724
f 1133/767/762 1084/718/724 1090/724/730
f 1116/750/750 1069/703/709 1072/706/712
f 1116/750/750 1072/706/712 1117/751/751
f 1132/766/761 1134/768/763 1092/726/732
f 1132/766/761 1092/726/732 1091/725/731
f 1120/754/728 76/44/76 74/42/74
f 1120/754/728 74/42/74 1070/704/710
f 1135/769/88 1128/762/758 1076/710/716
f 1135/769/88 1076/710/716 1075/709/715
f 86/54/86 1117/751/751 1127/761/758
f 86/54/86 1127/761/758 88/56/88
f 72/40/72 1111/745/747 1066/700/706
f 72/40/72 1066/700/706 69/37/69
f 1074/708/714 1073/707/713 1110/744/747
f 1074/708/714 1110/744/747 1136/770/764
f 1078/712/718 89/57/89 92/60/92
f 1078/712/718 92/60/92 1131/765/760
f 1113/747/749 1115/749/65 1137/771/765
f 1113/747/749 1137/771/765 1138/772/766
f 1139/773/767 1140/774/67 1097/731/735
f 1139/773/767 1097/731/735 1079/713/719
f 1093/727/70 1096/730/734 1141/775/768
f 1093/727/70 1141/775/768 1142/776/769
f 1143/777/71 1144/778/770 1074/708/714
f 1143/777/71 1074/708/714 1136/770/764
f 1103/737/741 1106/740/73 1145/779/75
f 1103/737/741 1145/779/75 1146/780/771
f 1147/781/772 1148/782/773 1087/721/727
f 1147/781/772 1087/721/727 1086/720/726
f 1063/697/78 1062/696/703 1149/783/774
f 1063/697/78 1149/783/774 1150/784/79
f 1151/785/79 1152/786/774 1089/723/729
f 1151/785/79 1089/723/729 1130/764/759
f 1105/739/743 1104/738/742 1153/787/775
f 1105/739/743 1153/787/775 1154/788/83
f 1155/789/83 1156/790/776 1080/714/720
f 1155/789/83 1080/714/720 1129/763/84
f 1061/695/702 1064/698/704 1157/791/87
f 1061/695/702 1157/791/87 1158/792/777
f 1159/793/777 1160/794/778 1135/769/88
f 1159/793/777 1135/769/88 1075/709/715
f 1114/748/90 1112/746/748 1161/795/779
f 1114/748/90 1161/795/779 1162/796/91
f 1163/797/780 1164/798/781 1092/726/732
f 1163/797/780 1092/726/732 1134/768/763
f 1095/729/733 1094/728/93 1165/799/95
f 1095/729/733 1165/799/95 1166/800/782
f 1167/801/783 1168/802/95 1133/767/762
f 1167/801/783 1133/767/762 1090/724/730
f 1112/746/748 1103/737/741 1146/780/771
f 1112/746/748 1146/780/771 1161/795/779
f 1164/798/781 1147/781/772 1086/720/726
f 1164/798/781 1086/720/726 1092/726/732
f 1104/738/742 1113/747/749 1138/772/766
f 1104/738/742 1138/772/766 1153/787/775
f 1156/790/776 1139/773/767 1079/713/719
f 1156/790/776 1079/713/719 1080/714/720
f 1096/730/734 1061/695/702 1158/792/777
f 1096/730/734 1158/792/777 1141/775/768
f 1144/778/770 1159/793/777 1075/709/715
f 1144/778/770 1075/709/715 1074/708/714
f 1062/696/703 1095/729/733 1166/800/782
f 1062/696/703 1166/800/782 1149/783/774
f 1152/786/774 1167/801/783 1090/724/730
f 1152/786/774 1090/724/730 1089/723/729
f 1169/803/784 1170/804/785 1171/805/786
f 1169/803/784 1171/805/786 1172/806/787
f 1173/807/788 1174/808/789 1175/809/104
f 1173/807/788 1175/809/104 1176/810/790
f 1170/804/785 1177/811/791 1178/812/792
f 1170/804/785 1178/812/792 1171/805/786
f 1177/811/791 1179/813/793 1180/814/794
f 1177/811/791 1180/814/794 1178/812/792
f 105/73/105 1181/815/795 1182/816/796
f 105/73/105 1182/816/796 102/70/102
f 1181/815/795 105/73/105 108/76/108
f 1181/815/795 108/76/108 1183/817/797
f 1184/818/798 1182/816/796 1181/815/795
f 1184/818/798 1181/815/795 1185/819/799
f 1186/820/110 1187/821/800 1180/814/794
f 1186/820/110 1180/814/794 1188/822/801
f 1189/823/802 1190/824/803 1191/825/804
f 1189/823/802 1191/825/804 1192/826/805
f 1170/804/785 1169/803/784 1193/827/124
f 1170/804/785 1193/827/124 1194/828/806
f 1195/829/807 1196/830/808 1197/831/809
f 1195/829/807 1197/831/809 1198/832/810
f 1192/826/805 1191/825/804 1199/833/811
f 1192/826/805 1199/833/811 1200/834/812
f 116/84/116 114/82/114 118/86/118
f 116/84/116 118/86/118 117/85/117
f 113/81/113 1201/835/813 1190/824/803
f 113/81/113 1190/824/803 114/82/114
f 1202/836/814 1203/837/101 1204/838/815
f 1202/836/814 1204/838/815 1205/839/816
f 1206/840/817 1207/841/818 1208/842/819
f 1206/840/817 1208/842/819 1209/843/820
f 121/89/121 98/66/98 97/65/97
f 121/89/121 97/65/97 122/90/122
f 125/93/125 109/77/109 112/80/112
f 125/93/125 112/80/112 126/94/126
f 1210/844/821 1211/845/822 1209/843/820
f 1210/844/821 1209/843/820 1208/842/819
f 1212/846/823 1213/847/824 1214/848/116
f 1212/846/823 1214/848/116 1215/849/117
f 1195/829/807 1205/839/816 1204/838/815
f 1195/829/807 1204/838/815 1196/830/808
f 1216/850/825 1174/808/789 1173/807/788
f 1216/850/825 1173/807/788 1217/851/826
f 1173/807/788 1207/841/818 1206/840/817
f 1173/807/788 1206/840/817 1217/851/826
f 1200/834/812 97/65/97 100/68/100
f 1200/834/812 100/68/100 1218/852/827
f 105/73/105 102/70/102 101/69/101
f 105/73/105 101/69/101 106/74/106
f 1200/834/812 1199/833/811 122/90/122
f 1200/834/812 122/90/122 97/65/97
f 1189/823/802 1192/826/805 1219/853/828
f 1189/823/802 1219/853/828 1220/854/829
f 1221/855/829 1222/856/830 1206/840/817
f 1221/855/829 1206/840/817 1209/843/820
f 1177/811/791 1170/804/785 1194/828/806
f 1177/811/791 1194/828/806 1223/857/831
f 1224/858/831 1225/859/806 1199/833/811
f 1224/858/831 1199/833/811 1191/825/804
f 1179/813/793 1177/811/791 1223/857/831
f 1179/813/793 1223/857/831 1226/860/832
f 1201/835/813 1224/858/831 1191/825/804
f 1201/835/813 1191/825/804 1190/824/803
f 1227/861/833 109/77/109 125/93/125
f 1227/861/833 125/93/125 1228/862/834
f 1208/842/819 1207/841/818 1229/863/835
f 1208/842/819 1229/863/835 1230/864/836
f 1231/865/836 1232/866/837 1184/818/798
f 1231/865/836 1184/818/798 1228/862/834
f 1233/867/112 1234/868/838 1235/869/839
f 1233/867/112 1235/869/839 1236/870/840
f 1227/861/833 1185/819/799 1237/871/841
f 1227/861/833 1237/871/841 1238/872/800
f 1187/821/800 1239/873/841 1178/812/792
f 1187/821/800 1178/812/792 1180/814/794
f 1240/874/827 1241/875/100 1216/850/825
f 1240/874/827 1216/850/825 1217/851/826
f 1242/876/842 104/72/104 102/70/102
f 1242/876/842 102/70/102 1182/816/796
f 109/77/109 1227/861/833 1238/872/800
f 109/77/109 1238/872/800 110/78/110
f 1243/877/843 1179/813/793 1226/860/832
f 1243/877/843 1226/860/832 1244/878/844
f 1213/847/824 1212/846/823 1235/869/839
f 1213/847/824 1235/869/839 1234/868/838
f 118/86/118 114/82/114 1190/824/803
f 118/86/118 1190/824/803 1189/823/802
f 1179/813/793 1243/877/843 1188/822/801
f 1179/813/793 1188/822/801 1180/814/794
f 1207/841/818 1173/807/788 1176/810/790
f 1207/841/818 1176/810/790 1229/863/835
f 1232/866/837 1242/876/842 1182/816/796
f 1232/866/837 1182/816/796 1184/818/798
f 1185/819/799 1181/815/795 1183/817/797
f 1185/819/799 1183/817/797 1237/871/841
f 1239/873/841 1245/879/845 1171/805/786
f 1239/873/841 1171/805/786 1178/812/792
f 1192/826/805 1200/834/812 1218/852/827
f 1192/826/805 1218/852/827 1219/853/828
f 1222/856/830 1240/874/827 1217/851/826
f 1222/856/830 1217/851/826 1206/840/817
f 1225/859/806 124/92/124 122/90/122
f 1225/859/806 122/90/122 1199/833/811
f 1245/879/845 1246/880/846 1172/806/787
f 1245/879/845 1172/806/787 1171/805/786
f 128/96/128 1231/865/836 1228/862/834
f 128/96/128 1228/862/834 125/93/125
f 1210/844/821 1208/842/819 1230/864/836
f 1210/844/821 1230/864/836 1247/881/128
f 1248/882/847 1221/855/829 1209/843/820
f 1248/882/847 1209/843/820 1211/845/822
f 118/86/118 1189/823/802 1220/854/829
f 118/86/118 1220/854/829 120/88/120
f 1197/831/809 1196/830/808 1249/883/848
f 1197/831/809 1249/883/848 1250/884/99
f 1251/885/99 1252/886/849 1216/850/825
f 1251/885/99 1216/850/825 1241/875/100
f 1204/838/815 1203/837/101 1253/887/103
f 1204/838/815 1253/887/103 1254/888/850
f 1255/889/851 1256/890/852 1175/809/104
f 1255/889/851 1175/809/104 1174/808/789
f 1202/836/814 1205/839/816 1257/891/853
f 1202/836/814 1257/891/853 1258/892/854
f 1259/893/855 1260/894/856 1172/806/787
f 1259/893/855 1172/806/787 1246/880/846
f 1186/820/110 1188/822/801 1261/895/857
f 1186/820/110 1261/895/857 1262/896/111
f 1263/897/111 1264/898/858 1234/868/838
f 1263/897/111 1234/868/838 1233/867/112
f 1243/877/843 1244/878/844 1265/899/115
f 1243/877/843 1265/899/115 1266/900/859
f 1267/901/860 1268/902/115 1214/848/116
f 1267/901/860 1214/848/116 1213/847/824
f 1212/846/823 1215/849/117 1269/903/119
f 1212/846/823 1269/903/119 1270/904/861
f 1271/905/861 1272/906/119 1248/882/847
f 1271/905/861 1248/882/847 1211/845/822
f 1195/829/807 1198/832/810 1273/907/862
f 1195/829/807 1273/907/862 1274/908/863
f 1275/909/864 1276/910/862 1193/827/124
f 1275/909/864 1193/827/124 1169/803/784
f 1236/870/840 1235/869/839 1277/911/865
f 1236/870/840 1277/911/865 1278/912/866
f 1279/913/866 1280/914/867 1210/844/821
f 1279/913/866 1210/844/821 1247/881/128
f 1169/803/784 1172/806/787 1260/894/856
f 1169/803/784 1260/894/856 1275/909/864
f 1274/908/863 1257/891/853 1205/839/816
f 1274/908/863 1205/839/816 1195/829/807
f 1213/847/824 1234/868/838 1264/898/858
f 1213/847/824 1264/898/858 1267/901/860
f 1266/900/859 1261/895/857 1188/822/801
f 1266/900/859 1188/822/801 1243/877/843
f 1196/830/808 1204/838/815 1254/888/850
f 1196/830/808 1254/888/850 1249/883/848
f 1252/886/849 1255/889/851 1174/808/789
f 1252/886/849 1174/808/789 1216/850/825
f 1235/869/839 1212/846/823 1270/904/861
f 1235/869/839 1270/904/861 1277/911/865
f 1280/914/867 1271/905/861 1211/845/822
f 1280/914/867 1211/845/822 1210/844/821
f 1228/862/834 1184/818/798 1185/819/799
f 1228/862/834 1185/819/799 1227/861/833
f 1281/803/868 1282/804/869 1283/805/870
f 1281/803/868 1283/805/870 1284/806/871
f 1285/807/872 1286/808/873 1287/809/136
f 1285/807/872 1287/809/136 1288/810/874
f 1282/804/869 1289/811/875 1290/812/876
f 1282/804/869 1290/812/876 1283/805/870
f 1289/811/875 1291/813/877 1292/814/878
f 1289/811/875 1292/814/878 1290/812/876
f 137/73/137 1293/815/879 1294/816/880
f 137/73/137 1294/816/880 134/70/134
f 1293/815/879 137/73/137 140/76/140
f 1293/815/879 140/76/140 1295/817/881
f 1296/818/882 1294/816/880 1293/815/879
f 1296/818/882 1293/815/879 1297/819/883
f 1298/820/142 1299/821/884 1292/814/878
f 1298/820/142 1292/814/878 1300/822/885
f 1301/823/886 1302/824/887 1303/825/888
f 1301/823/886 1303/825/888 1304/826/889
f 1282/804/869 1281/803/868 1305/827/156
f 1282/804/869 1305/827/156 1306/828/890
f 1307/829/891 1308/830/892 1309/831/893
f 1307/829/891 1309/831/893 1310/832/894
f 1304/826/889 1303/825/888 1311/833/895
f 1304/826/889 1311/833/895 1312/834/896
f 148/84/148 146/82/146 150/86/150
f 148/84/148 150/86/150 149/85/149
f 145/81/145 1313/835/897 1302/824/887
f 145/81/145 1302/824/887 146/82/146
f 1314/836/898 1315/837/133 1316/838/899
f 1314/836/898 1316/838/899 1317/839/900
f 1318/840/901 1319/841/902 1320/842/903
f 1318/840/901 1320/842/903 1321/843/904
f 153/89/153 130/66/130 129/65/129
f 153/89/153 129/65/129 154/90/154
f 157/93/157 141/77/141 144/80/144
f 157/93/157 144/80/144 158/94/158
f 1322/844/905 1323/845/906 1321/843/904
f 1322/844/905 1321/843/904 1320/842/903
f 1324/846/907 1325/847/908 1326/848/148
f 1324/846/907 1326/848/148 1327/849/149
f 1307/829/891 1317/839/900 1316/838/899
f 1307/829/891 1316/838/899 1308/830/892
f 1328/850/909 1286/808/873 1285/807/872
f 1328/850/909 1285/807/872 1329/851/910
f 1285/807/872 1319/841/902 1318/840/901
f 1285/807/872 1318/840/901 1329/851/910
f 1312/834/896 129/65/129 132/68/132
f 1312/834/896 132/68/132 1330/852/911
f 137/73/137 134/70/134 133/69/133
f 137/73/137 133/69/133 138/74/138
f 1312/834/896 1311/833/895 154/90/154
f 1312/834/896 154/90/154 129/65/129
f 1301/823/886 1304/826/889 1331/853/912
f 1301/823/886 1331/853/912 1332/854/913
f 1333/855/913 1334/856/914 1318/840/901
f 1333/855/913 1318/840/901 1321/843/904
f 1289/811/875 1282/804/869 1306/828/890
f 1289/811/875 1306/828/890 1335/857/915
f 1336/858/915 1337/859/890 1311/833/895
f 1336/858/915 1311/833/895 1303/825/888
f 1291/813/877 1289/811/875 1335/857/915
f 1291/813/877 1335/857/915 1338/860/916
f 1313/835/897 1336/858/915 1303/825/888
f 1313/835/897 1303/825/888 1302/824/887
f 1339/861/917 141/77/141 157/93/157
f 1339/861/917 157/93/157 1340/862/918
f 1320/842/903 1319/841/902 1341/863/919
f 1320/842/903 1341/863/919 1342/864/920
f 1343/865/920 1344/866/921 1296/818/882
f 1343/865/920 1296/818/882 1340/862/918
f 1345/867/144 1346/868/922 1347/869/923
f 1345/867/144 1347/869/923 1348/870/924
f 1339/861/917 1297/819/883 1349/871/925
f 1339/861/917 1349/871/925 1350/872/884
f 1299/821/884 1351/873/925 1290/812/876
f 1299/821/884 1290/812/876 1292/814/878
f 1352/874/911 1353/875/926 1328/850/909
f 1352/874/911 1328/850/909 1329/851/910
f 1354/876/927 136/72/136 134/70/134
f 1354/876/927 134/70/134 1294/816/880
f 141/77/141 1339/861/917 1350/872/884
f 141/77/141 1350/872/884 142/78/142
f 1355/877/928 1291/813/877 1338/860/916
f 1355/877/928 1338/860/916 1356/878/929
f 1325/847/908 1324/846/907 1347/869/923
f 1325/847/908 1347/869/923 1346/868/922
f 150/86/150 146/82/146 1302/824/887
f 150/86/150 1302/824/887 1301/823/886
f 1291/813/877 1355/877/928 1300/822/885
f 1291/813/877 1300/822/885 1292/814/878
f 1319/841/902 1285/807/872 1288/810/874
f 1319/841/902 1288/810/874 1341/863/919
f 1344/866/921 1354/876/927 1294/816/880
f 1344/866/921 1294/816/880 1296/818/882
f 1297/819/883 1293/815/879 1295/817/881
f 1297/819/883 1295/817/881 1349/871/925
f 1351/873/925 1357/879/930 1283/805/870
f 1351/873/925 1283/805/870 1290/812/876
f 1304/826/889 1312/834/896 1330/852/911
f 1304/826/889 1330/852/911 1331/853/912
f 1334/856/914 1352/874/911 1329/851/910
f 1334/856/914 1329/851/910 1318/840/901
f 1337/859/890 156/92/156 154/90/154
f 1337/859/890 154/90/154 1311/833/895
f 1357/879/930 1358/880/931 1284/806/871
f 1357/879/930 1284/806/871 1283/805/870
f 160/96/160 1343/865/920 1340/862/918
f 160/96/160 1340/862/918 157/93/157
f 1322/844/905 1320/842/903 1342/864/920
f 1322/844/905 1342/864/920 1359/881/160
f 1360/882/932 1333/855/913 1321/843/904
f 1360/882/932 1321/843/904 1323/845/906
f 150/86/150 1301/823/886 1332/854/913
f 150/86/150 1332/854/913 152/88/152
f 1309/831/893 1308/830/892 1361/883/933
f 1309/831/893 1361/883/933 1362/884/131
f 1363/885/131 1364/886/934 1328/850/909
f 1363/885/131 1328/850/909 1353/875/926
f 1316/838/899 1315/837/133 1365/887/135
f 1316/838/899 1365/887/135 1366/888/935
f 1367/889/936 1368/890/937 1287/809/136
f 1367/889/936 1287/809/136 1286/808/873
f 1314/836/898 1317/839/900 1369/891/938
f 1314/836/898 1369/891/938 1370/892/939
f 1371/893/940 1372/894/941 1284/806/871
f 1371/893/940 1284/806/871 1358/880/931
f 1298/820/142 1300/822/885 1373/895/942
f 1298/820/142 1373/895/942 1374/896/143
f 1375/897/143 1376/898/943 1346/868/922
f 1375/897/143 1346/868/922 1345/867/144
f 1355/877/928 1356/878/929 1377/899/147
f 1355/877/928 1377/899/147 1378/900/944
f 1379/901/945 1380/902/147 1326/848/148
f 1379/901/945 1326/848/148 1325/847/908
f 1324/846/907 1327/849/149 1381/903/151
f 1324/846/907 1381/903/151 1382/904/946
f 1383/905/946 1384/906/151 1360/882/932
f 1383/905/946 1360/882/932 1323/845/906
f 1307/829/891 1310/832/894 1385/907/947
f 1307/829/891 1385/907/947 1386/908/948
f 1387/909/949 1388/910/947 1305/827/156
f 1387/909/949 1305/827/156 1281/803/868
f 1348/870/924 1347/869/923 1389/911/950
f 1348/870/924 1389/911/950 1390/912/951
f 1391/913/951 1392/914/952 1322/844/905
f 1391/913/951 1322/844/905 1359/881/160
f 1281/803/868 1284/806/871 1372/894/941
f 1281/803/868 1372/894/941 1387/909/949
f 1386/908/948 1369/891/938 1317/839/900
f 1386/908/948 1317/839/900 1307/829/891
f 1325/847/908 1346/868/922 1376/898/943
f 1325/847/908 1376/898/943 1379/901/945
f 1378/900/944 1373/895/942 1300/822/885
f 1378/900/944 1300/822/885 1355/877/928
f 1308/830/892 1316/838/899 1366/888/935
f 1308/830/892 1366/888/935 1361/883/933
f 1364/886/934 1367/889/936 1286/808/873
f 1364/886/934 1286/808/873 1328/850/909
f 1347/869/923 1324/846/907 1382/904/946
f 1347/869/923 1382/904/946 1389/911/950
f 1392/914/952 1383/905/946 1323/845/906
f 1392/914/952 1323/845/906 1322/844/905
f 1340/862/918 1296/818/882 1297/819/883
f 1340/862/918 1297/819/883 1339/861/917
f 1393/915/276 1394/916/243 1395/917/953
f 1393/915/276 1395/917/953 1396/918/954
f 1397/919/955 1398/920/956 1399/921/957
f 1397/919/955 1399/921/957 1400/922/958
f 1401/923/959 1402/924/960 1403/925/961
f 1401/923/959 1403/925/961 1404/926/962
f 1405/927/961 1406/928/962 1407/929/959
f 1405/927/961 1407/929/959 1408/930/960
f 1409/931/958 1410/932/955 1411/933/956
f 1409/931/958 1411/933/956 1412/934/957
f 1413/935/955 1414/936/956 1415/937/957
f 1413/935/955 1415/937/957 1416/938/958
f 1417/939/959 1418/940/960 1419/941/961
f 1417/939/959 1419/941/961 1420/942/962
f 1421/943/954 1422/944/276 1423/945/243
f 1421/943/954 1423/945/243 1424/946/953
f 1425/947/963 1426/948/964 1427/949/248
f 1425/947/963 1427/949/248 1428/950/271
f 1429/951/955 1430/952/956 1431/953/957
f 1429/951/955 1431/953/957 1432/954/958
f 1433/955/965 1434/956/966 1435/957/967
f 1433/955/965 1435/957/967 1436/958/968
f 1437/959/961 1438/960/962 1439/961/959
f 1437/959/961 1439/961/959 1440/962/960
f 1441/963/954 1442/964/276 1443/965/243
f 1441/963/954 1443/965/243 1444/966/953
f 1445/967/271 1446/968/963 1447/969/964
f 1445/967/271 1447/969/964 1448/970/248
f 1449/971/954 1450/972/276 1451/973/243
f 1449/971/954 1451/973/243 1452/974/953
f 1453/975/954 1454/976/276 1455/977/243
f 1453/975/954 1455/977/243 1456/978/953
f 1457/979/961 1458/980/962 1459/981/959
f 1457/979/961 1459/981/959 1460/982/960
f 1461/983/271 1462/984/963 1463/985/964
f 1461/983/271 1463/985/964 1464/986/248
f 1465/987/271 1466/988/963 1467/989/964
f 1465/987/271 1467/989/964 1468/990/248
f 1469/991/271 1470/992/963 1471/993/964
f 1469/991/271 1471/993/964 1472/994/248
f 1473/995/967 1474/996/969 1475/997/970
f 1473/995/967 1475/997/970 1476/998/971
f 1421/943/954 1477/999/972 1478/1000/973
f 1421/943/954 1478/1000/973 1479/1001/974
f 1409/931/958 1480/1002/975 1481/1003/976
f 1409/931/958 1481/1003/976 1482/1004/977
f 1483/1005/968 1484/1006/978 1485/1007/979
f 1483/1005/968 1485/1007/979 1486/1008/980
f 1412/934/957 1487/1009/981 1488/1010/982
f 1412/934/957 1488/1010/982 1489/1011/983
f 1446/968/963 1490/1012/984 1491/1013/985
f 1446/968/963 1491/1013/985 1492/1014/986
f 1422/944/276 1421/943/954 1479/1001/974
f 1422/944/276 1479/1001/974 1493/1015/987
f 1494/1016/987 1474/996/969 1473/995/967
f 1494/1016/987 1473/995/967 1495/1017/966
f 1446/968/963 1445/967/271 1496/1018/988
f 1446/968/963 1496/1018/988 1490/1012/984
f 1486/1008/980 1497/1019/988 1498/1020/965
f 1486/1008/980 1498/1020/965 1483/1005/968
f 1457/979/961 1460/982/960 1499/1021/989
f 1457/979/961 1499/1021/989 1500/1022/990
f 1501/1023/990 1502/1024/991 1424/946/953
f 1501/1023/990 1424/946/953 1423/945/243
f 1459/981/959 1458/980/962 1503/1025/992
f 1459/981/959 1503/1025/992 1504/1026/993
f 1505/1027/994 1506/1028/992 1448/970/248
f 1505/1027/994 1448/970/248 1447/969/964
f 1421/943/954 1424/946/953 1502/1024/991
f 1421/943/954 1502/1024/991 1477/999/972
f 1482/1004/977 1507/1029/995 1410/932/955
f 1482/1004/977 1410/932/955 1409/931/958
f 1447/969/964 1446/968/963 1492/1014/986
f 1447/969/964 1492/1014/986 1505/1027/994
f 1508/1030/996 1487/1009/981 1412/934/957
f 1508/1030/996 1412/934/957 1411/933/956
f 1483/1005/968 1473/995/967 1476/998/971
f 1483/1005/968 1476/998/971 1484/1006/978
f 1489/1011/983 1480/1002/975 1409/931/958
f 1489/1011/983 1409/931/958 1412/934/957
f 1483/1005/968 1498/1020/965 1495/1017/966
f 1483/1005/968 1495/1017/966 1473/995/967
f 1509/1031/967 1510/1032/974 1511/1033/997
f 1509/1031/967 1511/1033/997 1512/1034/971
f 1449/971/954 1513/1035/977 1514/1036/973
f 1449/971/954 1514/1036/973 1515/1037/974
f 1400/922/958 1516/1038/975 1517/1039/976
f 1400/922/958 1517/1039/976 1518/1040/977
f 1519/1041/968 1520/1042/978 1521/1043/979
f 1519/1041/968 1521/1043/979 1522/1044/980
f 1399/921/957 1523/1045/981 1524/1046/982
f 1399/921/957 1524/1046/982 1525/1047/983
f 1462/984/963 1526/1048/980 1527/1049/985
f 1462/984/963 1527/1049/985 1528/1050/986
f 1450/972/276 1449/971/954 1515/1037/974
f 1450/972/276 1515/1037/974 1529/1051/987
f 1530/1052/987 1510/1032/974 1509/1031/967
f 1530/1052/987 1509/1031/967 1531/1053/966
f 1462/984/963 1461/983/271 1532/1054/988
f 1462/984/963 1532/1054/988 1526/1048/980
f 1522/1044/980 1533/1055/988 1534/1056/965
f 1522/1044/980 1534/1056/965 1519/1041/968
f 1437/959/961 1440/962/960 1535/1057/989
f 1437/959/961 1535/1057/989 1536/1058/990
f 1537/1059/990 1538/1060/991 1452/974/953
f 1537/1059/990 1452/974/953 1451/973/243
f 1439/961/959 1438/960/962 1539/1061/992
f 1439/961/959 1539/1061/992 1540/1062/993
f 1541/1063/994 1542/1064/992 1464/986/248
f 1541/1063/994 1464/986/248 1463/985/964
f 1397/919/955 1400/922/958 1518/1040/977
f 1397/919/955 1518/1040/977 1543/1065/995
f 1538/1060/991 1513/1035/977 1449/971/954
f 1538/1060/991 1449/971/954 1452/974/953
f 1399/921/957 1398/920/956 1544/1066/996
f 1399/921/957 1544/1066/996 1523/1045/981
f 1528/1050/986 1541/1063/994 1463/985/964
f 1528/1050/986 1463/985/964 1462/984/963
f 1519/1041/968 1509/1031/967 1512/1034/971
f 1519/1041/968 1512/1034/971 1520/1042/978
f 1525/1047/983 1516/1038/975 1400/922/958
f 1525/1047/983 1400/922/958 1399/921/957
f 1531/1053/966 1509/1031/967 1519/1041/968
f 1531/1053/966 1519/1041/968 1534/1056/965
f 1545/1067/967 1546/1068/969 1547/1069/997
f 1545/1067/967 1547/1069/997 1548/1070/971
f 1453/975/954 1549/1071/972 1550/1072/973
f 1453/975/954 1550/1072/973 1551/1073/974
f 1416/938/958 1552/1074/975 1553/1075/976
f 1416/938/958 1553/1075/976 1554/1076/977
f 1555/1077/968 1556/1078/978 1557/1079/979
f 1555/1077/968 1557/1079/979 1558/1080/980
f 1415/937/957 1559/1081/981 1560/1082/982
f 1415/937/957 1560/1082/982 1561/1083/983
f 1466/988/963 1562/1084/984 1563/1085/985
f 1466/988/963 1563/1085/985 1564/1086/986
f 1466/988/963 1465/987/271 1565/1087/988
f 1466/988/963 1565/1087/988 1562/1084/984
f 1558/1080/980 1566/1088/988 1567/1089/965
f 1558/1080/980 1567/1089/965 1555/1077/968
f 1454/976/276 1453/975/954 1551/1073/974
f 1454/976/276 1551/1073/974 1568/1090/987
f 1569/1091/987 1546/1068/969 1545/1067/967
f 1569/1091/987 1545/1067/967 1570/1092/966
f 1413/935/955 1416/938/958 1554/1076/977
f 1413/935/955 1554/1076/977 1571/1093/995
f 1572/1094/991 1549/1071/972 1453/975/954
f 1572/1094/991 1453/975/954 1456/978/953
f 1415/937/957 1414/936/956 1573/1095/996
f 1415/937/957 1573/1095/996 1559/1081/981
f 1564/1086/986 1574/1096/994 1467/989/964
f 1564/1086/986 1467/989/964 1466/988/963
f 1555/1077/968 1545/1067/967 1548/1070/971
f 1555/1077/968 1548/1070/971 1556/1078/978
f 1561/1083/983 1552/1074/975 1416/938/958
f 1561/1083/983 1416/938/958 1415/937/957
f 1417/939/959 1420/942/962 1575/1097/992
f 1417/939/959 1575/1097/992 1576/1098/993
f 1574/1096/994 1577/1099/992 1468/990/248
f 1574/1096/994 1468/990/248 1467/989/964
f 1419/941/961 1418/940/960 1578/1100/989
f 1419/941/961 1578/1100/989 1579/1101/990
f 1580/1102/990 1572/1094/991 1456/978/953
f 1580/1102/990 1456/978/953 1455/977/243
f 1545/1067/967 1555/1077/968 1567/1089/965
f 1545/1067/967 1567/1089/965 1570/1092/966
f 1581/1103/967 1582/1104/969 1583/1105/997
f 1581/1103/967 1583/1105/997 1584/1106/971
f 1441/963/954 1585/1107/972 1586/1108/973
f 1441/963/954 1586/1108/973 1587/1109/974
f 1432/954/958 1588/1110/975 1589/1111/976
f 1432/954/958 1589/1111/976 1590/1112/977
f 1591/1113/968 1592/1114/978 1593/1115/979
f 1591/1113/968 1593/1115/979 1594/1116/980
f 1431/953/957 1595/1117/981 1596/1118/982
f 1431/953/957 1596/1118/982 1597/1119/978
f 1470/992/963 1598/1120/984 1599/1121/985
f 1470/992/963 1599/1121/985 1600/1122/986
f 1470/992/963 1469/991/271 1601/1123/988
f 1470/992/963 1601/1123/988 1598/1120/984
f 1594/1116/980 1602/1124/988 1603/1125/965
f 1594/1116/980 1603/1125/965 1591/1113/968
f 1442/964/276 1441/963/954 1587/1109/974
f 1442/964/276 1587/1109/974 1604/1126/987
f 1605/1127/987 1582/1104/969 1581/1103/967
f 1605/1127/987 1581/1103/967 1606/1128/966
f 1405/927/961 1408/930/960 1607/1129/989
f 1405/927/961 1607/1129/989 1608/1130/990
f 1609/1131/990 1610/1132/991 1444/966/953
f 1609/1131/990 1444/966/953 1443/965/243
f 1429/951/955 1432/954/958 1590/1112/977
f 1429/951/955 1590/1112/977 1611/1133/991
f 1610/1132/991 1585/1107/972 1441/963/954
f 1610/1132/991 1441/963/954 1444/966/953
f 1431/953/957 1430/952/956 1612/1134/996
f 1431/953/957 1612/1134/996 1595/1117/981
f 1600/1122/986 1613/1135/994 1471/993/964
f 1600/1122/986 1471/993/964 1470/992/963
f 1591/1113/968 1581/1103/967 1584/1106/971
f 1591/1113/968 1584/1106/971 1592/1114/978
f 1597/1119/978 1588/1110/975 1432/954/958
f 1597/1119/978 1432/954/958 1431/953/957
f 1407/929/959 1406/928/962 1614/1136/992
f 1407/929/959 1614/1136/992 1615/1137/993
f 1613/1135/994 1616/1138/998 1472/994/248
f 1613/1135/994 1472/994/248 1471/993/964
f 1591/1113/968 1603/1125/965 1606/1128/966
f 1591/1113/968 1606/1128/966 1581/1103/967
f 1617/1139/957 1618/1140/981 1619/1141/982
f 1617/1139/957 1619/1141/982 1620/1142/983
f 1425/947/963 1621/1143/984 1622/1144/985
f 1425/947/963 1622/1144/985 1623/1145/986
f 1436/958/968 1624/1146/978 1625/1147/979
f 1436/958/968 1625/1147/979 1626/1148/984
f 1627/1149/958 1628/1150/975 1629/1151/976
f 1627/1149/958 1629/1151/976 1630/1152/977
f 1435/957/967 1631/1153/969 1632/1154/997
f 1435/957/967 1632/1154/997 1633/1155/971
f 1396/918/954 1634/1156/972 1635/1157/973
f 1396/918/954 1635/1157/973 1636/1158/974
f 1436/958/968 1435/957/967 1633/1155/971
f 1436/958/968 1633/1155/971 1624/1146/978
f 1620/1142/983 1628/1150/975 1627/1149/958
f 1620/1142/983 1627/1149/958 1617/1139/957
f 1425/947/963 1428/950/271 1637/1159/988
f 1425/947/963 1637/1159/988 1621/1143/984
f 1626/1148/984 1638/1160/988 1433/955/965
f 1626/1148/984 1433/955/965 1436/958/968
f 1393/915/276 1396/918/954 1636/1158/974
f 1393/915/276 1636/1158/974 1639/1161/987
f 1640/1162/987 1631/1153/969 1435/957/967
f 1640/1162/987 1435/957/967 1434/956/966
f 1403/925/961 1402/924/960 1641/1163/989
f 1403/925/961 1641/1163/989 1642/1164/999
f 1643/1165/990 1644/1166/991 1395/917/953
f 1643/1165/990 1395/917/953 1394/916/243
f 1401/923/959 1404/926/962 1645/1167/992
f 1401/923/959 1645/1167/992 1646/1168/993
f 1647/1169/1000 1648/1170/992 1427/949/248
f 1647/1169/1000 1427/949/248 1426/948/964
f 1649/1171/955 1627/1149/958 1630/1152/977
f 1649/1171/955 1630/1152/977 1650/1172/991
f 1644/1166/991 1634/1156/972 1396/918/954
f 1644/1166/991 1396/918/954 1395/917/953
f 1617/1139/957 1651/1173/956 1652/1174/996
f 1617/1139/957 1652/1174/996 1618/1140/981
f 1623/1145/986 1647/1169/1000 1426/948/964
f 1623/1145/986 1426/948/964 1425/947/963
f 1627/1149/958 1649/1171/955 1651/1173/956
f 1627/1149/958 1651/1173/956 1617/1139/957
f 1653/915/248 1654/916/271 1655/917/1001
f 1653/915/248 1655/917/1001 1656/918/1002
f 1657/919/956 1658/920/955 1659/921/1003
f 1657/919/956 1659/921/1003 1660/922/1004
f 1661/923/1005 1662/924/1006 1663/925/965
f 1661/923/1005 1663/925/965 1664/926/966
f 1665/927/965 1666/928/966 1667/929/1005
f 1665/927/965 1667/929/1005 1668/930/1006
f 1669/931/1004 1670/932/956 1671/933/955
f 1669/931/1004 1671/933/955 1672/934/1003
f 1673/935/956 1674/936/955 1675/937/1003
f 1673/935/956 1675/937/1003 1676/938/1004
f 1677/939/1005 1678/940/1006 1679/941/965
f 1677/939/1005 1679/941/965 1680/942/966
f 1681/943/1002 1682/944/248 1683/945/271
f 1681/943/1002 1683/945/271 1684/946/1001
f 1685/947/1007 1686/948/1008 1687/949/276
f 1685/947/1007 1687/949/276 1688/950/243
f 1689/951/956 1690/952/955 1691/953/1003
f 1689/951/956 1691/953/1003 1692/954/1004
f 1693/955/961 1694/956/962 1695/957/1009
f 1693/955/961 1695/957/1009 1696/958/1010
f 1697/959/965 1698/960/966 1699/961/1005
f 1697/959/965 1699/961/1005 1700/962/1006
f 1701/963/1002 1702/964/248 1703/965/271
f 1701/963/1002 1703/965/271 1704/966/1001
f 1705/967/243 1706/968/1007 1707/969/1008
f 1705/967/243 1707/969/1008 1708/970/276
f 1709/971/1002 1710/972/248 1711/973/271
f 1709/971/1002 1711/973/271 1712/974/1001
f 1713/975/1002 1714/976/248 1715/977/271
f 1713/975/1002 1715/977/271 1716/978/1001
f 1717/979/965 1718/980/966 1719/981/1005
f 1717/979/965 1719/981/1005 1720/982/1006
f 1721/983/243 1722/984/1007 1723/985/1008
f 1721/983/243 1723/985/1008 1724/986/276
f 1725/987/243 1726/988/1007 1727/989/1008
f 1725/987/243 1727/989/1008 1728/990/276
f 1729/991/243 1730/992/1007 1731/993/1008
f 1729/991/243 1731/993/1008 1732/994/276
f 1733/995/1009 1734/996/1011 1735/997/1012
f 1733/995/1009 1735/997/1012 1736/998/1013
f 1681/943/1002 1737/999/1014 1738/1000/1015
f 1681/943/1002 1738/1000/1015 1739/1001/1016
f 1669/931/1004 1740/1002/1017 1741/1003/1018
f 1669/931/1004 1741/1003/1018 1742/1004/1019
f 1743/1005/1010 1744/1006/1020 1745/1007/1021
f 1743/1005/1010 1745/1007/1021 1746/1008/1022
f 1672/934/1003 1747/1009/1023 1748/1010/1024
f 1672/934/1003 1748/1010/1024 1749/1011/1025
f 1706/968/1007 1750/1012/1026 1751/1013/1027
f 1706/968/1007 1751/1013/1027 1752/1014/1028
f 1682/944/248 1681/943/1002 1739/1001/1016
f 1682/944/248 1739/1001/1016 1753/1015/992
f 1754/1016/992 1734/996/1011 1733/995/1009
f 1754/1016/992 1733/995/1009 1755/1017/962
f 1706/968/1007 1705/967/243 1756/1018/990
f 1706/968/1007 1756/1018/990 1750/1012/1026
f 1746/1008/1022 1757/1019/990 1758/1020/961
f 1746/1008/1022 1758/1020/961 1743/1005/1010
f 1717/979/965 1720/982/1006 1759/1021/1029
f 1717/979/965 1759/1021/1029 1760/1022/988
f 1761/1023/988 1762/1024/1030 1684/946/1001
f 1761/1023/988 1684/946/1001 1683/945/271
f 1719/981/1005 1718/980/966 1763/1025/987
f 1719/981/1005 1763/1025/987 1764/1026/1031
f 1765/1027/1032 1766/1028/987 1708/970/276
f 1765/1027/1032 1708/970/276 1707/969/1008
f 1681/943/1002 1684/946/1001 1762/1024/1030
f 1681/943/1002 1762/1024/1030 1737/999/1014
f 1742/1004/1019 1767/1029/1033 1670/932/956
f 1742/1004/1019 1670/932/956 1669/931/1004
f 1707/969/1008 1706/968/1007 1752/1014/1028
f 1707/969/1008 1752/1014/1028 1765/1027/1032
f 1768/1030/1034 1747/1009/1023 1672/934/1003
f 1768/1030/1034 1672/934/1003 1671/933/955
f 1743/1005/1010 1733/995/1009 1736/998/1013
f 1743/1005/1010 1736/998/1013 1744/1006/1020
f 1749/1011/1025 1740/1002/1017 1669/931/1004
f 1749/1011/1025 1669/931/1004 1672/934/1003
f 1743/1005/1010 1758/1020/961 1755/1017/962
f 1743/1005/1010 1755/1017/962 1733/995/1009
f 1769/1031/1009 1770/1032/1011 1771/1033/1012
f 1769/1031/1009 1771/1033/1012 1772/1034/1013
f 1709/971/1002 1773/1035/1014 1774/1036/1015
f 1709/971/1002 1774/1036/1015 1775/1037/1016
f 1660/922/1004 1776/1038/1017 1777/1039/1018
f 1660/922/1004 1777/1039/1018 1778/1040/1019
f 1779/1041/1010 1780/1042/1020 1781/1043/1021
f 1779/1041/1010 1781/1043/1021 1782/1044/1022
f 1659/921/1003 1783/1045/1023 1784/1046/1024
f 1659/921/1003 1784/1046/1024 1785/1047/1025
f 1722/984/1007 1786/1048/1026 1787/1049/1027
f 1722/984/1007 1787/1049/1027 1788/1050/1028
f 1710/972/248 1709/971/1002 1775/1037/1016
f 1710/972/248 1775/1037/1016 1789/1051/992
f 1790/1052/992 1770/1032/1011 1769/1031/1009
f 1790/1052/992 1769/1031/1009 1791/1053/962
f 1722/984/1007 1721/983/243 1792/1054/990
f 1722/984/1007 1792/1054/990 1786/1048/1026
f 1782/1044/1022 1793/1055/990 1794/1056/961
f 1782/1044/1022 1794/1056/961 1779/1041/1010
f 1697/959/965 1700/962/1006 1795/1057/1029
f 1697/959/965 1795/1057/1029 1796/1058/988
f 1797/1059/988 1798/1060/1030 1712/974/1001
f 1797/1059/988 1712/974/1001 1711/973/271
f 1699/961/1005 1698/960/966 1799/1061/987
f 1699/961/1005 1799/1061/987 1800/1062/1031
f 1801/1063/1032 1802/1064/987 1724/986/276
f 1801/1063/1032 1724/986/276 1723/985/1008
f 1657/919/956 1660/922/1004 1778/1040/1019
f 1657/919/956 1778/1040/1019 1803/1065/1030
f 1798/1060/1030 1773/1035/1014 1709/971/1002
f 1798/1060/1030 1709/971/1002 1712/974/1001
f 1659/921/1003 1658/920/955 1804/1066/1034
f 1659/921/1003 1804/1066/1034 1783/1045/1023
f 1788/1050/1028 1801/1063/1032 1723/985/1008
f 1788/1050/1028 1723/985/1008 1722/984/1007
f 1779/1041/1010 1769/1031/1009 1772/1034/1013
f 1779/1041/1010 1772/1034/1013 1780/1042/1020
f 1785/1047/1025 1776/1038/1017 1660/922/1004
f 1785/1047/1025 1660/922/1004 1659/921/1003
f 1791/1053/962 1769/1031/1009 1779/1041/1010
f 1791/1053/962 1779/1041/1010 1794/1056/961
f 1805/1067/1009 1806/1068/1011 1807/1069/1012
f 1805/1067/1009 1807/1069/1012 1808/1070/1013
f 1713/975/1002 1809/1071/1014 1810/1072/1015
f 1713/975/1002 1810/1072/1015 1811/1073/1016
f 1676/938/1004 1812/1074/1017 1813/1075/1018
f 1676/938/1004 1813/1075/1018 1814/1076/1019
f 1815/1077/1010 1816/1078/1020 1817/1079/1021
f 1815/1077/1010 1817/1079/1021 1818/1080/1022
f 1675/937/1003 1819/1081/1023 1820/1082/1024
f 1675/937/1003 1820/1082/1024 1821/1083/1025
f 1726/988/1007 1822/1084/1026 1823/1085/1027
f 1726/988/1007 1823/1085/1027 1824/1086/1028
f 1726/988/1007 1725/987/243 1825/1087/990
f 1726/988/1007 1825/1087/990 1822/1084/1026
f 1818/1080/1022 1826/1088/990 1827/1089/961
f 1818/1080/1022 1827/1089/961 1815/1077/1010
f 1714/976/248 1713/975/1002 1811/1073/1016
f 1714/976/248 1811/1073/1016 1828/1090/992
f 1829/1091/992 1806/1068/1011 1805/1067/1009
f 1829/1091/992 1805/1067/1009 1830/1092/962
f 1673/935/956 1676/938/1004 1814/1076/1019
f 1673/935/956 1814/1076/1019 1831/1093/1033
f 1832/1094/1030 1809/1071/1014 1713/975/1002
f 1832/1094/1030 1713/975/1002 1716/978/1001
f 1675/937/1003 1674/936/955 1833/1095/1034
f 1675/937/1003 1833/1095/1034 1819/1081/1023
f 1824/1086/1028 1834/1096/1032 1727/989/1008
f 1824/1086/1028 1727/989/1008 1726/988/1007
f 1815/1077/1010 1805/1067/1009 1808/1070/1013
f 1815/1077/1010 1808/1070/1013 1816/1078/1020
f 1821/1083/1025 1812/1074/1017 1676/938/1004
f 1821/1083/1025 1676/938/1004 1675/937/1003
f 1677/939/1005 1680/942/966 1835/1097/987
f 1677/939/1005 1835/1097/987 1836/1098/1031
f 1834/1096/1032 1837/1099/987 1728/990/276
f 1834/1096/1032 1728/990/276 1727/989/1008
f 1679/941/965 1678/940/1006 1838/1100/1029
f 1679/941/965 1838/1100/1029 1839/1101/988
f 1840/1102/988 1832/1094/1030 1716/978/1001
f 1840/1102/988 1716/978/1001 1715/977/271
f 1805/1067/1009 1815/1077/1010 1827/1089/961
f 1805/1067/1009 1827/1089/961 1830/1092/962
f 1841/1103/1009 1842/1104/1011 1843/1105/1012
f 1841/1103/1009 1843/1105/1012 1844/1106/1013
f 1701/963/1002 1845/1107/1014 1846/1108/1015
f 1701/963/1002 1846/1108/1015 1847/1109/1016
f 1692/954/1004 1848/1110/1017 1849/1111/1018
f 1692/954/1004 1849/1111/1018 1850/1112/1019
f 1851/1113/1010 1852/1114/1020 1853/1115/1021
f 1851/1113/1010 1853/1115/1021 1854/1116/1022
f 1691/953/1003 1855/1117/1023 1856/1118/1024
f 1691/953/1003 1856/1118/1024 1857/1119/1020
f 1730/992/1007 1858/1120/1022 1859/1121/1027
f 1730/992/1007 1859/1121/1027 1860/1122/1028
f 1730/992/1007 1729/991/243 1861/1123/990
f 1730/992/1007 1861/1123/990 1858/1120/1022
f 1854/1116/1022 1862/1124/999 1863/1125/961
f 1854/1116/1022 1863/1125/961 1851/1113/1010
f 1702/964/248 1701/963/1002 1847/1109/1016
f 1702/964/248 1847/1109/1016 1864/1126/1035
f 1865/1127/992 1842/1104/1011 1841/1103/1009
f 1865/1127/992 1841/1103/1009 1866/1128/962
f 1665/927/965 1668/930/1006 1867/1129/1029
f 1665/927/965 1867/1129/1029 1868/1130/988
f 1869/1131/988 1870/1132/1030 1704/966/1001
f 1869/1131/988 1704/966/1001 1703/965/271
f 1689/951/956 1692/954/1004 1850/1112/1019
f 1689/951/956 1850/1112/1019 1871/1133/1033
f 1870/1132/1030 1845/1107/1014 1701/963/1002
f 1870/1132/1030 1701/963/1002 1704/966/1001
f 1691/953/1003 1690/952/955 1872/1134/1034
f 1691/953/1003 1872/1134/1034 1855/1117/1023
f 1860/1122/1028 1873/1135/1036 1731/993/1008
f 1860/1122/1028 1731/993/1008 1730/992/1007
f 1851/1113/1010 1841/1103/1009 1844/1106/1013
f 1851/1113/1010 1844/1106/1013 1852/1114/1020
f 1857/1119/1020 1848/1110/1017 1692/954/1004
f 1857/1119/1020 1692/954/1004 1691/953/1003
f 1667/929/1005 1666/928/966 1874/1136/987
f 1667/929/1005 1874/1136/987 1875/1137/1031
f 1873/1135/1036 1876/1138/987 1732/994/276
f 1873/1135/1036 1732/994/276 1731/993/1008
f 1851/1113/1010 1863/1125/961 1866/1128/962
f 1851/1113/1010 1866/1128/962 1841/1103/1009
f 1877/1139/1003 1878/1140/1023 1879/1141/1024
f 1877/1139/1003 1879/1141/1024 1880/1142/1025
f 1685/947/1007 1881/1143/1026 1882/1144/1027
f 1685/947/1007 1882/1144/1027 1883/1145/1028
f 1696/958/1010 1884/1146/1020 1885/1147/1021
f 1696/958/1010 1885/1147/1021 1886/1148/1022
f 1887/1149/1004 1888/1150/1017 1889/1151/1018
f 1887/1149/1004 1889/1151/1018 1890/1152/1019
f 1695/957/1009 1891/1153/1011 1892/1154/1012
f 1695/957/1009 1892/1154/1012 1893/1155/1013
f 1656/918/1002 1894/1156/1014 1895/1157/1015
f 1656/918/1002 1895/1157/1015 1896/1158/1016
f 1696/958/1010 1695/957/1009 1893/1155/1013
f 1696/958/1010 1893/1155/1013 1884/1146/1020
f 1880/1142/1025 1888/1150/1017 1887/1149/1004
f 1880/1142/1025 1887/1149/1004 1877/1139/1003
f 1685/947/1007 1688/950/243 1897/1159/990
f 1685/947/1007 1897/1159/990 1881/1143/1026
f 1886/1148/1022 1898/1160/990 1693/955/961
f 1886/1148/1022 1693/955/961 1696/958/1010
f 1653/915/248 1656/918/1002 1896/1158/1016
f 1653/915/248 1896/1158/1016 1899/1161/998
f 1900/1162/992 1891/1153/1011 1695/957/1009
f 1900/1162/992 1695/957/1009 1694/956/962
f 1663/925/965 1662/924/1006 1901/1163/1029
f 1663/925/965 1901/1163/1029 1902/1164/988
f 1903/1165/988 1904/1166/1030 1655/917/1001
f 1903/1165/988 1655/917/1001 1654/916/271
f 1661/923/1005 1664/926/966 1905/1167/987
f 1661/923/1005 1905/1167/987 1906/1168/1031
f 1907/1169/1036 1908/1170/987 1687/949/276
f 1907/1169/1036 1687/949/276 1686/948/1008
f 1909/1171/956 1887/1149/1004 1890/1152/1019
f 1909/1171/956 1890/1152/1019 1910/1172/1030
f 1904/1166/1030 1894/1156/1014 1656/918/1002
f 1904/1166/1030 1656/918/1002 1655/917/1001
f 1877/1139/1003 1911/1173/955 1912/1174/1034
f 1877/1139/1003 1912/1174/1034 1878/1140/1023
f 1883/1145/1028 1907/1169/1036 1686/948/1008
f 1883/1145/1028 1686/948/1008 1685/947/1007
f 1887/1149/1004 1909/1171/956 1911/1173/955
f 1887/1149/1004 1911/1173/955 1877/1139/1003
f 1913/1175/1037 1914/1176/1038 1915/1177/1039
f 1913/1175/1037 1915/1177/1039 1916/1178/1040
f 1917/1179/1041 1918/1180/1042 1919/1181/1043
f 1917/1179/1041 1919/1181/1043 1920/1182/1044
f 1921/1183/1045 1922/1184/1046 1923/1185/1047
f 1921/1183/1045 1923/1185/1047 1924/1186/1048
f 1922/1184/1046 1925/1187/1049 1926/1188/1050
f 1922/1184/1046 1926/1188/1050 1923/1185/1047
f 169/105/169 162/98/162 161/97/161
f 169/105/169 161/97/161 170/106/170
f 1927/1189/1051 1928/1190/1052 1929/1191/1053
f 1927/1189/1051 1929/1191/1053 1930/1192/1054
f 1931/1193/1055 1932/1194/1056 1933/1195/1057
f 1931/1193/1055 1933/1195/1057 1934/1196/1058
f 185/121/185 178/114/178 177/113/177
f 185/121/185 177/113/177 186/122/186
f 1925/1187/1049 1935/1197/1059 1936/1198/1060
f 1925/1187/1049 1936/1198/1060 1926/1188/1050
f 1937/1199/1061 1938/1200/1062 1939/1201/1063
f 1937/1199/1061 1939/1201/1063 1940/1202/1064
f 1934/1196/1058 1933/1195/1057 1941/1203/1065
f 1934/1196/1058 1941/1203/1065 1942/1204/1066
f 181/117/181 174/110/174 173/109/173
f 181/117/181 173/109/173 182/118/182
f 1943/1205/1067 1921/1183/1045 1924/1186/1048
f 1943/1205/1067 1924/1186/1048 1944/1206/1068
f 1945/1207/1069 1946/1208/1070 1947/1209/178
f 1945/1207/1069 1947/1209/178 1948/1210/1071
f 1921/1183/1045 1943/1205/1067 1949/1211/1072
f 1921/1183/1045 1949/1211/1072 1950/1212/1073
f 1939/1201/1063 181/117/181 184/120/184
f 1939/1201/1063 184/120/184 1951/1213/1074
f 165/101/165 190/126/190 189/125/189
f 165/101/165 189/125/189 166/102/166
f 1918/1180/1042 1917/1179/1041 1952/1214/1075
f 1918/1180/1042 1952/1214/1075 1953/1215/1076
f 1954/1216/1077 1955/1217/173 1956/1218/1078
f 1954/1216/1077 1956/1218/1078 1957/1219/1079
f 1958/1220/1080 1959/1221/1081 1915/1177/1039
f 1958/1220/1080 1915/1177/1039 1960/1222/1082
f 1917/1179/1041 1958/1220/1080 1960/1222/1082
f 1917/1179/1041 1960/1222/1082 1952/1214/1075
f 1942/1204/1066 1941/1203/1065 166/102/166
f 1942/1204/1066 166/102/166 189/125/189
f 181/117/181 1939/1201/1063 1938/1200/1062
f 181/117/181 1938/1200/1062 174/110/174
f 1915/1177/1039 1959/1221/1081 1961/1223/1083
f 1915/1177/1039 1961/1223/1083 1916/1178/1040
f 1927/1189/1051 1957/1219/1079 1956/1218/1078
f 1927/1189/1051 1956/1218/1078 1928/1190/1052
f 1925/1187/1049 1922/1184/1046 1962/1224/1084
f 1925/1187/1049 1962/1224/1084 1963/1225/1085
f 1964/1226/1085 1965/1227/1084 1933/1195/1057
f 1964/1226/1085 1933/1195/1057 1932/1194/1056
f 186/122/186 177/113/177 1966/1228/1086
f 186/122/186 1966/1228/1086 1967/1229/1087
f 1959/1221/1081 1958/1220/1080 1968/1230/1088
f 1959/1221/1081 1968/1230/1088 1969/1231/1089
f 1970/1232/1090 1971/1233/1091 1937/1199/1061
f 1970/1232/1090 1937/1199/1061 1966/1228/1086
f 1942/1204/1066 189/125/189 192/128/192
f 1942/1204/1066 192/128/192 1972/1234/1092
f 1973/1235/1093 1974/1236/1094 1975/1237/1095
f 1973/1235/1093 1975/1237/1095 1976/1238/1096
f 1940/1202/1064 1939/1201/1063 1951/1213/1074
f 1940/1202/1064 1951/1213/1074 1977/1239/1097
f 1978/1240/1098 1979/1241/1099 1924/1186/1048
f 1978/1240/1098 1924/1186/1048 1923/1185/1047
f 1946/1208/1070 1945/1207/1069 1976/1238/1096
f 1946/1208/1070 1976/1238/1096 1975/1237/1095
f 1961/1223/1083 1959/1221/1081 1969/1231/1089
f 1961/1223/1083 1969/1231/1089 1980/1242/1100
f 180/116/180 1970/1232/1090 1966/1228/1086
f 180/116/180 1966/1228/1086 177/113/177
f 1931/1193/1055 1934/1196/1058 1981/1243/1101
f 1931/1193/1055 1981/1243/1101 1982/1244/1102
f 1914/1176/1038 1983/1245/1103 1960/1222/1082
f 1914/1176/1038 1960/1222/1082 1915/1177/1039
f 162/98/162 1931/1193/1055 1982/1244/1102
f 162/98/162 1982/1244/1102 164/100/164
f 1984/1246/1104 176/112/176 174/110/174
f 1984/1246/1104 174/110/174 1938/1200/1062
f 169/105/169 1932/1194/1056 1931/1193/1055
f 169/105/169 1931/1193/1055 162/98/162
f 1985/1247/1105 1986/1248/1106 1953/1215/1076
f 1985/1247/1105 1953/1215/1076 1952/1214/1075
f 1922/1184/1046 1921/1183/1045 1950/1212/1073
f 1922/1184/1046 1950/1212/1073 1962/1224/1084
f 1965/1227/1084 1987/1249/1073 1941/1203/1065
f 1965/1227/1084 1941/1203/1065 1933/1195/1057
f 1958/1220/1080 1917/1179/1041 1920/1182/1044
f 1958/1220/1080 1920/1182/1044 1968/1230/1088
f 1971/1233/1091 1984/1246/1104 1938/1200/1062
f 1971/1233/1091 1938/1200/1062 1937/1199/1061
f 1967/1229/1087 1940/1202/1064 1977/1239/1097
f 1967/1229/1087 1977/1239/1097 1988/1250/1107
f 1989/1251/1107 1978/1240/1098 1923/1185/1047
f 1989/1251/1107 1923/1185/1047 1926/1188/1050
f 1934/1196/1058 1942/1204/1066 1972/1234/1092
f 1934/1196/1058 1972/1234/1092 1981/1243/1101
f 1983/1245/1103 1985/1247/1105 1952/1214/1075
f 1983/1245/1103 1952/1214/1075 1960/1222/1082
f 1990/1252/1108 1989/1251/1107 1926/1188/1050
f 1990/1252/1108 1926/1188/1050 1936/1198/1060
f 186/122/186 1967/1229/1087 1988/1250/1107
f 186/122/186 1988/1250/1107 188/124/188
f 172/108/172 1964/1226/1085 1932/1194/1056
f 172/108/172 1932/1194/1056 169/105/169
f 1935/1197/1059 1925/1187/1049 1963/1225/1085
f 1935/1197/1059 1963/1225/1085 1991/1253/172
f 1979/1241/1099 1992/1254/1109 1944/1206/1068
f 1979/1241/1099 1944/1206/1068 1924/1186/1048
f 1987/1249/1073 168/104/168 166/102/166
f 1987/1249/1073 166/102/166 1941/1203/1065
f 1975/1237/1095 1974/1236/1094 1993/1255/1110
f 1975/1237/1095 1993/1255/1110 1994/1256/1111
f 1995/1257/1112 1996/1258/163 1913/1175/1037
f 1995/1257/1112 1913/1175/1037 1916/1178/1040
f 1927/1189/1051 1930/1192/1054 1997/1259/1113
f 1927/1189/1051 1997/1259/1113 1998/1260/1114
f 1999/1261/1114 2000/1262/167 1949/1211/1072
f 1999/1261/1114 1949/1211/1072 1943/1205/1067
f 1973/1235/1093 1976/1238/1096 2001/1263/1115
f 1973/1235/1093 2001/1263/1115 2002/1264/171
f 2003/1265/171 2004/1266/1116 1935/1197/1059
f 2003/1265/171 1935/1197/1059 1991/1253/172
f 1956/1218/1078 1955/1217/173 2005/1267/1117
f 1956/1218/1078 2005/1267/1117 2006/1268/1118
f 2007/1269/1119 2008/1270/175 1919/1181/1043
f 2007/1269/1119 1919/1181/1043 1918/1180/1042
f 1947/1209/178 1946/1208/1070 2009/1271/1120
f 1947/1209/178 2009/1271/1120 2010/1272/179
f 2011/1273/179 2012/1274/1120 1961/1223/1083
f 2011/1273/179 1961/1223/1083 1980/1242/1100
f 1954/1216/1077 1957/1219/1079 2013/1275/1121
f 1954/1216/1077 2013/1275/1121 2014/1276/183
f 2015/1277/1122 2016/1278/1123 1944/1206/1068
f 2015/1277/1122 1944/1206/1068 1992/1254/1109
f 1945/1207/1069 1948/1210/1071 2017/1279/187
f 1945/1207/1069 2017/1279/187 2018/1280/1124
f 2019/1281/1125 2020/1282/187 1990/1252/1108
f 2019/1281/1125 1990/1252/1108 1936/1198/1060
f 1929/1191/1053 1928/1190/1052 2021/1283/1126
f 1929/1191/1053 2021/1283/1126 2022/1284/191
f 2023/1285/191 2024/1286/1126 1953/1215/1076
f 2023/1285/191 1953/1215/1076 1986/1248/1106
f 1928/1190/1052 1956/1218/1078 2006/1268/1118
f 1928/1190/1052 2006/1268/1118 2021/1283/1126
f 2024/1286/1126 2007/1269/1119 1918/1180/1042
f 2024/1286/1126 1918/1180/1042 1953/1215/1076
f 1957/1219/1079 1927/1189/1051 1998/1260/1114
f 1957/1219/1079 1998/1260/1114 2013/1275/1121
f 2016/1278/1123 1999/1261/1114 1943/1205/1067
f 2016/1278/1123 1943/1205/1067 1944/1206/1068
f 1976/1238/1096 1945/1207/1069 2018/1280/1124
f 1976/1238/1096 2018/1280/1124 2001/1263/1115
f 2004/1266/1116 2019/1281/1125 1936/1198/1060
f 2004/1266/1116 1936/1198/1060 1935/1197/1059
f 1946/1208/1070 1975/1237/1095 1994/1256/1111
f 1946/1208/1070 1994/1256/1111 2009/1271/1120
f 2012/1274/1120 1995/1257/1112 1916/1178/1040
f 2012/1274/1120 1916/1178/1040 1961/1223/1083
f 1966/1228/1086 1937/1199/1061 1940/1202/1064
f 1966/1228/1086 1940/1202/1064 1967/1229/1087
f 2025/1175/1127 2026/1176/1128 2027/1177/1129
f 2025/1175/1127 2027/1177/1129 2028/1178/1130
f 2029/1179/1131 2030/1180/1132 2031/1181/1133
f 2029/1179/1131 2031/1181/1133 2032/1182/1134
f 2033/1183/1135 2034/1184/1136 2035/1185/1137
f 2033/1183/1135 2035/1185/1137 2036/1186/1138
f 2034/1184/1136 2037/1187/1139 2038/1188/1140
f 2034/1184/1136 2038/1188/1140 2035/1185/1137
f 201/105/201 194/98/194 193/97/193
f 201/105/201 193/97/193 202/106/202
f 2039/1189/1141 2040/1190/1142 2041/1191/1143
f 2039/1189/1141 2041/1191/1143 2042/1192/1144
f 2043/1193/1145 2044/1194/1146 2045/1195/1147
f 2043/1193/1145 2045/1195/1147 2046/1196/1148
f 217/121/217 210/114/210 209/113/209
f 217/121/217 209/113/209 218/122/218
f 2037/1187/1139 2047/1197/1149 2048/1198/1150
f 2037/1187/1139 2048/1198/1150 2038/1188/1140
f 2049/1199/1151 2050/1200/1152 2051/1201/1153
f 2049/1199/1151 2051/1201/1153 2052/1202/1154
f 2046/1196/1148 2045/1195/1147 2053/1203/1155
f 2046/1196/1148 2053/1203/1155 2054/1204/1156
f 213/117/213 206/110/206 205/109/205
f 213/117/213 205/109/205 214/118/214
f 2055/1205/1157 2033/1183/1135 2036/1186/1138
f 2055/1205/1157 2036/1186/1138 2056/1206/1158
f 2057/1207/1159 2058/1208/1160 2059/1209/210
f 2057/1207/1159 2059/1209/210 2060/1210/1161
f 2033/1183/1135 2055/1205/1157 2061/1211/1162
f 2033/1183/1135 2061/1211/1162 2062/1212/1163
f 2051/1201/1153 213/117/213 216/120/216
f 2051/1201/1153 216/120/216 2063/1213/1164
f 197/101/197 222/126/222 221/125/221
f 197/101/197 221/125/221 198/102/198
f 2030/1180/1132 2029/1179/1131 2064/1214/1165
f 2030/1180/1132 2064/1214/1165 2065/1215/1166
f 2066/1216/214 2067/1217/205 2068/1218/1167
f 2066/1216/214 2068/1218/1167 2069/1219/1168
f 2070/1220/1169 2071/1221/1170 2027/1177/1129
f 2070/1220/1169 2027/1177/1129 2072/1222/1171
f 2029/1179/1131 2070/1220/1169 2072/1222/1171
f 2029/1179/1131 2072/1222/1171 2064/1214/1165
f 2054/1204/1156 2053/1203/1155 198/102/198
f 2054/1204/1156 198/102/198 221/125/221
f 213/117/213 2051/1201/1153 2050/1200/1152
f 213/117/213 2050/1200/1152 206/110/206
f 2027/1177/1129 2071/1221/1170 2073/1223/1172
f 2027/1177/1129 2073/1223/1172 2028/1178/1130
f 2039/1189/1141 2069/1219/1168 2068/1218/1167
f 2039/1189/1141 2068/1218/1167 2040/1190/1142
f 2037/1187/1139 2034/1184/1136 2074/1224/1173
f 2037/1187/1139 2074/1224/1173 2075/1225/1174
f 2076/1226/1174 2077/1227/1173 2045/1195/1147
f 2076/1226/1174 2045/1195/1147 2044/1194/1146
f 218/122/218 209/113/209 2078/1228/1175
f 218/122/218 2078/1228/1175 2079/1229/1176
f 2071/1221/1170 2070/1220/1169 2080/1230/1177
f 2071/1221/1170 2080/1230/1177 2081/1231/1178
f 2082/1232/1179 2083/1233/1180 2049/1199/1151
f 2082/1232/1179 2049/1199/1151 2078/1228/1175
f 2054/1204/1156 221/125/221 224/128/224
f 2054/1204/1156 224/128/224 2084/1234/1181
f 2085/1235/1182 2086/1236/1183 2087/1237/1184
f 2085/1235/1182 2087/1237/1184 2088/1238/1185
f 2052/1202/1154 2051/1201/1153 2063/1213/1164
f 2052/1202/1154 2063/1213/1164 2089/1239/1186
f 2090/1240/1187 2091/1241/1188 2036/1186/1138
f 2090/1240/1187 2036/1186/1138 2035/1185/1137
f 2058/1208/1160 2057/1207/1159 2088/1238/1185
f 2058/1208/1160 2088/1238/1185 2087/1237/1184
f 2073/1223/1172 2071/1221/1170 2081/1231/1178
f 2073/1223/1172 2081/1231/1178 2092/1242/1189
f 212/116/212 2082/1232/1179 2078/1228/1175
f 212/116/212 2078/1228/1175 209/113/209
f 2043/1193/1145 2046/1196/1148 2093/1243/1190
f 2043/1193/1145 2093/1243/1190 2094/1244/1191
f 2026/1176/1128 2095/1245/1192 2072/1222/1171
f 2026/1176/1128 2072/1222/1171 2027/1177/1129
f 194/98/194 2043/1193/1145 2094/1244/1191
f 194/98/194 2094/1244/1191 196/100/196
f 2096/1246/1193 208/112/208 206/110/206
f 2096/1246/1193 206/110/206 2050/1200/1152
f 201/105/201 2044/1194/1146 2043/1193/1145
f 201/105/201 2043/1193/1145 194/98/194
f 2097/1247/1194 2098/1248/1195 2065/1215/1166
f 2097/1247/1194 2065/1215/1166 2064/1214/1165
f 2034/1184/1136 2033/1183/1135 2062/1212/1163
f 2034/1184/1136 2062/1212/1163 2074/1224/1173
f 2077/1227/1173 2099/1249/1163 2053/1203/1155
f 2077/1227/1173 2053/1203/1155 2045/1195/1147
f 2070/1220/1169 2029/1179/1131 2032/1182/1134
f 2070/1220/1169 2032/1182/1134 2080/1230/1177
f 2083/1233/1180 2096/1246/1193 2050/1200/1152
f 2083/1233/1180 2050/1200/1152 2049/1199/1151
f 2079/1229/1176 2052/1202/1154 2089/1239/1186
f 2079/1229/1176 2089/1239/1186 2100/1250/1196
f 2101/1251/1196 2090/1240/1187 2035/1185/1137
f 2101/1251/1196 2035/1185/1137 2038/1188/1140
f 2046/1196/1148 2054/1204/1156 2084/1234/1181
f 2046/1196/1148 2084/1234/1181 2093/1243/1190
f 2095/1245/1192 2097/1247/1194 2064/1214/1165
f 2095/1245/1192 2064/1214/1165 2072/1222/1171
f 2102/1252/1197 2101/1251/1196 2038/1188/1140
f 2102/1252/1197 2038/1188/1140 2048/1198/1150
f 218/122/218 2079/1229/1176 2100/1250/1196
f 218/122/218 2100/1250/1196 220/124/220
f 204/108/204 2076/1226/1174 2044/1194/1146
f 204/108/204 2044/1194/1146 201/105/201
f 2047/1197/1149 2037/1187/1139 2075/1225/1174
f 2047/1197/1149 2075/1225/1174 2103/1253/204
f 2091/1241/1188 2104/1254/1198 2056/1206/1158
f 2091/1241/1188 2056/1206/1158 2036/1186/1138
f 2099/1249/1163 200/104/200 198/102/198
f 2099/1249/1163 198/102/198 2053/1203/1155
f 2087/1237/1184 2086/1236/1183 2105/1255/1199
f 2087/1237/1184 2105/1255/1199 2106/1256/1200
f 2107/1257/1201 2108/1258/195 2025/1175/1127
f 2107/1257/1201 2025/1175/1127 2028/1178/1130
f 2039/1189/1141 2042/1192/1144 2109/1259/1202
f 2039/1189/1141 2109/1259/1202 2110/1260/1203
f 2111/1261/1203 2112/1262/199 2061/1211/1162
f 2111/1261/1203 2061/1211/1162 2055/1205/1157
f 2085/1235/1182 2088/1238/1185 2113/1263/1204
f 2085/1235/1182 2113/1263/1204 2114/1264/1205
f 2115/1265/1205 2116/1266/1206 2047/1197/1149
f 2115/1265/1205 2047/1197/1149 2103/1253/204
f 2068/1218/1167 2067/1217/205 2117/1267/1207
f 2068/1218/1167 2117/1267/1207 2118/1268/1208
f 2119/1269/1209 2120/1270/207 2031/1181/1133
f 2119/1269/1209 2031/1181/1133 2030/1180/1132
f 2059/1209/210 2058/1208/1160 2121/1271/1210
f 2059/1209/210 2121/1271/1210 2122/1272/211
f 2123/1273/211 2124/1274/1210 2073/1223/1172
f 2123/1273/211 2073/1223/1172 2092/1242/1189
f 2066/1216/214 2069/1219/1168 2125/1275/1211
f 2066/1216/214 2125/1275/1211 2126/1276/215
f 2127/1277/1212 2128/1278/1213 2056/1206/1158
f 2127/1277/1212 2056/1206/1158 2104/1254/1198
f 2057/1207/1159 2060/1210/1161 2129/1279/219
f 2057/1207/1159 2129/1279/219 2130/1280/1214
f 2131/1281/1215 2132/1282/219 2102/1252/1197
f 2131/1281/1215 2102/1252/1197 2048/1198/1150
f 2041/1191/1143 2040/1190/1142 2133/1283/1216
f 2041/1191/1143 2133/1283/1216 2134/1284/223
f 2135/1285/223 2136/1286/1216 2065/1215/1166
f 2135/1285/223 2065/1215/1166 2098/1248/1195
f 2040/1190/1142 2068/1218/1167 2118/1268/1208
f 2040/1190/1142 2118/1268/1208 2133/1283/1216
f 2136/1286/1216 2119/1269/1209 2030/1180/1132
f 2136/1286/1216 2030/1180/1132 2065/1215/1166
f 2069/1219/1168 2039/1189/1141 2110/1260/1203
f 2069/1219/1168 2110/1260/1203 2125/1275/1211
f 2128/1278/1213 2111/1261/1203 2055/1205/1157
f 2128/1278/1213 2055/1205/1157 2056/1206/1158
f 2088/1238/1185 2057/1207/1159 2130/1280/1214
f 2088/1238/1185 2130/1280/1214 2113/1263/1204
f 2116/1266/1206 2131/1281/1215 2048/1198/1150
f 2116/1266/1206 2048/1198/1150 2047/1197/1149
f 2058/1208/1160 2087/1237/1184 2106/1256/1200
f 2058/1208/1160 2106/1256/1200 2121/1271/1210
f 2124/1274/1210 2107/1257/1201 2028/1178/1130
f 2124/1274/1210 2028/1178/1130 2073/1223/1172
f 2078/1228/1175 2049/1199/1151 2052/1202/1154
f 2078/1228/1175 2052/1202/1154 2079/1229/1176
f 2137/1287/1217 2138/1288/1218 2139/1289/1219
f 2137/1287/1217 2139/1289/1219 2140/1290/1220
f 2141/1291/1221 2142/1292/1222 2143/1293/1223
f 2141/1291/1221 2143/1293/1223 2144/1294/1224
f 2145/1295/1225 2146/1296/1226 2147/1297/1227
f 2145/1295/1225 2147/1297/1227 2148/1298/1228
f 2149/1299/1229 2150/1300/1230 2151/1301/1231
f 2149/1299/1229 2151/1301/1231 2152/1302/1232
f 2153/1303/1233 2154/1304/1234 2143/1293/1223
f 2153/1303/1233 2143/1293/1223 2142/1292/1222
f 2155/1305/1235 2156/1306/1236 2157/1307/1237
f 2155/1305/1235 2157/1307/1237 2158/1308/1238
f 2159/1309/1239 2160/1310/1240 2156/1306/1236
f 2159/1309/1239 2156/1306/1236 2155/1305/1235
f 2161/1311/1241 2162/1312/1242 2148/1298/1228
f 2161/1311/1241 2148/1298/1228 2147/1297/1227
f 2162/1312/1242 2161/1311/1241 2163/1313/1243
f 2162/1312/1242 2163/1313/1243 2164/1314/1244
f 2140/1290/1220 2139/1289/1219 2165/1315/1226
f 2140/1290/1220 2165/1315/1226 2166/1316/1225
f 2167/1317/1238 2168/1318/1237 2138/1288/1218
f 2167/1317/1238 2138/1288/1218 2137/1287/1217
f 2141/1291/1221 2144/1294/1224 2169/1319/1245
f 2141/1291/1221 2169/1319/1245 2170/1320/1246
f 2171/1321/1246 2172/1322/1247 2160/1310/1240
f 2171/1321/1246 2160/1310/1240 2159/1309/1239
f 2173/1323/1248 2174/1324/1249 2175/1325/1250
f 2173/1323/1248 2175/1325/1250 2176/1326/1251
f 2177/1327/1252 2178/1328/1250 2141/1291/1221
f 2177/1327/1252 2141/1291/1221 2170/1320/1246
f 2179/1329/1253 2173/1323/1248 2176/1326/1251
f 2179/1329/1253 2176/1326/1251 2180/1330/1254
f 2181/1331/1255 2182/1332/1256 2171/1321/1246
f 2181/1331/1255 2171/1321/1246 2159/1309/1239
f 2183/1333/1257 2184/1334/1258 2185/1335/1259
f 2183/1333/1257 2185/1335/1259 2186/1336/1260
f 2187/1337/1260 2188/1338/1261 2162/1312/1242
f 2187/1337/1260 2162/1312/1242 2164/1314/1244
f 2189/1339/1262 2183/1333/1257 2186/1336/1260
f 2189/1339/1262 2186/1336/1260 2190/1340/1263
f 2191/1341/1264 2192/1342/1260 2153/1303/1233
f 2191/1341/1264 2153/1303/1233 2142/1292/1222
f 2193/1343/1265 2194/1344/1266 2195/1345/1267
f 2193/1343/1265 2195/1345/1267 2196/1346/1268
f 2197/1347/1268 2198/1348/1267 2140/1290/1220
f 2197/1347/1268 2140/1290/1220 2166/1316/1225
f 2199/1349/1269 2193/1343/1265 2196/1346/1268
f 2199/1349/1269 2196/1346/1268 2200/1350/1270
f 2201/1351/1271 2202/1352/1272 2145/1295/1225
f 2201/1351/1271 2145/1295/1225 2148/1298/1228
f 2203/1353/1273 2204/1354/1274 2205/1355/1275
f 2203/1353/1273 2205/1355/1275 2206/1356/1276
f 2207/1357/1276 2208/1358/1277 2155/1305/1235
f 2207/1357/1276 2155/1305/1235 2158/1308/1238
f 2209/1359/1278 2203/1353/1273 2206/1356/1276
f 2209/1359/1278 2206/1356/1276 2210/1360/1279
f 2211/1361/1279 2212/1362/1276 2167/1317/1238
f 2211/1361/1279 2167/1317/1238 2137/1287/1217
f 2178/1328/1250 2191/1341/1264 2142/1292/1222
f 2178/1328/1250 2142/1292/1222 2141/1291/1221
f 2194/1344/1266 2209/1359/1278 2210/1360/1279
f 2194/1344/1266 2210/1360/1279 2195/1345/1267
f 2204/1354/1274 2179/1329/1253 2180/1330/1254
f 2204/1354/1274 2180/1330/1254 2205/1355/1275
f 2208/1358/1277 2181/1331/1255 2159/1309/1239
f 2208/1358/1277 2159/1309/1239 2155/1305/1235
f 2184/1334/1258 2199/1349/1269 2200/1350/1270
f 2184/1334/1258 2200/1350/1270 2185/1335/1259
f 2188/1338/1261 2201/1351/1271 2148/1298/1228
f 2188/1338/1261 2148/1298/1228 2162/1312/1242
f 2198/1348/1267 2211/1361/1279 2137/1287/1217
f 2198/1348/1267 2137/1287/1217 2140/1290/1220
f 2150/1300/1230 2213/1363/1280 2214/1364/1281
f 2150/1300/1230 2214/1364/1281 2151/1301/1231
f 2151/1301/1231 2214/1364/1281 2169/1319/1245
f 2151/1301/1231 2169/1319/1245 2144/1294/1224
f 2215/1365/1282 2216/1366/1283 2217/1367/1284
f 2215/1365/1282 2217/1367/1284 2218/1368/1285
f 2218/1368/1285 2217/1367/1284 2160/1310/1240
f 2218/1368/1285 2160/1310/1240 2172/1322/1247
f 2219/1369/1286 2220/1370/1287 2221/1371/1288
f 2219/1369/1286 2221/1371/1288 2222/1372/1289
f 2222/1372/1289 2221/1371/1288 2163/1313/1243
f 2222/1372/1289 2163/1313/1243 2161/1311/1241
f 2223/1373/1290 2149/1299/1229 2152/1302/1232
f 2223/1373/1290 2152/1302/1232 2224/1374/1291
f 2224/1374/1291 2152/1302/1232 2143/1293/1223
f 2224/1374/1291 2143/1293/1223 2154/1304/1234
f 2225/1375/1292 2226/1376/1293 2227/1377/1294
f 2225/1375/1292 2227/1377/1294 2228/1378/1295
f 2228/1378/1295 2227/1377/1294 2165/1315/1226
f 2228/1378/1295 2165/1315/1226 2139/1289/1219
f 2229/1379/1296 2230/1380/1297 2231/1381/1298
f 2229/1379/1296 2231/1381/1298 2232/1382/1294
f 2232/1382/1294 2231/1381/1298 2147/1297/1227
f 2232/1382/1294 2147/1297/1227 2146/1296/1226
f 2233/1383/1299 2234/1384/1300 2235/1385/1301
f 2233/1383/1299 2235/1385/1301 2236/1386/1302
f 2236/1386/1302 2235/1385/1301 2157/1307/1237
f 2236/1386/1302 2157/1307/1237 2156/1306/1236
f 2237/1387/1303 2238/1388/1304 2239/1389/1305
f 2237/1387/1303 2239/1389/1305 2240/1390/1306
f 2240/1390/1306 2239/1389/1305 2138/1288/1218
f 2240/1390/1306 2138/1288/1218 2168/1318/1237
f 2152/1302/1232 2151/1301/1231 2144/1294/1224
f 2152/1302/1232 2144/1294/1224 2143/1293/1223
f 2139/1289/1219 2138/1288/1218 2239/1389/1305
f 2139/1289/1219 2239/1389/1305 2228/1378/1295
f 2216/1366/1283 2233/1383/1299 2236/1386/1302
f 2216/1366/1283 2236/1386/1302 2217/1367/1284
f 2217/1367/1284 2236/1386/1302 2156/1306/1236
f 2217/1367/1284 2156/1306/1236 2160/1310/1240
f 2228/1378/1295 2239/1389/1305 2238/1388/1304
f 2228/1378/1295 2238/1388/1304 2225/1375/1292
f 2230/1380/1297 2219/1369/1286 2222/1372/1289
f 2230/1380/1297 2222/1372/1289 2231/1381/1298
f 2231/1381/1298 2222/1372/1289 2161/1311/1241
f 2231/1381/1298 2161/1311/1241 2147/1297/1227
f 2174/1324/1249 2189/1339/1262 2190/1340/1263
f 2174/1324/1249 2190/1340/1263 2175/1325/1250
f 2241/1287/1307 2242/1288/1223 2243/1289/1224
f 2241/1287/1307 2243/1289/1224 2244/1290/1308
f 2245/1291/1309 2246/1292/1310 2247/1293/1218
f 2245/1291/1309 2247/1293/1218 2248/1294/1219
f 2249/1295/1311 2250/1296/1245 2251/1297/1240
f 2249/1295/1311 2251/1297/1240 2252/1298/1312
f 2253/1299/1313 2254/1300/1314 2255/1301/1295
f 2253/1299/1313 2255/1301/1295 2256/1302/1305
f 2257/1303/1315 2258/1304/1316 2247/1293/1218
f 2257/1303/1315 2247/1293/1218 2246/1292/1310
f 2259/1305/1317 2260/1306/1241 2261/1307/1243
f 2259/1305/1317 2261/1307/1243 2262/1308/1318
f 2263/1309/1319 2264/1310/1227 2260/1306/1241
f 2263/1309/1319 2260/1306/1241 2259/1305/1317
f 2265/1311/1236 2266/1312/1320 2252/1298/1312
f 2265/1311/1236 2252/1298/1312 2251/1297/1240
f 2266/1312/1320 2265/1311/1236 2267/1313/1237
f 2266/1312/1320 2267/1313/1237 2268/1314/1321
f 2244/1290/1308 2243/1289/1224 2269/1315/1245
f 2244/1290/1308 2269/1315/1245 2270/1316/1311
f 2271/1317/1318 2272/1318/1243 2242/1288/1223
f 2271/1317/1318 2242/1288/1223 2241/1287/1307
f 2245/1291/1309 2248/1294/1219 2273/1319/1226
f 2245/1291/1309 2273/1319/1226 2274/1320/1322
f 2275/1321/1322 2276/1322/1323 2264/1310/1227
f 2275/1321/1322 2264/1310/1227 2263/1309/1319
f 2277/1323/1324 2278/1324/1325 2279/1325/1326
f 2277/1323/1324 2279/1325/1326 2280/1326/1327
f 2281/1327/1327 2282/1328/1326 2245/1291/1309
f 2281/1327/1327 2245/1291/1309 2274/1320/1322
f 2283/1329/1328 2277/1323/1324 2280/1326/1327
f 2283/1329/1328 2280/1326/1327 2284/1330/1329
f 2285/1331/1330 2286/1332/1327 2275/1321/1322
f 2285/1331/1330 2275/1321/1322 2263/1309/1319
f 2287/1333/1331 2288/1334/1332 2289/1335/1333
f 2287/1333/1331 2289/1335/1333 2290/1336/1334
f 2291/1337/1334 2292/1338/1335 2266/1312/1320
f 2291/1337/1334 2266/1312/1320 2268/1314/1321
f 2293/1339/1336 2287/1333/1331 2290/1336/1334
f 2293/1339/1336 2290/1336/1334 2294/1340/1337
f 2295/1341/1338 2296/1342/1334 2257/1303/1315
f 2295/1341/1338 2257/1303/1315 2246/1292/1310
f 2297/1343/1339 2298/1344/1340 2299/1345/1341
f 2297/1343/1339 2299/1345/1341 2300/1346/1342
f 2301/1347/1342 2302/1348/1341 2244/1290/1308
f 2301/1347/1342 2244/1290/1308 2270/1316/1311
f 2303/1349/1343 2297/1343/1339 2300/1346/1342
f 2303/1349/1343 2300/1346/1342 2304/1350/1344
f 2305/1351/1345 2306/1352/1346 2249/1295/1311
f 2305/1351/1345 2249/1295/1311 2252/1298/1312
f 2307/1353/1347 2308/1354/1348 2309/1355/1349
f 2307/1353/1347 2309/1355/1349 2310/1356/1350
f 2311/1357/1350 2312/1358/1351 2259/1305/1317
f 2311/1357/1350 2259/1305/1317 2262/1308/1318
f 2313/1359/1352 2307/1353/1347 2310/1356/1350
f 2313/1359/1352 2310/1356/1350 2314/1360/1353
f 2315/1361/1353 2316/1362/1350 2271/1317/1318
f 2315/1361/1353 2271/1317/1318 2241/1287/1307
f 2282/1328/1326 2295/1341/1338 2246/1292/1310
f 2282/1328/1326 2246/1292/1310 2245/1291/1309
f 2298/1344/1340 2313/1359/1352 2314/1360/1353
f 2298/1344/1340 2314/1360/1353 2299/1345/1341
f 2308/1354/1348 2283/1329/1328 2284/1330/1329
f 2308/1354/1348 2284/1330/1329 2309/1355/1349
f 2312/1358/1351 2285/1331/1330 2263/1309/1319
f 2312/1358/1351 2263/1309/1319 2259/1305/1317
f 2288/1334/1332 2303/1349/1343 2304/1350/1344
f 2288/1334/1332 2304/1350/1344 2289/1335/1333
f 2292/1338/1335 2305/1351/1345 2252/1298/1312
f 2292/1338/1335 2252/1298/1312 2266/1312/1320
f 2302/1348/1341 2315/1361/1353 2241/1287/1307
f 2302/1348/1341 2241/1287/1307 2244/1290/1308
f 2254/1300/1314 2317/1363/1354 2318/1364/1294
f 2254/1300/1314 2318/1364/1294 2255/1301/1295
f 2255/1301/1295 2318/1364/1294 2273/1319/1226
f 2255/1301/1295 2273/1319/1226 2248/1294/1219
f 2319/1365/1296 2320/1366/1355 2321/1367/1298
f 2319/1365/1296 2321/1367/1298 2322/1368/1356
f 2322/1368/1356 2321/1367/1298 2264/1310/1227
f 2322/1368/1356 2264/1310/1227 2276/1322/1323
f 2323/1369/1357 2324/1370/1300 2325/1371/1301
f 2323/1369/1357 2325/1371/1301 2326/1372/1302
f 2326/1372/1302 2325/1371/1301 2267/1313/1237
f 2326/1372/1302 2267/1313/1237 2265/1311/1236
f 2327/1373/1358 2253/1299/1313 2256/1302/1305
f 2327/1373/1358 2256/1302/1305 2328/1374/1306
f 2328/1374/1306 2256/1302/1305 2247/1293/1218
f 2328/1374/1306 2247/1293/1218 2258/1304/1316
f 2329/1375/1359 2330/1376/1360 2331/1377/1361
f 2329/1375/1359 2331/1377/1361 2332/1378/1231
f 2332/1378/1231 2331/1377/1361 2269/1315/1245
f 2332/1378/1231 2269/1315/1245 2243/1289/1224
f 2333/1379/1362 2334/1380/1363 2335/1381/1284
f 2333/1379/1362 2335/1381/1284 2336/1382/1361
f 2336/1382/1361 2335/1381/1284 2251/1297/1240
f 2336/1382/1361 2251/1297/1240 2250/1296/1245
f 2337/1383/1364 2338/1384/1287 2339/1385/1288
f 2337/1383/1364 2339/1385/1288 2340/1386/1289
f 2340/1386/1289 2339/1385/1288 2261/1307/1243
f 2340/1386/1289 2261/1307/1243 2260/1306/1241
f 2341/1387/1365 2342/1388/1366 2343/1389/1232
f 2341/1387/1365 2343/1389/1232 2344/1390/1291
f 2344/1390/1291 2343/1389/1232 2242/1288/1223
f 2344/1390/1291 2242/1288/1223 2272/1318/1243
f 2256/1302/1305 2255/1301/1295 2248/1294/1219
f 2256/1302/1305 2248/1294/1219 2247/1293/1218
f 2243/1289/1224 2242/1288/1223 2343/1389/1232
f 2243/1289/1224 2343/1389/1232 2332/1378/1231
f 2320/1366/1355 2337/1383/1364 2340/1386/1289
f 2320/1366/1355 2340/1386/1289 2321/1367/1298
f 2321/1367/1298 2340/1386/1289 2260/1306/1241
f 2321/1367/1298 2260/1306/1241 2264/1310/1227
f 2332/1378/1231 2343/1389/1232 2342/1388/1366
f 2332/1378/1231 2342/1388/1366 2329/1375/1359
f 2334/1380/1363 2323/1369/1357 2326/1372/1302
f 2334/1380/1363 2326/1372/1302 2335/1381/1284
f 2335/1381/1284 2326/1372/1302 2265/1311/1236
f 2335/1381/1284 2265/1311/1236 2251/1297/1240
f 2278/1324/1325 2293/1339/1336 2294/1340/1337
f 2278/1324/1325 2294/1340/1337 2279/1325/1326
f 244/148/244 243/147/243 2345/1391/1007
f 244/148/244 2345/1391/1007 2346/1392/467
f 247/151/247 2347/1393/464 2348/1394/1002
f 247/151/247 2348/1394/1002 248/152/248
f 243/147/243 246/150/246 2349/1395/276
f 243/147/243 2349/1395/276 2350/1396/243
f 2351/1397/248 2352/1398/271 250/154/250
f 2351/1397/248 250/154/250 248/152/248
f 2353/1399/464 2354/1400/1367 2355/1401/1368
f 2353/1399/464 2355/1401/1368 2356/1402/963
f 2357/1403/1369 2358/1404/467 2359/1405/954
f 2357/1403/1369 2359/1405/954 2360/1406/1370
f 2361/1407/1371 2362/1408/1372 2363/1409/1373
f 2361/1407/1371 2363/1409/1373 2364/1410/1374
f 2365/1411/1375 2366/1412/1376 2363/1409/1373
f 2365/1411/1375 2363/1409/1373 2362/1408/1372
f 246/150/246 245/149/245 2363/1409/1373
f 246/150/246 2363/1409/1373 2366/1412/1376
f 244/148/244 2367/1413/1377 2363/1409/1373
f 244/148/244 2363/1409/1373 245/149/245
f 2357/1403/1369 2364/1410/1374 2363/1409/1373
f 2357/1403/1369 2363/1409/1373 2367/1413/1377
f 2368/1414/1010 260/164/257 262/166/227
f 2368/1414/1010 262/166/227 2369/1415/1022
f 2345/1391/1007 2370/1416/1026 227/131/227
f 2345/1391/1007 227/131/227 226/130/226
f 2371/1417/599 2372/1418/474 2373/1419/474
f 2371/1417/599 2373/1419/474 2374/1420/599
f 2358/1404/467 2375/1421/467 2373/1419/474
f 2358/1404/467 2373/1419/474 2372/1418/474
f 2346/1392/467 2376/1422/474 2373/1419/474
f 2346/1392/467 2373/1419/474 2375/1421/467
f 2377/1423/599 2374/1420/599 2373/1419/474
f 2377/1423/599 2373/1419/474 2376/1422/474
f 2360/1406/1370 2378/1424/1378 230/134/230
f 2360/1406/1370 230/134/230 229/133/229
f 2379/1425/1379 263/167/259 265/169/230
f 2379/1425/1379 265/169/230 2380/1426/1380
f 2381/1427/967 2382/1428/969 233/137/233
f 2381/1427/967 233/137/233 232/136/232
f 2359/1405/954 257/161/255 259/163/233
f 2359/1405/954 259/163/233 2383/1429/974
f 2347/1393/464 2384/1430/464 2385/1431/470
f 2347/1393/464 2385/1431/470 2386/1432/470
f 2353/1399/464 2387/1433/470 2385/1431/470
f 2353/1399/464 2385/1431/470 2384/1430/464
f 2388/1434/513 2389/1435/513 2385/1431/470
f 2388/1434/513 2385/1431/470 2387/1433/470
f 2390/1436/513 2386/1432/470 2385/1431/470
f 2390/1436/513 2385/1431/470 2389/1435/513
f 2391/1437/1009 2392/1438/1011 236/140/236
f 2391/1437/1009 236/140/236 235/139/235
f 2348/1394/1002 251/155/251 253/157/236
f 2348/1394/1002 253/157/236 2393/1439/1016
f 2394/1440/1381 2395/1441/1382 239/143/239
f 2394/1440/1381 239/143/239 238/142/238
f 2355/1401/1368 266/170/261 268/172/239
f 2355/1401/1368 268/172/239 2396/1442/1383
f 2397/1443/968 254/158/253 256/160/242
f 2397/1443/968 256/160/242 2398/1444/980
f 2356/1402/963 2399/1445/984 242/146/242
f 2356/1402/963 242/146/242 241/145/241
f 247/151/247 249/153/249 2400/1446/1384
f 247/151/247 2400/1446/1384 2401/1447/1385
f 250/154/250 2402/1448/1386 2400/1446/1384
f 250/154/250 2400/1446/1384 249/153/249
f 2403/1449/1387 2404/1450/1388 2400/1446/1384
f 2403/1449/1387 2400/1446/1384 2402/1448/1386
f 2405/1451/1389 2406/1452/1390 2400/1446/1384
f 2405/1451/1389 2400/1446/1384 2404/1450/1388
f 2354/1400/1367 2401/1447/1385 2400/1446/1384
f 2354/1400/1367 2400/1446/1384 2406/1452/1390
f 235/139/235 260/164/257 2368/1414/1010
f 235/139/235 2368/1414/1010 2391/1437/1009
f 238/142/238 263/167/259 2379/1425/1379
f 238/142/238 2379/1425/1379 2394/1440/1381
f 254/158/253 232/136/232 231/135/231
f 254/158/253 231/135/231 255/159/254
f 2349/1395/276 246/150/246 2366/1412/1376
f 2349/1395/276 2366/1412/1376 2407/1453/987
f 2407/1453/987 2366/1412/1376 2365/1411/1375
f 2407/1453/987 2365/1411/1375 2408/1454/1391
f 243/147/243 2350/1396/243 2409/1455/990
f 243/147/243 2409/1455/990 2410/1456/990
f 2411/1457/990 2412/1458/990 2413/1459/961
f 2411/1457/990 2413/1459/961 2414/1460/961
f 2351/1397/248 248/152/248 2415/1461/992
f 2351/1397/248 2415/1461/992 2416/1462/992
f 2417/1463/992 2418/1464/992 2419/1465/962
f 2417/1463/992 2419/1465/962 2420/1466/962
f 250/154/250 2352/1398/271 2421/1467/988
f 250/154/250 2421/1467/988 2402/1448/1386
f 2402/1448/1386 2421/1467/988 2422/1468/1392
f 2402/1448/1386 2422/1468/1392 2403/1449/1387
f 225/129/225 2377/1423/599 2376/1422/474
f 225/129/225 2376/1422/474 226/130/226
f 226/130/226 2376/1422/474 2346/1392/467
f 226/130/226 2346/1392/467 2345/1391/1007
f 2390/1436/513 252/156/252 251/155/251
f 2390/1436/513 251/155/251 2386/1432/470
f 2386/1432/470 251/155/251 2348/1394/1002
f 2386/1432/470 2348/1394/1002 2347/1393/464
f 2391/1437/1009 2419/1465/962 2418/1464/992
f 2391/1437/1009 2418/1464/992 2392/1438/1011
f 2393/1439/1016 2415/1461/992 248/152/248
f 2393/1439/1016 248/152/248 2348/1394/1002
f 244/148/244 2346/1392/467 2375/1421/467
f 244/148/244 2375/1421/467 2367/1413/1377
f 2367/1413/1377 2375/1421/467 2358/1404/467
f 2367/1413/1377 2358/1404/467 2357/1403/1369
f 2414/1460/961 2368/1414/1010 2369/1415/1022
f 2414/1460/961 2369/1415/1022 2411/1457/990
f 2410/1456/990 2370/1416/1026 2345/1391/1007
f 2410/1456/990 2345/1391/1007 243/147/243
f 2394/1440/1381 2397/1443/968 2398/1444/980
f 2394/1440/1381 2398/1444/980 2395/1441/1382
f 2396/1442/1383 2399/1445/984 2356/1402/963
f 2396/1442/1383 2356/1402/963 2355/1401/1368
f 2360/1406/1370 2359/1405/954 2383/1429/974
f 2360/1406/1370 2383/1429/974 2378/1424/1378
f 2380/1426/1380 2382/1428/969 2381/1427/967
f 2380/1426/1380 2381/1427/967 2379/1425/1379
f 2357/1403/1369 2360/1406/1370 229/133/229
f 2357/1403/1369 229/133/229 2364/1410/1374
f 2364/1410/1374 229/133/229 228/132/228
f 2364/1410/1374 228/132/228 2361/1407/1371
f 2355/1401/1368 2354/1400/1367 2406/1452/1390
f 2355/1401/1368 2406/1452/1390 266/170/261
f 266/170/261 2406/1452/1390 2405/1451/1389
f 266/170/261 2405/1451/1389 267/171/262
f 2353/1399/464 2356/1402/963 241/145/241
f 2353/1399/464 241/145/241 2387/1433/470
f 2387/1433/470 241/145/241 240/144/240
f 2387/1433/470 240/144/240 2388/1434/513
f 2359/1405/954 2358/1404/467 2372/1418/474
f 2359/1405/954 2372/1418/474 257/161/255
f 257/161/255 2372/1418/474 2371/1417/599
f 257/161/255 2371/1417/599 258/162/256
f 261/165/258 260/164/257 235/139/235
f 261/165/258 235/139/235 234/138/234
f 264/168/260 263/167/259 238/142/238
f 264/168/260 238/142/238 237/141/237
f 2381/1427/967 232/136/232 254/158/253
f 2381/1427/967 254/158/253 2397/1443/968
f 2381/1427/967 2397/1443/968 2394/1440/1381
f 2381/1427/967 2394/1440/1381 2379/1425/1379
f 2368/1414/1010 2414/1460/961 2419/1465/962
f 2368/1414/1010 2419/1465/962 2391/1437/1009
f 2420/1466/962 2419/1465/962 2414/1460/961
f 2420/1466/962 2414/1460/961 2413/1459/961
f 2354/1400/1367 2353/1399/464 2384/1430/464
f 2354/1400/1367 2384/1430/464 2401/1447/1385
f 2401/1447/1385 2384/1430/464 2347/1393/464
f 2401/1447/1385 2347/1393/464 247/151/247
f 288/148/272 287/147/271 2423/1391/963
f 288/148/272 2423/1391/963 2424/1392/464
f 291/151/275 2425/1393/467 2426/1394/954
f 291/151/275 2426/1394/954 292/152/276
f 287/147/271 290/150/274 2427/1395/248
f 287/147/271 2427/1395/248 2428/1396/271
f 2429/1397/276 2430/1398/243 294/154/278
f 2429/1397/276 294/154/278 292/152/276
f 2431/1399/467 2432/1400/1393 2433/1401/1394
f 2431/1399/467 2433/1401/1394 2434/1402/1007
f 2435/1403/1395 2436/1404/464 2437/1405/1002
f 2435/1403/1395 2437/1405/1002 2438/1406/1396
f 2439/1407/1397 2440/1408/1398 2441/1409/1399
f 2439/1407/1397 2441/1409/1399 2442/1410/1400
f 2443/1411/1401 2444/1412/1402 2441/1409/1399
f 2443/1411/1401 2441/1409/1399 2440/1408/1398
f 290/150/274 289/149/273 2441/1409/1399
f 290/150/274 2441/1409/1399 2444/1412/1402
f 288/148/272 2445/1413/1403 2441/1409/1399
f 288/148/272 2441/1409/1399 289/149/273
f 2435/1403/1395 2442/1410/1400 2441/1409/1399
f 2435/1403/1395 2441/1409/1399 2445/1413/1403
f 2446/1414/968 304/164/280 306/166/242
f 2446/1414/968 306/166/242 2447/1415/980
f 2423/1391/963 2448/1416/984 271/131/242
f 2423/1391/963 271/131/242 270/130/241
f 2449/1417/513 2450/1418/470 2451/1419/470
f 2449/1417/513 2451/1419/470 2452/1420/513
f 2436/1404/464 2453/1421/464 2451/1419/470
f 2436/1404/464 2451/1419/470 2450/1418/470
f 2424/1392/464 2454/1422/470 2451/1419/470
f 2424/1392/464 2451/1419/470 2453/1421/464
f 2455/1423/513 2452/1420/513 2451/1419/470
f 2455/1423/513 2451/1419/470 2454/1422/470
f 2438/1406/1396 2456/1424/1404 274/134/265
f 2438/1406/1396 274/134/265 273/133/264
f 2457/1425/1405 307/167/281 309/169/265
f 2457/1425/1405 309/169/265 2458/1426/1404
f 2459/1427/1009 2460/1428/1011 277/137/236
f 2459/1427/1009 277/137/236 276/136/266
f 2437/1405/1002 301/161/251 303/163/236
f 2437/1405/1002 303/163/236 2461/1429/1016
f 2425/1393/467 2462/1430/467 2463/1431/474
f 2425/1393/467 2463/1431/474 2464/1432/474
f 2431/1399/467 2465/1433/474 2463/1431/474
f 2431/1399/467 2463/1431/474 2462/1430/467
f 2466/1434/599 2467/1435/599 2463/1431/474
f 2466/1434/599 2463/1431/474 2465/1433/474
f 2468/1436/599 2464/1432/474 2463/1431/474
f 2468/1436/599 2463/1431/474 2467/1435/599
f 2469/1437/967 2470/1438/969 280/140/233
f 2469/1437/967 280/140/233 279/139/267
f 2426/1394/954 295/155/255 297/157/233
f 2426/1394/954 297/157/233 2471/1439/974
f 2472/1440/1406 2473/1441/1407 283/143/270
f 2472/1440/1406 283/143/270 282/142/269
f 2433/1401/1394 310/170/283 312/172/270
f 2433/1401/1394 312/172/270 2474/1442/1408
f 2475/1443/1010 298/158/279 300/160/227
f 2475/1443/1010 300/160/227 2476/1444/1022
f 2434/1402/1007 2477/1445/1026 286/146/227
f 2434/1402/1007 286/146/227 285/145/226
f 291/151/275 293/153/277 2478/1446/1409
f 291/151/275 2478/1446/1409 2479/1447/1410
f 294/154/278 2480/1448/1411 2478/1446/1409
f 294/154/278 2478/1446/1409 293/153/277
f 2481/1449/1412 2482/1450/1413 2478/1446/1409
f 2481/1449/1412 2478/1446/1409 2480/1448/1411
f 2483/1451/1414 2484/1452/1415 2478/1446/1409
f 2483/1451/1414 2478/1446/1409 2482/1450/1413
f 2432/1400/1393 2479/1447/1410 2478/1446/1409
f 2432/1400/1393 2478/1446/1409 2484/1452/1415
f 279/139/267 304/164/280 2446/1414/968
f 279/139/267 2446/1414/968 2469/1437/967
f 282/142/269 307/167/281 2457/1425/1405
f 282/142/269 2457/1425/1405 2472/1440/1406
f 298/158/279 276/136/266 275/135/234
f 298/158/279 275/135/234 299/159/258
f 2427/1395/248 290/150/274 2444/1412/1402
f 2427/1395/248 2444/1412/1402 2485/1453/992
f 2485/1453/992 2444/1412/1402 2443/1411/1401
f 2485/1453/992 2443/1411/1401 2486/1454/1416
f 287/147/271 2428/1396/271 2487/1455/988
f 287/147/271 2487/1455/988 2488/1456/988
f 2489/1457/988 2490/1458/988 2491/1459/965
f 2489/1457/988 2491/1459/965 2492/1460/965
f 2429/1397/276 292/152/276 2493/1461/987
f 2429/1397/276 2493/1461/987 2494/1462/987
f 2495/1463/987 2496/1464/987 2497/1465/966
f 2495/1463/987 2497/1465/966 2498/1466/966
f 294/154/278 2430/1398/243 2499/1467/990
f 294/154/278 2499/1467/990 2480/1448/1411
f 2480/1448/1411 2499/1467/990 2500/1468/1417
f 2480/1448/1411 2500/1468/1417 2481/1449/1412
f 269/129/240 2455/1423/513 2454/1422/470
f 269/129/240 2454/1422/470 270/130/241
f 270/130/241 2454/1422/470 2424/1392/464
f 270/130/241 2424/1392/464 2423/1391/963
f 2468/1436/599 296/156/256 295/155/255
f 2468/1436/599 295/155/255 2464/1432/474
f 2464/1432/474 295/155/255 2426/1394/954
f 2464/1432/474 2426/1394/954 2425/1393/467
f 2469/1437/967 2497/1465/966 2496/1464/987
f 2469/1437/967 2496/1464/987 2470/1438/969
f 2471/1439/974 2493/1461/987 292/152/276
f 2471/1439/974 292/152/276 2426/1394/954
f 288/148/272 2424/1392/464 2453/1421/464
f 288/148/272 2453/1421/464 2445/1413/1403
f 2445/1413/1403 2453/1421/464 2436/1404/464
f 2445/1413/1403 2436/1404/464 2435/1403/1395
f 2492/1460/965 2446/1414/968 2447/1415/980
f 2492/1460/965 2447/1415/980 2489/1457/988
f 2488/1456/988 2448/1416/984 2423/1391/963
f 2488/1456/988 2423/1391/963 287/147/271
f 2472/1440/1406 2475/1443/1010 2476/1444/1022
f 2472/1440/1406 2476/1444/1022 2473/1441/1407
f 2474/1442/1408 2477/1445/1026 2434/1402/1007
f 2474/1442/1408 2434/1402/1007 2433/1401/1394
f 2438/1406/1396 2437/1405/1002 2461/1429/1016
f 2438/1406/1396 2461/1429/1016 2456/1424/1404
f 2458/1426/1404 2460/1428/1011 2459/1427/1009
f 2458/1426/1404 2459/1427/1009 2457/1425/1405
f 2435/1403/1395 2438/1406/1396 273/133/264
f 2435/1403/1395 273/133/264 2442/1410/1400
f 2442/1410/1400 273/133/264 272/132/263
f 2442/1410/1400 272/132/263 2439/1407/1397
f 2433/1401/1394 2432/1400/1393 2484/1452/1415
f 2433/1401/1394 2484/1452/1415 310/170/283
f 310/170/283 2484/1452/1415 2483/1451/1414
f 310/170/283 2483/1451/1414 311/171/284
f 2431/1399/467 2434/1402/1007 285/145/226
f 2431/1399/467 285/145/226 2465/1433/474
f 2465/1433/474 285/145/226 284/144/225
f 2465/1433/474 284/144/225 2466/1434/599
f 2437/1405/1002 2436/1404/464 2450/1418/470
f 2437/1405/1002 2450/1418/470 301/161/251
f 301/161/251 2450/1418/470 2449/1417/513
f 301/161/251 2449/1417/513 302/162/252
f 305/165/254 304/164/280 279/139/267
f 305/165/254 279/139/267 278/138/231
f 308/168/282 307/167/281 282/142/269
f 308/168/282 282/142/269 281/141/268
f 2459/1427/1009 276/136/266 298/158/279
f 2459/1427/1009 298/158/279 2475/1443/1010
f 2459/1427/1009 2475/1443/1010 2472/1440/1406
f 2459/1427/1009 2472/1440/1406 2457/1425/1405
f 2446/1414/968 2492/1460/965 2497/1465/966
f 2446/1414/968 2497/1465/966 2469/1437/967
f 2498/1466/966 2497/1465/966 2492/1460/965
f 2498/1466/966 2492/1460/965 2491/1459/965
f 2432/1400/1393 2431/1399/467 2462/1430/467
f 2432/1400/1393 2462/1430/467 2479/1447/1410
f 2479/1447/1410 2462/1430/467 2425/1393/467
f 2479/1447/1410 2425/1393/467 291/151/275
f 2173/1323/1248 2189/1339/1262 2174/1324/1249
f 2189/1339/1262 2173/1323/1248 2183/1333/1257
f 2183/1333/1257 2173/1323/1248 2179/1329/1253
f 2183/1333/1257 2179/1329/1253 2184/1334/1258
f 2184/1334/1258 2179/1329/1253 2204/1354/1274
f 2184/1334/1258 2204/1354/1274 2199/1349/1269
f 2199/1349/1269 2204/1354/1274 2203/1353/1273
f 2199/1349/1269 2203/1353/1273 2193/1343/1265
f 2193/1343/1265 2203/1353/1273 2209/1359/1278
f 2193/1343/1265 2209/1359/1278 2194/1344/1266
f 2297/1343/1339 2313/1359/1352 2298/1344/1340
f 2313/1359/1352 2297/1343/1339 2307/1353/1347
f 2307/1353/1347 2297/1343/1339 2303/1349/1343
f 2307/1353/1347 2303/1349/1343 2308/1354/1348
f 2308/1354/1348 2303/1349/1343 2288/1334/1332
f 2308/1354/1348 2288/1334/1332 2283/1329/1328
f 2283/1329/1328 2288/1334/1332 2277/1323/1324
f 2277/1323/1324 2288/1334/1332 2287/1333/1331
f 2277/1323/1324 2287/1333/1331 2278/1324/1325
f 2278/1324/1325 2287/1333/1331 2293/1339/1336
