# Blender 5.1.1
# www.blender.org
mtllib Terminal UV_1.mtl
o LP1.008
v 0.100648 1.368843 -0.050145
v 0.076052 1.384714 -0.048636
v 0.132297 1.430079 0.016895
v 0.104874 1.442200 0.010892
v 0.133000 1.424230 0.018384
v 0.122666 1.405555 -0.003505
v 0.102336 1.365659 -0.046571
v 0.094013 1.424443 -0.011579
v 0.120118 1.412661 -0.008903
v 0.050791 1.429871 0.055027
v 0.043491 1.442017 0.039564
v 0.019037 1.368472 -0.012235
v 0.015198 1.384436 -0.020369
v 0.020635 1.365147 -0.008851
v 0.032798 1.424199 0.016912
v -0.062097 1.368844 0.026684
v -0.045300 1.384714 0.008653
v -0.030448 1.430079 0.093725
v -0.017656 1.442201 0.068736
v -0.029746 1.424230 0.095213
v -0.040079 1.405555 0.073324
v -0.060410 1.365659 0.030258
v -0.028104 1.424444 0.046070
v -0.042627 1.412661 0.067927
v 0.050791 1.429871 0.055027
v 0.043491 1.442017 0.039564
v 0.019037 1.368472 -0.012235
v 0.015198 1.384436 -0.020369
v 0.020635 1.365147 -0.008851
v 0.032798 1.424199 0.016912
v 0.069051 0.618481 -0.107809
v 0.215837 0.881361 0.284874
v 0.255463 0.930766 0.230015
v 0.231711 0.883778 0.275612
v 0.244665 0.890795 0.264362
v 0.253432 0.901725 0.252225
v 0.257153 0.915498 0.240390
v 0.244813 0.968480 0.207446
v 0.223528 1.043857 0.162337
v 0.214547 1.145779 0.091693
v 0.058150 0.111993 -0.239683
v 0.026455 0.806944 -0.306993
v 0.034431 0.632067 -0.290055
v 0.043025 0.443614 -0.271803
v 0.206836 1.043854 0.170208
v 0.228122 0.968477 0.215317
v 0.073254 0.812642 -0.246594
v 0.073116 0.111993 -0.246749
v 0.243334 0.111993 0.113813
v 0.242712 0.165883 0.112497
v 0.107447 0.819104 -0.174127
v 0.256505 1.050386 0.142012
v 0.229421 1.145784 0.084687
v 0.049397 0.632065 -0.297121
v 0.237787 0.186810 0.102064
v 0.143620 0.428799 -0.097406
v 0.139253 1.028982 -0.067947
v 0.154148 1.028988 -0.074961
v 0.134240 0.972506 -0.078567
v 0.149140 0.972506 -0.085601
v 0.087044 0.899275 -0.178666
v 0.101944 0.899275 -0.185700
v 0.073730 0.948172 -0.206810
v 0.088667 0.948172 -0.213862
v 0.021134 0.923437 -0.318273
v 0.045350 0.961926 -0.266919
v 0.036109 0.923436 -0.325342
v 0.060322 0.961925 -0.273987
v 0.041422 0.806942 -0.314059
v 0.046793 0.795476 -0.327007
v 0.022476 0.795489 -0.315418
v 0.029509 0.641288 -0.300483
v 0.053886 0.641279 -0.312050
v 0.088204 0.650999 -0.239422
v 0.093752 0.667324 -0.227684
v 0.088224 0.788388 -0.239407
v 0.081269 0.801884 -0.254116
v 0.082971 0.793694 -0.225996
v 0.081074 0.641161 -0.229992
v 0.088879 0.664191 -0.213454
v 0.077803 0.446292 -0.236885
v 0.062809 0.432154 -0.291485
v 0.038420 0.432167 -0.279862
v 0.041657 0.364454 -0.273391
v 0.065916 0.364446 -0.284903
v 0.088154 0.371137 -0.237798
v 0.093696 0.387462 -0.226057
v 0.092123 0.422038 -0.229391
v 0.085176 0.435534 -0.244105
v 0.062023 0.355227 -0.270307
v 0.057989 0.443683 -0.278875
v 0.047056 0.355227 -0.263242
v 0.089467 0.384330 -0.212131
v 0.081663 0.361299 -0.228670
v 0.087517 0.427344 -0.216286
v 0.082078 0.716150 -0.137409
v 0.073168 0.812073 -0.156269
v 0.038659 0.606622 -0.090613
v 0.054941 0.609672 -0.099009
v 0.085638 0.649547 -0.123084
v 0.086479 0.668740 -0.128093
v 0.079628 0.632222 -0.116104
v 0.056476 0.812070 -0.148399
v 0.065386 0.716147 -0.129538
v 0.072514 0.819096 -0.157654
v 0.221686 1.050380 0.158433
v 0.242475 0.910627 0.202491
v 0.225337 0.884052 0.166172
v 0.208199 0.857478 0.129853
v 0.191060 0.830903 0.093534
v 0.173922 0.804329 0.057215
v 0.156784 0.777754 0.020896
v 0.125730 0.741637 0.093913
v 0.142867 0.768211 0.130232
v 0.160005 0.794786 0.166551
v 0.177143 0.821360 0.202871
v 0.194281 0.847935 0.239190
v 0.223630 0.885611 0.240842
v 0.214018 0.880405 0.249190
v 0.208035 0.871124 0.236504
v 0.217645 0.876330 0.228156
v 0.190897 0.844550 0.200184
v 0.200507 0.849756 0.191837
v 0.206492 0.859036 0.204523
v 0.196880 0.853831 0.212871
v 0.173759 0.817976 0.163865
v 0.183369 0.823181 0.155518
v 0.189354 0.832462 0.168204
v 0.179743 0.827256 0.176551
v 0.156621 0.791401 0.127546
v 0.166232 0.796607 0.119198
v 0.172216 0.805887 0.131884
v 0.162605 0.800682 0.140232
v 0.139483 0.764827 0.091226
v 0.149094 0.770032 0.082879
v 0.155078 0.779313 0.095565
v 0.145467 0.774107 0.103912
v 0.122346 0.738252 0.054907
v 0.131956 0.743458 0.046560
v 0.137940 0.752738 0.059246
v 0.128329 0.747533 0.067593
v 0.230134 0.893720 0.231837
v 0.224149 0.884439 0.219152
v 0.207011 0.857865 0.182832
v 0.212996 0.867145 0.195518
v 0.189873 0.831290 0.146513
v 0.195858 0.840571 0.159199
v 0.172735 0.804716 0.110194
v 0.178720 0.813996 0.122880
v 0.155597 0.778141 0.073875
v 0.161582 0.787422 0.086560
v 0.138459 0.751567 0.037556
v 0.144444 0.760847 0.050241
v 0.232895 0.903939 0.223056
v 0.226909 0.894658 0.210371
v 0.209771 0.868083 0.174052
v 0.215757 0.877364 0.186737
v 0.192633 0.841509 0.137733
v 0.198618 0.850790 0.150418
v 0.175495 0.814934 0.101413
v 0.181480 0.824215 0.114099
v 0.158357 0.788360 0.065094
v 0.164342 0.797641 0.077779
v 0.141219 0.761785 0.028775
v 0.147204 0.771066 0.041460
v 0.232180 0.910396 0.218668
v 0.226195 0.901114 0.205984
v 0.209056 0.874540 0.169665
v 0.215042 0.883821 0.182349
v 0.191918 0.847965 0.133346
v 0.197904 0.857246 0.146030
v 0.174780 0.821390 0.097026
v 0.180766 0.830672 0.109711
v 0.157642 0.794816 0.060707
v 0.163628 0.804097 0.073392
v 0.140504 0.768241 0.024388
v 0.146489 0.777523 0.037073
v 0.121618 0.746511 0.071509
v 0.115632 0.737230 0.058825
v 0.138756 0.773086 0.107829
v 0.132770 0.763804 0.095144
v 0.155893 0.799660 0.144148
v 0.149908 0.790379 0.131463
v 0.173031 0.826235 0.180468
v 0.167046 0.816953 0.167783
v 0.190169 0.852809 0.216787
v 0.184183 0.843528 0.204102
v 0.207307 0.879384 0.253106
v 0.201321 0.870102 0.240422
v 0.161918 0.767826 0.038568
v 0.179056 0.794400 0.074888
v 0.158198 0.754053 0.050403
v 0.175336 0.780627 0.086722
v 0.149432 0.743123 0.062540
v 0.166569 0.769697 0.098859
v 0.136477 0.736106 0.073789
v 0.129591 0.725426 0.059192
v 0.153615 0.762681 0.110109
v 0.146729 0.752001 0.095511
v 0.159683 0.759018 0.084261
v 0.142545 0.732443 0.047942
v 0.168448 0.769948 0.072125
v 0.151311 0.743373 0.035806
v 0.172168 0.783721 0.060291
v 0.155030 0.757146 0.023972
v 0.235121 0.875995 0.244136
v 0.222166 0.868978 0.255386
v 0.215280 0.858299 0.240789
v 0.228234 0.865316 0.229539
v 0.198143 0.831724 0.204469
v 0.211096 0.838741 0.193219
v 0.217983 0.849421 0.207817
v 0.205029 0.842404 0.219067
v 0.181005 0.805150 0.168150
v 0.193959 0.812167 0.156900
v 0.200845 0.822846 0.171498
v 0.187891 0.815830 0.182747
v 0.163867 0.778575 0.131831
v 0.176821 0.785592 0.120581
v 0.183707 0.796272 0.135178
v 0.170753 0.789255 0.146428
v 0.243888 0.886925 0.232000
v 0.237000 0.876246 0.217402
v 0.219862 0.849671 0.181083
v 0.226750 0.860351 0.195680
v 0.202724 0.823097 0.144764
v 0.209612 0.833776 0.159361
v 0.185586 0.796522 0.108444
v 0.192474 0.807202 0.123042
v 0.247608 0.900698 0.220164
v 0.240721 0.890019 0.205568
v 0.223583 0.863444 0.169248
v 0.230470 0.874124 0.183845
v 0.206445 0.836870 0.132929
v 0.213332 0.847549 0.147526
v 0.189306 0.810295 0.096610
v 0.196194 0.820975 0.111207
v 0.246561 0.910169 0.213729
v 0.239673 0.899489 0.199132
v 0.222535 0.872914 0.162813
v 0.229422 0.883595 0.177410
v 0.205396 0.846340 0.126494
v 0.212284 0.857020 0.141091
v 0.188258 0.819765 0.090175
v 0.195146 0.830446 0.104771
v 0.171120 0.793191 0.053856
v 0.178008 0.803871 0.068452
v 0.153982 0.766617 0.017537
v 0.160870 0.777297 0.032133
v 0.126632 0.734607 0.079534
v 0.119745 0.723927 0.064937
v 0.143770 0.761182 0.115853
v 0.136882 0.750502 0.101257
v 0.160908 0.787756 0.152173
v 0.154020 0.777076 0.137576
v 0.178045 0.814331 0.188492
v 0.171158 0.803651 0.173896
v 0.195183 0.840905 0.224811
v 0.188296 0.830225 0.210215
v 0.212321 0.867480 0.261131
v 0.205433 0.856800 0.246534
v -0.086324 0.618481 -0.034459
v 0.123582 0.881361 0.328427
v 0.056043 0.930766 0.324159
v 0.106342 0.883778 0.334797
v 0.089424 0.890795 0.337649
v 0.074482 0.901725 0.336705
v 0.062980 0.915498 0.332056
v 0.045385 0.968480 0.301593
v 0.024084 1.043857 0.256492
v -0.024753 1.145779 0.204663
v -0.181216 0.111993 -0.126682
v -0.213044 0.806944 -0.193929
v -0.205035 0.632067 -0.177007
v -0.196404 0.443614 -0.158772
v 0.040768 1.043854 0.248606
v 0.062069 0.968477 0.293707
v -0.196151 0.812642 -0.119412
v -0.196183 0.111993 -0.119616
v -0.025968 0.111993 0.240947
v -0.026590 0.165883 0.239630
v -0.161929 0.819104 -0.046958
v -0.012566 1.050386 0.269036
v -0.039615 1.145784 0.211695
v -0.220002 0.632065 -0.169942
v -0.031515 0.186810 0.229198
v -0.125682 0.428799 0.029727
v -0.100161 1.028982 0.045077
v -0.115043 1.028988 0.052119
v -0.105175 0.972506 0.034457
v -0.120074 0.972506 0.041491
v -0.152467 0.899275 -0.065596
v -0.167367 0.899275 -0.058562
v -0.165737 0.948172 -0.093762
v -0.180674 0.948172 -0.086710
v -0.218372 0.923437 -0.205206
v -0.194111 0.961926 -0.153874
v -0.233346 0.923436 -0.198136
v -0.209083 0.961925 -0.146805
v -0.228011 0.806942 -0.186864
v -0.241422 0.795476 -0.190945
v -0.217021 0.795489 -0.202355
v -0.209958 0.641288 -0.187434
v -0.234381 0.641279 -0.175964
v -0.200114 0.650999 -0.103312
v -0.194577 0.667324 -0.091568
v -0.200115 0.788388 -0.103286
v -0.207052 0.801884 -0.118004
v -0.186422 0.793694 -0.098819
v -0.188302 0.641161 -0.102824
v -0.180494 0.664191 -0.086287
v -0.191545 0.446292 -0.109730
v -0.224173 0.432154 -0.156005
v -0.199700 0.432167 -0.167449
v -0.196761 0.364454 -0.160837
v -0.221066 0.364446 -0.149422
v -0.198829 0.371137 -0.102318
v -0.193286 0.387462 -0.090577
v -0.194860 0.422038 -0.093911
v -0.201806 0.435534 -0.108625
v -0.207323 0.355227 -0.143153
v -0.211374 0.443683 -0.151713
v -0.192356 0.355227 -0.150219
v -0.179846 0.384330 -0.084992
v -0.187656 0.361299 -0.101528
v -0.181814 0.427344 -0.089138
v -0.117457 0.716150 -0.043211
v -0.126357 0.812073 -0.062077
v -0.053733 0.606622 -0.046996
v -0.070563 0.609672 -0.039761
v -0.108659 0.649547 -0.031359
v -0.113061 0.668740 -0.033893
v -0.099451 0.632222 -0.031563
v -0.109673 0.812070 -0.069962
v -0.100773 0.716147 -0.051097
v -0.127011 0.819096 -0.063462
v 0.022240 1.050380 0.252589
v 0.048998 0.919851 0.309244
v 0.037092 0.901402 0.284034
v 0.019942 0.874828 0.247721
v 0.031848 0.893277 0.272930
v 0.002791 0.848253 0.211407
v 0.014698 0.866702 0.236617
v -0.014359 0.821679 0.175094
v -0.002453 0.840128 0.200304
v -0.031510 0.795104 0.138780
v -0.019603 0.813553 0.163990
v -0.048660 0.768530 0.102467
v -0.036754 0.786979 0.127677
v 0.033404 0.741637 0.137498
v 0.050555 0.768211 0.173811
v 0.067706 0.794786 0.210124
v 0.084857 0.821360 0.246437
v 0.102008 0.847935 0.282750
v 0.084633 0.885611 0.306461
v 0.097186 0.880405 0.304345
v 0.091194 0.871124 0.291663
v 0.078641 0.876330 0.293778
v 0.074043 0.844550 0.255349
v 0.061490 0.849756 0.257465
v 0.067482 0.859036 0.270148
v 0.080035 0.853831 0.268032
v 0.056892 0.817976 0.219036
v 0.044339 0.823181 0.221152
v 0.050331 0.832462 0.233834
v 0.062884 0.827256 0.231718
v 0.039741 0.791401 0.182723
v 0.027188 0.796607 0.184839
v 0.033180 0.805887 0.197521
v 0.045733 0.800682 0.195405
v 0.022590 0.764827 0.146410
v 0.010038 0.770032 0.148525
v 0.016029 0.779313 0.161208
v 0.028582 0.774107 0.159092
v 0.005439 0.738252 0.110097
v -0.007113 0.743458 0.112212
v -0.001121 0.752738 0.124895
v 0.011431 0.747533 0.122779
v 0.073546 0.893720 0.305760
v 0.067555 0.884439 0.293077
v 0.050405 0.857865 0.256764
v 0.056396 0.867145 0.269447
v 0.033254 0.831290 0.220451
v 0.039245 0.840571 0.233133
v 0.016103 0.804716 0.184137
v 0.022094 0.813996 0.196820
v -0.001047 0.778141 0.147824
v 0.004944 0.787422 0.160507
v -0.018198 0.751567 0.111511
v -0.012207 0.760847 0.124194
v 0.065012 0.903939 0.302311
v 0.059021 0.894658 0.289628
v 0.041871 0.868083 0.253315
v 0.047861 0.877364 0.265998
v 0.024720 0.841509 0.217001
v 0.030711 0.850790 0.229684
v 0.007570 0.814934 0.180688
v 0.013560 0.824215 0.193371
v -0.009581 0.788360 0.144375
v -0.003590 0.797641 0.157058
v -0.026731 0.761785 0.108062
v -0.020741 0.771066 0.120745
v 0.062078 0.910396 0.298971
v 0.056088 0.901114 0.286288
v 0.038938 0.874540 0.249975
v 0.044928 0.883821 0.262658
v 0.021787 0.847965 0.213662
v 0.027777 0.857246 0.226344
v 0.004637 0.821390 0.177348
v 0.010627 0.830672 0.190031
v -0.012513 0.794816 0.141035
v -0.006524 0.804097 0.153718
v -0.029664 0.768241 0.104722
v -0.023674 0.777523 0.117405
v 0.018720 0.746511 0.120086
v 0.012730 0.737230 0.107403
v 0.035871 0.773086 0.156399
v 0.029881 0.763804 0.143716
v 0.053022 0.799660 0.192712
v 0.047032 0.790379 0.180030
v 0.070173 0.826235 0.229025
v 0.064183 0.816953 0.216343
v 0.087324 0.852809 0.265338
v 0.081334 0.843528 0.252656
v 0.104475 0.879384 0.301652
v 0.098485 0.870102 0.288969
v -0.032324 0.767826 0.130267
v -0.015174 0.794400 0.166580
v -0.020823 0.754053 0.134916
v -0.003672 0.780627 0.171229
v -0.005881 0.743123 0.135860
v 0.011270 0.769697 0.172174
v 0.011037 0.736106 0.133008
v 0.004143 0.725426 0.118414
v 0.028188 0.762681 0.169321
v 0.021293 0.752001 0.154727
v 0.004375 0.759018 0.157580
v -0.012775 0.732443 0.121266
v -0.010566 0.769948 0.156635
v -0.027716 0.743373 0.120322
v -0.022067 0.783721 0.151986
v -0.039217 0.757146 0.115673
v 0.079873 0.875995 0.317426
v 0.096792 0.868978 0.314574
v 0.089897 0.858299 0.299980
v 0.072979 0.865316 0.302832
v 0.072746 0.831724 0.263667
v 0.055828 0.838741 0.266519
v 0.062722 0.849421 0.281113
v 0.079641 0.842404 0.278260
v 0.055595 0.805150 0.227354
v 0.038677 0.812167 0.230206
v 0.045571 0.822846 0.244800
v 0.062490 0.815830 0.241947
v 0.038444 0.778575 0.191041
v 0.021526 0.785592 0.193893
v 0.028421 0.796272 0.208487
v 0.045339 0.789255 0.205634
v 0.064931 0.886925 0.316482
v 0.058037 0.876246 0.301888
v 0.040887 0.849671 0.265575
v 0.047780 0.860351 0.280169
v 0.023736 0.823097 0.229261
v 0.030630 0.833776 0.243856
v 0.006585 0.796522 0.192948
v 0.013479 0.807202 0.207542
v 0.053429 0.900698 0.311834
v 0.046535 0.890019 0.297239
v 0.029385 0.863444 0.260926
v 0.036278 0.874124 0.275520
v 0.012234 0.836870 0.224613
v 0.019127 0.847549 0.239207
v -0.004916 0.810295 0.188300
v 0.001977 0.820975 0.202894
v 0.049126 0.910169 0.306935
v 0.042233 0.899489 0.292341
v 0.025083 0.872914 0.256027
v 0.031975 0.883595 0.270622
v 0.007932 0.846340 0.219714
v 0.014825 0.857020 0.234308
v -0.009218 0.819765 0.183401
v -0.002326 0.830446 0.197995
v -0.026369 0.793191 0.147087
v -0.019476 0.803871 0.161682
v -0.043519 0.766617 0.110774
v -0.036627 0.777297 0.125368
v 0.021729 0.734607 0.129057
v 0.014836 0.723927 0.114463
v 0.038880 0.761182 0.165370
v 0.031987 0.750502 0.150776
v 0.056031 0.787756 0.201683
v 0.049138 0.777076 0.187089
v 0.073182 0.814331 0.237997
v 0.066289 0.803651 0.223402
v 0.090333 0.840905 0.274310
v 0.083440 0.830225 0.259716
v 0.107484 0.867480 0.310623
v 0.100591 0.856800 0.296029
v 0.152248 0.348811 -0.067391
v 0.144162 0.357849 -0.084521
v 0.148527 0.355158 -0.075273
v 0.189579 0.143218 0.011687
v 0.194461 0.143097 0.022030
v 0.203587 0.152286 0.041360
v 0.209464 0.171046 0.053807
v 0.199237 0.146178 0.032147
v 0.177272 0.161937 -0.014385
v 0.180740 0.152806 -0.007037
v 0.184904 0.146521 0.001785
v 0.207107 0.160839 0.048815
v 0.210512 0.182217 0.056028
v 0.210190 0.193630 0.055345
v 0.133401 0.313688 -0.107327
v 0.131598 0.323609 -0.111146
v 0.135784 0.351986 -0.102274
v 0.132940 0.344168 -0.108301
v 0.139675 0.356720 -0.094029
v 0.131461 0.334178 -0.111436
v 0.205495 0.214521 0.045401
v 0.208513 0.204549 0.051793
v 0.200777 0.145750 0.006829
v 0.205354 0.145636 0.016524
v 0.196396 0.148846 -0.002452
v 0.144929 0.342887 -0.111484
v 0.143582 0.333789 -0.114339
v 0.145389 0.314907 -0.110512
v 0.192484 0.154750 -0.010740
v 0.215687 0.212918 0.038409
v 0.220153 0.193107 0.047870
v 0.218578 0.203365 0.044533
v 0.213941 0.154288 0.034712
v 0.209841 0.148531 0.026028
v 0.162559 0.346906 -0.074129
v 0.219473 0.171939 0.046428
v 0.217258 0.162350 0.041739
v 0.143708 0.324163 -0.114075
v 0.159088 0.352827 -0.081482
v 0.189161 0.163498 -0.017779
v 0.147504 0.349964 -0.106027
v 0.155113 0.355279 -0.089904
v 0.220455 0.182410 0.048510
v 0.151026 0.354250 -0.098563
v -0.107990 0.348811 0.055463
v -0.116077 0.357849 0.038334
v -0.111711 0.355158 0.047581
v -0.070658 0.143218 0.134541
v -0.065775 0.143097 0.144883
v -0.056650 0.152286 0.164214
v -0.050774 0.171046 0.176661
v -0.060999 0.146178 0.155000
v -0.082967 0.161937 0.108470
v -0.079498 0.152806 0.115818
v -0.075333 0.146521 0.124639
v -0.053131 0.160839 0.171670
v -0.049726 0.182217 0.178882
v -0.050048 0.193630 0.178200
v -0.126847 0.313688 0.015532
v -0.128650 0.323609 0.011714
v -0.124460 0.351986 0.020583
v -0.127306 0.344168 0.014557
v -0.120567 0.356720 0.028827
v -0.128787 0.334178 0.011423
v -0.054743 0.214521 0.168255
v -0.051725 0.204549 0.174648
v -0.081525 0.145750 0.140100
v -0.076949 0.145636 0.149794
v -0.085907 0.148846 0.130818
v -0.137383 0.342887 0.021791
v -0.138731 0.333789 0.018937
v -0.136925 0.314907 0.022764
v -0.089820 0.154750 0.122532
v -0.066618 0.212918 0.171681
v -0.062151 0.193107 0.181142
v -0.063727 0.203365 0.177805
v -0.068363 0.154288 0.167983
v -0.072462 0.148531 0.159299
v -0.119745 0.346906 0.059143
v -0.062832 0.171939 0.179700
v -0.065045 0.162350 0.175011
v -0.138607 0.324163 0.019202
v -0.123217 0.352827 0.051789
v -0.093143 0.163498 0.115493
v -0.134806 0.349964 0.027247
v -0.127193 0.355279 0.043368
v -0.061849 0.182410 0.181782
v -0.131281 0.354250 0.034710
v 0.114998 0.419430 -0.092605
v 0.179904 0.192693 0.107663
v 0.064389 0.562500 -0.079406
v 0.091078 0.514622 -0.080493
v 0.191362 0.239488 0.189557
v 0.203740 0.228006 0.158154
v 0.200354 0.202325 0.088201
v 0.192301 0.192693 0.101811
v 0.088449 0.577894 -0.118174
v 0.101477 0.565100 -0.121248
v 0.110216 0.569551 -0.102736
v 0.097188 0.582346 -0.099662
v 0.098388 0.435880 -0.065011
v 0.122624 0.435880 -0.076452
v 0.207980 0.218775 0.104354
v 0.199926 0.209144 0.117964
v 0.187530 0.209144 0.123816
v 0.183949 0.121536 0.116230
v 0.198990 0.103907 0.205716
v 0.358121 -0.001000 0.228533
v 0.067322 0.121536 -0.308145
v 0.078115 0.067793 -0.364594
v 0.078114 -0.001000 -0.364594
v 0.276804 0.121536 0.135593
v 0.346716 0.067793 0.204374
v 0.053109 0.822973 -0.251129
v 0.227329 1.115130 0.118269
v 0.003779 0.121536 -0.278147
v 0.121000 1.384285 -0.029871
v 0.158549 1.356894 -0.027426
v 0.047664 0.121536 -0.262280
v 0.050199 0.121536 -0.256912
v -0.017676 0.141482 -0.270273
v 0.084466 0.121536 -0.271829
v -0.003064 0.144981 -0.239321
v -0.043065 1.061561 -0.324053
v -0.085731 1.238489 -0.234646
v -0.078586 1.213359 -0.219512
v -0.050905 1.231360 -0.262924
v -0.025522 1.202497 -0.262601
v -0.057677 1.058061 -0.355006
v -0.067055 1.058051 -0.350577
v -0.100507 1.054937 -0.367994
v 0.148821 0.121536 -0.135509
v 0.114422 0.121536 -0.119270
v 0.080103 0.326658 -0.193566
v 0.046439 0.326658 -0.264875
v 0.113883 0.326658 -0.209517
v 0.144995 0.209190 -0.143613
v 0.116822 0.259297 -0.203290
v 0.208346 0.121536 0.167911
v 0.076042 0.314563 -0.289674
v 0.080707 0.326658 -0.279792
v 0.041775 0.314563 -0.274756
v 0.083041 0.259300 -0.187343
v 0.111214 0.209193 -0.127665
v 0.138428 0.154587 -0.157523
v 0.130210 0.154587 -0.174931
v 0.109257 0.154587 -0.219316
v 0.100969 0.154587 -0.236872
v 0.130210 0.121536 -0.174931
v 0.153627 0.094681 -0.164959
v 0.145399 0.094698 -0.182363
v 0.138428 0.121536 -0.157523
v 0.124573 0.094739 -0.226417
v 0.109257 0.121536 -0.219316
v 0.100969 0.121536 -0.236872
v 0.116275 0.094758 -0.243967
v 0.145863 0.099239 -0.182538
v 0.154093 0.099219 -0.165135
v 0.116707 0.099311 -0.244193
v 0.125007 0.099289 -0.226644
v 0.141463 0.121536 -0.158955
v 0.133244 0.121536 -0.176364
v 0.141463 0.149149 -0.158955
v 0.133244 0.149150 -0.176364
v 0.112291 0.121536 -0.220749
v 0.104003 0.121536 -0.238304
v 0.112291 0.149149 -0.220749
v 0.104003 0.149149 -0.238304
v -0.076402 1.061278 -0.310676
v -0.077600 1.067289 -0.311556
v -0.101280 1.055590 -0.360479
v -0.101869 1.061741 -0.360139
v -0.104620 0.071631 -0.274660
v -0.087496 0.118052 -0.238387
v -0.071957 0.075547 -0.286339
v -0.057801 0.113932 -0.256342
v -0.081143 0.105385 -0.224928
v -0.086211 0.121536 -0.235664
v -0.050969 0.101497 -0.242888
v -0.065405 0.062363 -0.273468
v -0.103626 0.419430 0.010604
v 0.009753 0.192693 0.187989
v -0.079073 0.514622 -0.000168
v 0.065701 0.239488 0.248879
v 0.033589 0.228006 0.238480
v -0.018270 0.202325 0.191410
v -0.002643 0.192693 0.193841
v -0.106495 0.577894 -0.026144
v -0.117147 0.565100 -0.018039
v -0.108408 0.569551 0.000473
v -0.097756 0.582346 -0.007632
v -0.071764 0.435880 0.015315
v -0.096000 0.435880 0.026757
v -0.010644 0.218775 0.207563
v 0.004982 0.209144 0.209994
v 0.017379 0.209144 0.204142
v 0.020937 0.121536 0.212791
v 0.073330 0.103907 0.265038
v -0.061272 0.562500 -0.020084
v -0.010181 -0.001000 0.402403
v -0.239744 0.121536 -0.163184
v -0.290187 0.067793 -0.190725
v -0.290187 -0.001000 -0.190725
v -0.030262 0.121536 0.280555
v -0.021586 0.067793 0.378243
v -0.012198 1.115130 0.231346
v -0.176201 0.121536 -0.193181
v -0.059003 1.384285 0.055106
v -0.080978 1.356894 0.085651
v -0.191840 0.121536 -0.149214
v -0.189305 0.121536 -0.143846
v -0.156487 0.141481 -0.204743
v -0.222600 0.121536 -0.126868
v -0.141874 0.144981 -0.173791
v -0.181876 1.061561 -0.258523
v -0.129696 1.231360 -0.225728
v -0.145577 1.202497 -0.205924
v -0.196488 1.058061 -0.289475
v -0.187109 1.058051 -0.293901
v -0.179298 1.054937 -0.330798
v -0.158246 0.121536 0.009452
v -0.186543 0.822973 -0.137993
v -0.159401 0.326658 -0.080500
v -0.193065 0.326658 -0.151809
v -0.121624 0.121536 -0.003988
v -0.193184 0.326658 -0.064556
v -0.162071 0.209190 0.001349
v -0.190244 0.259297 -0.058329
v 0.038195 0.121536 0.248237
v -0.231024 0.314563 -0.144712
v -0.226359 0.326658 -0.134830
v -0.197730 0.314563 -0.161690
v -0.156463 0.259300 -0.074277
v -0.128290 0.209193 -0.014599
v -0.168638 0.154587 -0.012562
v -0.176856 0.154587 -0.029970
v -0.197810 0.154587 -0.074355
v -0.206097 0.154587 -0.091910
v -0.176856 0.121536 -0.029970
v -0.184038 0.094681 -0.005553
v -0.192247 0.094697 -0.022966
v -0.168638 0.121536 -0.012562
v -0.213025 0.094739 -0.067042
v -0.197810 0.121536 -0.074355
v -0.206097 0.121536 -0.091910
v -0.221303 0.094758 -0.084602
v -0.192677 0.099239 -0.022718
v -0.184470 0.099219 -0.005305
v -0.221751 0.099311 -0.084412
v -0.213476 0.099289 -0.066851
v -0.171672 0.121536 -0.011129
v -0.179890 0.121536 -0.028538
v -0.171672 0.149149 -0.011129
v -0.179890 0.149149 -0.028538
v -0.200844 0.121536 -0.072923
v -0.209131 0.121536 -0.090478
v -0.200844 0.149149 -0.072923
v -0.209131 0.149149 -0.090478
v -0.150362 1.061278 -0.275761
v -0.150280 1.067289 -0.277245
v -0.173004 1.055590 -0.326619
v -0.172368 1.061741 -0.326857
v -0.098103 0.059409 -0.260854
v -0.134395 0.075547 -0.256862
v -0.120231 0.113932 -0.226870
v -0.114185 0.101497 -0.213044
v -0.128622 0.062363 -0.243625
v -0.106036 -0.001000 -0.277660
v -0.106036 0.067793 -0.277659
v -0.101959 1.095930 -0.371076
v -0.099450 1.128424 -0.365763
v -0.094966 1.150693 -0.356265
v -0.085819 1.175762 -0.336887
v -0.178247 1.128424 -0.328564
v -0.180754 1.095930 -0.333878
v -0.164615 1.175762 -0.299689
v -0.173763 1.150693 -0.319066
v -0.038300 1.085745 -0.367283
v -0.037844 1.106996 -0.366315
v -0.035364 1.127175 -0.361063
v -0.023599 1.158756 -0.336142
v -0.030309 1.144414 -0.350356
v 0.021036 1.142414 -0.318688
v 0.014315 1.128057 -0.332923
v 0.006304 1.069256 -0.349891
v 0.009223 1.110647 -0.343709
v 0.006760 1.090535 -0.348927
v -0.053592 1.158710 -0.322060
v -0.060294 1.144380 -0.336257
v -0.065345 1.127147 -0.346956
v -0.068267 1.085828 -0.353145
v -0.067809 1.107056 -0.352176
v -0.215361 1.127097 -0.276130
v -0.218281 1.085745 -0.282316
v -0.217825 1.106996 -0.281349
v -0.203581 1.158756 -0.251175
v -0.210291 1.144414 -0.265390
v -0.218470 1.142414 -0.205621
v -0.225190 1.128057 -0.219857
v -0.230281 1.110647 -0.230642
v -0.233200 1.069256 -0.236825
v -0.232745 1.090535 -0.235861
v -0.185400 1.127147 -0.290280
v -0.173647 1.158710 -0.265384
v -0.180349 1.144380 -0.279581
v -0.188322 1.085828 -0.296469
v -0.187864 1.107056 -0.295500
v 0.130190 1.377404 -0.050740
v 0.205901 1.412152 -0.046814
v 0.394882 0.937667 0.281356
v 0.394909 0.925111 0.290493
v 0.387658 0.915934 0.300602
v 0.252368 1.431414 -0.011148
v 0.259280 1.419708 -0.005880
v 0.225065 1.443017 -0.006713
v 0.239813 1.439968 -0.011453
v 0.375123 0.912661 0.308905
v 0.208104 0.912630 0.387775
v 0.058907 1.443007 0.071735
v 0.188821 0.882866 0.346928
v 0.039624 1.413243 0.030888
v 0.024617 1.377404 -0.000900
v 0.140662 0.964878 0.244915
v 0.121628 1.032543 0.204595
v 0.167928 0.867952 0.302671
v 0.264877 1.032543 0.136969
v 0.155123 0.924887 0.055979
v 0.160479 0.921042 0.056361
v 0.283778 0.965355 0.177005
v 0.175183 0.925066 0.046710
v 0.172060 0.921145 0.051009
v 0.172133 0.935676 0.040314
v 0.166777 0.939522 0.039932
v 0.155196 0.939419 0.045284
v 0.152073 0.935497 0.049583
v 0.160430 0.906426 0.067107
v 0.165786 0.902580 0.067489
v 0.180490 0.906605 0.057838
v 0.177367 0.902684 0.062137
v 0.073415 0.957430 0.102467
v 0.177440 0.917215 0.051442
v 0.092450 0.890467 0.142789
v 0.157380 0.917036 0.060711
v 0.212471 0.891918 0.087442
v 0.165737 0.887965 0.078235
v 0.171092 0.884119 0.078617
v 0.182674 0.884222 0.073265
v 0.193430 0.958891 0.047115
v 0.185796 0.888144 0.068966
v 0.304774 0.890717 0.221480
v 0.182746 0.898754 0.062570
v 0.162687 0.898575 0.071840
v 0.139063 1.377404 -0.054928
v 0.167373 1.365756 -0.059805
v 0.220719 1.409064 -0.051559
v 0.233362 1.400540 -0.051316
v 0.375837 0.907057 0.241013
v 0.375865 0.894413 0.250213
v 0.368565 0.885170 0.260394
v 0.355629 0.881880 0.268899
v 0.176001 1.348479 -0.051289
v 0.240312 1.388825 -0.046061
v 0.194414 0.902023 0.087882
v 0.180776 0.949597 0.059288
v 0.191369 0.912643 0.081500
v 0.169058 0.920322 0.086046
v 0.166013 0.930941 0.079663
v 0.174354 0.901844 0.097152
v 0.171310 0.912464 0.090769
v 0.163761 0.938799 0.074940
v 0.160717 0.949419 0.068557
v 0.174411 0.916473 0.086423
v 0.169114 0.934950 0.075317
v 0.183820 0.938978 0.065670
v 0.180695 0.935054 0.069965
v 0.179708 0.897995 0.097529
v 0.186073 0.931120 0.070394
v 0.175423 0.953447 0.058910
v 0.191289 0.898099 0.092178
v 0.185992 0.916576 0.081071
v 0.189117 0.920501 0.076776
v 0.163841 0.953343 0.064262
v 0.303348 0.873697 0.234555
v 0.289883 0.867952 0.245098
v -0.080956 1.377404 0.048939
v -0.126040 1.412152 0.109890
v 0.007240 0.937667 0.464355
v 0.014278 0.925111 0.470183
v 0.026692 0.915934 0.471009
v -0.128032 1.431414 0.168434
v -0.128358 1.419708 0.177117
v -0.107257 1.443016 0.150172
v -0.120289 1.439968 0.158546
v 0.041068 0.912661 0.466607
v -0.021621 1.032543 0.272220
v -0.014404 0.924887 0.136010
v -0.017513 0.921042 0.140388
v -0.002721 0.965355 0.312257
v -0.034309 0.925066 0.145607
v -0.029004 0.921145 0.145929
v -0.037308 0.935676 0.139188
v -0.034200 0.939522 0.134811
v -0.022708 0.939419 0.129270
v -0.017404 0.935497 0.129591
v -0.009185 0.906426 0.147180
v -0.012293 0.902580 0.151557
v -0.029089 0.906605 0.156777
v -0.023785 0.902684 0.157098
v -0.032089 0.917215 0.150358
v -0.012184 0.917036 0.140760
v -0.026556 0.891917 0.200283
v -0.003965 0.887965 0.158349
v -0.007074 0.884119 0.162727
v -0.018566 0.884222 0.168267
v -0.045592 0.958891 0.159954
v -0.023870 0.888144 0.167946
v 0.018275 0.890716 0.356732
v -0.026870 0.898754 0.161527
v -0.006965 0.898575 0.151930
v -0.089829 1.377404 0.053128
v -0.111586 1.365755 0.071887
v -0.139121 1.409064 0.118316
v -0.146968 1.400540 0.128231
v -0.011805 0.907057 0.424012
v -0.004719 0.894413 0.429881
v 0.007780 0.885170 0.430715
v 0.022568 0.881880 0.426132
v -0.110494 1.348479 0.083961
v -0.147326 1.388824 0.136937
v -0.014741 0.902023 0.186621
v -0.028152 0.949597 0.157919
v -0.017734 0.912642 0.180214
v -0.000045 0.920322 0.165876
v -0.003039 0.930941 0.159470
v 0.005164 0.901844 0.177024
v 0.002170 0.912464 0.170617
v -0.005254 0.938799 0.154729
v -0.008247 0.949418 0.148322
v -0.003156 0.916473 0.170249
v -0.008364 0.934950 0.159102
v -0.025158 0.938978 0.164326
v -0.019856 0.935053 0.164643
v 0.002053 0.897995 0.181397
v -0.022943 0.931120 0.169067
v -0.025041 0.953447 0.153546
v -0.009439 0.898099 0.186938
v -0.014648 0.916576 0.175790
v -0.019950 0.920501 0.175473
v -0.013549 0.953343 0.148005
v 0.029276 0.873697 0.363940
v 0.045974 0.867952 0.360244
v 0.059205 0.781984 -0.166289
v 0.060958 0.778760 -0.165354
v 0.060425 0.774398 -0.162747
v 0.058783 0.772156 -0.160760
v 0.061473 0.768770 -0.160183
v 0.061405 0.764410 -0.157789
v 0.060031 0.762169 -0.155925
v 0.063169 0.758787 -0.155555
v 0.063733 0.754430 -0.153451
v 0.062672 0.752191 -0.151731
v 0.066326 0.748813 -0.151599
v 0.067521 0.744460 -0.149785
v 0.066763 0.742223 -0.148205
v 0.070848 0.738848 -0.148271
v 0.072469 0.734497 -0.146653
v 0.071279 0.731556 -0.144504
v 0.088710 0.812363 -0.120770
v 0.090532 0.809057 -0.119654
v 0.090404 0.805015 -0.116557
v 0.088923 0.802938 -0.114285
v 0.091650 0.799565 -0.113371
v 0.091793 0.795489 -0.110372
v 0.090459 0.793399 -0.108159
v 0.093403 0.790025 -0.107342
v 0.093846 0.785949 -0.104480
v 0.092665 0.783865 -0.102340
v 0.095845 0.780491 -0.101632
v 0.096580 0.776415 -0.098903
v 0.095539 0.774336 -0.096830
v 0.098938 0.770964 -0.096224
v 0.099908 0.766887 -0.093600
v 0.098617 0.764465 -0.090652
v 0.110874 0.848349 -0.073860
v 0.113690 0.844992 -0.073208
v 0.114662 0.841017 -0.070577
v 0.113661 0.838978 -0.068508
v 0.117038 0.835597 -0.067893
v 0.117750 0.831597 -0.065125
v 0.116602 0.829545 -0.062979
v 0.119728 0.826142 -0.062233
v 0.120117 0.822117 -0.059300
v 0.118797 0.820053 -0.057067
v 0.121658 0.816633 -0.056188
v 0.121710 0.812590 -0.053088
v 0.120218 0.810526 -0.050777
v 0.122837 0.807107 -0.049788
v 0.122587 0.803068 -0.046554
v 0.120317 0.800771 -0.043084
v 0.129853 0.874507 -0.030850
v 0.133327 0.871017 -0.030732
v 0.134698 0.866931 -0.028484
v 0.133859 0.864840 -0.026591
v 0.137667 0.861349 -0.026390
v 0.138546 0.857251 -0.023908
v 0.137424 0.855154 -0.021882
v 0.140759 0.851652 -0.021459
v 0.140974 0.847541 -0.018664
v 0.139492 0.845436 -0.016469
v 0.142269 0.841925 -0.015784
v 0.141819 0.837802 -0.012678
v 0.140024 0.835691 -0.010336
v 0.142356 0.832171 -0.009442
v 0.141412 0.828042 -0.006106
v 0.138340 0.825730 -0.002325
v 0.138757 0.903112 0.011395
v 0.141815 0.899156 0.011086
v 0.142801 0.895333 0.013905
v 0.141793 0.893393 0.016095
v 0.145358 0.889670 0.016091
v 0.146052 0.885844 0.019042
v 0.144880 0.883901 0.021305
v 0.148193 0.880170 0.021407
v 0.148533 0.876339 0.024517
v 0.147177 0.874392 0.026861
v 0.150200 0.870655 0.027090
v 0.150180 0.866817 0.030358
v 0.148646 0.864867 0.032781
v 0.151385 0.861126 0.033138
v 0.151047 0.857271 0.036527
v 0.148517 0.855810 0.041213
v 0.155281 0.918460 0.022327
v 0.157736 0.914327 0.022014
v 0.158489 0.910470 0.024900
v 0.157409 0.908530 0.027134
v 0.160628 0.904690 0.027107
v 0.161259 0.900830 0.030048
v 0.160106 0.898892 0.032320
v 0.163208 0.895047 0.032339
v 0.163655 0.891185 0.035363
v 0.162401 0.889248 0.037684
v 0.165344 0.885400 0.037773
v 0.165581 0.881537 0.040895
v 0.164220 0.879598 0.043264
v 0.166995 0.875750 0.043432
v 0.167036 0.871885 0.046643
v 0.165112 0.870567 0.051298
v 0.168918 0.936860 0.046267
v 0.171286 0.933423 0.047090
v 0.171474 0.929364 0.049930
v 0.170063 0.927289 0.052108
v 0.172767 0.923852 0.052960
v 0.173424 0.919796 0.055584
v 0.172079 0.917722 0.057732
v 0.175177 0.914288 0.058402
v 0.175374 0.910228 0.061238
v 0.174020 0.908154 0.063391
v 0.177105 0.904719 0.064066
v 0.177287 0.900660 0.066909
v 0.175924 0.898585 0.069065
v 0.178997 0.895151 0.069746
v 0.179164 0.891091 0.072596
v 0.177048 0.888782 0.075787
v -0.125220 0.781984 -0.079225
v -0.125612 0.778761 -0.077278
v -0.123260 0.774398 -0.076032
v -0.120682 0.772156 -0.076037
v -0.121947 0.768770 -0.073593
v -0.120055 0.764410 -0.072125
v -0.117742 0.762169 -0.072001
v -0.119451 0.758787 -0.069343
v -0.118185 0.754430 -0.067571
v -0.116183 0.752191 -0.067296
v -0.118403 0.748813 -0.064391
v -0.117762 0.744460 -0.062316
v -0.116060 0.742223 -0.061897
v -0.118707 0.738848 -0.058785
v -0.118488 0.734497 -0.056505
v -0.116072 0.731556 -0.056058
v -0.108825 0.812363 -0.027517
v -0.109121 0.809057 -0.025401
v -0.106648 0.805015 -0.023531
v -0.103953 0.802938 -0.023232
v -0.104981 0.799565 -0.020545
v -0.102756 0.795489 -0.018528
v -0.100200 0.793399 -0.018152
v -0.101440 0.790025 -0.015360
v -0.099512 0.785949 -0.013199
v -0.097109 0.783865 -0.012751
v -0.098583 0.780491 -0.009845
v -0.096943 0.776415 -0.007544
v -0.094681 0.774336 -0.007031
v -0.096373 0.770964 -0.004020
v -0.094964 0.766887 -0.001605
v -0.091867 0.764465 -0.000728
v -0.086692 0.848349 0.019408
v -0.087977 0.844992 0.021996
v -0.086564 0.841017 0.024418
v -0.084331 0.838979 0.024961
v -0.086001 0.835597 0.027959
v -0.084316 0.831597 0.030268
v -0.081931 0.829545 0.030745
v -0.083341 0.826142 0.033633
v -0.081324 0.822117 0.035797
v -0.078761 0.820053 0.036197
v -0.079900 0.816633 0.038965
v -0.077540 0.812590 0.040975
v -0.074807 0.810526 0.041292
v -0.075708 0.807107 0.043942
v -0.073053 0.803069 0.045804
v -0.068931 0.800771 0.046257
v -0.065545 0.874507 0.061394
v -0.067662 0.871017 0.064151
v -0.066797 0.866932 0.066639
v -0.064802 0.864840 0.067194
v -0.067067 0.861349 0.070261
v -0.065709 0.857251 0.072517
v -0.063432 0.855154 0.072939
v -0.065225 0.851652 0.075783
v -0.063204 0.847541 0.077725
v -0.060567 0.845436 0.077976
v -0.061802 0.841925 0.080555
v -0.059118 0.837802 0.082182
v -0.056169 0.835691 0.082284
v -0.056961 0.832171 0.084653
v -0.053785 0.828042 0.086044
v -0.048914 0.825730 0.086075
v -0.038586 0.903112 0.095116
v -0.040767 0.899156 0.097280
v -0.039218 0.895333 0.099833
v -0.036886 0.893393 0.100446
v -0.039155 0.889670 0.103197
v -0.037317 0.885844 0.105608
v -0.034826 0.883901 0.106142
v -0.036852 0.880170 0.108764
v -0.034668 0.876339 0.111003
v -0.031996 0.874392 0.111446
v -0.033740 0.870655 0.113925
v -0.031204 0.866817 0.115987
v -0.028358 0.864867 0.116342
v -0.029824 0.861127 0.118683
v -0.026992 0.857271 0.120577
v -0.021766 0.855810 0.121601
v -0.040646 0.918460 0.114821
v -0.042448 0.914327 0.116517
v -0.040699 0.910470 0.118934
v -0.038287 0.908530 0.119520
v -0.040354 0.904690 0.121988
v -0.038485 0.900830 0.124344
v -0.035997 0.898892 0.124897
v -0.037954 0.895047 0.127304
v -0.035903 0.891185 0.129571
v -0.033314 0.889248 0.130078
v -0.035116 0.885400 0.132407
v -0.032856 0.881537 0.134574
v -0.030162 0.879599 0.135029
v -0.031796 0.875750 0.137278
v -0.029342 0.871885 0.139350
v -0.024526 0.870567 0.140823
v -0.030829 0.936860 0.140565
v -0.031698 0.933423 0.142916
v -0.029626 0.929364 0.144866
v -0.027047 0.927289 0.145161
v -0.028107 0.923852 0.147790
v -0.026498 0.919796 0.149964
v -0.023986 0.917722 0.150292
v -0.025436 0.914288 0.153109
v -0.023372 0.910228 0.155063
v -0.020850 0.908154 0.155386
v -0.022289 0.904720 0.158197
v -0.020210 0.900660 0.160144
v -0.017679 0.898586 0.160463
v -0.019106 0.895151 0.163268
v -0.017012 0.891091 0.165208
v -0.013203 0.888782 0.165602
v 0.052346 1.156395 -0.252363
v 0.201614 1.147595 0.063800
v 0.154667 1.313953 -0.035647
v 0.124227 1.027605 -0.100110
v 0.090952 0.932131 -0.170585
v 0.118560 0.974937 -0.112111
v 0.081277 0.969984 -0.191079
v 0.064031 1.156394 -0.257880
v 0.213299 1.147595 0.058283
v 0.166352 1.313953 -0.041164
v 0.135912 1.027605 -0.105627
v 0.102638 0.932131 -0.176102
v 0.130245 0.974936 -0.117628
v 0.092963 0.969984 -0.196596
v -0.187159 1.156394 -0.139297
v -0.037911 1.147595 0.176876
v -0.084858 1.313953 0.077429
v -0.115285 1.027605 0.012960
v -0.148552 0.932131 -0.057518
v -0.120950 0.974936 0.000957
v -0.158227 0.969984 -0.078013
v -0.198845 1.156394 -0.133781
v -0.049597 1.147594 0.182392
v -0.096544 1.313953 0.082946
v -0.126971 1.027605 0.018476
v -0.160238 0.932131 -0.052002
v -0.132636 0.974936 0.006473
v -0.169913 0.969984 -0.072496
v -0.149284 1.076434 -0.307864
v -0.144343 1.075428 -0.320909
v -0.130553 1.075797 -0.323211
v -0.122424 1.077808 -0.305292
v -0.126646 1.078176 -0.299423
v -0.140436 1.077808 -0.297121
v -0.147218 0.984320 -0.309925
v -0.138154 0.983651 -0.320556
v -0.124407 0.984360 -0.318080
v -0.128788 0.986407 -0.294343
v -0.142534 0.985698 -0.296819
v -0.142308 0.899458 -0.312653
v -0.130164 0.899171 -0.319585
v -0.118094 0.900163 -0.312591
v -0.130311 0.901730 -0.291731
v -0.142381 0.900737 -0.298726
v -0.134434 0.821128 -0.314780
v -0.120645 0.821258 -0.317112
v -0.130434 0.823393 -0.290996
v -0.139329 0.822195 -0.301722
v -0.120852 0.731365 -0.314698
v -0.107438 0.732030 -0.310796
v -0.104148 0.733317 -0.297263
v -0.127686 0.733274 -0.291537
v -0.130976 0.731987 -0.305069
v -0.101091 0.633955 -0.307869
v -0.091869 0.635129 -0.297421
v -0.119289 0.634807 -0.291903
v -0.114801 0.633794 -0.305110
v -0.081732 0.545688 -0.291978
v -0.079950 0.546914 -0.278161
v -0.105735 0.544885 -0.288810
v -0.094625 0.544674 -0.297303
v -0.075130 0.503184 -0.282693
v -0.077614 0.502690 -0.268938
v -0.098958 0.504045 -0.286965
v -0.085802 0.503862 -0.291706
v -0.076751 0.441332 -0.278288
v -0.084734 0.440035 -0.266878
v -0.096410 0.446541 -0.291449
v -0.082590 0.444585 -0.290574
v -0.088059 0.377954 -0.279883
v -0.100080 0.378034 -0.272734
v -0.106801 0.385551 -0.297801
v -0.099876 0.384968 -0.299832
v -0.087957 0.381421 -0.293432
v -0.104589 0.317465 -0.282855
v -0.118430 0.318908 -0.281463
v -0.113491 0.323703 -0.307590
v -0.106428 0.322585 -0.306460
v -0.098587 0.319304 -0.295353
v -0.121373 0.261510 -0.283699
v -0.134414 0.262152 -0.288710
v -0.136572 0.263001 -0.302502
v -0.118493 0.262968 -0.310524
v -0.112647 0.262565 -0.306272
v -0.110489 0.261716 -0.292480
v -0.128256 0.234496 -0.282499
v -0.139781 0.233547 -0.290367
v -0.114574 0.234022 -0.302484
v -0.115653 0.234734 -0.288558
v -0.133115 0.206931 -0.279572
v -0.142313 0.203785 -0.289627
v -0.137924 0.201858 -0.302766
v -0.118347 0.204595 -0.302077
v -0.115138 0.206222 -0.295795
v -0.119527 0.208149 -0.282656
v -0.134901 0.177651 -0.273939
v -0.141017 0.172207 -0.285277
v -0.133508 0.169906 -0.296850
v -0.115189 0.175837 -0.292328
v -0.113765 0.178494 -0.285746
v -0.121275 0.180794 -0.274173
v -0.124195 0.111598 -0.248666
v -0.122932 0.103634 -0.260094
v -0.111083 0.103889 -0.267520
v -0.099394 0.116745 -0.258070
v -0.101761 0.120071 -0.252091
v -0.113610 0.119816 -0.244665
v -0.109473 0.075490 -0.226119
v -0.104673 0.067937 -0.236867
v -0.092080 0.070702 -0.242285
v -0.085109 0.085808 -0.231588
v -0.089086 0.088573 -0.226208
v -0.101680 0.085808 -0.220789
v -0.092377 1.079345 -0.302415
v -0.103192 1.079714 -0.293555
v -0.116262 1.078708 -0.298429
v -0.107703 1.076965 -0.321023
v -0.094633 1.077971 -0.316150
v -0.095551 0.988375 -0.285621
v -0.108720 0.988352 -0.280913
v -0.119361 0.987147 -0.289909
v -0.119938 0.986461 -0.297093
v -0.093022 0.987193 -0.299325
v -0.102061 0.904340 -0.272243
v -0.116041 0.903932 -0.272279
v -0.122967 0.902620 -0.284358
v -0.121058 0.902035 -0.291317
v -0.095008 0.903435 -0.284286
v -0.110697 0.826437 -0.262963
v -0.123794 0.825670 -0.267810
v -0.126103 0.824362 -0.281542
v -0.121901 0.823931 -0.287421
v -0.102219 0.824588 -0.285580
v -0.099910 0.825896 -0.271848
v -0.122241 0.736428 -0.257698
v -0.131884 0.735300 -0.267764
v -0.127939 0.734198 -0.281137
v -0.121585 0.734038 -0.284603
v -0.108651 0.736452 -0.261004
v -0.132857 0.637144 -0.260358
v -0.135591 0.635881 -0.274015
v -0.125085 0.635389 -0.283234
v -0.117863 0.635639 -0.282783
v -0.109111 0.637422 -0.265136
v -0.119617 0.637915 -0.255918
v -0.134630 0.545154 -0.270111
v -0.129245 0.544324 -0.282992
v -0.115387 0.544788 -0.284821
v -0.109662 0.545406 -0.280432
v -0.126157 0.546447 -0.259059
v -0.132150 0.504625 -0.277875
v -0.123120 0.504805 -0.288553
v -0.109362 0.504308 -0.286086
v -0.105236 0.503945 -0.280149
v -0.127422 0.503948 -0.264729
v -0.130078 0.451848 -0.296239
v -0.117490 0.451468 -0.302322
v -0.106140 0.448460 -0.294724
v -0.104907 0.446885 -0.287766
v -0.131316 0.449222 -0.282558
v -0.127765 0.394049 -0.317844
v -0.113943 0.391954 -0.318276
v -0.107121 0.387905 -0.306758
v -0.134763 0.392094 -0.305894
v -0.123448 0.330680 -0.335260
v -0.110930 0.327953 -0.329650
v -0.109869 0.324997 -0.316022
v -0.134905 0.330451 -0.327240
v -0.115270 0.264599 -0.340530
v -0.106495 0.263739 -0.329674
v -0.111533 0.263129 -0.316641
v -0.129084 0.264851 -0.338354
v -0.109235 0.232409 -0.336448
v -0.103204 0.233368 -0.323865
v -0.111104 0.233642 -0.312327
v -0.118213 0.233394 -0.310984
v -0.123165 0.231723 -0.337492
v -0.101828 0.201982 -0.327251
v -0.099051 0.204910 -0.313860
v -0.109430 0.205319 -0.304494
v -0.114983 0.199462 -0.331276
v -0.093139 0.173807 -0.312898
v -0.093943 0.178279 -0.299670
v -0.106146 0.177792 -0.292854
v -0.104537 0.168849 -0.319309
v -0.071652 0.122502 -0.268589
v -0.079222 0.126953 -0.257704
v -0.092174 0.122061 -0.255726
v -0.077034 0.113160 -0.277497
v -0.057854 0.097350 -0.237706
v -0.067897 0.100114 -0.228373
v -0.079667 0.092561 -0.228322
v -0.059583 0.087032 -0.246988
v -0.112927 1.074260 -0.347715
v -0.104079 1.075634 -0.336972
v -0.131659 1.074897 -0.332368
v -0.126718 1.073891 -0.345413
v -0.099537 0.983637 -0.335238
v -0.094854 0.985015 -0.322132
v -0.103918 0.985684 -0.311501
v -0.122348 0.983597 -0.327083
v -0.113284 0.982928 -0.337714
v -0.088872 0.900298 -0.320304
v -0.088945 0.901578 -0.306377
v -0.101089 0.901865 -0.299445
v -0.113086 0.899593 -0.320367
v -0.100942 0.899306 -0.327299
v -0.081675 0.823461 -0.303572
v -0.086570 0.824528 -0.290514
v -0.108561 0.822563 -0.306087
v -0.104359 0.822132 -0.311967
v -0.090570 0.822263 -0.314298
v -0.078356 0.735322 -0.281638
v -0.088479 0.735944 -0.272008
v -0.101893 0.735279 -0.275911
v -0.095059 0.733369 -0.299073
v -0.081646 0.734034 -0.295170
v -0.082982 0.638868 -0.257248
v -0.096692 0.638707 -0.254489
v -0.094938 0.636431 -0.281354
v -0.087717 0.636680 -0.280904
v -0.078494 0.637854 -0.270455
v -0.095090 0.549425 -0.239803
v -0.107983 0.548410 -0.245128
v -0.109765 0.547185 -0.258946
v -0.091487 0.547369 -0.266501
v -0.085762 0.547988 -0.262113
v -0.083980 0.549213 -0.248296
v -0.103650 0.502118 -0.236866
v -0.114323 0.502796 -0.245880
v -0.111838 0.503290 -0.259634
v -0.092136 0.502793 -0.261299
v -0.088010 0.502430 -0.255362
v -0.090494 0.501935 -0.241607
v -0.121564 0.440967 -0.248184
v -0.127403 0.444220 -0.260470
v -0.119420 0.445517 -0.271880
v -0.100994 0.441883 -0.265678
v -0.099761 0.440308 -0.258720
v -0.107744 0.439011 -0.247309
v -0.140906 0.384014 -0.270655
v -0.140804 0.387481 -0.284204
v -0.128783 0.387401 -0.291352
v -0.115064 0.381840 -0.278235
v -0.116966 0.380387 -0.271403
v -0.128987 0.380467 -0.264254
v -0.155756 0.326854 -0.297289
v -0.149755 0.328693 -0.309787
v -0.135913 0.327250 -0.311178
v -0.129397 0.322684 -0.293071
v -0.134074 0.322130 -0.287573
v -0.147916 0.323573 -0.286182
v -0.160976 0.264682 -0.320252
v -0.150092 0.264889 -0.329033
v -0.137051 0.264247 -0.324022
v -0.145777 0.263191 -0.301449
v -0.158818 0.263833 -0.306460
v -0.158339 0.230700 -0.327168
v -0.145736 0.230938 -0.333226
v -0.134211 0.231887 -0.325359
v -0.140784 0.232609 -0.306718
v -0.147893 0.232361 -0.305374
v -0.159418 0.231412 -0.313242
v -0.151319 0.195063 -0.328993
v -0.137731 0.196282 -0.332077
v -0.128533 0.199428 -0.322022
v -0.146509 0.200136 -0.305799
v -0.155708 0.196990 -0.315854
v -0.139450 0.158815 -0.324329
v -0.125824 0.161958 -0.324563
v -0.119708 0.167402 -0.313225
v -0.140843 0.166560 -0.301418
v -0.146960 0.161116 -0.312756
v -0.101203 0.090003 -0.292480
v -0.090617 0.098221 -0.288478
v -0.091880 0.106185 -0.277051
v -0.114314 0.097712 -0.273626
v -0.113051 0.089748 -0.285053
v -0.075477 0.059161 -0.264748
v -0.067683 0.069478 -0.259418
v -0.072483 0.077031 -0.248670
v -0.092871 0.063949 -0.248582
v -0.088071 0.056396 -0.259330
vn 0.6852 0.3556 -0.6356
vn 0.7177 0.3554 -0.5989
vn 0.9043 -0.0000 -0.4269
vn -0.3217 -0.6371 -0.7005
vn -0.3652 -0.4908 -0.7910
vn -0.3012 -0.6906 -0.6575
vn 0.6863 0.3114 -0.6573
vn 0.3255 0.5648 -0.7583
vn 0.3582 0.6029 -0.7129
vn -0.2681 -0.7634 -0.5877
vn -0.2473 0.8148 -0.5243
vn -0.2718 0.7698 -0.5775
vn -0.2721 0.7692 -0.5781
vn 0.2439 0.8145 0.5264
vn 0.3937 0.6432 -0.6567
vn -0.2953 0.7197 -0.6284
vn -0.9262 0.3556 0.1251
vn -0.9043 -0.0000 0.4269
vn -0.9185 0.3554 0.1735
vn -0.3364 -0.6371 -0.6935
vn -0.3162 -0.6906 -0.6504
vn -0.3787 -0.4908 -0.7847
vn -0.7781 0.6029 -0.1765
vn -0.7923 0.5648 -0.2306
vn -0.9436 0.3114 0.1122
vn -0.2834 -0.7634 -0.5805
vn -0.2476 0.8148 -0.5241
vn -0.2734 0.7692 -0.5775
vn -0.2731 0.7698 -0.5769
vn 0.2514 0.8145 0.5228
vn -0.7572 0.6432 -0.1133
vn -0.2975 0.7197 -0.6273
vn 0.8744 -0.4415 0.2015
vn 0.8881 -0.4258 0.1734
vn 0.4120 0.2623 0.8726
vn 0.4267 0.0270 0.9040
vn 0.3155 0.6737 0.6683
vn 0.3471 0.5822 0.7352
vn 0.4168 0.2123 0.8839
vn 0.4175 0.2123 0.8835
vn 0.4172 0.2124 0.8836
vn 0.4171 0.2124 0.8837
vn 0.8701 -0.4902 -0.0519
vn 0.7221 -0.6747 0.1529
vn 0.7083 -0.6857 0.1675
vn 0.8591 -0.5108 -0.0316
vn 0.0865 0.9793 0.1832
vn 0.4167 0.2127 0.8838
vn 0.4169 0.2125 0.8838
vn 0.4167 0.2131 0.8837
vn 0.5034 -0.7931 0.3428
vn 0.3741 -0.8237 0.4262
vn 0.3058 -0.8314 0.4640
vn 0.3601 0.5371 0.7628
vn -0.4176 0.2037 -0.8855
vn 0.9301 -0.1304 -0.3435
vn 0.9329 -0.2577 -0.2517
vn 0.8466 0.5256 0.0835
vn 0.9329 -0.2577 -0.2516
vn 0.9301 -0.1305 -0.3434
vn 0.9301 -0.1304 -0.3434
vn 0.3044 -0.8315 0.4648
vn 0.4937 -0.7962 0.3496
vn 0.2355 -0.8339 0.4991
vn 0.9043 -0.0000 -0.4268
vn 0.9201 -0.0654 -0.3863
vn 0.5035 -0.7931 0.3427
vn 0.9200 -0.0654 -0.3863
vn -0.2671 -0.7816 -0.5637
vn 0.8313 0.5452 0.1085
vn 0.6208 0.6997 -0.3536
vn -0.4271 -0.1066 -0.8979
vn 0.6769 -0.7008 -0.2253
vn 0.9041 -0.0000 -0.4274
vn -0.4245 -0.1064 -0.8992
vn 0.9382 0.0755 0.3377
vn 0.9044 -0.0001 -0.4268
vn 0.9044 -0.0001 -0.4267
vn -0.2395 0.8277 -0.5074
vn -0.3321 0.6324 -0.6998
vn 0.7012 -0.6734 -0.2340
vn 0.9497 0.0725 0.3046
vn 0.4170 0.2124 0.8837
vn 0.6523 0.6708 -0.3528
vn -0.2679 -0.7802 -0.5653
vn -0.3345 0.6286 -0.7022
vn 0.9229 -0.0807 -0.3764
vn 0.9043 0.0001 -0.4268
vn 0.9329 -0.2576 -0.2517
vn 0.9303 -0.2858 -0.2299
vn 0.4144 0.4943 0.7642
vn 0.4266 0.5095 0.7473
vn 0.3861 0.4810 0.7871
vn 0.3964 0.4845 0.7798
vn -0.3132 -0.6155 -0.7232
vn -0.3235 -0.6188 -0.7158
vn 0.1686 -0.8317 0.5290
vn -0.2951 -0.6058 -0.7389
vn -0.2828 -0.5905 -0.7559
vn -0.2828 -0.5905 -0.7558
vn -0.2776 -0.5713 -0.7724
vn 0.4317 0.5287 0.7308
vn 0.4324 0.5390 0.7228
vn -0.2769 -0.5608 -0.7803
vn -0.2768 -0.5608 -0.7803
vn 0.7327 -0.6657 0.1413
vn 0.8701 -0.4901 -0.0519
vn 0.5035 -0.7931 0.3428
vn 0.8847 0.0611 -0.4622
vn 0.2345 -0.8354 0.4971
vn -0.2356 0.8339 -0.4990
vn -0.2355 0.8339 -0.4991
vn -0.2354 0.8339 -0.4991
vn 0.9044 0.0003 -0.4267
vn 0.9044 0.0002 -0.4267
vn 0.9045 0.0001 -0.4265
vn 0.9044 0.0002 -0.4266
vn 0.9044 -0.0000 -0.4266
vn 0.9044 0.0003 -0.4266
vn 0.9045 0.0001 -0.4264
vn 0.9044 0.0004 -0.4267
vn 0.4167 0.2125 0.8838
vn 0.1640 -0.8314 0.5310
vn 0.1654 -0.8315 0.5304
vn 0.4172 0.2124 0.8837
vn 0.4169 0.2123 0.8838
vn 0.4161 0.2122 0.8842
vn 0.4174 0.2126 0.8835
vn 0.4171 0.2123 0.8837
vn 0.4173 0.2123 0.8836
vn 0.4169 0.2126 0.8838
vn 0.9044 -0.0000 -0.4268
vn -0.4001 -0.4415 0.8032
vn -0.4305 -0.4258 0.7959
vn -0.5930 -0.4902 0.6388
vn -0.5704 -0.5108 0.6432
vn -0.3208 -0.6857 0.6533
vn -0.3408 -0.6747 0.6547
vn 0.4175 0.2127 0.8834
vn 0.4175 0.2131 0.8833
vn 0.4174 0.2125 0.8835
vn -0.0553 -0.7931 0.6065
vn 0.0913 -0.8237 0.5597
vn -0.4183 0.2037 -0.8852
vn -0.8830 -0.0654 0.4649
vn -0.8562 -0.1304 0.4998
vn -0.7872 -0.2577 0.5603
vn -0.4735 0.5256 0.7067
vn -0.7871 -0.2577 0.5603
vn -0.8562 -0.1305 0.4999
vn -0.8562 -0.1304 0.4999
vn -0.0438 -0.7962 0.6034
vn 0.2357 -0.8339 0.4990
vn -0.9042 -0.0000 0.4270
vn -0.3409 -0.6747 0.6547
vn -0.7871 -0.2577 0.5604
vn -0.2654 -0.7816 -0.5645
vn -0.4445 0.5452 0.7107
vn -0.6676 0.6997 0.2546
vn -0.4219 -0.1066 -0.9004
vn -0.6041 -0.7008 0.3794
vn -0.3355 0.0755 0.9390
vn -0.9042 -0.0001 0.4270
vn -0.9042 -0.0001 0.4271
vn -0.2396 0.8277 -0.5074
vn -0.3293 0.6324 -0.7011
vn -0.9045 -0.0000 0.4264
vn -0.6263 -0.6734 0.3927
vn -0.3684 0.0725 0.9268
vn 0.4173 0.2124 0.8836
vn -0.6870 0.6708 0.2794
vn -0.2662 -0.7802 -0.5661
vn -0.3296 0.6286 -0.7045
vn -0.9042 0.0001 0.4270
vn -0.8772 -0.0807 0.4733
vn -0.7872 -0.2576 0.5603
vn -0.7687 -0.2858 0.5722
vn -0.8563 -0.1304 0.4998
vn 0.3267 0.4943 0.8056
vn 0.3059 0.5095 0.8043
vn 0.3624 0.4810 0.7983
vn 0.3502 0.4845 0.8016
vn -0.3594 -0.6155 -0.7014
vn -0.3471 -0.6188 -0.7047
vn -0.3593 -0.6155 -0.7014
vn 0.3013 -0.8317 0.4664
vn -0.3830 -0.6058 -0.6974
vn -0.4039 -0.5905 -0.6987
vn -0.4199 -0.5713 -0.7052
vn 0.2899 0.5287 0.7978
vn 0.2833 0.5390 0.7932
vn -0.4265 -0.5608 -0.7096
vn -0.3565 -0.6657 0.6555
vn -0.5930 -0.4901 0.6388
vn 0.0913 -0.8237 0.5596
vn -0.9191 0.0611 0.3894
vn 0.2347 -0.8354 0.4970
vn 0.3012 -0.8317 0.4664
vn -0.2357 0.8339 -0.4990
vn -0.2358 0.8339 -0.4989
vn -0.9043 -0.0000 0.4270
vn -0.9042 0.0003 0.4271
vn -0.9042 0.0002 0.4271
vn -0.9041 0.0001 0.4273
vn -0.9042 -0.0000 0.4272
vn -0.9042 0.0002 0.4272
vn -0.9042 0.0003 0.4272
vn -0.9040 0.0001 0.4274
vn -0.9042 0.0004 0.4271
vn 0.4176 0.2125 0.8834
vn 0.4174 0.2123 0.8836
vn 0.4182 0.2122 0.8832
vn 0.2183 0.9756 -0.0218
vn 0.0665 0.9367 -0.3438
vn 0.3663 0.8838 0.2912
vn -0.0726 0.7657 -0.6391
vn -0.0860 -0.7435 -0.6632
vn 0.0106 -0.8885 -0.4588
vn -0.2259 0.1479 -0.9629
vn -0.2208 -0.2101 -0.9524
vn -0.2259 0.1480 -0.9629
vn 0.5229 -0.5777 0.6268
vn 0.5773 -0.3412 0.7418
vn 0.5560 0.4528 0.6970
vn 0.5087 0.6176 0.5999
vn 0.5947 0.1999 0.7787
vn 0.6024 -0.0735 0.7948
vn -0.1821 -0.4683 -0.8646
vn 0.3500 -0.8998 0.2606
vn 0.4456 -0.7660 0.4633
vn 0.4622 0.7322 0.5003
vn 0.2395 -0.9705 0.0262
vn 0.1226 -0.9674 -0.2215
vn -0.1454 -0.6012 -0.7858
vn -0.1753 0.4861 -0.8561
vn 0.9043 -0.0001 -0.4269
vn 0.9044 0.0001 -0.4268
vn -0.1556 0.9756 0.1547
vn -0.3077 0.9367 -0.1672
vn -0.0079 0.8838 0.4679
vn -0.4473 0.7657 -0.4622
vn -0.4574 -0.7435 -0.4879
vn -0.3609 -0.8885 -0.2834
vn -0.5999 0.1479 -0.7863
vn -0.5999 0.1480 -0.7863
vn -0.5951 -0.2101 -0.7757
vn 0.1516 -0.5777 0.8020
vn 0.2059 -0.3412 0.9172
vn 0.1848 0.4528 0.8722
vn 0.1399 0.6176 0.7740
vn 0.2233 0.1999 0.9540
vn 0.2309 -0.0735 0.9702
vn -0.5518 -0.4683 -0.6900
vn -0.0212 -0.8998 0.4359
vn 0.0745 -0.7660 0.6385
vn 0.0926 0.7322 0.6748
vn -0.1320 -0.9705 0.2016
vn -0.2490 -0.9674 -0.0461
vn -0.5143 -0.6012 -0.6116
vn -0.5496 0.4861 -0.6794
vn -0.9043 -0.0001 0.4269
vn -0.9043 0.0001 0.4270
vn 0.9489 0.0806 0.3052
vn 0.2582 0.7964 0.5468
vn -0.1343 -0.7589 -0.6372
vn -0.2736 -0.7677 -0.5795
vn 0.3611 -0.0067 -0.9325
vn 0.3533 -0.0304 -0.9350
vn 0.3391 -0.0719 -0.9380
vn 0.0450 -0.9948 0.0911
vn 0.0522 -0.9927 0.1092
vn 0.0452 -0.9948 0.0911
vn 0.7651 0.5330 -0.3612
vn 0.5968 0.5316 0.6010
vn -0.2398 0.8273 -0.5079
vn -0.2847 0.7452 -0.6030
vn -0.8958 0.4436 -0.0272
vn -0.9141 0.4001 -0.0654
vn -0.8784 0.4779 0.0106
vn 0.2581 0.7964 0.5469
vn -0.8627 0.5048 0.0312
vn 0.0429 -0.9949 0.0909
vn -0.0434 0.9948 -0.0920
vn -0.8067 0.5886 -0.0526
vn -0.8402 0.5360 -0.0824
vn -0.8285 0.5554 -0.0716
vn 0.5753 0.6910 -0.4377
vn -0.3971 -0.1017 -0.9121
vn -0.3230 0.6538 -0.6842
vn 0.3140 0.6774 0.6652
vn 0.8987 -0.1085 -0.4250
vn -0.0000 1.0000 -0.0000
vn 0.9125 -0.1097 -0.3940
vn 0.3979 0.3620 0.8430
vn 0.4269 -0.0051 0.9043
vn 0.4269 -0.0000 0.9043
vn 0.4269 -0.0034 0.9043
vn 0.9043 0.0002 -0.4269
vn 0.8439 -0.5201 0.1313
vn -0.8969 -0.0145 0.4419
vn 0.0419 -0.9948 0.0925
vn 0.0417 -0.9948 0.0926
vn 0.0511 -0.9927 0.1097
vn 0.0424 -0.9947 0.0935
vn -0.4172 -0.2125 -0.8836
vn 0.2153 0.8636 0.4560
vn -0.0907 0.9772 -0.1921
vn 0.8630 0.4772 0.1658
vn -0.4266 -0.0259 -0.9041
vn -0.4247 -0.1017 -0.8996
vn 0.2780 0.7590 0.5888
vn 0.3928 0.7526 0.5285
vn -0.8995 -0.1066 0.4238
vn -0.2962 0.6702 -0.6805
vn 0.0453 -0.9947 0.0922
vn -0.7696 0.5251 0.3633
vn -0.4269 -0.0025 -0.9043
vn -0.4269 -0.0017 -0.9043
vn -0.4269 -0.0000 -0.9043
vn -0.7651 0.5330 0.3612
vn 0.4269 -0.0088 0.9043
vn 0.7696 0.5251 -0.3633
vn 0.8988 -0.1066 -0.4252
vn 0.9112 -0.0145 -0.4117
vn -0.9037 0.0022 0.4281
vn -0.9032 0.0015 0.4293
vn -0.7036 0.6910 0.1660
vn 0.2892 -0.7356 0.6126
vn 0.4246 0.1017 0.8996
vn 0.0847 0.5316 0.8427
vn -0.4519 -0.1017 -0.8862
vn -0.3674 0.0806 0.9266
vn 0.0448 -0.9948 0.0911
vn 0.4172 0.2125 0.8836
vn -0.4269 -0.0259 -0.9039
vn -0.4269 -0.0256 -0.9039
vn -0.3585 0.5430 -0.7594
vn -0.4066 0.3049 -0.8612
vn 0.0416 -0.9948 0.0927
vn 0.4269 0.0017 0.9043
vn 0.4269 0.0025 0.9043
vn 0.4269 0.0044 0.9043
vn -0.3372 0.6702 -0.6612
vn -0.2366 0.8324 -0.5012
vn -0.2627 0.7879 -0.5570
vn -0.2628 0.7877 -0.5572
vn -0.2366 0.8323 -0.5012
vn -0.4254 -0.0828 -0.9012
vn -0.4264 0.0480 -0.9033
vn -0.4269 0.0051 -0.9043
vn -0.4269 0.0088 -0.9043
vn -0.4269 0.0034 -0.9043
vn -0.9062 0.0049 0.4228
vn -0.9025 0.0033 0.4306
vn 0.4247 0.1017 0.8996
vn -0.8841 -0.1097 0.4542
vn -0.8993 -0.1085 0.4238
vn -0.4349 -0.5201 0.7350
vn -0.4066 -0.7589 -0.5086
vn 0.1584 0.7526 0.6391
vn -0.4269 -0.0044 -0.9043
vn 0.4712 0.5554 -0.6852
vn 0.4704 0.5360 -0.7010
vn 0.4721 0.5886 -0.6563
vn 0.3824 0.1207 0.9161
vn -0.4205 0.4772 0.7717
vn 0.4232 0.1307 0.8965
vn 0.5483 0.4436 -0.7090
vn 0.5723 0.5048 -0.6462
vn 0.5664 0.4779 -0.6714
vn -0.9423 0.3096 -0.1277
vn -0.9487 0.2829 -0.1409
vn -0.9692 0.1628 -0.1849
vn -0.9727 0.1299 -0.1923
vn -0.9785 -0.0000 -0.2061
vn -0.9784 0.0213 -0.2055
vn -0.9767 -0.0549 -0.2073
vn 0.4628 0.4458 -0.7662
vn 0.4608 0.4282 -0.7774
vn 0.4360 0.2771 -0.8563
vn 0.4360 0.2774 -0.8561
vn 0.3982 0.1182 -0.9097
vn 0.3928 0.0985 -0.9143
vn -0.3215 0.6568 -0.6821
vn -0.3216 0.6566 -0.6823
vn -0.3854 0.4269 -0.8181
vn -0.3854 0.4266 -0.8182
vn -0.4266 -0.0256 -0.9041
vn -0.4206 0.1646 -0.8922
vn -0.4206 0.1643 -0.8923
vn -0.9382 0.2771 -0.2075
vn -0.9382 0.2770 -0.2076
vn -0.8857 0.4457 -0.1297
vn -0.8931 0.4281 -0.1384
vn -0.9554 0.1181 -0.2706
vn -0.9556 0.0984 -0.2778
vn -0.9495 -0.0067 -0.3138
vn -0.9465 -0.0304 -0.3214
vn -0.3868 0.4266 -0.8176
vn -0.3868 0.4263 -0.8177
vn -0.3225 0.6566 -0.6818
vn -0.3226 0.6565 -0.6819
vn -0.2631 0.7879 -0.5568
vn -0.2632 0.7877 -0.5570
vn -0.4215 0.1644 -0.8918
vn -0.4215 0.1642 -0.8918
vn 0.4606 -0.0549 -0.8859
vn 0.4632 0.0213 -0.8860
vn 0.4627 -0.0000 -0.8865
vn 0.4731 0.1628 -0.8658
vn 0.4697 0.1299 -0.8732
vn 0.5002 0.3096 -0.8087
vn 0.4941 0.2829 -0.8221
vn 0.5304 0.4001 -0.7474
vn 0.9042 0.0002 -0.4271
vn 0.9037 -0.0000 -0.4281
vn 0.9043 -0.0001 -0.4270
vn 0.9043 -0.0003 -0.4269
vn -0.9397 -0.0719 -0.3343
vn -0.2367 0.8323 -0.5012
vn -0.9020 0.0030 0.4318
vn 0.2073 0.7251 -0.6566
vn 0.2046 0.7263 -0.6562
vn 0.6362 0.4360 -0.6365
vn 0.6411 0.4310 -0.6350
vn 0.8607 0.1160 -0.4957
vn 0.8623 0.1125 -0.4937
vn 0.6626 -0.7127 0.2301
vn 0.6598 -0.7145 0.2327
vn 0.9052 -0.4088 -0.1164
vn 0.9066 -0.4045 -0.1203
vn 0.9277 -0.1050 -0.3583
vn 0.9273 -0.1025 -0.3600
vn -0.1326 0.8187 -0.5587
vn -0.1325 0.8187 -0.5587
vn -0.2392 0.8282 -0.5067
vn -0.3565 -0.5502 -0.7551
vn -0.0604 0.2991 -0.9523
vn -0.1707 0.5128 -0.8414
vn -0.2818 0.6863 -0.6705
vn -0.2330 0.6199 -0.7493
vn 0.3565 0.5502 0.7551
vn 0.2389 -0.8288 0.5060
vn 0.3511 -0.8198 0.4525
vn 0.3530 -0.8195 0.4515
vn 0.2958 -0.3502 -0.8888
vn 0.3318 -0.5014 -0.7991
vn 0.3316 -0.4950 -0.8031
vn 0.3285 -0.4136 -0.8491
vn 0.3006 -0.3595 -0.8834
vn -0.3018 0.7073 -0.6393
vn 0.3079 -0.8740 -0.3759
vn 0.2965 -0.8630 -0.4090
vn 0.3381 -0.6759 -0.6549
vn 0.1628 -0.1025 -0.9813
vn 0.1062 -0.0015 -0.9943
vn 0.2383 -0.8352 0.4956
vn 0.2348 -0.8352 0.4973
vn 0.7500 0.3218 -0.5778
vn 0.9302 -0.3105 -0.1959
vn 0.9301 -0.3108 -0.1957
vn 0.7502 0.3216 -0.5777
vn 0.1206 -0.9592 0.2555
vn 0.1552 -0.9772 0.1450
vn 0.2079 -0.9778 -0.0277
vn 0.5683 -0.7652 0.3025
vn -0.1266 -0.7714 0.6237
vn -0.1265 -0.7714 0.6236
vn 0.5682 -0.7652 0.3026
vn 0.9091 0.0031 -0.4165
vn 0.9090 0.0036 -0.4168
vn -0.9301 0.3108 0.1957
vn -0.9301 0.3110 0.1955
vn -0.5681 0.7652 -0.3027
vn -0.5682 0.7652 -0.3026
vn 0.7472 0.3257 -0.5794
vn 0.7470 0.3260 -0.5794
vn -0.7472 -0.3257 0.5794
vn -0.7473 -0.3255 0.5793
vn -0.9064 -0.0126 0.4221
vn -0.9063 -0.0130 0.4224
vn -0.3451 -0.5542 -0.7575
vn -0.9308 0.3068 0.1989
vn -0.9308 0.3066 0.1990
vn -0.3353 -0.5735 -0.7474
vn -0.3307 -0.5577 -0.7613
vn -0.3313 -0.5611 -0.7586
vn -0.3347 -0.5468 -0.7675
vn -0.3329 -0.5499 -0.7660
vn -0.3481 -0.5288 -0.7740
vn -0.9063 -0.0131 0.4224
vn 0.1264 0.7714 -0.6236
vn 0.1265 0.7714 -0.6236
vn -0.3319 -0.5540 -0.7635
vn -0.3320 -0.5541 -0.7634
vn -0.3448 -0.5553 -0.7568
vn -0.3550 -0.5555 -0.7520
vn -0.3382 -0.5727 -0.7467
vn -0.2374 0.8339 -0.4982
vn -0.2356 0.8339 -0.4991
vn 0.8188 -0.1064 -0.5642
vn -0.3557 -0.5530 -0.7534
vn -0.3505 -0.5296 -0.7725
vn -0.3321 -0.5540 -0.7634
vn -0.6387 0.7251 -0.2572
vn -0.8977 0.4310 0.0914
vn -0.8958 0.4360 0.0866
vn -0.6367 0.7263 -0.2591
vn -0.9297 0.1160 0.3495
vn -0.9292 0.1124 0.3520
vn -0.2435 -0.7127 0.6578
vn -0.6691 -0.4045 0.6235
vn -0.6651 -0.4088 0.6249
vn -0.2396 -0.7145 0.6573
vn -0.8662 -0.1050 0.4886
vn -0.8672 -0.1025 0.4872
vn -0.3470 0.8187 -0.4574
vn -0.3472 0.8187 -0.4574
vn -0.6969 0.2991 -0.6519
vn -0.4305 0.6199 -0.6561
vn -0.3386 0.6863 -0.6437
vn -0.5411 0.5128 -0.6665
vn 0.1243 -0.8195 0.5594
vn 0.1262 -0.8198 0.5586
vn -0.8278 -0.5014 -0.2517
vn -0.8742 -0.3502 -0.3365
vn -0.8731 -0.3595 -0.3293
vn -0.8644 -0.4136 -0.2860
vn -0.8308 -0.4950 -0.2543
vn -0.4859 -0.8740 -0.0012
vn -0.7205 -0.6759 -0.1551
vn -0.5042 -0.8630 -0.0310
vn -0.8352 -0.0015 -0.5500
vn -0.8611 -0.1025 -0.4979
vn 0.2312 -0.8352 0.4989
vn -0.9228 0.3218 0.2119
vn -0.9228 0.3216 0.2121
vn -0.7422 -0.3108 0.5938
vn -0.7424 -0.3105 0.5937
vn -0.1535 -0.9778 0.1429
vn 0.0133 -0.9772 0.2120
vn -0.1276 -0.7652 0.6311
vn -0.1275 -0.7652 0.6310
vn 0.5619 -0.7714 0.2986
vn 0.5620 -0.7714 0.2986
vn -0.8995 0.0036 0.4370
vn -0.8993 0.0031 0.4373
vn 0.7422 0.3108 -0.5938
vn 0.1275 0.7652 -0.6310
vn 0.1274 0.7652 -0.6310
vn 0.7420 0.3110 -0.5939
vn -0.9221 0.3257 0.2087
vn -0.9221 0.3260 0.2085
vn 0.9221 -0.3257 -0.2087
vn 0.9222 -0.3255 -0.2089
vn 0.9020 -0.0126 -0.4316
vn 0.9021 -0.0131 -0.4313
vn -0.3655 -0.5542 -0.7478
vn -0.3656 -0.5542 -0.7478
vn 0.7452 0.3066 -0.5922
vn 0.7450 0.3068 -0.5923
vn -0.3640 -0.5735 -0.7339
vn -0.3752 -0.5611 -0.7379
vn -0.3776 -0.5577 -0.7391
vn -0.3799 -0.5468 -0.7461
vn -0.3764 -0.5288 -0.7607
vn -0.3798 -0.5499 -0.7438
vn -0.5619 0.7714 -0.2986
vn -0.5618 0.7714 -0.2987
vn -0.3785 -0.5540 -0.7415
vn -0.3784 -0.5541 -0.7415
vn -0.3652 -0.5553 -0.7472
vn -0.3617 -0.5727 -0.7357
vn -0.2338 0.8339 -0.4999
vn -0.9559 -0.1064 0.2736
vn -0.3737 -0.5296 -0.7615
vn -0.3783 -0.5540 -0.7416
vn 0.8611 0.0125 -0.5083
vn 0.8806 -0.4251 -0.2095
vn 0.8406 -0.4969 -0.2158
vn 0.8557 -0.0618 -0.5137
vn 0.8857 -0.1070 -0.4517
vn 0.8709 -0.1389 -0.4714
vn 0.8235 0.0866 -0.5606
vn 0.8206 0.0595 -0.5685
vn 0.8812 -0.4086 -0.2378
vn 0.8569 -0.4476 -0.2559
vn 0.8776 -0.0836 -0.4721
vn 0.8660 -0.0873 -0.4925
vn 0.8088 0.1211 -0.5754
vn 0.7945 0.1428 -0.5903
vn 0.8891 -0.3780 -0.2583
vn 0.8771 -0.3769 -0.2979
vn 0.8764 -0.0489 -0.4791
vn 0.8623 -0.0238 -0.5058
vn 0.8002 0.1667 -0.5762
vn 0.7669 0.2313 -0.5986
vn 0.9034 -0.3371 -0.2651
vn 0.8970 -0.2947 -0.3293
vn 0.8827 -0.0083 -0.4699
vn 0.8614 0.0420 -0.5062
vn 0.8008 0.2120 -0.5602
vn 0.7491 0.3023 -0.5895
vn 0.9164 -0.3254 -0.2330
vn 0.9123 -0.2630 -0.3140
vn 0.8403 -0.5412 -0.0330
vn 0.8506 -0.5111 -0.1237
vn 0.8313 0.1870 -0.5235
vn 0.9222 -0.2991 -0.2450
vn 0.9020 -0.0410 -0.4298
vn 0.8077 0.1926 -0.5572
vn 0.9081 -0.3416 -0.2422
vn 0.8997 -0.0815 -0.4289
vn 0.8207 0.1470 -0.5521
vn 0.8977 -0.3821 -0.2195
vn 0.9049 -0.1160 -0.4095
vn 0.8413 0.1090 -0.5295
vn 0.8936 -0.4097 -0.1835
vn 0.9164 -0.1352 -0.3767
vn 0.8644 0.0887 -0.4948
vn 0.8877 -0.4450 -0.1181
vn 0.7713 -0.6324 0.0720
vn 0.7346 0.2779 -0.6190
vn 0.7492 0.2132 -0.6271
vn 0.8286 0.3017 -0.4716
vn 0.9610 -0.1966 -0.1943
vn 0.9229 0.1091 -0.3692
vn 0.8384 0.2817 -0.4666
vn 0.9536 -0.2575 -0.1563
vn 0.9393 0.0498 -0.3394
vn 0.8751 0.2079 -0.4370
vn 0.9382 -0.3289 -0.1076
vn 0.9532 -0.0217 -0.3016
vn 0.9070 0.1290 -0.4008
vn 0.9178 -0.3923 -0.0608
vn 0.9599 -0.0827 -0.2680
vn 0.9279 0.0640 -0.3673
vn 0.8804 -0.4742 0.0025
vn 0.7475 -0.6408 0.1752
vn 0.6728 0.4284 -0.6032
vn 0.7483 0.2054 -0.6307
vn 0.9046 -0.3397 -0.2576
vn 0.8476 -0.0135 -0.5305
vn 0.7611 0.1926 -0.6194
vn 0.9035 -0.3748 -0.2079
vn 0.8629 -0.0439 -0.5035
vn 0.7985 0.1385 -0.5858
vn 0.8910 -0.4248 -0.1605
vn 0.8723 -0.0895 -0.4807
vn 0.8271 0.0688 -0.5578
vn 0.8701 -0.4765 -0.1259
vn 0.8728 -0.1388 -0.4680
vn 0.8401 -0.0003 -0.5425
vn 0.8272 -0.5613 -0.0246
vn 0.6994 -0.6992 0.1482
vn 0.4745 0.4247 -0.7710
vn 0.5325 0.3487 -0.7713
vn 0.7020 0.0589 -0.7098
vn 0.8486 -0.4113 -0.3328
vn 0.8265 -0.1541 -0.5414
vn 0.7188 0.0901 -0.6894
vn 0.8609 -0.4027 -0.3110
vn 0.8380 -0.1524 -0.5239
vn 0.7363 0.0686 -0.6732
vn 0.8599 -0.4300 -0.2751
vn 0.8466 -0.1719 -0.5037
vn 0.7491 0.0415 -0.6611
vn 0.8539 -0.4538 -0.2546
vn 0.8465 -0.1997 -0.4936
vn 0.7535 0.0088 -0.6574
vn 0.8249 -0.5311 -0.1937
vn 0.7137 -0.6944 0.0921
vn 0.8291 0.1257 -0.5448
vn 0.9105 -0.3598 -0.2036
vn 0.9141 -0.0791 -0.3978
vn 0.8240 0.1873 -0.5348
vn 0.9241 -0.3302 -0.1924
vn 0.9191 -0.0561 -0.3899
vn 0.8378 0.1772 -0.5165
vn 0.9211 -0.3568 -0.1559
vn 0.9261 -0.0619 -0.3722
vn 0.8489 0.1646 -0.5022
vn 0.9183 -0.3699 -0.1413
vn 0.9280 -0.0762 -0.3648
vn 0.8548 0.1445 -0.4984
vn 0.8933 -0.4399 -0.0927
vn 0.7678 -0.6324 0.1029
vn 0.6323 0.5436 -0.5520
vn 0.6584 0.3755 -0.6524
vn -0.9397 0.0125 0.3418
vn -0.9405 -0.0618 0.3343
vn -0.7008 -0.4969 0.5119
vn -0.7214 -0.4251 0.5467
vn -0.9174 -0.1389 0.3728
vn -0.9116 -0.1070 0.3968
vn -0.9604 0.0595 0.2723
vn -0.9562 0.0866 0.2796
vn -0.7421 -0.4476 0.4990
vn -0.7436 -0.4086 0.5292
vn -0.9305 -0.0872 0.3556
vn -0.9222 -0.0836 0.3776
vn -0.9606 0.1428 0.2383
vn -0.9583 0.1211 0.2588
vn -0.7874 -0.3769 0.4879
vn -0.7644 -0.3780 0.5223
vn -0.9385 -0.0238 0.3444
vn -0.9269 -0.0489 0.3722
vn -0.9496 0.2313 0.2118
vn -0.9534 0.1667 0.2517
vn -0.8243 -0.2947 0.4833
vn -0.7788 -0.3371 0.5290
vn -0.9383 0.0420 0.3434
vn -0.9238 -0.0083 0.3829
vn -0.9312 0.3022 0.2038
vn -0.9414 0.2120 0.2623
vn -0.8222 -0.2630 0.5048
vn -0.7623 -0.3254 0.5595
vn -0.6361 -0.5111 0.5782
vn -0.5595 -0.5412 0.6278
vn -0.9325 0.1870 0.3092
vn -0.7753 -0.2991 0.5563
vn -0.9050 -0.0410 0.4233
vn -0.9435 0.1926 0.2695
vn -0.7641 -0.3416 0.5472
vn -0.9029 -0.0815 0.4220
vn -0.9478 0.1470 0.2829
vn -0.7400 -0.3821 0.5536
vn -0.8912 -0.1160 0.4384
vn -0.9434 0.1090 0.3131
vn -0.7096 -0.4097 0.5733
vn -0.8732 -0.1352 0.4682
vn -0.9314 0.0887 0.3530
vn -0.6553 -0.4450 0.6103
vn -0.4346 -0.6324 0.6413
vn -0.9448 0.2779 0.1738
vn -0.9603 0.2132 0.1800
vn -0.8907 0.3017 0.3401
vn -0.7608 -0.1966 0.6185
vn -0.8716 0.1091 0.4780
vn -0.8931 0.2817 0.3508
vn -0.7267 -0.2575 0.6369
vn -0.8590 0.0498 0.5095
vn -0.8935 0.2079 0.3979
vn -0.6793 -0.3289 0.6560
vn -0.8386 -0.0217 0.5443
vn -0.8859 0.1290 0.4456
vn -0.6302 -0.3923 0.6700
vn -0.8169 -0.0827 0.5708
vn -0.8733 0.0640 0.4830
vn -0.5576 -0.4742 0.6813
vn -0.3398 -0.6408 0.6884
vn -0.8933 0.4284 0.1362
vn -0.7738 -0.3397 0.5347
vn -0.9625 0.2054 0.1769
vn -0.9482 -0.0135 0.3173
vn -0.9619 0.1926 0.1940
vn -0.7347 -0.3748 0.5654
vn -0.9371 -0.0439 0.3462
vn -0.9598 0.1385 0.2442
vn -0.6901 -0.4248 0.5859
vn -0.9255 -0.0895 0.3680
vn -0.9563 0.0688 0.2842
vn -0.6501 -0.4765 0.5918
vn -0.9160 -0.1388 0.3764
vn -0.9527 -0.0003 0.3039
vn -0.5447 -0.5613 0.6231
vn -0.3300 -0.6992 0.6342
vn -0.9941 0.0589 0.0909
vn -0.9339 0.3487 -0.0790
vn -0.8968 0.4247 -0.1237
vn -0.7963 -0.4113 0.4437
vn -0.9433 -0.1541 0.2941
vn -0.9891 0.0901 0.1169
vn -0.7872 -0.4027 0.4671
vn -0.9371 -0.1524 0.3141
vn -0.9877 0.0686 0.1406
vn -0.7588 -0.4300 0.4891
vn -0.9269 -0.1719 0.3336
vn -0.9865 0.0415 0.1583
vn -0.7393 -0.4538 0.4975
vn -0.9190 -0.1997 0.3399
vn -0.9864 0.0088 0.1640
vn -0.6738 -0.5311 0.5138
vn -0.3824 -0.6944 0.6096
vn -0.9475 0.1257 0.2939
vn -0.7359 -0.3598 0.5736
vn -0.8880 -0.0791 0.4530
vn -0.9365 0.1873 0.2963
vn -0.7358 -0.3302 0.5912
vn -0.8852 -0.0561 0.4618
vn -0.9312 0.1772 0.3186
vn -0.7058 -0.3568 0.6121
vn -0.8759 -0.0619 0.4785
vn -0.9273 0.1646 0.3363
vn -0.6927 -0.3699 0.6192
vn -0.8714 -0.0762 0.4847
vn -0.9281 0.1445 0.3432
vn -0.6393 -0.4399 0.6307
vn -0.4085 -0.6324 0.6582
vn -0.8280 0.5436 0.1374
vn -0.9221 0.3755 0.0937
vn -0.3663 -0.5137 -0.7759
vn 0.4140 -0.2444 0.8769
vn -0.4012 -0.3417 -0.8499
vn 0.3562 0.5515 0.7544
vn 0.2357 -0.8339 0.4992
vn -0.2345 0.8356 -0.4968
vn -0.3662 -0.5137 -0.7759
vn 0.4139 -0.2444 0.8769
vn 0.3561 0.5515 0.7544
vn 0.2356 -0.8339 0.4992
vn 0.0075 -0.0294 -0.9995
vn 0.1820 -0.0181 -0.9831
vn -0.3361 -0.0326 -0.9413
vn -0.5132 -0.0367 -0.8575
vn -0.4803 0.0154 0.8770
vn -0.6448 -0.0004 0.7644
vn 0.0862 0.0383 0.9955
vn 0.2901 0.0478 0.9558
vn 0.3508 0.0558 0.9348
vn 0.5505 0.0614 0.8326
vn -0.9836 -0.0334 -0.1774
vn -0.8638 -0.0522 -0.5012
vn -0.8654 -0.0327 0.5000
vn 0.0228 0.1375 0.9902
vn -0.1800 0.1330 0.9746
vn 0.7622 0.0687 0.6437
vn 0.8784 0.0588 0.4742
vn -0.7303 0.0877 0.6775
vn -0.8653 0.0788 0.4951
vn -0.9550 -0.1171 -0.2723
vn -0.8896 -0.1307 -0.4377
vn -0.9725 -0.1008 -0.2102
vn -0.9952 -0.0867 -0.0443
vn 0.4795 0.0106 -0.8775
vn -0.0097 -0.0178 -0.9998
vn -0.2820 0.0161 0.9593
vn -0.0426 0.0395 0.9983
vn -0.6191 -0.0656 -0.7826
vn -0.9863 -0.0706 0.1489
vn -0.5036 0.1175 0.8559
vn 0.4965 0.0746 0.8648
vn -0.9912 0.0575 0.1195
vn 0.7367 0.0332 -0.6754
vn 0.3338 -0.0007 -0.9426
vn -0.6132 -0.0148 0.7898
vn -0.2125 -0.0681 -0.9748
vn -0.9477 -0.1168 -0.2969
vn 0.0079 -0.1446 -0.9895
vn 0.3733 -0.1336 -0.9181
vn -0.4285 -0.1696 -0.8875
vn -0.7125 -0.1552 -0.6843
vn -0.6828 -0.1500 -0.7150
vn -0.8776 -0.1310 -0.4611
vn -0.7849 0.0950 0.6123
vn 0.1435 0.0716 0.9871
vn -0.9671 0.0364 -0.2518
vn 0.9568 0.0857 -0.2779
vn 0.7109 0.0414 -0.7021
vn -0.8947 -0.0636 0.4420
vn 0.3209 -0.0439 -0.9461
vn -0.6527 -0.1598 -0.7406
vn 0.0054 -0.1750 -0.9845
vn -0.3012 -0.1646 -0.9393
vn -0.9764 0.0611 0.2071
vn -0.3056 0.0523 0.9507
vn -0.7600 0.0187 -0.6497
vn -0.7529 0.0049 0.6582
vn 0.1522 -0.0099 0.9883
vn 0.6432 -0.0024 0.7657
vn 0.9608 0.1488 0.2340
vn 0.9639 0.1080 -0.2433
vn -0.9883 -0.1297 -0.0803
vn 0.7503 0.0066 -0.6610
vn -0.1956 -0.1534 -0.9686
vn 0.4728 -0.1676 -0.8651
vn 0.1359 -0.1759 -0.9750
vn -0.9458 0.0195 -0.3240
vn -0.3189 0.0186 -0.9476
vn -0.8158 -0.1593 -0.5559
vn 0.9807 -0.0633 -0.1852
vn 0.9449 -0.0376 0.3251
vn 0.8288 -0.1317 -0.5438
vn 0.9594 0.1389 0.2455
vn 0.7472 0.1551 0.6463
vn 0.9593 0.0048 -0.2824
vn 0.2255 -0.0610 -0.9723
vn 0.7827 0.0404 0.6211
vn 0.1903 0.0662 -0.9795
vn -0.6671 0.0232 -0.7446
vn 0.4335 0.0398 0.9003
vn -0.5303 -0.0548 -0.8461
vn 0.9905 -0.1071 0.0868
vn 0.5746 -0.0117 -0.8184
vn -0.7224 -0.0329 -0.6907
vn -0.9323 -0.1278 -0.3383
vn 0.4879 -0.1156 0.8652
vn -0.3003 0.1480 -0.9423
vn -0.9832 0.0116 -0.1823
vn -0.9764 -0.0443 0.2114
vn 0.5845 0.1348 -0.8001
vn -0.8181 0.1681 -0.5499
vn -0.9290 -0.0592 0.3653
vn -0.6984 -0.1049 0.7079
vn 0.0515 -0.0851 0.9950
vn -0.2008 0.0816 -0.9762
vn 0.8576 -0.2091 0.4698
vn 0.8460 -0.0899 -0.5256
vn -0.4918 0.2427 -0.8362
vn -0.9963 0.0555 -0.0651
vn 0.0751 -0.1399 0.9873
vn 0.8369 0.1217 -0.5336
vn 0.1097 0.2562 -0.9604
vn -0.3705 -0.0616 0.9268
vn 0.1489 0.0870 -0.9850
vn 0.5669 -0.1840 0.8030
vn 0.9762 -0.1763 -0.1261
vn -0.0870 0.1696 -0.9817
vn -0.8674 0.0834 -0.4905
vn 0.9734 0.0288 -0.2274
vn 0.5101 0.2147 -0.8329
vn -0.1986 0.1468 -0.9690
vn -0.4671 0.1116 -0.8771
vn 0.9444 -0.2729 0.1834
vn 0.7563 -0.3700 0.5395
vn 0.9342 -0.2984 0.1954
vn 0.9582 -0.1912 -0.2130
vn -0.7411 0.0496 0.6695
vn -0.3747 -0.0295 0.9267
vn 0.5162 -0.0157 -0.8563
vn 0.2039 -0.0446 0.9780
vn 0.9476 -0.1532 0.2802
vn 0.9150 -0.0813 0.3951
vn 0.6540 0.0021 0.7565
vn 0.8373 0.0432 0.5450
vn 0.9876 -0.0226 0.1555
vn -0.7212 0.0966 0.6859
vn 0.8154 0.1118 -0.5680
vn 0.1663 0.0645 -0.9840
vn -0.9508 0.1319 0.2802
vn 0.8320 -0.0946 -0.5466
vn 0.6136 -0.0370 -0.7887
vn 0.8281 -0.0341 0.5595
vn -0.0923 0.0895 0.9917
vn 0.5498 -0.0523 -0.8337
vn -0.3634 -0.1709 -0.9158
vn -0.6152 -0.0234 -0.7880
vn 0.2883 0.0318 -0.9570
vn 0.9700 0.0792 -0.2299
vn 0.9976 -0.0559 0.0418
vn -0.8932 0.1054 0.4372
vn -0.9979 0.0647 -0.0098
vn 0.9679 -0.0938 -0.2330
vn 0.8579 -0.0885 -0.5062
vn 0.6681 0.1246 0.7336
vn -0.3387 0.1699 0.9254
vn 0.9881 0.1461 0.0478
vn -0.9802 0.0156 0.1973
vn -0.9601 -0.0829 -0.2670
vn 0.9986 -0.0220 -0.0474
vn 0.9266 -0.0826 -0.3669
vn 0.3855 0.3386 0.8583
vn -0.6267 0.1617 0.7623
vn 0.9286 0.2740 0.2502
vn 0.7299 -0.0640 -0.6806
vn -0.9775 -0.1880 -0.0962
vn -0.7926 -0.3068 -0.5270
vn 0.9661 0.1958 0.1685
vn 0.9785 0.0831 -0.1890
vn 0.1470 0.3255 0.9340
vn -0.1075 0.4160 0.9030
vn 0.1149 0.4889 0.8648
vn 0.4033 0.3539 0.8439
vn -0.0152 0.4882 0.8726
vn -0.8458 0.0082 0.5335
vn 0.7524 0.4869 0.4436
vn 0.8861 0.0288 -0.4626
vn -0.4764 -0.5631 -0.6753
vn -0.8165 -0.4816 -0.3185
vn 0.7684 0.4957 0.4049
vn -0.2489 0.4924 0.8340
vn -0.9100 -0.1335 0.3925
vn 0.8902 0.4549 -0.0243
vn 0.7195 -0.2653 -0.6419
vn 0.5464 -0.3657 -0.7535
vn 0.9423 0.2741 -0.1924
vn 0.4161 0.6972 0.5837
vn -0.2850 0.5280 0.8000
vn 0.9242 0.3731 0.0809
vn -0.6728 -0.6144 -0.4121
vn -0.2888 -0.6505 -0.7025
vn 0.5977 0.6317 0.4937
vn 0.8344 0.5181 0.1882
vn 0.1816 0.7561 0.6287
vn 0.8847 -0.0613 -0.4621
vn 0.9600 -0.0493 -0.2755
vn 0.7293 -0.0914 -0.6781
vn 0.5837 -0.0993 -0.8059
vn 0.9977 -0.0361 0.0570
vn 0.9942 0.0845 -0.0663
vn 0.9832 0.1095 0.1461
vn 0.6470 -0.0306 -0.7619
vn 0.4763 -0.0486 -0.8779
vn -0.5122 -0.1459 -0.8464
vn -0.3320 -0.1472 -0.9317
vn 0.9115 -0.0822 -0.4031
vn 0.9117 -0.0162 0.4104
vn 0.8654 0.1441 0.4799
vn 0.8673 -0.0014 -0.4977
vn 0.9962 -0.0581 -0.0649
vn -0.9630 0.0131 -0.2692
vn -0.7971 -0.0018 -0.6039
vn 0.6435 0.1611 0.7483
vn 0.9886 0.0327 -0.1467
vn 0.9271 -0.0291 0.3738
vn -0.4503 -0.0070 -0.8928
vn 0.2435 0.1773 0.9536
vn 0.9510 0.0739 0.3003
vn 0.6034 -0.0136 0.7973
vn 0.0742 0.0132 -0.9972
vn -0.3646 -0.0516 0.9298
vn -0.2932 0.1700 0.9408
vn 0.6553 0.1109 0.7471
vn 0.0941 -0.0309 0.9951
vn 0.5479 0.0670 -0.8339
vn -0.7220 0.1313 0.6793
vn 0.2022 0.0949 0.9747
vn -0.3329 -0.1192 0.9354
vn 0.8388 0.0927 -0.5364
vn 0.4056 -0.2908 0.8666
vn 0.7319 -0.1356 0.6678
vn -0.1837 -0.0050 0.9830
vn -0.5530 -0.0515 0.8316
vn -0.9274 0.1419 0.3462
vn -0.6800 -0.1472 0.7183
vn 0.9722 0.0368 -0.2314
vn -0.9682 0.2487 -0.0286
vn -0.9268 -0.0573 0.3712
vn -0.8310 0.3508 -0.4317
vn -0.8555 0.0357 0.5166
vn -0.9985 0.0109 -0.0532
vn -0.5464 0.3278 -0.7707
vn -0.9888 0.1218 0.0862
vn -0.9018 -0.0406 -0.4303
vn 0.3830 -0.3314 0.8622
vn 0.6781 -0.3042 0.6690
vn -0.2142 0.1933 -0.9575
vn -0.9450 0.0835 -0.3161
vn -0.8197 -0.0428 -0.5712
vn -0.9043 -0.1074 0.4131
vn -0.7595 -0.1136 0.6406
vn 0.6027 0.2000 0.7725
vn -0.7325 -0.1722 -0.6586
vn -0.1247 -0.3007 -0.9455
vn -0.0212 -0.2023 0.9791
vn -0.2919 -0.0828 0.9529
vn 0.0203 -0.0524 0.9984
vn 0.2933 -0.1970 0.9355
vn 0.0571 0.0597 -0.9966
vn -0.5370 -0.3212 -0.7800
vn 0.1893 -0.3990 -0.8972
vn -0.5351 -0.0205 0.8445
vn -0.2820 0.0603 0.9575
vn 0.2783 -0.0327 -0.9599
vn -0.6570 -0.2002 -0.7268
vn -0.2339 -0.4877 -0.8411
vn 0.5288 -0.0681 -0.8460
vn -0.3841 -0.3992 -0.8326
vn 0.1727 -0.5679 -0.8048
vn -0.7597 -0.0755 0.6459
vn -0.8797 -0.2459 0.4071
vn -0.8029 -0.0679 0.5922
vn -0.5927 0.0514 0.8038
vn 0.0010 -0.5432 -0.8396
vn 0.2389 -0.5330 -0.8117
vn -0.6062 -0.7202 -0.3375
vn -0.7610 -0.6023 -0.2410
vn 0.7637 0.0431 -0.6441
vn -0.4725 0.4878 0.7341
vn 0.3701 -0.5505 -0.7483
vn -0.8870 -0.3631 0.2853
vn -0.8680 -0.1755 0.4645
vn 0.8477 0.1671 -0.5034
vn 0.8994 0.1206 0.4203
vn 0.7832 0.1434 0.6050
vn -0.9993 -0.0211 0.0296
vn -0.9027 0.0422 0.4282
vn -0.9849 0.0329 0.1698
vn 0.5126 0.1702 0.8416
vn 0.2085 0.1693 0.9633
vn 0.7417 -0.1081 -0.6620
vn -0.4046 0.0160 0.9144
vn -0.2484 0.1658 0.9544
vn -0.7621 -0.0260 0.6470
vn -0.7099 0.1349 0.6912
vn -0.9821 -0.0900 0.1656
vn -0.9680 0.1003 0.2300
vn 0.5498 -0.1423 -0.8231
vn -0.9638 0.1740 -0.2022
vn 0.9736 -0.1542 -0.1683
vn 0.8256 -0.1223 -0.5508
vn -0.7863 0.3196 -0.5288
vn -0.0219 -0.3149 0.9489
vn -0.4610 0.3856 -0.7992
vn -0.4534 -0.2122 0.8657
vn -0.0549 0.3134 -0.9480
vn 0.3116 0.1836 -0.9323
vn 0.5579 0.1016 -0.8237
vn -0.9621 -0.1755 0.2088
vn 0.3350 0.1783 0.9252
vn 0.7232 0.0900 -0.6848
vn -0.9344 -0.3546 -0.0351
vn 0.8613 0.1844 -0.4734
vn 0.8916 0.3869 -0.2352
vn -0.4831 0.3982 0.7798
vn 0.8544 0.5055 -0.1201
vn -0.6325 0.3401 0.6959
vt 0.518636 0.321610
vt 0.505318 0.320118
vt 0.506248 0.317830
vt 0.518560 0.317896
vt 0.721091 0.077822
vt 0.728472 0.077820
vt 0.728493 0.104850
vt 0.721118 0.114071
vt 0.543932 0.319839
vt 0.542925 0.331723
vt 0.519844 0.333061
vt 0.719074 0.114077
vt 0.719074 0.077828
vt 0.543527 0.317817
vt 0.227128 0.007837
vt 0.239466 0.007930
vt 0.239643 0.035129
vt 0.227260 0.035128
vt 0.211847 0.250258
vt 0.220816 0.241816
vt 0.248108 0.241809
vt 0.248095 0.250258
vt 0.507440 0.332353
vt 0.262516 0.008099
vt 0.262716 0.035128
vt 0.744951 0.297267
vt 0.744875 0.300981
vt 0.732564 0.301050
vt 0.731633 0.298762
vt 0.032706 0.266088
vt 0.032734 0.229839
vt 0.040108 0.239061
vt 0.040087 0.266090
vt 0.746156 0.285816
vt 0.769238 0.287149
vt 0.770247 0.299032
vt 0.030689 0.266083
vt 0.030689 0.229833
vt 0.769843 0.301055
vt 0.481448 0.035102
vt 0.481584 0.007812
vt 0.493966 0.007813
vt 0.493786 0.035012
vt 0.270557 0.044078
vt 0.270557 0.007829
vt 0.279006 0.007817
vt 0.278999 0.035108
vt 0.733752 0.286527
vt 0.517039 0.007817
vt 0.516836 0.034846
vt 0.084284 0.475755
vt 0.082569 0.469808
vt 0.094416 0.469808
vt 0.092686 0.475757
vt 0.608389 0.553825
vt 0.610104 0.559572
vt 0.598258 0.559572
vt 0.599987 0.553821
vt 0.705807 0.611810
vt 0.705807 0.731774
vt 0.684091 0.731774
vt 0.684091 0.611810
vt 0.847334 0.611810
vt 0.847334 0.731774
vt 0.715433 0.731774
vt 0.715433 0.611810
vt 0.935724 0.705116
vt 0.894567 0.705116
vt 0.855164 0.631811
vt 0.975127 0.631810
vt 0.560680 0.600973
vt 0.560679 0.608440
vt 0.477491 0.608427
vt 0.479543 0.600961
vt 0.692186 0.867828
vt 0.719529 0.867814
vt 0.719529 0.874484
vt 0.692186 0.874482
vt 0.959586 0.789809
vt 0.975144 0.792706
vt 0.959586 0.792705
vt 0.580077 0.615910
vt 0.580077 0.620542
vt 0.574276 0.623377
vt 0.568475 0.620540
vt 0.568475 0.615909
vt 0.116790 0.977822
vt 0.116790 0.984460
vt 0.093440 0.984466
vt 0.093440 0.977812
vt 0.147846 0.977823
vt 0.147848 0.984455
vt 0.124608 0.984455
vt 0.124610 0.977818
vt 0.568477 0.588876
vt 0.580080 0.588878
vt 0.580079 0.593509
vt 0.568476 0.593508
vt 0.618876 0.593516
vt 0.618875 0.600983
vt 0.607273 0.600981
vt 0.607274 0.593514
vt 0.422443 0.547393
vt 0.422436 0.538877
vt 0.428188 0.537153
vt 0.428188 0.549088
vt 0.618875 0.608449
vt 0.618874 0.615916
vt 0.607272 0.615915
vt 0.607273 0.608448
vt 0.607272 0.620546
vt 0.618874 0.620548
vt 0.613073 0.623383
vt 0.580078 0.608443
vt 0.568475 0.608442
vt 0.665468 0.615925
vt 0.665468 0.608458
vt 0.676271 0.608459
vt 0.676271 0.615926
vt 0.657672 0.608455
vt 0.657672 0.615923
vt 0.646069 0.615921
vt 0.646070 0.608454
vt 0.638274 0.608452
vt 0.638273 0.615919
vt 0.626671 0.615918
vt 0.626671 0.608451
vt 0.657672 0.600989
vt 0.646070 0.600987
vt 0.638274 0.600986
vt 0.626671 0.600984
vt 0.657673 0.593522
vt 0.646071 0.593520
vt 0.638274 0.593519
vt 0.626672 0.593517
vt 0.568476 0.600975
vt 0.580078 0.600976
vt 0.587874 0.620543
vt 0.587874 0.615912
vt 0.599476 0.615913
vt 0.599476 0.620545
vt 0.593675 0.623379
vt 0.646069 0.620553
vt 0.657672 0.620555
vt 0.651871 0.623389
vt 0.657674 0.588890
vt 0.646071 0.588889
vt 0.638275 0.588887
vt 0.626673 0.588885
vt 0.618877 0.588884
vt 0.607274 0.588883
vt 0.665468 0.620556
vt 0.676271 0.623393
vt 0.560679 0.615907
vt 0.560679 0.620539
vt 0.475719 0.623361
vt 0.476182 0.615894
vt 0.481867 0.965322
vt 0.313036 0.965376
vt 0.313037 0.949818
vt 0.481867 0.949814
vt 0.279946 0.974968
vt 0.279946 0.971818
vt 0.449819 0.972257
vt 0.448773 0.974957
vt 0.642173 0.586052
vt 0.622775 0.586049
vt 0.355258 0.511438
vt 0.349718 0.511439
vt 0.349719 0.504664
vt 0.355259 0.504663
vt 0.811621 0.980587
vt 0.806081 0.980587
vt 0.806082 0.973812
vt 0.811622 0.973812
vt 0.599478 0.588881
vt 0.603377 0.586047
vt 0.366339 0.511436
vt 0.360799 0.511437
vt 0.360799 0.504662
vt 0.366339 0.504662
vt 0.065856 0.963817
vt 0.071396 0.963818
vt 0.071393 0.970593
vt 0.065852 0.970591
vt 0.076936 0.963819
vt 0.076932 0.970595
vt 0.415163 0.155813
vt 0.421111 0.155816
vt 0.421121 0.166685
vt 0.415160 0.162480
vt 0.513436 0.283760
vt 0.504920 0.283765
vt 0.503196 0.277814
vt 0.515130 0.277814
vt 0.374149 0.067042
vt 0.374149 0.034458
vt 0.380153 0.038602
vt 0.380108 0.068740
vt 0.901917 0.586682
vt 0.901917 0.575813
vt 0.964389 0.575814
vt 0.964389 0.586665
vt 0.235814 0.547789
vt 0.203219 0.547789
vt 0.201503 0.541836
vt 0.231628 0.541815
vt 0.097068 0.592924
vt 0.097054 0.641971
vt 0.091151 0.647952
vt 0.058560 0.648390
vt 0.058560 0.585919
vt 0.091131 0.586820
vt 0.337098 0.740483
vt 0.289902 0.740483
vt 0.289902 0.733816
vt 0.337098 0.733813
vt 0.150625 0.649808
vt 0.152326 0.655752
vt 0.099862 0.655755
vt 0.101579 0.649809
vt 0.220975 0.050506
vt 0.134844 0.056607
vt 0.142477 0.047433
vt 0.122239 0.740481
vt 0.122242 0.733811
vt 0.149873 0.733812
vt 0.149870 0.740482
vt 0.684085 0.595816
vt 0.782626 0.595816
vt 0.782627 0.602484
vt 0.684085 0.602483
vt 0.874096 0.189797
vt 0.869914 0.183819
vt 0.880766 0.183852
vt 0.880763 0.189800
vt 0.655684 0.199627
vt 0.649920 0.201312
vt 0.649880 0.182606
vt 0.655687 0.178471
vt 0.847308 0.108882
vt 0.819876 0.108884
vt 0.820777 0.087754
vt 0.826882 0.081818
vt 0.840889 0.081829
vt 0.846869 0.087731
vt 0.466443 0.246626
vt 0.439011 0.246692
vt 0.439012 0.235809
vt 0.466444 0.235809
vt 0.537085 0.185565
vt 0.538801 0.179819
vt 0.552808 0.179821
vt 0.554510 0.185565
vt 0.959588 0.750266
vt 0.769247 0.157615
vt 0.769242 0.136465
vt 0.775133 0.140520
vt 0.775024 0.159253
vt 0.181095 0.113761
vt 0.185031 0.107818
vt 0.191699 0.107827
vt 0.191912 0.113761
vt 0.325068 0.139827
vt 0.329009 0.145795
vt 0.318125 0.145795
vt 0.318401 0.139865
vt 0.564580 0.586041
vt 0.485002 0.586028
vt 0.492083 0.567812
vt 0.560680 0.593506
vt 0.482136 0.593494
vt 0.560681 0.588875
vt 0.665470 0.588891
vt 0.661572 0.586055
vt 0.252292 0.643814
vt 0.259759 0.643814
vt 0.258795 0.649919
vt 0.253255 0.649919
vt 0.049932 0.543632
vt 0.052646 0.547386
vt 0.047136 0.550182
vt 0.045285 0.547623
vt 0.638273 0.620551
vt 0.632472 0.623386
vt 0.776520 0.834840
vt 0.769053 0.834838
vt 0.770018 0.828734
vt 0.775558 0.828735
vt 0.559821 0.819387
vt 0.562535 0.815634
vt 0.567182 0.819625
vt 0.565332 0.822183
vt 0.135274 0.557811
vt 0.142741 0.557811
vt 0.141777 0.563915
vt 0.136237 0.563915
vt 0.778161 0.556531
vt 0.774409 0.553817
vt 0.778400 0.549170
vt 0.780958 0.551021
vt 0.112763 0.541815
vt 0.120230 0.541815
vt 0.119267 0.547919
vt 0.113727 0.547919
vt 0.376819 0.782661
vt 0.382924 0.782150
vt 0.382924 0.789947
vt 0.376819 0.789436
vt 0.711024 0.578115
vt 0.714777 0.580830
vt 0.710785 0.585477
vt 0.708227 0.583627
vt 0.797299 0.812108
vt 0.801052 0.814822
vt 0.797060 0.819469
vt 0.794502 0.817619
vt 0.242334 0.581816
vt 0.249800 0.581816
vt 0.248837 0.587921
vt 0.243297 0.587921
vt 0.557521 0.826491
vt 0.563625 0.827455
vt 0.783624 0.832542
vt 0.780829 0.827031
vt 0.128170 0.560111
vt 0.130967 0.565621
vt 0.105659 0.544114
vt 0.108456 0.549625
vt 0.782728 0.809808
vt 0.790195 0.809808
vt 0.789232 0.815912
vt 0.783692 0.815912
vt 0.957224 0.912840
vt 0.949757 0.912844
vt 0.950717 0.906739
vt 0.956257 0.906737
vt 0.727927 0.232550
vt 0.720823 0.234850
vt 0.719859 0.228746
vt 0.725130 0.227040
vt 0.256904 0.584116
vt 0.254108 0.589627
vt 0.054946 0.561957
vt 0.052646 0.569060
vt 0.047136 0.566263
vt 0.048842 0.560993
vt 0.559821 0.841062
vt 0.557521 0.833958
vt 0.563626 0.832994
vt 0.565332 0.838266
vt 0.761950 0.832537
vt 0.764747 0.827026
vt 0.799836 0.556532
vt 0.792732 0.558832
vt 0.791769 0.552727
vt 0.797040 0.551021
vt 0.149845 0.560111
vt 0.147048 0.565621
vt 0.689349 0.578115
vt 0.696453 0.575816
vt 0.697417 0.581920
vt 0.692146 0.583626
vt 0.127334 0.544114
vt 0.124537 0.549626
vt 0.266863 0.646114
vt 0.270616 0.648828
vt 0.266625 0.653475
vt 0.264066 0.651625
vt 0.778421 0.817618
vt 0.775624 0.812108
vt 0.706252 0.232550
vt 0.702500 0.229836
vt 0.706491 0.225189
vt 0.709049 0.227040
vt 0.731680 0.229836
vt 0.727689 0.225189
vt 0.101906 0.546829
vt 0.105897 0.551476
vt 0.049932 0.572813
vt 0.045285 0.568822
vt 0.562536 0.844816
vt 0.567183 0.840824
vt 0.758197 0.829821
vt 0.762189 0.825175
vt 0.803589 0.553817
vt 0.799598 0.549170
vt 0.153597 0.562825
vt 0.149606 0.567472
vt 0.685596 0.580830
vt 0.689588 0.585477
vt 0.131087 0.546829
vt 0.127096 0.551476
vt 0.771871 0.814822
vt 0.775862 0.819469
vt 0.599478 0.593513
vt 0.587875 0.593511
vt 0.587876 0.588879
vt 0.245188 0.646114
vt 0.247985 0.651625
vt 0.599476 0.608446
vt 0.587874 0.608445
vt 0.713356 0.234850
vt 0.714320 0.228745
vt 0.665469 0.600990
vt 0.676271 0.600991
vt 0.703920 0.575816
vt 0.702957 0.581920
vt 0.785265 0.558832
vt 0.786229 0.552727
vt 0.054947 0.554490
vt 0.048842 0.555453
vt 0.626671 0.620550
vt 0.599477 0.600980
vt 0.587875 0.600978
vt 0.241434 0.648828
vt 0.245426 0.653475
vt 0.942651 0.910548
vt 0.938897 0.907836
vt 0.942886 0.903187
vt 0.945445 0.905035
vt 0.787378 0.829828
vt 0.783388 0.825181
vt 0.124417 0.562825
vt 0.128408 0.567472
vt 0.665469 0.593523
vt 0.676272 0.593525
vt 0.676273 0.586058
vt 0.964327 0.910536
vt 0.961527 0.905027
vt 0.260657 0.586830
vt 0.256666 0.591477
vt 0.231476 0.586830
vt 0.235229 0.584116
vt 0.238026 0.589627
vt 0.235467 0.591477
vt 0.375601 0.511948
vt 0.369497 0.511437
vt 0.369497 0.504662
vt 0.375601 0.504151
vt 0.817163 0.973812
vt 0.817161 0.980587
vt 0.670767 0.729813
vt 0.670765 0.736589
vt 0.665225 0.736589
vt 0.665226 0.729814
vt 0.016513 0.976584
vt 0.016515 0.969809
vt 0.022054 0.969809
vt 0.022053 0.976584
vt 0.136442 0.633814
vt 0.136440 0.640589
vt 0.130900 0.640589
vt 0.130901 0.633814
vt 0.659685 0.736589
vt 0.659687 0.729814
vt 0.027595 0.969809
vt 0.027593 0.976585
vt 0.141981 0.633814
vt 0.141980 0.640589
vt 0.800541 0.980587
vt 0.800542 0.973812
vt 0.082476 0.963822
vt 0.082473 0.970597
vt 0.654145 0.736589
vt 0.654146 0.729814
vt 0.030752 0.969810
vt 0.030751 0.976585
vt 0.147521 0.633814
vt 0.147520 0.640589
vt 0.797383 0.980587
vt 0.797384 0.973812
vt 0.085633 0.963822
vt 0.085631 0.970598
vt 0.007815 0.976585
vt 0.007816 0.969810
vt 0.010975 0.969809
vt 0.010973 0.976585
vt 0.150679 0.633815
vt 0.150678 0.640589
vt 0.127743 0.640589
vt 0.127743 0.633815
vt 0.673923 0.736589
vt 0.673924 0.729813
vt 0.062695 0.970591
vt 0.062698 0.963815
vt 0.346561 0.511440
vt 0.346561 0.504664
vt 0.820320 0.973812
vt 0.820319 0.980587
vt 0.047658 0.644155
vt 0.047658 0.651952
vt 0.041554 0.651441
vt 0.041554 0.644666
vt 0.693843 0.529816
vt 0.693333 0.535920
vt 0.686557 0.535920
vt 0.686047 0.529816
vt 0.885669 0.733948
vt 0.879565 0.733438
vt 0.879565 0.726663
vt 0.885669 0.726152
vt 0.358825 0.734150
vt 0.364929 0.734661
vt 0.364929 0.741436
vt 0.358825 0.741946
vt 0.751772 0.339920
vt 0.752282 0.333816
vt 0.759058 0.333815
vt 0.759568 0.339920
vt 0.650989 0.729813
vt 0.650988 0.736589
vt 0.471295 0.591956
vt 0.465190 0.591449
vt 0.465186 0.584674
vt 0.471291 0.584160
vt 0.884215 0.575816
vt 0.883704 0.581921
vt 0.876929 0.581921
vt 0.876419 0.575816
vt 0.136541 0.791814
vt 0.306415 0.791814
vt 0.306412 0.799248
vt 0.136538 0.799248
vt 0.890759 0.363814
vt 0.890248 0.369918
vt 0.883473 0.369918
vt 0.882962 0.363814
vt 0.177140 0.275921
vt 0.177651 0.269817
vt 0.184426 0.269817
vt 0.184936 0.275921
vt 0.047909 0.260153
vt 0.054013 0.260663
vt 0.054013 0.267438
vt 0.047909 0.267949
vt 0.968079 0.907819
vt 0.964085 0.903175
vt 0.583978 0.586044
vt 0.325861 0.622454
vt 0.325864 0.615817
vt 0.379321 0.615816
vt 0.379318 0.622453
vt 0.990380 0.575815
vt 0.990377 0.760005
vt 0.982943 0.760008
vt 0.982945 0.575817
vt 0.807674 0.840680
vt 0.821989 0.803819
vt 0.991867 0.804270
vt 0.991867 0.840680
vt 0.611067 0.361820
vt 0.611067 0.447079
vt 0.604435 0.447082
vt 0.604444 0.361823
vt 0.889292 0.506176
vt 0.882625 0.506176
vt 0.882625 0.429856
vt 0.889292 0.429828
vt 0.007811 0.203650
vt 0.007811 0.043034
vt 0.037950 0.198416
vt 0.029520 0.203064
vt 0.105793 0.032544
vt 0.108239 0.051089
vt 0.117516 0.058456
vt 0.135430 0.109560
vt 0.217311 0.020606
vt 0.141425 0.028730
vt 0.292656 0.075392
vt 0.230253 0.057873
vt 0.282420 0.052288
vt 0.350188 0.030911
vt 0.290053 0.043114
vt 0.287756 0.013064
vt 0.334684 0.008040
vt 0.324951 0.070230
vt 0.344648 0.057688
vt 0.385823 0.216187
vt 0.354450 0.114810
vt 0.952152 0.789809
vt 0.952154 0.750265
vt 0.574276 0.664504
vt 0.475719 0.664517
vt 0.424252 0.190648
vt 0.377203 0.119547
vt 0.959589 0.730722
vt 0.958421 0.722809
vt 0.955032 0.715669
vt 0.949752 0.710005
vt 0.943099 0.706372
vt 0.887192 0.706372
vt 0.880539 0.710005
vt 0.676276 0.567840
vt 0.939225 0.375242
vt 0.939223 0.366840
vt 0.945172 0.365110
vt 0.945172 0.376957
vt 0.060031 0.571821
vt 0.068433 0.571817
vt 0.070163 0.577568
vt 0.058317 0.577568
vt 0.560679 0.686907
vt 0.479542 0.686918
vt 0.477490 0.679451
vt 0.560678 0.679440
vt 0.699099 0.905826
vt 0.699099 0.912480
vt 0.671755 0.912482
vt 0.671755 0.905813
vt 0.870705 0.789810
vt 0.870705 0.792705
vt 0.855148 0.792706
vt 0.580077 0.671970
vt 0.568475 0.671971
vt 0.568475 0.667340
vt 0.580077 0.667339
vt 0.661267 0.980462
vt 0.637916 0.980472
vt 0.637916 0.973818
vt 0.661267 0.973825
vt 0.178897 0.984447
vt 0.155660 0.984452
vt 0.155658 0.977815
vt 0.178899 0.977815
vt 0.571312 0.701839
vt 0.568476 0.699004
vt 0.568475 0.694372
vt 0.580078 0.694371
vt 0.580078 0.699002
vt 0.577243 0.701838
vt 0.618875 0.694366
vt 0.607273 0.694367
vt 0.607272 0.686900
vt 0.618874 0.686899
vt 0.889531 0.515829
vt 0.891226 0.521574
vt 0.879292 0.521574
vt 0.881016 0.515821
vt 0.618874 0.679432
vt 0.607272 0.679433
vt 0.607272 0.671966
vt 0.618874 0.671965
vt 0.607272 0.667335
vt 0.613073 0.664499
vt 0.618874 0.667333
vt 0.580077 0.679437
vt 0.568475 0.679438
vt 0.665468 0.671957
vt 0.676270 0.671957
vt 0.676271 0.679424
vt 0.665467 0.679425
vt 0.657671 0.679427
vt 0.646069 0.679427
vt 0.646069 0.671960
vt 0.657671 0.671960
vt 0.638273 0.679430
vt 0.626670 0.679430
vt 0.626670 0.671963
vt 0.638272 0.671962
vt 0.657672 0.686894
vt 0.646069 0.686894
vt 0.638273 0.686896
vt 0.626670 0.686897
vt 0.657672 0.694360
vt 0.646070 0.694362
vt 0.638274 0.694363
vt 0.626671 0.694364
vt 0.568475 0.686905
vt 0.580077 0.686904
vt 0.587873 0.667337
vt 0.593675 0.664501
vt 0.599476 0.667336
vt 0.599476 0.671968
vt 0.587873 0.671969
vt 0.646069 0.667329
vt 0.651870 0.664493
vt 0.657671 0.667327
vt 0.657673 0.698992
vt 0.654838 0.701828
vt 0.648906 0.701829
vt 0.646070 0.698993
vt 0.638274 0.698995
vt 0.635439 0.701831
vt 0.629507 0.701831
vt 0.626671 0.698996
vt 0.618875 0.698997
vt 0.616040 0.701833
vt 0.610109 0.701833
vt 0.607273 0.698999
vt 0.665468 0.667326
vt 0.676271 0.664490
vt 0.560678 0.671973
vt 0.476181 0.671984
vt 0.560678 0.667341
vt 0.305223 0.931867
vt 0.305223 0.947374
vt 0.136394 0.947374
vt 0.136393 0.931816
vt 0.458814 0.973823
vt 0.627654 0.974271
vt 0.628694 0.976974
vt 0.458805 0.976973
vt 0.395474 0.864660
vt 0.395475 0.871435
vt 0.389935 0.871434
vt 0.389934 0.864659
vt 0.327285 0.931814
vt 0.327287 0.938590
vt 0.321747 0.938590
vt 0.321745 0.931814
vt 0.596642 0.701836
vt 0.599477 0.698999
vt 0.406555 0.864661
vt 0.406556 0.871436
vt 0.401016 0.871436
vt 0.401014 0.864661
vt 0.831301 0.980583
vt 0.831299 0.973808
vt 0.836839 0.973808
vt 0.836840 0.980583
vt 0.842379 0.973808
vt 0.842380 0.980583
vt 0.137314 0.127342
vt 0.137312 0.120675
vt 0.143274 0.116471
vt 0.143262 0.127340
vt 0.192592 0.325823
vt 0.194287 0.331770
vt 0.182353 0.331770
vt 0.184077 0.325818
vt 0.021035 0.375815
vt 0.019337 0.369856
vt 0.049475 0.369811
vt 0.053619 0.375815
vt 0.527702 0.545816
vt 0.590173 0.545833
vt 0.590173 0.556684
vt 0.527702 0.556685
vt 0.356601 0.441793
vt 0.360786 0.435818
vt 0.390910 0.435840
vt 0.389194 0.441793
vt 0.361424 0.789809
vt 0.361424 0.796479
vt 0.314228 0.796476
vt 0.314228 0.789809
vt 0.059869 0.029757
vt 0.010821 0.029758
vt 0.009104 0.023812
vt 0.061570 0.023812
vt 0.642877 0.175007
vt 0.564379 0.178080
vt 0.556746 0.168906
vt 0.989619 0.769809
vt 0.989618 0.797440
vt 0.982948 0.797443
vt 0.982948 0.769812
vt 0.992176 0.971812
vt 0.992175 0.978480
vt 0.893633 0.978480
vt 0.893634 0.971813
vt 0.360435 0.192650
vt 0.360433 0.199317
vt 0.354485 0.199316
vt 0.354460 0.188464
vt 0.458914 0.295870
vt 0.491506 0.296308
vt 0.497408 0.302289
vt 0.497422 0.351336
vt 0.491485 0.357440
vt 0.458914 0.358341
vt 0.340882 0.189625
vt 0.340881 0.168470
vt 0.346688 0.172606
vt 0.346646 0.191311
vt 0.954449 0.226997
vt 0.960384 0.220891
vt 0.981515 0.219989
vt 0.981515 0.247420
vt 0.960364 0.246983
vt 0.954461 0.241003
vt 0.349240 0.067156
vt 0.349240 0.084582
vt 0.343497 0.082880
vt 0.343494 0.068873
vt 0.870703 0.750266
vt 0.845019 0.007808
vt 0.846659 0.013585
vt 0.827926 0.013703
vt 0.823869 0.007814
vt 0.460228 0.255814
vt 0.471045 0.255814
vt 0.470831 0.261748
vt 0.464164 0.261757
vt 0.497639 0.050935
vt 0.497677 0.044268
vt 0.503607 0.043992
vt 0.503607 0.054875
vt 0.557844 0.701840
vt 0.492081 0.720067
vt 0.485001 0.701850
vt 0.560679 0.694373
vt 0.482135 0.694384
vt 0.560680 0.699005
vt 0.665469 0.698991
vt 0.668305 0.701826
vt 0.165261 0.573809
vt 0.164298 0.579913
vt 0.158758 0.579913
vt 0.157794 0.573809
vt 0.578777 0.815635
vt 0.583423 0.819626
vt 0.581573 0.822185
vt 0.576062 0.819388
vt 0.638273 0.667330
vt 0.632471 0.664496
vt 0.991852 0.899955
vt 0.985747 0.898991
vt 0.985747 0.893451
vt 0.991852 0.892488
vt 0.538653 0.914539
vt 0.535857 0.909028
vt 0.538415 0.907177
vt 0.542406 0.911824
vt 0.957704 0.960840
vt 0.958668 0.954736
vt 0.964208 0.954736
vt 0.965171 0.960840
vt 0.739621 0.839063
vt 0.745132 0.836267
vt 0.746982 0.838824
vt 0.742335 0.842815
vt 0.361288 0.893813
vt 0.360325 0.899917
vt 0.354785 0.899917
vt 0.353822 0.893813
vt 0.479399 0.712675
vt 0.479399 0.719450
vt 0.473295 0.719961
vt 0.473295 0.712165
vt 0.300625 0.280118
vt 0.303422 0.285629
vt 0.300864 0.287479
vt 0.296873 0.282833
vt 0.911984 0.952110
vt 0.914780 0.957621
vt 0.912222 0.959471
vt 0.908231 0.954824
vt 0.456726 0.531814
vt 0.455764 0.537919
vt 0.450224 0.537921
vt 0.449259 0.531817
vt 0.531549 0.916838
vt 0.530586 0.910734
vt 0.989552 0.907058
vt 0.984041 0.904262
vt 0.950600 0.958540
vt 0.953397 0.953029
vt 0.368392 0.896112
vt 0.365595 0.901623
vt 0.926554 0.949810
vt 0.925591 0.955914
vt 0.920051 0.955914
vt 0.919088 0.949810
vt 0.058568 0.516484
vt 0.064673 0.517450
vt 0.064670 0.522990
vt 0.058566 0.523951
vt 0.942681 0.892532
vt 0.945478 0.887021
vt 0.950749 0.888728
vt 0.949785 0.894832
vt 0.444955 0.539629
vt 0.442156 0.534119
vt 0.573762 0.833959
vt 0.579867 0.832995
vt 0.581573 0.838266
vt 0.576062 0.841063
vt 0.516978 0.914539
vt 0.519775 0.909028
vt 0.525046 0.910734
vt 0.524082 0.916839
vt 0.984041 0.888180
vt 0.989552 0.885384
vt 0.739621 0.817388
vt 0.745132 0.820185
vt 0.743425 0.825456
vt 0.737321 0.824492
vt 0.969478 0.953029
vt 0.972275 0.958540
vt 0.322300 0.280116
vt 0.319503 0.285627
vt 0.314233 0.283921
vt 0.315195 0.277816
vt 0.349514 0.901623
vt 0.346718 0.896113
vt 0.150690 0.576110
vt 0.153487 0.581620
vt 0.150928 0.583470
vt 0.146937 0.578824
vt 0.933659 0.952110
vt 0.930862 0.957621
vt 0.964356 0.892532
vt 0.961560 0.887021
vt 0.964118 0.885171
vt 0.968109 0.889817
vt 0.938928 0.889818
vt 0.942919 0.885171
vt 0.372145 0.898827
vt 0.368154 0.903474
vt 0.583423 0.840824
vt 0.578777 0.844815
vt 0.513224 0.911825
vt 0.517216 0.907177
vt 0.982191 0.885622
vt 0.986838 0.881631
vt 0.742335 0.813635
vt 0.746982 0.817626
vt 0.972036 0.951179
vt 0.976027 0.955826
vt 0.326053 0.282829
vt 0.322062 0.287477
vt 0.346956 0.903474
vt 0.342965 0.898827
vt 0.937411 0.954824
vt 0.933420 0.959471
vt 0.590711 0.701836
vt 0.587875 0.699001
vt 0.587874 0.694369
vt 0.599477 0.694368
vt 0.172366 0.576109
vt 0.169569 0.581620
vt 0.599476 0.679435
vt 0.587874 0.679435
vt 0.957252 0.894832
vt 0.956289 0.888727
vt 0.676271 0.686891
vt 0.665468 0.686892
vt 0.307728 0.277818
vt 0.308693 0.283922
vt 0.737321 0.831959
vt 0.743425 0.830996
vt 0.579867 0.827455
vt 0.573762 0.826492
vt 0.626670 0.667332
vt 0.599476 0.686902
vt 0.587874 0.686902
vt 0.176119 0.578824
vt 0.172128 0.583470
vt 0.060863 0.531056
vt 0.066374 0.528262
vt 0.068224 0.530821
vt 0.063575 0.534810
vt 0.986838 0.910811
vt 0.982191 0.906821
vt 0.946847 0.955826
vt 0.950838 0.951179
vt 0.676271 0.694358
vt 0.665469 0.694359
vt 0.676272 0.701825
vt 0.060871 0.509381
vt 0.066381 0.512180
vt 0.442397 0.541480
vt 0.438404 0.536834
vt 0.467584 0.536825
vt 0.463595 0.541473
vt 0.461035 0.539623
vt 0.463830 0.534111
vt 0.415817 0.864151
vt 0.415817 0.871947
vt 0.409713 0.871437
vt 0.409713 0.864662
vt 0.332827 0.938590
vt 0.332825 0.931815
vt 0.837552 0.776970
vt 0.837551 0.782511
vt 0.830776 0.782512
vt 0.830777 0.776972
vt 0.867581 0.973808
vt 0.873121 0.973808
vt 0.873122 0.980583
vt 0.867582 0.980583
vt 0.287395 0.962589
vt 0.281855 0.962589
vt 0.281853 0.955813
vt 0.287393 0.955814
vt 0.830776 0.788052
vt 0.837551 0.788050
vt 0.878662 0.980583
vt 0.878661 0.973808
vt 0.292935 0.962589
vt 0.292933 0.955814
vt 0.316205 0.931815
vt 0.316207 0.938590
vt 0.847920 0.980583
vt 0.847919 0.973808
vt 0.830777 0.793592
vt 0.837551 0.793591
vt 0.881820 0.980583
vt 0.881819 0.973808
vt 0.298474 0.962589
vt 0.298473 0.955814
vt 0.313048 0.931815
vt 0.313049 0.938590
vt 0.851078 0.980583
vt 0.851077 0.973808
vt 0.858883 0.973808
vt 0.862041 0.973808
vt 0.862042 0.980583
vt 0.858884 0.980583
vt 0.301632 0.962588
vt 0.301631 0.955813
vt 0.278696 0.955813
vt 0.278697 0.962588
vt 0.830777 0.773814
vt 0.837552 0.773813
vt 0.828142 0.973808
vt 0.828142 0.980583
vt 0.386777 0.864658
vt 0.386777 0.871434
vt 0.335983 0.931815
vt 0.335984 0.938590
vt 0.449745 0.319950
vt 0.443641 0.319439
vt 0.443641 0.312664
vt 0.449745 0.312153
vt 0.456525 0.601915
vt 0.448729 0.601915
vt 0.449240 0.595810
vt 0.456015 0.595810
vt 0.103172 0.733809
vt 0.110967 0.733809
vt 0.110457 0.739914
vt 0.103682 0.739914
vt 0.344911 0.741960
vt 0.344911 0.734164
vt 0.351015 0.734675
vt 0.351015 0.741450
vt 0.160337 0.651950
vt 0.160337 0.644153
vt 0.166441 0.644664
vt 0.166441 0.651439
vt 0.837552 0.796748
vt 0.830777 0.796749
vt 0.219151 0.601938
vt 0.219146 0.594142
vt 0.225251 0.594649
vt 0.225255 0.601424
vt 0.731241 0.587922
vt 0.723445 0.587922
vt 0.723955 0.581817
vt 0.730730 0.581817
vt 0.643176 0.729815
vt 0.643179 0.737249
vt 0.473297 0.737249
vt 0.473294 0.729815
vt 0.372787 0.598154
vt 0.372787 0.605951
vt 0.366683 0.605440
vt 0.366683 0.598665
vt 0.007810 0.845945
vt 0.007810 0.838148
vt 0.013914 0.838659
vt 0.013914 0.845434
vt 0.436003 0.557944
vt 0.436003 0.550147
vt 0.442107 0.550657
vt 0.442107 0.557433
vt 0.063587 0.505629
vt 0.068232 0.509622
vt 0.528211 0.476454
vt 0.474755 0.476454
vt 0.474752 0.469816
vt 0.528208 0.469816
vt 0.007810 0.015250
vt 0.007813 0.007816
vt 0.192005 0.007816
vt 0.192002 0.015250
vt 0.803844 0.529811
vt 0.988036 0.529809
vt 0.988037 0.566219
vt 0.818160 0.566672
vt 0.673331 0.007817
vt 0.673327 0.014440
vt 0.588069 0.014449
vt 0.588073 0.007817
vt 0.893496 0.790167
vt 0.893493 0.713819
vt 0.900160 0.713847
vt 0.900163 0.790168
vt 0.429713 0.021862
vt 0.451422 0.022449
vt 0.459852 0.027096
vt 0.429713 0.182479
vt 0.530141 0.174423
vt 0.527695 0.192968
vt 0.557332 0.115953
vt 0.539418 0.167057
vt 0.652154 0.167640
vt 0.639213 0.204907
vt 0.563327 0.196783
vt 0.714557 0.150121
vt 0.704322 0.173224
vt 0.772089 0.194602
vt 0.756585 0.217473
vt 0.709658 0.212449
vt 0.711954 0.182399
vt 0.746853 0.155283
vt 0.766549 0.167825
vt 0.807724 0.009326
vt 0.776352 0.110703
vt 0.878137 0.750265
vt 0.878139 0.789809
vt 0.846153 0.034865
vt 0.799104 0.105966
vt 0.870702 0.730722
vt 0.871869 0.722810
vt 0.875259 0.715669
vt 0.676274 0.720042
vt 0.247276 0.131825
vt 0.274708 0.131892
vt 0.274709 0.142708
vt 0.247277 0.142708
vt 0.892212 0.958580
vt 0.896007 0.957773
vt 0.897238 0.962645
vt 0.893071 0.963529
vt 0.888368 0.959100
vt 0.888849 0.964100
vt 0.899602 0.956717
vt 0.901208 0.961478
vt 0.525541 0.200641
vt 0.529923 0.200360
vt 0.530388 0.205361
vt 0.525723 0.205659
vt 0.439283 0.198577
vt 0.443128 0.199097
vt 0.442646 0.204097
vt 0.438425 0.203527
vt 0.788758 0.958041
vt 0.793028 0.959069
vt 0.791992 0.963984
vt 0.787448 0.962890
vt 0.805948 0.960642
vt 0.810665 0.960683
vt 0.810690 0.965703
vt 0.805766 0.965661
vt 0.801565 0.960361
vt 0.801101 0.965362
vt 0.797278 0.959839
vt 0.796527 0.964804
vt 0.447173 0.199330
vt 0.446982 0.204348
vt 0.542729 0.198040
vt 0.547049 0.196742
vt 0.548623 0.201510
vt 0.544039 0.202887
vt 0.784438 0.956744
vt 0.782865 0.961513
vt 0.884322 0.959333
vt 0.884513 0.964350
vt 0.538460 0.199068
vt 0.539495 0.203982
vt 0.534210 0.199838
vt 0.534962 0.204803
vt 0.520824 0.200681
vt 0.520799 0.205702
vt 0.435489 0.197772
vt 0.434258 0.202642
vt 0.431894 0.196717
vt 0.430287 0.201477
vt 0.986432 0.207127
vt 0.983524 0.210321
vt 0.989222 0.198760
vt 0.988379 0.203191
vt 0.979842 0.212577
vt 0.981449 0.183978
vt 0.984855 0.186634
vt 0.977375 0.182339
vt 0.975610 0.213751
vt 0.970892 0.213746
vt 0.972687 0.181815
vt 0.895075 0.184180
vt 0.899036 0.183322
vt 0.897874 0.203998
vt 0.889584 0.189478
vt 0.891842 0.186324
vt 0.894035 0.202701
vt 0.891062 0.200209
vt 0.987387 0.190132
vt 0.988881 0.194262
vt 0.888661 0.193109
vt 0.889172 0.196821
vt 0.674447 0.872942
vt 0.675306 0.867992
vt 0.679473 0.868878
vt 0.678242 0.873749
vt 0.670603 0.872422
vt 0.671085 0.867422
vt 0.683443 0.870045
vt 0.681837 0.874805
vt 0.765606 0.972877
vt 0.765789 0.967858
vt 0.770454 0.968158
vt 0.769989 0.973158
vt 0.679342 0.974932
vt 0.678485 0.969982
vt 0.682706 0.969412
vt 0.683187 0.974413
vt 0.570998 0.873472
vt 0.569688 0.868624
vt 0.574233 0.867530
vt 0.575268 0.872444
vt 0.588187 0.870873
vt 0.588006 0.865854
vt 0.592929 0.865812
vt 0.592904 0.870832
vt 0.583805 0.871153
vt 0.583340 0.866153
vt 0.579518 0.871675
vt 0.578767 0.866709
vt 0.687043 0.969162
vt 0.687233 0.974179
vt 0.782795 0.975481
vt 0.784107 0.970632
vt 0.788690 0.972011
vt 0.787115 0.976779
vt 0.566678 0.874769
vt 0.565104 0.869999
vt 0.666557 0.872188
vt 0.666749 0.867171
vt 0.778526 0.974452
vt 0.779562 0.969537
vt 0.775028 0.968716
vt 0.774276 0.973682
vt 0.760889 0.972836
vt 0.760865 0.967816
vt 0.675547 0.975736
vt 0.674317 0.970866
vt 0.671952 0.976792
vt 0.670346 0.972031
vt 0.297496 0.098447
vt 0.299440 0.102384
vt 0.300280 0.106816
vt 0.294590 0.095251
vt 0.295905 0.118939
vt 0.292497 0.121592
vt 0.290910 0.092993
vt 0.288422 0.123229
vt 0.283734 0.123750
vt 0.281961 0.091817
vt 0.286679 0.091817
vt 0.206125 0.121333
vt 0.208936 0.101516
vt 0.210084 0.122193
vt 0.200637 0.116030
vt 0.202122 0.105301
vt 0.205097 0.102811
vt 0.202893 0.119187
vt 0.299936 0.111314
vt 0.298440 0.115442
vt 0.199717 0.112399
vt 0.200230 0.108688
vt 0.126605 0.370764
vt 0.071518 0.370764
vt 0.080148 0.355862
vt 0.123246 0.356801
vt 0.320591 0.307578
vt 0.203390 0.327571
vt 0.201746 0.317928
vt 0.318946 0.297935
vt 0.305378 0.520857
vt 0.305377 0.505809
vt 0.338755 0.505809
vt 0.338756 0.520857
vt 0.449981 0.367817
vt 0.464058 0.367833
vt 0.464058 0.375706
vt 0.449826 0.375691
vt 0.220828 0.578936
vt 0.224232 0.558825
vt 0.597254 0.468705
vt 0.600339 0.487249
vt 0.678123 0.237467
vt 0.665130 0.227200
vt 0.687667 0.226702
vt 0.690285 0.228277
vt 0.728398 0.875398
vt 0.747105 0.849810
vt 0.763282 0.849810
vt 0.798137 0.193974
vt 0.779839 0.193974
vt 0.779839 0.181812
vt 0.807721 0.181812
vt 0.764676 0.921815
vt 0.769856 0.939365
vt 0.764676 0.956914
vt 0.724838 0.956915
vt 0.724838 0.921814
vt 0.430876 0.496561
vt 0.422789 0.482412
vt 0.431180 0.480708
vt 0.442006 0.372863
vt 0.408628 0.372863
vt 0.408629 0.357815
vt 0.442008 0.357815
vt 0.371945 0.469813
vt 0.371945 0.497525
vt 0.118495 0.497523
vt 0.107734 0.469812
vt 0.015634 0.308458
vt 0.007814 0.308429
vt 0.007814 0.297837
vt 0.015634 0.297877
vt 0.194102 0.267571
vt 0.194101 0.259817
vt 0.205224 0.259814
vt 0.205225 0.267569
vt 0.468764 0.484248
vt 0.461369 0.470644
vt 0.991941 0.214433
vt 0.991941 0.249531
vt 0.989323 0.247957
vt 0.989323 0.216007
vt 0.468046 0.213812
vt 0.468046 0.227671
vt 0.406212 0.227671
vt 0.406212 0.213812
vt 0.383596 0.604732
vt 0.521665 0.516389
vt 0.525003 0.536511
vt 0.393700 0.620524
vt 0.716005 0.307936
vt 0.833204 0.327935
vt 0.831558 0.337578
vt 0.714360 0.317578
vt 0.083495 0.335813
vt 0.083495 0.344252
vt 0.076036 0.344252
vt 0.076036 0.335813
vt 0.022871 0.290035
vt 0.007816 0.289988
vt 0.007816 0.211827
vt 0.022871 0.211874
vt 0.222771 0.893812
vt 0.262857 0.893812
vt 0.262857 0.895667
vt 0.248952 0.897860
vt 0.282792 0.631816
vt 0.401685 0.631816
vt 0.401685 0.642612
vt 0.277517 0.642612
vt 0.163767 0.115650
vt 0.156013 0.115650
vt 0.156027 0.113810
vt 0.163781 0.113809
vt 0.007817 0.929817
vt 0.128583 0.929817
vt 0.128583 0.945140
vt 0.030839 0.960312
vt 0.215077 0.441815
vt 0.215361 0.444294
vt 0.192818 0.444293
vt 0.193087 0.441815
vt 0.929776 0.913541
vt 0.765713 0.913541
vt 0.765713 0.883813
vt 0.929776 0.883813
vt 0.240103 0.047020
vt 0.250798 0.043965
vt 0.253275 0.044663
vt 0.240474 0.048320
vt 0.859725 0.189221
vt 0.989410 0.275713
vt 0.924508 0.373100
vt 0.397468 0.123591
vt 0.390009 0.123591
vt 0.390009 0.113809
vt 0.397468 0.113809
vt 0.115667 0.044577
vt 0.115667 0.024141
vt 0.123541 0.023925
vt 0.123541 0.044759
vt 0.678123 0.179809
vt 0.678123 0.183986
vt 0.665130 0.194254
vt 0.664263 0.179809
vt 0.057127 0.402289
vt 0.024180 0.402289
vt 0.024465 0.399811
vt 0.056842 0.399811
vt 0.007817 0.647307
vt 0.007817 0.483245
vt 0.036668 0.537288
vt 0.036668 0.593264
vt 0.703260 0.529814
vt 0.790100 0.529814
vt 0.790100 0.538253
vt 0.703260 0.538253
vt 0.667058 0.965876
vt 0.490181 0.965876
vt 0.493086 0.951810
vt 0.650029 0.951812
vt 0.398522 0.462173
vt 0.007814 0.461989
vt 0.015886 0.452837
vt 0.387300 0.452978
vt 0.446465 0.015790
vt 0.432403 0.015712
vt 0.432297 0.007835
vt 0.446465 0.007912
vt 0.131358 0.031654
vt 0.131357 0.023833
vt 0.133201 0.023843
vt 0.133201 0.031664
vt 0.660714 0.111883
vt 0.667279 0.112014
vt 0.667285 0.127069
vt 0.660720 0.126938
vt 0.664263 0.241644
vt 0.696198 0.032421
vt 0.694284 0.052097
vt 0.681036 0.050809
vt 0.682948 0.031133
vt 0.973838 0.610864
vt 0.942534 0.610864
vt 0.942074 0.595816
vt 0.973840 0.595816
vt 0.070645 0.023816
vt 0.078400 0.023815
vt 0.078400 0.026389
vt 0.070645 0.026390
vt 0.186199 0.120837
vt 0.169504 0.121598
vt 0.177827 0.119863
vt 0.460655 0.415809
vt 0.461955 0.416179
vt 0.458312 0.428984
vt 0.457611 0.426508
vt 0.007810 0.329213
vt 0.016212 0.350464
vt 0.017565 0.363708
vt 0.007810 0.364706
vt 0.741075 0.054781
vt 0.756123 0.068109
vt 0.727818 0.068109
vt 0.203600 0.850588
vt 0.183973 0.850706
vt 0.183814 0.837930
vt 0.203584 0.837831
vt 0.744117 0.088938
vt 0.736296 0.088936
vt 0.736299 0.077813
vt 0.744119 0.077815
vt 0.567100 0.281014
vt 0.577299 0.278034
vt 0.579002 0.278728
vt 0.566729 0.282314
vt 0.468489 0.007812
vt 0.471063 0.007812
vt 0.471063 0.015631
vt 0.468489 0.015631
vt 0.793415 0.015656
vt 0.791572 0.015665
vt 0.791572 0.007845
vt 0.793416 0.007836
vt 0.605085 0.468178
vt 0.606385 0.467808
vt 0.609429 0.478508
vt 0.608728 0.480985
vt 0.007831 0.421935
vt 0.775885 0.028520
vt 0.775885 0.008085
vt 0.783759 0.007902
vt 0.783759 0.028736
vt 0.396392 0.922861
vt 0.393959 0.905956
vt 0.549363 0.927882
vt 0.519340 0.940220
vt 0.538139 0.071815
vt 0.538139 0.079274
vt 0.529699 0.079274
vt 0.529699 0.071815
vt 0.656451 0.213810
vt 0.656451 0.269787
vt 0.479575 0.269786
vt 0.479575 0.213810
vt 0.288448 0.579336
vt 0.278666 0.579338
vt 0.278665 0.573816
vt 0.288447 0.573814
vt 0.333072 0.181091
vt 0.318024 0.181091
vt 0.318024 0.153815
vt 0.333072 0.153816
vt 0.140350 0.505815
vt 0.168230 0.505815
vt 0.168230 0.517976
vt 0.149932 0.517977
vt 0.401826 0.651819
vt 0.401826 0.729980
vt 0.386771 0.730026
vt 0.386771 0.651866
vt 0.505234 0.341809
vt 0.515016 0.341809
vt 0.515016 0.347331
vt 0.505234 0.347331
vt 0.015923 0.391025
vt 0.977508 0.352146
vt 0.976570 0.309048
vt 0.991472 0.300418
vt 0.991472 0.355505
vt 0.678123 0.241644
vt 0.386071 0.018611
vt 0.363428 0.007815
vt 0.418532 0.007815
vt 0.418532 0.018611
vt 0.398439 0.382058
vt 0.398481 0.395405
vt 0.387218 0.395411
vt 0.387223 0.391230
vt 0.551751 0.322471
vt 0.551751 0.311846
vt 0.559505 0.311903
vt 0.559505 0.322519
vt 0.711553 0.921814
vt 0.711553 0.956915
vt 0.701635 0.956915
vt 0.701635 0.921814
vt 0.690285 0.193177
vt 0.687667 0.194751
vt 0.080395 0.306185
vt 0.079095 0.305815
vt 0.076116 0.295651
vt 0.076807 0.293943
vt 0.847373 0.057898
vt 0.847372 0.072953
vt 0.840808 0.073087
vt 0.840808 0.058033
vt 0.596418 0.461980
vt 0.432551 0.462169
vt 0.432506 0.448823
vt 0.464317 0.448787
vt 0.386771 0.883809
vt 0.757908 0.883809
vt 0.757908 0.897670
vt 0.386771 0.897669
vt 0.671763 0.956914
vt 0.671763 0.921815
vt 0.688333 0.921815
vt 0.688333 0.956914
vt 0.277887 0.291267
vt 0.267697 0.294239
vt 0.265993 0.293546
vt 0.278259 0.289967
vt 0.269403 0.154391
vt 0.269403 0.151817
vt 0.277157 0.151817
vt 0.277157 0.154391
vt 0.163195 0.744615
vt 0.157920 0.739341
vt 0.157920 0.733819
vt 0.395025 0.932547
vt 0.365209 0.939809
vt 0.372140 0.327052
vt 0.375122 0.319157
vt 0.383427 0.501813
vt 0.394043 0.501813
vt 0.394100 0.509568
vt 0.383475 0.509568
vt 0.700229 0.218861
vt 0.672954 0.218861
vt 0.672953 0.203813
vt 0.700229 0.203813
vt 0.180826 0.922424
vt 0.248950 0.918295
vt 0.262857 0.920380
vt 0.262857 0.922424
vt 0.626421 0.285563
vt 0.615298 0.285566
vt 0.615296 0.277812
vt 0.626419 0.277808
vt 0.104879 0.609813
vt 0.119928 0.609810
vt 0.119929 0.641575
vt 0.104881 0.641116
vt 0.087009 0.402290
vt 0.065018 0.402291
vt 0.064750 0.399812
vt 0.087293 0.399812
vt 0.529679 0.062815
vt 0.516353 0.047767
vt 0.529679 0.034509
vt 0.136599 0.367528
vt 0.147362 0.339816
vt 0.400812 0.339816
vt 0.400812 0.367528
vt 0.778027 0.307634
vt 0.777989 0.299813
vt 0.788581 0.299815
vt 0.788608 0.307636
vt 0.524882 0.015636
vt 0.524882 0.007816
vt 0.527456 0.007816
vt 0.527456 0.015636
vt 0.094007 0.025648
vt 0.086253 0.025649
vt 0.086238 0.023809
vt 0.093993 0.023810
vt 0.595202 0.115015
vt 0.605898 0.111965
vt 0.608376 0.112664
vt 0.595573 0.116315
vt 0.415733 0.473011
vt 0.426432 0.469965
vt 0.428909 0.470665
vt 0.416103 0.474311
vt 0.664262 0.249819
vt 0.672082 0.249816
vt 0.672086 0.260939
vt 0.664266 0.260942
vt 0.378960 0.725649
vt 0.007815 0.725648
vt 0.007815 0.663814
vt 0.378960 0.663815
vt 0.183178 0.587924
vt 0.197258 0.585854
vt 0.211338 0.587924
vt 0.089842 0.921523
vt 0.007810 0.921523
vt 0.007810 0.893812
vt 0.089842 0.893812
vt 0.700323 0.239812
vt 0.700323 0.247271
vt 0.690541 0.247271
vt 0.690541 0.239812
vt 0.478135 0.367817
vt 0.478290 0.375691
vt 0.171874 0.921523
vt 0.171874 0.893812
vt 0.302944 0.893812
vt 0.276762 0.897860
vt 0.276764 0.918295
vt 0.344888 0.922424
vt 0.194465 0.893812
vt 0.331249 0.893812
vt 0.460527 0.015712
vt 0.460632 0.007835
vt 0.405567 0.470035
vt 0.403858 0.470727
vt 0.457680 0.405655
vt 0.458371 0.403944
vt 0.288583 0.294322
vt 0.291060 0.293625
vt 0.229903 0.044044
vt 0.228201 0.044739
vt 0.608670 0.455942
vt 0.609360 0.457652
vt 0.076754 0.318991
vt 0.076053 0.316514
vt 0.556403 0.277963
vt 0.553926 0.278661
vt 0.585013 0.112036
vt 0.583308 0.112730
vt 0.191455 0.553331
vt 0.188116 0.573453
vt 0.050047 0.485112
vt 0.060151 0.469319
vt 0.007810 0.800351
vt 0.007810 0.769856
vt 0.023689 0.770047
vt 0.954190 0.381312
vt 0.953913 0.345818
vt 0.969236 0.345817
vt 0.969239 0.381310
vt 0.294222 0.129573
vt 0.310206 0.123555
vt 0.310206 0.166664
vt 0.287302 0.164343
vt 0.283098 0.856224
vt 0.255092 0.839813
vt 0.412036 0.839813
vt 0.407264 0.856212
vt 0.050751 0.603174
vt 0.050751 0.633669
vt 0.050751 0.527379
vt 0.050751 0.496884
vt 0.405895 0.112034
vt 0.421609 0.111863
vt 0.420947 0.147527
vt 0.405899 0.147527
vt 0.271620 0.969880
vt 0.094744 0.969879
vt 0.111773 0.955816
vt 0.268716 0.955814
vt 0.007850 0.381848
vt 0.741075 0.052390
vt 0.756123 0.051931
vt 0.513502 0.062815
vt 0.513961 0.047767
vt 0.824006 0.849810
vt 0.814105 0.862596
vt 0.814200 0.849810
vt 0.778902 0.862560
vt 0.778854 0.849810
vt 0.806351 0.862588
vt 0.786722 0.862568
vt 0.786674 0.849810
vt 0.806446 0.849810
vt 0.693496 0.059810
vt 0.714744 0.068210
vt 0.679257 0.068210
vt 0.680253 0.058456
vt 0.767978 0.012685
vt 0.764794 0.043821
vt 0.737523 0.043821
vt 0.683848 0.023299
vt 0.685432 0.007810
vt 0.697090 0.024653
vt 0.763579 0.007811
vt 0.007817 0.960312
vt 0.128574 0.800351
vt 0.127172 0.784699
vt 0.944770 0.849811
vt 0.981848 0.875398
vt 0.032205 0.306429
vt 0.023926 0.349675
vt 0.043595 0.347664
vt 0.044949 0.360909
vt 0.025280 0.362920
vt 0.176220 0.850714
vt 0.166320 0.837929
vt 0.176124 0.837930
vt 0.227037 0.837930
vt 0.211419 0.850677
vt 0.211467 0.837930
vt 0.243212 0.837930
vt 0.261917 0.863514
vt 0.008496 0.863512
vt 0.045569 0.837929
vt 0.052728 0.360114
vt 0.051375 0.346870
vt 0.068220 0.358531
vt 0.063347 0.275970
vt 0.068221 0.280370
vt 0.032205 0.279153
vt 0.282087 0.744611
vt 0.282086 0.733814
vt 0.277517 0.637091
vt 0.839032 0.173788
vt 0.783945 0.173788
vt 0.783945 0.117812
vt 0.839032 0.117812
vt 0.559459 0.304567
vt 0.521571 0.292256
vt 0.528965 0.278653
vt 0.559155 0.288715
vt 0.417660 0.497910
vt 0.414370 0.482562
vt 0.407802 0.496819
vt 0.406187 0.480575
vt 0.398372 0.477076
vt 0.395169 0.492654
vt 0.380853 0.484311
vt 0.388741 0.471267
vt 0.199147 0.557138
vt 0.195799 0.577254
vt 0.207299 0.559547
vt 0.203876 0.579649
vt 0.212326 0.580024
vt 0.215720 0.559916
vt 0.423979 0.462176
vt 0.423947 0.448831
vt 0.415554 0.462181
vt 0.415531 0.448838
vt 0.398571 0.448848
vt 0.407119 0.448843
vt 0.407094 0.462182
vt 0.537459 0.510188
vt 0.540848 0.530296
vt 0.532695 0.532705
vt 0.529347 0.512588
vt 0.545875 0.509819
vt 0.549268 0.529927
vt 0.554377 0.510907
vt 0.557781 0.531018
vt 0.415461 0.395386
vt 0.415429 0.382043
vt 0.423885 0.382032
vt 0.423879 0.395376
vt 0.432454 0.382021
vt 0.432438 0.395365
vt 0.407043 0.395395
vt 0.407007 0.382052
vt 0.601593 0.279271
vt 0.609482 0.292315
vt 0.595165 0.300658
vt 0.591962 0.285080
vt 0.582533 0.304824
vt 0.584148 0.288580
vt 0.572675 0.305916
vt 0.575965 0.290567
vt 0.567546 0.290418
vt 0.843625 0.183860
vt 0.851947 0.185595
vt 0.835252 0.184833
vt 0.827176 0.187736
vt 0.096939 0.309102
vt 0.194275 0.123740
vt 0.268891 0.202563
vt 0.161725 0.125224
vt 0.032039 0.211713
vt 0.752559 0.266558
vt 0.530674 0.308927
vt 0.461972 0.271659
vt 0.531595 0.306720
vt 0.455781 0.273846
vt 0.387362 0.448798
vt 0.443553 0.303163
vt 0.565668 0.337836
vt 0.577895 0.367154
vt 0.933890 0.602592
vt 0.930804 0.621135
vt 0.378960 0.885681
vt 0.007815 0.885684
vt 0.007815 0.871825
vt 0.378960 0.871821
vt 0.183178 0.608758
vt 0.211338 0.608758
vt 0.197258 0.610331
vt 0.596321 0.381814
vt 0.464251 0.395325
vt 0.472176 0.422047
vt 0.358153 0.013089
vt 0.366334 0.028521
vt 0.358153 0.099929
vt 0.366334 0.084497
vt 0.363428 0.105203
vt 0.386071 0.094407
vt 0.418532 0.105203
vt 0.418532 0.094407
vt 0.489851 0.370710
vt 0.559476 0.335650
vt 0.490771 0.372917
vt 0.659828 0.329154
vt 0.662809 0.337049
vt 0.286395 0.135440
vt 0.356190 0.926737
vt 0.408985 0.780394
vt 0.408624 0.802188
vt 0.402507 0.801995
vt 0.402845 0.780201
vt 0.396639 0.801766
vt 0.396968 0.779972
vt 0.181818 0.829602
vt 0.181527 0.807808
vt 0.187798 0.807831
vt 0.188045 0.829625
vt 0.194096 0.807887
vt 0.194300 0.829680
vt 0.426490 0.810072
vt 0.426825 0.831866
vt 0.415373 0.780520
vt 0.414983 0.802313
vt 0.489298 0.781563
vt 0.488991 0.803350
vt 0.855367 0.007813
vt 0.919176 0.007813
vt 0.855368 0.160221
vt 0.446228 0.331833
vt 0.410934 0.331032
vt 0.407702 0.328758
vt 0.441280 0.327790
vt 0.862743 0.520487
vt 0.874807 0.508552
vt 0.873228 0.514546
vt 0.868801 0.518925
vt 0.630207 0.520486
vt 0.874822 0.434151
vt 0.618963 0.508166
vt 0.618968 0.434150
vt 0.624560 0.518874
vt 0.620434 0.514353
vt 0.100976 0.808690
vt 0.175152 0.807846
vt 0.175619 0.829638
vt 0.101223 0.830478
vt 0.422626 0.568269
vt 0.206255 0.653098
vt 0.200104 0.623319
vt 0.233625 0.610177
vt 0.263801 0.598346
vt 0.405693 0.542716
vt 0.369241 0.301696
vt 0.380877 0.285158
vt 0.193925 0.652947
vt 0.191509 0.624417
vt 0.200061 0.654241
vt 0.601886 0.822792
vt 0.611371 0.811811
vt 0.665695 0.811811
vt 0.449667 0.336923
vt 0.419586 0.340036
vt 0.450783 0.342697
vt 0.420678 0.348467
vt 0.545425 0.812537
vt 0.555998 0.866295
vt 0.492188 0.866295
vt 0.492188 0.811817
vt 0.730842 0.329841
vt 0.735982 0.329848
vt 0.735982 0.339916
vt 0.730842 0.339916
vt 0.129196 0.605042
vt 0.141558 0.588552
vt 0.185025 0.621134
vt 0.188471 0.649645
vt 0.738642 0.329850
vt 0.743781 0.329850
vt 0.743781 0.339916
vt 0.738642 0.339916
vt 0.725493 0.339916
vt 0.725493 0.329836
vt 0.728154 0.329839
vt 0.728154 0.339916
vt 0.624118 0.111815
vt 0.624118 0.121914
vt 0.621458 0.121916
vt 0.621458 0.111815
vt 0.709865 0.339916
vt 0.709865 0.329818
vt 0.715004 0.329825
vt 0.715004 0.339916
vt 0.629257 0.111815
vt 0.629257 0.121907
vt 0.642407 0.111815
vt 0.642407 0.121893
vt 0.639747 0.121896
vt 0.639747 0.111815
vt 0.648380 0.928099
vt 0.648371 0.924296
vt 0.650256 0.926173
vt 0.634607 0.121902
vt 0.634607 0.111815
vt 0.655415 0.935102
vt 0.657292 0.933218
vt 0.663947 0.938239
vt 0.663945 0.905827
vt 0.657240 0.910196
vt 0.655355 0.908319
vt 0.717664 0.339916
vt 0.717664 0.329827
vt 0.720353 0.329830
vt 0.720353 0.339916
vt 0.631917 0.111815
vt 0.631917 0.121905
vt 0.616319 0.121916
vt 0.616319 0.111815
vt 0.652895 0.111815
vt 0.652895 0.121881
vt 0.650235 0.121884
vt 0.650235 0.111815
vt 0.707205 0.339916
vt 0.707205 0.329815
vt 0.919177 0.174174
vt 0.872150 0.174175
vt 0.657281 0.928079
vt 0.655395 0.926161
vt 0.657272 0.924276
vt 0.645096 0.111815
vt 0.645096 0.121891
vt 0.605679 0.508716
vt 0.605679 0.499815
vt 0.607560 0.501696
vt 0.607560 0.506835
vt 0.610707 0.938463
vt 0.650276 0.935115
vt 0.411564 0.725700
vt 0.410842 0.672464
vt 0.465477 0.672464
vt 0.465478 0.736274
vt 0.601886 0.858798
vt 0.665695 0.858568
vt 0.604653 0.814582
vt 0.711267 0.077820
vt 0.711267 0.132607
vt 0.678856 0.132759
vt 0.678856 0.077818
vt 0.648391 0.933238
vt 0.648360 0.919157
vt 0.648351 0.915354
vt 0.650236 0.917231
vt 0.610707 0.906052
vt 0.650217 0.908330
vt 0.657252 0.915334
vt 0.657261 0.919137
vt 0.655375 0.917219
vt 0.648340 0.910215
vt 0.868198 0.174174
vt 0.857047 0.168555
vt 0.582655 0.499815
vt 0.582655 0.508716
vt 0.580774 0.506835
vt 0.580774 0.501696
vt 0.600540 0.508716
vt 0.600540 0.499815
vt 0.598618 0.506835
vt 0.598618 0.501696
vt 0.596737 0.508716
vt 0.596737 0.499815
vt 0.591597 0.508716
vt 0.591597 0.499815
vt 0.589675 0.506835
vt 0.587794 0.508716
vt 0.587794 0.499815
vt 0.589675 0.501696
vt 0.569612 0.782658
vt 0.575755 0.782639
vt 0.575478 0.804433
vt 0.569357 0.804455
vt 0.581351 0.804371
vt 0.581636 0.782576
vt 0.020630 0.831434
vt 0.014405 0.831599
vt 0.014156 0.809805
vt 0.020425 0.809640
vt 0.007861 0.810004
vt 0.008153 0.831796
vt 0.814024 0.779859
vt 0.813870 0.801652
vt 0.563223 0.782605
vt 0.562998 0.804400
vt 0.982985 0.007812
vt 0.982986 0.160220
vt 0.314874 0.239410
vt 0.320351 0.242702
vt 0.330781 0.274635
vt 0.327548 0.272361
vt 0.862743 0.347814
vt 0.868801 0.349376
vt 0.873228 0.353756
vt 0.874807 0.359750
vt 0.630207 0.347815
vt 0.618963 0.360135
vt 0.620434 0.353948
vt 0.624560 0.349427
vt 0.026827 0.831329
vt 0.026799 0.809533
vt 0.086160 0.322127
vt 0.303110 0.238792
vt 0.307847 0.269077
vt 0.165575 0.323727
vt 0.135319 0.335349
vt 0.101707 0.348260
vt 0.065058 0.556350
vt 0.062094 0.550824
vt 0.093121 0.550666
vt 0.729504 0.822792
vt 0.720019 0.811811
vt 0.316151 0.267257
vt 0.308922 0.237893
vt 0.438951 0.812537
vt 0.428378 0.866295
vt 0.534602 0.361838
vt 0.534601 0.371914
vt 0.529462 0.371913
vt 0.529463 0.361845
vt 0.069757 0.560659
vt 0.098090 0.555969
vt 0.288774 0.223851
vt 0.288774 0.233917
vt 0.283635 0.233917
vt 0.283635 0.223851
vt 0.539950 0.371914
vt 0.537290 0.371914
vt 0.537291 0.361836
vt 0.539951 0.361834
vt 0.254858 0.233917
vt 0.252198 0.233917
vt 0.252198 0.223816
vt 0.254858 0.223818
vt 0.555578 0.371915
vt 0.550439 0.371915
vt 0.550440 0.361824
vt 0.555579 0.361817
vt 0.259997 0.233917
vt 0.259997 0.223825
vt 0.273146 0.233917
vt 0.270485 0.233917
vt 0.270485 0.223836
vt 0.273146 0.223839
vt 0.573035 0.928099
vt 0.571158 0.926173
vt 0.573044 0.924296
vt 0.265346 0.233917
vt 0.265346 0.223830
vt 0.526801 0.371913
vt 0.526803 0.361847
vt 0.565999 0.935103
vt 0.557467 0.938239
vt 0.564123 0.933218
vt 0.557469 0.905827
vt 0.566059 0.908319
vt 0.564174 0.910196
vt 0.547779 0.371915
vt 0.545090 0.371914
vt 0.545090 0.361828
vt 0.547780 0.361826
vt 0.262657 0.233917
vt 0.262657 0.223827
vt 0.563378 0.371916
vt 0.558239 0.371916
vt 0.558239 0.361815
vt 0.563379 0.361815
vt 0.280974 0.233917
vt 0.280974 0.223849
vt 0.966204 0.174174
vt 0.564134 0.928079
vt 0.564142 0.924276
vt 0.566019 0.926161
vt 0.275835 0.233917
vt 0.275835 0.223842
vt 0.018877 0.478720
vt 0.016996 0.476839
vt 0.016997 0.471700
vt 0.018878 0.469818
vt 0.571138 0.935115
vt 0.411564 0.619229
vt 0.465478 0.608655
vt 0.729504 0.858798
vt 0.726737 0.814582
vt 0.388100 0.027810
vt 0.420512 0.027808
vt 0.420512 0.082748
vt 0.388101 0.082597
vt 0.573023 0.933238
vt 0.573055 0.919157
vt 0.571178 0.917231
vt 0.573063 0.915354
vt 0.571197 0.908330
vt 0.564163 0.915334
vt 0.566039 0.917220
vt 0.564154 0.919137
vt 0.573074 0.910215
vt 0.981307 0.168554
vt 0.970157 0.174174
vt 0.061454 0.544558
vt 0.091763 0.542109
vt 0.041901 0.469822
vt 0.043782 0.471703
vt 0.043781 0.476842
vt 0.041900 0.478723
vt 0.024017 0.469819
vt 0.024016 0.478720
vt 0.025939 0.471700
vt 0.025938 0.476840
vt 0.027820 0.469820
vt 0.027819 0.478721
vt 0.032960 0.469820
vt 0.032959 0.478721
vt 0.034881 0.476841
vt 0.034881 0.471702
vt 0.036762 0.469821
vt 0.036761 0.478722
vt 0.270763 0.530110
vt 0.270705 0.528082
vt 0.295842 0.528680
vt 0.295607 0.530725
vt 0.270715 0.526720
vt 0.296038 0.527350
vt 0.270658 0.524945
vt 0.296059 0.525634
vt 0.270593 0.522924
vt 0.296265 0.523645
vt 0.270608 0.521600
vt 0.296443 0.522382
vt 0.270536 0.519776
vt 0.296454 0.520551
vt 0.270456 0.517780
vt 0.296620 0.518611
vt 0.270460 0.516500
vt 0.296769 0.517423
vt 0.270391 0.514620
vt 0.296783 0.515447
vt 0.270292 0.512642
vt 0.296916 0.513511
vt 0.270272 0.511399
vt 0.297031 0.512388
vt 0.270229 0.509469
vt 0.297076 0.510282
vt 0.270115 0.507503
vt 0.297193 0.508328
vt 0.269904 0.505913
vt 0.297322 0.506796
vt 0.245624 0.531390
vt 0.245499 0.529435
vt 0.245439 0.528195
vt 0.245417 0.526324
vt 0.245298 0.524346
vt 0.245258 0.523062
vt 0.245223 0.521248
vt 0.245110 0.519238
vt 0.245078 0.517903
vt 0.245051 0.516141
vt 0.244937 0.514093
vt 0.244892 0.512712
vt 0.244894 0.510938
vt 0.244771 0.508860
vt 0.244500 0.506981
vt 0.270721 0.531683
vt 0.295550 0.532236
vt 0.224438 0.530701
vt 0.224387 0.528789
vt 0.224287 0.527618
vt 0.224523 0.525593
vt 0.224472 0.523689
vt 0.224374 0.522448
vt 0.224604 0.520554
vt 0.224547 0.518617
vt 0.224447 0.517272
vt 0.224669 0.515506
vt 0.224605 0.513491
vt 0.224510 0.512043
vt 0.224726 0.510370
vt 0.224663 0.508274
vt 0.224319 0.506147
vt 0.245541 0.533164
vt 0.202598 0.532002
vt 0.202438 0.529883
vt 0.202388 0.528683
vt 0.202520 0.526548
vt 0.202357 0.524433
vt 0.202292 0.523203
vt 0.202440 0.521145
vt 0.202282 0.519007
vt 0.202216 0.517729
vt 0.202362 0.515734
vt 0.202213 0.513551
vt 0.202157 0.512216
vt 0.202282 0.510257
vt 0.202142 0.507995
vt 0.201400 0.505825
vt 0.202192 0.534101
vt 0.192215 0.534951
vt 0.192643 0.533098
vt 0.192601 0.531239
vt 0.192687 0.530014
vt 0.192838 0.527914
vt 0.192759 0.526056
vt 0.192806 0.524811
vt 0.192938 0.522741
vt 0.192837 0.520882
vt 0.192860 0.519609
vt 0.192968 0.517584
vt 0.192846 0.515722
vt 0.192854 0.514421
vt 0.192915 0.512448
vt 0.192773 0.510590
vt 0.192077 0.508713
vt 0.178976 0.533114
vt 0.179026 0.531071
vt 0.179069 0.529819
vt 0.179172 0.528138
vt 0.179171 0.526131
vt 0.179169 0.524902
vt 0.179252 0.523144
vt 0.179225 0.521108
vt 0.179198 0.519882
vt 0.179273 0.518135
vt 0.179225 0.516102
vt 0.179184 0.514879
vt 0.179236 0.513142
vt 0.179176 0.511105
vt 0.178960 0.509326
vt 0.224153 0.532624
vt 0.178823 0.534827
vt 0.869197 0.926681
vt 0.894042 0.926076
vt 0.894276 0.928120
vt 0.869139 0.928710
vt 0.894471 0.929451
vt 0.869148 0.930070
vt 0.894492 0.931168
vt 0.869090 0.931847
vt 0.894697 0.933155
vt 0.869025 0.933867
vt 0.894874 0.934418
vt 0.869039 0.935192
vt 0.894884 0.936250
vt 0.868966 0.937015
vt 0.895050 0.938190
vt 0.868885 0.939011
vt 0.895198 0.939378
vt 0.868889 0.940292
vt 0.895212 0.941355
vt 0.868820 0.942171
vt 0.895344 0.943290
vt 0.868719 0.944148
vt 0.895459 0.944414
vt 0.868698 0.945392
vt 0.895502 0.946519
vt 0.868656 0.947322
vt 0.895620 0.948474
vt 0.868540 0.949288
vt 0.895747 0.950005
vt 0.868329 0.950878
vt 0.844060 0.925392
vt 0.843933 0.927347
vt 0.843873 0.928587
vt 0.843850 0.930456
vt 0.843730 0.932435
vt 0.843690 0.933719
vt 0.843655 0.935533
vt 0.843540 0.937544
vt 0.843507 0.938878
vt 0.843480 0.940640
vt 0.843365 0.942689
vt 0.843320 0.944069
vt 0.843321 0.945843
vt 0.843198 0.947922
vt 0.842926 0.949800
vt 0.869156 0.925109
vt 0.893985 0.924565
vt 0.822873 0.926073
vt 0.822821 0.927985
vt 0.822720 0.929154
vt 0.822956 0.931180
vt 0.822905 0.933084
vt 0.822806 0.934324
vt 0.823035 0.936219
vt 0.822977 0.938156
vt 0.822877 0.939500
vt 0.823097 0.941267
vt 0.823033 0.943282
vt 0.822938 0.944730
vt 0.823154 0.946403
vt 0.823089 0.948499
vt 0.822744 0.950626
vt 0.843977 0.923617
vt 0.800873 0.926881
vt 0.801033 0.924763
vt 0.800823 0.928081
vt 0.800954 0.930216
vt 0.800789 0.932331
vt 0.800724 0.933562
vt 0.800872 0.935619
vt 0.800713 0.937758
vt 0.800646 0.939035
vt 0.800791 0.941030
vt 0.800641 0.943213
vt 0.800585 0.944549
vt 0.800709 0.946506
vt 0.800569 0.948769
vt 0.799826 0.950939
vt 0.791079 0.923662
vt 0.790652 0.921810
vt 0.800629 0.922663
vt 0.791036 0.925522
vt 0.791122 0.926747
vt 0.791272 0.928847
vt 0.791192 0.930705
vt 0.791239 0.931950
vt 0.791370 0.934020
vt 0.791268 0.935879
vt 0.791291 0.937153
vt 0.791398 0.939176
vt 0.791276 0.941038
vt 0.791283 0.942340
vt 0.791343 0.944313
vt 0.791200 0.946170
vt 0.790503 0.948047
vt 0.777411 0.923641
vt 0.777461 0.925685
vt 0.777504 0.926936
vt 0.777606 0.928617
vt 0.777604 0.930624
vt 0.777602 0.931853
vt 0.777685 0.933611
vt 0.777657 0.935647
vt 0.777629 0.936874
vt 0.777703 0.938621
vt 0.777655 0.940654
vt 0.777613 0.941876
vt 0.777665 0.943613
vt 0.777604 0.945650
vt 0.777387 0.947429
vt 0.822588 0.924149
vt 0.777259 0.921929
vt 0.217589 0.013017
vt 0.199817 0.013017
vt 0.199817 0.007812
vt 0.217589 0.007812
vt 0.877023 0.617815
vt 0.877023 0.623021
vt 0.855144 0.623021
vt 0.855144 0.617815
vt 0.263616 0.331019
vt 0.263616 0.325814
vt 0.343515 0.325814
vt 0.343515 0.331019
vt 0.907976 0.713810
vt 0.913182 0.713810
vt 0.913182 0.794146
vt 0.907976 0.794146
vt 0.989857 0.921816
vt 0.989857 0.927022
vt 0.902292 0.927018
vt 0.902292 0.921813
vt 0.985656 0.521055
vt 0.985661 0.489816
vt 0.990865 0.489816
vt 0.990862 0.521056
vt 0.882624 0.375990
vt 0.900378 0.376782
vt 0.897398 0.423387
vt 0.882646 0.407228
vt 0.978076 0.395412
vt 0.977792 0.510947
vt 0.897460 0.510952
vt 0.985894 0.365808
vt 0.991099 0.365808
vt 0.991098 0.481341
vt 0.985892 0.481341
vt 0.928699 0.225014
vt 0.928699 0.219809
vt 0.946471 0.219809
vt 0.946471 0.225014
vt 0.076842 0.527814
vt 0.098721 0.527814
vt 0.098721 0.533019
vt 0.076842 0.533019
vt 0.939219 0.715811
vt 0.939219 0.795709
vt 0.934013 0.795709
vt 0.934013 0.715811
vt 0.920997 0.794149
vt 0.920997 0.713814
vt 0.926202 0.713814
vt 0.926202 0.794149
vt 0.990812 0.941019
vt 0.903245 0.941019
vt 0.903245 0.935813
vt 0.990812 0.935813
vt 0.706909 0.911016
vt 0.706909 0.905811
vt 0.738147 0.905811
vt 0.738147 0.911016
vt 0.536074 0.007812
vt 0.567312 0.007832
vt 0.583472 0.022583
vt 0.536867 0.025566
vt 0.555503 0.103263
vt 0.671038 0.022639
vt 0.671038 0.102972
vt 0.232819 0.439809
vt 0.348353 0.439809
vt 0.348353 0.445014
vt 0.232819 0.445014
vt 0.843057 0.764878
vt 0.806622 0.765682
vt 0.806673 0.760136
vt 0.843153 0.759328
vt 0.844072 0.748239
vt 0.807576 0.749095
vt 0.807804 0.743566
vt 0.844263 0.742693
vt 0.807858 0.739891
vt 0.844275 0.739820
vt 0.807079 0.754608
vt 0.773514 0.755587
vt 0.774035 0.750080
vt 0.011740 0.743291
vt 0.047675 0.747973
vt 0.046370 0.753292
vt 0.010402 0.748645
vt 0.012883 0.737909
vt 0.048735 0.742589
vt 0.023828 0.434642
vt 0.061360 0.434027
vt 0.061264 0.437807
vt 0.023764 0.438429
vt 0.773053 0.766647
vt 0.773089 0.761104
vt 0.774264 0.744554
vt 0.774309 0.740885
vt 0.742538 0.756689
vt 0.743085 0.751197
vt 0.080702 0.752017
vt 0.079380 0.757323
vt 0.081751 0.746652
vt 0.741984 0.768674
vt 0.742087 0.762191
vt 0.743304 0.745685
vt 0.706948 0.758297
vt 0.707539 0.752816
vt 0.096194 0.427787
vt 0.128083 0.427165
vt 0.127764 0.432840
vt 0.095871 0.433453
vt 0.127740 0.435788
vt 0.095779 0.437226
vt 0.111227 0.755461
vt 0.109901 0.760766
vt 0.112265 0.750094
vt 0.706398 0.769317
vt 0.706458 0.763793
vt 0.707763 0.747316
vt 0.668034 0.760379
vt 0.668674 0.754935
vt 0.164371 0.431705
vt 0.164307 0.435462
vt 0.146325 0.758892
vt 0.144991 0.764175
vt 0.147347 0.753541
vt 0.183427 0.767321
vt 0.182232 0.772641
vt 0.143806 0.769484
vt 0.667465 0.772331
vt 0.667522 0.765843
vt 0.668913 0.749453
vt 0.632147 0.762921
vt 0.632741 0.757465
vt 0.204284 0.430258
vt 0.204309 0.433189
vt 0.184767 0.762058
vt 0.185745 0.756731
vt 0.633047 0.751949
vt 0.204652 0.424626
vt 0.241058 0.422989
vt 0.240771 0.428558
vt 0.631746 0.768435
vt 0.631688 0.774999
vt 0.615010 0.764141
vt 0.615950 0.758707
vt 0.614228 0.769520
vt 0.221497 0.758738
vt 0.220748 0.764194
vt 0.613815 0.775940
vt 0.616412 0.753106
vt 0.591223 0.763962
vt 0.592551 0.758732
vt 0.616547 0.749406
vt 0.633130 0.748270
vt 0.590116 0.769252
vt 0.237404 0.764392
vt 0.236065 0.770093
vt 0.219314 0.769521
vt 0.238155 0.758616
vt 0.259312 0.769816
vt 0.258413 0.775423
vt 0.234916 0.775716
vt 0.589461 0.775578
vt 0.593395 0.753385
vt 0.566609 0.762815
vt 0.568051 0.757552
vt 0.284008 0.769727
vt 0.283127 0.775145
vt 0.565426 0.768144
vt 0.261369 0.758645
vt 0.260532 0.764254
vt 0.564720 0.774523
vt 0.569072 0.752200
vt 0.541755 0.761757
vt 0.543230 0.756321
vt 0.309171 0.769667
vt 0.308347 0.774978
vt 0.285978 0.758941
vt 0.285178 0.764367
vt 0.569340 0.749383
vt 0.593726 0.749775
vt 0.283685 0.427041
vt 0.309050 0.425864
vt 0.309052 0.428810
vt 0.283627 0.429922
vt 0.539978 0.773793
vt 0.540593 0.767269
vt 0.544272 0.750837
vt 0.517520 0.761397
vt 0.519001 0.755721
vt 0.311147 0.755457
vt 0.335283 0.754243
vt 0.335338 0.757927
vt 0.310900 0.759073
vt 0.516284 0.767034
vt 0.310245 0.764417
vt 0.544549 0.747973
vt 0.515781 0.772629
vt 0.519894 0.749982
vt 0.520114 0.747065
vt 0.507158 0.755564
vt 0.505639 0.761266
vt 0.347012 0.767701
vt 0.346609 0.773188
vt 0.333787 0.774203
vt 0.334413 0.768841
vt 0.335129 0.763449
vt 0.286323 0.755309
vt 0.504411 0.766906
vt 0.503784 0.773407
vt 0.508080 0.749819
vt 0.508449 0.746122
vt 0.495276 0.755325
vt 0.493669 0.761024
vt 0.347558 0.762142
vt 0.492355 0.766645
vt 0.491719 0.772217
vt 0.496302 0.749552
vt 0.496536 0.746628
vt 0.482675 0.754646
vt 0.481020 0.760342
vt 0.360059 0.760189
vt 0.359802 0.765913
vt 0.479674 0.765918
vt 0.478863 0.771479
vt 0.483937 0.748875
vt 0.484364 0.745950
vt 0.359233 0.750615
vt 0.371408 0.747620
vt 0.372183 0.751458
vt 0.359705 0.754411
vt 0.453899 0.751669
vt 0.451893 0.756918
vt 0.372939 0.757406
vt 0.372942 0.763277
vt 0.448953 0.767541
vt 0.450087 0.762158
vt 0.455329 0.746132
vt 0.436757 0.748273
vt 0.434438 0.753315
vt 0.419236 0.749792
vt 0.420516 0.755351
vt 0.403224 0.760952
vt 0.402229 0.755073
vt 0.401500 0.749073
vt 0.400547 0.743114
vt 0.455751 0.743239
vt 0.432373 0.758601
vt 0.431201 0.764000
vt 0.438412 0.743160
vt 0.438903 0.740403
vt 0.418450 0.744232
vt 0.009239 0.754026
vt 0.045162 0.758631
vt 0.044068 0.764971
vt 0.008382 0.759457
vt 0.078165 0.762652
vt 0.025031 0.417515
vt 0.062705 0.416997
vt 0.062226 0.422678
vt 0.024545 0.423230
vt 0.024039 0.428937
vt 0.061656 0.428341
vt 0.077117 0.768997
vt 0.108699 0.766106
vt 0.097333 0.416479
vt 0.096815 0.422138
vt 0.107875 0.771530
vt 0.082149 0.743843
vt 0.112642 0.747286
vt 0.129279 0.415870
vt 0.128733 0.421523
vt 0.142879 0.775826
vt 0.147697 0.750738
vt 0.165989 0.414780
vt 0.165399 0.420427
vt 0.181501 0.778058
vt 0.186046 0.753926
vt 0.217907 0.774863
vt 0.206078 0.413408
vt 0.205428 0.419026
vt 0.216851 0.781219
vt 0.221581 0.755874
vt 0.242782 0.411937
vt 0.241919 0.417479
vt 0.234203 0.782270
vt 0.238252 0.755681
vt 0.284155 0.421555
vt 0.259398 0.422324
vt 0.260259 0.417081
vt 0.284919 0.416128
vt 0.261041 0.411771
vt 0.258045 0.782041
vt 0.261555 0.755737
vt 0.285473 0.410647
vt 0.282761 0.781618
vt 0.310761 0.409075
vt 0.310183 0.414674
vt 0.308023 0.781346
vt 0.336615 0.407737
vt 0.335898 0.413277
vt 0.333521 0.780619
vt 0.334677 0.424465
vt 0.334648 0.427425
vt 0.362571 0.407419
vt 0.361604 0.412744
vt 0.374475 0.413115
vt 0.373196 0.418272
vt 0.360443 0.417989
vt 0.347510 0.756410
vt 0.346692 0.779740
vt 0.359692 0.771542
vt 0.359730 0.423422
vt 0.372368 0.423704
vt 0.372129 0.426625
vt 0.359442 0.427146
vt 0.375665 0.407926
vt 0.360120 0.778159
vt 0.373125 0.769039
vt 0.385236 0.424236
vt 0.384753 0.427858
vt 0.388995 0.409045
vt 0.387626 0.414074
vt 0.374027 0.775753
vt 0.402469 0.410796
vt 0.400902 0.415592
vt 0.404823 0.767687
vt 0.398389 0.425411
vt 0.427463 0.430352
vt 0.426422 0.433702
vt 0.397846 0.428909
vt 0.430744 0.420602
vt 0.448948 0.423545
vt 0.447266 0.429008
vt 0.429079 0.425463
vt 0.432067 0.415597
vt 0.417708 0.738584
vt 0.422515 0.761894
vt 0.445324 0.434373
vt 0.444067 0.437820
vt 0.450017 0.418070
vt 0.025304 0.410816
vt 0.062850 0.411291
vt 0.843589 0.753783
vt 0.013534 0.734339
vt 0.049174 0.739782
vt 0.097452 0.410779
vt 0.129486 0.409201
vt 0.164701 0.426050
vt 0.743334 0.742021
vt 0.166140 0.409091
vt 0.707780 0.743659
vt 0.206307 0.406758
vt 0.668924 0.745798
vt 0.243143 0.406297
vt 0.240871 0.431468
vt 0.261237 0.406205
vt 0.258981 0.427672
vt 0.259013 0.430525
vt 0.285452 0.404990
vt 0.309435 0.420238
vt 0.310792 0.403345
vt 0.335075 0.418804
vt 0.336841 0.402079
vt 0.362914 0.401837
vt 0.376342 0.402404
vt 0.386208 0.419027
vt 0.347239 0.753449
vt 0.389914 0.403638
vt 0.399418 0.420396
vt 0.403711 0.405697
vt 0.432881 0.410314
vt 0.399853 0.739266
vt 0.450639 0.412551
vt 0.417166 0.734781
s 1
usemtl uv_checker_material_uv_grid_2048x2048
f 9/1/1 3/2/2 5/3/3 6/4/3
f 12/5/4 13/6/5 2/7/5 1/8/6
f 9/1/1 1/9/7 2/10/8 8/11/9
f 12/5/4 1/8/6 7/12/10 14/13/10
f 1/9/7 9/1/1 6/4/3 7/14/3
f 4/15/11 8/16/12 15/17/13 11/18/11
f 3/19/14 4/20/14 11/21/14 10/22/14
f 4/23/15 3/2/2 9/1/1 8/11/9
f 15/17/13 8/16/12 2/24/16 13/25/16
f 24/26/17 21/27/18 20/28/18 18/29/19
f 27/30/20 16/31/21 17/32/22 28/33/22
f 24/26/17 23/34/23 17/35/24 16/36/25
f 27/30/20 29/37/26 22/38/26 16/31/21
f 16/36/25 22/39/18 21/27/18 24/26/17
f 19/40/27 26/41/27 30/42/28 23/43/29
f 18/44/30 25/45/30 26/46/30 19/47/30
f 19/48/31 23/34/23 24/26/17 18/29/19
f 30/42/28 28/49/32 17/50/32 23/43/29
f 75/51/33 80/52/33 79/53/33 74/54/33
f 87/55/34 93/56/34 94/57/34 86/58/34
f 50/59/35 281/60/35 280/61/36 49/62/36
f 56/63/37 287/64/37 286/65/38 55/66/38
f 98/67/39 329/68/40 287/69/41 56/70/42
f 203/71/43 201/72/44 31/73/45 102/74/46
f 64/75/47 68/76/47 66/77/47 63/78/47
f 97/79/48 51/80/49 105/81/50
f 199/82/51 253/83/52 113/84/53 250/85/52 196/86/51
f 61/87/54 62/88/54 64/89/54 63/90/54
f 57/91/55 58/92/55 60/93/55 59/94/55
f 249/95/56 246/96/56 204/97/57 190/98/57
f 234/99/57 226/100/43 229/101/43 237/102/57
f 88/103/58 89/104/58 81/105/58 95/106/58
f 215/107/44 214/108/51 221/109/51 220/110/44
f 226/100/43 215/107/44 220/110/44 229/101/43
f 254/111/52 221/109/51 214/108/51 257/112/52 115/113/53
f 200/114/44 199/82/51 196/86/51 194/115/44
f 207/116/51 206/117/44 35/118/44 34/119/51
f 209/120/44 208/121/51 213/122/51 212/123/44
f 211/124/44 210/125/51 217/126/51 216/127/44
f 223/128/43 209/120/44 212/123/44 225/129/43
f 224/130/43 211/124/44 216/127/44 227/131/43
f 231/132/59 223/128/43 225/129/43 233/133/57
f 232/134/57 224/130/43 227/131/43 235/135/57
f 192/136/43 202/137/43 200/114/44 194/115/44
f 252/138/52 198/139/51 218/140/51 255/141/52 114/142/53
f 258/143/52 213/122/51 208/121/51 261/144/52 117/145/53
f 239/146/60 231/132/59 233/133/57 241/147/60
f 240/148/61 232/134/57 235/135/57 243/149/61
f 242/150/61 234/99/57 237/102/57 245/151/61
f 260/152/52 207/116/51 34/119/51 32/153/53
f 197/154/51 251/155/52 98/156/62 99/157/63
f 106/158/64 105/159/64 51/160/64 52/161/64
f 106/162/65 39/163/65 97/164/65 105/165/65
f 241/147/60 240/148/61 108/166/66
f 243/149/61 242/150/61 109/167/66
f 118/168/44 119/169/51 120/170/67 121/171/44
f 123/172/44 144/173/43 145/174/43 124/175/44
f 245/151/61 244/176/61 110/177/68
f 154/178/59 142/179/43 143/180/43 155/181/59
f 126/182/67 127/183/44 128/184/44 129/185/51
f 127/183/44 146/186/43 147/187/43 128/184/44
f 43/188/69 72/189/69 73/190/69 54/191/69
f 76/192/70 77/193/70 47/194/70 78/195/70
f 77/196/71 70/197/71 69/198/71 47/199/71
f 73/200/72 72/201/72 71/202/72 70/203/72
f 73/204/73 74/205/73 79/206/73 54/207/73
f 76/208/74 75/209/74 74/210/74 73/211/74 70/212/74 77/213/74
f 67/214/75 69/215/75 42/216/75 65/217/75
f 76/218/76 78/219/76 80/220/76 75/221/76
f 79/222/77 95/223/78 81/224/78
f 67/225/79 65/226/79 66/227/79 68/228/79
f 41/229/75 92/230/75 90/231/75 48/232/75
f 69/233/80 70/234/80 71/235/80 42/236/80
f 86/237/81 94/238/81 90/239/81 85/240/81
f 85/241/3 82/242/3 89/243/3 88/244/3 87/245/3 86/246/3
f 84/247/72 83/248/72 82/249/72 85/250/72
f 93/251/82 87/252/82 88/253/82 95/254/82
f 96/255/83 51/80/49 97/79/48
f 89/256/84 82/257/84 91/258/84 81/259/84
f 85/260/85 90/261/85 92/262/85 84/263/85
f 91/264/86 82/265/86 83/266/86 44/267/86
f 112/268/68 101/269/87 96/270/88
f 205/271/89 203/71/43 102/74/46 100/272/90
f 248/273/56 205/271/89 100/272/90 101/269/87
f 238/274/60 239/146/60 107/275/66
f 209/276/91 223/277/92 143/278/92 121/279/91
f 259/280/93 210/281/94 122/282/94 187/283/93
f 259/284/52 258/143/52 117/145/53 116/285/53
f 215/286/91 226/287/92 146/288/92 127/289/91
f 213/290/95 258/291/96 186/292/96 125/293/95
f 219/294/91 228/295/92 148/296/92 131/297/91
f 217/298/95 256/299/96 184/300/96 129/301/95
f 201/302/91 203/303/92 152/304/92 139/305/91
f 174/306/97 246/307/97 247/308/97 175/309/97
f 221/310/95 254/311/96 182/312/96 133/313/95
f 196/314/95 250/315/96 178/316/96 141/317/95
f 200/318/91 202/319/92 150/320/92 135/321/91
f 212/322/98 213/290/95 125/293/95 124/323/98
f 214/324/94 215/286/91 127/289/91 126/325/94
f 218/326/94 219/294/91 131/297/91 130/327/94
f 197/328/94 201/302/91 139/305/91 138/329/94
f 192/330/99 194/331/98 140/332/98 153/333/99
f 222/334/100 206/335/98 118/336/98 142/337/100
f 191/338/101 193/339/100 151/340/100 163/341/101
f 202/319/92 204/342/102 162/343/102 150/320/92
f 224/344/92 232/345/102 156/346/102 144/347/92
f 233/348/101 225/349/100 145/350/100 157/351/101
f 226/287/92 234/352/102 158/353/102 146/288/92
f 235/354/101 227/355/100 147/356/100 159/357/101
f 228/295/92 236/358/102 160/359/102 148/296/92
f 237/360/101 229/361/100 149/362/100 161/363/101
f 203/303/92 205/364/102 164/365/102 152/304/92
f 231/366/102 239/367/103 167/368/103 155/369/102
f 153/333/99 165/370/101 190/371/101 192/330/99
f 198/372/95 252/373/96 180/374/96 137/375/95
f 247/376/104 191/338/101 163/341/101 175/377/104
f 251/378/93 197/328/94 138/329/94 179/379/93
f 232/345/102 240/380/103 168/381/103 156/346/102
f 241/382/105 233/348/101 157/351/101 169/383/105
f 234/352/102 242/384/103 170/385/103 158/353/102
f 243/386/105 235/354/101 159/357/101 171/387/105
f 236/358/102 244/388/103 172/389/103 160/359/102
f 245/390/105 237/360/101 161/363/101 173/391/105
f 205/364/102 248/392/103 176/393/103 164/365/102
f 249/394/105 190/371/101 165/370/101 177/395/105
f 244/176/61 236/396/57 191/397/57 247/398/61
f 208/399/94 209/276/91 121/279/91 120/400/94
f 219/401/44 218/140/51 198/139/51 195/402/44
f 194/331/98 196/314/95 141/317/95 140/332/98
f 195/403/98 198/372/95 137/375/95 136/404/98
f 206/117/44 222/405/43 36/406/43 35/118/44
f 223/277/92 231/366/102 155/369/102 143/278/92
f 220/407/98 221/310/95 133/313/95 132/408/98
f 216/409/98 217/298/95 129/301/95 128/410/98
f 210/281/94 211/411/91 123/412/91 122/282/94
f 261/144/52 260/152/52 32/153/53 117/145/53
f 257/112/52 256/413/52 116/285/53 115/113/53
f 113/84/53 253/83/52 252/138/52 114/142/53
f 228/414/43 219/401/44 195/402/44 193/415/43
f 261/416/93 208/399/94 120/400/94 189/417/93
f 207/418/95 260/419/96 188/420/96 119/421/95
f 257/422/93 214/324/94 126/325/94 185/423/93
f 255/424/93 218/326/94 130/327/94 183/425/93
f 222/405/43 230/426/59 37/427/59 36/406/43
f 236/396/57 228/414/43 193/415/43 191/397/57
f 238/274/60 107/275/66 33/428/66
f 230/429/101 222/334/100 142/337/100 154/430/101
f 204/342/102 246/431/103 174/432/103 162/343/102
f 253/433/93 199/434/94 134/435/94 181/436/93
f 193/339/100 195/403/98 136/404/98 151/340/100
f 229/361/100 220/407/98 132/408/98 149/362/100
f 227/355/100 216/409/98 128/410/98 147/356/100
f 190/98/57 204/97/57 202/137/43 192/136/43
f 256/413/52 217/126/51 210/125/51 259/284/52 116/285/53
f 211/411/91 224/344/92 144/347/92 123/412/91
f 238/437/97 166/438/106 167/439/106 239/440/97
f 225/349/100 212/322/98 124/323/98 145/350/100
f 125/441/51 122/442/67 123/172/44 124/175/44
f 133/443/51 130/444/67 131/445/44 132/446/44
f 136/447/44 135/448/44 150/449/107 151/450/43
f 139/451/44 140/452/44 141/453/51 138/454/108
f 118/168/44 121/171/44 143/180/43 142/179/43
f 148/455/43 149/456/43 132/446/44 131/445/44
f 162/457/57 163/458/57 151/450/43 150/449/107
f 152/459/107 153/460/43 140/452/44 139/451/44
f 156/461/57 157/462/59 145/174/43 144/173/43
f 158/463/57 159/464/59 147/187/43 146/186/43
f 160/465/57 161/466/57 149/456/43 148/455/43
f 174/467/61 175/468/61 163/458/57 162/457/57
f 164/469/57 165/470/57 153/460/43 152/459/107
f 167/439/106 166/438/106 154/178/59 155/181/59
f 168/471/61 169/472/61 157/462/59 156/461/57
f 170/473/61 171/474/61 159/464/59 158/463/57
f 180/475/52 181/476/52 134/477/67 137/478/51
f 176/479/56 177/480/56 165/470/57 164/469/57
f 178/481/52 179/482/52 138/454/108 141/453/51
f 183/483/52 130/444/67 133/443/51 182/484/52
f 184/485/52 185/486/52 126/182/67 129/185/51
f 188/487/52 189/488/52 120/170/67 119/169/51
f 125/441/51 186/489/52 187/490/52 122/442/67
f 242/491/97 243/492/97 171/493/97 170/494/97
f 257/495/109 185/496/109 184/497/109 256/498/109
f 241/499/97 169/500/97 168/501/97 240/502/97
f 259/503/109 187/504/109 186/505/109 258/506/109
f 261/507/109 189/508/109 188/509/109 260/510/109
f 173/511/61 161/466/57 160/465/57 172/512/61
f 255/513/109 183/514/109 182/515/109 254/516/109
f 245/517/97 173/518/97 172/519/97 244/520/97
f 255/141/52 254/111/52 115/113/53 114/142/53
f 45/521/110 103/522/110 97/523/110 39/524/110
f 249/525/97 177/526/97 176/527/97 248/528/97
f 251/529/109 179/530/109 178/531/109 250/532/109
f 249/95/56 248/273/56 112/268/68
f 253/533/109 181/534/109 180/535/109 252/536/109
f 201/72/44 197/154/51 99/157/63 31/73/45
f 238/537/105 230/429/101 154/430/101 166/538/105
f 251/155/52 250/85/52 113/84/53 98/156/62
f 135/448/44 136/447/44 137/478/51 134/477/67
f 111/539/68 247/398/61 246/96/56
f 199/434/94 200/318/91 135/321/91 134/435/94
f 206/335/98 207/418/95 119/421/95 118/336/98
f 62/540/111 61/541/111 59/542/111 60/543/111
f 38/544/112 96/545/112 104/546/112 46/547/112
f 104/548/65 103/549/65 45/550/65 46/551/65
f 53/552/113 58/553/113 57/554/113 40/555/113
f 43/556/75 54/557/75 91/558/75 44/559/75
f 49/560/3 48/561/3 55/562/3 50/563/3
f 48/561/3 90/564/3 94/565/3 55/562/3
f 55/562/3 94/565/3 93/566/65 56/567/65
f 56/567/65 93/566/65 95/223/78
f 54/568/78 79/222/77 81/224/78 91/569/78
f 51/570/114 56/567/65 80/571/78 78/572/115
f 68/573/116 47/574/117 69/575/118 67/576/118
f 62/577/119 47/574/117 68/573/116 64/578/120
f 51/570/114 78/572/115 47/574/117 62/577/119
f 52/579/114 51/570/114 62/577/119 60/580/121
f 96/255/83 97/79/48 103/581/122 104/582/122
f 350/583/123 329/584/124 98/156/62 113/84/53
f 53/585/114 52/579/114 60/580/121 58/586/114
f 96/255/83 101/587/125 56/70/42 51/80/49
f 101/587/125 100/588/126 56/70/42
f 100/588/126 102/589/127 56/70/42
f 31/590/128 99/591/129 56/70/42
f 330/592/130 262/593/131 287/69/41
f 38/594/132 33/428/66 107/275/66
f 306/595/133 305/596/133 310/597/133 311/598/133
f 318/599/134 317/600/134 325/601/134 324/602/134
f 440/603/135 333/604/136 262/605/137 438/606/138
f 295/607/47 294/608/47 297/609/47 299/610/47
f 328/611/139 336/612/140 282/613/141
f 436/614/142 433/615/142 487/616/143 350/583/123 490/617/143
f 292/618/54 294/619/54 295/620/54 293/621/54
f 288/622/144 290/623/144 291/624/144 289/625/144
f 349/626/145 486/627/146 427/628/147 441/629/147 483/630/146 346/631/145
f 471/632/147 474/633/147 466/634/135 463/635/135
f 319/636/148 326/637/148 312/638/148 320/639/148
f 452/640/138 457/641/138 458/642/142 451/643/142
f 463/635/135 466/634/135 457/641/138 452/640/138
f 491/644/143 352/645/123 494/646/143 451/643/142 458/642/142
f 437/647/138 431/648/138 433/615/142 436/614/142
f 444/649/142 265/650/142 266/651/138 443/652/138
f 446/653/138 449/654/138 450/655/142 445/656/142
f 448/657/138 453/658/138 454/659/142 447/660/142
f 460/661/135 462/662/135 449/654/138 446/653/138
f 461/663/135 464/664/135 453/658/138 448/657/138
f 468/665/149 470/666/149 462/662/135 460/661/135
f 469/667/147 472/668/147 464/664/135 461/663/135
f 429/669/135 431/648/138 437/647/138 439/670/135
f 489/671/143 351/672/123 492/673/143 455/674/142 435/675/142
f 495/676/143 354/677/123 498/678/143 445/656/142 450/655/142
f 113/84/53 114/142/53 351/672/123 350/583/123
f 476/679/150 339/680/145 341/681/145 478/682/151 470/666/149 468/665/149
f 477/683/151 340/684/145 343/685/145 480/686/146 472/668/147 469/667/147
f 479/687/146 342/688/145 345/689/145 482/690/146 474/633/147 471/632/147
f 497/691/143 263/692/123 265/650/142 444/649/142
f 434/693/142 330/694/152 329/584/124 488/695/143
f 337/696/153 283/697/153 282/698/153 336/699/153
f 337/700/154 336/701/154 328/702/154 270/703/154
f 478/682/151 341/681/145 340/684/145 477/683/151
f 480/686/146 343/685/145 342/688/145 479/687/146
f 355/704/138 358/705/155 357/706/142 356/707/142
f 360/708/155 361/709/138 382/710/135 381/711/135
f 482/690/146 345/689/145 344/712/145 481/713/146
f 391/714/156 392/715/156 380/716/135 379/717/135
f 363/718/142 366/719/142 365/720/138 364/721/155
f 364/721/155 365/720/138 384/722/135 383/723/135
f 274/724/157 285/725/157 304/726/157 303/727/157
f 307/728/158 309/729/158 278/730/158 308/731/158
f 308/732/159 278/733/159 300/734/159 301/735/159
f 304/736/160 301/737/160 302/738/160 303/739/160
f 304/740/161 285/741/161 310/742/161 305/743/161
f 80/571/78 56/567/65 95/223/78 79/222/77
f 298/744/75 296/745/75 273/746/75 300/747/75
f 307/748/162 306/749/162 311/750/162 309/751/162
f 310/752/163 312/753/164 326/754/164
f 298/755/165 299/756/165 297/757/165 296/758/165
f 272/759/75 279/760/75 321/761/75 323/762/75
f 300/763/166 273/764/166 302/765/166 301/766/166
f 304/767/167 305/768/167 306/769/167 307/770/167 308/771/167 301/772/167
f 317/773/168 316/774/168 321/775/168 325/776/168
f 319/777/18 320/778/18 313/779/18 316/780/18 317/781/18 318/782/18
f 324/783/169 326/784/169 319/785/169 318/786/169
f 327/787/170 328/611/139 282/613/141
f 320/788/171 312/789/171 322/790/171 313/791/171
f 316/792/172 315/793/172 323/794/172 321/795/172
f 322/796/173 275/797/173 314/798/173 313/799/173
f 348/800/145 327/801/174 332/802/175
f 442/803/176 331/804/177 333/604/136 440/603/135
f 485/805/178 348/800/145 332/802/175 331/804/177 442/803/176
f 475/806/150 338/807/145 339/680/145 476/679/150
f 446/808/179 358/809/179 380/810/180 460/811/180
f 496/812/181 424/813/181 359/814/182 447/815/182
f 496/816/143 353/817/123 354/677/123 495/676/143
f 452/818/179 364/819/179 383/820/180 463/821/180
f 450/822/183 362/823/183 423/824/184 495/825/184
f 456/826/179 368/827/179 385/828/180 465/829/180
f 454/830/185 366/831/185 421/832/184 493/833/184
f 438/834/179 376/835/179 389/836/180 440/837/180
f 411/838/186 412/839/186 484/840/186 483/841/186
f 458/842/183 370/843/185 419/844/184 491/845/184
f 433/846/183 378/847/183 415/848/184 487/849/184
f 437/850/179 372/851/179 387/852/180 439/853/180
f 449/854/187 361/855/187 362/823/183 450/822/183
f 451/856/182 363/857/182 364/819/179 452/818/179
f 455/858/182 367/859/182 368/827/179 456/826/179
f 434/860/182 375/861/182 376/835/179 438/834/179
f 429/862/188 390/863/188 377/864/187 431/865/187
f 459/866/188 379/867/188 355/868/187 443/869/187
f 428/870/189 400/871/189 388/872/188 430/873/188
f 439/853/180 387/852/180 399/874/190 441/875/190
f 461/876/180 381/877/180 393/878/190 469/879/190
f 470/880/189 394/881/189 382/882/188 462/883/188
f 463/821/180 383/820/180 395/884/190 471/885/190
f 472/886/189 396/887/189 384/888/188 464/889/188
f 465/829/180 385/828/180 397/890/190 473/891/190
f 474/892/189 398/893/189 386/894/188 466/895/188
f 440/837/180 389/836/180 401/896/190 442/897/190
f 468/898/190 392/899/190 404/900/191 476/901/191
f 390/863/188 429/862/188 427/902/189 402/903/189
f 435/904/183 374/905/183 417/906/184 489/907/184
f 484/908/192 412/909/192 400/871/189 428/870/189
f 488/910/181 416/911/181 375/861/182 434/860/182
f 469/879/190 393/878/190 405/912/191 477/913/191
f 478/914/192 406/915/192 394/881/189 470/880/189
f 471/885/190 395/884/190 407/916/191 479/917/191
f 480/918/192 408/919/192 396/887/189 472/886/189
f 473/891/190 397/890/190 409/920/191 481/921/191
f 482/922/192 410/923/192 398/893/189 474/892/189
f 442/897/190 401/896/190 413/924/191 485/925/191
f 486/926/192 414/927/192 402/903/189 427/902/189
f 481/713/146 344/712/145 347/928/145 484/929/146 428/930/147 473/931/147
f 445/932/182 357/933/182 358/809/179 446/808/179
f 456/934/138 432/935/138 435/675/142 455/674/142
f 431/865/187 377/864/187 378/847/183 433/846/183
f 432/936/187 373/937/187 374/905/183 435/904/183
f 443/652/138 266/651/138 267/938/135 459/939/135
f 460/811/180 380/810/180 392/899/190 468/898/190
f 457/940/187 369/941/187 370/843/185 458/842/183
f 453/942/187 365/943/187 366/831/185 454/830/185
f 447/815/182 359/814/182 360/944/179 448/945/179
f 498/678/143 354/677/123 263/692/123 497/691/143
f 494/646/143 352/645/123 353/817/123 493/946/143
f 350/583/123 351/672/123 489/671/143 490/617/143
f 465/947/135 430/948/135 432/935/138 456/934/138
f 498/949/181 426/950/181 357/933/182 445/932/182
f 444/951/185 356/952/185 425/953/184 497/954/184
f 494/955/181 422/956/181 363/857/182 451/856/182
f 492/957/181 420/958/181 367/859/182 455/858/182
f 459/939/135 267/938/135 268/959/156 467/960/156
f 473/931/147 428/930/147 430/948/135 465/947/135
f 467/960/156 268/959/156 264/961/145 338/807/145 475/806/150
f 467/962/189 391/963/189 379/867/188 459/866/188
f 441/875/190 399/874/190 411/964/191 483/965/191
f 490/966/181 418/967/181 371/968/182 436/969/182
f 430/873/188 388/872/188 373/937/187 432/936/187
f 466/895/188 386/894/188 369/941/187 457/940/187
f 464/889/188 384/888/188 365/943/187 453/942/187
f 427/628/147 429/669/135 439/670/135 441/629/147
f 493/946/143 353/817/123 496/816/143 447/660/142 454/659/142
f 448/945/179 360/944/179 381/877/180 461/876/180
f 475/970/186 476/971/186 404/972/193 403/973/193
f 462/883/188 382/882/188 361/855/187 449/854/187
f 362/974/142 361/709/138 360/708/155 359/975/142
f 370/976/142 369/977/138 368/978/155 367/979/142
f 373/980/138 388/981/135 387/982/194 372/983/155
f 376/984/155 375/985/142 378/986/142 377/987/138
f 355/704/138 379/717/135 380/716/135 358/705/155
f 385/988/135 368/978/155 369/977/138 386/989/135
f 399/990/147 387/982/194 388/981/135 400/991/147
f 389/992/194 376/984/155 377/987/138 390/993/135
f 393/994/147 381/711/135 382/710/135 394/995/156
f 395/996/147 383/723/135 384/722/135 396/997/156
f 397/998/147 385/988/135 386/989/135 398/999/147
f 411/1000/146 399/990/147 400/991/147 412/1001/146
f 401/1002/147 389/992/194 390/993/135 402/1003/147
f 404/972/193 392/715/156 391/714/156 403/973/193
f 405/1004/151 393/994/147 394/995/156 406/1005/151
f 407/1006/151 395/996/147 396/997/156 408/1007/151
f 417/1008/195 374/1009/142 371/1010/142 418/1011/195
f 413/1012/146 401/1002/147 402/1003/147 414/1013/146
f 415/1014/195 378/986/142 375/985/142 416/1015/195
f 420/1016/195 419/1017/195 370/976/142 367/979/142
f 421/1018/195 366/719/142 363/718/142 422/1019/195
f 425/1020/195 356/707/142 357/706/142 426/1021/195
f 362/974/142 359/975/142 424/1022/195 423/1023/195
f 479/1024/186 407/1025/186 408/1026/186 480/1027/186
f 494/1028/196 493/1029/196 421/1030/196 422/1031/196
f 478/1032/186 477/1033/186 405/1034/186 406/1035/186
f 496/1036/196 495/1037/196 423/1038/196 424/1039/196
f 498/1040/196 497/1041/196 425/1042/196 426/1043/196
f 410/1044/146 409/1045/146 397/998/147 398/999/147
f 492/1046/196 491/1047/196 419/1048/196 420/1049/196
f 482/1050/186 481/1051/186 409/1052/186 410/1053/186
f 492/673/143 351/672/123 352/645/123 491/644/143
f 276/1054/197 270/1055/197 328/1056/197 334/1057/197
f 486/1058/198 485/1059/198 413/1060/198 414/1061/198
f 488/1062/196 487/1063/196 415/1064/196 416/1065/196
f 486/627/146 349/626/145 348/800/145 485/805/178
f 490/1066/196 489/1067/196 417/1068/196 418/1069/196
f 438/606/138 262/605/137 330/694/152 434/693/142
f 475/1070/192 403/1071/192 391/963/189 467/962/189
f 488/695/143 329/584/124 350/583/123 487/616/143
f 372/983/155 371/1010/142 374/1009/142 373/980/138
f 347/928/145 346/631/145 483/630/146 484/929/146
f 436/969/182 371/968/182 372/851/179 437/850/179
f 443/869/187 355/868/187 356/952/185 444/951/185
f 293/1072/111 291/1073/111 290/1074/111 292/1075/111
f 269/1076/199 277/1077/199 335/1078/199 327/1079/199
f 335/1080/154 277/1081/154 276/1082/154 334/1083/154
f 284/1084/200 271/1085/200 288/1086/200 289/1087/200
f 274/1088/75 275/1089/75 322/1090/75 285/1091/75
f 280/1092/18 281/1093/18 286/1094/18 279/1095/18
f 279/1095/18 286/1094/18 325/1096/18 321/1097/18
f 286/1094/18 287/1098/201 324/1099/201 325/1096/18
f 287/1098/201 311/1100/164 310/752/163 326/754/164 324/1099/201
f 285/1101/164 322/1102/164 312/753/164 310/752/163
f 282/1103/202 309/1104/203 311/1100/164 287/1098/201
f 299/1105/204 298/1106/205 300/1107/205 278/1108/206
f 293/1109/207 295/1110/208 299/1105/204 278/1108/206
f 282/1103/202 293/1109/207 278/1108/206 309/1104/203
f 283/1111/202 291/1112/209 293/1109/207 282/1103/202
f 327/787/170 335/1113/210 334/1114/210 328/611/139
f 284/1115/202 289/1116/202 291/1112/209 283/1111/202
f 327/787/170 282/613/141 287/69/41 332/1117/125
f 332/1117/125 287/69/41 331/1118/211
f 331/1118/211 287/69/41 333/1119/212
f 329/68/40 330/592/130 287/69/41
f 262/593/131 333/1119/212 287/69/41
f 99/591/129 98/67/39 56/70/42
f 269/1120/154 327/801/174 348/800/145 349/626/145 346/631/145 347/928/145 344/712/145 345/689/145 342/688/145 343/685/145 340/684/145 341/681/145 339/680/145 338/807/145 264/961/145
f 116/285/53 117/145/53 354/677/123 353/817/123
f 115/113/53 116/285/53 353/817/123 352/645/123
f 263/692/123 354/677/123 117/145/53 32/153/53
f 114/142/53 115/113/53 352/645/123 351/672/123
f 102/589/127 31/590/128 56/70/42
f 314/1121/160 315/1122/160 316/1123/160 313/1124/160
f 230/426/59 238/274/60 33/428/66 37/427/59
f 107/275/66 239/146/60 241/147/60 108/166/66
f 108/166/66 240/148/61 243/149/61 109/167/66
f 109/167/66 242/150/61 245/151/61 110/177/68
f 110/177/68 244/176/61 247/398/61 111/539/68
f 112/268/68 111/539/68 246/96/56 249/95/56
f 112/268/68 248/273/56 101/269/87
f 38/594/132 107/275/66 108/166/66
f 38/594/132 108/166/66 109/167/66
f 112/268/68 96/270/88 111/539/68
f 96/270/88 38/594/132 110/177/68 111/539/68
f 110/177/68 38/594/132 109/167/66
f 281/60/35 50/59/35 55/66/38 286/65/38
f 540/1125/213 542/1126/214 517/1127/214 500/1128/213
f 537/1129/215 540/1125/213 500/1128/213 501/1130/215
f 542/1126/214 539/1131/216 515/1132/216 517/1127/214
f 527/1133/217 523/1134/218 509/1135/218 508/1136/217
f 525/1137/219 536/1138/220 514/1139/220 518/1140/221
f 535/1141/222 534/1142/223 505/1143/223 510/1144/222
f 530/1145/224 528/1146/225 519/1147/225 520/1148/224
f 529/1149/226 530/1145/224 520/1148/224 512/1150/226
f 541/1151/227 529/1149/226 512/1150/226 511/1152/227
f 536/1138/220 526/1153/228 513/1154/228 514/1139/220
f 532/1155/229 531/1156/230 504/1157/230 506/1158/229
f 531/1159/230 535/1141/222 510/1144/222 504/1160/230
f 533/1161/231 537/1129/215 501/1130/215 499/1162/231
f 522/1163/232 532/1155/229 506/1158/229 503/1164/232
f 534/1142/223 541/1151/227 511/1152/227 505/1143/223
f 523/1134/218 521/1165/233 502/1166/233 509/1135/218
f 538/1167/234 527/1133/217 508/1136/217 507/1168/234
f 524/1169/235 525/1137/219 518/1140/221 516/1170/235
f 539/1171/216 524/1169/235 516/1170/235 515/1172/216
f 521/1165/233 522/1163/232 503/1164/232 502/1166/233
f 522/1173/236 521/1174/3 531/1175/3 532/1176/236
f 521/1174/3 523/1177/3 529/1178/3 541/1179/3
f 521/1174/3 541/1179/3 531/1175/3
f 530/1180/3 527/1181/3 538/1182/3 528/1183/3
f 523/1177/3 527/1181/3 530/1180/3 529/1178/3
f 537/1184/88 533/1185/3 526/1186/65
f 542/1187/237 540/1188/88 536/1189/88 525/1190/237
f 528/1183/3 538/1182/3 526/1186/65 533/1185/3
f 531/1175/3 541/1179/3 534/1191/3 535/1192/3
f 528/1146/225 533/1161/231 499/1162/231 519/1147/225
f 526/1153/228 538/1167/234 507/1168/234 513/1154/228
f 539/1193/237 542/1187/237 525/1190/237 524/1194/237
f 540/1188/88 537/1184/88 526/1186/65 536/1189/88
f 584/1195/238 544/1196/238 561/1197/239 586/1198/239
f 581/1199/240 545/1200/240 544/1196/238 584/1195/238
f 586/1198/239 561/1197/239 559/1201/241 583/1202/241
f 571/1203/242 552/1204/242 553/1205/243 567/1206/243
f 569/1207/244 562/1208/245 558/1209/246 580/1210/246
f 579/1211/247 554/1212/247 549/1213/248 578/1214/248
f 574/1215/249 564/1216/249 563/1217/250 572/1218/250
f 573/1219/251 556/1220/251 564/1216/249 574/1215/249
f 585/1221/252 555/1222/252 556/1220/251 573/1219/251
f 580/1210/246 558/1209/246 557/1223/253 570/1224/253
f 576/1225/254 550/1226/254 548/1227/255 575/1228/255
f 575/1229/255 548/1230/255 554/1212/247 579/1211/247
f 577/1231/256 543/1232/256 545/1200/240 581/1199/240
f 566/1233/257 547/1234/257 550/1226/254 576/1225/254
f 578/1214/248 549/1213/248 555/1222/252 585/1221/252
f 567/1206/243 553/1205/243 546/1235/258 565/1236/258
f 582/1237/259 551/1238/259 552/1204/242 571/1203/242
f 568/1239/260 560/1240/260 562/1208/245 569/1207/244
f 583/1241/241 559/1242/241 560/1240/260 568/1239/260
f 565/1236/258 546/1235/258 547/1234/257 566/1233/257
f 566/1243/261 576/1244/261 575/1245/18 565/1246/18
f 565/1246/18 585/1247/18 573/1248/18 567/1249/18
f 565/1246/18 575/1245/18 585/1247/18
f 574/1250/18 572/1251/18 582/1252/18 571/1253/18
f 567/1249/18 573/1248/18 574/1250/18 571/1253/18
f 581/1254/262 570/1255/201 577/1256/201
f 586/1257/174 569/1258/174 580/1259/262 584/1260/262
f 572/1251/18 577/1256/201 570/1255/201 582/1252/18
f 575/1245/18 579/1261/18 578/1262/18 585/1247/18
f 572/1218/250 563/1217/250 543/1232/256 577/1231/256
f 570/1224/253 557/1223/253 551/1238/259 582/1237/259
f 583/1263/174 568/1264/174 569/1258/174 586/1257/174
f 584/1260/262 580/1259/262 570/1255/201 581/1254/262
f 591/1265/263 605/1266/263 637/1267/263 592/1268/263
f 600/1269/3 601/1270/3 593/1271/3 587/1272/3
f 642/1273/264 635/1274/264 636/1275/264 641/1276/264
f 763/1277/265 672/1278/266 675/1279/266 764/1280/265
f 776/1281/267 783/1282/268 617/1283/269 614/1284/269
f 628/1285/270 667/1286/271 669/1287/272 629/1288/272
f 608/1289/273 607/1290/273 620/1291/273
f 625/1292/274 623/1293/274 624/1294/274 626/1295/274
f 714/1296/275 623/1297/275 625/1298/275 771/1299/276 774/1300/276
f 774/1301/277 803/1302/278 802/1303/279
f 732/1304/280 731/1305/280 726/1306/280 725/1307/280
f 609/1308/3 608/1309/3 611/1310/3 606/1311/3
f 664/1312/273 663/1313/273 658/1314/273 657/1315/273
f 750/1316/18 749/1317/18 751/1318/18 752/1319/18
f 714/1320/281 774/1301/277 802/1303/279 715/1321/281
f 718/1322/282 629/1323/282 669/1324/282 759/1325/282
f 710/1326/283 712/1327/283 621/1328/283 619/1329/283
f 706/1330/284 794/1331/285 796/1332/286 707/1333/284
f 679/1334/18 684/1335/18 692/1336/18 691/1337/18
f 597/1338/287 596/1339/287 595/1340/287 598/1341/287
f 640/1342/288 638/1343/288 620/1344/288 618/1345/288
f 705/1346/289 676/1347/289 672/1348/289 763/1349/289
f 601/1350/290 600/1351/290 599/1352/290 603/1353/290
f 655/1354/291 656/1355/291 648/1356/291 649/1357/291
f 610/1358/292 630/1359/292 631/1360/292 604/1361/292
f 758/1362/293 757/1363/293 759/1364/293 760/1365/293
f 698/1366/294 606/1367/294 611/1368/294 703/1369/294
f 659/1370/295 661/1371/296 643/1372/296 650/1373/297
f 781/1374/3 616/1375/3 613/1376/298
f 601/1377/299 602/1378/299 594/1379/299 593/1380/299
f 674/1381/300 673/1382/300 678/1383/300 677/1384/300
f 716/1385/301 717/1386/302 757/1387/303 713/1388/304
f 667/1389/305 757/1390/305 758/1391/305 668/1392/305
f 703/1393/306 611/1394/306 605/1395/306 696/1396/306
f 689/1397/307 598/1398/307 595/1399/307 686/1400/307
f 589/1401/308 591/1402/308 592/1403/308 590/1404/308
f 776/1405/309 614/1406/310 619/1407/310 627/1408/310
f 671/1409/311 762/1410/312 765/1411/312 761/1412/311
f 748/1413/313 747/1414/313 744/1415/313 741/1416/313
f 639/1417/314 638/1418/314 640/1419/314 633/1420/314
f 713/1388/304 757/1387/303 667/1286/271 622/1421/315
f 645/1422/3 644/1423/3 647/1424/3 652/1425/3
f 634/1426/292 639/1427/292 633/1428/292 632/1429/292
f 733/1430/316 734/1431/316 752/1432/316 751/1433/316
f 800/1434/18 797/1435/18 798/1436/18
f 664/1437/317 653/1438/318 646/1439/319 666/1440/319
f 725/1441/18 733/1442/18 740/1443/18 719/1444/18
f 617/1445/292 607/1446/292 614/1447/292
f 741/1448/320 739/1449/320 737/1450/320 742/1451/320
f 666/1452/3 665/1453/3 663/1454/3 664/1455/3
f 749/1456/295 746/1457/321 738/1458/321 740/1459/297
f 666/1460/322 646/1461/322 645/1462/322 665/1463/322
f 658/1464/323 651/1465/323 654/1466/323 657/1467/323
f 743/1468/318 754/1469/317 756/1470/319 736/1471/319
f 614/1406/310 676/1472/310 619/1407/310
f 762/1473/324 763/1474/324 764/1475/324 765/1476/324
f 694/1477/325 683/1478/326 681/1479/18 690/1480/18
f 688/1481/327 689/1482/327 686/1483/327 687/1484/327
f 682/1485/290 591/1486/290 589/1487/290 697/1488/290
f 680/1489/328 694/1490/328 693/1491/328 685/1492/328
f 721/1493/329 724/1494/329 726/1495/329 731/1496/329
f 715/1497/330 624/1498/330 623/1499/330 714/1500/330
f 730/1501/331 709/1502/331 711/1503/331 728/1504/331
f 603/1505/328 588/1506/328 594/1507/328 602/1508/328
f 676/1472/310 710/1509/310 619/1407/310
f 683/1510/332 727/1511/332 696/1512/332 682/1513/332
f 622/1421/315 667/1286/271 628/1285/270 627/1514/333
f 681/1515/334 688/1516/334 691/1517/334 690/1518/334
f 792/1519/335 804/1520/336 717/1521/310 716/1522/310
f 746/1523/320 749/1524/320 750/1525/320 745/1526/320
f 775/1527/337 770/1528/337 769/1529/338 772/1530/338
f 717/1386/302 718/1531/339 759/1532/339 757/1387/303
f 742/1533/340 753/1534/341 748/1535/342 741/1536/342
f 729/1537/343 722/1538/343 730/1539/343 728/1540/343
f 615/1541/344 779/1542/345 786/1543/346 626/1544/347
f 627/1545/18 619/1546/18 621/1547/18 622/1548/18
f 629/1549/348 718/1550/348 773/1551/349 768/1552/349
f 660/1553/350 655/1554/351 649/1555/351 647/1556/352
f 643/1557/322 661/1558/322 662/1559/322 644/1560/322
f 692/1561/290 693/1562/290 694/1563/290
f 680/1564/353 695/1565/354 694/1477/325
f 597/1566/3 600/1269/3 587/1272/3 596/1567/3
f 655/1568/273 660/1569/273 659/1570/273 656/1571/273
f 632/1572/355 641/1573/355 636/1574/355 634/1575/355
f 700/1576/289 762/1577/289 671/1578/289 767/1579/289
f 660/1580/3 662/1581/3 661/1582/3 659/1583/3
f 724/1584/292 721/1585/292 722/1586/292 729/1587/292
f 668/1588/356 670/1589/356 669/1590/356 667/1591/356
f 699/1592/292 708/1593/292 705/1594/292
f 698/1595/18 703/1596/18 700/1597/18 701/1598/18
f 747/1599/320 748/1600/320 753/1601/320 754/1602/320
f 735/1603/316 736/1604/316 756/1605/316 755/1606/316
f 746/1607/357 745/1608/357 739/1609/357 738/1610/357
f 750/1611/350 752/1612/319 734/1613/319 737/1614/352
f 663/1615/341 665/1616/296 645/1617/296 652/1618/340
f 754/1619/18 753/1620/18 755/1621/18 756/1622/18
f 622/1623/310 621/1624/310 712/1625/310 713/1626/310
f 764/1627/289 675/1628/289 677/1629/289
f 766/1630/319 701/1631/319 700/1632/319 767/1633/319
f 684/1634/358 685/1635/358 693/1636/358 692/1637/358
f 672/1278/266 674/1638/359 677/1639/359 675/1279/266
f 609/1640/319 766/1630/319 767/1633/319 608/1641/319
f 672/1348/289 676/1347/289 614/1642/289 674/1643/289
f 673/1644/289 608/1645/289 767/1579/289 671/1578/289
f 699/1646/289 705/1346/289 763/1349/289 762/1577/289
f 673/1644/289 607/1647/289 608/1645/289
f 674/1643/289 614/1642/289 607/1647/289 673/1644/289
f 700/1576/289 699/1646/289 762/1577/289
f 673/1648/360 671/1409/311 761/1412/311 678/1649/360
f 658/1650/342 663/1615/341 652/1618/340 651/1651/342
f 657/1652/361 654/1653/361 653/1438/318 664/1437/317
f 662/1654/319 660/1553/350 647/1556/352 644/1655/319
f 656/1656/321 659/1370/295 650/1373/297 648/1657/321
f 744/1658/361 747/1659/361 754/1469/317 743/1468/318
f 735/1660/296 755/1661/296 753/1534/341 742/1533/340
f 751/1662/296 749/1456/295 740/1459/297 733/1663/296
f 745/1664/351 750/1611/350 737/1614/352 739/1665/351
f 781/1666/362 779/1667/363 615/1668/364 616/1669/364
f 702/1670/292 727/1671/292 695/1672/292
f 642/1673/355 631/1674/355 630/1675/355 635/1676/355
f 603/1677/3 592/1678/3 637/1679/3 604/1680/3
f 599/1681/3 590/1682/3 592/1683/3 603/1684/3
f 727/1685/306 702/1686/306 703/1393/306 696/1396/306
f 637/1687/306 605/1395/306 611/1394/306 610/1688/306
f 719/1689/365 723/1690/365 732/1691/365 725/1692/365
f 682/1693/366 697/1694/366 681/1695/366 683/1696/366
f 676/1472/310 705/1697/310 710/1509/310
f 618/1698/292 620/1699/292 607/1446/292 617/1445/292
f 711/1700/292 709/1701/292 708/1593/292 699/1592/292
f 630/1702/273 648/1703/273 650/1704/273
f 654/1705/273 608/1289/273 620/1291/273 653/1706/273
f 649/1707/273 651/1708/273 652/1709/273 647/1710/273
f 608/1289/273 654/1705/273 651/1708/273
f 643/1711/3 635/1712/3 630/1713/3 650/1714/3
f 639/1715/3 634/1716/3 636/1717/3
f 653/1718/3 620/1719/3 646/1720/3
f 620/1719/3 638/1721/3 646/1720/3
f 636/1717/3 635/1712/3 643/1711/3 644/1423/3
f 638/1721/3 639/1715/3 636/1717/3 646/1720/3
f 646/1720/3 636/1717/3 644/1423/3 645/1422/3
f 637/1722/292 610/1358/292 604/1361/292
f 719/1723/292 702/1670/292 695/1672/292 723/1724/292
f 610/1725/273 611/1726/273 648/1703/273 630/1702/273
f 611/1726/273 608/1289/273 649/1707/273 648/1703/273
f 649/1707/273 608/1289/273 651/1708/273
f 726/1727/18 734/1728/18 733/1442/18 725/1441/18
f 734/1728/18 735/1729/18 742/1730/18 737/1731/18
f 735/1729/18 734/1728/18 726/1727/18
f 738/1732/320 719/1733/320 740/1734/320
f 711/1735/320 744/1736/320 743/1737/320
f 699/1738/320 700/1739/320 744/1736/320 711/1735/320
f 703/1740/320 702/1741/320 719/1733/320 738/1732/320
f 700/1739/320 703/1740/320 738/1732/320 739/1449/320
f 744/1736/320 700/1739/320 739/1449/320 741/1448/320
f 743/1742/18 736/1743/18 711/1744/18
f 711/1744/18 736/1743/18 729/1745/18 728/1746/18
f 729/1745/18 726/1727/18 724/1747/18
f 736/1743/18 735/1729/18 726/1727/18 729/1745/18
f 691/1748/290 692/1561/290 694/1563/290 690/1749/290
f 602/1750/290 601/1350/290 603/1353/290
f 605/1751/367 591/1752/367 682/1753/367 696/1754/367
f 768/1552/349 773/1551/349 772/1530/338 769/1529/338
f 770/1528/337 775/1527/337 774/1300/276 771/1299/276
f 771/1755/368 625/1756/369 626/1757/369 786/1758/370
f 774/1301/277 775/1759/371 801/1760/372 803/1302/278
f 775/1759/371 772/1761/373 805/1762/374 801/1760/372
f 804/1763/375 773/1764/376 718/1765/377 717/1766/377
f 805/1762/374 772/1761/373 773/1764/376 804/1763/375
f 779/1667/363 781/1666/362 782/1767/378 780/1768/379
f 780/1768/379 782/1767/378 784/1769/380 778/1770/381
f 783/1282/268 776/1281/267 777/1771/382 785/1772/383
f 785/1772/383 777/1771/382 778/1770/381 784/1769/380
f 786/1543/346 779/1542/345 780/1773/384 787/1774/385
f 787/1774/385 780/1773/384 778/1775/386 788/1776/387
f 776/1405/309 789/1777/388 790/1778/389 777/1779/390
f 777/1779/390 790/1778/389 788/1776/387 778/1775/386
f 791/1780/391 798/1781/392 797/1782/393 795/1783/394
f 795/1783/394 797/1782/393 796/1332/286 794/1331/285
f 798/1781/392 791/1780/391 793/1784/395 800/1785/396
f 800/1785/396 793/1784/395 792/1786/397 799/1787/398
f 801/1788/399 791/1789/400 795/1790/401 803/1791/402
f 803/1791/402 795/1790/401 794/1792/403 802/1793/404
f 791/1789/400 801/1788/399 805/1794/405 793/1795/406
f 793/1795/406 805/1794/405 804/1520/336 792/1519/335
f 628/1796/407 629/1797/407 768/1798/408 789/1799/409
f 768/1798/408 769/1800/410 790/1801/411 789/1799/409
f 769/1800/410 770/1802/412 788/1803/413 790/1801/411
f 770/1802/412 771/1755/368 787/1804/414 788/1803/413
f 787/1804/414 771/1755/368 786/1758/370
f 784/1805/3 782/1806/3 785/1807/3
f 782/1806/3 781/1374/3 783/1808/415 785/1807/3
f 704/1809/18 799/1810/18 720/1811/18
f 799/1810/18 796/1812/18 797/1435/18 800/1434/18
f 704/1809/18 707/1813/18 796/1812/18
f 783/1808/415 781/1374/3 613/1376/298
f 783/1808/415 613/1376/298 612/1814/416
f 704/1809/18 796/1812/18 799/1810/18
f 709/1815/18 730/1816/18 799/1810/18 708/1817/18
f 730/1816/18 722/1818/18 720/1811/18 799/1810/18
f 789/1777/388 776/1405/309 627/1408/310 628/1819/310
f 722/1818/18 721/1820/18 720/1811/18
f 633/1821/417 612/1814/416 632/1822/418
f 799/1787/398 792/1786/397 705/1823/419 708/1824/419
f 705/1697/310 792/1519/335 716/1522/310 710/1509/310
f 713/1825/3 712/1826/3 710/1827/3 716/1828/3
f 783/1808/415 612/1814/416 633/1821/417
f 765/1829/289 764/1627/289 677/1629/289 678/1830/289
f 761/1831/289 765/1829/289 678/1830/289
f 794/1792/403 706/1832/344 715/1833/420 802/1793/404
f 715/1833/420 706/1832/344 624/1834/344
f 706/1832/344 615/1541/344 624/1834/344
f 624/1834/344 615/1541/344 626/1544/347
f 689/1835/334 688/1516/334 681/1515/334 697/1836/334
f 598/1837/334 689/1835/334 697/1836/334 589/1838/334
f 597/1839/334 598/1837/334 589/1838/334 590/1840/334
f 600/1841/334 597/1839/334 590/1840/334 599/1842/334
f 617/1843/3 783/1808/415 640/1844/3 618/1845/3
f 783/1808/415 633/1821/417 640/1844/3
f 687/1846/18 679/1334/18 691/1337/18 688/1847/18
f 588/1848/3 603/1677/3 604/1680/3
f 695/1565/354 727/1849/421 683/1478/326 694/1477/325
f 853/1850/422 814/1851/423 811/1852/424 854/1853/425
f 812/1854/426 860/1855/427 854/1853/425 811/1852/424
f 810/1856/428 857/1857/429 856/1858/430 809/1859/431
f 855/1860/432 808/1861/433 809/1859/431 856/1858/430
f 860/1862/427 812/1863/426 808/1861/433 855/1860/432
f 807/1864/434 813/1865/435 814/1851/423 853/1850/422
f 819/1866/436 817/1867/436 813/1865/435 807/1864/434
f 824/1868/437 822/1869/437 859/1870/437
f 853/1871/438 851/1872/439 806/1873/440 807/1874/441
f 808/1875/442 815/1876/442 810/1877/442 809/1878/442
f 808/1875/442 812/1879/442 816/1880/442 815/1876/442
f 812/1879/442 813/1881/442 817/1882/442 816/1880/442
f 812/1879/442 811/1883/442 814/1884/442 813/1881/442
f 818/1885/443 858/1886/444 815/1887/445 816/1888/443
f 860/1889/446 855/1890/447 848/1891/448 827/1892/449 824/1893/449 859/1894/450
f 807/1874/441 806/1873/440 820/1895/451 819/1896/451
f 857/1897/452 881/1898/453 856/1899/454
f 848/1900/437 882/1901/437 823/1902/437
f 853/1871/438 854/1903/455 852/1904/456 851/1872/439
f 860/1905/446 859/1906/450 852/1904/456 854/1903/455
f 842/1907/457 827/1908/457 821/1909/458 840/1910/458
f 863/1911/459 861/1912/460 847/1913/461 849/1914/462
f 818/1915/463 823/1916/463 882/1917/464 858/1918/465
f 877/1919/466 874/1920/467 844/1921/468 845/1922/469
f 836/1923/461 879/1924/460 878/1925/470 837/1926/471
f 833/1927/472 869/1928/473 880/1929/474 832/1930/475
f 837/1926/471 878/1925/470 863/1911/459 849/1914/462
f 830/1931/476 862/1932/477 872/1933/460 828/1934/461
f 825/1935/478 868/1936/479 869/1928/473 833/1927/472
f 835/1937/480 870/1938/481 864/1939/479 834/1940/478
f 867/1941/482 864/1942/482 870/1943/482
f 864/1939/479 865/1944/483 841/1945/484 834/1940/478
f 847/1913/461 861/1912/460 877/1919/466 845/1922/469
f 877/1946/485 861/1947/486 842/1948/487
f 846/1949/488 862/1950/489 876/1951/490
f 829/1952/471 873/1953/470 875/1954/459 839/1955/462
f 828/1934/461 872/1933/460 873/1953/470 829/1952/471
f 826/1956/480 871/1957/491 868/1936/479 825/1935/478
f 832/1930/475 880/1929/474 876/1958/492 831/1959/493
f 844/1960/468 874/1961/467 866/1962/479 843/1963/478
f 839/1955/462 875/1954/459 879/1924/460 836/1923/461
f 831/1964/493 876/1965/492 862/1932/477 830/1931/476
f 822/1869/437 820/1966/437 806/1967/437 859/1870/437
f 863/1968/494 878/1969/482 879/1970/495
f 850/1971/484 867/1972/483 870/1938/481 835/1937/480
f 843/1973/496 847/1974/496 845/1975/496 844/1976/496
f 877/1946/485 842/1948/487 840/1977/497 874/1978/498
f 846/1979/499 838/1980/500 822/1981/500 824/1982/499
f 841/1945/484 865/1944/483 871/1957/491 826/1956/480
f 827/1983/437 848/1900/437 823/1902/437 821/1984/437
f 866/1962/479 867/1972/483 850/1971/484 843/1963/478
f 848/1900/437 881/1985/437 882/1901/437
f 827/1986/501 842/1987/501 846/1988/501 824/1989/501
f 874/1978/498 840/1977/497 866/1990/482
f 865/1991/482 868/1992/482 871/1993/482
f 838/1994/502 846/1949/488 876/1951/490 880/1995/503
f 872/1996/504 875/1997/495 873/1998/482
f 846/1949/488 872/1996/504 862/1950/489
f 866/1990/482 840/1977/497 867/1941/482
f 867/1941/482 840/1977/497 864/1942/482
f 840/1977/497 838/1994/502 865/1991/482 864/1942/482
f 865/1991/482 838/1994/502 868/1992/482
f 868/1992/482 838/1994/502 869/1999/482
f 869/1999/482 838/1994/502 880/1995/503
f 861/1947/486 863/1968/494 842/1948/487
f 863/1968/494 879/1970/495 842/1948/487
f 875/1997/495 872/1996/504 846/1949/488
f 879/1970/495 875/1997/495 846/1949/488 842/1948/487
f 859/1870/437 806/1967/437 851/2000/437 852/2001/437
f 855/1890/447 856/1899/454 881/1898/453 848/1891/448
f 857/1897/452 858/1918/465 882/1917/464 881/1898/453
f 830/2002/496 833/2003/496 832/2004/496 831/2005/496
f 843/1973/496 850/2006/496 849/2007/496 847/1974/496
f 850/2006/496 835/2008/496 837/2009/496 849/2007/496
f 835/2008/496 834/2010/496 836/2011/496 837/2009/496
f 834/2010/496 841/2012/496 839/2013/496 836/2011/496
f 826/2014/496 825/2015/496 828/2016/496 829/2017/496
f 841/2012/496 826/2014/496 829/2017/496 839/2013/496
f 828/2016/496 825/2015/496 833/2003/496 830/2002/496
f 857/1857/429 810/1856/428 815/1887/445 858/1886/444
f 920/2018/505 921/2019/506 888/2020/507 891/2021/508
f 889/2022/509 888/2020/507 921/2019/506 927/2023/510
f 887/2024/511 886/2025/512 923/2026/513 924/2027/514
f 922/2028/515 923/2026/513 886/2025/512 885/2029/516
f 927/2023/510 922/2030/515 885/2031/516 889/2022/509
f 884/2032/517 920/2018/505 891/2021/508 890/2033/518
f 819/1866/436 884/2032/517 890/2033/518 817/1867/436
f 893/2034/437 926/2035/437 822/1869/437
f 920/2036/519 884/2037/520 883/2038/521 918/2039/522
f 885/2040/442 886/2041/442 887/2042/442 892/2043/442
f 885/2040/442 892/2043/442 816/1880/442 889/2044/442
f 889/2044/442 816/1880/442 817/1882/442 890/2045/442
f 889/2044/442 890/2045/442 891/2046/442 888/2047/442
f 818/1885/443 816/1888/443 892/2048/523 925/2049/524
f 922/2050/525 927/2051/526 926/2052/527 893/2053/528 896/2054/528 915/2055/529
f 884/2037/520 819/1896/451 820/1895/451 883/2038/521
f 924/2056/530 923/2057/531 948/2058/532
f 915/2059/437 823/1902/437 949/2060/437
f 920/2036/519 918/2039/522 919/2061/533 921/2062/534
f 927/2051/526 921/2062/534 919/2061/533 926/2052/527
f 909/2063/535 840/1910/458 821/1909/458 896/2064/535
f 930/2065/536 916/2066/537 914/2067/538 928/2068/539
f 818/1915/463 925/2069/540 949/2070/541 823/1916/463
f 944/2071/542 912/2072/543 911/2073/544 941/2074/545
f 905/2075/538 906/2076/546 945/2077/547 946/2078/539
f 902/2079/548 901/2080/549 947/2081/550 936/2082/551
f 906/2076/546 916/2066/537 930/2065/536 945/2077/547
f 899/2083/552 897/2084/538 939/2085/539 929/2086/553
f 894/2087/554 902/2079/548 936/2082/551 935/2088/555
f 904/2089/556 903/2090/554 931/2091/555 937/2092/557
f 934/2093/558 937/2094/559 931/2095/558
f 931/2091/555 903/2090/554 908/2096/560 932/2097/561
f 914/2067/538 912/2098/543 944/2099/542 928/2068/539
f 944/2100/562 909/2101/563 928/2102/564
f 913/2103/565 943/2104/566 929/2105/567
f 898/2106/546 907/2107/537 942/2108/536 940/2109/547
f 897/2084/538 898/2106/546 940/2109/547 939/2085/539
f 895/2110/556 894/2087/554 935/2088/555 938/2111/557
f 901/2112/549 900/2113/568 943/2114/569 947/2115/550
f 911/2073/544 910/2116/554 933/2117/555 941/2074/545
f 907/2107/537 905/2075/538 946/2078/539 942/2108/536
f 900/2113/568 899/2083/552 929/2086/553 943/2114/569
f 822/1869/437 926/2035/437 883/2118/437 820/1966/437
f 930/2119/570 946/2120/571 945/2121/558
f 917/2122/560 904/2089/556 937/2092/557 934/2123/561
f 910/2124/572 911/2125/572 912/2126/572 914/2127/572
f 944/2100/562 941/2128/573 840/1977/497 909/2101/563
f 913/2129/574 893/2130/574 822/1981/500 838/1980/500
f 908/2096/560 895/2110/556 938/2111/557 932/2097/561
f 896/2131/437 821/1984/437 823/1902/437 915/2059/437
f 933/2117/555 910/2116/554 917/2122/560 934/2123/561
f 915/2059/437 949/2060/437 948/2132/437
f 896/2133/575 893/2134/575 913/2135/575 909/2136/575
f 941/2128/573 933/2137/558 840/1977/497
f 932/2138/558 938/2139/558 935/2140/558
f 838/1994/502 947/2141/576 943/2104/566 913/2103/565
f 939/2142/577 940/2143/558 942/2144/571
f 913/2103/565 929/2105/567 939/2142/577
f 933/2137/558 934/2093/558 840/1977/497
f 934/2093/558 931/2095/558 840/1977/497
f 840/1977/497 931/2095/558 932/2138/558 838/1994/502
f 932/2138/558 935/2140/558 838/1994/502
f 935/2140/558 936/2145/558 838/1994/502
f 936/2145/558 947/2141/576 838/1994/502
f 928/2102/564 909/2101/563 930/2119/570
f 930/2119/570 909/2101/563 946/2120/571
f 942/2144/571 913/2103/565 939/2142/577
f 946/2120/571 909/2101/563 913/2103/565 942/2144/571
f 926/2035/437 919/2146/437 918/2147/437 883/2118/437
f 922/2148/525 915/2149/529 948/2058/532 923/2057/531
f 924/2056/530 948/2058/532 949/2070/541 925/2069/540
f 899/2150/572 900/2151/572 901/2152/572 902/2153/572
f 910/2124/572 914/2127/572 916/2154/572 917/2155/572
f 917/2155/572 916/2154/572 906/2156/572 904/2157/572
f 904/2157/572 906/2156/572 905/2158/572 903/2159/572
f 903/2159/572 905/2158/572 907/2160/572 908/2161/572
f 895/2162/572 898/2163/572 897/2164/572 894/2165/572
f 908/2161/572 907/2160/572 898/2163/572 895/2162/572
f 897/2164/572 899/2150/572 902/2153/572 894/2165/572
f 924/2027/514 925/2049/524 892/2048/523 887/2024/511
f 967/2166/578 968/2167/579 952/2168/580 951/2169/581
f 968/2167/579 969/2170/582 953/2171/583 952/2168/580
f 969/2170/582 970/2172/584 954/2173/585 953/2171/583
f 970/2172/584 971/2174/586 955/2175/587 954/2173/585
f 971/2174/586 972/2176/588 956/2177/589 955/2175/587
f 972/2176/588 973/2178/590 957/2179/591 956/2177/589
f 973/2178/590 974/2180/592 958/2181/593 957/2179/591
f 974/2180/592 975/2182/594 959/2183/595 958/2181/593
f 975/2182/594 976/2184/596 960/2185/597 959/2183/595
f 976/2184/596 977/2186/598 961/2187/599 960/2185/597
f 977/2186/598 978/2188/600 962/2189/601 961/2187/599
f 978/2188/600 979/2190/602 963/2191/603 962/2189/601
f 979/2190/602 980/2192/604 964/2193/605 963/2191/603
f 980/2192/604 981/2194/606 965/2195/607 964/2193/605
f 983/2196/608 984/2197/609 968/2167/579 967/2166/578
f 984/2197/609 985/2198/610 969/2170/582 968/2167/579
f 985/2198/610 986/2199/611 970/2172/584 969/2170/582
f 986/2199/611 987/2200/612 971/2174/586 970/2172/584
f 987/2200/612 988/2201/613 972/2176/588 971/2174/586
f 988/2201/613 989/2202/614 973/2178/590 972/2176/588
f 989/2202/614 990/2203/615 974/2180/592 973/2178/590
f 990/2203/615 991/2204/616 975/2182/594 974/2180/592
f 991/2204/616 992/2205/617 976/2184/596 975/2182/594
f 992/2205/617 993/2206/618 977/2186/598 976/2184/596
f 993/2206/618 994/2207/619 978/2188/600 977/2186/598
f 994/2207/619 995/2208/620 979/2190/602 978/2188/600
f 995/2208/620 996/2209/621 980/2192/604 979/2190/602
f 996/2209/621 997/2210/622 981/2194/606 980/2192/604
f 966/2211/623 967/2166/578 951/2169/581 950/2212/624
f 999/2213/625 1000/2214/626 984/2197/609 983/2196/608
f 1000/2214/626 1001/2215/627 985/2198/610 984/2197/609
f 1001/2215/627 1002/2216/628 986/2199/611 985/2198/610
f 1002/2216/628 1003/2217/629 987/2200/612 986/2199/611
f 1003/2217/629 1004/2218/630 988/2201/613 987/2200/612
f 1004/2218/630 1005/2219/631 989/2202/614 988/2201/613
f 1005/2219/631 1006/2220/632 990/2203/615 989/2202/614
f 1006/2220/632 1007/2221/633 991/2204/616 990/2203/615
f 1007/2221/633 1008/2222/634 992/2205/617 991/2204/616
f 1008/2222/634 1009/2223/635 993/2206/618 992/2205/617
f 1009/2223/635 1010/2224/636 994/2207/619 993/2206/618
f 1010/2224/636 1011/2225/637 995/2208/620 994/2207/619
f 1011/2225/637 1012/2226/638 996/2209/621 995/2208/620
f 1012/2226/638 1013/2227/639 997/2210/622 996/2209/621
f 982/2228/640 983/2196/608 967/2166/578 966/2211/623
f 999/2213/625 1015/2229/641 1016/2230/642 1000/2214/626
f 1000/2214/626 1016/2230/642 1017/2231/643 1001/2215/627
f 1001/2215/627 1017/2231/643 1018/2232/644 1002/2216/628
f 1002/2216/628 1018/2232/644 1019/2233/645 1003/2217/629
f 1003/2217/629 1019/2233/645 1020/2234/646 1004/2218/630
f 1004/2218/630 1020/2234/646 1021/2235/647 1005/2219/631
f 1005/2219/631 1021/2235/647 1022/2236/648 1006/2220/632
f 1006/2220/632 1022/2236/648 1023/2237/649 1007/2221/633
f 1007/2221/633 1023/2237/649 1024/2238/650 1008/2222/634
f 1008/2222/634 1024/2238/650 1025/2239/651 1009/2223/635
f 1009/2223/635 1025/2239/651 1026/2240/652 1010/2224/636
f 1010/2224/636 1026/2240/652 1027/2241/653 1011/2225/637
f 1011/2225/637 1027/2241/653 1028/2242/654 1012/2226/638
f 1012/2226/638 1028/2242/654 1029/2243/655 1013/2227/639
f 1015/2229/641 1014/2244/656 1030/2245/657 1031/2246/658
f 1016/2230/642 1015/2229/641 1031/2246/658 1032/2247/659
f 1017/2231/643 1016/2230/642 1032/2247/659 1033/2248/660
f 1018/2232/644 1017/2231/643 1033/2248/660 1034/2249/661
f 1019/2233/645 1018/2232/644 1034/2249/661 1035/2250/662
f 1020/2234/646 1019/2233/645 1035/2250/662 1036/2251/663
f 1021/2235/647 1020/2234/646 1036/2251/663 1037/2252/664
f 1022/2236/648 1021/2235/647 1037/2252/664 1038/2253/665
f 1023/2237/649 1022/2236/648 1038/2253/665 1039/2254/666
f 1024/2238/650 1023/2237/649 1039/2254/666 1040/2255/667
f 1025/2239/651 1024/2238/650 1040/2255/667 1041/2256/668
f 1026/2240/652 1025/2239/651 1041/2256/668 1042/2257/669
f 1027/2241/653 1026/2240/652 1042/2257/669 1043/2258/670
f 1028/2242/654 1027/2241/653 1043/2258/670 1044/2259/671
f 1029/2243/655 1028/2242/654 1044/2259/671 1045/2260/672
f 1047/2261/673 1048/2262/674 1032/2247/659 1031/2246/658
f 1048/2262/674 1049/2263/675 1033/2248/660 1032/2247/659
f 1049/2263/675 1050/2264/676 1034/2249/661 1033/2248/660
f 1050/2264/676 1051/2265/677 1035/2250/662 1034/2249/661
f 1051/2265/677 1052/2266/678 1036/2251/663 1035/2250/662
f 1052/2266/678 1053/2267/679 1037/2252/664 1036/2251/663
f 1053/2267/679 1054/2268/680 1038/2253/665 1037/2252/664
f 1054/2268/680 1055/2269/681 1039/2254/666 1038/2253/665
f 1055/2269/681 1056/2270/682 1040/2255/667 1039/2254/666
f 1056/2270/682 1057/2271/683 1041/2256/668 1040/2255/667
f 1057/2271/683 1058/2272/684 1042/2257/669 1041/2256/668
f 1058/2272/684 1059/2273/685 1043/2258/670 1042/2257/669
f 1059/2273/685 1060/2274/686 1044/2259/671 1043/2258/670
f 1060/2274/686 1061/2275/687 1045/2260/672 1044/2259/671
f 998/2276/688 1014/2244/656 1015/2229/641 999/2213/625
f 1046/2277/689 1047/2261/673 1031/2246/658 1030/2245/657
f 998/2276/688 999/2213/625 983/2196/608 982/2228/640
f 1079/2278/690 1063/2279/691 1064/2280/692 1080/2281/693
f 1080/2281/693 1064/2280/692 1065/2282/694 1081/2283/695
f 1081/2283/695 1065/2282/694 1066/2284/696 1082/2285/697
f 1082/2285/697 1066/2284/696 1067/2286/698 1083/2287/699
f 1083/2287/699 1067/2286/698 1068/2288/700 1084/2289/701
f 1084/2289/701 1068/2288/700 1069/2290/702 1085/2291/703
f 1085/2291/703 1069/2290/702 1070/2292/704 1086/2293/705
f 1086/2293/705 1070/2292/704 1071/2294/706 1087/2295/707
f 1087/2295/707 1071/2294/706 1072/2296/708 1088/2297/709
f 1088/2297/709 1072/2296/708 1073/2298/710 1089/2299/711
f 1089/2299/711 1073/2298/710 1074/2300/712 1090/2301/713
f 1090/2301/713 1074/2300/712 1075/2302/714 1091/2303/715
f 1091/2303/715 1075/2302/714 1076/2304/716 1092/2305/717
f 1092/2305/717 1076/2304/716 1077/2306/718 1093/2307/719
f 1095/2308/720 1079/2278/690 1080/2281/693 1096/2309/721
f 1096/2309/721 1080/2281/693 1081/2283/695 1097/2310/722
f 1097/2310/722 1081/2283/695 1082/2285/697 1098/2311/723
f 1098/2311/723 1082/2285/697 1083/2287/699 1099/2312/724
f 1099/2312/724 1083/2287/699 1084/2289/701 1100/2313/725
f 1100/2313/725 1084/2289/701 1085/2291/703 1101/2314/726
f 1101/2314/726 1085/2291/703 1086/2293/705 1102/2315/727
f 1102/2315/727 1086/2293/705 1087/2295/707 1103/2316/728
f 1103/2316/728 1087/2295/707 1088/2297/709 1104/2317/729
f 1104/2317/729 1088/2297/709 1089/2299/711 1105/2318/730
f 1105/2318/730 1089/2299/711 1090/2301/713 1106/2319/731
f 1106/2319/731 1090/2301/713 1091/2303/715 1107/2320/732
f 1107/2320/732 1091/2303/715 1092/2305/717 1108/2321/733
f 1108/2321/733 1092/2305/717 1093/2307/719 1109/2322/734
f 1078/2323/735 1062/2324/736 1063/2279/691 1079/2278/690
f 1111/2325/737 1095/2308/720 1096/2309/721 1112/2326/738
f 1112/2326/738 1096/2309/721 1097/2310/722 1113/2327/739
f 1113/2327/739 1097/2310/722 1098/2311/723 1114/2328/740
f 1114/2328/740 1098/2311/723 1099/2312/724 1115/2329/741
f 1115/2329/741 1099/2312/724 1100/2313/725 1116/2330/742
f 1116/2330/742 1100/2313/725 1101/2314/726 1117/2331/743
f 1117/2331/743 1101/2314/726 1102/2315/727 1118/2332/744
f 1118/2332/744 1102/2315/727 1103/2316/728 1119/2333/745
f 1119/2333/745 1103/2316/728 1104/2317/729 1120/2334/746
f 1120/2334/746 1104/2317/729 1105/2318/730 1121/2335/747
f 1121/2335/747 1105/2318/730 1106/2319/731 1122/2336/748
f 1122/2336/748 1106/2319/731 1107/2320/732 1123/2337/749
f 1123/2337/749 1107/2320/732 1108/2321/733 1124/2338/750
f 1124/2338/750 1108/2321/733 1109/2322/734 1125/2339/751
f 1094/2340/752 1078/2323/735 1079/2278/690 1095/2308/720
f 1111/2325/737 1112/2326/738 1128/2341/753 1127/2342/754
f 1112/2326/738 1113/2327/739 1129/2343/755 1128/2341/753
f 1113/2327/739 1114/2328/740 1130/2344/756 1129/2343/755
f 1114/2328/740 1115/2329/741 1131/2345/757 1130/2344/756
f 1115/2329/741 1116/2330/742 1132/2346/758 1131/2345/757
f 1116/2330/742 1117/2331/743 1133/2347/759 1132/2346/758
f 1117/2331/743 1118/2332/744 1134/2348/760 1133/2347/759
f 1118/2332/744 1119/2333/745 1135/2349/761 1134/2348/760
f 1119/2333/745 1120/2334/746 1136/2350/762 1135/2349/761
f 1120/2334/746 1121/2335/747 1137/2351/763 1136/2350/762
f 1121/2335/747 1122/2336/748 1138/2352/764 1137/2351/763
f 1122/2336/748 1123/2337/749 1139/2353/765 1138/2352/764
f 1123/2337/749 1124/2338/750 1140/2354/766 1139/2353/765
f 1124/2338/750 1125/2339/751 1141/2355/767 1140/2354/766
f 1127/2342/754 1143/2356/768 1142/2357/769 1126/2358/770
f 1128/2341/753 1144/2359/771 1143/2356/768 1127/2342/754
f 1129/2343/755 1145/2360/772 1144/2359/771 1128/2341/753
f 1130/2344/756 1146/2361/773 1145/2360/772 1129/2343/755
f 1131/2345/757 1147/2362/774 1146/2361/773 1130/2344/756
f 1132/2346/758 1148/2363/775 1147/2362/774 1131/2345/757
f 1133/2347/759 1149/2364/776 1148/2363/775 1132/2346/758
f 1134/2348/760 1150/2365/777 1149/2364/776 1133/2347/759
f 1135/2349/761 1151/2366/778 1150/2365/777 1134/2348/760
f 1136/2350/762 1152/2367/779 1151/2366/778 1135/2349/761
f 1137/2351/763 1153/2368/780 1152/2367/779 1136/2350/762
f 1138/2352/764 1154/2369/781 1153/2368/780 1137/2351/763
f 1139/2353/765 1155/2370/782 1154/2369/781 1138/2352/764
f 1140/2354/766 1156/2371/783 1155/2370/782 1139/2353/765
f 1141/2355/767 1157/2372/784 1156/2371/783 1140/2354/766
f 1159/2373/785 1143/2356/768 1144/2359/771 1160/2374/786
f 1160/2374/786 1144/2359/771 1145/2360/772 1161/2375/787
f 1161/2375/787 1145/2360/772 1146/2361/773 1162/2376/788
f 1162/2376/788 1146/2361/773 1147/2362/774 1163/2377/789
f 1163/2377/789 1147/2362/774 1148/2363/775 1164/2378/790
f 1164/2378/790 1148/2363/775 1149/2364/776 1165/2379/791
f 1165/2379/791 1149/2364/776 1150/2365/777 1166/2380/792
f 1166/2380/792 1150/2365/777 1151/2366/778 1167/2381/793
f 1167/2381/793 1151/2366/778 1152/2367/779 1168/2382/794
f 1168/2382/794 1152/2367/779 1153/2368/780 1169/2383/795
f 1169/2383/795 1153/2368/780 1154/2369/781 1170/2384/796
f 1170/2384/796 1154/2369/781 1155/2370/782 1171/2385/797
f 1171/2385/797 1155/2370/782 1156/2371/783 1172/2386/798
f 1172/2386/798 1156/2371/783 1157/2372/784 1173/2387/799
f 1110/2388/800 1111/2325/737 1127/2342/754 1126/2358/770
f 1158/2389/801 1142/2357/769 1143/2356/768 1159/2373/785
f 1110/2388/800 1094/2340/752 1095/2308/720 1111/2325/737
f 1178/2390/802 1180/2391/802 1187/2392/802 1185/2393/802
f 1179/2394/803 1186/2395/803 1184/2396/803 1177/2397/803
f 1174/2398/804 1181/2399/804 1187/2400/804 1180/2401/804
f 1183/2402/805 1176/2403/805 1175/2404/805 1182/2405/805
f 1177/2406/806 1184/2407/806 1182/2408/806 1175/2409/806
f 1185/2410/806 1186/2411/806 1179/2412/806 1178/2413/806
f 1185/2414/3 1187/2415/3 1184/2416/3 1186/2417/3
f 1181/2418/3 1183/2419/3 1182/2420/3 1184/2416/3
f 1181/2421/807 1174/2422/807 1176/2423/807 1183/2424/807
f 1187/2415/3 1181/2418/3 1184/2416/3
f 1192/2425/808 1199/2426/808 1201/2427/808 1194/2428/808
f 1193/2429/809 1191/2430/809 1198/2431/809 1200/2432/809
f 1188/2433/804 1194/2434/804 1201/2435/804 1195/2436/804
f 1197/2437/810 1196/2438/810 1189/2439/810 1190/2440/810
f 1191/2441/811 1189/2442/811 1196/2443/811 1198/2444/811
f 1199/2445/811 1192/2446/811 1193/2447/811 1200/2448/811
f 1199/2449/18 1200/2450/18 1198/2451/18 1201/2452/18
f 1195/2453/18 1198/2451/18 1196/2454/18 1197/2455/18
f 1195/2456/807 1197/2457/807 1190/2458/807 1188/2459/807
f 1201/2452/18 1198/2451/18 1195/2453/18
f 1204/2460/812 1210/2461/813 1209/2462/814 1203/2463/815
f 1207/2464/816 1212/2465/817 1211/2466/818 1206/2467/819
f 1206/2467/819 1211/2466/818 1295/2468/820 1205/2469/821
f 1208/2470/822 1213/2471/823 1217/2472/824 1212/2465/817
f 1288/2473/825 1293/2474/826 1292/2475/827 1287/2476/828
f 1289/2477/829 1294/2478/830 1293/2474/826 1288/2473/825
f 1369/2479/831 1374/2480/832 1210/2481/833 1204/2482/834
f 1210/2461/813 1215/2483/835 1214/2484/836 1209/2462/814
f 1212/2465/817 1217/2472/824 1216/2485/837 1211/2466/818
f 1211/2466/818 1216/2485/837 1300/2486/838 1295/2468/820
f 1213/2471/823 1218/2487/839 1221/2488/840 1217/2472/824
f 1293/2474/826 1298/2489/841 1297/2490/842 1292/2475/827
f 1294/2478/830 1299/2491/843 1298/2489/841 1293/2474/826
f 1215/2483/835 1383/2492/844 1219/2493/845 1214/2484/836
f 1220/2494/846 1216/2485/837 1217/2472/824 1221/2488/840
f 1218/2487/839 1222/2495/847 1226/2496/848 1221/2488/840
f 1380/2497/849 1385/2498/850 1384/2499/851 1379/2500/852
f 1379/2500/852 1384/2499/851 1383/2501/853 1215/2502/854
f 1298/2489/841 1303/2503/855 1302/2504/856 1297/2490/842
f 1299/2491/843 1304/2505/857 1303/2503/855 1298/2489/841
f 1224/2506/858 1223/2507/859 1219/2493/845 1383/2492/844
f 1221/2488/840 1226/2496/848 1225/2508/860 1220/2494/846
f 1222/2495/847 1227/2509/861 1230/2510/862 1226/2496/848
f 1384/2499/851 1389/2511/863 1224/2512/864 1383/2501/853
f 1303/2503/855 1309/2513/865 1308/2514/866 1302/2504/856
f 1304/2505/857 1310/2515/867 1309/2513/865 1303/2503/855
f 1313/2516/868 1318/2517/869 1312/2518/870 1308/2514/866
f 1224/2506/858 1393/2519/871 1228/2520/872 1223/2507/859
f 1226/2496/848 1230/2510/862 1229/2521/873 1225/2508/860
f 1227/2509/861 1231/2522/874 1234/2523/875 1230/2510/862
f 1389/2511/863 1394/2524/876 1393/2525/877 1224/2512/864
f 1309/2513/865 1314/2526/878 1313/2516/868 1308/2514/866
f 1310/2515/867 1315/2527/879 1314/2526/878 1309/2513/865
f 1230/2510/862 1234/2523/875 1233/2528/880 1229/2521/873
f 1395/2529/881 1401/2530/882 1400/2531/883 1394/2524/876
f 1228/2520/872 1232/2532/884 1231/2522/874 1227/2509/861
f 1232/2532/884 1228/2520/872 1393/2519/871 1399/2533/885
f 1231/2522/874 1235/2534/886 1238/2535/887 1234/2523/875
f 1232/2532/884 1236/2536/888 1235/2534/886 1231/2522/874
f 1315/2527/879 1321/2537/889 1320/2538/890 1314/2526/878
f 1405/2539/891 1236/2536/888 1232/2532/884 1399/2533/885
f 1234/2523/875 1238/2535/887 1237/2540/892 1233/2528/880
f 1235/2534/886 1239/2541/893 1242/2542/894 1238/2535/887
f 1233/2528/880 1237/2540/892 1327/2543/895 1322/2544/896
f 1236/2536/888 1240/2545/897 1239/2541/893 1235/2534/886
f 1320/2538/890 1325/2546/898 1324/2547/899 1319/2548/900
f 1321/2537/889 1326/2549/901 1325/2546/898 1320/2538/890
f 1329/2550/902 1333/2551/903 1328/2552/904 1324/2547/899
f 1405/2539/891 1411/2553/905 1240/2545/897 1236/2536/888
f 1238/2535/887 1242/2542/894 1241/2554/906 1237/2540/892
f 1239/2541/893 1243/2555/907 1247/2556/908 1242/2542/894
f 1334/2557/909 1337/2558/910 1333/2551/903 1329/2550/902
f 1240/2545/897 1244/2559/911 1243/2555/907 1239/2541/893
f 1326/2549/901 1331/2560/912 1330/2561/913 1325/2546/898
f 1411/2553/905 1417/2562/914 1244/2559/911 1240/2545/897
f 1242/2542/894 1247/2556/908 1246/2563/915 1241/2554/906
f 1243/2555/907 1248/2564/916 1252/2565/917 1247/2556/908
f 1338/2566/918 1341/2567/919 1337/2558/910 1334/2557/909
f 1325/2546/898 1330/2561/913 1329/2550/902 1324/2547/899
f 1331/2560/912 1336/2568/920 1335/2569/921 1330/2561/913
f 1241/2554/906 1246/2563/915 1245/2570/922 1332/2571/923
f 1412/2572/924 1418/2573/925 1417/2574/926 1411/2575/927
f 1417/2562/914 1423/2576/928 1249/2577/929 1244/2559/911
f 1251/2578/930 1246/2563/915 1247/2556/908 1252/2565/917
f 1248/2564/916 1253/2579/931 1258/2580/932 1252/2565/917
f 1250/2581/933 1256/2582/934 1344/2583/935 1340/2584/936
f 1249/2577/929 1254/2585/937 1253/2579/931 1248/2564/916
f 1336/2568/920 1340/2584/936 1339/2586/938 1335/2569/921
f 1246/2563/915 1251/2578/930 1250/2587/939 1245/2570/922
f 1423/2576/928 1255/2588/940 1254/2585/937 1249/2577/929
f 1252/2565/917 1258/2580/932 1257/2589/941 1251/2578/930
f 1251/2578/930 1257/2589/941 1256/2590/942 1250/2587/939
f 1262/2591/943 1258/2580/932 1253/2579/931 1259/2592/944
f 1346/2593/945 1350/2594/946 1345/2595/947 1342/2596/948
f 1335/2569/921 1339/2586/938 1338/2566/918 1334/2557/909
f 1340/2584/936 1344/2583/935 1343/2597/949 1339/2586/938
f 1250/2581/933 1340/2584/936 1336/2568/920 1245/2598/950
f 1254/2585/937 1260/2599/951 1259/2592/944 1253/2579/931
f 1255/2588/940 1434/2600/952 1260/2599/951 1254/2585/937
f 1258/2580/932 1262/2591/943 1261/2601/953 1257/2589/941
f 1257/2589/941 1261/2601/953 1349/2602/954 1256/2590/942
f 1268/2603/955 1262/2591/943 1259/2592/944 1263/2604/956
f 1343/2597/949 1347/2605/957 1346/2593/945 1342/2596/948
f 1260/2599/951 1264/2606/958 1263/2604/956 1259/2592/944
f 1265/2607/959 1264/2606/958 1260/2599/951 1434/2600/952
f 1262/2591/943 1268/2603/955 1267/2608/960 1261/2601/953
f 1261/2601/953 1267/2608/960 1266/2609/961 1349/2602/954
f 1274/2610/962 1268/2603/955 1263/2604/956 1269/2611/963
f 1347/2605/957 1352/2612/964 1351/2613/965 1346/2593/945
f 1264/2606/958 1270/2614/966 1269/2611/963 1263/2604/956
f 1265/2607/959 1271/2615/967 1270/2614/966 1264/2606/958
f 1268/2603/955 1274/2610/962 1273/2616/968 1267/2608/960
f 1267/2608/960 1273/2616/968 1272/2617/969 1266/2609/961
f 1266/2618/970 1272/2619/971 1357/2620/972 1353/2621/973
f 1280/2622/974 1274/2610/962 1269/2611/963 1275/2623/975
f 1352/2612/964 1356/2624/976 1355/2625/977 1351/2613/965
f 1271/2615/967 1277/2626/978 1276/2627/979 1270/2614/966
f 1274/2610/962 1280/2622/974 1279/2628/980 1273/2616/968
f 1286/2629/981 1280/2622/974 1275/2623/975 1281/2630/982
f 1363/2631/983 1366/2632/984 1362/2633/985 1359/2634/986
f 1356/2624/976 1360/2635/987 1359/2634/986 1355/2625/977
f 1357/2620/972 1361/2636/988 1360/2635/987 1356/2624/976
f 1273/2616/968 1279/2628/980 1278/2637/989 1272/2617/969
f 1276/2627/979 1282/2638/990 1281/2630/982 1275/2623/975
f 1277/2626/978 1283/2639/991 1282/2638/990 1276/2627/979
f 1280/2622/974 1286/2629/981 1285/2640/992 1279/2628/980
f 1279/2628/980 1285/2640/992 1284/2641/993 1278/2637/989
f 1360/2635/987 1364/2642/994 1363/2631/983 1359/2634/986
f 1291/2643/995 1296/2644/996 1373/2645/997 1290/2646/998
f 1297/2490/842 1301/2647/999 1296/2644/996 1292/2475/827
f 1209/2462/814 1214/2484/836 1213/2471/823 1208/2470/822
f 1368/2648/1000 1372/2649/1001 1371/2650/1002 1367/2651/1003
f 1370/2652/1004 1375/2653/1005 1374/2480/832 1369/2479/831
f 1296/2644/996 1301/2647/999 1378/2654/1006 1373/2645/997
f 1302/2504/856 1307/2655/1007 1301/2647/999 1297/2490/842
f 1374/2480/832 1379/2500/852 1215/2502/854 1210/2481/833
f 1372/2649/1001 1377/2656/1008 1376/2657/1009 1371/2650/1002
f 1301/2647/999 1307/2655/1007 1306/2658/1010 1378/2654/1006
f 1300/2659/1011 1305/2660/1012 1304/2505/857 1299/2491/843
f 1308/2514/866 1312/2518/870 1307/2655/1007 1302/2504/856
f 1377/2656/1008 1382/2661/1013 1381/2662/1014 1376/2657/1009
f 1312/2518/870 1388/2663/1015 1306/2658/1010 1307/2655/1007
f 1311/2664/1016 1310/2515/867 1304/2505/857 1305/2660/1012
f 1382/2661/1013 1387/2665/1017 1386/2666/1018 1381/2662/1014
f 1312/2518/870 1318/2517/869 1317/2667/1019 1388/2663/1015
f 1311/2664/1016 1316/2668/1020 1315/2527/879 1310/2515/867
f 1319/2548/900 1323/2669/1021 1318/2517/869 1313/2516/868
f 1387/2665/1017 1392/2670/1022 1391/2671/1023 1386/2666/1018
f 1314/2526/878 1320/2538/890 1319/2548/900 1313/2516/868
f 1318/2517/869 1323/2669/1021 1398/2672/1024 1317/2667/1019
f 1316/2668/1020 1322/2673/1025 1321/2537/889 1315/2527/879
f 1324/2547/899 1328/2552/904 1323/2669/1021 1319/2548/900
f 1392/2670/1022 1397/2674/1026 1396/2675/1027 1391/2671/1023
f 1323/2669/1021 1328/2552/904 1404/2676/1028 1398/2672/1024
f 1322/2673/1025 1327/2677/1029 1326/2549/901 1321/2537/889
f 1413/2678/1030 1407/2679/1031 1402/2680/1032 1408/2681/1033
f 1397/2674/1026 1403/2682/1034 1402/2680/1032 1396/2675/1027
f 1328/2552/904 1333/2551/903 1410/2683/1035 1404/2676/1028
f 1327/2677/1029 1332/2684/1036 1331/2560/912 1326/2549/901
f 1332/2684/1036 1245/2598/950 1336/2568/920 1331/2560/912
f 1330/2561/913 1335/2569/921 1334/2557/909 1329/2550/902
f 1403/2682/1034 1409/2685/1037 1408/2681/1033 1402/2680/1032
f 1333/2551/903 1337/2558/910 1416/2686/1038 1410/2683/1035
f 1409/2685/1037 1415/2687/1039 1414/2688/1040 1408/2681/1033
f 1244/2559/911 1249/2577/929 1248/2564/916 1243/2555/907
f 1341/2567/919 1422/2689/1041 1416/2686/1038 1337/2558/910
f 1342/2596/948 1345/2595/947 1341/2567/919 1338/2566/918
f 1339/2586/938 1343/2597/949 1342/2596/948 1338/2566/918
f 1415/2687/1039 1421/2690/1042 1420/2691/1043 1414/2688/1040
f 1341/2567/919 1345/2595/947 1428/2692/1044 1422/2689/1041
f 1418/2573/925 1424/2693/1045 1423/2694/1046 1417/2574/926
f 1421/2690/1042 1427/2695/1047 1426/2696/1048 1420/2691/1043
f 1426/2696/1048 1431/2697/1049 1436/2698/1050 1430/2699/1051
f 1344/2583/935 1348/2700/1052 1347/2605/957 1343/2597/949
f 1350/2594/946 1433/2701/1053 1428/2692/1044 1345/2595/947
f 1351/2613/965 1354/2702/1054 1350/2594/946 1346/2593/945
f 1429/2703/1055 1435/2704/1056 1434/2705/1057 1255/2706/1058
f 1427/2695/1047 1432/2707/1059 1431/2697/1049 1426/2696/1048
f 1348/2700/1052 1353/2621/973 1352/2612/964 1347/2605/957
f 1354/2702/1054 1439/2708/1060 1433/2701/1053 1350/2594/946
f 1355/2625/977 1358/2709/1061 1354/2702/1054 1351/2613/965
f 1435/2704/1056 1440/2710/1062 1265/2711/1063 1434/2705/1057
f 1432/2707/1059 1438/2712/1064 1437/2713/1065 1431/2697/1049
f 1353/2621/973 1357/2620/972 1356/2624/976 1352/2612/964
f 1358/2709/1061 1444/2714/1066 1439/2708/1060 1354/2702/1054
f 1359/2634/986 1362/2633/985 1358/2709/1061 1355/2625/977
f 1270/2614/966 1276/2627/979 1275/2623/975 1269/2611/963
f 1438/2712/1064 1443/2715/1067 1442/2716/1068 1437/2713/1065
f 1358/2709/1061 1362/2633/985 1449/2717/1069 1444/2714/1066
f 1445/2718/1070 1450/2719/1071 1277/2720/1072 1271/2721/1073
f 1447/2722/1074 1452/2723/1075 1456/2724/1076 1451/2725/1077
f 1443/2715/1067 1448/2726/1078 1447/2722/1074 1442/2716/1068
f 1361/2636/988 1365/2727/1079 1364/2642/994 1360/2635/987
f 1366/2632/984 1454/2728/1080 1449/2717/1069 1362/2633/985
f 1450/2719/1071 1455/2729/1081 1283/2730/1082 1277/2720/1072
f 1448/2726/1078 1453/2731/1083 1452/2723/1075 1447/2722/1074
f 1372/2649/1001 1368/2648/1000 1290/2732/1084 1373/2733/1085
f 1371/2650/1002 1376/2657/1009 1380/2497/849 1375/2653/1005
f 1203/2463/815 1209/2462/814 1208/2470/822 1202/2734/1086
f 1205/2735/1087 1295/2736/1088 1294/2478/830 1289/2477/829
f 1373/2733/1085 1378/2737/1089 1377/2656/1008 1372/2649/1001
f 1375/2653/1005 1380/2497/849 1379/2500/852 1374/2480/832
f 1376/2657/1009 1381/2662/1014 1385/2498/850 1380/2497/849
f 1214/2484/836 1219/2493/845 1218/2487/839 1213/2471/823
f 1295/2736/1088 1300/2659/1011 1299/2491/843 1294/2478/830
f 1382/2661/1013 1377/2656/1008 1378/2737/1089 1306/2738/1090
f 1381/2662/1014 1386/2666/1018 1390/2739/1091 1385/2498/850
f 1219/2493/845 1223/2507/859 1222/2495/847 1218/2487/839
f 1216/2485/837 1220/2494/846 1305/2740/1092 1300/2486/838
f 1388/2741/1093 1387/2665/1017 1382/2661/1013 1306/2738/1090
f 1385/2498/850 1390/2739/1091 1389/2511/863 1384/2499/851
f 1386/2666/1018 1391/2671/1023 1395/2529/881 1390/2739/1091
f 1220/2494/846 1225/2508/860 1311/2742/1094 1305/2740/1092
f 1223/2507/859 1228/2520/872 1227/2509/861 1222/2495/847
f 1387/2665/1017 1388/2741/1093 1317/2743/1095 1392/2670/1022
f 1390/2739/1091 1395/2529/881 1394/2524/876 1389/2511/863
f 1401/2530/882 1395/2529/881 1391/2671/1023 1396/2675/1027
f 1225/2508/860 1229/2521/873 1316/2744/1096 1311/2742/1094
f 1397/2674/1026 1392/2670/1022 1317/2743/1095 1398/2745/1097
f 1394/2524/876 1400/2531/883 1399/2746/1098 1393/2525/877
f 1396/2675/1027 1402/2680/1032 1407/2679/1031 1401/2530/882
f 1229/2521/873 1233/2528/880 1322/2544/896 1316/2744/1096
f 1398/2745/1097 1404/2747/1099 1403/2682/1034 1397/2674/1026
f 1401/2530/882 1407/2679/1031 1406/2748/1100 1400/2531/883
f 1400/2531/883 1406/2748/1100 1405/2749/1101 1399/2746/1098
f 1404/2747/1099 1410/2750/1102 1409/2685/1037 1403/2682/1034
f 1407/2679/1031 1413/2678/1030 1412/2572/924 1406/2748/1100
f 1406/2748/1100 1412/2572/924 1411/2575/927 1405/2749/1101
f 1419/2751/1103 1413/2678/1030 1408/2681/1033 1414/2688/1040
f 1237/2540/892 1241/2554/906 1332/2571/923 1327/2543/895
f 1410/2750/1102 1416/2752/1104 1415/2687/1039 1409/2685/1037
f 1413/2678/1030 1419/2751/1103 1418/2573/925 1412/2572/924
f 1425/2753/1105 1419/2751/1103 1414/2688/1040 1420/2691/1043
f 1416/2752/1104 1422/2754/1106 1421/2690/1042 1415/2687/1039
f 1419/2751/1103 1425/2753/1105 1424/2693/1045 1418/2573/925
f 1430/2699/1051 1425/2753/1105 1420/2691/1043 1426/2696/1048
f 1422/2754/1106 1428/2755/1107 1427/2695/1047 1421/2690/1042
f 1425/2753/1105 1430/2699/1051 1429/2703/1055 1424/2693/1045
f 1424/2693/1045 1429/2703/1055 1255/2706/1058 1423/2694/1046
f 1428/2755/1107 1433/2756/1108 1432/2707/1059 1427/2695/1047
f 1430/2699/1051 1436/2698/1050 1435/2704/1056 1429/2703/1055
f 1431/2697/1049 1437/2713/1065 1441/2757/1109 1436/2698/1050
f 1256/2582/934 1349/2758/1110 1348/2700/1052 1344/2583/935
f 1433/2756/1108 1439/2759/1111 1438/2712/1064 1432/2707/1059
f 1436/2698/1050 1441/2757/1109 1440/2710/1062 1435/2704/1056
f 1437/2713/1065 1442/2716/1068 1446/2760/1112 1441/2757/1109
f 1266/2618/970 1353/2621/973 1348/2700/1052 1349/2758/1110
f 1439/2759/1111 1444/2761/1113 1443/2715/1067 1438/2712/1064
f 1441/2757/1109 1446/2760/1112 1445/2718/1070 1440/2710/1062
f 1440/2710/1062 1445/2718/1070 1271/2721/1073 1265/2711/1063
f 1442/2716/1068 1447/2722/1074 1451/2725/1077 1446/2760/1112
f 1449/2762/1114 1448/2726/1078 1443/2715/1067 1444/2761/1113
f 1446/2760/1112 1451/2725/1077 1450/2719/1071 1445/2718/1070
f 1272/2619/971 1278/2763/1115 1361/2636/988 1357/2620/972
f 1449/2762/1114 1454/2764/1116 1453/2731/1083 1448/2726/1078
f 1451/2725/1077 1456/2724/1076 1455/2729/1081 1450/2719/1071
f 1292/2475/827 1296/2644/996 1291/2643/995 1287/2476/828
f 1278/2763/1115 1284/2765/1117 1365/2727/1079 1361/2636/988
f 1212/2465/817 1207/2464/816 1202/2734/1086 1208/2470/822
f 1367/2651/1003 1371/2650/1002 1375/2653/1005 1370/2652/1004
