# Blender 5.1.0
# www.blender.org
mtllib ape.mtl
o Object_7
v -3.877620 159.889999 3.315967
v -14.656500 150.106003 -9.095443
v -16.249100 149.763000 -9.269823
v -4.902120 160.091003 3.776467
v -0.554159 156.705002 -4.031253
v -0.565203 155.955994 -5.091253
v -15.147300 149.126999 -10.327003
v -0.572034 146.591003 -15.651503
v -0.565203 145.639008 -16.397503
v -16.038500 148.334000 -10.720404
v -15.147300 149.126999 -10.327003
v -19.424900 133.468002 -16.955502
v -20.194799 134.276001 -15.972502
v -16.920200 148.576004 -10.002803
v -27.152401 146.615982 0.971392
v -31.696096 160.414001 16.140697
v -17.920300 150.847000 -7.206183
v -16.920200 148.576004 -10.002803
v -23.626801 162.647995 7.970428
v -31.400593 161.672989 16.667696
v -23.626801 162.647995 7.970428
v -22.482000 162.891998 7.481607
v -16.249100 149.763000 -9.269823
v -17.920300 150.847000 -7.206183
v 16.031300 148.322998 -10.727604
v 0.559248 145.643997 -16.396702
v 0.572034 146.591003 -15.651503
v 15.129000 149.130005 -10.327304
v 0.571126 131.667999 -23.655802
v -0.571126 131.667999 -23.655802
v 0.566271 155.955002 -5.092563
v 0.572034 146.591003 -15.651503
v -0.572034 146.591003 -15.651503
v -12.500500 163.912994 17.247496
v -13.176000 164.225006 16.353098
v -21.371496 163.246994 19.213299
v -20.045498 162.968994 19.845999
v -31.490797 162.216995 18.138998
v -22.525196 163.117004 19.273699
v -23.684299 163.175003 9.400078
v -22.632099 163.259995 8.546787
v -31.955692 161.508987 19.015196
v -22.518997 162.505997 20.204597
v -24.542801 140.266998 29.542896
v -21.398195 162.431992 20.334396
v -22.518997 162.505997 20.204597
v -25.432196 142.305984 28.564096
v -0.565203 156.311996 22.991596
v -20.045498 162.968994 19.845999
v -0.565180 155.227997 23.527496
v 21.393002 162.424026 20.337795
v 20.045498 162.969025 19.845999
v 0.565106 156.311005 22.991596
v 0.565180 155.227997 23.527496
v -0.559275 161.270004 20.369896
v 0.559275 161.270004 20.369896
v -0.565203 137.977005 31.812798
v 0.603345 138.014999 31.792496
v -22.698999 88.808998 0.872175
v -23.057100 87.750900 1.048930
v -14.847900 86.428703 13.377600
v -14.730800 87.489891 12.631699
v -24.968903 71.996597 2.754300
v -24.542902 71.574692 3.859890
v -14.562700 85.863701 14.366100
v -16.341702 80.587097 17.072701
v -15.391101 81.003799 17.608101
v -13.664700 86.324799 14.945600
v -15.391101 81.003799 17.608101
v -0.816406 84.998901 20.737101
v -12.951100 87.313301 14.652400
v -13.664700 86.324799 14.945600
v -8.052660 92.003998 14.101900
v -0.588093 86.082298 20.336100
v -9.186250 92.062500 13.339300
v -13.668300 87.626999 13.830100
v -15.706700 91.895699 4.511900
v -14.730800 87.489891 12.631699
v -13.668300 87.626999 13.830100
v -14.609400 91.817596 6.087310
v 0.449823 76.633698 21.941200
v 1.398809 77.110100 22.389500
v 0.778311 85.021896 20.748899
v 0.000000 82.276604 20.830799
v 8.056590 92.014297 14.097400
v 0.572304 86.066498 20.353701
v 12.912000 87.328003 14.660900
v 15.391099 81.003799 17.608101
v 13.694100 86.369400 14.904400
v -0.595298 92.225197 16.045099
v 0.595298 92.225197 16.045099
v -0.449825 76.633698 21.941200
v -1.389461 77.099594 22.394300
v -13.361600 108.040001 -15.328900
v -14.064900 107.758003 -14.505300
v -20.088900 132.460999 -16.313803
v -19.345301 132.313004 -17.148003
v -25.156601 134.056000 7.683968
v -20.639900 133.604004 -15.125602
v -24.939301 132.957977 7.981748
v -20.194799 134.276001 -15.972502
v -27.242899 145.251007 0.943636
v -0.565203 130.531998 -23.851002
v -19.345301 132.313004 -17.148003
v -30.766497 140.257980 27.230795
v -30.326899 139.271988 26.840197
v -25.840496 139.508987 28.655796
v -25.996700 140.473984 29.137096
v -25.832504 133.858994 9.380157
v -24.945204 133.300995 10.025497
v -24.931200 138.869995 28.811195
v -25.840496 139.508987 28.655796
v -17.404699 121.695000 25.459297
v -24.221197 139.119003 29.639496
v -24.931200 138.869995 28.811195
v -18.449900 122.311996 24.813799
v -0.599862 136.882996 31.895899
v -31.955692 161.508987 19.015196
v -32.948196 160.942001 18.924799
v -0.563968 115.884003 25.839500
v -0.565203 116.906998 26.366800
v -16.868700 120.485001 25.014599
v -17.951000 121.204002 24.495598
v -18.449900 122.311996 24.813799
v -24.761200 132.477982 9.238728
v -24.931200 138.869995 28.811195
v -24.945204 133.300995 10.025497
v -9.650470 106.282997 17.731300
v -17.951000 121.204002 24.495598
v -10.655200 106.356003 17.200100
v 2.446309 74.890404 -16.646999
v 2.837448 73.802696 -16.177799
v 0.739548 72.467598 -14.618502
v 0.560614 73.622398 -15.461000
v 2.549708 69.477600 -11.658300
v -0.000002 71.951202 -13.873200
v 0.739548 72.467598 -14.618502
v 3.212438 70.247002 -12.242802
v -2.545962 69.477394 -11.657001
v -3.212442 70.246994 -12.242801
v -0.745589 72.466599 -14.619100
v -2.444831 74.893295 -16.643600
v -0.560618 73.622398 -15.461000
v -0.745589 72.466599 -14.619100
v -2.837452 73.802689 -16.177797
v -0.565203 81.151703 -18.771002
v 0.565585 81.151398 -18.770700
v 0.564314 82.255798 -19.012600
v 4.967629 81.275398 -17.788900
v 0.524260 95.843498 -18.354401
v 5.479630 82.426201 -17.613400
v -4.967630 81.275398 -17.788900
v -0.564314 82.255798 -19.012600
v -0.565203 95.789299 -18.339600
v -5.479630 82.426201 -17.613400
v 19.424900 133.468002 -16.955502
v 19.345301 132.313004 -17.148003
v 0.555742 130.541000 -23.855803
v 0.524631 112.077003 -21.116699
v -0.524631 112.077003 -21.116699
v 15.129000 149.130005 -10.327304
v 0.554159 156.705002 -4.031253
v 14.656500 150.106003 -9.095444
v -0.569263 159.860001 1.739217
v 0.567233 159.860992 1.740657
v 12.500400 163.908005 17.251896
v 11.656500 164.686005 16.723799
v 0.561057 162.309006 19.794897
v -0.568570 171.291000 14.406997
v -0.565203 162.313004 19.791496
v 0.568570 171.291000 14.406997
v -12.500500 163.912994 17.247496
v -11.656500 164.686005 16.723797
v 24.536299 140.271027 29.541298
v 0.599862 136.882996 31.895899
v 24.202997 139.107025 29.638098
v 0.572983 116.917000 26.368601
v 7.766670 93.154701 14.145000
v 0.591934 93.325699 15.784200
v 0.585065 105.307999 17.761600
v -0.585065 105.307999 17.761600
v -0.565203 93.299004 15.786400
v -7.770480 93.150299 14.142800
v -23.733700 128.425995 7.815359
v -16.971100 108.440002 7.355630
v -17.349600 108.261002 6.297350
v -27.358501 134.523987 8.168636
v -26.040703 134.289993 8.313798
v -27.189600 134.067001 9.244247
v -28.153296 145.526978 1.551178
v -27.242899 145.251007 0.943636
v -25.156601 134.056000 7.683968
v -26.040703 134.289993 8.313798
v -17.443600 104.217003 -0.466388
v -17.609501 104.783997 0.877505
v -23.626801 162.647995 7.970428
v -31.400593 161.672989 16.667696
v -13.525900 163.225998 7.142287
v -22.482000 162.891998 7.481607
v -13.944900 163.653000 8.276917
v -4.958340 161.309998 3.909347
v -4.902120 160.091003 3.776467
v -13.525900 163.225998 7.142287
v -12.407300 163.985992 7.119177
v -12.312100 164.867996 15.812097
v -12.998000 164.231995 8.127437
v -8.765180 170.841003 3.691677
v -12.407300 163.985992 7.119177
v -12.998000 164.231995 8.127437
v -8.904890 171.666000 4.494017
v -27.152401 146.615982 0.971392
v -28.325800 146.604004 1.717008
v -33.033691 161.066986 17.842196
v -31.696096 160.414001 16.140697
v -38.449696 156.685989 16.735598
v -38.319996 156.487991 17.854298
v -32.948196 160.942001 18.924799
v -33.033691 161.066986 17.842196
v -34.876297 145.925980 2.030788
v -34.265495 144.871994 1.796888
v -27.358501 134.523987 8.168636
v -28.720800 134.619003 8.107707
v -57.965900 135.563980 6.954738
v -35.493496 144.737991 1.816008
v -30.326899 139.271988 26.840197
v -31.406597 139.216003 26.443798
v -28.324097 134.187988 9.175916
v -57.965900 135.563980 6.954738
v -28.720800 134.619003 8.107707
v -58.125801 135.227997 8.027639
v -39.242096 155.867996 17.637501
v -31.972795 140.211990 26.780796
v -38.319996 156.487991 17.854298
v -59.544701 138.786987 17.090897
v -59.339901 137.745987 16.741997
v -31.406597 139.216003 26.443798
v -59.096607 135.604004 6.912379
v -59.261108 135.267990 7.985108
v -65.335205 135.531021 7.766109
v -65.180809 135.855011 6.697469
v -65.634308 137.343994 13.054500
v -66.753990 137.220993 12.893998
v -66.446106 135.326019 7.567589
v -75.729500 131.322037 4.074618
v -75.276299 131.814026 3.113579
v -66.288399 135.641022 6.482329
v -64.377808 140.197021 3.464260
v -65.180809 135.855011 6.697469
v -66.288399 135.641022 6.482329
v -65.464508 140.326019 3.158009
v -60.604401 138.737991 16.578596
v -65.690598 138.415985 13.480999
v -65.634308 137.343994 13.054500
v -60.405602 137.678986 16.196196
v -65.448700 143.651016 10.268300
v -66.569000 143.579010 10.136899
v -66.793991 138.292007 13.262797
v -77.635803 134.979034 15.102499
v -66.753990 137.220993 12.893998
v -77.529297 136.072037 15.494499
v -28.325800 146.604004 1.717008
v -34.876297 145.925980 2.030788
v -39.423996 156.039978 16.475098
v -60.136700 146.376007 10.675200
v -36.006298 145.774002 2.057709
v -60.297501 146.104980 11.759799
v -39.242096 155.867996 17.637501
v -61.292999 145.630981 11.477199
v -61.134399 145.901001 10.390100
v -65.313698 143.970993 9.191799
v -65.448700 143.651016 10.268300
v -65.412102 141.476013 3.370179
v -66.434311 143.892014 9.056279
v -64.347198 141.298996 3.709299
v -75.375801 146.274033 10.444099
v -66.569000 143.579010 10.136899
v -74.906799 146.707031 9.441039
v -57.376709 142.209991 2.701479
v -36.006298 145.774002 2.057709
v -57.206902 141.116989 2.500899
v -58.557400 142.054977 2.829549
v -58.363308 140.952988 2.600269
v -64.347198 141.298996 3.709299
v -70.556503 144.178024 -1.232391
v -65.412102 141.476013 3.370179
v -65.464508 140.326019 3.158009
v -70.558098 143.155029 -1.732321
v -99.739403 133.035049 -8.410020
v -76.388397 131.533020 2.678659
v -76.795601 131.134033 3.641719
v -100.106003 132.436050 -7.520331
v -70.558098 143.155029 -1.732321
v -75.276299 131.814026 3.113579
v -76.388397 131.533020 2.678659
v -71.536301 143.286026 -2.290811
v -77.635803 134.979034 15.102499
v -78.704399 134.766037 14.681000
v -102.124001 132.626053 -4.252331
v -78.704399 134.766037 14.681000
v -78.657402 135.835037 15.275100
v -102.671997 133.398041 -3.634051
v -75.375801 146.274033 10.444099
v -76.478798 146.320038 10.211399
v -103.900002 140.160049 -4.021911
v -76.478798 146.320038 10.211399
v -76.064598 146.803024 9.279389
v -103.652000 140.930038 -4.817390
v -100.227997 140.251053 -11.234300
v -71.518303 144.341034 -1.803411
v -70.556503 144.178024 -1.232391
v -99.763100 139.291046 -11.648600
v -100.227997 140.251053 -11.234300
v -71.518303 144.341034 -1.803411
v -100.828003 139.149048 -12.003500
v -99.739403 133.035049 -8.410020
v -100.792000 133.105042 -8.913970
v -102.124001 132.626053 -4.252331
v -102.975998 132.481049 -5.008191
v -101.129997 132.503052 -8.010010
v -103.101006 133.241043 -9.994370
v -100.792000 133.105042 -8.913970
v -103.105011 132.570038 -8.988730
v -103.519997 133.256042 -4.368510
v -104.907997 139.803040 -4.421751
v -103.900002 140.160049 -4.021911
v -103.779007 132.452026 -5.754119
v -103.519997 133.256042 -4.368510
v -104.207001 133.124039 -4.867980
v -104.706009 131.900040 -6.123000
v -104.026009 132.122055 -9.578910
v -107.828018 126.591057 -12.755604
v -107.945015 127.144035 -13.727402
v -103.986008 132.750061 -10.535700
v -104.026009 132.122055 -9.578910
v -112.638016 132.798035 -17.651400
v -104.726006 138.235046 -13.328000
v -103.101006 133.241043 -9.994370
v -103.986008 132.750061 -10.535700
v -103.741997 138.692047 -12.958500
v -105.847000 139.415039 -4.795910
v -106.928001 139.177048 -5.028240
v -105.146011 132.618027 -5.316810
v -104.207001 133.124039 -4.867980
v -110.313019 126.037048 -6.690444
v -104.706009 131.900040 -6.123000
v -110.763016 126.879036 -5.982913
v -104.091003 139.656052 -12.443400
v -104.654999 140.608047 -5.234080
v -101.311996 140.102051 -11.579000
v -105.847000 139.415039 -4.795910
v -104.907997 139.803040 -4.421751
v -105.866997 140.213043 -5.598100
v -105.095001 139.270035 -12.806000
v -106.949997 139.983032 -5.828869
v -113.940018 139.318039 -6.909959
v -113.748016 138.723053 -5.982039
v -106.928001 139.177048 -5.028240
v -104.091003 139.656052 -12.443400
v -101.311996 140.102051 -11.579000
v -113.073013 133.827026 -17.191700
v -105.095001 139.270035 -12.806000
v 0.567233 159.860992 1.740657
v 0.563156 160.921005 2.201477
v 3.877560 159.889008 3.314137
v 4.905850 160.089996 3.775087
v 3.800100 161.001999 3.480617
v -0.569263 159.860001 1.739217
v -3.877620 159.889999 3.315967
v -0.563156 160.921005 2.201477
v -3.800100 161.001999 3.480617
v 0.565850 162.123993 1.568557
v -0.566497 162.123993 1.568857
v -16.729500 107.306999 7.223610
v -10.351300 105.330002 16.779400
v -10.655200 106.356003 17.200100
v -9.368290 105.227997 17.324900
v -10.351300 105.330002 16.779400
v -8.745870 93.174896 13.498500
v -0.565203 106.325996 18.209299
v 17.404699 121.695000 25.459297
v 0.563968 115.884003 25.839500
v 16.868700 120.485001 25.014599
v 0.585352 106.341003 18.221100
v 13.182600 106.908997 -15.214400
v 0.526790 110.891998 -20.921499
v 13.359700 108.043999 -15.330300
v -0.534097 96.998802 -18.429800
v -0.565203 110.836998 -20.896299
v 0.534097 96.998802 -18.429800
v -13.182600 106.908997 -15.214399
v -13.361600 108.040001 -15.328900
v -13.671500 94.285400 -12.607200
v -13.918000 106.556999 -14.318299
v -13.182600 106.908997 -15.214399
v -12.876500 94.321899 -13.366900
v -17.382401 103.112999 -0.726973
v -18.021000 97.183403 -2.034220
v -18.037500 97.025200 -0.924778
v -17.513000 103.185997 0.432103
v -15.554100 93.317703 4.199380
v -17.055799 106.844002 6.098351
v -14.947200 92.876404 5.132570
v -14.609400 91.817596 6.087310
v -9.186250 92.062500 13.339300
v -8.745870 93.174896 13.498500
v 9.652740 106.279999 17.729799
v 9.367480 105.227997 17.324800
v -18.407600 95.810097 -0.863929
v -18.393101 96.102798 -2.043720
v -22.801001 88.626602 -0.237814
v -15.706700 91.895699 4.511900
v -13.898700 93.175301 -12.411100
v -17.064899 83.917099 -11.598300
v -17.851900 84.163399 -10.811900
v -13.898700 93.175301 -12.411100
v -13.351100 92.425697 -13.141600
v -12.536900 93.193398 -13.472400
v -12.876500 94.321899 -13.366900
v -6.906910 82.593498 -17.037600
v 12.542900 93.195900 -13.469500
v 12.919100 94.264503 -13.342000
v -6.117761 81.366791 -17.336098
v -3.531442 74.656998 -16.604000
v -16.441801 82.727997 -11.690300
v -112.432014 124.141037 -12.440803
v -112.581017 124.580040 -13.400603
v -108.793015 126.420036 -13.909902
v -108.745018 125.866035 -12.868302
v -107.945015 127.144035 -13.727402
v -108.793015 126.420036 -13.909902
v -113.343018 131.879028 -17.597603
v -107.828018 126.591057 -12.755604
v -110.313019 126.037048 -6.690444
v -111.204018 125.515045 -7.141713
v -116.736015 125.142029 -10.219303
v -115.734016 124.486023 -10.550203
v -111.684013 126.211037 -6.388493
v -113.748016 138.723053 -5.982039
v -114.655014 137.926041 -6.414910
v -111.684013 126.211037 -6.388493
v -119.228012 128.199997 -12.184102
v -119.166016 127.781021 -11.170403
v -114.655014 137.926041 -6.414910
v -114.885017 138.434052 -7.488131
v -113.073013 133.827026 -17.191700
v -114.885017 138.434052 -7.488131
v -113.894012 132.923050 -17.327805
v -116.755013 126.384018 -15.095002
v -117.715012 126.978027 -14.852804
v -113.894012 132.923050 -17.327805
v -117.454018 126.116020 -14.220803
v -116.755013 126.384018 -15.095002
v -113.984016 124.339035 -12.943604
v -116.647018 124.915024 -11.276503
v -119.073013 126.932014 -12.102502
v -116.647018 124.915024 -11.276503
v -116.736015 125.142029 -10.219303
v -117.454018 126.116020 -14.220803
v -117.715012 126.978027 -14.852804
v -0.000001 74.809700 20.120001
v -0.000001 76.134201 20.527500
v -0.449825 76.633698 21.941200
v -0.413770 75.265602 21.473301
v -1.579521 75.984489 22.461399
v -15.762501 79.924400 17.842899
v -4.532852 67.208992 20.855999
v -1.076941 74.443298 22.043699
v -5.365313 67.870491 21.361399
v -0.722451 65.842499 16.911501
v -0.101440 66.425896 16.225901
v -1.076941 74.443298 22.043699
v -0.000002 61.991402 6.509901
v -0.000003 61.804199 5.393320
v 0.015065 61.973202 6.511290
v 0.103215 61.823799 5.396720
v -0.103221 61.823799 5.396720
v -0.011857 61.973701 6.514510
v -1.282673 62.181595 4.784190
v -1.148412 62.587997 -3.028361
v -1.914373 62.525597 4.352140
v -2.142073 63.074902 -2.833360
v -0.011857 61.973701 6.514510
v 0.011189 64.883492 12.615399
v -1.073272 62.295792 6.178560
v -0.742758 64.727501 14.472599
v -1.073272 62.295792 6.178560
v -1.870523 62.403397 5.734460
v -17.868603 74.948601 17.356001
v -18.176302 73.863693 17.087797
v -5.717412 66.852692 21.008600
v -7.831653 51.364002 11.887600
v -4.839552 65.800095 20.088497
v -8.776653 51.247803 12.491700
v -4.532852 67.208992 20.855999
v -4.839552 65.800095 20.088497
v -2.357383 63.615398 13.814099
v -7.831653 51.364002 11.887600
v -2.832322 62.321198 12.604099
v -0.722451 65.842499 16.911501
v -2.357383 63.615398 13.814099
v -2.009353 63.014194 12.081899
v -0.742758 64.727501 14.472599
v -6.391582 54.490295 3.616390
v -2.764122 62.223995 10.888399
v -2.935913 61.999195 4.963440
v -5.773602 55.845596 3.526289
v -2.935913 61.999195 4.963440
v -2.764122 62.223995 10.888399
v -16.341702 80.587097 17.072701
v -18.660402 75.141197 16.570400
v -25.162102 70.123894 2.895320
v -19.004202 73.867897 16.241301
v -18.660402 75.141197 16.570400
v -21.462605 54.386997 8.871059
v -20.658804 54.068501 9.601279
v -18.176302 73.863693 17.087797
v -18.251802 83.114304 -10.601500
v -23.154499 87.561401 -0.065617
v -17.851900 84.163399 -10.811900
v -25.207802 71.143394 1.755920
v -24.110205 56.679798 0.126339
v -25.232603 69.990501 1.773560
v -21.740904 69.856689 -8.678439
v -21.577402 70.978104 -8.814520
v -24.106104 56.680000 1.242920
v -6.463752 73.175491 -12.882899
v -7.612002 73.004593 -12.271699
v -17.544401 82.334999 -11.171500
v -20.652102 71.106590 -9.601460
v -21.577402 70.978104 -8.814520
v -18.251802 83.114304 -10.601500
v -19.395504 70.138992 -9.716139
v -7.019292 64.918793 -11.063799
v -6.560742 72.014999 -12.235300
v -21.172604 53.205299 -7.438230
v -20.889004 69.550591 -9.377899
v -7.396672 63.864098 -10.903599
v -22.021904 53.614799 -6.741170
v -21.740904 69.856689 -8.678439
v -5.639772 72.371902 -12.836100
v -3.212442 70.246994 -12.242801
v -3.897262 69.417999 -11.870000
v -0.000002 62.824699 -4.135360
v -1.287483 63.017296 -4.076270
v -3.447352 68.480789 -11.236799
v -2.303823 63.517799 -3.866840
v -6.071112 64.641190 -10.473300
v -3.447352 68.480789 -11.236799
v -6.071112 64.641190 -10.473300
v -2.909463 63.561691 -3.761790
v -6.430233 63.581902 -10.313200
v -3.831463 63.354897 -3.060750
v -7.571183 51.098598 -8.297259
v -8.461923 50.953701 -8.988149
v -6.430233 63.581902 -10.313200
v -3.831463 63.354897 -3.060750
v -3.609242 62.992290 -1.679650
v -6.386802 54.612198 1.778660
v -2.985593 62.133801 3.832420
v -5.896012 55.819798 2.358269
v -2.604943 63.427296 -2.680460
v -2.985593 62.133801 3.832420
v -3.609242 62.992290 -1.679650
v -6.655582 53.525093 3.077219
v -8.052103 50.403801 11.310499
v -20.658804 54.068501 9.601279
v -9.000983 50.291599 11.918899
v -9.463882 48.256699 10.772198
v -20.807304 52.980000 9.332819
v -8.558273 48.198898 10.048298
v -8.052103 50.403801 11.310499
v -7.418353 47.926003 1.363230
v -6.634722 53.493195 1.933810
v -7.482283 48.011604 2.502160
v -7.571183 51.098598 -8.297259
v -7.649053 49.948799 -8.164799
v -24.033604 55.541698 1.103060
v -21.613903 53.299599 8.600499
v -22.094105 49.479900 8.039989
v -21.266104 49.436100 8.826558
v -21.613903 53.299599 8.600499
v -7.643243 46.889706 2.384500
v -8.558273 48.198898 10.048298
v -9.014863 47.174801 9.769568
v -10.062803 47.206799 10.440298
v -21.404203 48.321098 8.691638
v -10.946803 45.677803 10.427499
v -9.952902 45.406601 9.872998
v -9.014863 47.174801 9.769568
v -23.728205 48.002800 0.409172
v -22.229904 48.346806 7.906350
v -22.094105 49.479900 8.039989
v -23.816904 49.161098 0.364985
v -22.382904 46.245098 7.654209
v -21.594902 46.274101 8.489908
v -21.404203 48.321098 8.691638
v -22.021904 53.614799 -6.741170
v -24.033104 55.364204 -0.006821
v -23.778103 49.046799 -0.786993
v -22.051205 52.425301 -6.655770
v -22.651604 44.292706 -4.114960
v -23.702602 47.896000 -0.708071
v -22.234903 46.830399 -6.250220
v -22.107304 47.890800 -6.738150
v -23.484104 45.525902 0.892817
v -23.468102 45.327702 -0.213454
v -8.536263 49.827702 -8.862989
v -21.186604 52.062099 -7.384930
v -21.240805 47.724602 -7.465450
v -22.107304 47.890800 -6.738150
v -22.051205 52.425301 -6.655770
v -8.738023 46.597301 -8.650980
v -8.822002 45.543098 -8.258440
v -21.333004 46.664600 -7.100150
v -21.333004 46.664600 -7.100150
v -21.805304 44.022202 -4.932040
v -7.649053 49.948799 -8.164799
v -7.889833 46.623100 -7.907110
v -7.980113 45.555401 -7.384080
v -7.889833 46.623100 -7.907110
v -8.239162 43.350803 -5.763820
v -7.583433 46.778099 1.245329
v -9.093282 43.317699 -6.590779
v -8.822002 45.543098 -8.258440
v -9.952902 45.406601 9.872998
v -10.279302 44.330795 9.997927
v -8.205523 43.470501 2.023390
v -9.434673 32.694504 3.892860
v -8.348613 42.319901 2.036690
v -21.594902 46.274101 8.489908
v -21.468304 45.141201 8.636348
v -11.224003 44.574699 10.573598
v -10.730903 32.897305 12.507300
v -10.279302 44.330795 9.997927
v -11.607003 33.055599 13.211199
v -8.081512 43.306904 0.881999
v -9.515733 32.603405 2.776500
v -8.230853 42.173401 0.924559
v -10.996003 32.046604 -2.435880
v -8.453583 42.244301 -5.329420
v -12.060302 19.995804 1.024530
v -11.176102 30.968100 -2.112140
v -9.668002 31.493401 2.927170
v -10.787903 31.763403 12.450500
v -9.586532 31.562202 4.027979
v -10.730903 32.897305 12.507300
v -11.328902 20.033304 4.990620
v -11.400502 20.074003 3.862590
v -11.836503 18.360605 9.002950
v -12.683002 18.312105 9.751960
v -12.881703 14.404605 9.555340
v -12.068304 14.605104 8.770591
v -15.737404 13.277405 9.694980
v -12.910404 13.274205 9.596330
v -15.704904 14.405704 9.625410
v -12.871004 10.158205 10.017800
v -12.020102 10.091504 9.278979
v -12.096804 13.436905 8.783250
v -11.825404 15.474606 5.300710
v -12.068304 14.605104 8.770591
v -12.096804 13.436905 8.783250
v -11.829904 14.298406 5.343730
v -11.547902 18.956203 3.946150
v -11.479902 18.884104 5.068270
v -11.895203 15.599904 4.163099
v -11.388103 9.559335 5.446249
v -11.447803 9.397035 4.334939
v -11.899303 14.467006 4.212030
v -12.469704 14.490906 1.344580
v -12.406704 15.620605 1.480800
v -23.359703 44.417702 1.113670
v -22.314402 45.122200 7.764609
v -18.943701 34.274700 12.462299
v -22.314402 45.122200 7.764609
v -19.881903 34.295105 11.689300
v -15.477001 18.506804 9.718329
v -16.470503 18.605703 9.186899
v -16.737503 14.377604 9.157400
v -19.379301 14.224604 5.860630
v -19.264803 13.029706 5.974310
v -16.767303 13.249804 9.228370
v -16.737503 14.377604 9.157400
v -15.706803 10.049704 10.136799
v -16.767303 13.249804 9.228370
v -16.690704 10.046804 9.581010
v -20.874502 33.471500 -1.791840
v -23.344503 44.217400 0.014516
v -22.623001 43.238701 -3.683960
v -22.071600 33.541000 3.292570
v -22.048401 33.491600 2.150590
v -19.471502 19.120104 4.271600
v -19.739302 14.272005 4.779389
v -19.195105 19.017706 5.347520
v -19.640902 13.094205 4.924459
v -19.693602 13.373805 1.728290
v -19.607504 14.490005 1.920760
v -18.719202 10.119404 6.199949
v -19.119104 10.165206 5.108689
v -9.093282 43.317699 -6.590779
v -9.304063 42.303101 -6.079799
v -21.786404 43.002499 -4.446310
v -21.805304 44.022202 -4.932040
v -19.984802 33.385899 -2.491680
v -20.874502 33.471500 -1.791840
v -22.623001 43.238701 -3.683960
v -18.340302 19.120005 0.795485
v -18.802904 14.772606 1.120160
v -19.607504 14.490005 1.920760
v -19.171402 19.143003 1.569580
v -13.266403 15.605704 0.802175
v -13.454403 14.545905 0.376869
v -18.847404 13.748305 0.658435
v -19.085203 11.470906 -1.495970
v -19.388004 12.186505 -0.477490
v -18.847404 13.748305 0.658435
v -18.066803 11.796906 -2.023840
v -19.798504 10.680107 -0.141151
v -19.767405 11.427306 0.318968
v -19.388004 12.186505 -0.477490
v -19.440905 11.149207 -1.086750
v -19.727804 10.365306 1.332050
v -19.814304 10.568506 0.225267
v -10.996003 32.046604 -2.435880
v -11.925002 32.089500 -3.079650
v -8.453583 42.244301 -5.329420
v -12.145802 18.876904 1.216740
v -12.406704 15.620605 1.480800
v -13.046002 18.886906 0.533571
v -12.597804 9.595926 -0.221943
v -12.597404 13.031304 0.072061
v -12.414804 8.831205 0.845439
v -13.197803 11.758106 -2.096621
v -13.186604 12.391906 -1.619690
v -12.649503 11.034105 -1.444630
v -13.475604 11.847707 -2.230650
v -14.609303 12.006106 -2.421280
v -13.454403 14.545905 0.376869
v -13.186604 12.391906 -1.619690
v -18.348303 20.238903 0.623044
v -19.822104 32.248798 -2.242450
v -12.108301 31.018000 -2.767800
v -12.060302 19.995804 1.024530
v -12.961202 19.996704 0.330596
v -11.176102 30.968100 -2.112140
v -21.881701 32.359501 2.374810
v -20.706200 32.364498 -1.544060
v -19.175901 20.274103 1.396270
v -20.706200 32.364498 -1.544060
v -11.670803 31.922304 13.189300
v -18.718302 33.097202 12.548400
v -19.293203 20.210405 5.180490
v -19.609200 33.200901 11.830099
v -19.881903 34.295105 11.689300
v -21.892500 32.387798 3.490110
v -15.554302 19.639704 9.838229
v -19.609200 33.200901 11.830099
v -16.569202 19.727203 9.302979
v -11.764802 19.474804 9.181059
v -10.787903 31.763403 12.450500
v -12.611503 19.425606 9.933110
v -19.175901 20.274103 1.396270
v -19.557503 20.246803 4.125710
v -19.171402 19.143003 1.569580
v -16.470503 18.605703 9.186899
v -16.569202 19.727203 9.302979
v -11.764802 19.474804 9.181059
v -11.836503 18.360605 9.002950
v -12.145802 18.876904 1.216740
v -15.857304 8.955355 10.460199
v -12.687704 9.077795 10.325500
v -10.392504 5.138795 11.315699
v -11.829803 9.012625 9.585699
v -11.224003 5.132774 12.097498
v -11.095504 8.432465 5.351110
v -12.020102 10.091504 9.278979
v -11.829803 9.012625 9.585699
v -9.881353 5.120506 3.264649
v -11.163504 8.283035 4.165909
v -9.658234 5.145686 4.396870
v -12.261104 7.691966 0.727495
v -10.229303 4.023795 11.541399
v -11.056203 4.019074 12.300497
v -11.269004 0.749982 12.091599
v -10.439904 0.749776 11.323199
v -16.968803 0.000005 11.424799
v -11.265304 0.000005 11.267499
v -11.269004 0.749982 12.091599
v -16.876204 0.708226 12.231499
v -10.417704 0.000006 3.200099
v -9.660674 0.792898 3.754369
v -10.439904 0.749776 11.323199
v -9.453413 4.019335 4.127529
v -9.660674 0.792898 3.754369
v -9.894824 0.822485 2.608049
v -9.697674 4.002536 3.025599
v -12.174603 -0.000009 0.153997
v -11.285404 0.809416 0.142893
v -9.894824 0.822485 2.608049
v -20.041004 5.146456 6.080880
v -16.849802 8.953174 9.908788
v -16.690704 10.046804 9.581010
v -18.764503 8.995645 6.206840
v -17.965204 5.134105 11.593599
v -17.028503 5.131175 12.238699
v -16.849802 8.953174 9.908788
v -18.085104 4.017775 11.812599
v -17.793203 0.706464 11.569899
v -16.876204 0.708226 12.231499
v -17.157003 4.019935 12.449099
v -19.334003 0.000021 3.767699
v -17.793203 0.706464 11.569899
v -19.921003 0.749792 4.756309
v -19.873404 9.246226 1.230090
v -19.159803 9.033424 5.129300
v -20.296703 5.142666 4.972939
v -20.159002 4.038795 5.880739
v -20.423204 4.024626 4.710629
v -20.157701 0.771704 3.564499
v -19.921003 0.749792 4.756309
v -20.445904 0.747664 0.578576
v -19.603905 -0.000001 0.472557
v -20.157701 0.771704 3.564499
v -19.950504 9.712707 -0.806099
v -19.962803 9.430087 0.115031
v -20.776505 5.152386 0.985491
v -20.879301 5.152116 -0.143701
v -20.825203 4.037246 0.897220
v -20.927704 4.029746 -0.240753
v -20.595505 0.745017 -0.545752
v -20.445904 0.747664 0.578576
v -20.552402 -0.000008 -5.545101
v -19.751602 -0.000009 -0.652609
v -20.595505 0.745017 -0.545752
v -21.329403 0.799308 -5.353451
v -12.274404 -0.000009 -0.973196
v -12.408904 10.353606 -2.359771
v -12.368204 8.883057 -1.068640
v -11.582004 5.191276 -0.701207
v -12.249204 7.662966 -0.391042
v -11.434403 5.182256 0.422116
v -11.300204 9.333068 -4.667670
v -10.520603 8.453096 -6.428550
v -11.291103 4.028106 0.287688
v -11.285404 0.809416 0.142893
v -11.441304 0.792098 -0.977465
v -11.417503 3.984506 -0.799696
v -9.711524 0.768424 -8.118001
v -11.441304 0.792098 -0.977465
v -10.601603 -0.000008 -7.984641
v -11.542503 9.656218 -6.123971
v -12.968803 11.047906 -2.995270
v -13.526804 11.231505 -3.198061
v -13.475604 11.847707 -2.230650
v -13.197803 11.758106 -2.096621
v -12.968803 11.047906 -2.995270
v -18.951904 10.855307 -2.595591
v -19.593704 10.209206 -1.740901
v -19.085203 11.470906 -1.495970
v -21.209303 5.161797 -4.674351
v -20.844604 6.000418 -5.384231
v -9.588104 5.151867 -8.457741
v -10.189404 7.711318 -7.792690
v -9.721513 5.163507 -7.290720
v -9.743402 5.145207 -11.778700
v -10.346003 5.242948 -13.213299
v -11.087904 9.014148 -7.269910
v -12.637903 10.126206 -5.964970
v -11.542503 9.656218 -6.123971
v -11.087904 9.014148 -7.269910
v -12.531303 9.633258 -7.073950
v -14.652504 11.382908 -3.385591
v -13.850403 10.328807 -5.881480
v -12.610804 6.437838 -13.152201
v -13.707404 6.677588 -13.109001
v -13.646903 9.837646 -6.935440
v -17.976702 10.169507 -5.570380
v -17.993103 9.683778 -6.591980
v -9.604634 4.030678 -7.558241
v -9.711524 0.768424 -8.118001
v -9.610073 0.784728 -9.255710
v -9.479763 4.027767 -8.693090
v -20.649405 -0.000008 -6.686031
v -10.416704 -0.000008 -9.197141
v -10.613704 -0.000007 -13.371101
v -9.812863 0.804894 -13.096201
v -9.610073 0.784728 -9.255710
v -9.695014 4.001958 -13.127401
v -20.861603 -0.000007 -12.059400
v -20.649405 -0.000008 -6.686031
v -21.444405 0.798736 -6.477581
v -21.611904 0.822945 -11.692501
v -21.383804 4.032668 -5.347961
v -21.444902 3.975887 -6.493600
v -21.329403 0.799308 -5.353451
v -19.166601 6.100788 -12.445600
v -21.179705 5.064778 -6.492661
v -18.958904 9.016277 -6.574360
v -18.934704 9.557657 -5.477901
v -21.612501 3.610397 -11.710300
v -21.132101 4.536277 -11.844200
v -10.346003 5.242948 -13.213299
v -10.848404 4.778588 -14.164501
v -12.648103 5.763328 -14.124500
v -10.314103 0.809700 -14.143100
v -10.194304 3.827018 -14.124801
v -9.812863 0.804894 -13.096201
v -12.882302 3.037468 -16.443701
v -12.750303 4.202428 -15.807600
v -10.848404 4.778588 -14.164501
v -10.194304 3.827018 -14.124801
v -19.113602 5.486938 -13.415700
v -20.590601 4.489218 -13.036800
v -21.132101 4.536277 -11.844200
v -19.166601 6.100788 -12.445600
v -18.548004 2.967468 -16.251402
v -21.261702 3.499577 -12.784099
v -20.590601 4.489218 -13.036800
v -18.844301 4.167088 -15.263500
v -21.250202 0.822945 -12.798700
v -13.631203 -0.000007 -16.070801
v -12.880303 0.822228 -16.421602
v -10.314103 0.809700 -14.143100
v -18.553001 0.809746 -16.245001
v -17.783302 -0.000007 -15.985300
v -20.861603 -0.000007 -12.059400
v -21.250202 0.822945 -12.798700
v -18.051804 5.833368 -13.609901
v -17.638002 3.868508 -16.273500
v -18.844301 4.167088 -15.263500
v -13.949802 2.920598 -16.827499
v -17.526703 2.889588 -16.756802
v -17.638002 3.868508 -16.273500
v -13.894104 3.916048 -16.406202
v -17.528605 0.809746 -16.756702
v -18.553001 0.809746 -16.245001
v -18.548004 2.967468 -16.251402
v -13.631203 -0.000007 -16.070801
v -17.783302 -0.000007 -15.985300
v -13.970104 0.822228 -16.827103
v -12.750303 4.202428 -15.807600
v -13.894104 3.916048 -16.406202
v -13.738003 6.031497 -14.036700
v -12.880303 0.822228 -16.421602
v -18.123201 6.452068 -12.614600
v -18.958904 9.016277 -6.574360
v -17.965204 5.134105 11.593599
v -18.085104 4.017775 11.812599
v -10.392504 5.138795 11.315699
v -10.229303 4.023795 11.541399
v -18.951904 10.855307 -2.595591
v -17.990604 11.232507 -3.037690
v -18.934704 9.557657 -5.477901
v -14.609303 12.006106 -2.421280
v -8.177760 173.800003 11.236298
v -12.312100 164.867996 15.812097
v -11.656500 164.686005 16.723797
v -7.470500 173.798996 12.069697
v -5.352260 163.876999 1.829307
v -6.622970 165.285004 2.039537
v -5.641310 163.352997 -4.131273
v -6.330140 163.723999 -3.265653
v -6.749930 168.584000 -5.063493
v -6.040610 168.177994 -5.863973
v -8.856730 172.518005 3.222787
v -7.037370 169.647995 -5.345593
v -8.290760 171.192993 2.722717
v -10.708200 177.311005 -6.936423
v -10.044100 177.516006 -7.814573
v -6.258180 169.307999 -6.224683
v -0.546059 167.457993 -8.223733
v -0.557952 166.367004 -7.814473
v 5.641310 163.352997 -4.131273
v 0.561578 166.365005 -7.811523
v 0.546059 167.457993 -8.223733
v 6.040610 168.177994 -5.863973
v 6.257700 169.307999 -6.225123
v 0.563638 161.882996 -5.650434
v -0.563638 161.882996 -5.650434
v 0.542788 177.520004 -10.929403
v -0.565203 177.496994 -10.916203
v -9.464070 185.942993 -6.953663
v -7.458340 190.639008 -4.069763
v -8.745770 186.210999 -7.753683
v -9.430170 185.906998 -7.052063
v -8.299610 190.147995 -3.469633
v -10.594700 192.533005 3.765877
v -9.823430 193.356003 3.901547
v -7.472930 191.300995 -3.093273
v -8.472870 190.714996 -2.326403
v -0.565203 193.054993 -6.347773
v -7.472930 191.300995 -3.093273
v -0.537656 193.725006 -5.388153
v 7.491280 191.281998 -3.112383
v 7.458340 190.639008 -4.069763
v 0.528179 193.100006 -6.334483
v 0.537656 193.725006 -5.388153
v -0.556950 187.408997 -10.919403
v 0.556950 187.408997 -10.919403
v 0.565203 196.514999 4.027017
v -0.565203 196.514999 4.027017
v -8.687280 182.931000 13.950597
v -8.634890 182.858002 14.020698
v -7.835020 182.863007 14.712897
v -7.375090 189.882004 12.583297
v -8.337660 189.343994 12.084697
v -0.566337 192.113998 15.047398
v -0.565203 192.944000 14.281997
v -7.474680 190.705994 11.842497
v -10.595900 192.529007 4.911317
v -8.518360 190.154007 11.312798
v -7.474680 190.705994 11.842497
v -9.804880 193.311005 5.044217
v 7.486930 190.692001 11.854198
v 0.566337 192.944000 14.280397
v 0.566337 192.113998 15.047398
v 7.356130 189.867004 12.597397
v 0.565203 196.470001 5.156537
v -0.565203 196.470001 5.156537
v -0.565203 192.944000 14.281997
v 0.566337 192.944000 14.280397
v 0.549301 182.740005 17.796696
v -0.565203 182.757004 17.785198
v -9.139640 172.880997 4.847007
v -9.136360 172.783005 4.749647
v -8.315560 174.735992 10.633597
v -8.335600 174.772995 10.516797
v -0.564260 172.481995 14.267597
v -7.340550 174.931000 12.016197
v -7.470500 173.798996 12.069697
v 7.336480 174.934006 12.019497
v 0.567718 172.487000 14.267797
v 7.464810 173.787994 12.076597
v 0.549301 181.610992 17.751797
v -0.549301 181.610992 17.751797
v -9.786760 184.679993 -7.272173
v -9.723950 184.785004 -7.327863
v -8.982320 185.125000 -8.133983
v -10.183800 178.641006 -7.946543
v -10.826700 178.505997 -7.088183
v -10.857700 178.574005 -7.031973
v -0.541169 178.639999 -11.090603
v -0.565203 186.328003 -11.272902
v -9.823430 193.356003 3.901547
v -7.841570 181.740005 14.667897
v -6.622970 165.285004 2.039537
v -6.877500 165.438004 0.938678
v 10.147900 178.656998 -7.957523
v 10.019900 177.518005 -7.822793
v 0.541169 178.639999 -11.090603
v 0.558882 186.335999 -11.275503
v 8.982320 185.125000 -8.133983
v 8.745770 186.210999 -7.753683
v 9.823430 193.311005 5.031057
v 9.824660 193.356003 3.902417
v 7.835020 181.733002 14.668097
v 7.839350 182.858994 14.712497
v -5.515710 162.888000 -3.146843
v -6.023680 164.442993 0.759231
v -0.566497 162.123993 1.568857
v -5.352260 163.876999 1.829307
v -6.023680 164.442993 0.759231
v -0.564554 162.699005 0.580695
v 6.028140 164.445999 0.763204
v 5.352260 163.876999 1.829307
v 0.565850 162.123993 1.568557
v 0.564554 162.699005 0.580695
v -0.568314 161.419998 -4.603533
v 0.566759 161.419006 -4.605983
v -5.515710 162.888000 -3.146843
v 5.515710 162.888000 -3.146843
v -0.000002 62.373997 -3.098621
v 0.011189 64.883492 12.615399
v -0.000002 64.957397 13.522301
v -0.101440 66.425896 16.225901
v -0.000002 66.331100 15.637199
v 1.288798 63.016598 -4.074970
v 1.150918 62.588596 -3.030450
v 0.449823 76.633698 21.941200
v -0.000001 76.134201 20.527500
v -0.000001 74.809700 20.120001
v 0.413768 75.265602 21.473301
v -0.000002 61.991402 6.509901
v -0.011194 64.883492 12.615399
v 0.101436 66.425903 16.225901
v -0.000002 64.957397 13.522301
v -0.000002 66.331100 15.637199
v -59.096607 135.604004 6.912379
v -57.376709 142.209991 2.701479
v -58.557400 142.054977 2.829549
v -61.292999 145.630981 11.477199
v -60.297501 146.104980 11.759799
v -59.339901 137.745987 16.741997
v -60.405602 137.678986 16.196196
v 3.877560 159.889008 3.314137
v 4.905850 160.089996 3.775087
v 16.249100 149.763000 -9.269823
v 23.626801 162.648010 7.970427
v 18.051600 151.017014 -6.928353
v 16.249100 149.763000 -9.269823
v 22.482000 162.892014 7.481607
v 27.150900 146.618027 0.970645
v 16.902700 148.589996 -10.014203
v 18.051600 151.017014 -6.928353
v 31.720802 160.452011 16.196999
v 23.626801 162.648010 7.970427
v 31.373598 161.665009 16.629599
v 16.902700 148.589996 -10.014203
v 20.194799 134.276001 -15.972502
v 12.500400 163.908005 17.251896
v 20.045498 162.969025 19.845999
v 21.371500 163.247009 19.213297
v 13.176000 164.225006 16.353096
v 25.426796 142.246017 28.591297
v 22.526001 162.499008 20.206596
v 31.955698 161.509018 19.015198
v 31.490803 162.217026 18.138998
v 22.517599 163.118011 19.282597
v 22.526001 162.499008 20.206596
v 23.684299 163.175018 9.400077
v 22.625799 163.261017 8.552267
v 22.699200 88.808800 0.872001
v 14.730800 87.489899 12.631701
v 14.847900 86.428703 13.377600
v 23.057501 87.751701 1.048130
v 15.706700 91.895699 4.511900
v 14.609400 91.817596 6.087310
v 13.681500 87.601402 13.850700
v 14.730800 87.489899 12.631701
v 13.681500 87.601402 13.850700
v 9.186250 92.062500 13.339300
v 16.343000 80.586800 17.069000
v 14.595100 85.798897 14.363200
v 13.694100 86.369400 14.904400
v 15.391099 81.003799 17.608101
v 24.968899 71.996590 2.754300
v 24.542898 71.574692 3.859890
v 13.359700 108.043999 -15.330300
v 19.345301 132.313004 -17.148003
v 20.088900 132.460999 -16.313803
v 14.068600 107.764000 -14.498400
v 27.248102 145.266037 0.947245
v 20.644400 133.608994 -15.110202
v 20.194799 134.276001 -15.972502
v 25.155296 134.070007 7.655428
v 24.935598 132.949005 7.971089
v 30.766100 140.259033 27.230497
v 25.996696 140.474014 29.137098
v 25.840496 139.509033 28.655798
v 30.326900 139.272034 26.840199
v 31.955698 161.509018 19.015198
v 32.952503 160.912033 18.932697
v 18.452101 122.316002 24.811798
v 24.925098 138.850021 28.791199
v 25.818998 133.852020 9.366570
v 25.840496 139.509033 28.655798
v 24.925098 138.850021 28.791199
v 24.950998 133.306015 9.997588
v 10.655200 106.356003 17.200100
v 17.951000 121.204002 24.493599
v 17.951000 121.204002 24.493599
v 24.761202 132.477997 9.238729
v 18.452101 122.316002 24.811798
v 24.925098 138.850021 28.791199
v 24.950998 133.306015 9.997588
v 16.971100 108.440002 7.355630
v 23.733698 128.425995 7.815359
v 17.349600 108.261002 6.297350
v 17.609301 104.781998 0.876289
v 17.443501 104.202003 -0.457878
v 28.153301 145.527023 1.551178
v 26.045198 134.294037 8.311389
v 25.155296 134.070007 7.655428
v 27.248102 145.266037 0.947245
v 27.358500 134.524033 8.168639
v 27.188797 134.067017 9.245438
v 26.045198 134.294037 8.311389
v 31.373598 161.665009 16.629599
v 23.626801 162.648010 7.970427
v 13.525899 163.225998 7.142287
v 13.940199 163.653000 8.271516
v 22.482000 162.892014 7.481607
v 4.958340 161.309998 3.909347
v 12.407300 163.986008 7.119177
v 13.525899 163.225998 7.142287
v 8.765180 170.841003 3.691677
v 8.904890 171.666000 4.494017
v 13.003700 164.223022 8.119957
v 12.407300 163.986008 7.119177
v 13.003700 164.223022 8.119957
v 12.312100 164.867996 15.812098
v 38.451305 156.686035 16.737198
v 33.025002 161.103027 17.869898
v 32.952503 160.912033 18.932697
v 38.320004 156.488037 17.854298
v 27.150900 146.618027 0.970645
v 31.720802 160.452011 16.196999
v 33.025002 161.103027 17.869898
v 28.325802 146.604034 1.717008
v 34.876503 145.926025 2.030578
v 34.265503 144.872025 1.796888
v 28.720800 134.619019 8.107708
v 27.358500 134.524033 8.168639
v 57.965904 135.564011 6.954738
v 35.493504 144.738037 1.816008
v 57.965904 135.564011 6.954738
v 58.125805 135.228012 8.027638
v 28.323803 134.188034 9.175589
v 28.720800 134.619019 8.107708
v 30.326900 139.272034 26.840199
v 31.406601 139.216034 26.443798
v 59.540905 138.793015 17.087696
v 31.976000 140.215027 26.778698
v 31.406601 139.216034 26.443798
v 59.339905 137.746017 16.741997
v 39.242104 155.868027 17.637499
v 38.320004 156.488037 17.854298
v 59.096603 135.604019 6.912378
v 65.180809 135.855026 6.697466
v 65.335205 135.531021 7.766107
v 59.261105 135.268021 7.985107
v 64.377808 140.197021 3.464256
v 65.466202 140.325027 3.158365
v 66.286606 135.640030 6.484856
v 65.180809 135.855026 6.697466
v 75.732498 131.318024 4.068154
v 66.447502 135.326035 7.568765
v 66.286606 135.640030 6.484856
v 75.272400 131.818024 3.113224
v 65.634300 137.344009 13.054497
v 66.754509 137.220016 12.893196
v 60.609604 138.744019 16.570597
v 60.405605 137.679016 16.196196
v 65.634300 137.344009 13.054497
v 65.690598 138.416016 13.480997
v 77.634300 134.979034 15.100696
v 77.535400 136.065033 15.498395
v 66.793411 138.291016 13.263196
v 66.754509 137.220016 12.893196
v 65.448700 143.651016 10.268297
v 66.568802 143.579010 10.136796
v 60.136307 146.376022 10.674997
v 39.423203 156.042038 16.477198
v 39.242104 155.868027 17.637499
v 60.297508 146.105011 11.759797
v 28.325802 146.604034 1.717008
v 34.876503 145.926025 2.030578
v 36.006306 145.774033 2.057708
v 61.293007 145.631012 11.477197
v 65.448700 143.651016 10.268297
v 65.313705 143.971008 9.191798
v 61.134506 145.901016 10.389697
v 75.374298 146.271027 10.444993
v 74.906097 146.707031 9.440454
v 66.433907 143.893021 9.056946
v 66.568802 143.579010 10.136796
v 65.409706 141.473038 3.368685
v 64.347198 141.299011 3.709296
v 57.378407 142.208008 2.697217
v 57.206909 141.117020 2.500897
v 36.006306 145.774033 2.057708
v 58.553116 142.054016 2.825167
v 64.347198 141.299011 3.709296
v 58.363304 140.953018 2.600267
v 70.556099 144.178024 -1.223737
v 70.558098 143.157028 -1.733348
v 65.466202 140.325027 3.158365
v 65.409706 141.473038 3.368685
v 99.739403 133.035019 -8.410028
v 100.106003 132.436020 -7.520339
v 76.795601 131.134033 3.641714
v 76.388397 131.533035 2.678653
v 77.634300 134.979034 15.100696
v 78.704399 134.766037 14.680995
v 70.558098 143.157028 -1.733348
v 71.536301 143.286026 -2.290818
v 76.388397 131.533035 2.678653
v 75.272400 131.818024 3.113224
v 102.124001 132.626022 -4.252339
v 102.671997 133.398010 -3.634058
v 78.657402 135.835037 15.275095
v 78.704399 134.766037 14.680995
v 75.374298 146.271027 10.444993
v 76.478798 146.320038 10.211393
v 103.900002 140.160019 -4.021919
v 103.654999 140.930008 -4.815939
v 76.064598 146.803024 9.279384
v 76.478798 146.320038 10.211393
v 100.227997 140.251022 -11.235209
v 71.518303 144.341034 -1.803418
v 70.556099 144.178024 -1.223737
v 99.763100 139.291016 -11.648609
v 71.518303 144.341034 -1.803418
v 100.227997 140.251022 -11.235209
v 100.828003 139.149017 -12.003510
v 100.792000 133.105011 -8.913980
v 99.739403 133.035019 -8.410028
v 103.100998 133.241028 -9.994379
v 103.105003 132.570038 -8.988739
v 101.129997 132.503036 -8.010018
v 100.792000 133.105011 -8.913980
v 102.124001 132.626022 -4.252339
v 102.975998 132.481033 -5.008199
v 103.778999 132.452026 -5.754128
v 104.207001 133.124023 -4.867989
v 103.519997 133.256027 -4.368518
v 103.519997 133.256027 -4.368518
v 104.907997 139.803009 -4.421760
v 103.900002 140.160019 -4.021919
v 112.641983 132.799042 -17.654116
v 103.982994 132.749023 -10.531208
v 103.100998 133.241028 -9.994379
v 104.723000 138.248032 -13.330911
v 103.741997 138.692032 -12.958510
v 107.827988 126.593063 -12.749714
v 104.025993 132.122025 -9.578918
v 103.982994 132.749023 -10.531208
v 107.944984 127.143059 -13.727314
v 104.025993 132.122025 -9.578918
v 104.705994 131.901031 -6.120900
v 110.307983 126.040054 -6.694314
v 110.763985 126.872047 -5.983173
v 105.148994 132.619034 -5.316849
v 104.705994 131.901031 -6.120900
v 105.847000 139.415024 -4.795919
v 104.207001 133.124023 -4.867989
v 106.928001 139.177032 -5.028250
v 105.847000 139.415024 -4.795919
v 105.866997 140.213028 -5.598110
v 104.654999 140.608017 -5.233261
v 104.907997 139.803009 -4.421760
v 104.091003 139.656036 -12.443410
v 101.309998 140.102020 -11.579909
v 113.918991 139.302048 -6.936852
v 106.949997 139.983032 -5.828519
v 106.928001 139.177032 -5.028250
v 113.781990 138.767044 -5.985481
v 105.098000 139.269028 -12.802611
v 104.091003 139.656036 -12.443410
v 101.309998 140.102020 -11.579909
v 105.098000 139.269028 -12.802611
v 113.068985 133.834045 -17.182814
v 10.655200 106.356003 17.200100
v 10.351300 105.330002 16.779400
v 16.736900 107.320000 7.215940
v 8.745870 93.174896 13.498500
v 10.351300 105.330002 16.779400
v 13.688300 94.336502 -12.576300
v 12.919100 94.264503 -13.342000
v 13.182600 106.908997 -15.214400
v 13.918000 106.556999 -14.318299
v 17.382401 103.112999 -0.726973
v 18.020599 97.183899 -2.034760
v 17.513000 103.185997 0.432103
v 18.032000 97.029602 -0.914651
v 15.552000 93.310898 4.201840
v 17.054800 106.825996 6.086630
v 14.947500 92.875801 5.132070
v 8.745870 93.174896 13.498500
v 9.186250 92.062500 13.339300
v 14.609400 91.817596 6.087310
v 22.801001 88.626602 -0.237814
v 18.393101 96.102798 -2.043720
v 18.407600 95.810097 -0.863929
v 13.898700 93.175301 -12.411100
v 15.706700 91.895699 4.511900
v 17.064899 83.917099 -11.598300
v 13.351100 92.425697 -13.141600
v 13.898700 93.175301 -12.411100
v 17.851999 84.168404 -10.809200
v 6.907730 82.594101 -17.037201
v 16.441799 82.727997 -11.690300
v 6.118110 81.366203 -17.335699
v 3.531439 74.656998 -16.604000
v 112.431984 124.141052 -12.440814
v 108.744987 125.866051 -12.868316
v 108.792984 126.420052 -13.909915
v 112.580986 124.580055 -13.400615
v 107.827988 126.593063 -12.749714
v 110.307983 126.040054 -6.694314
v 111.203987 125.515053 -7.141723
v 113.342987 131.879044 -17.597614
v 108.792984 126.420052 -13.909915
v 107.944984 127.143059 -13.727314
v 116.735985 125.142044 -10.219315
v 111.683983 126.211052 -6.388504
v 115.734985 124.486046 -10.550213
v 113.781990 138.767044 -5.985481
v 111.683983 126.211052 -6.388504
v 114.654984 137.926041 -6.414923
v 119.227989 128.200043 -12.184113
v 114.884987 138.434052 -7.488143
v 114.654984 137.926041 -6.414923
v 119.197990 127.788048 -11.187014
v 114.884987 138.434052 -7.488143
v 113.068985 133.834045 -17.182814
v 113.893982 132.923050 -17.327816
v 116.754990 126.384048 -15.095013
v 113.893982 132.923050 -17.327816
v 117.713989 126.992043 -14.849315
v 117.453995 126.116043 -14.220815
v 113.983986 124.339043 -12.943614
v 116.754990 126.384048 -15.095013
v 116.646988 124.915047 -11.276512
v 116.735985 125.142044 -10.219315
v 116.646988 124.915047 -11.276512
v 119.072990 126.932045 -12.102512
v 117.453995 126.116043 -14.220815
v 117.713989 126.992043 -14.849315
v 0.737796 65.841301 16.918200
v 1.079269 74.431099 22.039301
v 0.101436 66.425903 16.225901
v 4.532848 67.209000 20.856003
v 5.365309 67.870499 21.361403
v 1.588929 75.980698 22.458500
v 1.079269 74.431099 22.039301
v 15.762499 79.924400 17.842899
v 1.282668 62.181599 4.784190
v 1.916327 62.526096 4.352710
v 2.142067 63.074898 -2.833360
v 1.870518 62.403397 5.734460
v 1.075758 62.298100 6.179920
v -0.011194 64.883492 12.615399
v 2.009348 63.014191 12.081901
v 0.742754 64.727501 14.472599
v 4.532848 67.209000 20.856003
v 2.357378 63.615387 13.814099
v 4.839148 65.796700 20.084400
v 7.831647 51.363995 11.887601
v 2.832318 62.321198 12.604099
v 7.831647 51.363995 11.887601
v 8.778168 51.249195 12.491802
v 5.717028 66.852798 21.008802
v 4.839148 65.796700 20.084400
v 17.868599 74.948601 17.356003
v 18.179298 73.869499 17.088202
v 0.737796 65.841301 16.918200
v 2.357378 63.615387 13.814099
v 2.935908 61.999191 4.963440
v 2.782298 62.186893 10.787200
v 2.782298 62.186893 10.787200
v 6.391578 54.490295 3.616390
v 2.935908 61.999191 4.963440
v 5.775748 55.840897 3.523430
v 18.660398 75.141197 16.570402
v 16.343000 80.586800 17.069000
v 21.462599 54.386997 8.871061
v 19.006798 73.862198 16.235300
v 18.179298 73.869499 17.088202
v 20.658798 54.068497 9.601281
v 25.162098 70.123894 2.895320
v 18.660398 75.141197 16.570402
v 18.257099 83.110100 -10.593501
v 17.851999 84.168404 -10.809200
v 23.154499 87.561401 -0.065617
v 25.207798 71.143394 1.755920
v 24.114998 56.663696 0.146775
v 25.230999 69.986389 1.769200
v 24.106098 56.679996 1.242920
v 21.740799 69.857094 -8.679001
v 21.577398 70.978294 -8.814351
v 20.652098 71.106590 -9.601462
v 17.542400 82.327904 -11.171300
v 18.257099 83.110100 -10.593501
v 21.577398 70.978294 -8.814351
v 6.463748 73.175499 -12.882902
v 7.682508 73.027199 -12.260102
v 19.395498 70.138992 -9.716141
v 7.019288 64.918800 -11.063801
v 6.554518 72.035004 -12.243302
v 21.172598 53.205296 -7.438231
v 20.895899 69.559990 -9.377861
v 21.740799 69.857094 -8.679001
v 22.021898 53.614796 -6.741171
v 7.397377 63.863796 -10.903501
v 3.897258 69.417999 -11.870000
v 3.212438 70.247002 -12.242802
v 5.639768 72.371902 -12.836102
v 6.071107 64.641197 -10.473301
v 3.466808 68.413094 -11.195400
v 3.466808 68.413094 -11.195400
v 2.303818 63.517796 -3.866841
v 7.571177 51.098595 -8.297261
v 6.430228 63.581898 -10.313201
v 8.462448 50.954197 -8.988141
v 6.071107 64.641197 -10.473301
v 6.430228 63.581898 -10.313201
v 2.911508 63.564598 -3.758031
v 3.831458 63.354897 -3.060750
v 3.831458 63.354897 -3.060750
v 6.386738 54.612396 1.778170
v 3.609238 62.992294 -1.679650
v 2.985597 62.133797 3.832390
v 5.896928 55.817497 2.358630
v 2.985597 62.133797 3.832390
v 2.607408 63.429790 -2.681391
v 3.609238 62.992294 -1.679650
v 6.655578 53.525097 3.077220
v 8.052098 50.403797 11.310501
v 8.558269 48.198895 10.048301
v 9.460670 48.253803 10.771003
v 9.002759 50.291103 11.918001
v 8.052098 50.403797 11.310501
v 20.658798 54.068497 9.601281
v 20.807299 52.979996 9.332821
v 7.571177 51.098595 -8.297261
v 6.634868 53.492294 1.933160
v 7.418348 47.925995 1.363230
v 7.649048 49.948795 -8.164801
v 7.482248 48.009098 2.499480
v 22.094099 49.479897 8.039991
v 21.613897 53.299595 8.600501
v 21.266098 49.436096 8.826561
v 21.613897 53.299595 8.600501
v 24.033598 55.541695 1.103060
v 7.643969 46.887299 2.386680
v 9.014858 47.174797 9.769571
v 8.558269 48.198895 10.048301
v 10.946799 45.677898 10.427503
v 10.057698 47.208797 10.440801
v 9.014858 47.174797 9.769571
v 9.952898 45.406597 9.873000
v 21.404198 48.321095 8.691641
v 22.382898 46.245094 7.654211
v 22.229898 48.346798 7.906351
v 21.404198 48.321095 8.691641
v 21.593597 46.274998 8.490271
v 23.733099 48.017097 0.391162
v 23.816898 49.161095 0.364985
v 22.094099 49.479897 8.039991
v 23.778097 49.046795 -0.786993
v 24.023897 55.322697 -0.036885
v 22.021898 53.614796 -6.741171
v 22.051199 52.425297 -6.655771
v 23.484100 45.525902 0.892817
v 23.468500 45.322899 -0.205788
v 23.697500 47.880299 -0.718277
v 22.651598 44.292698 -4.114961
v 22.236097 46.828995 -6.245771
v 22.107300 47.890800 -6.738152
v 21.240801 47.724602 -7.465452
v 21.186598 52.062096 -7.384932
v 22.051199 52.425297 -6.655771
v 22.107300 47.890800 -6.738152
v 8.537308 49.827198 -8.862821
v 21.803999 44.022797 -4.932790
v 21.330997 46.662895 -7.099081
v 8.738258 46.597496 -8.650981
v 21.330997 46.662895 -7.099081
v 8.818459 45.544697 -8.260181
v 7.889828 46.623096 -7.907111
v 7.649048 49.948795 -8.164801
v 7.889828 46.623096 -7.907111
v 7.980108 45.555397 -7.384081
v 8.238998 43.351696 -5.762781
v 7.583427 46.778095 1.245330
v 8.818459 45.544697 -8.260181
v 9.093278 43.317696 -6.590780
v 8.205519 43.470501 2.023390
v 10.279298 44.330795 9.997930
v 9.952898 45.406597 9.873000
v 9.434329 32.681499 3.882390
v 8.350438 42.315998 2.042560
v 10.730901 32.897308 12.507302
v 11.604299 33.053104 13.211900
v 11.223198 44.575294 10.573600
v 10.279298 44.330795 9.997930
v 21.593597 46.274998 8.490271
v 21.466698 45.140095 8.637001
v 8.081508 43.306896 0.881999
v 10.995999 32.046600 -2.435880
v 8.230009 42.179199 0.929472
v 8.454268 42.241295 -5.323861
v 9.515729 32.603401 2.776500
v 12.060300 19.995800 1.024531
v 9.667999 31.493402 2.927171
v 11.176099 30.968102 -2.112140
v 11.329198 20.028097 4.985100
v 9.590209 31.550201 4.041330
v 11.400499 20.073999 3.862591
v 10.787899 31.763401 12.450500
v 10.730901 32.897308 12.507302
v 11.836498 18.360598 9.002951
v 12.068301 14.605100 8.770592
v 12.881701 14.404600 9.555341
v 12.683001 18.312101 9.751962
v 11.825400 15.474600 5.300712
v 11.829900 14.296300 5.345461
v 12.096801 13.436900 8.783152
v 12.068301 14.605100 8.770592
v 12.871002 10.158201 10.017802
v 12.909901 13.274500 9.596272
v 12.096801 13.436900 8.783152
v 12.020301 10.090799 9.280242
v 15.737401 13.277400 9.694982
v 15.704901 14.405700 9.625412
v 11.547898 18.956198 3.946151
v 11.895202 15.599902 4.163101
v 11.481299 18.876801 5.075070
v 12.468502 14.484402 1.350421
v 11.899100 14.468700 4.213681
v 12.406701 15.620600 1.480801
v 11.388102 9.559330 5.446252
v 11.449400 9.400559 4.330862
v 22.314398 45.122196 7.764610
v 23.359697 44.417698 1.113670
v 18.943701 34.274700 12.462300
v 19.884501 34.299099 11.681600
v 22.314398 45.122196 7.764610
v 15.477000 18.506800 9.718331
v 16.737499 14.377600 9.157402
v 16.470501 18.605700 9.186901
v 15.708701 10.047999 10.137102
v 16.690704 10.046801 9.581012
v 16.767300 13.249800 9.228371
v 19.379299 14.224600 5.860631
v 16.737499 14.377600 9.157402
v 16.767300 13.249800 9.228371
v 19.296900 13.064700 5.942811
v 22.071604 33.541004 3.292571
v 22.048401 33.491600 2.150590
v 23.342598 44.209198 0.009448
v 20.874500 33.471500 -1.791840
v 22.622997 43.238697 -3.683960
v 19.471502 19.120102 4.271601
v 19.215900 19.060900 5.310660
v 19.739300 14.272000 4.779391
v 18.720503 10.114599 6.195932
v 19.119104 10.165201 5.108691
v 19.631599 13.062100 4.890391
v 19.692402 13.388300 1.716701
v 19.607500 14.490000 1.920761
v 19.984699 33.386101 -2.491719
v 21.785099 43.001595 -4.446270
v 22.622997 43.238697 -3.683960
v 20.874500 33.471500 -1.791840
v 9.093278 43.317696 -6.590780
v 21.803999 44.022797 -4.932790
v 9.304058 42.303097 -6.079801
v 18.340900 19.120600 0.795482
v 19.171402 19.143002 1.569581
v 19.607500 14.490000 1.920761
v 18.802900 14.772600 1.120161
v 19.727402 10.366999 1.334021
v 19.767403 11.427299 0.318969
v 19.798502 10.680099 -0.141150
v 19.814302 10.568499 0.225268
v 19.451702 11.124699 -1.084229
v 19.388002 12.186500 -0.477489
v 19.085203 11.470901 -1.495970
v 18.060501 11.801399 -2.018960
v 18.837301 13.744900 0.651404
v 19.388002 12.186500 -0.477489
v 13.266402 15.605701 0.802176
v 18.837301 13.744900 0.651404
v 13.444701 14.551800 0.381702
v 10.995999 32.046600 -2.435880
v 8.454268 42.241295 -5.323861
v 11.924999 32.089500 -3.079650
v 12.145798 18.876898 1.216741
v 13.045998 18.886898 0.533572
v 12.406701 15.620600 1.480801
v 13.475601 11.847699 -2.230649
v 13.181501 12.414300 -1.599470
v 13.444701 14.551800 0.381702
v 14.629101 12.023200 -2.397990
v 12.649501 11.034099 -1.444629
v 12.597101 13.064700 0.084148
v 13.181501 12.414300 -1.599470
v 13.201200 11.762699 -2.095690
v 12.597802 9.595920 -0.221942
v 12.414501 8.832349 0.846486
v 18.348902 20.238504 0.623201
v 12.108300 31.018002 -2.767800
v 19.822100 32.248798 -2.242450
v 12.060300 19.995800 1.024531
v 11.176099 30.968102 -2.112140
v 12.961200 19.996700 0.330597
v 21.870300 32.337002 2.355901
v 20.706200 32.364498 -1.544060
v 20.706200 32.364498 -1.544060
v 19.175900 20.274099 1.396271
v 11.670599 31.922401 13.189300
v 18.718300 33.097202 12.548400
v 15.554300 19.639700 9.838231
v 16.568800 19.726700 9.303301
v 19.609301 33.198803 11.827500
v 19.609301 33.198803 11.827500
v 21.902803 32.408005 3.464761
v 19.884501 34.299099 11.681600
v 11.764799 19.474800 9.181061
v 12.611500 19.425600 9.933111
v 10.787899 31.763401 12.450500
v 19.175900 20.274099 1.396271
v 19.557501 20.246799 4.125711
v 19.278299 20.245199 5.207211
v 19.171402 19.143002 1.569581
v 16.470501 18.605700 9.186901
v 16.568800 19.726700 9.303301
v 11.836498 18.360598 9.002951
v 11.764799 19.474800 9.181061
v 12.145798 18.876898 1.216741
v 15.858303 8.956340 10.459804
v 12.687701 9.077789 10.325501
v 11.095500 8.432459 5.351111
v 11.830500 9.013979 9.586782
v 12.020301 10.090799 9.280242
v 10.392500 5.138789 11.315701
v 11.224000 5.132769 12.097503
v 11.830500 9.013979 9.586782
v 12.248201 7.672819 0.747454
v 11.163900 8.287139 4.170712
v 9.881350 5.120499 3.264651
v 9.658230 5.145679 4.396872
v 10.229100 4.020948 11.537502
v 10.439900 0.749769 11.323202
v 11.269000 0.749975 12.091603
v 11.052900 4.021489 12.300603
v 10.419200 -0.000002 3.200401
v 11.263900 -0.000002 11.269002
v 10.439900 0.749769 11.323202
v 9.660670 0.792890 3.754371
v 16.960602 -0.000002 11.413402
v 16.876202 0.708219 12.231503
v 11.269000 0.749975 12.091603
v 9.455970 4.004249 4.140771
v 9.689650 4.016479 3.039501
v 9.894820 0.822477 2.608051
v 9.660670 0.792890 3.754371
v 12.176502 -0.000017 0.155854
v 9.894820 0.822477 2.608051
v 11.285400 0.809408 0.142895
v 20.041002 5.146449 6.080882
v 18.763302 8.989809 6.211832
v 16.690704 10.046801 9.581012
v 16.849802 8.953169 9.908792
v 17.965202 5.134099 11.593602
v 16.849802 8.953169 9.908792
v 17.028503 5.131169 12.238704
v 18.084602 4.019258 11.814402
v 17.154402 4.017879 12.448903
v 16.876202 0.708219 12.231503
v 17.793201 0.706457 11.569901
v 19.334002 0.000013 3.767711
v 19.921001 0.749784 4.756311
v 17.793201 0.706457 11.569901
v 19.159801 9.033419 5.129302
v 19.873404 9.246860 1.229531
v 20.296701 5.142659 4.972941
v 20.154205 4.028039 5.887722
v 19.921001 0.749784 4.756311
v 20.157701 0.771696 3.564501
v 20.422901 4.032259 4.721372
v 20.445902 0.747656 0.578578
v 20.157701 0.771696 3.564501
v 19.603903 -0.000010 0.472559
v 19.950502 9.712699 -0.806098
v 19.962803 9.430080 0.115032
v 20.776503 5.152379 0.985493
v 20.879301 5.152109 -0.143699
v 20.823603 4.029909 0.903881
v 20.445902 0.747656 0.578578
v 20.595507 0.745008 -0.545750
v 20.928001 4.037058 -0.232656
v 12.275801 -0.000017 -0.974235
v 19.751602 -0.000017 -0.652607
v 20.552902 -0.000018 -5.545300
v 21.329401 0.799299 -5.353450
v 20.595507 0.745008 -0.545750
v 12.408899 10.353598 -2.359769
v 12.368201 8.883049 -1.068639
v 11.300200 9.333059 -4.667670
v 12.264802 7.686610 -0.360810
v 11.582002 5.191269 -0.701206
v 10.520600 8.453039 -6.428521
v 11.434402 5.182250 0.422118
v 11.269100 3.984688 0.322732
v 11.429100 4.028409 -0.754788
v 11.441300 0.792089 -0.977464
v 11.285400 0.809408 0.142895
v 9.711520 0.768415 -8.118001
v 10.599100 -0.000018 -7.986721
v 11.441300 0.792089 -0.977464
v 13.526801 11.231499 -3.198060
v 12.968801 11.047899 -2.995270
v 13.201200 11.762699 -2.095690
v 13.475601 11.847699 -2.230649
v 11.542500 9.656209 -6.123971
v 12.968801 11.047899 -2.995270
v 21.209301 5.161788 -4.674350
v 20.844603 6.000409 -5.384230
v 19.589703 10.206399 -1.755669
v 18.951902 10.855299 -2.595590
v 19.085203 11.470901 -1.495970
v 12.637901 10.126199 -5.964970
v 12.525101 9.627659 -7.080960
v 11.088400 9.014059 -7.270300
v 11.542500 9.656209 -6.123971
v 9.743660 5.148508 -11.766901
v 10.192300 7.724509 -7.783660
v 11.088400 9.014059 -7.270300
v 10.346000 5.242938 -13.213302
v 9.588100 5.151858 -8.457741
v 9.719880 5.160308 -7.294790
v 14.638501 11.391399 -3.370450
v 13.850401 10.328799 -5.881480
v 17.976103 10.169699 -5.569960
v 17.993101 9.683769 -6.591980
v 13.638601 9.841649 -6.928690
v 12.625201 6.438159 -13.166502
v 13.707401 6.677578 -13.109002
v 9.605600 4.027528 -7.555710
v 9.479761 4.027759 -8.693092
v 9.610070 0.784719 -9.255711
v 9.711520 0.768415 -8.118001
v 10.614000 -0.000018 -13.371002
v 10.413500 -0.000018 -9.195651
v 9.610070 0.784719 -9.255711
v 9.812859 0.804884 -13.096200
v 20.649403 -0.000018 -6.686030
v 9.694979 3.998358 -13.123900
v 20.861603 -0.000018 -12.059402
v 21.611902 0.822935 -11.692501
v 21.444403 0.798727 -6.477581
v 20.649403 -0.000018 -6.686030
v 21.383501 4.029508 -5.344820
v 21.329401 0.799299 -5.353450
v 21.444403 3.993898 -6.476740
v 21.132101 4.536268 -11.844201
v 21.174002 5.075448 -6.505940
v 21.611202 3.574848 -11.672301
v 19.180702 6.099529 -12.426402
v 18.958902 9.016269 -6.574360
v 18.934603 9.557849 -5.478190
v 12.638501 5.750018 -14.133002
v 10.848400 4.778578 -14.164502
v 10.346000 5.242938 -13.213302
v 12.885501 3.040908 -16.446503
v 10.194300 3.827008 -14.124802
v 10.848400 4.778578 -14.164502
v 12.750301 4.202418 -15.807602
v 10.314100 0.809690 -14.143102
v 9.812859 0.804884 -13.096200
v 10.194300 3.827008 -14.124802
v 19.113602 5.486928 -13.415702
v 19.180702 6.099529 -12.426402
v 21.132101 4.536268 -11.844201
v 20.590599 4.489208 -13.036800
v 21.250200 0.822935 -12.798700
v 21.261202 3.498658 -12.784702
v 18.532402 2.989998 -16.271301
v 18.844301 4.167078 -15.263502
v 20.590599 4.489208 -13.036800
v 13.631201 -0.000018 -16.070803
v 10.314100 0.809690 -14.143102
v 12.880301 0.822218 -16.421602
v 18.558102 0.820173 -16.238602
v 21.250200 0.822935 -12.798700
v 20.861603 -0.000018 -12.059402
v 17.783302 -0.000018 -15.985302
v 18.844301 4.167078 -15.263502
v 17.638002 3.868498 -16.273502
v 18.051802 5.833358 -13.609902
v 17.528605 0.809736 -16.756704
v 17.536703 2.899578 -16.756603
v 18.532402 2.989998 -16.271301
v 18.558102 0.820173 -16.238602
v 13.961902 2.908448 -16.827303
v 13.894101 3.916038 -16.406202
v 17.638002 3.868498 -16.273502
v 13.631201 -0.000018 -16.070803
v 13.970101 0.822218 -16.827103
v 17.783302 -0.000018 -15.985302
v 13.737999 6.031487 -14.036700
v 13.894101 3.916038 -16.406202
v 12.750301 4.202418 -15.807602
v 12.880301 0.822218 -16.421602
v 18.141602 6.442288 -12.628802
v 18.958902 9.016269 -6.574360
v 17.965202 5.134099 11.593602
v 18.084602 4.019258 11.814402
v 10.229100 4.020948 11.537502
v 10.392500 5.138789 11.315701
v 18.951902 10.855299 -2.595590
v 18.934603 9.557849 -5.478190
v 17.986902 11.231299 -3.041530
v 14.629101 12.023200 -2.397990
v 8.177900 173.800003 11.236097
v 7.464810 173.787994 12.076597
v 11.656500 164.686005 16.723799
v 12.312100 164.867996 15.812098
v 5.352260 163.876999 1.829307
v 6.622970 165.285004 2.039537
v 6.749930 168.584000 -5.063493
v 6.328880 163.714005 -3.270123
v 10.990300 177.908005 -7.054593
v 7.037370 169.647995 -5.345593
v 8.863060 172.528000 3.212487
v 8.290760 171.192993 2.722717
v 9.480100 185.886993 -6.994113
v 8.299610 190.147995 -3.469633
v 10.594700 192.533005 3.765877
v 8.504870 190.705002 -2.264333
v 7.491280 191.281998 -3.112383
v 9.824660 193.356003 3.902417
v 10.595900 192.529007 4.911317
v 7.486930 190.692001 11.854198
v 8.518360 190.154007 11.312798
v 8.691270 182.856995 13.971897
v 8.337660 189.343994 12.084697
v 8.697770 181.725998 13.909497
v 8.269690 175.529999 11.471997
v 9.163550 172.871002 4.792197
v 8.324720 174.798004 10.593497
v 9.777060 184.748993 -7.265453
v 6.622970 165.285004 2.039537
v 6.878700 165.442001 0.934686
v 5.515710 162.888000 -3.146843
v 6.028140 164.445999 0.763204
v 59.096603 135.604019 6.912378
v 58.553116 142.054016 2.825167
v 57.378407 142.208008 2.697217
v 61.293007 145.631012 11.477197
v 60.297508 146.105011 11.759797
v 60.405605 137.679016 16.196196
v 59.339905 137.746017 16.741997
v -119.073013 126.932014 -12.102502
v -9.186250 92.062500 13.339300
v -110.313019 126.037048 -6.690444
v -104.706009 131.900040 -6.123000
v -116.736015 125.142029 -10.219303
v -119.166016 127.781021 -11.170403
v -113.894012 132.923050 -17.327805
v -112.581017 124.580040 -13.400603
v -2.357383 63.615398 13.814099
v -0.722451 65.842499 16.911501
v -18.553001 0.809746 -16.245001
v -10.314103 0.809700 -14.143100
v -17.793203 0.706464 11.569899
v -10.439904 0.749776 11.323199
v -13.454403 14.545905 0.376869
v -13.197803 11.758106 -2.096621
v -8.765180 170.841003 3.691677
v -11.785300 176.524994 2.878457
v -11.302100 175.162003 3.912997
v -11.354200 175.018997 4.566327
v -11.338100 175.054001 4.425607
v -11.261000 174.899002 4.586037
v -18.407600 95.810097 -0.863929
v -22.698999 88.808998 0.872175
v -5.639772 72.371902 -12.836100
v -2.837452 73.802689 -16.177797
v -0.000002 66.331100 15.637199
v 0.000000 82.276604 20.830799
v -0.000002 61.991402 6.509901
v -0.011857 61.973701 6.514510
v -6.430233 63.581902 -10.313200
v 119.072990 126.932045 -12.102512
v 9.186250 92.062500 13.339300
v 110.307983 126.040054 -6.694314
v 104.705994 131.901031 -6.120900
v 116.735985 125.142044 -10.219315
v 119.197990 127.788048 -11.187014
v 113.893982 132.923050 -17.327816
v 112.580986 124.580055 -13.400615
v 2.357378 63.615387 13.814099
v 0.737796 65.841301 16.918200
v 18.558102 0.820173 -16.238602
v 10.314100 0.809690 -14.143102
v 17.793201 0.706457 11.569901
v 10.439900 0.749769 11.323202
v 13.444701 14.551800 0.381702
v 13.201200 11.762699 -2.095690
v 8.765180 170.841003 3.691677
v 22.699200 88.808800 0.872001
v 18.407600 95.810097 -0.863929
v 2.837448 73.802696 -16.177799
v 5.639768 72.371902 -12.836102
v -0.000002 66.331100 15.637199
v 0.000000 82.276604 20.830799
v 0.015065 61.973202 6.511290
v 6.430228 63.581898 -10.313201
v -17.920300 150.847000 -7.206183
v -16.920200 148.576004 -10.002803
v -16.038500 148.334000 -10.720404
v -21.398195 162.431992 20.334396
v -13.668300 87.626999 13.830100
v -12.951100 87.313301 14.652400
v -19.424900 133.468002 -16.955502
v -16.868700 120.485001 25.014599
v -17.404699 121.695000 25.459297
v -0.000002 71.951202 -13.873200
v -12.407300 163.985992 7.119177
v -31.696096 160.414001 16.140697
v -65.412102 141.476013 3.370179
v -70.556503 144.178024 -1.232391
v -102.671997 133.398041 -3.634051
v -103.986008 132.750061 -10.535700
v -105.146011 132.618027 -5.316810
v -105.866997 140.213043 -5.598100
v -106.949997 139.983032 -5.828869
v -13.671500 94.285400 -12.607200
v -107.945015 127.144035 -13.727402
v -111.204018 125.515045 -7.141713
v -113.748016 138.723053 -5.982039
v -113.940018 139.318039 -6.909959
v -117.454018 126.116020 -14.220803
v -0.413770 75.265602 21.473301
v -2.009353 63.014194 12.081899
v -17.868603 74.948601 17.356001
v -2.545962 69.477394 -11.657001
v -21.462605 54.386997 8.871059
v -22.229904 48.346806 7.906350
v -22.234903 46.830399 -6.250220
v -7.980113 45.555401 -7.384080
v -21.468304 45.141201 8.636348
v -21.786404 43.002499 -4.446310
v -18.847404 13.748305 0.658435
v -18.802904 14.772606 1.120160
v -8.239162 43.350803 -5.763820
v -13.454403 14.545905 0.376869
v -13.266403 15.605704 0.802175
v -10.417704 0.000006 3.200099
v -21.444405 0.798736 -6.477581
v -10.848404 4.778588 -14.164501
v -10.613704 -0.000007 -13.371101
v -18.844301 4.167088 -15.263500
v -11.656500 164.686005 16.723797
v -8.518360 190.154007 11.312798
v -9.753340 184.835007 -7.257773
v -9.498780 185.813004 -7.018783
v -10.595900 192.529007 4.911317
v -9.804880 193.311005 5.044217
v -9.134060 172.835007 4.676497
v -5.352260 163.876999 1.829307
v -6.330140 163.723999 -3.265653
v 0.011189 64.883492 12.615399
v -0.742758 64.727501 14.472599
v 16.902700 148.589996 -10.014203
v 16.031300 148.322998 -10.727604
v 21.393002 162.424026 20.337795
v 13.681500 87.601402 13.850700
v 12.912000 87.328003 14.660900
v 19.424900 133.468002 -16.955502
v 17.404699 121.695000 25.459297
v 16.868700 120.485001 25.014599
v 25.155296 134.070007 7.655428
v 12.407300 163.986008 7.119177
v 31.720802 160.452011 16.196999
v 65.409706 141.473038 3.368685
v 70.556099 144.178024 -1.223737
v 102.671997 133.398010 -3.634058
v 103.982994 132.749023 -10.531208
v 105.148994 132.619034 -5.316849
v 106.949997 139.983032 -5.828519
v 105.866997 140.213028 -5.598110
v 13.688300 94.336502 -12.576300
v 107.944984 127.143059 -13.727314
v 111.203987 125.515053 -7.141723
v 113.781990 138.767044 -5.985481
v 113.918991 139.302048 -6.936852
v 117.453995 126.116043 -14.220815
v 0.413768 75.265602 21.473301
v 2.009348 63.014191 12.081901
v 17.868599 74.948601 17.356003
v 2.549708 69.477600 -11.658300
v 21.462599 54.386997 8.871061
v 22.229898 48.346798 7.906351
v 22.236097 46.828995 -6.245771
v 7.980108 45.555397 -7.384081
v 21.466698 45.140095 8.637001
v 21.785099 43.001595 -4.446270
v 18.837301 13.744900 0.651404
v 18.802900 14.772600 1.120161
v 8.238998 43.351696 -5.762781
v 13.444701 14.551800 0.381702
v 13.266402 15.605701 0.802176
v 10.419200 -0.000002 3.200401
v 21.444403 0.798727 -6.477581
v 10.848400 4.778578 -14.164502
v 10.614000 -0.000018 -13.371002
v 18.844301 4.167078 -15.263502
v 11.656500 164.686005 16.723799
v 8.518360 190.154007 11.312798
v 8.269690 175.529999 11.471997
v 7.336480 174.934006 12.019497
v 9.823430 193.311005 5.031057
v 10.595900 192.529007 4.911317
v 5.352260 163.876999 1.829307
v 6.328880 163.714005 -3.270123
v -0.011194 64.883492 12.615399
v 0.742754 64.727501 14.472599
v -8.692730 181.653000 13.880797
v -8.274920 175.606003 11.501797
v -8.213470 175.494003 11.504897
v -8.641950 181.727005 13.958898
v -8.213470 175.494003 11.504897
v -7.340550 174.931000 12.016197
v -8.273300 175.481995 11.414297
v -8.321120 174.845993 10.651097
v -10.860500 178.419998 -7.022953
v -8.691700 182.781998 13.967697
v -8.697340 181.800995 13.913597
v -13.288700 186.501007 2.474347
v -13.610300 187.000000 2.015007
v -13.659800 187.167007 2.072387
v -13.288100 186.600006 2.563057
v -15.190500 187.022003 1.949287
v -13.787100 187.218994 2.017257
v -13.751000 187.106003 1.929357
v -15.143500 186.910004 1.864287
v -15.224700 188.067993 8.012927
v -15.090500 188.003006 8.029807
v -13.659800 187.167007 2.072387
v -13.787100 187.218994 2.017257
v -16.135099 185.897995 3.041137
v -15.331500 186.942993 2.018857
v -15.269600 186.837006 1.921347
v -16.087900 185.792007 2.952177
v -17.086500 187.828995 7.510977
v -17.006300 187.949005 7.589197
v -15.190500 187.022003 1.949287
v -15.331500 186.942993 2.018857
v -13.717100 180.669998 2.632187
v -15.269600 186.837006 1.921347
v -13.594700 180.688995 2.560197
v -16.878500 186.182007 6.745817
v -17.123800 187.757004 7.639817
v -17.086500 187.828995 7.510977
v -16.888300 186.119995 6.884657
v -17.570999 182.681000 10.516097
v -17.038900 187.884995 7.716647
v -17.576200 182.733994 10.323697
v -17.038900 187.884995 7.716647
v -15.247800 188.001007 8.139657
v -13.979300 186.307999 8.080267
v -13.943200 186.378998 7.956917
v -15.090500 188.003006 8.029807
v -15.109900 187.904007 8.161468
v -15.771500 182.384995 11.024898
v -15.109900 187.904007 8.161468
v -15.247800 188.001007 8.139657
v -15.913000 182.408005 11.062397
v -13.575900 180.535004 2.572417
v -13.165700 180.759003 2.505127
v -13.144500 180.610992 2.512217
v -14.390300 180.677994 3.533627
v -13.717100 180.669998 2.632187
v -13.693700 180.522995 2.642777
v -14.350000 180.529999 3.538687
v -13.065700 173.738998 2.785137
v -13.167900 173.738998 2.903597
v -13.693700 180.522995 2.642777
v -11.691800 174.929993 2.857587
v -11.642400 174.837997 2.960987
v -11.841300 174.292007 2.661567
v -11.846100 174.488007 2.608897
v -12.054100 173.490005 4.052197
v -11.944900 174.177994 2.648527
v -11.955200 173.582993 4.107557
v -13.039500 173.608002 2.869967
v -11.959200 174.309998 2.566887
v -11.944900 174.177994 2.648527
v -13.167900 173.738998 2.903597
v -13.184100 173.632996 3.021147
v -13.222400 174.070999 3.413377
v -13.351000 173.343994 3.539557
v -13.256100 173.947006 3.482827
v -13.351000 173.343994 3.539557
v -13.184100 173.632996 3.021147
v -13.039500 173.608002 2.869967
v -13.226400 173.261993 3.540137
v -11.578900 174.729004 4.505477
v -11.642300 174.666000 4.627727
v -12.029000 173.552002 4.233967
v -13.162600 173.535995 4.984217
v -12.145100 173.460007 4.176127
v -12.029000 173.552002 4.233967
v -13.086300 173.664993 5.033147
v -13.259500 173.197006 3.671017
v -12.054100 173.490005 4.052197
v -13.396700 173.604004 4.647457
v -13.355900 173.557999 4.513947
v -13.565500 172.822998 4.565207
v -13.567300 173.069000 4.681227
v -13.558000 172.811996 4.614457
v -13.565500 172.822998 4.565207
v -13.384300 173.279999 3.669927
v -13.272200 173.621994 5.050197
v -13.555900 173.052994 4.817817
v -13.558000 172.811996 4.614457
v -13.162600 173.535995 4.984217
v -16.141800 179.059006 6.265457
v -13.555900 173.052994 4.817817
v -16.080299 178.951996 6.385287
v -12.126200 175.212997 5.620737
v -13.157500 173.792007 5.122607
v -13.086300 173.664993 5.033147
v -12.065200 175.085999 5.517097
v -14.359300 178.938995 6.953617
v -14.508200 178.923996 6.922237
v -13.451700 173.748001 3.881427
v -13.428200 173.807007 3.753807
v -13.384300 173.279999 3.669927
v -12.990400 179.384003 7.101617
v -14.395400 179.057007 7.037607
v -12.961800 179.240997 7.071667
v -15.897500 182.261002 11.034997
v -14.542000 179.041000 7.005637
v -14.395400 179.057007 7.037607
v -15.724800 182.225998 10.943997
v -16.149000 179.072998 6.454467
v -16.080299 178.951996 6.385287
v -14.542000 179.041000 7.005637
v -15.625600 179.858002 5.873987
v -15.580100 179.733002 5.798057
v -16.199900 179.167007 6.347957
v -17.573700 182.537994 10.479897
v -17.570700 182.584000 10.301197
v -16.149000 179.072998 6.454467
v -13.061400 182.126007 8.004507
v -13.047900 182.270004 8.033107
v -15.771500 182.384995 11.024898
v -15.724800 182.225998 10.943997
v -17.570999 182.681000 10.516097
v -17.573700 182.537994 10.479897
v -15.897500 182.261002 11.034997
v -16.632900 182.723999 9.535857
v -17.570700 182.584000 10.301197
v -17.576200 182.733994 10.323697
v -16.650600 182.869003 9.543767
v -11.443300 174.985992 4.700617
v -11.566400 174.806000 4.663387
v -11.354200 175.018997 4.566327
v -11.992100 175.227997 5.563967
v -12.065200 175.085999 5.517097
v -16.156900 185.753006 3.090757
v -16.833900 186.033005 6.705597
v -14.411500 180.656998 3.677887
v -13.689300 179.794998 5.630017
v -16.834700 185.951996 6.842017
v -13.792000 179.768005 5.744067
v -16.560600 182.815002 9.432147
v -16.650600 182.869003 9.543767
v -14.368400 180.490005 3.683017
v -13.651600 179.651993 5.593117
v -13.471200 173.895004 3.930007
v -13.736200 179.617996 5.707897
v -13.444300 173.945999 3.805877
v -13.471200 173.895004 3.930007
v -15.443800 179.779999 5.755487
v -13.792000 179.768005 5.744067
v -13.736200 179.617996 5.707897
v -15.493000 179.912994 5.837267
v -15.443800 179.779999 5.755487
v -13.354400 173.712006 4.530577
v -15.580100 179.733002 5.798057
v -13.396700 173.604004 4.647457
v -15.493000 179.912994 5.837267
v -16.632900 182.723999 9.535857
v -13.273800 174.076996 3.553297
v -13.354400 173.712006 4.530577
v 13.315800 186.544006 2.436447
v 13.315200 186.641998 2.525207
v 13.659800 187.167007 2.072387
v 13.610300 187.000000 2.015007
v 15.225100 188.067993 8.012187
v 13.788000 187.218994 2.018017
v 13.659800 187.167007 2.072387
v 15.090500 188.003006 8.029807
v 15.190900 187.022003 1.948497
v 15.141600 186.908997 1.864567
v 13.749900 187.108002 1.929277
v 13.788000 187.218994 2.018017
v 16.135099 185.897995 3.041137
v 16.093599 185.794006 2.955707
v 15.269600 186.837006 1.921347
v 15.331500 186.942993 2.018857
v 13.717100 180.669998 2.632187
v 13.599500 180.682007 2.561797
v 15.269600 186.837006 1.921347
v 17.086500 187.828995 7.510977
v 15.331500 186.942993 2.018857
v 15.190900 187.022003 1.948497
v 17.004499 187.949005 7.588307
v 17.086500 187.828995 7.510977
v 17.123800 187.757004 7.639817
v 16.878500 186.182007 6.745817
v 16.888201 186.119995 6.882807
v 15.249100 188.000000 8.139987
v 17.039700 187.884995 7.716087
v 17.572599 182.681000 10.515897
v 17.576200 182.733994 10.323697
v 17.039700 187.884995 7.716087
v 13.979300 186.307999 8.080267
v 15.109900 187.904007 8.161468
v 15.090500 188.003006 8.029807
v 13.944100 186.382004 7.952177
v 15.771500 182.384995 11.024898
v 15.912200 182.406998 11.063197
v 15.249100 188.000000 8.139987
v 15.109900 187.904007 8.161468
v 13.569200 180.529999 2.571757
v 13.144500 180.610992 2.512217
v 13.165700 180.759003 2.505127
v 14.390500 180.677994 3.534087
v 14.350000 180.529999 3.538687
v 13.693700 180.522995 2.642777
v 13.717100 180.669998 2.632187
v 13.069800 173.731003 2.786177
v 13.693700 180.522995 2.642777
v 13.167900 173.738998 2.903597
v 11.206100 175.341003 3.268067
v 11.300800 175.328995 3.095407
v 11.827700 174.457001 2.599387
v 11.826400 174.287003 2.661617
v 13.042100 173.608002 2.868547
v 11.941100 174.177002 2.654047
v 11.949600 174.313995 2.565027
v 12.050400 173.488007 4.058027
v 11.914700 173.548996 4.097117
v 11.826400 174.287003 2.661617
v 11.941100 174.177002 2.654047
v 13.222600 174.070999 3.412237
v 13.184100 173.632996 3.021147
v 13.167900 173.738998 2.903597
v 13.351000 173.343994 3.539557
v 13.256100 173.947006 3.482827
v 13.351000 173.343994 3.539557
v 13.226400 173.261993 3.540127
v 13.042100 173.608002 2.868547
v 13.184100 173.632996 3.021147
v 11.947300 173.533005 4.242417
v 11.237000 174.108994 4.482077
v 11.232100 174.201004 4.367257
v 13.413700 172.886993 4.697657
v 12.085400 173.473999 4.199187
v 13.259400 173.197006 3.671057
v 12.438400 173.735001 5.254267
v 11.650800 174.307007 5.189437
v 12.322800 173.832993 5.280537
v 13.396700 173.604004 4.647457
v 13.570200 173.091003 4.684237
v 13.491200 173.044006 4.563687
v 13.355100 173.559006 4.515567
v 16.141800 179.059006 6.265457
v 16.077700 178.951004 6.385747
v 13.503300 172.938004 4.805017
v 12.503900 173.835999 5.358047
v 13.503300 172.938004 4.805017
v 13.384300 173.279999 3.669927
v 13.491200 173.044006 4.563687
v 11.700800 174.399994 5.297047
v 11.650800 174.307007 5.189437
v 12.322800 173.832993 5.280537
v 12.377400 173.927002 5.377347
v 14.347300 178.940002 6.957247
v 12.503900 173.835999 5.358047
v 14.497800 178.925003 6.925897
v 13.454700 173.755997 3.877647
v 13.384300 173.279999 3.669927
v 13.428200 173.807007 3.753807
v 12.961800 179.240997 7.071677
v 14.395100 179.057007 7.037967
v 12.990400 179.384003 7.101617
v 16.148199 179.072998 6.455237
v 14.543900 179.042007 7.006327
v 16.077700 178.951004 6.385747
v 15.898000 182.261002 11.034097
v 15.724800 182.225998 10.943997
v 14.395100 179.057007 7.037967
v 14.543900 179.042007 7.006327
v 15.624800 179.858002 5.872707
v 16.199900 179.167007 6.347957
v 15.580100 179.733002 5.798057
v 17.579000 182.539993 10.480497
v 16.148199 179.072998 6.455237
v 17.570700 182.584000 10.301197
v 13.061400 182.126007 8.004507
v 15.724800 182.225998 10.943997
v 15.771500 182.384995 11.024898
v 13.049400 182.272995 8.034047
v 17.572599 182.681000 10.515897
v 15.898000 182.261002 11.034097
v 17.579000 182.539993 10.480497
v 16.633301 182.723007 9.535757
v 16.650600 182.869003 9.543767
v 17.576200 182.733994 10.323697
v 17.570700 182.584000 10.301197
v 12.539800 180.261002 2.772377
v 12.674000 180.210007 2.793817
v 11.300800 175.328995 3.095407
v 11.192500 175.401001 3.027327
v 11.584200 174.438995 5.211527
v 11.206100 174.268005 4.537477
v 11.237000 174.108994 4.482077
v 11.650800 174.307007 5.189437
v 10.935600 174.505997 3.901217
v 11.232100 174.201004 4.367257
v 11.386400 174.953003 4.699947
v 16.156900 185.753006 3.090757
v 16.833900 186.033005 6.705597
v 16.560600 182.815002 9.432147
v 16.833799 185.949005 6.842867
v 16.650600 182.869003 9.543767
v 14.411500 180.656998 3.678357
v 13.689300 179.794998 5.630017
v 13.794000 179.768997 5.744247
v 13.651600 179.651993 5.593117
v 14.368400 180.490005 3.683017
v 13.469800 173.899002 3.938417
v 13.737700 179.617004 5.707647
v 13.794000 179.768997 5.744247
v 15.443800 179.779999 5.755487
v 15.493400 179.912994 5.836857
v 13.469800 173.899002 3.938417
v 13.444300 173.945999 3.805877
v 13.737700 179.617004 5.707647
v 15.580100 179.733002 5.798057
v 13.354400 173.712006 4.530577
v 13.396700 173.604004 4.647457
v 15.493400 179.912994 5.836857
v 16.633301 182.723007 9.535757
v 13.273800 174.076996 3.553297
v 13.354400 173.712006 4.530577
v -11.261000 174.899002 4.586037
v -11.709400 176.268005 6.196967
v -11.835400 176.199005 6.125017
v -11.443300 174.985992 4.700617
v -11.795700 176.492996 6.424607
v -11.709400 176.268005 6.196967
v -12.342700 178.755005 6.950387
v -11.926700 176.498001 6.347967
v -11.795700 176.492996 6.424607
v -12.197900 178.651001 6.998347
v -11.992100 175.227997 5.563967
v -11.835400 176.199005 6.125017
v -12.225400 178.822998 7.039127
v -12.197900 178.651001 6.998347
v -12.498900 179.880005 7.197907
v -12.378800 178.970993 7.006337
v -12.225400 178.822998 7.039127
v -12.378200 179.955994 7.284607
v -12.845300 179.335999 7.094057
v -12.842300 182.695999 7.728467
v -13.047900 182.270004 8.033107
v -12.954600 182.203003 7.929667
v -12.810100 182.503006 7.715427
v -12.651500 181.572006 7.517297
v -12.692900 181.860001 7.618417
v -12.954600 182.203003 7.929667
v -13.061400 182.126007 8.004507
v -12.520500 181.690994 7.605717
v -12.684100 182.653000 7.736387
v -12.810100 182.503006 7.715427
v -12.716600 182.798004 7.753957
v -12.684100 182.653000 7.736387
v -8.687280 182.931000 13.950597
v -8.697340 181.800995 13.913597
v -8.691700 182.781998 13.967697
v -13.444100 185.016998 7.973897
v -13.451900 185.266006 7.859317
v -13.850500 186.212006 7.944917
v -12.520500 181.690994 7.605717
v -12.512400 181.542007 7.565747
v -8.692730 181.653000 13.880797
v -12.388400 180.125000 7.327337
v -12.512400 181.542007 7.565747
v -12.521800 180.121002 7.288837
v -12.148400 187.039993 2.710407
v -12.726200 185.306000 3.027267
v -12.800200 185.619003 3.018367
v -12.382000 186.589005 2.930367
v -12.832400 181.348007 2.792817
v -12.859900 185.328003 3.032997
v -12.698900 181.552994 2.749917
v -12.694800 181.382004 2.769707
v -12.698900 181.552994 2.749917
v -12.726200 185.306000 3.027267
v -12.694800 181.382004 2.769707
v -12.547500 180.348007 2.758277
v -12.816200 181.134003 2.791047
v -12.706200 180.404007 2.792977
v -12.844600 186.031998 3.466857
v -12.832300 185.979996 3.691587
v -12.382000 186.589005 2.930367
v -12.148400 187.039993 2.710407
v -11.338100 175.054001 4.425607
v -11.627700 174.992996 2.997437
v -11.425900 175.130997 3.899347
v -11.902700 176.513000 3.017957
v -11.769800 176.151001 3.123077
v -11.823600 176.651993 2.888187
v -12.519700 180.186996 2.763787
v -11.425900 175.130997 3.899347
v -11.769800 176.151001 3.123077
v -11.785300 176.524994 2.878457
v -11.302100 175.162003 3.912997
v -12.519700 180.186996 2.763787
v -11.823600 176.651993 2.888187
v -11.902700 176.513000 3.017957
v -12.667300 180.207001 2.802967
v -13.529400 185.964005 7.177147
v -13.515600 185.876007 7.316537
v -12.547500 180.348007 2.758277
v -12.388400 180.125000 7.327337
v -12.378200 179.955994 7.284607
v -8.274920 175.606003 11.501797
v 11.945100 176.485001 6.344687
v 11.758300 175.992004 6.003027
v 11.584200 174.438995 5.211527
v 12.508100 179.871994 7.196507
v 12.392000 180.048004 7.301847
v 12.220300 178.742996 7.015027
v 12.389800 178.983002 7.008967
v 12.845300 179.335999 7.094057
v 12.356600 178.770004 6.955397
v 12.651800 181.572006 7.517427
v 13.061400 182.126007 8.004507
v 12.950600 182.203995 7.924357
v 12.695800 181.865997 7.621667
v 12.810900 182.498001 7.716887
v 12.950600 182.203995 7.924357
v 13.049400 182.272995 8.034047
v 12.845800 182.695007 7.732577
v 12.518200 181.619995 7.579347
v 12.810900 182.498001 7.716887
v 12.701700 182.725006 7.738387
v 13.847800 186.207993 7.942027
v 13.451900 185.266006 7.859317
v 13.442500 185.016998 7.972247
v 12.533400 180.121994 7.295897
v 12.145600 187.046997 2.709707
v 12.376600 186.597000 2.925987
v 12.801600 185.580002 3.015247
v 12.725600 185.266006 3.024547
v 12.835500 181.339996 2.781577
v 12.704100 181.462997 2.763527
v 12.862500 185.292999 3.024037
v 12.713800 180.412994 2.787167
v 12.820200 181.123993 2.786077
v 12.851800 186.031998 3.466017
v 12.376600 186.597000 2.925987
v 12.832400 185.979004 3.690587
v 12.145600 187.046997 2.709707
v 13.515500 185.876007 7.316497
v 13.529500 185.964005 7.177377
v -17.573700 182.537994 10.479897
v -16.149000 179.072998 6.454467
v -17.038900 187.884995 7.716647
v -12.029000 173.552002 4.233967
v -11.642300 174.666000 4.627727
v -13.354400 173.712006 4.530577
v -11.944900 174.177994 2.648527
v -13.567300 173.069000 4.681227
v -16.141800 179.059006 6.265457
v 13.503300 172.938004 4.805017
v 16.148199 179.072998 6.455237
v 17.579000 182.539993 10.480497
v 17.039700 187.884995 7.716087
v 11.914700 173.548996 4.097117
v 16.141800 179.059006 6.265457
v 13.570200 173.091003 4.684237
v -13.444100 185.016998 7.973897
v -13.979300 186.307999 8.080267
v -12.842300 182.695999 7.728467
v -13.047900 182.270004 8.033107
v -13.288700 186.501007 2.474347
v -12.859900 185.328003 3.032997
v -12.832400 181.348007 2.792817
v -13.151600 180.789993 2.428577
v -13.282000 180.561996 2.279877
v -13.013500 180.641006 2.566327
v -13.026200 180.776001 2.554647
v -13.610300 187.000000 2.015007
v -12.968100 185.962006 3.653997
v -13.292400 180.714005 2.291697
v -13.115900 180.570999 2.436057
v -12.667300 180.207001 2.802967
v -11.902700 176.513000 3.017957
v -11.691800 174.929993 2.857587
v -11.846100 174.488007 2.608897
v -13.005900 180.638000 2.560287
v -13.034400 180.789001 2.559087
v -13.041200 180.787003 2.552067
v -13.313700 180.707993 2.269637
v -15.724800 182.225998 10.943997
v 13.442500 185.016998 7.972247
v 13.979300 186.307999 8.080267
v 12.845800 182.695007 7.732577
v 13.049400 182.272995 8.034047
v 12.862500 185.292999 3.024037
v 13.315800 186.544006 2.436447
v 13.610300 187.000000 2.015007
v 13.026200 180.776001 2.554647
v 13.013500 180.641006 2.566357
v 13.006900 180.643005 2.573417
v 13.261100 180.569000 2.302117
v 13.281900 180.563004 2.279977
v 13.151100 180.789993 2.426937
v 12.835500 181.339996 2.781577
v 12.964100 185.957993 3.658547
v 11.300800 175.328995 3.095407
v 12.674000 180.210007 2.793817
v 13.116100 180.570007 2.434847
v 13.292500 180.714005 2.291587
v 13.005600 180.638000 2.560047
v 11.827700 174.457001 2.599387
v 13.034400 180.789001 2.559067
v 15.724800 182.225998 10.943997
v -8.518360 190.154007 11.312798
v -13.323800 185.251999 7.831567
v -13.310600 185.102005 7.967277
v -8.337660 189.343994 12.084697
v -13.384200 185.938995 7.210217
v -13.377100 185.858002 7.283287
v -8.856730 172.518005 3.222787
v -9.134060 172.835007 4.676497
v 12.725600 185.266006 3.024547
v 8.518360 190.154007 11.312798
v 8.337660 189.343994 12.084697
v 13.310600 185.102005 7.967277
v 13.323800 185.251999 7.831587
v 13.377100 185.858002 7.283327
v 13.384100 185.938995 7.210287
v 11.793800 176.511993 6.350967
v 12.220300 178.742996 7.015027
v 8.697770 181.725998 13.909497
v 12.392000 180.048004 7.301847
v 12.704100 181.462997 2.763527
v 12.539800 180.261002 2.772377
v 12.518200 181.619995 7.579347
v 12.701700 182.725006 7.738387
v 8.691270 182.856995 13.971897
v 11.644700 176.113007 5.948147
v 11.773100 176.403000 6.318647
v 10.935600 174.505997 3.901217
v -13.298500 185.054993 7.962907
v -13.382600 185.938995 7.199877
v 11.192500 175.401001 3.027327
v 11.206100 175.341003 3.268067
v 13.298500 185.054993 7.962727
v 13.382600 185.938995 7.200117
v -11.835400 176.199005 6.125017
v -12.692900 181.860001 7.618417
v -13.230200 186.794998 2.339507
v -13.157300 186.651001 2.552597
v -13.142800 186.556000 2.477457
v -12.844600 186.031998 3.466857
v -12.382000 186.589005 2.930367
v -12.800200 185.619003 3.018367
v -13.068300 180.695007 2.501027
v 11.758300 175.992004 6.003027
v 12.695800 181.865997 7.621667
v 12.851800 186.031998 3.466017
v 13.186300 186.684998 2.509287
v 12.376600 186.597000 2.925987
v 13.252700 186.813995 2.319437
v 13.173900 186.598999 2.440997
v 12.801600 185.580002 3.015247
v 13.068200 180.695007 2.501037
v -13.787100 187.218994 2.017257
v -13.751000 187.106003 1.929357
v -15.331500 186.942993 2.018857
v -17.006300 187.949005 7.589197
v -15.109900 187.904007 8.161468
v -11.846100 174.488007 2.608897
v -11.841300 174.292007 2.661567
v -13.065700 173.738998 2.785137
v -13.039500 173.608002 2.869967
v -11.955200 173.582993 4.107557
v -13.558000 172.811996 4.614457
v -15.580100 179.733002 5.798057
v -15.625600 179.858002 5.873987
v 13.788000 187.218994 2.018017
v 13.749900 187.108002 1.929277
v 15.331500 186.942993 2.018857
v 17.004499 187.949005 7.588307
v 15.109900 187.904007 8.161468
v 11.826400 174.287003 2.661617
v 11.827700 174.457001 2.599387
v 13.042100 173.608002 2.868547
v 13.069800 173.731003 2.786177
v 13.413700 172.886993 4.697657
v 12.438400 173.735001 5.254267
v 11.192500 175.401001 3.027327
v 11.300800 175.328995 3.095407
v 11.206100 175.341003 3.268067
v 15.624800 179.858002 5.872707
v -11.709400 176.268005 6.196967
v -11.443300 174.985992 4.700617
v -12.716600 182.798004 7.753957
v -13.288100 186.600006 2.563057
v -12.968100 185.962006 3.653997
v -12.832300 185.979996 3.691587
v -11.769800 176.151001 3.123077
v -11.902700 176.513000 3.017957
v -11.425900 175.130997 3.899347
v -11.302100 175.162003 3.912997
v -11.338100 175.054001 4.425607
v 12.832400 185.979004 3.690587
v 12.964100 185.957993 3.658547
v -8.634890 182.858002 14.020698
v -8.641950 181.727005 13.958898
v -13.005900 180.638000 2.560287
v -13.034400 180.789001 2.559087
v -13.005900 180.638000 2.560287
v -13.041200 180.787003 2.552067
v -13.026200 180.776001 2.554647
v -13.610300 187.000000 2.015007
v -13.041200 180.787003 2.552067
v -13.013500 180.641006 2.566327
v -13.288700 186.501007 2.474347
v -13.142800 186.556000 2.477457
v -13.230200 186.794998 2.339507
v -13.142800 186.556000 2.477457
v -13.157300 186.651001 2.552597
v -13.288100 186.600006 2.563057
v -13.157300 186.651001 2.552597
v 13.026200 180.776001 2.554647
v 13.610300 187.000000 2.015007
v 13.013500 180.641006 2.566357
v 13.026200 180.776001 2.554647
v 13.006900 180.643005 2.573417
v 13.005600 180.638000 2.560047
v 13.006900 180.643005 2.573417
v 13.034400 180.789001 2.559067
v 13.173900 186.598999 2.440997
v 13.315800 186.544006 2.436447
v 13.315200 186.641998 2.525207
v 13.252700 186.813995 2.319437
v 13.186300 186.684998 2.509287
v 13.173900 186.598999 2.440997
v 13.186300 186.684998 2.509287
v 13.315200 186.641998 2.525207
v -13.298500 185.054993 7.962907
v -13.323800 185.251999 7.831567
v -13.451900 185.266006 7.859317
v -13.515600 185.876007 7.316537
v -13.377100 185.858002 7.283287
v -13.382600 185.938995 7.199877
v -13.529400 185.964005 7.177147
v -13.515600 185.876007 7.316537
v -13.377100 185.858002 7.283287
v -12.667300 180.207001 2.802967
v -13.115900 180.570999 2.436057
v -13.068300 180.695007 2.501027
v -12.706200 180.404007 2.792977
v -13.013500 180.641006 2.566327
v -13.282000 180.561996 2.279877
v -13.041200 180.787003 2.552067
v -13.292400 180.714005 2.291697
v -13.313700 180.707993 2.269637
v -13.115900 180.570999 2.436057
v -13.041200 180.787003 2.552067
v -13.013500 180.641006 2.566327
v -13.292400 180.714005 2.291697
v -13.313700 180.707993 2.269637
v -13.151600 180.789993 2.428577
v -13.282000 180.561996 2.279877
v -13.151600 180.789993 2.428577
v -13.068300 180.695007 2.501027
v -13.115900 180.570999 2.436057
v -13.313700 180.707993 2.269637
v 11.793800 176.511993 6.350967
v 11.644700 176.113007 5.948147
v 11.644700 176.113007 5.948147
v 13.298500 185.054993 7.962727
v 13.451900 185.266006 7.859317
v 13.323800 185.251999 7.831587
v 13.382600 185.938995 7.200117
v 13.529500 185.964005 7.177377
v 13.515500 185.876007 7.316497
v 13.377100 185.858002 7.283327
v 13.377100 185.858002 7.283327
v 13.515500 185.876007 7.316497
v 13.068200 180.695007 2.501037
v 12.820200 181.123993 2.786077
v 12.835500 181.339996 2.781577
v 13.151100 180.789993 2.426937
v 13.034400 180.789001 2.559067
v 13.292500 180.714005 2.291587
v 13.006900 180.643005 2.573417
v 13.281900 180.563004 2.279977
v 13.261100 180.569000 2.302117
v 13.151100 180.789993 2.426937
v 13.006900 180.643005 2.573417
v 13.034400 180.789001 2.559067
v 13.281900 180.563004 2.279977
v 13.261100 180.569000 2.302117
v 13.116100 180.570007 2.434847
v 13.261100 180.569000 2.302117
v 13.116100 180.570007 2.434847
v 13.068200 180.695007 2.501037
v 13.151100 180.789993 2.426937
v 13.292500 180.714005 2.291587
v -25.156601 134.056000 7.683968
v 18.051600 151.017014 -6.928353
vn -0.2045 0.8221 -0.5314
vn -0.1901 0.8382 -0.5112
vn -0.0937 0.7716 -0.6291
vn -0.0038 0.7492 -0.6623
vn -0.2064 0.8491 -0.4862
vn -0.1084 0.7499 -0.6526
vn -0.1227 0.7388 -0.6626
vn -0.1088 0.7336 -0.6708
vn -0.2192 0.4612 -0.8598
vn -0.2754 0.4348 -0.8574
vn -0.1227 0.7388 -0.6627
vn -0.2854 0.4080 -0.8672
vn -0.7171 0.3770 -0.5862
vn -0.6875 0.4126 -0.5975
vn -0.7127 0.3907 -0.5825
vn -0.6889 0.4230 -0.5886
vn -0.6765 0.4357 -0.5936
vn -0.6876 0.4126 -0.5975
vn -0.5205 0.6473 -0.5568
vn -0.6456 0.5988 -0.4739
vn -0.5204 0.6473 -0.5569
vn -0.0954 0.7765 -0.6228
vn -0.6765 0.4358 -0.5936
vn 0.2519 0.4588 -0.8521
vn 0.2191 0.4612 -0.8598
vn 0.1089 0.7335 -0.6709
vn 0.1228 0.7386 -0.6629
vn 0.2300 0.4274 -0.8743
vn -0.2574 0.4102 -0.8749
vn 0.1085 0.7500 -0.6525
vn -0.1088 0.7337 -0.6707
vn 0.0292 0.8443 0.5350
vn -0.1035 0.9946 0.0048
vn -0.1022 0.9940 0.0399
vn 0.0564 0.8157 0.5757
vn -0.1701 0.9854 0.0105
vn -0.1279 0.8465 0.5167
vn -0.1329 0.9911 -0.0063
vn -0.0591 0.9939 -0.0934
vn -0.1693 0.4162 0.8933
vn -0.1508 0.4204 0.8947
vn -0.0568 0.3738 0.9258
vn -0.0488 0.3939 0.9179
vn -0.1508 0.4203 0.8948
vn -0.1611 0.3926 0.9055
vn 0.0159 0.4629 0.8863
vn 0.0565 0.8157 0.5758
vn 0.0112 0.4335 0.9011
vn 0.0485 0.3937 0.9179
vn -0.0235 0.5259 0.8502
vn -0.0159 0.4629 0.8863
vn -0.0111 0.4335 0.9011
vn 0.0266 0.7904 0.6120
vn -0.0010 0.4694 0.8830
vn -0.0497 0.3779 0.9245
vn 0.0497 0.3781 0.9244
vn -0.6974 0.5305 0.4818
vn -0.8323 0.1716 0.5270
vn -0.8151 0.1896 0.5474
vn -0.6694 0.5393 0.5110
vn -0.8371 0.1698 0.5199
vn -0.8871 0.3012 0.3498
vn -0.8611 0.4100 0.3008
vn -0.8575 0.3554 0.3720
vn -0.3895 0.3831 0.8376
vn -0.5782 0.5256 0.6240
vn -0.3895 0.3830 0.8376
vn -0.2577 0.3426 0.9035
vn -0.3516 0.4617 0.8143
vn -0.2811 0.4880 0.8263
vn -0.2217 0.5358 0.8148
vn -0.6360 0.5836 0.5048
vn -0.5979 0.6496 0.4696
vn -0.1934 0.7980 0.5708
vn -0.6693 0.5393 0.5110
vn -0.5979 0.6496 0.4695
vn -0.6381 0.6164 0.4613
vn -0.7730 0.0072 0.6343
vn 0.2081 0.1974 0.9580
vn 0.2905 0.4481 0.8455
vn -0.0059 0.0802 0.9968
vn 0.2986 0.4784 0.8258
vn 0.2174 0.5364 0.8154
vn 0.3290 0.4805 0.8129
vn 0.3263 0.4754 0.8170
vn 0.5523 0.5109 0.6588
vn -0.1996 0.5232 0.8285
vn 0.1995 0.5216 0.8295
vn 0.7601 0.0245 0.6494
vn -0.2129 0.2012 0.9561
vn -0.3938 -0.1644 -0.9044
vn -0.6852 -0.2168 -0.6954
vn -0.9307 -0.2420 -0.2743
vn -0.3920 -0.1480 -0.9080
vn -0.9328 -0.2975 -0.2034
vn -0.9452 -0.2569 -0.2014
vn -0.9537 -0.2451 -0.1742
vn -0.7171 0.3769 -0.5862
vn -0.9352 -0.2702 -0.2289
vn -0.3266 -0.1221 -0.9372
vn -0.3919 -0.1480 -0.9080
vn -0.3749 0.2873 0.8815
vn -0.0867 -0.9468 0.3098
vn -0.1830 -0.9325 0.3113
vn -0.3906 0.2761 0.8781
vn -0.3626 -0.9019 0.2346
vn -0.7823 -0.6018 0.1608
vn -0.8936 -0.4183 0.1627
vn -0.1830 -0.9325 0.3114
vn -0.1705 -0.3001 0.9386
vn -0.1654 -0.2637 0.9503
vn -0.9067 -0.3946 0.1489
vn -0.1099 -0.2494 0.9622
vn -0.1694 0.4162 0.8933
vn -0.4119 0.3261 0.8509
vn -0.1939 -0.5954 0.7797
vn -0.1230 -0.2902 0.9490
vn -0.1255 -0.4900 0.8626
vn -0.8677 -0.4192 0.2671
vn -0.9196 -0.3710 0.1289
vn -0.0901 -0.4815 0.8718
vn -0.7333 -0.5471 0.4037
vn 0.0615 -0.3206 -0.9452
vn -0.0248 -0.6101 -0.7920
vn -0.0026 -0.7026 -0.7115
vn -0.1697 -0.4279 -0.8878
vn -0.0643 -0.7034 -0.7078
vn -0.0000 -0.7037 -0.7105
vn -0.0033 -0.7022 -0.7120
vn 0.0483 -0.6868 -0.7253
vn 0.1606 -0.6667 -0.7278
vn -0.0299 -0.6402 -0.7676
vn 0.0910 -0.7051 -0.7032
vn 0.1215 -0.3741 -0.9194
vn 0.1684 -0.4280 -0.8880
vn 0.0910 -0.7051 -0.7033
vn -0.1149 -0.6261 -0.7713
vn 0.1363 -0.3768 -0.9162
vn -0.1373 -0.3768 -0.9161
vn 0.2184 -0.0428 -0.9749
vn 0.2433 -0.0698 -0.9674
vn 0.2662 0.0390 -0.9631
vn 0.3236 0.0621 -0.9441
vn -0.2529 -0.1875 -0.9492
vn -0.2291 0.0372 -0.9727
vn -0.3533 0.0782 -0.9322
vn -0.3234 0.0623 -0.9442
vn 0.2847 0.4086 -0.8671
vn 0.3743 -0.1303 -0.9181
vn 0.3264 -0.1222 -0.9373
vn 0.3277 -0.1398 -0.9344
vn -0.3463 -0.1582 -0.9247
vn 0.1228 0.7386 -0.6628
vn 0.2063 0.8490 -0.4864
vn 0.1900 0.8381 -0.5114
vn -0.2093 0.8330 -0.5122
vn 0.2087 0.8331 -0.5122
vn -0.0210 0.8339 0.5515
vn 0.1683 0.5235 0.8352
vn 0.1187 0.4978 0.8591
vn -0.1070 0.4725 0.8748
vn -0.1157 0.5103 0.8522
vn 0.1071 0.4723 0.8749
vn 0.0293 0.8443 0.5351
vn -0.1702 0.5237 0.8347
vn 0.0543 0.3757 0.9251
vn 0.1099 -0.2491 0.9622
vn 0.1692 -0.2662 0.9490
vn 0.1235 -0.2903 0.9489
vn 0.2499 -0.2521 0.9349
vn 0.1869 -0.2212 0.9572
vn 0.0423 -0.1810 0.9826
vn -0.0417 -0.1806 0.9827
vn -0.1828 -0.2362 0.9544
vn -0.2580 -0.2528 0.9325
vn -0.9471 -0.3025 0.1073
vn -0.8748 -0.4061 0.2641
vn -0.8499 -0.2976 0.4350
vn -0.0039 -0.5582 -0.8297
vn -0.2864 -0.5687 -0.7711
vn -0.0720 -0.9639 0.2565
vn -0.0714 -0.4856 -0.8713
vn -0.9352 -0.2702 -0.2288
vn -0.2864 -0.5687 -0.7710
vn -0.9577 -0.1893 -0.2165
vn -0.9441 -0.2804 0.1732
vn -0.5205 0.6474 -0.5568
vn -0.6457 0.5988 -0.4739
vn -0.0664 0.7718 -0.6323
vn -0.0954 0.7766 -0.6227
vn -0.1033 0.9893 -0.1027
vn -0.4704 -0.4007 -0.7862
vn -0.0038 0.7493 -0.6623
vn -0.0665 0.7718 -0.6323
vn -0.6278 -0.1386 -0.7660
vn -0.8729 0.4851 0.0513
vn -0.8516 0.5234 -0.0299
vn -0.7320 0.0064 -0.6812
vn -0.6278 -0.1386 -0.7659
vn -0.9389 0.3377 -0.0670
vn -0.7127 0.3907 -0.5826
vn -0.3646 0.6211 -0.6937
vn -0.4199 0.6395 -0.6440
vn -0.6889 0.4230 -0.5887
vn -0.3820 0.6611 -0.6458
vn -0.4298 0.3187 0.8448
vn -0.4118 0.3260 0.8509
vn -0.1110 0.7805 -0.6152
vn 0.0163 -0.5061 -0.8623
vn -0.0040 -0.5582 -0.8297
vn 0.0153 -0.5562 -0.8309
vn 0.0329 -0.5886 -0.8078
vn 0.0626 -0.5396 -0.8396
vn -0.0866 -0.9468 0.3098
vn -0.0715 -0.9359 0.3450
vn -0.0459 -0.9697 0.2400
vn -0.0420 -0.9767 0.2105
vn -0.3448 0.3920 0.8529
vn -0.3297 0.3154 0.8898
vn -0.3326 0.3199 0.8871
vn -0.0758 -0.9320 0.3544
vn -0.0714 -0.9359 0.3450
vn -0.0018 -0.6874 -0.7262
vn -0.0534 -0.9761 0.2106
vn -0.0718 -0.9741 0.2145
vn 0.0327 -0.6904 -0.7227
vn -0.1537 -0.8871 0.4352
vn 0.2511 -0.8764 0.4110
vn 0.2869 -0.9254 0.2476
vn 0.2565 -0.9192 0.2989
vn 0.4796 -0.6092 -0.6315
vn 0.4641 -0.6369 -0.6155
vn -0.0246 -0.4797 -0.8771
vn 0.4641 -0.6369 -0.6156
vn 0.5124 -0.4765 -0.7144
vn -0.4555 0.4128 0.7888
vn -0.4591 0.3714 0.8070
vn -0.1827 -0.8928 0.4118
vn -0.4287 0.5654 0.7047
vn 0.1540 0.4780 0.8647
vn 0.0791 0.3904 0.9173
vn 0.2400 -0.8827 0.4040
vn 0.1263 0.3513 0.9277
vn -0.3645 0.6212 -0.6937
vn -0.1111 0.7805 -0.6152
vn -0.2181 0.7920 -0.5702
vn -0.1989 0.8788 -0.4338
vn -0.1511 0.8098 -0.5669
vn -0.4541 0.5620 0.6913
vn -0.3448 0.3919 0.8529
vn -0.4645 0.5559 0.6893
vn -0.2717 0.8560 -0.4399
vn -0.1549 0.9150 -0.3724
vn 0.6043 0.7191 -0.3432
vn 0.3820 0.9173 -0.1124
vn -0.1135 0.8210 -0.5595
vn 0.1269 0.4650 0.8762
vn 0.1540 0.4780 0.8648
vn 0.0214 0.9823 -0.1860
vn -0.0731 0.2346 -0.9693
vn 0.0601 -0.5417 -0.8384
vn -0.1664 0.8415 -0.5139
vn -0.0185 -0.5370 -0.8434
vn 0.5945 0.7552 -0.2761
vn 0.4670 -0.4463 -0.7634
vn 0.3408 -0.5160 -0.7859
vn 0.3388 -0.5270 -0.7794
vn -0.1475 -0.9648 0.2176
vn 0.0608 -0.9972 -0.0430
vn 0.4670 -0.4462 -0.7634
vn 0.4796 -0.6092 -0.6316
vn 0.3388 -0.5271 -0.7794
vn 0.3536 -0.4205 -0.8356
vn 0.2400 -0.8827 0.4041
vn -0.1029 -0.9583 0.2665
vn -0.0706 -0.9776 0.1981
vn -0.1029 -0.9583 0.2664
vn -0.5529 0.2190 0.8040
vn -0.5923 -0.2115 0.7775
vn -0.4739 0.5062 0.7206
vn -0.4847 0.4857 0.7275
vn -0.4739 0.5062 0.7205
vn -0.1499 0.9840 -0.0967
vn -0.1711 0.9826 -0.0716
vn -0.0418 0.9569 -0.2875
vn 0.0327 0.9659 -0.2568
vn 0.3387 -0.3307 -0.8808
vn -0.0419 0.9569 -0.2875
vn 0.0327 0.9659 -0.2567
vn 0.3468 -0.3078 -0.8860
vn 0.3461 -0.4930 -0.7982
vn -0.0444 -0.9843 0.1707
vn 0.0218 -0.9905 -0.1355
vn 0.4455 -0.4297 -0.7854
vn 0.3081 -0.9349 -0.1764
vn -0.5857 -0.2262 0.7783
vn -0.6015 -0.1064 0.7918
vn -0.4847 0.4856 0.7275
vn 0.2004 -0.9641 0.1742
vn -0.3291 -0.2046 0.9219
vn 0.6567 -0.7096 0.2552
vn 0.7333 -0.6799 0.0050
vn 0.7462 -0.6465 0.1587
vn 0.6494 -0.0923 -0.7548
vn 0.6772 -0.0896 -0.7303
vn 0.7333 -0.6799 0.0051
vn 0.5514 0.0117 -0.8342
vn 0.5554 -0.1935 -0.8088
vn 0.6771 -0.0897 -0.7304
vn 0.3881 -0.2530 -0.8862
vn -0.3737 0.0209 0.9273
vn -0.1494 0.0293 0.9883
vn -0.0305 -0.1411 0.9895
vn -0.3291 -0.2046 0.9218
vn 0.6339 -0.7253 0.2685
vn -0.1207 -0.0878 0.9888
vn -0.1535 0.9576 -0.2436
vn -0.2939 0.9549 -0.0423
vn -0.1185 0.9771 -0.1769
vn -0.3736 0.0208 0.9274
vn -0.6016 -0.1065 0.7917
vn -0.3075 0.9507 -0.0403
vn -0.1202 0.9358 -0.3315
vn -0.1082 0.9940 -0.0135
vn -0.1679 0.9795 -0.1112
vn -0.1796 0.0280 0.9834
vn -0.1493 0.0293 0.9884
vn -0.1535 0.9577 -0.2436
vn -0.3152 0.7990 -0.5121
vn 0.2752 -0.0793 -0.9581
vn 0.2110 0.8234 -0.5268
vn 0.0060 0.7466 -0.6653
vn 0.3567 -0.4598 -0.8132
vn -0.2093 0.8330 -0.5121
vn -0.2045 0.8221 -0.5313
vn -0.3263 -0.2963 -0.8976
vn -0.3566 -0.4604 -0.8129
vn 0.2123 -0.6695 -0.7118
vn -0.2121 -0.6694 -0.7120
vn -0.8441 -0.1809 0.5047
vn -0.7552 -0.2779 0.5937
vn -0.2322 -0.2874 0.9292
vn -0.7551 -0.2779 0.5937
vn -0.7588 -0.2251 0.6112
vn -0.0404 -0.4815 0.8755
vn 0.1715 -0.3003 0.9383
vn 0.1939 -0.5951 0.7799
vn 0.1261 -0.4902 0.8624
vn 0.0407 -0.4821 0.8752
vn 0.3991 -0.1431 -0.9057
vn 0.3413 -0.1475 -0.9283
vn 0.3911 -0.1636 -0.9057
vn -0.3213 -0.1563 -0.9340
vn -0.3417 -0.1476 -0.9282
vn 0.3213 -0.1565 -0.9340
vn -0.3940 -0.1439 -0.9078
vn -0.9423 0.0109 -0.3345
vn -0.9414 -0.1837 -0.2828
vn -0.3964 -0.1308 -0.9087
vn -0.9125 0.1588 -0.3771
vn -0.9054 0.1747 -0.3870
vn -0.9181 0.0445 0.3937
vn -0.9493 -0.0181 0.3140
vn -0.9189 -0.0325 0.3933
vn -0.9649 -0.1416 0.2213
vn -0.7895 -0.2132 0.5756
vn -0.6382 0.6164 0.4613
vn -0.6361 0.5836 0.5048
vn 0.1163 -0.4924 0.8626
vn 0.2319 -0.2874 0.9293
vn -0.6957 0.5242 0.4912
vn -0.8279 0.3746 -0.4175
vn -0.8371 0.2866 -0.4660
vn -0.1934 0.7980 0.5707
vn -0.8233 0.2498 -0.5097
vn -0.4915 0.0336 -0.8702
vn -0.8142 0.2588 -0.5198
vn -0.8232 0.2498 -0.5098
vn -0.6117 0.1131 -0.7830
vn -0.4216 0.0716 -0.9039
vn -0.3964 -0.1307 -0.9087
vn -0.4272 0.0694 -0.9015
vn 0.3912 0.0848 -0.9164
vn 0.3965 -0.1319 -0.9085
vn -0.4786 -0.2608 -0.8384
vn -0.4492 -0.2967 -0.8427
vn -0.4672 -0.2611 -0.8447
vn 0.1051 -0.9924 0.0640
vn 0.1326 -0.6046 -0.7854
vn 0.2012 -0.5046 -0.8396
vn 0.4716 -0.8803 0.0513
vn 0.0517 -0.3949 -0.9172
vn 0.7462 -0.6466 0.1587
vn 0.0324 -0.9444 0.3273
vn -0.5299 -0.3177 0.7863
vn -0.0470 -0.9578 0.2836
vn -0.5285 -0.1955 0.8261
vn -0.1796 0.0280 0.9833
vn -0.6052 -0.0590 0.7939
vn -0.8265 0.4309 -0.3622
vn -0.6971 -0.1043 0.7093
vn -0.8267 0.4827 -0.2889
vn -0.8268 0.4827 -0.2888
vn -0.8195 0.4190 -0.3911
vn -0.0226 -0.4969 -0.8675
vn -0.8528 0.3399 -0.3964
vn -0.8195 0.4189 -0.3910
vn -0.5128 -0.7704 -0.3789
vn -0.0225 -0.4969 -0.8675
vn -0.2411 -0.9239 -0.2972
vn -0.5871 -0.8031 -0.1015
vn -0.7711 -0.6305 -0.0886
vn -0.5872 -0.8031 -0.1015
vn -0.5300 -0.3176 0.7863
vn -0.8528 0.3399 -0.3965
vn -0.0000 -0.4420 0.8970
vn -0.0000 -0.0947 0.9955
vn 0.7601 0.0245 0.6493
vn 0.8668 -0.2228 0.4460
vn -0.2377 0.0164 0.9712
vn -0.2891 0.1441 0.9464
vn 0.5027 -0.5225 0.6887
vn 0.5817 -0.3543 0.7321
vn -0.2683 -0.0317 0.9628
vn 0.5488 -0.5484 0.6309
vn 0.8627 -0.3056 0.4030
vn 0.5818 -0.3544 0.7321
vn 0.0903 -0.9280 0.3615
vn -0.1550 -0.9860 -0.0611
vn 0.3546 -0.8641 0.3572
vn 0.2690 -0.9627 -0.0300
vn -0.2672 -0.9632 -0.0297
vn -0.3562 -0.8625 0.3595
vn -0.3456 -0.9380 -0.0283
vn -0.2823 -0.9556 -0.0840
vn -0.0881 -0.9898 -0.1119
vn -0.5948 -0.8009 -0.0685
vn 0.1300 -0.9288 0.3472
vn 0.2936 -0.9253 0.2401
vn 0.6289 -0.7441 0.2253
vn 0.2936 -0.9253 0.2402
vn 0.1127 -0.9916 0.0640
vn -0.3459 0.0121 0.9382
vn -0.4442 -0.2591 0.8577
vn -0.3766 -0.2895 0.8800
vn 0.7963 -0.4327 0.4227
vn 0.7150 -0.4502 0.5349
vn 0.4727 -0.4942 0.7296
vn 0.5028 -0.5225 0.6886
vn 0.7065 -0.5271 0.4723
vn 0.7963 -0.4327 0.4226
vn 0.9064 -0.4163 0.0720
vn 0.5488 -0.5485 0.6309
vn 0.7064 -0.5271 0.4723
vn 0.4981 -0.8478 0.1821
vn 0.6289 -0.7441 0.2254
vn 0.9131 -0.4077 0.0013
vn 0.8979 -0.4401 0.0115
vn 0.8320 -0.5526 -0.0485
vn 0.9109 -0.4065 -0.0708
vn 0.8320 -0.5527 -0.0485
vn 0.8978 -0.4402 0.0115
vn -0.8575 0.3554 0.3721
vn -0.8822 0.3027 0.3607
vn -0.9037 -0.1002 0.4162
vn -0.8767 -0.1091 0.4686
vn -0.8822 0.3026 0.3607
vn -0.9271 -0.0214 0.3742
vn -0.3855 -0.3262 0.8631
vn -0.4442 -0.2591 0.8576
vn -0.8484 0.1640 -0.5033
vn -0.8897 0.1700 -0.4236
vn -0.9537 0.0355 -0.2988
vn -0.9596 -0.0410 -0.2785
vn -0.9970 -0.0728 -0.0253
vn -0.9327 -0.0318 -0.3592
vn -0.8578 0.1547 -0.4902
vn -0.9049 -0.1143 0.4101
vn -0.5223 -0.4785 -0.7059
vn -0.2086 -0.1162 -0.9711
vn -0.3596 -0.1033 -0.9274
vn -0.3606 -0.0369 -0.9320
vn -0.1616 -0.1255 -0.9788
vn -0.0119 -0.1795 -0.9837
vn -0.0765 -0.1896 -0.9789
vn -0.1753 -0.1211 -0.9770
vn -0.3896 -0.0996 -0.9156
vn -0.1287 -0.1259 -0.9837
vn -0.9352 -0.0245 -0.3532
vn -0.9327 -0.0319 -0.3592
vn -0.4178 -0.6090 -0.6742
vn -0.0299 -0.6402 -0.7677
vn 0.0257 -0.2368 -0.9712
vn 0.0833 -0.7480 -0.6585
vn -0.3024 -0.8112 -0.5005
vn 0.4483 -0.6540 -0.6093
vn 0.3589 -0.7821 -0.5094
vn 0.6378 -0.5720 -0.5158
vn 0.4482 -0.6540 -0.6093
vn 0.6379 -0.5719 -0.5158
vn 0.3996 -0.8785 -0.2618
vn 0.8771 -0.2318 -0.4206
vn 0.9469 -0.2710 -0.1731
vn 0.9604 -0.2062 -0.1874
vn -0.0835 -0.1367 -0.9871
vn 0.8772 -0.2317 -0.4205
vn 0.8666 -0.4632 -0.1858
vn 0.9212 -0.3605 -0.1467
vn 0.8696 -0.4687 -0.1551
vn 0.9095 -0.4142 -0.0355
vn 0.2410 -0.9589 -0.1499
vn 0.8696 -0.4687 -0.1550
vn 0.9798 -0.1758 0.0950
vn 0.9686 -0.2037 0.1426
vn -0.2348 -0.4374 0.8681
vn -0.1182 -0.2462 0.9620
vn -0.2881 -0.1751 0.9415
vn 0.8947 -0.3794 0.2356
vn 0.9686 -0.2038 0.1425
vn 0.9923 -0.1168 -0.0420
vn 0.9722 -0.2320 -0.0316
vn 0.9818 -0.1574 0.1068
vn 0.9610 -0.0899 -0.2615
vn -0.9645 -0.0676 0.2554
vn -0.9402 -0.0480 0.3372
vn -0.9565 0.0459 0.2882
vn -0.2138 -0.1062 0.9711
vn -0.9402 -0.0480 0.3373
vn 0.9318 -0.2926 0.2148
vn 0.8527 -0.4496 0.2659
vn -0.1322 -0.1371 0.9817
vn -0.2114 -0.0835 0.9738
vn -0.1050 0.0959 0.9898
vn 0.8795 -0.3643 0.3062
vn 0.8528 -0.4496 0.2659
vn -0.9819 -0.0648 0.1781
vn -0.9647 -0.0123 0.2632
vn -0.9683 -0.0627 0.2420
vn -0.9696 0.0134 0.2444
vn -0.2194 0.0038 0.9756
vn -0.2113 -0.0834 0.9739
vn -0.9677 -0.0136 -0.2516
vn -0.9715 -0.0148 -0.2367
vn -0.9364 0.0102 -0.3508
vn -0.9428 -0.1169 -0.3122
vn -0.9846 -0.1038 -0.1410
vn -0.9511 -0.0438 -0.3058
vn -0.7660 -0.0214 -0.6424
vn -0.9847 -0.0597 0.1638
vn -0.9775 -0.1749 -0.1178
vn -0.0700 -0.0726 -0.9949
vn -0.1787 -0.0481 -0.9827
vn -0.1476 -0.0482 -0.9879
vn -0.7660 -0.0214 -0.6425
vn -0.0595 -0.1296 -0.9898
vn -0.0696 -0.5252 -0.8481
vn -0.1783 -0.5369 -0.8246
vn -0.1782 -0.5369 -0.8246
vn -0.1945 -0.5321 -0.8240
vn 0.7801 -0.1660 -0.6032
vn 0.9752 -0.1873 -0.1179
vn 0.9593 -0.2430 -0.1441
vn 0.9866 -0.1631 0.0076
vn -0.0767 -0.5485 -0.8326
vn -0.0697 -0.5252 -0.8481
vn 0.8795 -0.3642 0.3063
vn 0.9666 -0.0426 0.2528
vn 0.9622 -0.0965 0.2546
vn 0.9805 -0.0390 0.1928
vn 0.9910 -0.0971 0.0918
vn -0.1553 0.2748 0.9489
vn -0.0940 0.2189 0.9712
vn 0.9738 0.0062 0.2272
vn 0.0500 0.2795 0.9589
vn 0.9882 -0.1398 -0.0631
vn 0.9591 -0.1716 -0.2249
vn 0.9888 -0.1380 -0.0563
vn 0.8020 -0.2869 -0.5240
vn 0.9555 -0.2679 -0.1232
vn 0.9012 -0.1960 -0.3865
vn 0.9129 -0.1860 -0.3634
vn 0.9708 -0.1613 -0.1775
vn 0.9614 -0.1294 0.2429
vn 0.9834 -0.1368 0.1195
vn 0.9917 -0.1140 0.0594
vn 0.9710 -0.1600 -0.1775
vn 0.9702 -0.0800 0.2288
vn 0.1850 -0.0577 0.9810
vn 0.2267 -0.0394 0.9732
vn 0.9723 -0.0614 0.2256
vn -0.0970 0.1161 0.9885
vn 0.2350 0.1056 0.9662
vn -0.1247 0.0020 0.9922
vn 0.2304 0.1789 0.9565
vn 0.9562 0.1152 0.2690
vn 0.9678 0.0394 0.2488
vn 0.9977 -0.0596 0.0338
vn 0.9983 0.0403 0.0430
vn 0.9788 -0.1137 -0.1702
vn 0.9932 -0.1047 0.0515
vn 0.9821 -0.0862 -0.1675
vn 0.9872 0.1237 0.1003
vn 0.9639 0.1170 -0.2392
vn 0.9740 0.0670 -0.2163
vn 0.9659 0.0595 -0.2519
vn 0.9229 -0.0774 -0.3772
vn -0.9861 -0.0879 0.1413
vn -0.9611 -0.0866 0.2622
vn -0.1322 0.2810 0.9506
vn -0.9443 -0.1279 0.3032
vn -0.1358 -0.0370 0.9900
vn -0.7600 0.0311 0.6492
vn -0.7220 0.0768 0.6876
vn -0.8288 0.0799 0.5539
vn -0.8270 -0.0858 0.5557
vn -0.7807 -0.0018 0.6249
vn -0.7221 0.0768 0.6875
vn -0.1176 0.1701 0.9784
vn -0.8214 0.1624 0.5468
vn -0.9380 -0.1979 -0.2845
vn -0.9611 -0.1602 -0.2252
vn -0.9467 -0.2066 -0.2473
vn -0.9853 -0.0921 0.1438
vn -0.9609 -0.1631 -0.2239
vn -0.9986 0.0500 -0.0170
vn -0.9970 0.0357 0.0693
vn -0.8346 0.0725 0.5460
vn -0.9853 -0.1058 0.1339
vn -0.9964 0.0568 -0.0622
vn -0.9444 0.0761 -0.3198
vn -0.8416 -0.0730 0.5352
vn -0.9748 -0.1056 0.1966
vn -0.0766 -0.5484 -0.8327
vn -0.0791 -0.2585 -0.9628
vn -0.1883 -0.2505 -0.9496
vn -0.1866 -0.2299 -0.9552
vn -0.9467 -0.2066 -0.2472
vn -0.1748 -0.0759 -0.9817
vn -0.2166 0.0596 -0.9744
vn -0.9444 0.0760 -0.3198
vn -0.9501 0.0428 -0.3089
vn 0.0517 0.0363 -0.9980
vn 0.0256 0.6372 -0.7703
vn -0.2795 0.6809 -0.6770
vn -0.5858 0.6057 -0.5385
vn -0.8697 0.3281 -0.3687
vn -0.2796 0.6809 -0.6769
vn -0.2047 0.7680 -0.6068
vn -0.9767 0.1714 -0.1290
vn -0.9961 0.0658 -0.0594
vn -0.8697 0.3282 -0.3687
vn -0.9054 0.2998 -0.3006
vn -0.9916 -0.0643 0.1125
vn -0.9852 0.1517 0.0799
vn -0.0216 -0.2762 -0.9608
vn 0.9108 -0.1224 -0.3942
vn 0.9229 -0.0775 -0.3772
vn 0.0657 -0.1056 -0.9922
vn 0.9967 0.0680 -0.0445
vn 0.9573 0.1522 -0.2456
vn 0.9677 0.0850 -0.2373
vn 0.8080 0.4389 -0.3930
vn 0.6671 0.5279 -0.5257
vn 0.9784 0.1726 -0.1141
vn 0.2671 0.7427 -0.6141
vn -0.0371 0.7707 -0.6361
vn 0.0257 0.6372 -0.7702
vn 0.6670 0.5279 -0.5257
vn -0.1652 -0.2610 -0.9511
vn -0.1745 -0.2470 -0.9532
vn 0.0443 -0.2755 -0.9603
vn 0.0513 -0.2658 -0.9627
vn -0.9548 -0.1955 -0.2240
vn -0.8951 -0.2091 -0.3937
vn -0.9251 -0.2058 -0.3190
vn -0.0187 -0.2275 0.9736
vn -0.2124 -0.2017 0.9561
vn -0.9094 -0.2019 0.3636
vn -0.7841 -0.2703 0.5587
vn -0.9570 -0.1496 0.2485
vn -0.1691 -0.2200 0.9607
vn -0.7840 -0.2703 0.5588
vn -0.7668 -0.2703 0.5822
vn 0.9647 -0.1345 0.2264
vn 0.9614 -0.1295 0.2429
vn 0.1507 -0.2237 0.9629
vn -0.9829 -0.1812 -0.0331
vn -0.9502 0.0428 -0.3088
vn -0.7668 -0.2703 0.5821
vn 0.9647 -0.1345 0.2263
vn 0.9109 -0.1224 -0.3942
vn -0.0629 0.4140 0.9081
vn 0.1877 0.4276 0.8843
vn 0.9080 0.3580 0.2174
vn 0.8909 0.3892 0.2344
vn 0.1283 0.3950 0.9097
vn 0.9301 0.3622 0.0617
vn 0.8908 0.3892 0.2344
vn 0.8388 0.3946 -0.3751
vn 0.8577 0.3954 -0.3286
vn 0.9408 0.3340 0.0584
vn 0.9100 0.3068 -0.2789
vn 0.9817 -0.0110 0.1899
vn 0.1300 -0.0021 0.9915
vn 0.1369 -0.2496 0.9586
vn 0.9470 -0.2650 0.1818
vn -0.0759 -0.9937 0.0831
vn 0.0886 -0.9934 0.0728
vn -0.0724 -0.2491 0.9658
vn 0.3329 -0.9423 -0.0358
vn 0.9688 -0.2408 0.0590
vn 0.9470 -0.2649 0.1818
vn 0.9980 -0.0071 0.0626
vn 0.9688 -0.2409 0.0589
vn 0.8881 -0.2040 -0.4119
vn 0.9052 0.0669 -0.4196
vn 0.0928 -0.9948 -0.0414
vn 0.9024 -0.1942 -0.3847
vn -0.9006 0.2901 0.3236
vn -0.8112 0.3892 0.4364
vn -0.8724 0.1749 0.4563
vn -0.8340 0.3661 0.4129
vn -0.0678 0.3866 0.9197
vn -0.9063 -0.0838 0.4143
vn -0.8889 -0.2838 0.3596
vn -0.0725 -0.2491 0.9658
vn -0.0738 -0.0006 0.9973
vn -0.2388 -0.9694 0.0564
vn -0.8956 -0.3435 0.2826
vn -0.9653 0.2145 0.1492
vn -0.9508 0.2187 0.2195
vn -0.9706 0.1971 0.1382
vn -0.9470 -0.0918 0.3077
vn -0.9882 -0.0779 0.1319
vn -0.9517 -0.2827 0.1199
vn -0.8956 -0.3434 0.2826
vn -0.9577 -0.2672 0.1070
vn -0.0896 -0.9959 0.0085
vn -0.9517 -0.2828 0.1199
vn -0.9499 0.3047 -0.0700
vn -0.9775 0.1974 0.0742
vn -0.9790 0.1708 0.1115
vn -0.9827 0.1676 0.0783
vn -0.9914 -0.0740 0.1081
vn -0.9959 -0.0161 0.0892
vn -0.9499 -0.2801 0.1390
vn -0.0709 -0.9974 0.0093
vn -0.0696 -0.9975 0.0110
vn -0.9749 -0.2004 0.0966
vn 0.0931 -0.9955 0.0178
vn 0.9048 0.3770 0.1983
vn 0.9760 0.1634 0.1442
vn 0.9598 0.1949 0.2021
vn 0.9426 0.2382 0.2340
vn 0.8572 0.3556 -0.3726
vn 0.9048 0.3476 0.2461
vn 0.9432 0.2316 0.2383
vn 0.9098 0.0712 -0.4089
vn 0.9585 -0.2150 0.1870
vn 0.9715 0.0628 0.2287
vn 0.9521 -0.2229 0.2092
vn 0.9585 -0.2150 0.1871
vn 0.0912 -0.9956 0.0206
vn 0.6027 0.7900 -0.1126
vn 0.6645 0.7387 -0.1124
vn 0.2660 0.8993 -0.3471
vn 0.2671 0.7427 -0.6140
vn 0.6645 0.7388 -0.1125
vn -0.6790 0.6550 -0.3315
vn -0.8809 0.4284 -0.2012
vn -0.5858 0.6057 -0.5384
vn -0.9741 0.2235 0.0342
vn -0.8775 0.4413 -0.1876
vn 0.9823 0.1870 -0.0036
vn 0.9153 0.3884 -0.1072
vn 0.9589 0.1349 0.2496
vn 0.9253 0.3463 -0.1544
vn 0.5437 0.7149 -0.4397
vn 0.5081 0.7776 -0.3703
vn 0.2415 0.9139 -0.3264
vn 0.2143 0.8590 -0.4649
vn -0.0234 0.9025 -0.4300
vn -0.0276 0.9132 -0.4065
vn 0.3194 0.8295 -0.4581
vn -0.0325 0.8781 -0.4773
vn -0.0321 0.8912 -0.4525
vn -0.1764 0.9005 -0.3974
vn -0.1633 0.8825 -0.4410
vn 0.9703 -0.0434 0.2380
vn 0.9717 -0.2361 -0.0126
vn 0.9999 0.0012 -0.0160
vn -0.0720 -0.9974 0.0034
vn 0.0709 -0.9975 -0.0002
vn 0.3161 -0.9367 -0.1506
vn 0.9681 -0.2081 -0.1397
vn 0.9909 0.0304 -0.1314
vn -0.1791 -0.9824 -0.0532
vn -0.0719 -0.9974 0.0034
vn -0.9806 -0.1912 0.0431
vn -0.9792 -0.2006 -0.0309
vn -0.9961 0.0061 0.0885
vn -0.9972 0.0670 0.0317
vn -0.7471 0.6275 -0.2193
vn -0.7834 0.6135 -0.0995
vn -0.8212 0.5179 -0.2396
vn -0.6955 0.6526 -0.3004
vn -0.9897 0.1341 -0.0501
vn -0.7275 0.6716 -0.1404
vn 0.5436 0.7149 -0.4398
vn 0.4759 0.5688 -0.6708
vn 0.2745 0.7294 -0.6266
vn 0.7165 -0.2273 -0.6595
vn 0.7143 0.1140 -0.6905
vn 0.5598 0.1267 -0.8189
vn 0.3581 0.5883 -0.7250
vn 0.4759 0.5687 -0.6709
vn -0.5029 0.6879 -0.5233
vn -0.6637 0.5581 -0.4980
vn -0.7089 0.1201 -0.6950
vn -0.8166 0.1101 -0.5666
vn -0.6638 0.5580 -0.4980
vn -0.5341 0.5787 -0.6163
vn -0.8120 -0.2331 -0.5351
vn 0.1285 -0.9366 -0.3261
vn 0.5902 -0.2099 -0.7795
vn -0.7079 -0.2398 -0.6643
vn -0.1778 -0.9290 -0.3246
vn -0.1427 0.7995 -0.5835
vn -0.1156 0.6961 -0.7086
vn -0.5341 0.5788 -0.6163
vn 0.0590 0.1481 -0.9872
vn -0.1235 0.1758 -0.9766
vn 0.0187 0.6668 -0.7450
vn -0.1203 -0.2444 -0.9622
vn -0.7079 -0.2398 -0.6644
vn -0.1779 -0.9290 -0.3246
vn 0.0729 -0.2412 -0.9677
vn -0.0149 0.7670 -0.6415
vn -0.1493 0.8674 -0.4747
vn -0.8340 0.3661 0.4128
vn 0.9080 0.3581 0.2174
vn 0.9817 -0.0111 0.1899
vn -0.6790 0.6550 -0.3316
vn -0.1876 0.8845 -0.4271
vn -0.6955 0.6527 -0.3005
vn -0.0372 0.7707 -0.6361
vn -0.9329 0.3514 0.0790
vn -0.8729 0.4851 0.0514
vn -0.1859 0.4858 0.8541
vn -0.4434 -0.6488 -0.6184
vn -0.7341 -0.1600 -0.6599
vn -0.4545 -0.4606 -0.7624
vn -0.9612 -0.2208 -0.1652
vn -0.9632 -0.1967 -0.1832
vn -0.4754 -0.3353 -0.8134
vn -0.7942 -0.6075 0.0164
vn -0.8383 -0.5338 -0.1109
vn -0.9706 -0.1947 -0.1412
vn -0.8905 -0.4234 -0.1667
vn -0.4508 -0.3290 -0.8298
vn -0.4750 -0.3730 -0.7970
vn -0.3449 -0.3380 -0.8757
vn -0.3184 -0.3964 -0.8611
vn 0.4408 -0.4209 -0.7928
vn 0.3188 -0.3963 -0.8610
vn 0.3053 -0.2739 -0.9120
vn 0.4754 -0.3353 -0.8134
vn 0.4606 -0.3652 -0.8090
vn 0.3171 -0.5160 -0.7957
vn -0.3166 -0.5160 -0.7959
vn 0.2728 -0.2386 -0.9320
vn -0.2739 -0.2386 -0.9317
vn -0.8209 0.4804 -0.3089
vn -0.4916 0.6509 -0.5785
vn -0.4446 0.5931 -0.6713
vn -0.7340 0.4514 -0.5075
vn -0.8430 0.4127 -0.3450
vn -0.8672 0.3647 -0.3390
vn -0.4414 0.8386 -0.3193
vn -0.4536 0.7935 -0.4058
vn -0.6701 0.6140 -0.4172
vn -0.3764 0.6727 -0.6370
vn -0.4535 0.7935 -0.4059
vn -0.3526 0.8495 -0.3924
vn 0.4519 0.7960 -0.4027
vn 0.4685 0.6561 -0.5916
vn 0.3734 0.6741 -0.6374
vn 0.2877 0.9110 -0.2954
vn -0.3298 0.5662 -0.7554
vn 0.3300 0.5660 -0.7555
vn 0.2795 0.9290 -0.2426
vn -0.2795 0.9290 -0.2426
vn -0.7527 0.1149 0.6483
vn -0.6583 0.1059 0.7453
vn -0.4362 0.2478 0.8650
vn -0.4561 0.3205 0.8302
vn -0.6663 0.3186 0.6741
vn -0.3526 0.3329 0.8745
vn -0.3534 0.8069 0.4733
vn -0.4563 0.7452 0.4863
vn -0.8656 0.4538 0.2115
vn -0.7496 0.4790 0.4568
vn -0.4563 0.7452 0.4862
vn -0.4446 0.8082 0.3863
vn 0.4449 0.7530 0.4849
vn 0.3539 0.8066 0.4734
vn 0.3360 0.2989 0.8932
vn 0.4454 0.3254 0.8341
vn 0.2795 0.9067 0.3158
vn -0.2797 0.9067 0.3159
vn -0.3534 0.8070 0.4732
vn 0.3538 0.8067 0.4733
vn 0.3313 0.2347 0.9139
vn -0.3324 0.2347 0.9135
vn -0.8312 -0.4864 0.2694
vn -0.9667 -0.2407 -0.0875
vn -0.9869 -0.0457 0.1547
vn -0.7009 -0.6396 0.3155
vn -0.3333 -0.3027 0.8929
vn -0.4273 -0.2984 0.8535
vn -0.1859 0.4857 0.8541
vn 0.4286 -0.2997 0.8523
vn 0.3335 -0.3026 0.8929
vn 0.1888 0.4862 0.8532
vn 0.3315 -0.3064 0.8923
vn -0.3324 -0.3061 0.8921
vn -0.9515 0.1203 -0.2832
vn -0.7672 0.2207 -0.6022
vn -0.4048 0.0954 -0.9094
vn -0.4348 0.0251 -0.9002
vn -0.8038 0.0711 -0.5907
vn -0.9673 0.1580 -0.1985
vn -0.2804 -0.0387 -0.9591
vn -0.3147 0.0707 -0.9465
vn -0.4413 0.8386 -0.3193
vn -0.4191 -0.3036 0.8557
vn -0.7342 -0.1599 -0.6599
vn -0.9421 -0.3319 0.0474
vn 0.3993 0.0172 -0.9167
vn 0.3397 -0.2546 -0.9054
vn 0.2811 -0.0383 -0.9589
vn 0.3142 0.0707 -0.9467
vn 0.4154 0.1005 -0.9041
vn 0.4676 0.5975 -0.6514
vn 0.4450 0.8078 0.3865
vn 0.3422 0.9053 -0.2517
vn 0.4398 -0.3107 0.8426
vn 0.4041 0.2308 0.8851
vn -0.3337 -0.9255 0.1793
vn -0.3313 -0.9301 0.1585
vn -0.2121 -0.6695 -0.7119
vn -0.2516 -0.9616 0.1097
vn 0.3319 -0.9299 0.1587
vn 0.4657 -0.5801 -0.6682
vn 0.2124 -0.6696 -0.7117
vn 0.2519 -0.9615 0.1098
vn -0.1786 -0.9682 0.1752
vn 0.1782 -0.9683 0.1753
vn -0.3336 -0.9255 0.1793
vn 0.3331 -0.9261 0.1772
vn 0.0002 -0.9939 -0.1107
vn 0.1299 -0.9288 0.3472
vn -0.6352 -0.6967 0.3333
vn 0.8627 -0.3057 0.4030
vn -0.0000 -0.4935 0.8698
vn 0.0666 -0.7974 -0.5998
vn 0.3422 -0.9355 -0.0880
vn -0.7731 0.0072 0.6343
vn -0.0000 -0.0948 0.9955
vn -0.8710 -0.2201 0.4393
vn -0.3992 -0.8682 0.2948
vn -0.8261 -0.3549 0.4378
vn -0.6353 -0.6967 0.3332
vn -0.0000 -0.4934 0.8698
vn -0.0018 -0.6874 -0.7263
vn -0.1664 0.8415 -0.5140
vn -0.4541 0.5621 0.6913
vn 0.2111 0.8234 -0.5268
vn 0.1055 0.7696 -0.6298
vn 0.6633 0.4701 -0.5823
vn 0.6885 0.4237 -0.5885
vn 0.1055 0.7696 -0.6297
vn 0.0954 0.7767 -0.6226
vn 0.7041 0.4026 -0.5849
vn 0.6881 0.4127 -0.5968
vn 0.6886 0.4237 -0.5885
vn 0.6974 0.4147 -0.5845
vn 0.6432 0.6030 -0.4719
vn 0.6880 0.4127 -0.5969
vn 0.7173 0.3768 -0.5861
vn 0.1005 0.9931 0.0598
vn 0.1003 0.9949 -0.0098
vn 0.1638 0.3916 0.9055
vn 0.1478 0.4198 0.8955
vn 0.1752 0.4166 0.8920
vn 0.4148 0.9061 0.0836
vn 0.1293 0.8561 0.5004
vn 0.1420 0.9896 -0.0248
vn 0.0584 0.9944 -0.0882
vn 0.6986 0.5189 0.4926
vn 0.2703 0.7894 0.5511
vn 0.8155 0.1885 0.5471
vn 0.8292 0.1715 0.5320
vn 0.1980 0.8009 0.5651
vn 0.6380 0.6167 0.4611
vn 0.5980 0.6455 0.4750
vn 0.2704 0.7894 0.5511
vn 0.5980 0.6455 0.4751
vn 0.6287 0.5955 0.5000
vn 0.8562 0.3566 0.3739
vn 0.8621 0.4064 0.3027
vn 0.5524 0.5109 0.6587
vn 0.3263 0.4755 0.8170
vn 0.8366 0.1682 0.5214
vn 0.8871 0.3012 0.3497
vn 0.3744 -0.1304 -0.9181
vn 0.9468 -0.2456 -0.2081
vn 0.9468 -0.2438 -0.2100
vn 0.9354 -0.2697 -0.2286
vn 0.9452 -0.2566 -0.2016
vn 0.9317 -0.3003 -0.2044
vn 0.9535 -0.2460 -0.1741
vn 0.3617 0.2963 0.8840
vn 0.3445 0.2938 0.8916
vn 0.1854 -0.9336 0.3065
vn 0.0742 -0.9473 0.3116
vn 0.1752 0.4167 0.8920
vn 0.4119 0.3253 0.8512
vn 0.9067 -0.3946 0.1489
vn 0.7361 -0.5475 0.3980
vn 0.3804 -0.8945 0.2349
vn 0.1855 -0.9336 0.3065
vn 0.7361 -0.5476 0.3979
vn 0.7759 -0.6144 0.1432
vn 0.7334 -0.5470 0.4036
vn 0.8108 -0.4906 0.3192
vn 0.9334 -0.3238 0.1543
vn 0.9067 -0.3946 0.1490
vn 0.8760 -0.4025 0.2659
vn 0.9333 -0.2992 0.1985
vn 0.8500 -0.2976 0.4346
vn 0.9548 -0.2429 0.1715
vn 0.9522 -0.1688 -0.2545
vn 0.1775 -0.4455 -0.8775
vn 0.3021 -0.5879 -0.7505
vn 0.9317 -0.3003 -0.2045
vn 0.9352 -0.2700 -0.2291
vn 0.0045 -0.5574 -0.8302
vn 0.0722 -0.9639 0.2564
vn 0.3021 -0.5879 -0.7504
vn 0.6432 0.6030 -0.4718
vn 0.0721 0.7637 -0.6415
vn 0.1027 0.9894 -0.1027
vn 0.0953 0.7767 -0.6226
vn 0.4663 -0.4309 -0.7726
vn 0.6363 -0.0091 -0.7714
vn 0.0720 0.7637 -0.6416
vn 0.7180 -0.0122 -0.6959
vn 0.9101 0.4139 -0.0221
vn 0.8590 0.5107 -0.0366
vn 0.6363 -0.0092 -0.7714
vn 0.8240 0.5557 0.1102
vn 0.3840 0.6621 -0.6436
vn 0.4047 0.6506 -0.6426
vn 0.4018 0.3686 0.8383
vn 0.4048 0.6506 -0.6426
vn 0.2750 0.6936 -0.6658
vn 0.1738 0.7733 -0.6098
vn -0.0176 -0.4721 -0.8814
vn -0.0136 -0.5623 -0.8268
vn 0.0044 -0.5574 -0.8302
vn -0.0613 -0.6911 -0.7202
vn -0.0625 -0.5382 -0.8405
vn -0.0614 -0.6911 -0.7202
vn 0.0420 -0.9767 0.2105
vn 0.0432 -0.9704 0.2376
vn -0.0135 -0.5623 -0.8268
vn 0.0742 -0.9473 0.3117
vn 0.0736 -0.9331 0.3520
vn 0.3322 0.3243 0.8857
vn 0.3298 0.3154 0.8898
vn 0.0748 -0.9319 0.3549
vn 0.3687 0.4248 0.8268
vn -0.0001 -0.6877 -0.7260
vn -0.0093 -0.6819 -0.7313
vn 0.0720 -0.9744 0.2130
vn 0.0485 -0.9762 0.2112
vn 0.0099 -0.4838 -0.8751
vn -0.4480 -0.4627 -0.7650
vn -0.4722 -0.6308 -0.6158
vn -0.2567 -0.9197 0.2972
vn -0.2819 -0.9265 0.2492
vn -0.4722 -0.6308 -0.6157
vn -0.4444 -0.5499 -0.7072
vn 0.1623 -0.8854 0.4355
vn -0.2511 -0.8764 0.4109
vn 0.4523 0.4785 0.7526
vn 0.1834 -0.8921 0.4130
vn 0.4590 0.3714 0.8071
vn -0.2419 -0.8810 0.4065
vn -0.1264 0.3510 0.9278
vn -0.0846 0.3931 0.9156
vn 0.4356 0.5545 0.7091
vn -0.1540 0.4794 0.8640
vn 0.1963 0.8150 -0.5451
vn 0.1926 0.7978 -0.5714
vn 0.4541 0.5621 0.6913
vn 0.2749 0.6937 -0.6658
vn 0.0945 0.4656 -0.8799
vn 0.4640 0.5593 0.6869
vn 0.1918 0.9077 -0.3732
vn 0.2716 0.8560 -0.4399
vn -0.1371 0.4748 0.8694
vn -0.2832 0.9521 -0.1150
vn -0.4596 0.8770 -0.1404
vn -0.1539 0.4779 0.8648
vn -0.5782 0.7365 -0.3511
vn 0.1138 0.8209 -0.5596
vn 0.0755 0.2586 -0.9630
vn -0.0609 -0.5423 -0.8380
vn 0.1997 0.7988 -0.5675
vn 0.1139 0.8209 -0.5596
vn 0.0527 -0.4885 -0.8710
vn -0.5989 0.7434 -0.2977
vn -0.4726 -0.4468 -0.7596
vn -0.5782 0.7365 -0.3510
vn -0.3195 -0.5067 -0.8007
vn -0.0608 -0.9972 -0.0430
vn 0.1526 -0.9614 0.2290
vn -0.3403 -0.5275 -0.7784
vn 0.1029 -0.9583 0.2664
vn -0.4726 -0.4468 -0.7597
vn -0.3431 -0.3380 -0.8764
vn -0.3403 -0.5276 -0.7784
vn 0.1131 -0.9613 0.2514
vn 0.5923 -0.2115 0.7775
vn 0.4964 0.4051 0.7678
vn -0.1370 0.4748 0.8694
vn 0.4738 0.5062 0.7206
vn 0.4835 0.5058 0.7144
vn 0.1785 0.9817 -0.0668
vn 0.1543 0.9875 -0.0315
vn -0.1455 0.7469 -0.6488
vn 0.0356 0.9580 -0.2847
vn -0.3382 -0.3215 -0.8845
vn 0.0357 0.9580 -0.2847
vn -0.3379 -0.3195 -0.8853
vn -0.3459 -0.4936 -0.7980
vn -0.5522 -0.3484 -0.7574
vn -0.3080 -0.9349 -0.1763
vn -0.0673 -0.9893 -0.1294
vn -0.3459 -0.4936 -0.7979
vn 0.1131 -0.9613 0.2513
vn 0.0444 -0.9843 0.1707
vn -0.2104 -0.9607 0.1809
vn 0.3290 -0.2045 0.9219
vn 0.5958 -0.2279 0.7701
vn 0.5097 0.2843 0.8120
vn -0.5848 -0.1131 -0.8032
vn -0.6727 -0.0857 -0.7349
vn -0.5549 -0.1930 -0.8092
vn -0.3856 -0.2537 -0.8871
vn -0.7492 -0.6454 0.1488
vn -0.7491 -0.6452 0.1501
vn -0.6727 -0.0856 -0.7349
vn -0.6497 -0.0925 -0.7545
vn -0.6565 -0.7096 0.2558
vn -0.6231 -0.7335 0.2715
vn 0.1205 -0.0878 0.9888
vn -0.0035 -0.1473 0.9891
vn 0.2928 0.0191 0.9560
vn 0.1471 0.0380 0.9884
vn 0.2928 0.0190 0.9560
vn 0.2536 0.9666 -0.0376
vn 0.2959 0.9534 -0.0592
vn 0.5097 0.2844 0.8120
vn 0.2170 0.9356 -0.2786
vn 0.0570 0.9581 -0.2806
vn 0.1580 0.9779 -0.1367
vn 0.1103 0.9938 -0.0141
vn 0.1817 0.0306 0.9829
vn 0.2134 0.8950 -0.3917
vn 0.2171 0.9356 -0.2786
vn 0.3153 0.7991 -0.5118
vn 0.7334 -0.5470 0.4035
vn 0.7539 -0.2624 0.6023
vn 0.8376 -0.1825 0.5149
vn 0.7586 -0.2251 0.6114
vn 0.8880 0.1210 -0.4436
vn 0.3992 -0.1431 -0.9056
vn 0.9551 -0.0683 -0.2882
vn 0.9125 0.1596 -0.3767
vn 0.9016 0.1990 -0.3840
vn 0.9455 -0.0233 0.3248
vn 0.9221 0.0342 0.3853
vn 0.9479 -0.0814 0.3079
vn 0.9497 -0.2348 0.2073
vn 0.7889 -0.2152 0.5756
vn 0.6288 0.5955 0.5000
vn 0.8298 0.3644 -0.4226
vn 0.8291 0.3780 -0.4121
vn 0.2539 0.8374 0.4840
vn 0.8059 0.3414 -0.4836
vn 0.1980 0.8008 0.5652
vn 0.5497 0.0122 -0.8353
vn 0.6124 0.1135 -0.7823
vn 0.8059 0.3414 -0.4837
vn 0.8147 0.2574 -0.5197
vn 0.4528 0.0409 -0.8907
vn 0.5251 -0.4232 -0.7384
vn 0.4779 -0.2492 -0.8423
vn 0.5090 -0.4908 -0.7071
vn -0.2340 -0.9673 0.0977
vn -0.4720 -0.8801 0.0516
vn -0.2178 -0.4948 -0.8413
vn -0.0901 -0.6273 -0.7736
vn -0.7492 -0.6455 0.1488
vn -0.0330 -0.9422 0.3333
vn -0.0652 -0.3948 -0.9165
vn 0.5326 -0.3044 0.7898
vn 0.5311 -0.1959 0.8243
vn 0.1802 -0.9755 0.1260
vn 0.1818 0.0305 0.9829
vn 0.5311 -0.1960 0.8243
vn 0.6116 -0.0508 0.7896
vn 0.7780 0.4638 -0.4237
vn 0.4952 0.7518 -0.4354
vn 0.6115 -0.0509 0.7896
vn 0.6798 -0.0967 0.7270
vn 0.8139 0.4132 -0.4084
vn -0.0023 -0.4996 -0.8663
vn 0.8139 0.4132 -0.4083
vn 0.6402 0.3383 -0.6897
vn 0.4903 -0.8130 -0.3140
vn 0.2411 -0.9239 -0.2972
vn -0.0024 -0.4996 -0.8663
vn 0.5807 -0.8141 -0.0030
vn 0.5325 -0.3044 0.7898
vn 0.5808 -0.8141 -0.0029
vn 0.7698 -0.6312 -0.0947
vn 0.6402 0.3382 -0.6897
vn -0.5503 -0.5520 0.6264
vn -0.5761 -0.3489 0.7392
vn -0.4865 -0.5234 0.6995
vn 0.2683 -0.0316 0.9628
vn 0.2700 0.0072 0.9628
vn -0.5760 -0.3489 0.7392
vn 0.3199 0.0906 0.9431
vn 0.3457 -0.9379 -0.0281
vn 0.0382 -0.9940 -0.1023
vn 0.5955 -0.8005 -0.0685
vn -0.1141 -0.9914 0.0639
vn -0.2068 -0.9444 0.2557
vn -0.4242 -0.8828 0.2017
vn -0.6138 -0.7411 0.2719
vn -0.4866 -0.5234 0.6995
vn -0.6047 -0.6970 0.3855
vn -0.7150 -0.4501 0.5349
vn -0.8766 -0.4598 0.1418
vn -0.9067 -0.4160 0.0692
vn -0.8766 -0.4598 0.1417
vn -0.4718 -0.4944 0.7301
vn 0.3537 -0.3380 0.8722
vn -0.7151 -0.4501 0.5349
vn 0.3265 0.0043 0.9452
vn 0.4442 -0.2592 0.8576
vn -0.5503 -0.5521 0.6264
vn -0.6046 -0.6970 0.3855
vn -0.8639 -0.5036 -0.0108
vn -0.9018 -0.4322 -0.0037
vn -0.9018 -0.4321 -0.0037
vn -0.9117 -0.4109 -0.0011
vn -0.9109 -0.4065 -0.0707
vn 0.8822 0.3036 0.3599
vn 0.9263 -0.0222 0.3760
vn 0.9265 -0.0099 0.3762
vn 0.4443 -0.2591 0.8576
vn 0.3854 -0.3332 0.8605
vn 0.9055 -0.0987 0.4128
vn 0.8822 0.3035 0.3600
vn 0.8503 0.1627 -0.5006
vn 0.8147 0.2574 -0.5196
vn 0.9484 0.0962 -0.3020
vn 0.9523 0.0863 -0.2928
vn 0.9831 -0.0490 -0.1766
vn 0.9971 -0.0725 -0.0249
vn 0.9539 -0.0145 0.2998
vn 0.9428 -0.0265 -0.3322
vn 0.9290 0.0818 -0.3609
vn 0.3990 -0.0267 -0.9165
vn 0.2502 -0.0980 -0.9632
vn 0.8503 0.1626 -0.5006
vn 0.5347 -0.4831 -0.6933
vn 0.1976 -0.1312 -0.9715
vn 0.1807 -0.1153 -0.9768
vn 0.1192 -0.1661 -0.9789
vn 0.0930 -0.2175 -0.9716
vn 0.1923 -0.1222 -0.9737
vn 0.3931 -0.0989 -0.9142
vn 0.9402 -0.0205 -0.3401
vn 0.1234 -0.1258 -0.9843
vn -0.0486 -0.2486 -0.9674
vn 0.0483 -0.6867 -0.7253
vn 0.4184 -0.6099 -0.6730
vn -0.6346 -0.5707 -0.5211
vn -0.4599 -0.6584 -0.5959
vn -0.4599 -0.6584 -0.5958
vn -0.3816 -0.7856 -0.4871
vn -0.9550 -0.2146 -0.2049
vn -0.8772 -0.2316 -0.4206
vn 0.0835 -0.1368 -0.9871
vn -0.6347 -0.5706 -0.5211
vn -0.3997 -0.8785 -0.2616
vn -0.9167 -0.2497 -0.3119
vn -0.9167 -0.2497 -0.3118
vn -0.9329 -0.3503 -0.0833
vn -0.8667 -0.4629 -0.1858
vn -0.6917 -0.7158 -0.0955
vn -0.9143 -0.4041 -0.0274
vn -0.6917 -0.7159 -0.0956
vn -0.1202 -0.9801 -0.1582
vn -0.8668 -0.4628 -0.1858
vn -0.9797 -0.1797 0.0892
vn -0.9686 -0.2038 0.1427
vn -0.9260 -0.2996 0.2299
vn 0.2103 -0.3648 0.9070
vn 0.2932 -0.4155 0.8610
vn -0.9686 -0.2038 0.1426
vn 0.2240 -0.1328 0.9655
vn -0.9894 -0.1403 -0.0365
vn -0.9943 -0.1020 -0.0305
vn -0.9904 -0.0844 -0.1092
vn -0.9818 -0.1574 0.1067
vn 0.9573 0.0806 0.2776
vn 0.9532 0.0372 0.3001
vn 0.2138 -0.1063 0.9711
vn 0.9532 0.0371 0.3001
vn 0.9659 -0.0664 0.2503
vn -0.9364 -0.3028 0.1773
vn -0.8519 -0.4423 0.2804
vn 0.1042 0.1006 0.9895
vn 0.1374 -0.0809 0.9872
vn -0.8795 -0.3642 0.3063
vn 0.2135 -0.0815 0.9735
vn 0.9708 0.0169 0.2391
vn 0.9646 -0.0125 0.2633
vn 0.2134 -0.0815 0.9736
vn 0.2422 0.0890 0.9661
vn 0.9854 -0.0215 0.1691
vn 0.9842 0.0383 0.1731
vn 0.9671 -0.0049 -0.2543
vn 0.9630 -0.0150 -0.2691
vn 0.8706 0.0081 -0.4920
vn 0.9843 -0.0693 0.1622
vn 0.9785 -0.1266 -0.1625
vn 0.9846 -0.0939 -0.1476
vn 0.9081 -0.2021 -0.3667
vn 0.9363 -0.1079 -0.3341
vn 0.7667 -0.0217 -0.6416
vn 0.1494 -0.0483 -0.9876
vn 0.1455 0.0066 -0.9893
vn 0.8705 0.0081 -0.4920
vn 0.0664 -0.0590 -0.9960
vn 0.1944 -0.5321 -0.8241
vn 0.1741 -0.5432 -0.8214
vn 0.0490 -0.0623 -0.9969
vn 0.1741 -0.5432 -0.8213
vn 0.0704 -0.5256 -0.8478
vn -0.7800 -0.1660 -0.6034
vn -0.9891 -0.1268 -0.0751
vn -0.9754 -0.1987 -0.0955
vn -0.9900 -0.1403 -0.0174
vn 0.0705 -0.5256 -0.8478
vn 0.0765 -0.5475 -0.8333
vn -0.9573 -0.1780 0.2280
vn -0.9677 -0.0320 0.2502
vn -0.9917 -0.0305 0.1246
vn -0.9910 -0.0970 0.0923
vn -0.9719 0.0068 0.2353
vn -0.0500 0.2795 0.9588
vn 0.1033 0.2131 0.9716
vn -0.9677 -0.0321 0.2501
vn 0.1553 0.2748 0.9489
vn -0.9760 -0.2176 -0.0124
vn -0.9495 -0.2745 -0.1519
vn -0.9581 -0.1697 -0.2308
vn -0.9618 -0.2479 -0.1164
vn -0.9549 -0.1634 -0.2480
vn -0.9301 -0.1732 -0.3240
vn -0.9705 -0.1615 -0.1788
vn -0.9253 -0.1814 -0.3329
vn -0.9918 -0.1141 0.0583
vn -0.9834 -0.1368 0.1195
vn -0.9710 -0.1600 -0.1779
vn -0.9606 -0.1371 0.2419
vn -0.9719 0.0067 0.2353
vn -0.9671 -0.0774 0.2423
vn -0.9723 -0.0614 0.2256
vn -0.2220 -0.0402 0.9742
vn -0.2053 -0.0850 0.9750
vn -0.9960 -0.0741 0.0491
vn -0.9926 0.0769 0.0940
vn -0.9648 0.0398 0.2600
vn -0.2238 0.1839 0.9571
vn -0.2394 0.1041 0.9653
vn -0.9554 0.1370 0.2614
vn 0.0951 0.1115 0.9892
vn 0.1062 -0.0140 0.9942
vn -0.9781 -0.1193 -0.1708
vn -0.9851 -0.0790 -0.1526
vn -0.9932 -0.1046 0.0515
vn -0.9657 0.0585 -0.2531
vn -0.9737 0.0662 -0.2178
vn -0.9247 -0.0690 -0.3744
vn -0.9879 0.1225 0.0949
vn -0.9676 0.0999 -0.2320
vn 0.9666 -0.0645 0.2482
vn 0.9861 -0.0880 0.1411
vn 0.1478 0.2694 0.9516
vn 0.9389 -0.1007 0.3293
vn 0.9666 -0.0645 0.2481
vn 0.1520 -0.0319 0.9879
vn 0.7274 0.0799 0.6816
vn 0.7663 0.0058 0.6425
vn 0.1023 0.1763 0.9790
vn 0.8027 0.1197 0.5843
vn 0.7449 -0.0245 0.6667
vn 0.8251 0.0734 0.5602
vn 0.7274 0.0799 0.6815
vn 0.7450 -0.0245 0.6667
vn 0.8299 -0.0885 0.5509
vn 0.9851 -0.0910 0.1458
vn 0.9607 -0.1634 -0.2242
vn 0.9622 -0.1591 -0.2210
vn 0.9044 -0.1926 -0.3809
vn 0.9373 -0.2127 -0.2762
vn 0.9977 0.0676 0.0030
vn 0.8349 0.0717 0.5458
vn 0.9971 0.0334 0.0677
vn 0.8431 -0.0751 0.5325
vn 0.9751 -0.1025 0.1966
vn 0.9873 -0.0990 0.1240
vn 0.9842 0.1154 -0.1340
vn 0.9503 0.0813 -0.3004
vn 0.1804 -0.2281 -0.9568
vn 0.1884 -0.2496 -0.9498
vn 0.9373 -0.2128 -0.2762
vn 0.9043 -0.1926 -0.3809
vn 0.0764 -0.5475 -0.8333
vn 0.1944 -0.5320 -0.8241
vn 0.0902 -0.2584 -0.9618
vn 0.1711 -0.0752 -0.9824
vn 0.9502 0.0428 -0.3087
vn 0.2056 0.0536 -0.9772
vn 0.9913 -0.0493 0.1218
vn 0.9945 0.0827 -0.0641
vn 0.9508 0.2490 -0.1845
vn 0.9877 0.1402 0.0695
vn 0.9030 0.3002 -0.3074
vn 0.7495 0.4907 -0.4444
vn 0.6350 0.5908 -0.4977
vn 0.2086 0.7614 -0.6138
vn 0.2599 0.6808 -0.6848
vn 0.7494 0.4907 -0.4445
vn -0.0543 0.0270 -0.9982
vn 0.2599 0.6807 -0.6849
vn -0.0667 0.6608 -0.7475
vn 0.0642 -0.2599 -0.9635
vn -0.9177 -0.1129 -0.3808
vn -0.0640 -0.1107 -0.9918
vn -0.2335 0.7116 -0.6626
vn -0.6641 0.5279 -0.5295
vn -0.0668 0.6609 -0.7475
vn 0.0372 0.7701 -0.6369
vn -0.9882 0.1449 -0.0502
vn -0.9574 0.1761 -0.2290
vn -0.6642 0.5278 -0.5294
vn -0.7994 0.4827 -0.3577
vn -0.9974 0.0708 -0.0144
vn -0.9668 0.0810 -0.2423
vn 0.1409 -0.2526 -0.9573
vn -0.0522 -0.2751 -0.9600
vn 0.1486 -0.2517 -0.9563
vn -0.0513 -0.2658 -0.9627
vn 0.9545 -0.1945 -0.2261
vn 0.8995 -0.2085 -0.3840
vn 0.9333 -0.1981 -0.2995
vn 0.0294 -0.2319 0.9723
vn 0.2129 -0.2018 0.9560
vn 0.2168 -0.2352 0.9475
vn 0.7674 -0.2703 0.5815
vn 0.8904 -0.2198 0.3986
vn 0.8904 -0.2197 0.3986
vn 0.9668 -0.1751 0.1859
vn 0.9389 -0.1007 0.3292
vn -0.9670 -0.1336 0.2172
vn -0.1507 -0.2237 0.9629
vn 0.9333 -0.1980 -0.2994
vn 0.9694 -0.1740 0.1730
vn 0.8499 -0.2474 0.4653
vn 0.9502 0.0428 -0.3086
vn 0.7663 0.0058 0.6424
vn -0.9670 -0.1336 0.2171
vn 0.0725 0.4178 0.9056
vn -0.1840 0.4262 0.8857
vn -0.9315 0.3567 0.0716
vn -0.8908 0.3892 0.2344
vn -0.9554 0.1370 0.2615
vn -0.9147 0.3530 0.1967
vn -0.1283 0.3953 0.9096
vn -0.9289 0.2703 -0.2533
vn -0.8578 0.3953 -0.3285
vn -0.8549 0.3712 -0.3624
vn -0.9413 0.3325 0.0589
vn -0.9819 -0.0111 0.1893
vn -0.9508 -0.2513 0.1812
vn -0.1339 -0.2521 0.9584
vn -0.1318 -0.0044 0.9913
vn -0.3380 -0.9404 -0.0382
vn -0.1189 -0.9881 0.0976
vn -0.9508 -0.2512 0.1813
vn -0.9687 -0.2412 0.0590
vn 0.1016 -0.9880 0.1164
vn 0.0755 -0.2534 0.9644
vn -0.1338 -0.2521 0.9584
vn -0.9979 -0.0126 0.0628
vn -0.9064 0.0654 -0.4173
vn -0.8960 -0.1859 -0.4033
vn -0.0308 -0.9994 -0.0126
vn -0.8960 -0.1858 -0.4033
vn -0.9016 -0.1962 -0.3855
vn 0.8924 0.3007 0.3364
vn 0.8735 0.2250 0.4318
vn 0.8113 0.3892 0.4363
vn 0.8416 0.3484 0.4126
vn 0.0687 0.3883 0.9190
vn 0.9217 -0.0424 0.3855
vn 0.0735 -0.0005 0.9973
vn 0.0756 -0.2534 0.9644
vn 0.8846 -0.2989 0.3580
vn 0.1594 -0.9865 0.0371
vn 0.9199 -0.2848 0.2694
vn 0.9474 0.2296 0.2230
vn 0.9690 0.2034 0.1405
vn 0.9722 0.1874 0.1407
vn 0.9410 -0.1238 0.3150
vn 0.9493 -0.2880 0.1263
vn 0.9889 -0.0667 0.1331
vn 0.9474 -0.3043 0.0995
vn 0.9492 -0.2880 0.1264
vn 0.0895 -0.9960 0.0085
vn 0.9525 0.2972 -0.0665
vn 0.9770 0.1982 0.0787
vn 0.9784 0.1709 0.1159
vn 0.9804 0.1822 0.0753
vn 0.9913 -0.0805 0.1041
vn 0.9474 -0.3042 0.0995
vn 0.9468 -0.2918 0.1356
vn 0.9959 -0.0160 0.0892
vn -0.0973 -0.9951 0.0194
vn 0.0696 -0.9975 0.0110
vn 0.0672 -0.9977 0.0099
vn 0.9750 -0.2004 0.0965
vn 0.9468 -0.2918 0.1355
vn -0.8739 0.4836 0.0498
vn -0.9767 0.1600 0.1430
vn -0.9072 0.3327 0.2574
vn -0.9543 0.2149 0.2078
vn -0.9563 0.1920 0.2207
vn -0.9405 0.2663 0.2111
vn -0.8572 0.3536 -0.3743
vn -0.9115 0.0577 -0.4073
vn -0.9795 0.0200 0.2006
vn -0.9596 -0.2124 0.1845
vn -0.9531 -0.2171 0.2109
vn -0.0912 -0.9956 0.0206
vn -0.2627 0.9036 -0.3385
vn -0.6645 0.7387 -0.1127
vn -0.7994 0.4828 -0.3577
vn -0.6360 0.7664 -0.0902
vn -0.6646 0.7387 -0.1126
vn 0.9666 0.2552 -0.0220
vn 0.8766 0.4464 -0.1798
vn 0.8836 0.4210 -0.2048
vn 0.6927 0.6404 -0.3318
vn 0.6351 0.5908 -0.4977
vn -0.2520 0.9158 -0.3126
vn -0.2154 0.8590 -0.4644
vn -0.5559 0.7475 -0.3637
vn -0.6359 0.7664 -0.0903
vn -0.9173 0.3655 -0.1582
vn -0.9152 0.3885 -0.1073
vn -0.5560 0.7474 -0.3637
vn -0.5333 0.7163 -0.4501
vn -0.9823 0.1873 -0.0017
vn -0.9591 0.1350 0.2489
vn 0.0169 0.8999 -0.4357
vn 0.0276 0.9132 -0.4066
vn 0.1591 0.9043 -0.3961
vn 0.1321 0.8837 -0.4490
vn 0.0208 0.8920 -0.4515
vn -0.3364 0.8231 -0.4576
vn 0.0245 0.8810 -0.4726
vn -0.9708 -0.0424 0.2361
vn -0.9999 0.0010 -0.0158
vn -0.9755 -0.2192 -0.0176
vn -0.1123 -0.9921 -0.0555
vn -0.0709 -0.9975 -0.0002
vn -0.9681 -0.2081 -0.1396
vn 0.1491 -0.9888 0.0071
vn -0.9904 0.0152 -0.1374
vn 0.3045 -0.9477 -0.0959
vn 0.9788 -0.2025 -0.0310
vn 0.9788 -0.2012 0.0381
vn 0.1490 -0.9888 0.0071
vn 0.9971 0.0230 0.0726
vn 0.9929 0.1160 0.0275
vn 0.7287 0.6768 -0.1047
vn 0.8196 0.5646 -0.0973
vn 0.9901 0.1341 -0.0411
vn 0.6309 0.7362 -0.2448
vn 0.7962 0.5527 -0.2460
vn 0.6955 0.6527 -0.3005
vn -0.2966 0.7217 -0.6254
vn -0.4555 0.5996 -0.6581
vn -0.5332 0.7163 -0.4501
vn -0.5581 0.1115 -0.8222
vn -0.7148 0.1140 -0.6900
vn -0.4555 0.5995 -0.6581
vn -0.3566 0.5888 -0.7254
vn -0.7154 -0.2071 -0.6673
vn -0.9681 -0.2081 -0.1397
vn -0.7148 0.1140 -0.6899
vn 0.4763 0.7138 -0.5134
vn 0.6309 0.7363 -0.2448
vn 0.7286 0.6769 -0.1047
vn 0.6749 0.5308 -0.5126
vn 0.8139 -0.2293 -0.5338
vn 0.8193 0.1109 -0.5625
vn 0.7110 0.1395 -0.6892
vn 0.5305 0.5845 -0.6139
vn 0.6749 0.5307 -0.5126
vn -0.0471 -0.9889 -0.1407
vn -0.5902 -0.2099 -0.7795
vn 0.7055 -0.2597 -0.6594
vn 0.8138 -0.2294 -0.5339
vn 0.1419 -0.9560 -0.2567
vn 0.5305 0.5846 -0.6139
vn 0.1254 0.7172 -0.6855
vn 0.1518 0.7708 -0.6187
vn 0.1220 -0.2664 -0.9561
vn 0.1184 0.1774 -0.9770
vn -0.0637 0.1609 -0.9849
vn 0.0282 0.6687 -0.7430
vn -0.0471 -0.9889 -0.1406
vn -0.0667 -0.2436 -0.9676
vn 0.0496 0.7730 -0.6324
vn -0.3565 0.5889 -0.7253
vn -0.5901 -0.2099 -0.7795
vn 0.1497 0.8675 -0.4744
vn 0.7962 0.5528 -0.2460
vn 0.8417 0.3484 0.4126
vn -0.9147 0.3531 0.1967
vn 0.6954 0.6528 -0.3005
vn 0.1866 0.8846 -0.4273
vn 0.0372 0.7701 -0.6368
vn 0.9188 0.3879 0.0737
vn 0.1887 0.4863 0.8532
vn 0.1683 0.5235 0.8353
vn 0.8239 0.5559 0.1102
vn 0.4657 -0.5801 -0.6683
vn 0.7343 -0.1601 -0.6597
vn 0.9650 -0.1828 -0.1879
vn 0.9373 -0.3339 -0.1001
vn 0.9115 -0.3864 -0.1410
vn 0.8984 -0.4294 -0.0920
vn 0.8270 -0.5619 -0.0200
vn 0.9614 -0.2617 -0.0855
vn 0.8866 0.3279 -0.3261
vn 0.8090 0.4950 -0.3169
vn 0.7959 0.5535 -0.2451
vn 0.6747 0.6079 -0.4185
vn 0.3422 0.9053 -0.2518
vn 0.9038 0.4279 -0.0061
vn 0.4449 0.7530 0.4848
vn 0.7484 0.4919 0.4449
vn 0.7689 0.0998 0.6315
vn 0.7141 0.2547 0.6521
vn 0.8026 -0.1766 0.5698
vn 0.7861 -0.2861 0.5479
vn 0.7885 -0.5701 0.2308
vn 0.9120 -0.3032 0.2763
vn 0.9435 0.1828 -0.2763
vn 0.9442 -0.3263 0.0445
vn 0.1834 -0.8921 0.4129
vn -0.7711 -0.6306 -0.0887
vn -0.6360 0.5837 0.5048
vn 0.6568 -0.7096 0.2552
vn -0.6971 -0.1044 0.7093
vn -0.8195 0.4190 -0.3910
vn 0.1326 -0.6045 -0.7855
vn -0.8889 -0.2838 0.3595
vn 0.0256 0.6373 -0.7702
vn -0.7320 0.0064 -0.6813
vn -0.8901 -0.4268 -0.1598
vn -0.8041 -0.5941 -0.0238
vn 0.7495 -0.6583 -0.0702
vn 0.5841 -0.7761 -0.2377
vn -0.4323 -0.7491 0.5019
vn -0.6974 0.5305 0.4819
vn -0.1149 -0.6261 -0.7712
vn -0.0058 0.0803 0.9968
vn 0.0903 -0.9279 0.3616
vn -0.3562 -0.8625 0.3594
vn 0.8772 -0.2318 -0.4206
vn 0.7698 -0.6313 -0.0947
vn 0.6287 0.5956 0.5000
vn -0.6565 -0.7096 0.2557
vn 0.8140 0.4132 -0.4083
vn -0.0902 -0.6272 -0.7736
vn -0.6046 -0.6971 0.3854
vn -0.9508 -0.2512 0.1812
vn -0.0667 0.6609 -0.7475
vn 0.7180 -0.0123 -0.6960
vn 0.2540 0.8374 0.4840
vn -0.0248 -0.6101 -0.7919
vn 0.4184 -0.6100 -0.6729
vn -0.0059 0.0801 0.9968
vn 0.3547 -0.8641 0.3572
vn -0.8772 -0.2315 -0.4206
vn -0.0487 0.3939 0.9179
vn -0.5980 0.6496 0.4696
vn -0.3517 0.4617 0.8143
vn -0.1705 -0.3000 0.9386
vn 0.0001 -0.7037 -0.7104
vn 0.6043 0.7190 -0.3432
vn 0.6772 -0.0896 -0.7304
vn -0.0306 -0.1410 0.9895
vn -0.3075 0.9507 -0.0404
vn -0.1082 0.9940 -0.0136
vn 0.6494 -0.0923 -0.7549
vn 0.0324 -0.9444 0.3272
vn -0.5127 -0.7704 -0.3789
vn 0.4980 -0.8478 0.1821
vn -0.9511 -0.0438 -0.3057
vn -0.1552 0.2749 0.9489
vn -0.2795 0.6809 -0.6769
vn -0.2166 0.0595 -0.9745
vn 0.0256 0.6372 -0.7702
vn 0.0516 0.0363 -0.9980
vn 0.3329 -0.9423 -0.0357
vn -0.1702 0.5238 0.8347
vn -0.9323 0.2874 -0.2194
vn -0.9544 0.0823 -0.2871
vn -0.8657 0.4538 0.2115
vn -0.4446 0.8081 0.3863
vn -0.8419 -0.5386 -0.0325
vn -0.9612 -0.2207 -0.1653
vn 0.6290 -0.7441 0.2253
vn 0.6880 0.4128 -0.5969
vn 0.0486 0.3937 0.9180
vn 0.2847 0.4087 -0.8671
vn 0.1260 -0.4902 0.8624
vn -0.5990 0.7434 -0.2976
vn 0.5923 -0.2114 0.7775
vn -0.0035 -0.1472 0.9891
vn 0.1103 0.9938 -0.0142
vn 0.2536 0.9666 -0.0377
vn 0.8880 0.1210 -0.4437
vn -0.6497 -0.0924 -0.7545
vn -0.0330 -0.9422 0.3334
vn 0.1818 0.0306 0.9829
vn -0.8709 -0.2201 0.4394
vn -0.4241 -0.8829 0.2017
vn 0.3265 0.0044 0.9452
vn -0.0643 -0.7034 -0.7079
vn -0.9891 -0.1267 -0.0751
vn 0.1551 0.2748 0.9489
vn -0.9754 -0.1987 -0.0954
vn -0.0542 0.0270 -0.9982
vn 0.9788 -0.2011 0.0381
vn 0.7862 -0.2860 0.5478
vn 0.4286 -0.2996 0.8523
vn 0.4451 0.8078 0.3865
vn 0.9038 0.4279 -0.0060
vn 0.9373 -0.3339 -0.1000
vn -0.6139 -0.7411 0.2718
vn -0.8195 -0.2400 0.5203
vn -0.8101 -0.2571 0.5269
vn -0.6151 -0.2640 0.7429
vn -0.6575 -0.1826 0.7310
vn -0.6152 -0.2640 0.7429
vn -0.8112 -0.4081 0.4187
vn -0.8010 -0.3376 0.4944
vn -0.9745 -0.1838 -0.1285
vn -0.6754 -0.0355 0.7366
vn -0.8331 -0.1025 0.5436
vn 0.8116 0.0174 -0.5840
vn 0.7789 0.0306 -0.6264
vn 0.7737 0.6269 0.0911
vn 0.6470 0.7423 0.1745
vn -0.1698 0.9586 -0.2286
vn -0.0735 0.9766 -0.2023
vn 0.1010 -0.0651 -0.9928
vn 0.0069 -0.0834 -0.9965
vn -0.0022 0.9919 -0.1271
vn 0.7903 0.6013 0.1173
vn -0.0734 0.9766 -0.2023
vn -0.8935 0.3052 -0.3294
vn -0.8563 0.3830 -0.3464
vn -0.6054 -0.2299 -0.7620
vn -0.6500 -0.2443 -0.7196
vn -0.8669 0.3730 -0.3306
vn -0.1856 0.9623 -0.1990
vn -0.1699 0.9586 -0.2287
vn -0.8563 0.3831 -0.3464
vn -0.6323 -0.2484 -0.7338
vn -0.1977 -0.1561 -0.9677
vn -0.9810 -0.0355 -0.1907
vn -0.9792 -0.0155 -0.2025
vn -0.8821 -0.2450 -0.4023
vn -0.2802 0.4623 0.8413
vn -0.2808 0.4811 0.8305
vn -0.8903 -0.2233 -0.3968
vn -0.2807 0.4811 0.8305
vn -0.1932 0.4835 0.8538
vn 0.3262 0.1378 0.9352
vn 0.8125 0.5651 0.1433
vn 0.7903 0.6013 0.1174
vn 0.5928 0.3194 0.7393
vn 0.6168 0.2804 0.7355
vn 0.5927 0.3194 0.7394
vn -0.1931 0.4835 0.8538
vn -0.1969 0.4598 0.8659
vn -0.2237 -0.0480 -0.9735
vn 0.0849 -0.0819 -0.9930
vn -0.1195 -0.0315 -0.9923
vn -0.7926 -0.3159 -0.5216
vn -0.8665 -0.1164 -0.4854
vn -0.8192 -0.1346 -0.5574
vn -0.2061 -0.0562 -0.9769
vn -0.8732 -0.0909 -0.4788
vn 0.7439 0.1284 -0.6558
vn 0.9277 -0.3553 -0.1148
vn 0.9239 -0.3557 -0.1411
vn -0.8585 -0.1798 0.4803
vn 0.3782 -0.8560 -0.3524
vn 0.3716 -0.8242 -0.4273
vn 0.9211 -0.3871 -0.0410
vn 0.2348 -0.8454 -0.4797
vn -0.1182 -0.0429 -0.9921
vn -0.8732 -0.0909 -0.4787
vn -0.9958 -0.0711 -0.0573
vn -0.8983 -0.1130 -0.4246
vn -0.9221 -0.0581 -0.3825
vn -0.8825 0.1033 -0.4588
vn -0.9222 -0.0581 -0.3824
vn 0.2942 -0.8662 -0.4039
vn 0.9245 -0.3806 -0.0226
vn 0.7351 -0.4463 0.5104
vn 0.6995 -0.4597 0.5472
vn 0.4522 -0.8455 0.2841
vn 0.1648 -0.9558 0.2435
vn 0.6994 -0.4597 0.5472
vn 0.4456 -0.5565 0.7013
vn 0.3959 -0.9091 0.1295
vn -0.5363 -0.0194 -0.8438
vn -0.9716 0.2112 0.1068
vn -0.9992 0.0365 -0.0152
vn -0.6826 -0.0942 -0.7247
vn 0.8128 -0.5578 0.1680
vn -0.9992 0.0366 -0.0152
vn -0.9302 -0.2099 -0.3010
vn -0.0617 -0.3553 0.9327
vn -0.3470 -0.4446 0.8258
vn -0.6867 -0.0993 -0.7201
vn -0.3469 -0.4446 0.8258
vn -0.3710 -0.3890 0.8432
vn 0.3179 -0.5034 0.8035
vn 0.1671 -0.4553 0.8745
vn 0.4455 -0.5564 0.7013
vn 0.6462 -0.4669 0.6037
vn -0.0973 -0.3317 0.9383
vn -0.1069 -0.3726 0.9218
vn -0.9741 0.1756 0.1428
vn -0.9057 0.0461 -0.4214
vn -0.9302 -0.2099 -0.3011
vn 0.0216 -0.2539 0.9670
vn 0.5933 -0.4831 0.6439
vn -0.0149 -0.2493 0.9683
vn -0.2727 -0.7834 0.5585
vn -0.2859 -0.7891 0.5436
vn 0.6328 -0.4727 0.6133
vn -0.2848 -0.7706 0.5701
vn -0.7682 0.3707 -0.5220
vn -0.6116 -0.0490 -0.7896
vn -0.7488 0.3706 -0.5496
vn -0.3676 -0.7726 0.5176
vn -0.6857 0.4076 -0.6031
vn 0.5441 -0.4276 0.7219
vn 0.7401 0.0405 0.6712
vn 0.6169 0.2804 0.7354
vn 0.6329 -0.4727 0.6132
vn -0.2801 0.4623 0.8413
vn -0.6379 0.4574 -0.6195
vn -0.6857 0.4075 -0.6031
vn -0.5274 -0.5471 -0.6501
vn 0.3800 -0.6856 0.6209
vn 0.6378 -0.5282 0.5605
vn 0.7495 -0.6583 -0.0701
vn 0.6603 -0.4575 0.5955
vn 0.6463 -0.4669 0.6036
vn -0.9304 -0.3271 -0.1653
vn -0.9371 -0.2983 -0.1811
vn -0.9403 -0.3145 -0.1304
vn -0.8851 -0.4605 0.0673
vn -0.8386 -0.1125 -0.5329
vn -0.0968 0.1369 -0.9858
vn -0.9711 -0.0769 -0.2259
vn -0.5274 -0.5470 -0.6500
vn -0.9529 -0.1695 0.2514
vn -0.9776 -0.1298 0.1657
vn -0.9638 -0.2657 -0.0228
vn -0.6383 0.1951 -0.7446
vn -0.9005 0.0997 -0.4233
vn -0.3686 0.1580 -0.9161
vn -0.0968 0.1370 -0.9858
vn -0.8244 -0.0670 -0.5621
vn -0.3686 0.1579 -0.9161
vn -0.9397 -0.2791 -0.1976
vn -0.6116 -0.0490 -0.7897
vn -0.5364 -0.0194 -0.8438
vn -0.8243 -0.0670 -0.5621
vn -0.6380 0.4574 -0.6195
vn -0.9791 -0.1354 0.1517
vn -0.9397 -0.2791 -0.1975
vn -0.6934 -0.0253 -0.7201
vn -0.6044 0.7720 0.1968
vn -0.5833 0.8122 -0.0100
vn -0.7972 0.0287 -0.6030
vn -0.0013 0.9919 -0.1268
vn -0.0012 0.9883 -0.1524
vn -0.5832 0.8122 -0.0100
vn -0.7900 0.6018 0.1173
vn 0.1823 0.9554 -0.2324
vn 0.1562 -0.1106 -0.9815
vn -0.0852 -0.0666 -0.9941
vn -0.0012 0.9883 -0.1523
vn 0.9425 0.1763 -0.2840
vn 0.6500 -0.2443 -0.7196
vn 0.6046 -0.2303 -0.7625
vn 0.8565 0.3826 -0.3464
vn 0.6666 -0.2685 -0.6954
vn 0.1977 -0.1560 -0.9678
vn 0.8707 0.3639 -0.3307
vn 0.8565 0.3827 -0.3464
vn 0.1824 0.9554 -0.2324
vn 0.0829 0.9850 -0.1514
vn 0.8708 0.3639 -0.3306
vn 0.9838 -0.0178 -0.1782
vn 0.9803 -0.0627 -0.1874
vn 0.8747 -0.2533 -0.4132
vn 0.2019 0.4833 0.8519
vn 0.2809 0.4818 0.8301
vn 0.2657 0.4642 0.8450
vn 0.8904 -0.2217 -0.3975
vn 0.2809 0.4818 0.8300
vn -0.3556 0.1454 0.9233
vn -0.1865 0.2950 0.9371
vn -0.8117 0.5536 0.1865
vn -0.6553 0.2305 0.7193
vn 0.1969 0.4597 0.8660
vn 0.2018 0.4833 0.8519
vn -0.1865 0.2951 0.9371
vn 0.2234 -0.0484 -0.9735
vn 0.1204 -0.0315 -0.9922
vn -0.0065 -0.1167 -0.9931
vn 0.9073 -0.3367 -0.2521
vn 0.8291 -0.1362 -0.5423
vn 0.8169 -0.1212 -0.5639
vn 0.2432 -0.0588 -0.9682
vn 0.8169 -0.1211 -0.5639
vn 0.8799 -0.0915 -0.4664
vn 0.5458 -0.6195 -0.5642
vn 0.8605 -0.2671 0.4338
vn -0.5472 0.0860 -0.8325
vn -0.7454 -0.4963 -0.4449
vn -0.2516 -0.8412 -0.4787
vn -0.3649 -0.8268 -0.4281
vn 0.1239 -0.0444 -0.9913
vn -0.3467 -0.8792 -0.3269
vn -0.6469 -0.7478 -0.1495
vn -0.7454 -0.4964 -0.4449
vn -0.3650 -0.8268 -0.4281
vn 0.8951 -0.1199 -0.4295
vn 0.9652 -0.0676 -0.2524
vn 0.8799 -0.0916 -0.4663
vn 0.8789 -0.1280 -0.4595
vn 0.8840 0.0921 -0.4582
vn 0.8789 -0.1280 -0.4596
vn -0.2943 -0.8663 -0.4037
vn -0.2516 -0.8412 -0.4786
vn 0.9652 -0.0676 -0.2525
vn -0.5182 -0.7631 0.3863
vn -0.5755 -0.7429 0.3418
vn -0.7222 -0.6832 -0.1079
vn -0.2406 -0.9596 -0.1458
vn -0.4026 -0.9154 -0.0023
vn -0.2244 -0.9372 -0.2669
vn -0.4396 -0.7859 0.4349
vn -0.4985 -0.6999 0.5115
vn -0.4657 -0.5804 0.6680
vn 0.5410 -0.0218 -0.8407
vn 0.6375 -0.1013 -0.7638
vn 0.9999 0.0070 0.0102
vn 0.9710 0.2069 0.1196
vn 0.6874 -0.1003 -0.7194
vn 0.3706 -0.3869 0.8444
vn 0.3701 -0.3943 0.8412
vn 0.1713 -0.3669 0.9143
vn 0.9371 -0.2726 -0.2181
vn 0.9999 0.0070 0.0103
vn -0.4165 -0.3779 0.8269
vn -0.4985 -0.6998 0.5116
vn 0.0808 -0.3352 0.9387
vn 0.0793 -0.3177 0.9449
vn 0.1714 -0.3669 0.9143
vn 0.2952 -0.3673 0.8820
vn 0.9817 0.1376 0.1317
vn 0.9371 -0.2725 -0.2181
vn 0.9022 0.0510 -0.4282
vn 0.0211 -0.2586 0.9658
vn -0.4978 -0.4722 0.7275
vn 0.0004 -0.2423 0.9702
vn 0.2852 -0.7702 0.5705
vn 0.2859 -0.7893 0.5435
vn 0.2878 -0.7828 0.5517
vn -0.6327 -0.4728 0.6133
vn -0.4979 -0.4721 0.7275
vn 0.2858 -0.7893 0.5435
vn 0.7686 0.3706 -0.5214
vn 0.7104 0.3957 -0.5820
vn 0.4894 0.0047 -0.8720
vn 0.3773 -0.7709 0.5131
vn 0.6831 0.4100 -0.6044
vn -0.5435 -0.4296 0.7211
vn -0.6553 0.2304 0.7193
vn -0.7402 0.0402 0.6712
vn 0.2656 0.4642 0.8450
vn 0.2879 -0.7828 0.5517
vn 0.3772 -0.7710 0.5130
vn 0.6369 0.4599 -0.6187
vn 0.5273 -0.5472 -0.6500
vn 0.9125 -0.4053 -0.0545
vn -0.5423 0.1005 -0.8342
vn 0.9197 -0.2773 -0.2779
vn -0.8968 -0.0877 0.4337
vn -0.8900 0.0287 0.4551
vn -0.5755 -0.7429 0.3419
vn -0.4986 -0.6998 0.5115
vn 0.3830 -0.9224 0.0500
vn -0.8920 -0.1219 0.4353
vn 0.9088 -0.3355 -0.2481
vn 0.9308 -0.3330 -0.1505
vn 0.9716 -0.1626 -0.1718
vn 0.9116 -0.2596 -0.3186
vn 0.5274 -0.5472 -0.6500
vn 0.8830 -0.4580 0.1024
vn 0.8851 -0.4605 0.0666
vn 0.0572 0.2102 -0.9760
vn 0.9816 -0.1231 0.1461
vn 0.9529 -0.1696 0.2514
vn 0.4251 0.1552 -0.8917
vn 0.6334 0.1954 -0.7487
vn 0.3652 0.1583 -0.9174
vn 0.8245 -0.0670 -0.5619
vn 0.4251 0.1553 -0.8917
vn 0.9045 0.0961 -0.4155
vn 0.6334 0.1953 -0.7487
vn 0.4894 0.0047 -0.8721
vn 0.9390 -0.2781 -0.2025
vn 0.9775 -0.1352 0.1618
vn 0.9390 -0.2780 -0.2025
vn -0.4323 -0.7492 0.5019
vn -0.7153 -0.6499 0.2571
vn 0.3054 -0.6396 0.7054
vn 0.3799 -0.6856 0.6209
vn -0.7816 -0.3360 0.5255
vn -0.7153 -0.6498 0.2572
vn -0.1203 -0.2759 0.9536
vn 0.0858 -0.4079 0.9090
vn -0.7953 -0.3387 0.5028
vn -0.7988 -0.2321 0.5550
vn -0.0693 -0.2482 0.9662
vn -0.1037 -0.2276 0.9682
vn -0.7988 -0.2321 0.5551
vn -0.8105 -0.2565 0.5266
vn 0.0119 -0.2084 0.9780
vn 0.6346 0.0848 0.7682
vn 0.7402 0.0406 0.6712
vn 0.7469 -0.0228 0.6646
vn 0.5761 -0.0045 0.8174
vn 0.5674 -0.0997 0.8174
vn 0.5223 -0.0899 0.8480
vn 0.7468 -0.0229 0.6646
vn 0.5440 -0.4276 0.7219
vn -0.8292 -0.2081 0.5188
vn -0.8359 -0.1145 0.5368
vn 0.5761 -0.0046 0.8174
vn -0.7994 -0.2557 0.5437
vn -0.7527 0.1149 0.6482
vn -0.8331 -0.1026 0.5435
vn 0.6616 0.2289 0.7141
vn 0.8134 0.3970 0.4253
vn 0.8742 0.3576 0.3286
vn -0.8291 -0.2081 0.5189
vn -0.8367 -0.1602 0.5236
vn -0.8196 -0.2400 0.5203
vn -0.8356 -0.1640 0.5243
vn 0.2940 -0.1909 0.9366
vn -0.8681 0.3881 -0.3096
vn -0.9454 0.0917 -0.3127
vn 0.3847 -0.2101 -0.8988
vn -0.8567 0.4261 -0.2906
vn 0.5979 0.0326 -0.8009
vn 0.7380 0.0313 -0.6741
vn -0.9544 0.0766 -0.2885
vn -0.9383 -0.1203 -0.3243
vn -0.9454 0.0917 -0.3126
vn -0.9383 -0.1203 -0.3244
vn -0.9688 0.1183 -0.2179
vn 0.4732 0.0652 -0.8785
vn 0.4765 0.0653 -0.8768
vn -0.2085 0.8155 0.5398
vn -0.9171 0.3647 -0.1608
vn -0.8567 0.4261 -0.2905
vn 0.9544 0.1135 -0.2760
vn 0.9322 -0.0444 -0.3593
vn 0.6738 0.1195 -0.7292
vn 0.9169 0.0664 -0.3936
vn -0.9735 -0.1844 -0.1350
vn -0.9701 -0.1955 -0.1437
vn 0.9321 -0.0444 -0.3594
vn 0.9170 0.0667 -0.3933
vn -0.8901 -0.4269 -0.1597
vn -0.8041 -0.5940 -0.0238
vn -0.9701 -0.1955 -0.1438
vn 0.6738 0.1194 -0.7292
vn 0.5500 0.0655 -0.8326
vn 0.7096 0.6941 0.1214
vn 0.8253 0.4395 0.3546
vn -0.9688 0.1182 -0.2178
vn -0.8356 -0.1639 0.5243
vn -0.8105 -0.2564 0.5266
vn 0.0476 -0.3139 0.9483
vn -0.8633 -0.1870 0.4687
vn 0.0151 -0.2689 0.9630
vn 0.8274 -0.1893 0.5287
vn 0.8117 -0.2731 0.5163
vn 0.0905 -0.2247 0.9702
vn -0.0149 -0.2066 0.9783
vn 0.1096 -0.2788 0.9541
vn -0.5350 -0.1069 0.8381
vn -0.7568 -0.0048 0.6536
vn -0.5490 -0.0847 0.8315
vn -0.5403 -0.0134 0.8414
vn -0.7569 -0.0047 0.6536
vn -0.7402 0.0403 0.6712
vn -0.7191 0.1137 0.6856
vn 0.8426 -0.1050 0.5282
vn 0.8038 -0.2432 0.5429
vn -0.8705 0.3543 0.3417
vn -0.8125 0.3959 0.4279
vn -0.6910 0.1085 0.7147
vn -0.1429 -0.2842 0.9481
vn 0.8990 0.2983 -0.3206
vn 0.7716 0.5309 -0.3503
vn -0.3790 -0.2316 -0.8960
vn 0.9129 0.2696 -0.3064
vn -0.5761 0.0532 -0.8156
vn 0.9672 -0.0199 -0.2531
vn -0.5796 0.0323 -0.8142
vn -0.4851 0.0705 -0.8716
vn -0.4973 0.0601 -0.8655
vn 0.2030 0.8127 0.5462
vn 0.9183 0.3617 -0.1610
vn -0.8263 0.4407 0.3508
vn -0.7122 0.6912 0.1226
vn 0.6994 -0.4597 0.5473
vn 0.7350 -0.4463 0.5104
vn -0.9397 -0.2792 -0.1974
vn 0.3700 -0.3943 0.8412
vn 0.3772 -0.7710 0.5131
vn -0.6470 -0.7477 -0.1495
vn 0.6873 -0.1003 -0.7194
vn 0.6615 0.2289 0.7141
vn 0.3263 0.1378 0.9352
vn 0.7401 0.0406 0.6712
vn 0.5978 0.0326 -0.8009
vn 0.7305 0.0277 -0.6823
vn -0.7264 -0.0220 0.6869
vn 0.7260 0.0494 -0.6859
vn 0.7704 0.0170 -0.6373
vn 0.7872 0.6050 0.1196
vn -0.6926 -0.1403 0.7076
vn 0.6820 0.1218 -0.7211
vn 0.5500 0.0654 -0.8326
vn 0.7439 0.1284 -0.6559
vn -0.8584 -0.1798 0.4804
vn 0.2535 0.0414 -0.9665
vn 0.6961 0.1259 -0.7068
vn 0.7023 0.0654 -0.7088
vn -0.6813 -0.1034 0.7246
vn 0.6328 -0.4727 0.6132
vn -0.6909 0.1085 0.7148
vn -0.5797 0.0323 -0.8142
vn -0.6935 -0.0252 -0.7200
vn -0.4093 -0.0433 -0.9114
vn -0.7226 0.0455 -0.6897
vn 0.7239 -0.0438 0.6885
vn 0.7188 -0.0533 0.6932
vn -0.7081 0.0479 -0.7044
vn -0.7075 0.0486 -0.7051
vn -0.6572 0.7393 0.1467
vn 0.8605 -0.2670 0.4338
vn -0.5423 0.1005 -0.8341
vn -0.6936 0.1501 -0.7046
vn 0.6894 -0.1511 0.7084
vn -0.2764 0.0457 -0.9600
vn -0.5473 0.0860 -0.8325
vn 0.6887 -0.1544 0.7084
vn -0.7571 0.4000 0.5165
vn -0.7544 0.3354 0.5643
vn -0.6664 0.3186 0.6741
vn -0.7134 0.4792 0.5113
vn -0.7700 0.4651 0.4367
vn -0.7941 -0.6075 0.0164
vn 0.9130 0.2695 -0.3063
vn 0.7484 0.4918 0.4449
vn 0.7534 0.2927 0.5888
vn 0.7572 0.4000 0.5164
vn 0.7484 0.4078 0.5230
vn 0.7124 0.4793 0.5126
vn 0.7545 -0.4549 0.4732
vn 0.8026 -0.1765 0.5697
vn 0.8274 -0.1892 0.5287
vn 0.9672 -0.0199 -0.2530
vn 0.8423 -0.1051 0.5286
vn 0.7301 -0.6715 0.1271
vn 0.7163 -0.6097 0.3394
vn 0.3830 -0.9224 0.0501
vn -0.7948 -0.2546 0.5509
vn -0.9210 0.3636 -0.1400
vn 0.7693 0.0965 0.6315
vn 0.9225 0.3596 -0.1400
vn 0.5224 -0.0898 0.8480
vn -0.0000 -0.0000 -1.0000
vn -0.1927 0.8430 0.5023
vn 0.5316 -0.1870 -0.8261
vn -0.2086 0.8155 0.5398
vn 0.3848 -0.2101 -0.8988
vn 0.6762 0.0948 -0.7306
vn -0.8633 -0.1871 0.4687
vn -0.5491 -0.0847 0.8315
vn 0.0943 0.8584 0.5043
vn 0.7716 0.5310 -0.3503
vn -0.5335 -0.1904 -0.8241
vn -0.6817 0.0916 -0.7259
vn 0.9239 -0.3556 -0.1411
vn -0.2061 -0.0561 -0.9769
vn 0.2349 -0.8454 -0.4797
vn 0.9212 -0.3870 -0.0410
vn 0.8127 -0.5579 0.1681
vn -0.0011 0.9883 -0.1524
vn -0.7455 -0.4964 -0.4449
vn 0.2432 -0.0587 -0.9682
vn -0.2406 -0.9596 -0.1459
vn 0.9197 -0.2772 -0.2780
vn 0.5457 -0.6195 -0.5642
vn -0.7153 -0.6498 0.2571
vn 0.3799 -0.6856 0.6210
vn -0.7994 -0.2556 0.5437
vn 0.6469 0.7423 0.1745
vn 0.7871 0.6051 0.1196
vn -0.9171 0.3647 -0.1609
vn 0.9170 0.0668 -0.3932
vn 0.9321 -0.0445 -0.3593
vn -0.8040 -0.5941 -0.0238
vn 0.5840 -0.7762 -0.2377
vn 0.9183 0.3617 -0.1609
vn -0.6583 0.1059 0.7452
vn 0.2534 0.0414 -0.9665
vn 0.6961 0.1258 -0.7068
vn 0.7024 0.0653 -0.7088
vn 0.7704 0.0171 -0.6373
vn 0.7024 0.0655 -0.7088
vn 0.8116 0.0175 -0.5840
vn -0.0001 -0.0000 -1.0000
vn 0.5315 -0.1870 -0.8261
vn -0.1926 0.8430 0.5023
vn -0.4092 -0.0433 -0.9114
vn -0.7972 0.0287 -0.6031
vn -0.7227 0.0455 -0.6897
vn -0.4093 -0.0434 -0.9114
vn 0.7238 -0.0438 0.6886
vn 0.6887 -0.1543 0.7084
vn -0.5336 -0.1904 -0.8240
vn 0.0001 -0.0001 -1.0000
vn 0.0942 0.8584 0.5043
vn -0.5336 -0.1905 -0.8240
vn -0.6044 0.7720 0.1967
vn -0.7947 -0.2547 0.5510
vn -0.7571 0.4001 0.5165
vn 0.8134 0.3970 0.4252
vn 0.8253 0.4394 0.3547
vn -0.7700 0.4651 0.4368
vn 0.7096 0.6941 0.1213
vn 0.8253 0.4395 0.3547
vn -0.6814 -0.1034 0.7246
vn 0.7303 0.0274 -0.6825
vn 0.6820 0.1219 -0.7211
vn 0.7544 -0.4550 0.4731
vn 0.7301 -0.6714 0.1271
vn 0.7300 -0.6715 0.1272
vn 0.7694 0.0966 0.6315
vn -0.8125 0.3959 0.4278
vn 0.7571 0.4000 0.5165
vn 0.9225 0.3596 -0.1401
vn -0.7122 0.6912 0.1225
vn -0.8263 0.4406 0.3508
vn 0.7484 0.4079 0.5230
vn -0.4973 0.0600 -0.8655
vn -0.7075 0.0487 -0.7050
vn 0.6894 -0.1510 0.7084
vn -0.7082 0.0479 -0.7044
vn 0.7188 -0.0531 0.6932
vn -0.6817 0.0915 -0.7259
vn -0.9328 -0.2975 -0.2035
vn 0.6885 0.4237 -0.5886
vt 0.721285 0.626230
vt 0.679606 0.662426
vt 0.679021 0.667774
vt 0.722831 0.629670
vt 0.696612 0.615069
vt 0.693053 0.615106
vt 0.675470 0.664074
vt 0.499300 0.082043
vt 0.499277 0.085238
vt 0.551237 0.076191
vt 0.548245 0.073525
vt 0.562609 0.126111
vt 0.565194 0.123398
vt 0.554198 0.075378
vt 0.844552 0.506253
vt 0.895492 0.459918
vt 0.817091 0.492046
vt 0.807699 0.499672
vt 0.868055 0.452416
vt 0.897261 0.455691
vt 0.990597 0.874772
vt 0.986753 0.873952
vt 0.965822 0.918041
vt 0.971434 0.914402
vt 0.443544 0.076227
vt 0.495501 0.085222
vt 0.495458 0.082043
vt 0.446574 0.073517
vt 0.495461 0.132155
vt 0.499297 0.132155
vt 0.693048 0.611307
vt 0.657590 0.611287
vt 0.657590 0.615129
vt 0.768068 0.655186
vt 0.765065 0.657454
vt 0.774669 0.684976
vt 0.776794 0.680523
vt 0.771062 0.718957
vt 0.774872 0.688850
vt 0.741716 0.692742
vt 0.738850 0.689209
vt 0.774004 0.720518
vt 0.777998 0.688829
vt 0.177885 0.680414
vt 0.103453 0.669854
vt 0.103203 0.673618
vt 0.171038 0.683401
vt 0.124005 0.599895
vt 0.101650 0.665312
vt 0.127643 0.599895
vt 0.103480 0.526157
vt 0.101650 0.530682
vt 0.124005 0.596099
vt 0.127643 0.596099
vt 0.107353 0.599875
vt 0.107353 0.596119
vt 0.185573 0.599895
vt 0.185445 0.595971
vt 0.844219 0.700374
vt 0.844812 0.703927
vt 0.886213 0.708367
vt 0.883708 0.704803
vt 0.850539 0.756831
vt 0.854252 0.758248
vt 0.889532 0.710264
vt 0.898621 0.727984
vt 0.900419 0.726584
vt 0.891478 0.708716
vt 0.376895 0.649682
vt 0.363479 0.600739
vt 0.355707 0.641488
vt 0.359027 0.643884
vt 0.339955 0.625039
vt 0.359841 0.599972
vt 0.339759 0.628845
vt 0.354654 0.643896
vt 0.910222 0.905347
vt 0.906945 0.878080
vt 0.903377 0.874056
vt 0.906537 0.900057
vt 0.391570 0.596486
vt 0.389970 0.593300
vt 0.363402 0.595383
vt 0.372621 0.597997
vt 0.339921 0.570942
vt 0.359894 0.596075
vt 0.355658 0.554637
vt 0.376895 0.546312
vt 0.358877 0.552011
vt 0.339213 0.599996
vt 0.339213 0.595998
vt 0.391570 0.599508
vt 0.390006 0.602663
vt 0.789814 0.635794
vt 0.792580 0.636741
vt 0.786506 0.553787
vt 0.783705 0.554284
vt 0.867093 0.548431
vt 0.790497 0.549948
vt 0.868093 0.552119
vt 0.787652 0.547692
vt 0.844459 0.510836
vt 0.499277 0.135971
vt 0.562342 0.129990
vt 0.177914 0.701313
vt 0.181224 0.699837
vt 0.180428 0.684772
vt 0.177188 0.685296
vt 0.405288 0.692870
vt 0.403121 0.689891
vt 0.340037 0.689843
vt 0.340559 0.692897
vt 0.240250 0.656443
vt 0.181739 0.679334
vt 0.182575 0.681718
vt 0.238180 0.659953
vt 0.189246 0.600011
vt 0.106552 0.705307
vt 0.108455 0.708640
vt 0.259765 0.599891
vt 0.256329 0.599895
vt 0.244313 0.654644
vt 0.923548 0.591589
vt 0.924617 0.587869
vt 0.872314 0.553731
vt 0.938040 0.532264
vt 0.874956 0.550967
vt 0.292007 0.630404
vt 0.241899 0.658278
vt 0.291760 0.633778
vt 0.489164 0.322819
vt 0.487850 0.326472
vt 0.494895 0.330956
vt 0.495496 0.327078
vt 0.953667 0.549327
vt 0.962229 0.541889
vt 0.959746 0.539386
vt 0.951442 0.547364
vt 0.970779 0.549331
vt 0.973017 0.547364
vt 0.964733 0.539384
vt 0.505589 0.322810
vt 0.499261 0.327078
vt 0.499882 0.330959
vt 0.506907 0.326472
vt 0.499277 0.301793
vt 0.495479 0.301795
vt 0.495484 0.298086
vt 0.480697 0.301378
vt 0.495618 0.252457
vt 0.478978 0.297514
vt 0.514060 0.301378
vt 0.499274 0.298086
vt 0.499277 0.252639
vt 0.515780 0.297514
vt 0.432148 0.126111
vt 0.432415 0.129990
vt 0.495513 0.135940
vt 0.495617 0.197943
vt 0.499141 0.197943
vt 0.675469 0.562404
vt 0.696612 0.611347
vt 0.679606 0.563990
vt 0.715990 0.615120
vt 0.715995 0.611304
vt 0.098494 0.556019
vt 0.095883 0.558854
vt 0.103867 0.596113
vt 0.073702 0.599906
vt 0.103851 0.599895
vt 0.073702 0.596088
vt 0.098480 0.639975
vt 0.095883 0.637140
vt 0.177869 0.515602
vt 0.189246 0.595983
vt 0.181780 0.516721
vt 0.256296 0.596073
vt 0.336091 0.571916
vt 0.335517 0.596009
vt 0.295280 0.596032
vt 0.295280 0.599962
vt 0.335606 0.599895
vt 0.336106 0.624091
vt 0.867534 0.567337
vt 0.865991 0.634453
vt 0.862437 0.635054
vt 0.409357 0.697995
vt 0.408869 0.693569
vt 0.405745 0.697427
vt 0.334822 0.648755
vt 0.333895 0.645698
vt 0.296300 0.638692
vt 0.297086 0.641661
vt 0.839723 0.648632
vt 0.844236 0.646729
vt 0.736915 0.692549
vt 0.766121 0.718654
vt 0.734134 0.658629
vt 0.735273 0.688705
vt 0.737944 0.660037
vt 0.341031 0.845536
vt 0.336939 0.845347
vt 0.347464 0.874307
vt 0.350019 0.870550
vt 0.763248 0.654553
vt 0.737442 0.656857
vt 0.922053 0.224456
vt 0.931245 0.258912
vt 0.936070 0.258740
vt 0.926483 0.221449
vt 0.338478 0.645394
vt 0.338438 0.649334
vt 0.387007 0.665144
vt 0.384813 0.660652
vt 0.766349 0.742326
vt 0.770106 0.741890
vt 0.773701 0.723851
vt 0.770065 0.724138
vt 0.336162 0.671332
vt 0.332620 0.669280
vt 0.297872 0.646086
vt 0.298191 0.650661
vt 0.301365 0.748868
vt 0.332170 0.673404
vt 0.346656 0.707963
vt 0.347987 0.711588
vt 0.405974 0.701237
vt 0.413433 0.800777
vt 0.409561 0.702569
vt 0.409830 0.801314
vt 0.125493 0.729775
vt 0.178067 0.705364
vt 0.123413 0.726679
vt 0.182855 0.797953
vt 0.186350 0.797266
vt 0.181412 0.703463
vt 0.413575 0.804574
vt 0.409973 0.805126
vt 0.410709 0.825524
vt 0.414297 0.825005
vt 0.392950 0.826528
vt 0.393489 0.830288
vt 0.411375 0.829254
vt 0.423105 0.860428
vt 0.426332 0.858907
vt 0.415020 0.828725
vt 0.316921 0.770400
vt 0.302343 0.773097
vt 0.301624 0.776816
vt 0.317355 0.774050
vt 0.183020 0.801512
vt 0.184100 0.818592
vt 0.187700 0.818403
vt 0.186575 0.800844
vt 0.166521 0.817779
vt 0.166763 0.821541
vt 0.184517 0.822297
vt 0.195641 0.858705
vt 0.188114 0.822163
vt 0.191970 0.858347
vt 0.715915 0.708329
vt 0.716969 0.730326
vt 0.765474 0.745598
vt 0.745998 0.815152
vt 0.717059 0.734120
vt 0.749640 0.815693
vt 0.769378 0.744987
vt 0.748691 0.819036
vt 0.745040 0.818503
vt 0.741016 0.832537
vt 0.744631 0.832991
vt 0.721467 0.832868
vt 0.740561 0.836301
vt 0.722606 0.829292
vt 0.745221 0.866327
vt 0.744190 0.836753
vt 0.741853 0.864752
vt 0.323683 0.746890
vt 0.335650 0.675126
vt 0.320011 0.746320
vt 0.323162 0.750855
vt 0.319459 0.750203
vt 0.320622 0.770297
vt 0.368474 0.932715
vt 0.359398 0.917259
vt 0.355537 0.917972
vt 0.365038 0.934394
vt 0.465029 0.941056
vt 0.427793 0.862641
vt 0.424559 0.864009
vt 0.462042 0.942288
vt 0.326856 0.791154
vt 0.288770 0.806998
vt 0.287828 0.810733
vt 0.327295 0.794439
vt 0.386072 0.866830
vt 0.387488 0.870419
vt 0.203543 0.940940
vt 0.196357 0.862293
vt 0.192768 0.862136
vt 0.200952 0.942779
vt 0.157713 0.851116
vt 0.157557 0.854819
vt 0.696643 0.962114
vt 0.744440 0.870031
vt 0.741310 0.868640
vt 0.693972 0.961282
vt 0.672424 0.949782
vt 0.704093 0.853373
vt 0.706011 0.850143
vt 0.313880 0.889227
vt 0.317103 0.890788
vt 0.330837 0.794379
vt 0.313403 0.892803
vt 0.292870 0.889147
vt 0.293107 0.892682
vt 0.451068 0.949065
vt 0.453606 0.951925
vt 0.463686 0.945727
vt 0.470350 0.952345
vt 0.466722 0.944590
vt 0.466973 0.952358
vt 0.201429 0.945628
vt 0.179442 0.950288
vt 0.178242 0.946903
vt 0.456111 0.954621
vt 0.451458 0.953753
vt 0.453135 0.956059
vt 0.457349 0.957735
vt 0.468955 0.955452
vt 0.237278 0.941702
vt 0.239136 0.944965
vt 0.257961 0.934247
vt 0.255853 0.931034
vt 0.292076 0.932462
vt 0.310333 0.905892
vt 0.293562 0.900437
vt 0.291915 0.903409
vt 0.311868 0.902589
vt 0.180746 0.953440
vt 0.181544 0.957070
vt 0.203571 0.951087
vt 0.201869 0.947934
vt 0.225671 0.968436
vt 0.205981 0.949610
vt 0.222842 0.969948
vt 0.668363 0.962757
vt 0.692573 0.964648
vt 0.671266 0.953422
vt 0.694044 0.968651
vt 0.695301 0.965499
vt 0.691351 0.968718
vt 0.667146 0.966126
vt 0.690575 0.972354
vt 0.686945 0.995829
vt 0.690061 0.995185
vt 0.693264 0.972281
vt 0.315105 0.903762
vt 0.316602 0.894427
vt 0.295531 0.933924
vt 0.313810 0.907132
vt 0.336167 0.826981
vt 0.339725 0.826994
vt 0.336261 0.815864
vt 0.336935 0.812411
vt 0.339997 0.816125
vt 0.336163 0.830797
vt 0.336264 0.841907
vt 0.339725 0.830777
vt 0.339997 0.841647
vt 0.343766 0.826985
vt 0.343764 0.830788
vt 0.865547 0.638256
vt 0.897636 0.644894
vt 0.899049 0.641449
vt 0.295546 0.629456
vt 0.295205 0.632757
vt 0.336023 0.627366
vt 0.291861 0.599895
vt 0.240250 0.539551
vt 0.259765 0.596103
vt 0.244313 0.541350
vt 0.291810 0.596031
vt 0.453110 0.215300
vt 0.495610 0.201923
vt 0.452516 0.211488
vt 0.499172 0.248577
vt 0.499277 0.202109
vt 0.495585 0.248577
vt 0.541647 0.215300
vt 0.542248 0.211500
vt 0.798954 0.681983
vt 0.793207 0.640775
vt 0.790198 0.639594
vt 0.796403 0.681861
vt 0.838848 0.652338
vt 0.834459 0.672252
vt 0.838184 0.672783
vt 0.842741 0.652094
vt 0.855392 0.685233
vt 0.861768 0.639812
vt 0.858525 0.686715
vt 0.861731 0.690271
vt 0.886084 0.689448
vt 0.886619 0.685713
vt 0.292015 0.565582
vt 0.295548 0.566540
vt 0.838389 0.676863
vt 0.834427 0.675880
vt 0.840491 0.700986
vt 0.856441 0.690009
vt 0.799612 0.685711
vt 0.554684 0.292507
vt 0.557327 0.291680
vt 0.544052 0.261417
vt 0.542213 0.263935
vt 0.539479 0.261357
vt 0.540619 0.257567
vt 0.520573 0.296952
vt 0.455259 0.261348
vt 0.453995 0.257760
vt 0.517923 0.301071
vt 0.509238 0.323603
vt 0.552592 0.296500
vt 0.036813 0.920970
vt 0.040036 0.921471
vt 0.041747 0.908750
vt 0.038249 0.908590
vt 0.273089 0.916702
vt 0.270657 0.919551
vt 0.288991 0.934829
vt 0.037870 0.905508
vt 0.017503 0.913852
vt 0.019018 0.916844
vt 0.029353 0.935423
vt 0.030464 0.932060
vt 0.016489 0.918456
vt 0.183068 0.979974
vt 0.185747 0.983020
vt 0.225087 0.973040
vt 0.626611 0.920706
vt 0.630015 0.922112
vt 0.645984 0.888046
vt 0.642381 0.886337
vt 0.652418 0.992919
vt 0.685004 0.999002
vt 0.651961 0.995674
vt 0.270537 0.946286
vt 0.272533 0.949510
vt 0.292495 0.936679
vt 0.042791 0.937833
vt 0.045726 0.935485
vt 0.038502 0.926180
vt 0.032903 0.935122
vt 0.626885 0.924963
vt 0.629659 0.931738
vt 0.633209 0.930974
vt 0.619772 0.927705
vt 0.617649 0.924808
vt 0.894786 0.840381
vt 0.893417 0.835933
vt 0.888670 0.834255
vt 0.890241 0.838850
vt 0.393750 0.603301
vt 0.380520 0.650929
vt 0.423219 0.613219
vt 0.398926 0.601613
vt 0.420998 0.616014
vt 0.905560 0.870493
vt 0.907862 0.868534
vt 0.888326 0.841611
vt 0.962229 0.610337
vt 0.962229 0.606588
vt 0.962179 0.610342
vt 0.961882 0.606599
vt 0.962576 0.606599
vt 0.962269 0.610353
vt 0.966536 0.604542
vt 0.966086 0.578307
vt 0.968658 0.603091
vt 0.969422 0.578962
vt 0.987211 0.893215
vt 0.987134 0.913703
vt 0.990776 0.892087
vt 0.989666 0.919940
vt 0.965833 0.609225
vt 0.968511 0.607733
vt 0.397229 0.658001
vt 0.400872 0.659035
vt 0.424415 0.617196
vt 0.476428 0.624296
vt 0.427950 0.614249
vt 0.476818 0.627470
vt 0.870889 0.304054
vt 0.873466 0.308785
vt 0.894537 0.316122
vt 0.901006 0.357263
vt 0.898600 0.320468
vt 0.964655 0.645267
vt 0.970145 0.634865
vt 0.968977 0.629049
vt 0.964723 0.637077
vt 0.928781 0.346764
vt 0.904361 0.320794
vt 0.924258 0.321549
vt 0.929084 0.342213
vt 0.972088 0.605144
vt 0.971511 0.625041
vt 0.378294 0.652874
vt 0.396582 0.660660
vt 0.851012 0.763120
vt 0.895829 0.750547
vt 0.896934 0.746271
vt 0.871079 0.815966
vt 0.873532 0.817036
vt 0.898672 0.750562
vt 0.805689 0.719497
vt 0.841069 0.704563
vt 0.804982 0.715974
vt 0.847186 0.759696
vt 0.841714 0.808266
vt 0.847246 0.763568
vt 0.812147 0.764017
vt 0.811690 0.760252
vt 0.845464 0.808266
vt 0.519085 0.328578
vt 0.522940 0.329152
vt 0.556294 0.297820
vt 0.566730 0.335526
vt 0.569838 0.335957
vt 0.558670 0.295203
vt 0.562511 0.338775
vt 0.520950 0.356305
vt 0.519410 0.332476
vt 0.568478 0.395640
vt 0.567526 0.340751
vt 0.522217 0.359847
vt 0.571330 0.394265
vt 0.570387 0.339723
vt 0.516318 0.331277
vt 0.508166 0.338412
vt 0.510466 0.341196
vt 0.962229 0.574590
vt 0.966553 0.574788
vt 0.973806 0.550742
vt 0.969966 0.575491
vt 0.517766 0.357237
vt 0.508955 0.344344
vt 0.982617 0.553306
vt 0.971999 0.575844
vt 0.983822 0.553844
vt 0.975096 0.578198
vt 0.522803 0.402715
vt 0.525795 0.403201
vt 0.518972 0.360795
vt 0.951204 0.316996
vt 0.946566 0.318214
vt 0.934952 0.346355
vt 0.928056 0.321097
vt 0.933006 0.342300
vt 0.970977 0.579475
vt 0.972255 0.601346
vt 0.974349 0.582836
vt 0.930592 0.350006
vt 0.902943 0.360487
vt 0.467346 0.667371
vt 0.480029 0.628223
vt 0.486862 0.629777
vt 0.471001 0.667870
vt 0.487057 0.626737
vt 0.479652 0.625037
vt 0.936347 0.368808
vt 0.934431 0.350113
vt 0.932523 0.368520
vt 0.968788 0.358154
vt 0.968343 0.362015
vt 0.844994 0.812088
vt 0.870171 0.819618
vt 0.482755 0.672191
vt 0.482902 0.669410
vt 0.469928 0.670578
vt 0.932918 0.372288
vt 0.907182 0.367891
vt 0.908118 0.371330
vt 0.490388 0.631789
vt 0.486646 0.669874
vt 0.495522 0.634757
vt 0.496434 0.631420
vt 0.490496 0.628270
vt 0.842664 0.837405
vt 0.867840 0.836250
vt 0.868289 0.832444
vt 0.842515 0.833515
vt 0.866993 0.843307
vt 0.869800 0.843210
vt 0.870477 0.836336
vt 0.818652 0.818559
vt 0.841267 0.812684
vt 0.838647 0.833899
vt 0.818939 0.822554
vt 0.827471 0.849863
vt 0.838912 0.837763
vt 0.820301 0.841342
vt 0.818662 0.837781
vt 0.844288 0.845722
vt 0.840573 0.846388
vt 0.526044 0.406982
vt 0.568525 0.399479
vt 0.568707 0.414045
vt 0.571617 0.413487
vt 0.571429 0.398259
vt 0.526722 0.417830
vt 0.527004 0.421370
vt 0.569017 0.417604
vt 0.817447 0.841898
vt 0.824727 0.850772
vt 0.523065 0.406576
vt 0.523873 0.417744
vt 0.965722 0.376769
vt 0.967478 0.373183
vt 0.960281 0.384172
vt 0.936743 0.372663
vt 0.963058 0.384283
vt 0.968658 0.376810
vt 0.907771 0.377268
vt 0.907351 0.380881
vt 0.934131 0.383770
vt 0.927853 0.419957
vt 0.934086 0.387634
vt 0.493520 0.670514
vt 0.497325 0.670090
vt 0.499227 0.635688
vt 0.538441 0.634032
vt 0.500046 0.632516
vt 0.537909 0.636974
vt 0.937963 0.384319
vt 0.931602 0.420263
vt 0.937820 0.388126
vt 0.949105 0.422132
vt 0.958822 0.387887
vt 0.937485 0.462600
vt 0.948018 0.425754
vt 0.931096 0.423990
vt 0.899115 0.423083
vt 0.927399 0.423759
vt 0.898925 0.419276
vt 0.924166 0.462474
vt 0.927954 0.462337
vt 0.587256 0.637745
vt 0.587419 0.640588
vt 0.600541 0.641255
vt 0.599867 0.638523
vt 0.604326 0.650845
vt 0.604337 0.641351
vt 0.600537 0.650735
vt 0.614801 0.641219
vt 0.615024 0.638362
vt 0.603790 0.638619
vt 0.923125 0.477783
vt 0.911473 0.480702
vt 0.911430 0.484625
vt 0.922981 0.481732
vt 0.927674 0.466091
vt 0.923906 0.466333
vt 0.926945 0.477362
vt 0.922636 0.497646
vt 0.926368 0.498191
vt 0.926781 0.481166
vt 0.936410 0.481086
vt 0.935953 0.477292
vt 0.845029 0.849444
vt 0.867364 0.847078
vt 0.533815 0.661611
vt 0.497388 0.672931
vt 0.533747 0.664762
vt 0.586765 0.649970
vt 0.586433 0.653306
vt 0.600631 0.654203
vt 0.860970 0.950835
vt 0.861352 0.954848
vt 0.872279 0.954108
vt 0.872041 0.950321
vt 0.615165 0.650742
vt 0.604419 0.654303
vt 0.615175 0.654046
vt 0.835273 0.886202
vt 0.841338 0.850116
vt 0.828919 0.853403
vt 0.852346 0.885969
vt 0.848511 0.886134
vt 0.855634 0.934395
vt 0.857339 0.950675
vt 0.859247 0.934739
vt 0.857826 0.954631
vt 0.847093 0.953692
vt 0.847740 0.949944
vt 0.862110 0.964621
vt 0.858445 0.964467
vt 0.527915 0.428844
vt 0.528623 0.432251
vt 0.570540 0.429902
vt 0.570603 0.426478
vt 0.564489 0.462195
vt 0.567477 0.461908
vt 0.573349 0.429109
vt 0.558967 0.510102
vt 0.560521 0.524700
vt 0.563222 0.525649
vt 0.561758 0.510024
vt 0.541928 0.521903
vt 0.542560 0.525462
vt 0.560670 0.528140
vt 0.030337 0.851901
vt 0.031354 0.848481
vt 0.029538 0.844666
vt 0.026917 0.853673
vt 0.840816 0.962738
vt 0.842361 0.960229
vt 0.839686 0.957679
vt 0.837640 0.961162
vt 0.845763 0.963795
vt 0.842046 0.963112
vt 0.534304 0.466693
vt 0.537424 0.466549
vt 0.525767 0.432448
vt 0.538165 0.510918
vt 0.539042 0.521853
vt 0.541188 0.510884
vt 0.941671 0.497524
vt 0.940683 0.485987
vt 0.938086 0.500092
vt 0.947966 0.490263
vt 0.946364 0.488134
vt 0.945776 0.492694
vt 0.608371 0.929756
vt 0.612178 0.929223
vt 0.608300 0.920695
vt 0.607401 0.927928
vt 0.558994 0.506344
vt 0.563943 0.466014
vt 0.538040 0.470147
vt 0.537878 0.507161
vt 0.540904 0.507158
vt 0.534909 0.470315
vt 0.849264 0.889936
vt 0.836105 0.889919
vt 0.561773 0.506226
vt 0.566912 0.465625
vt 0.541715 0.637188
vt 0.537769 0.660855
vt 0.858686 0.930734
vt 0.881016 0.887111
vt 0.880543 0.883436
vt 0.853010 0.889841
vt 0.582961 0.650230
vt 0.537421 0.663846
vt 0.582667 0.653638
vt 0.583515 0.637504
vt 0.542248 0.634224
vt 0.583680 0.640348
vt 0.845978 0.930520
vt 0.855144 0.930612
vt 0.846561 0.934318
vt 0.872140 0.936122
vt 0.872530 0.932357
vt 0.910094 0.464349
vt 0.910693 0.468091
vt 0.936839 0.466357
vt 0.618840 0.651247
vt 0.618429 0.640603
vt 0.631656 0.632896
vt 0.618648 0.637723
vt 0.631676 0.635688
vt 0.922956 0.501431
vt 0.909766 0.495859
vt 0.908736 0.499482
vt 0.929962 0.512552
vt 0.926936 0.501932
vt 0.926160 0.512468
vt 0.938482 0.503917
vt 0.635400 0.632348
vt 0.635416 0.635125
vt 0.646394 0.635839
vt 0.646395 0.633055
vt 0.025701 0.739212
vt 0.006548 0.738684
vt 0.006561 0.741451
vt 0.025390 0.741921
vt 0.003702 0.711593
vt 0.001160 0.713454
vt 0.003776 0.738871
vt 0.927065 0.516250
vt 0.928318 0.527085
vt 0.932167 0.526986
vt 0.930765 0.516307
vt 0.009602 0.701364
vt 0.006616 0.701326
vt 0.001946 0.709605
vt 0.861710 0.981320
vt 0.874564 0.968537
vt 0.873463 0.964864
vt 0.862133 0.968394
vt 0.631672 0.658326
vt 0.631682 0.655180
vt 0.618847 0.654580
vt 0.635421 0.658728
vt 0.646540 0.657748
vt 0.646535 0.654669
vt 0.635413 0.655612
vt 0.033644 0.713499
vt 0.028469 0.739699
vt 0.035615 0.716819
vt 0.845420 0.967553
vt 0.858514 0.968267
vt 0.857989 0.981333
vt 0.861038 0.985040
vt 0.857108 0.985087
vt 0.853260 0.996011
vt 0.857262 0.996084
vt 0.037377 0.702790
vt 0.034550 0.702434
vt 0.036410 0.712817
vt 0.838583 0.965986
vt 0.841676 0.966935
vt 0.844599 0.981300
vt 0.840807 0.981301
vt 0.844303 0.985045
vt 0.840481 0.985070
vt 0.839457 0.996100
vt 0.843233 0.996092
vt 0.037735 0.682226
vt 0.035046 0.698655
vt 0.037880 0.699014
vt 0.040344 0.682869
vt 0.009937 0.697579
vt 0.948850 0.494979
vt 0.944514 0.499917
vt 0.943280 0.512315
vt 0.942238 0.504015
vt 0.939508 0.512345
vt 0.956600 0.498406
vt 0.962513 0.501361
vt 0.939959 0.516221
vt 0.940445 0.527029
vt 0.944208 0.527088
vt 0.943611 0.516367
vt 0.001330 0.673586
vt 0.007139 0.697564
vt 0.004319 0.674034
vt 0.961490 0.497321
vt 0.950984 0.492648
vt 0.011671 0.857617
vt 0.011499 0.854368
vt 0.010567 0.853918
vt 0.009798 0.856936
vt 0.832573 0.962149
vt 0.835443 0.964319
vt 0.836266 0.960082
vt 0.825593 0.981269
vt 0.823209 0.978452
vt 0.969327 0.512447
vt 0.967094 0.503852
vt 0.965408 0.512408
vt 0.980479 0.512470
vt 0.985297 0.512141
vt 0.965338 0.499477
vt 0.008686 0.866908
vt 0.005008 0.867442
vt 0.003481 0.871290
vt 0.008328 0.870632
vt 0.015451 0.858246
vt 0.012758 0.866628
vt 0.008595 0.891044
vt 0.012278 0.890898
vt 0.012075 0.870167
vt 0.026614 0.865583
vt 0.026670 0.869014
vt 0.966307 0.516212
vt 0.968186 0.527167
vt 0.972007 0.527112
vt 0.970117 0.516222
vt 0.038061 0.678394
vt 0.003698 0.669962
vt 0.004360 0.655945
vt 0.001671 0.656869
vt 0.000990 0.669765
vt 0.985008 0.516309
vt 0.800793 0.998602
vt 0.818837 0.998602
vt 0.819537 0.995920
vt 0.802025 0.995839
vt 0.823331 0.985060
vt 0.819483 0.985251
vt 0.823312 0.995918
vt 0.799496 0.978115
vt 0.819487 0.981594
vt 0.819212 0.968325
vt 0.822894 0.966507
vt 0.801966 0.986478
vt 0.801516 0.983369
vt 0.000990 0.891248
vt 0.002677 0.894443
vt 0.008721 0.894308
vt 0.988419 0.527029
vt 0.988358 0.516896
vt 0.984903 0.527045
vt 0.898526 0.915334
vt 0.902438 0.914891
vt 0.904373 0.908504
vt 0.901177 0.906308
vt 0.030432 0.891928
vt 0.035392 0.890656
vt 0.037211 0.886651
vt 0.030610 0.888671
vt 0.786716 0.988637
vt 0.798360 0.986850
vt 0.797511 0.983527
vt 0.790034 0.984609
vt 0.798311 0.995839
vt 0.014493 0.646879
vt 0.011972 0.645701
vt 0.003354 0.653353
vt 0.031021 0.646294
vt 0.028436 0.647167
vt 0.038773 0.660350
vt 0.040078 0.657867
vt 0.026867 0.892581
vt 0.025477 0.901525
vt 0.029528 0.898133
vt 0.898133 0.918919
vt 0.898029 0.930931
vt 0.901317 0.931304
vt 0.901476 0.918732
vt 0.891045 0.930937
vt 0.891045 0.934377
vt 0.898291 0.934360
vt 0.888326 0.917849
vt 0.888326 0.931792
vt 0.891087 0.918987
vt 0.009064 0.899960
vt 0.012905 0.901971
vt 0.012381 0.894014
vt 0.891087 0.915328
vt 0.027106 0.889238
vt 0.029913 0.868955
vt 0.880222 0.981362
vt 0.880957 0.985110
vt 0.902926 0.512491
vt 0.902168 0.516235
vt 0.029889 0.855593
vt 0.026661 0.857078
vt 0.029832 0.865273
vt 0.015307 0.855008
vt 0.959212 0.218048
vt 0.971689 0.263048
vt 0.975674 0.264731
vt 0.963009 0.218833
vt 0.349652 0.846859
vt 0.354380 0.851126
vt 0.872415 0.253564
vt 0.883671 0.250367
vt 0.880035 0.226532
vt 0.873362 0.227631
vt 0.921488 0.216377
vt 0.879746 0.221422
vt 0.917966 0.221946
vt 0.879682 0.185006
vt 0.882552 0.183689
vt 0.873569 0.222259
vt 0.845162 0.231049
vt 0.845231 0.236128
vt 0.812441 0.253730
vt 0.840022 0.236151
vt 0.840081 0.231062
vt 0.811068 0.227802
vt 0.810826 0.222428
vt 0.840062 0.254685
vt 0.845307 0.254671
vt 0.839971 0.184246
vt 0.845127 0.184339
vt 0.887698 0.145650
vt 0.886426 0.119509
vt 0.883693 0.143684
vt 0.887217 0.145718
vt 0.907520 0.129752
vt 0.942733 0.125668
vt 0.944123 0.122042
vt 0.910317 0.124849
vt 0.913262 0.128241
vt 0.844944 0.115564
vt 0.877046 0.103928
vt 0.844812 0.114713
vt 0.807419 0.104249
vt 0.797594 0.119792
vt 0.839857 0.115442
vt 0.839809 0.114730
vt 0.844965 0.138221
vt 0.839783 0.138234
vt 0.839535 0.070922
vt 0.844795 0.070905
vt 0.034616 0.627170
vt 0.034861 0.626994
vt 0.034843 0.624308
vt 0.011273 0.622763
vt 0.013080 0.625996
vt 0.003779 0.599899
vt 0.000990 0.599895
vt 0.008505 0.623098
vt 0.891454 0.066635
vt 0.881687 0.036881
vt 0.876823 0.034433
vt 0.887771 0.066029
vt 0.008551 0.572855
vt 0.000990 0.596095
vt 0.003779 0.596095
vt 0.011323 0.573294
vt 0.839517 0.065667
vt 0.844777 0.065649
vt 0.844636 0.023189
vt 0.839371 0.023214
vt 0.035254 0.596152
vt 0.035198 0.599895
vt 0.929231 0.216244
vt 0.928695 0.216600
vt 0.957343 0.213216
vt 0.956845 0.212940
vt 0.069701 0.599892
vt 0.061480 0.622647
vt 0.065280 0.623084
vt 0.061471 0.573360
vt 0.069685 0.596090
vt 0.065316 0.572930
vt 0.039047 0.596152
vt 0.039047 0.599842
vt 0.885063 0.151106
vt 0.884907 0.150574
vt 0.882874 0.148506
vt 0.883097 0.178449
vt 0.880112 0.179414
vt 0.880431 0.179159
vt 0.845001 0.179021
vt 0.845017 0.143249
vt 0.887875 0.071345
vt 0.038615 0.624330
vt 0.909313 0.248229
vt 0.904439 0.246501
vt 0.801100 0.178591
vt 0.801654 0.183899
vt 0.839965 0.179035
vt 0.839787 0.143227
vt 0.801020 0.148738
vt 0.800169 0.143924
vt 0.796441 0.066394
vt 0.796453 0.071645
vt 0.038636 0.571686
vt 0.034857 0.571672
vt 0.883428 0.254292
vt 0.902688 0.250865
vt 0.845402 0.285944
vt 0.867673 0.287097
vt 0.870784 0.282110
vt 0.845381 0.281346
vt 0.814708 0.282275
vt 0.817866 0.287228
vt 0.840134 0.285956
vt 0.840127 0.281360
vt 0.845335 0.257224
vt 0.840054 0.257226
vt 0.868373 0.263942
vt 0.817044 0.264076
vt 0.962229 0.578071
vt 0.245188 0.903447
vt 0.245437 0.906493
vt 0.250368 0.915572
vt 0.250049 0.913595
vt 0.957901 0.574792
vt 0.958364 0.578300
vt 0.069117 0.807132
vt 0.064370 0.808809
vt 0.063002 0.813257
vt 0.067546 0.811726
vt 0.055298 0.909761
vt 0.065011 0.889258
vt 0.070190 0.877134
vt 0.065259 0.886212
vt 0.069872 0.879110
vt 0.301499 0.752665
vt 0.719221 0.805884
vt 0.719651 0.809849
vt 0.159870 0.803824
vt 0.158280 0.800481
vt 0.380567 0.805391
vt 0.382400 0.808969
vt 0.721279 0.600187
vt 0.722827 0.596734
vt 0.679021 0.558642
vt 0.235417 0.863148
vt 0.254139 0.902206
vt 0.260192 0.906416
vt 0.239261 0.862327
vt 0.301717 0.054830
vt 0.338605 0.048206
vt 0.328242 0.040057
vt 0.250585 0.008374
vt 0.278211 0.000998
vt 0.249133 0.004300
vt 0.440618 0.075330
vt 0.429563 0.123398
vt 0.768083 0.571231
vt 0.776794 0.545894
vt 0.774669 0.541441
vt 0.765065 0.568962
vt 0.171239 0.512612
vt 0.103228 0.522352
vt 0.774004 0.505898
vt 0.771062 0.507459
vt 0.774902 0.537592
vt 0.778005 0.537564
vt 0.741716 0.533674
vt 0.738869 0.537229
vt 0.302048 0.248957
vt 0.262558 0.253385
vt 0.260053 0.256949
vt 0.301457 0.252506
vt 0.357707 0.901473
vt 0.361391 0.896183
vt 0.364507 0.870113
vt 0.360984 0.874206
vt 0.354740 0.552053
vt 0.339759 0.567149
vt 0.247657 0.276567
vt 0.256744 0.259064
vt 0.254926 0.257148
vt 0.245847 0.275167
vt 0.295727 0.305413
vt 0.292014 0.306830
vt 0.356457 0.184365
vt 0.362561 0.102866
vt 0.359760 0.102369
vt 0.353663 0.185304
vt 0.301795 0.059368
vt 0.355718 0.098513
vt 0.358614 0.096274
vt 0.279269 0.096967
vt 0.278209 0.100728
vt 0.177910 0.494682
vt 0.177188 0.510698
vt 0.180428 0.511222
vt 0.181224 0.496157
vt 0.106552 0.490687
vt 0.108555 0.487340
vt 0.238164 0.536033
vt 0.182643 0.514296
vt 0.531199 0.927138
vt 0.466424 0.927066
vt 0.465969 0.930139
vt 0.529080 0.930053
vt 0.291760 0.562216
vt 0.241900 0.537716
vt 0.222725 0.140171
vt 0.273952 0.102313
vt 0.221656 0.136436
vt 0.208293 0.080915
vt 0.271404 0.099531
vt 0.280275 0.183035
vt 0.278732 0.115919
vt 0.283829 0.183636
vt 0.302034 0.195317
vt 0.306514 0.197264
vt 0.113956 0.929697
vt 0.076234 0.936777
vt 0.075480 0.939765
vt 0.113079 0.932737
vt 0.535222 0.921968
vt 0.531605 0.922538
vt 0.534742 0.926378
vt 0.765993 0.507853
vt 0.736915 0.533867
vt 0.734134 0.567787
vt 0.737926 0.566396
vt 0.735273 0.537712
vt 0.341031 0.812235
vt 0.350019 0.787221
vt 0.347464 0.783465
vt 0.761558 0.225026
vt 0.757103 0.222055
vt 0.747866 0.259458
vt 0.752649 0.259557
vt 0.737417 0.569541
vt 0.763248 0.571863
vt 0.766354 0.484086
vt 0.770158 0.502308
vt 0.773727 0.502551
vt 0.770106 0.484526
vt 0.117618 0.933063
vt 0.164074 0.917717
vt 0.166262 0.913338
vt 0.117573 0.929118
vt 0.115296 0.907120
vt 0.111754 0.909172
vt 0.077325 0.927792
vt 0.077007 0.932366
vt 0.080500 0.829584
vt 0.111304 0.905048
vt 0.539298 0.819186
vt 0.535695 0.818649
vt 0.531840 0.918727
vt 0.535426 0.917393
vt 0.472521 0.912000
vt 0.473852 0.908374
vt 0.182833 0.398053
vt 0.178059 0.490619
vt 0.181412 0.492531
vt 0.186350 0.398728
vt 0.125493 0.466219
vt 0.123413 0.469315
vt 0.539440 0.815389
vt 0.540162 0.794957
vt 0.536573 0.794439
vt 0.535838 0.814836
vt 0.096056 0.808052
vt 0.096486 0.804397
vt 0.080755 0.801642
vt 0.081478 0.805356
vt 0.548991 0.759524
vt 0.537236 0.790704
vt 0.540876 0.791244
vt 0.552198 0.761069
vt 0.518814 0.793434
vt 0.519356 0.789673
vt 0.182998 0.394465
vt 0.186575 0.395150
vt 0.187700 0.377591
vt 0.184100 0.377402
vt 0.195642 0.337294
vt 0.191994 0.337626
vt 0.184519 0.373699
vt 0.188116 0.373829
vt 0.166521 0.378215
vt 0.166763 0.374453
vt 0.745997 0.411265
vt 0.765481 0.480822
vt 0.769378 0.481430
vt 0.749640 0.410724
vt 0.715915 0.518088
vt 0.716968 0.496090
vt 0.717059 0.492296
vt 0.748691 0.407381
vt 0.744631 0.393426
vt 0.741016 0.393879
vt 0.745039 0.407913
vt 0.745225 0.360095
vt 0.741851 0.361667
vt 0.740564 0.390118
vt 0.744190 0.389664
vt 0.721462 0.393557
vt 0.722606 0.397125
vt 0.102808 0.831557
vt 0.099146 0.832133
vt 0.114784 0.903326
vt 0.102292 0.827612
vt 0.099757 0.808155
vt 0.098594 0.828249
vt 0.938077 0.922849
vt 0.934647 0.921138
vt 0.925137 0.937564
vt 0.928994 0.938271
vt 0.590894 0.678907
vt 0.587906 0.677675
vt 0.550423 0.755954
vt 0.553657 0.757321
vt 0.511943 0.753137
vt 0.513352 0.749544
vt 0.105996 0.787298
vt 0.106430 0.784013
vt 0.066963 0.767720
vt 0.067919 0.771467
vt 0.203543 0.255054
vt 0.200952 0.253215
vt 0.192768 0.333858
vt 0.196357 0.333701
vt 0.157722 0.344884
vt 0.157557 0.341175
vt 0.696643 0.264303
vt 0.693977 0.265126
vt 0.741310 0.357777
vt 0.744440 0.356386
vt 0.672421 0.276634
vt 0.704093 0.373043
vt 0.706040 0.376275
vt 0.093015 0.689225
vt 0.109972 0.784074
vt 0.096237 0.687664
vt 0.092537 0.685649
vt 0.072242 0.685770
vt 0.072005 0.689305
vt 0.596214 0.667617
vt 0.592837 0.667605
vt 0.589551 0.674236
vt 0.592586 0.675372
vt 0.576932 0.670898
vt 0.579470 0.668037
vt 0.581975 0.665342
vt 0.579000 0.663903
vt 0.577322 0.666209
vt 0.201429 0.250366
vt 0.179442 0.245706
vt 0.178242 0.249091
vt 0.071214 0.645976
vt 0.071047 0.675053
vt 0.072697 0.678016
vt 0.089511 0.672571
vt 0.091003 0.675864
vt 0.752628 0.914955
vt 0.771196 0.925603
vt 0.773301 0.922405
vt 0.754475 0.911672
vt 0.594819 0.664510
vt 0.583207 0.662230
vt 0.225661 0.227572
vt 0.222864 0.226042
vt 0.203567 0.244899
vt 0.205978 0.246386
vt 0.180746 0.242554
vt 0.201869 0.248060
vt 0.181544 0.238924
vt 0.694044 0.257765
vt 0.691351 0.257699
vt 0.692576 0.261768
vt 0.695301 0.260918
vt 0.668363 0.263660
vt 0.671263 0.273000
vt 0.686855 0.230658
vt 0.690577 0.254063
vt 0.693264 0.254135
vt 0.690050 0.231118
vt 0.667157 0.260281
vt 0.094240 0.674690
vt 0.095736 0.684030
vt 0.092941 0.671311
vt 0.074689 0.644542
vt 0.247217 0.190031
vt 0.248630 0.193476
vt 0.280745 0.186795
vt 0.336023 0.568628
vt 0.295205 0.563237
vt 0.347209 0.230394
vt 0.349780 0.230636
vt 0.356068 0.188176
vt 0.353059 0.189357
vt 0.307418 0.200920
vt 0.311809 0.220832
vt 0.303525 0.200676
vt 0.308048 0.221350
vt 0.290866 0.233838
vt 0.284537 0.188455
vt 0.287742 0.235299
vt 0.259647 0.234295
vt 0.260182 0.238030
vt 0.284535 0.238853
vt 0.305775 0.249568
vt 0.311839 0.224463
vt 0.307877 0.225446
vt 0.346654 0.234293
vt 0.289825 0.238591
vt 0.440073 0.292507
vt 0.452544 0.263935
vt 0.450706 0.261417
vt 0.437430 0.291663
vt 0.474182 0.296950
vt 0.442166 0.296500
vt 0.476834 0.301073
vt 0.485520 0.323603
vt 0.594789 0.927807
vt 0.596224 0.940188
vt 0.599722 0.940027
vt 0.598012 0.927306
vt 0.595826 0.943270
vt 0.575491 0.934939
vt 0.576994 0.931933
vt 0.068125 0.643624
vt 0.049791 0.658902
vt 0.052221 0.661751
vt 0.587329 0.913354
vt 0.574465 0.930321
vt 0.588440 0.916718
vt 0.182922 0.215907
vt 0.225087 0.222954
vt 0.185747 0.212974
vt 0.564281 0.914894
vt 0.548512 0.880525
vt 0.544908 0.882234
vt 0.560933 0.916277
vt 0.685004 0.227415
vt 0.652448 0.233511
vt 0.651961 0.230743
vt 0.049672 0.632166
vt 0.071630 0.641773
vt 0.051715 0.628943
vt 0.600766 0.910944
vt 0.596477 0.922597
vt 0.603702 0.913292
vt 0.590879 0.913655
vt 0.557684 0.925162
vt 0.561234 0.925926
vt 0.564007 0.919150
vt 0.571121 0.921892
vt 0.573231 0.918948
vt 0.052250 0.843374
vt 0.069447 0.814528
vt 0.049925 0.841410
vt 0.423219 0.582775
vt 0.420998 0.579980
vt 0.393763 0.592661
vt 0.398966 0.594373
vt 0.380520 0.545065
vt 0.957922 0.604542
vt 0.955794 0.603093
vt 0.955036 0.578962
vt 0.955948 0.607733
vt 0.958617 0.609229
vt 0.962267 0.630840
vt 0.955482 0.629049
vt 0.959735 0.637077
vt 0.118592 0.333115
vt 0.094944 0.345183
vt 0.116001 0.337858
vt 0.088475 0.386324
vt 0.090881 0.349529
vt 0.476428 0.571698
vt 0.476813 0.568519
vt 0.424415 0.578799
vt 0.427962 0.581747
vt 0.397229 0.537993
vt 0.400852 0.536949
vt 0.959752 0.645289
vt 0.954313 0.634865
vt 0.952370 0.605144
vt 0.952886 0.624701
vt 0.084780 0.349980
vt 0.060700 0.375826
vt 0.065223 0.350610
vt 0.060387 0.371290
vt 0.396582 0.535334
vt 0.378295 0.543116
vt 0.275187 0.364548
vt 0.250457 0.299149
vt 0.247593 0.299124
vt 0.272734 0.365618
vt 0.295254 0.311702
vt 0.249332 0.294854
vt 0.340550 0.268093
vt 0.341275 0.264539
vt 0.305197 0.253145
vt 0.299080 0.308278
vt 0.304483 0.356903
vt 0.299035 0.312164
vt 0.300802 0.356848
vt 0.334121 0.312598
vt 0.334576 0.308833
vt 0.428027 0.335526
vt 0.438470 0.297844
vt 0.436070 0.295217
vt 0.424920 0.335957
vt 0.475673 0.328578
vt 0.471580 0.329076
vt 0.432247 0.338775
vt 0.473807 0.356305
vt 0.475368 0.332408
vt 0.426279 0.395640
vt 0.427209 0.340720
vt 0.424371 0.339722
vt 0.423427 0.394265
vt 0.472538 0.359848
vt 0.484291 0.341196
vt 0.486591 0.338412
vt 0.478440 0.331277
vt 0.476991 0.357237
vt 0.485737 0.344571
vt 0.950587 0.550881
vt 0.954493 0.575491
vt 0.471954 0.402715
vt 0.475785 0.360795
vt 0.468961 0.403199
vt 0.941842 0.553306
vt 0.940636 0.553844
vt 0.952452 0.575857
vt 0.949363 0.578198
vt 0.038277 0.346057
vt 0.054527 0.375416
vt 0.042915 0.347275
vt 0.061425 0.350158
vt 0.056476 0.371369
vt 0.952203 0.601346
vt 0.953473 0.579472
vt 0.950109 0.582836
vt 0.058889 0.379067
vt 0.086537 0.389548
vt 0.487057 0.569257
vt 0.486872 0.566227
vt 0.480031 0.567765
vt 0.479652 0.570957
vt 0.467346 0.528623
vt 0.471001 0.528124
vt 0.020692 0.387215
vt 0.055047 0.379177
vt 0.053133 0.397869
vt 0.021137 0.391076
vt 0.056949 0.397590
vt 0.482755 0.523803
vt 0.469928 0.525416
vt 0.482902 0.526584
vt 0.276095 0.368200
vt 0.301272 0.360670
vt 0.056570 0.401357
vt 0.081362 0.400391
vt 0.082298 0.396953
vt 0.495522 0.561237
vt 0.490382 0.564222
vt 0.490496 0.567724
vt 0.496434 0.564574
vt 0.486646 0.526120
vt 0.279273 0.391889
vt 0.278426 0.384832
vt 0.275789 0.384918
vt 0.276465 0.391789
vt 0.303663 0.385938
vt 0.303751 0.382097
vt 0.277977 0.381026
vt 0.307619 0.382481
vt 0.305100 0.361406
vt 0.327614 0.367141
vt 0.327327 0.371136
vt 0.301978 0.394304
vt 0.305667 0.394986
vt 0.307388 0.386398
vt 0.318795 0.398445
vt 0.325950 0.389928
vt 0.327604 0.386363
vt 0.426050 0.414045
vt 0.426232 0.399479
vt 0.423329 0.398259
vt 0.423140 0.413487
vt 0.468710 0.406984
vt 0.321541 0.399352
vt 0.328816 0.390486
vt 0.468035 0.417830
vt 0.425747 0.417610
vt 0.467766 0.421365
vt 0.470884 0.417744
vt 0.471693 0.406576
vt 0.022003 0.402244
vt 0.023759 0.405830
vt 0.029204 0.413230
vt 0.052737 0.401724
vt 0.020817 0.405866
vt 0.026423 0.413344
vt 0.055350 0.412831
vt 0.082129 0.409942
vt 0.081710 0.406330
vt 0.061593 0.449062
vt 0.055415 0.416708
vt 0.538441 0.561962
vt 0.537918 0.559029
vt 0.499225 0.560309
vt 0.500046 0.563478
vt 0.493517 0.525484
vt 0.497328 0.525910
vt 0.051517 0.413381
vt 0.040376 0.451193
vt 0.051677 0.417167
vt 0.030677 0.416959
vt 0.057879 0.449324
vt 0.051996 0.491661
vt 0.058385 0.453051
vt 0.041463 0.454815
vt 0.065296 0.491553
vt 0.062126 0.452860
vt 0.061526 0.491398
vt 0.090365 0.452144
vt 0.090556 0.448337
vt 0.587256 0.558249
vt 0.599867 0.557471
vt 0.600541 0.554739
vt 0.587419 0.555406
vt 0.066356 0.506844
vt 0.066506 0.510801
vt 0.078050 0.513687
vt 0.078008 0.509763
vt 0.614801 0.554775
vt 0.604336 0.554644
vt 0.603791 0.557375
vt 0.615027 0.557632
vt 0.604326 0.545149
vt 0.600537 0.545259
vt 0.061807 0.495152
vt 0.062535 0.506423
vt 0.065598 0.495419
vt 0.053090 0.510169
vt 0.062705 0.510222
vt 0.053528 0.506353
vt 0.066844 0.526708
vt 0.063099 0.527241
vt 0.278902 0.395660
vt 0.301237 0.398026
vt 0.533815 0.534382
vt 0.533733 0.531223
vt 0.497388 0.523063
vt 0.586765 0.546024
vt 0.600631 0.541791
vt 0.586433 0.542688
vt 0.615171 0.545246
vt 0.615175 0.541948
vt 0.604419 0.541691
vt 0.285296 0.499417
vt 0.274225 0.498903
vt 0.273987 0.502690
vt 0.285020 0.503312
vt 0.293920 0.434551
vt 0.297754 0.434717
vt 0.304945 0.398726
vt 0.310993 0.434784
vt 0.317347 0.401985
vt 0.290632 0.482977
vt 0.287143 0.483176
vt 0.288927 0.499258
vt 0.284170 0.513218
vt 0.287821 0.513049
vt 0.288554 0.503320
vt 0.299211 0.502225
vt 0.298526 0.498526
vt 0.430268 0.462195
vt 0.424222 0.429905
vt 0.421409 0.429109
vt 0.427280 0.461908
vt 0.466843 0.428844
vt 0.424159 0.426476
vt 0.466135 0.432251
vt 0.435788 0.510100
vt 0.432999 0.510024
vt 0.431535 0.525649
vt 0.434237 0.524700
vt 0.300497 0.512371
vt 0.303905 0.508810
vt 0.305450 0.511320
vt 0.304220 0.511694
vt 0.308617 0.509826
vt 0.306580 0.506261
vt 0.751831 0.857713
vt 0.755272 0.859469
vt 0.752663 0.850502
vt 0.750814 0.854293
vt 0.452829 0.521903
vt 0.434121 0.528152
vt 0.452230 0.525442
vt 0.460453 0.466693
vt 0.468989 0.432458
vt 0.457333 0.466549
vt 0.456592 0.510918
vt 0.453569 0.510884
vt 0.455716 0.521853
vt 0.402033 0.933630
vt 0.403021 0.931728
vt 0.402137 0.924550
vt 0.398160 0.933041
vt 0.043704 0.521755
vt 0.048838 0.514936
vt 0.043184 0.517120
vt 0.041518 0.519308
vt 0.047810 0.526585
vt 0.051398 0.529149
vt 0.435761 0.506346
vt 0.456718 0.470147
vt 0.430814 0.466014
vt 0.456879 0.507161
vt 0.459848 0.470315
vt 0.453854 0.507158
vt 0.297065 0.438594
vt 0.310161 0.438501
vt 0.427845 0.465625
vt 0.432985 0.506226
vt 0.541715 0.558806
vt 0.537769 0.535139
vt 0.582961 0.545764
vt 0.582669 0.542357
vt 0.537428 0.532147
vt 0.265259 0.435700
vt 0.293341 0.438355
vt 0.265749 0.432005
vt 0.583515 0.558490
vt 0.583680 0.555646
vt 0.542248 0.561770
vt 0.300288 0.479102
vt 0.291122 0.479194
vt 0.287490 0.479199
vt 0.299706 0.482901
vt 0.274126 0.484705
vt 0.273735 0.480940
vt 0.078788 0.497152
vt 0.079386 0.493411
vt 0.052641 0.495418
vt 0.618837 0.544743
vt 0.618429 0.555390
vt 0.066525 0.530492
vt 0.080749 0.528539
vt 0.079719 0.524923
vt 0.631656 0.563098
vt 0.631676 0.560306
vt 0.618643 0.558269
vt 0.051065 0.533043
vt 0.062561 0.530980
vt 0.059518 0.541614
vt 0.063320 0.541529
vt 0.635410 0.563647
vt 0.646395 0.562939
vt 0.646394 0.560155
vt 0.635408 0.560880
vt 0.038014 0.814277
vt 0.035177 0.841372
vt 0.037944 0.841554
vt 0.040561 0.816137
vt 0.016047 0.841857
vt 0.016330 0.844604
vt 0.035160 0.844134
vt 0.062461 0.545362
vt 0.058762 0.545321
vt 0.057314 0.556047
vt 0.061163 0.556146
vt 0.032112 0.804053
vt 0.039774 0.812288
vt 0.035105 0.804010
vt 0.284556 0.529902
vt 0.284116 0.516996
vt 0.272802 0.513446
vt 0.271702 0.517119
vt 0.631672 0.537668
vt 0.618847 0.541414
vt 0.631682 0.540814
vt 0.635416 0.537267
vt 0.635420 0.540391
vt 0.646535 0.541325
vt 0.646540 0.538246
vt 0.008077 0.816182
vt 0.006106 0.819502
vt 0.013251 0.842382
vt 0.287752 0.516849
vt 0.300847 0.516132
vt 0.288277 0.529915
vt 0.285205 0.533658
vt 0.289004 0.544666
vt 0.293006 0.544593
vt 0.289122 0.533644
vt 0.004343 0.805473
vt 0.005311 0.815500
vt 0.007171 0.805117
vt 0.307683 0.514568
vt 0.304590 0.515517
vt 0.301667 0.529882
vt 0.305459 0.529883
vt 0.301941 0.533651
vt 0.303033 0.544674
vt 0.306809 0.544682
vt 0.305758 0.533627
vt 0.031779 0.800258
vt 0.006674 0.801338
vt 0.003984 0.784908
vt 0.001376 0.785552
vt 0.003840 0.801697
vt 0.040631 0.524041
vt 0.044967 0.528979
vt 0.032881 0.527467
vt 0.047344 0.532996
vt 0.046201 0.541376
vt 0.026968 0.530423
vt 0.049973 0.541406
vt 0.049639 0.545428
vt 0.046021 0.545281
vt 0.045273 0.556149
vt 0.049035 0.556091
vt 0.040390 0.776269
vt 0.037409 0.776710
vt 0.034581 0.800247
vt 0.770496 0.863429
vt 0.772370 0.862748
vt 0.771590 0.859727
vt 0.770668 0.860180
vt 0.027991 0.526382
vt 0.038497 0.521709
vt 0.320673 0.529851
vt 0.323057 0.527034
vt 0.310872 0.512910
vt 0.313693 0.510731
vt 0.310000 0.508664
vt 0.773481 0.872721
vt 0.773860 0.876468
vt 0.778684 0.877104
vt 0.777160 0.873254
vt 0.009041 0.541520
vt 0.022417 0.532869
vt 0.024141 0.528539
vt 0.004184 0.541203
vt 0.020154 0.541508
vt 0.024059 0.541480
vt 0.766763 0.864008
vt 0.769410 0.872440
vt 0.755555 0.871394
vt 0.755498 0.874826
vt 0.770121 0.875957
vt 0.773524 0.896904
vt 0.769890 0.896711
vt 0.023183 0.545284
vt 0.019363 0.545283
vt 0.017474 0.556174
vt 0.021294 0.556228
vt 0.037359 0.758629
vt 0.038032 0.772650
vt 0.040731 0.772448
vt 0.040050 0.759552
vt 0.003660 0.781077
vt 0.004484 0.545382
vt 0.345473 0.547184
vt 0.344241 0.544421
vt 0.326729 0.544502
vt 0.327429 0.547184
vt 0.322925 0.533653
vt 0.322954 0.544500
vt 0.326726 0.533772
vt 0.344750 0.531951
vt 0.326824 0.530140
vt 0.344173 0.535180
vt 0.346705 0.526701
vt 0.327054 0.516907
vt 0.323373 0.515088
vt 0.773479 0.900150
vt 0.779491 0.900255
vt 0.781178 0.897061
vt 0.739669 0.928256
vt 0.742309 0.937293
vt 0.745505 0.935097
vt 0.743570 0.928710
vt 0.001062 0.556090
vt 0.004577 0.556106
vt 0.001123 0.545957
vt 0.751735 0.897741
vt 0.751510 0.894419
vt 0.744957 0.892464
vt 0.746775 0.896468
vt 0.347955 0.544421
vt 0.347908 0.535435
vt 0.359617 0.537144
vt 0.356232 0.533191
vt 0.348755 0.532109
vt 0.027227 0.749562
vt 0.038366 0.756036
vt 0.029749 0.748385
vt 0.010682 0.748999
vt 0.001642 0.760551
vt 0.002947 0.763033
vt 0.013284 0.749850
vt 0.752639 0.903946
vt 0.756691 0.907337
vt 0.755301 0.898393
vt 0.732177 0.912664
vt 0.739195 0.912637
vt 0.739498 0.909293
vt 0.732212 0.909207
vt 0.739225 0.924641
vt 0.742608 0.924869
vt 0.742449 0.912297
vt 0.729458 0.925752
vt 0.732219 0.924614
vt 0.729458 0.911809
vt 0.769787 0.899826
vt 0.769263 0.907783
vt 0.773104 0.905773
vt 0.732219 0.928273
vt 0.754999 0.895098
vt 0.752255 0.874767
vt 0.266044 0.529943
vt 0.265303 0.533687
vt 0.087299 0.545306
vt 0.086554 0.541552
vt 0.752278 0.861406
vt 0.752336 0.871086
vt 0.755519 0.862903
vt 0.766794 0.860742
vt 0.724349 0.218925
vt 0.720536 0.219795
vt 0.708269 0.265740
vt 0.712240 0.264025
vt 0.349652 0.810912
vt 0.354380 0.806645
vt 0.803592 0.226757
vt 0.800182 0.250663
vt 0.797457 0.182482
vt 0.803838 0.221645
vt 0.762093 0.216885
vt 0.765624 0.222483
vt 0.795503 0.146155
vt 0.775313 0.130206
vt 0.740068 0.126411
vt 0.769286 0.128846
vt 0.772581 0.125394
vt 0.738644 0.122798
vt 0.792849 0.066963
vt 0.807207 0.034610
vt 0.802417 0.037145
vt 0.034862 0.568811
vt 0.013080 0.569998
vt 0.038660 0.568789
vt 0.059467 0.570227
vt 0.754572 0.216865
vt 0.726299 0.213754
vt 0.797847 0.151067
vt 0.774493 0.248694
vt 0.779366 0.246902
vt 0.800427 0.254544
vt 0.781118 0.251266
vt 0.080633 0.825787
vt 0.719637 0.416582
vt 0.719207 0.420527
vt 0.159870 0.392170
vt 0.158280 0.395513
vt 0.508264 0.810993
vt 0.506432 0.814572
vt 0.035677 0.943269
vt 0.888326 0.875704
vt 0.235417 0.921334
vt 0.255106 0.919429
vt 0.228675 0.990007
vt 0.219813 0.998168
vt 0.609338 0.904846
vt 0.264478 0.932272
vt 0.435287 0.605913
vt 0.427808 0.600423
vt 0.786738 0.995883
vt 0.891045 0.906710
vt 0.880142 0.996230
vt 0.902901 0.527230
vt 0.011428 0.845612
vt 0.607438 0.930056
vt 0.373039 0.858320
vt 0.923677 0.197789
vt 0.927113 0.204972
vt 0.929957 0.206238
vt 0.929348 0.205946
vt 0.929934 0.206804
vt 0.919292 0.923400
vt 0.933703 0.917570
vt 0.981168 0.545372
vt 0.971758 0.534150
vt 0.909839 0.868852
vt 0.892399 0.815306
vt 0.235476 0.882945
vt 0.235417 0.882960
vt 0.975558 0.316234
vt 0.593653 0.905508
vt 0.379603 0.871830
vt 0.750769 0.935290
vt 0.770452 0.937215
vt 0.228675 0.205987
vt 0.219790 0.197719
vt 0.581554 0.899033
vt 0.043613 0.646180
vt 0.435287 0.590081
vt 0.427812 0.595519
vt 0.359507 0.544430
vt 0.732177 0.936891
vt 0.266124 0.544812
vt 0.086580 0.556291
vt 0.770772 0.851408
vt 0.402955 0.933916
vt 0.373039 0.799451
vt 0.334225 0.913696
vt 0.348637 0.919525
vt 0.952701 0.534150
vt 0.943290 0.545372
vt 0.047948 0.841729
vt 0.065389 0.788182
vt 0.055237 0.909756
vt 0.013923 0.345295
vt 0.685950 0.673386
vt 0.676559 0.670028
vt 0.674149 0.667067
vt 0.778434 0.685065
vt 0.887732 0.704343
vt 0.890494 0.705397
vt 0.784352 0.550405
vt 0.925291 0.594003
vt 0.926784 0.589940
vt 0.497379 0.332690
vt 0.734056 0.654873
vt 0.764351 0.719646
vt 0.321217 0.773873
vt 0.330292 0.791149
vt 0.448991 0.950904
vt 0.472168 0.955318
vt 0.454642 0.959213
vt 0.178064 0.953506
vt 0.178837 0.957143
vt 0.543289 0.257689
vt 0.041134 0.905901
vt 0.227424 0.971428
vt 0.647438 0.885367
vt 0.644322 0.883371
vt 0.269636 0.948634
vt 0.396164 0.599386
vt 0.900353 0.318140
vt 0.899572 0.746918
vt 0.505928 0.340997
vt 0.466276 0.670070
vt 0.486560 0.672647
vt 0.572046 0.417048
vt 0.524177 0.421329
vt 0.870291 0.847014
vt 0.826359 0.854196
vt 0.843501 0.952434
vt 0.845051 0.948994
vt 0.525047 0.428732
vt 0.939660 0.480901
vt 0.938231 0.477342
vt 0.930179 0.529748
vt 0.040731 0.679094
vt 0.988491 0.513701
vt 0.985827 0.529748
vt 0.902319 0.935355
vt 0.766309 0.652352
vt 0.010358 0.626603
vt 0.885274 0.150411
vt 0.887280 0.146180
vt 0.947949 0.126760
vt 0.949288 0.123320
vt 0.928410 0.216296
vt 0.907034 0.254449
vt 0.872161 0.263379
vt 0.919987 0.873714
vt 0.913750 0.874237
vt 0.676521 0.556448
vt 0.674125 0.559374
vt 0.778445 0.541369
vt 0.258465 0.253011
vt 0.255744 0.253929
vt 0.361915 0.098987
vt 0.219482 0.138522
vt 0.220975 0.142585
vt 0.536945 0.929367
vt 0.734056 0.571544
vt 0.764540 0.506687
vt 0.100343 0.804587
vt 0.109426 0.787305
vt 0.574856 0.669058
vt 0.598017 0.664655
vt 0.580507 0.660742
vt 0.178837 0.238851
vt 0.178064 0.242488
vt 0.451412 0.257518
vt 0.599109 0.942876
vt 0.227424 0.224566
vt 0.543466 0.879409
vt 0.546661 0.877612
vt 0.048770 0.629819
vt 0.396164 0.596608
vt 0.089128 0.347202
vt 0.246694 0.295500
vt 0.488817 0.340996
vt 0.466276 0.525924
vt 0.486560 0.523347
vt 0.422708 0.417052
vt 0.470581 0.421329
vt 0.275973 0.395600
vt 0.319907 0.402781
vt 0.302789 0.501028
vt 0.301215 0.497576
vt 0.469711 0.428729
vt 0.049837 0.509942
vt 0.051249 0.506403
vt 0.059303 0.558809
vt 0.000990 0.781777
vt 0.000990 0.542762
vt 0.003654 0.558809
vt 0.743451 0.908246
vt 0.766309 0.574065
vt 0.010358 0.569391
vt 0.721588 0.211282
vt 0.719679 0.214530
vt 0.733553 0.124102
vt 0.734861 0.127546
vt 0.776822 0.254895
vt 0.813259 0.263512
vt 0.037801 0.846590
vt 0.044037 0.847114
vt 0.038905 0.627188
vt 0.059213 0.625785
vt 0.059589 0.625578
vt 0.038657 0.627017
vt 0.962024 0.210580
vt 0.963827 0.213627
vt 0.961600 0.210548
vt 0.957526 0.212730
vt 0.880328 0.179869
vt 0.035114 0.627184
vt 0.038408 0.627203
vt 0.955307 0.933083
vt 0.956982 0.934625
vt 0.957544 0.934433
vt 0.955640 0.932785
vt 0.258288 0.825858
vt 0.253575 0.825198
vt 0.253454 0.825577
vt 0.258131 0.826234
vt 0.415039 0.920715
vt 0.414589 0.920658
vt 0.409784 0.940664
vt 0.410212 0.940849
vt 0.045436 0.856758
vt 0.042003 0.853247
vt 0.041676 0.853605
vt 0.045137 0.857114
vt 0.421292 0.922400
vt 0.421022 0.922138
vt 0.414925 0.941077
vt 0.415398 0.940844
vt 0.253340 0.847191
vt 0.258554 0.826481
vt 0.252929 0.847124
vt 0.057877 0.855805
vt 0.060879 0.850516
vt 0.060446 0.850272
vt 0.058343 0.856010
vt 0.070537 0.867559
vt 0.061137 0.850086
vt 0.069891 0.867381
vt 0.421132 0.921710
vt 0.415117 0.920289
vt 0.954658 0.914258
vt 0.954899 0.914672
vt 0.960352 0.914427
vt 0.960020 0.913985
vt 0.249283 0.697330
vt 0.247061 0.715865
vt 0.247525 0.716189
vt 0.249758 0.697407
vt 0.252866 0.847643
vt 0.251489 0.846890
vt 0.251417 0.847386
vt 0.047090 0.874286
vt 0.044063 0.874315
vt 0.044098 0.874808
vt 0.047107 0.874784
vt 0.251153 0.870465
vt 0.251496 0.870465
vt 0.253262 0.847684
vt 0.641298 0.937166
vt 0.640989 0.936818
vt 0.639156 0.937824
vt 0.639815 0.938001
vt 0.636462 0.933154
vt 0.638774 0.937868
vt 0.636774 0.932968
vt 0.251065 0.870903
vt 0.247437 0.868548
vt 0.247389 0.868990
vt 0.044974 0.897589
vt 0.045369 0.897944
vt 0.046686 0.896474
vt 0.047110 0.898915
vt 0.046919 0.896891
vt 0.017336 0.931661
vt 0.016776 0.929920
vt 0.016290 0.929412
vt 0.016918 0.931663
vt 0.640625 0.931632
vt 0.640413 0.931221
vt 0.636672 0.932544
vt 0.016703 0.936512
vt 0.013287 0.933798
vt 0.012897 0.933993
vt 0.016447 0.936676
vt 0.017029 0.932102
vt 0.012981 0.933382
vt 0.050830 0.898040
vt 0.050382 0.898196
vt 0.050554 0.900663
vt 0.050944 0.899836
vt 0.018031 0.935270
vt 0.018056 0.935105
vt 0.017448 0.932099
vt 0.240890 0.667905
vt 0.241843 0.665993
vt 0.241850 0.665183
vt 0.240522 0.667614
vt 0.056263 0.879724
vt 0.051402 0.899892
vt 0.056666 0.880083
vt 0.237042 0.673247
vt 0.240505 0.668474
vt 0.240266 0.668050
vt 0.236837 0.672821
vt 0.244541 0.685759
vt 0.245041 0.685707
vt 0.048258 0.897559
vt 0.047829 0.897361
vt 0.047547 0.899131
vt 0.239944 0.687253
vt 0.244662 0.686155
vt 0.239848 0.686772
vt 0.161027 0.941332
vt 0.156475 0.927801
vt 0.155983 0.927908
vt 0.160447 0.941026
vt 0.250551 0.686209
vt 0.250320 0.685802
vt 0.245154 0.686101
vt 0.054949 0.877039
vt 0.054694 0.877459
vt 0.056540 0.879360
vt 0.070416 0.868041
vt 0.069816 0.867885
vt 0.056898 0.879676
vt 0.777893 0.918622
vt 0.778375 0.918526
vt 0.778762 0.908479
vt 0.778229 0.908750
vt 0.255326 0.698326
vt 0.255335 0.697844
vt 0.249706 0.696915
vt 0.966292 0.925883
vt 0.965822 0.929033
vt 0.966326 0.929051
vt 0.966778 0.925943
vt 0.641486 0.930977
vt 0.640881 0.931102
vt 0.641597 0.931427
vt 0.642298 0.928077
vt 0.641823 0.928235
vt 0.045603 0.857246
vt 0.057741 0.856304
vt 0.047574 0.874358
vt 0.054130 0.877251
vt 0.058200 0.856575
vt 0.054513 0.877341
vt 0.066897 0.867111
vt 0.067272 0.866930
vt 0.047591 0.874919
vt 0.054006 0.877733
vt 0.048421 0.897065
vt 0.054391 0.877847
vt 0.048004 0.896894
vt 0.007194 0.928064
vt 0.013819 0.908301
vt 0.008272 0.908340
vt 0.008084 0.908846
vt 0.013984 0.907853
vt 0.068066 0.904426
vt 0.061050 0.924804
vt 0.068524 0.904583
vt 0.061192 0.925164
vt 0.054825 0.876854
vt 0.067246 0.867416
vt 0.047156 0.896452
vt 0.050437 0.897680
vt 0.978700 0.913750
vt 0.979028 0.914048
vt 0.980790 0.912527
vt 0.980229 0.912335
vt 0.319164 0.912968
vt 0.323990 0.933097
vt 0.324421 0.932914
vt 0.319616 0.912908
vt 0.235889 0.777424
vt 0.236055 0.777804
vt 0.240728 0.777136
vt 0.240600 0.776762
vt 0.961862 0.862570
vt 0.962149 0.862918
vt 0.965623 0.859417
vt 0.965295 0.859059
vt 0.240838 0.798755
vt 0.241233 0.798714
vt 0.235625 0.778046
vt 0.312914 0.914651
vt 0.318807 0.933094
vt 0.319279 0.933330
vt 0.313189 0.914391
vt 0.946852 0.856084
vt 0.946419 0.856328
vt 0.949421 0.861617
vt 0.948961 0.861823
vt 0.319084 0.912538
vt 0.313071 0.913962
vt 0.936761 0.873372
vt 0.937407 0.873193
vt 0.946163 0.855896
vt 0.977905 0.932702
vt 0.983267 0.932975
vt 0.983599 0.932533
vt 0.978154 0.932272
vt 0.245362 0.751577
vt 0.244889 0.751651
vt 0.247116 0.770433
vt 0.247583 0.770112
vt 0.241335 0.799225
vt 0.242761 0.798951
vt 0.242690 0.798455
vt 0.960207 0.880100
vt 0.960191 0.880596
vt 0.963200 0.880620
vt 0.963235 0.880127
vt 0.243012 0.822054
vt 0.240917 0.799249
vt 0.242683 0.822030
vt 0.311180 0.927263
vt 0.311140 0.926683
vt 0.308213 0.925017
vt 0.307642 0.925226
vt 0.243105 0.822470
vt 0.246802 0.820557
vt 0.246774 0.820099
vt 0.945515 0.935339
vt 0.945971 0.935470
vt 0.946267 0.930650
vt 0.945882 0.930624
vt 0.960616 0.902283
vt 0.961929 0.903756
vt 0.962324 0.903401
vt 0.960188 0.904727
vt 0.960379 0.902703
vt 0.941147 0.933598
vt 0.941566 0.933600
vt 0.942185 0.931345
vt 0.941708 0.931857
vt 0.945861 0.935958
vt 0.948246 0.936763
vt 0.948263 0.936377
vt 0.940937 0.937487
vt 0.945397 0.935813
vt 0.941455 0.934039
vt 0.944212 0.939356
vt 0.946857 0.939138
vt 0.944600 0.939444
vt 0.956468 0.903852
vt 0.956344 0.905576
vt 0.956749 0.905735
vt 0.956911 0.904006
vt 0.951035 0.885536
vt 0.950631 0.885899
vt 0.955939 0.906091
vt 0.943992 0.939705
vt 0.940636 0.937847
vt 0.941036 0.934036
vt 0.940677 0.937037
vt 0.259031 0.724764
vt 0.259199 0.724451
vt 0.256943 0.722860
vt 0.256759 0.723177
vt 0.250144 0.740011
vt 0.256334 0.722871
vt 0.249639 0.739961
vt 0.959053 0.903343
vt 0.959751 0.904943
vt 0.959469 0.903173
vt 0.254797 0.741020
vt 0.249984 0.740404
vt 0.254701 0.741501
vt 0.244097 0.740458
vt 0.249484 0.740352
vt 0.244333 0.740046
vt 0.343745 0.941329
vt 0.344327 0.941026
vt 0.348792 0.927909
vt 0.348292 0.927803
vt 0.952353 0.882851
vt 0.950758 0.885172
vt 0.952604 0.883271
vt 0.936880 0.873844
vt 0.950397 0.885487
vt 0.937482 0.873697
vt 0.907700 0.920103
vt 0.908036 0.929974
vt 0.908569 0.930246
vt 0.908195 0.920202
vt 0.239313 0.752572
vt 0.244937 0.751161
vt 0.239292 0.752100
vt 0.989539 0.927113
vt 0.990027 0.927055
vt 0.989575 0.923947
vt 0.989071 0.923965
vt 0.941304 0.904746
vt 0.940854 0.904918
vt 0.945465 0.921310
vt 0.945829 0.921069
vt 0.308153 0.933789
vt 0.307577 0.931526
vt 0.307045 0.931340
vt 0.307707 0.933715
vt 0.308376 0.929389
vt 0.307354 0.930954
vt 0.309879 0.932071
vt 0.961695 0.863058
vt 0.949557 0.862116
vt 0.940401 0.872924
vt 0.949096 0.862397
vt 0.940026 0.872742
vt 0.959722 0.880169
vt 0.953169 0.883063
vt 0.952785 0.883150
vt 0.953292 0.883545
vt 0.959707 0.880731
vt 0.552438 0.924174
vt 0.551539 0.904974
vt 0.551350 0.904462
vt 0.545810 0.904426
vt 0.545643 0.903979
vt 0.958849 0.902862
vt 0.959294 0.902707
vt 0.952908 0.883662
vt 0.545352 0.904583
vt 0.552826 0.924804
vt 0.552684 0.925164
vt 0.952474 0.882667
vt 0.940053 0.873230
vt 0.960142 0.902264
vt 0.956860 0.903492
vt 0.143956 0.938663
vt 0.138546 0.940169
vt 0.138788 0.940592
vt 0.143571 0.939275
vt 0.939808 0.201263
vt 0.938559 0.202076
vt 0.237769 0.685142
vt 0.236372 0.677561
vt 0.235932 0.677545
vt 0.237283 0.684793
vt 0.236592 0.673296
vt 0.236066 0.676559
vt 0.944794 0.191220
vt 0.944447 0.191963
vt 0.238294 0.688918
vt 0.237890 0.685867
vt 0.237375 0.685369
vt 0.237888 0.689175
vt 0.239457 0.687092
vt 0.069822 0.923695
vt 0.068799 0.925127
vt 0.069147 0.925349
vt 0.069866 0.924343
vt 0.238806 0.694601
vt 0.238945 0.695568
vt 0.239824 0.696721
vt 0.240182 0.696461
vt 0.238366 0.695000
vt 0.238915 0.698231
vt 0.239339 0.697727
vt 0.951779 0.173772
vt 0.951563 0.174417
vt 0.980144 0.178981
vt 0.978917 0.184093
vt 0.980083 0.179673
vt 0.950323 0.914615
vt 0.951161 0.915000
vt 0.954339 0.914712
vt 0.950065 0.178680
vt 0.949744 0.179322
vt 0.978629 0.184737
vt 0.237923 0.689743
vt 0.238339 0.694500
vt 0.238370 0.689727
vt 0.325629 0.878108
vt 0.327569 0.883931
vt 0.327817 0.882882
vt 0.326413 0.879625
vt 0.327926 0.897223
vt 0.328018 0.883857
vt 0.327477 0.896534
vt 0.927735 0.175555
vt 0.927806 0.174755
vt 0.932589 0.157911
vt 0.327464 0.897110
vt 0.326969 0.900582
vt 0.327871 0.897941
vt 0.327502 0.900391
vt 0.935273 0.155015
vt 0.936249 0.155463
vt 0.933350 0.151975
vt 0.932771 0.149711
vt 0.641715 0.931900
vt 0.641510 0.936696
vt 0.641973 0.933667
vt 0.646615 0.936627
vt 0.645398 0.936274
vt 0.923840 0.197221
vt 0.926588 0.180994
vt 0.724061 0.923913
vt 0.725216 0.920488
vt 0.725268 0.919230
vt 0.723645 0.923808
vt 0.326876 0.901122
vt 0.324538 0.912992
vt 0.324804 0.913458
vt 0.327371 0.901054
vt 0.953503 0.917291
vt 0.953208 0.916822
vt 0.926714 0.180256
vt 0.947328 0.185554
vt 0.946975 0.186284
vt 0.962115 0.210066
vt 0.258211 0.731765
vt 0.258838 0.730112
vt 0.259423 0.724896
vt 0.256320 0.743139
vt 0.256710 0.743732
vt 0.257287 0.739349
vt 0.256718 0.740153
vt 0.255188 0.741339
vt 0.256829 0.739438
vt 0.255838 0.748848
vt 0.254462 0.750709
vt 0.254835 0.750970
vt 0.255690 0.749835
vt 0.543786 0.924358
vt 0.544483 0.925347
vt 0.544851 0.925114
vt 0.543838 0.923698
vt 0.256287 0.749009
vt 0.255303 0.751959
vt 0.255670 0.752720
vt 0.977571 0.932238
vt 0.974407 0.931960
vt 0.973572 0.932339
vt 0.256235 0.743980
vt 0.942628 0.881960
vt 0.941852 0.883472
vt 0.940425 0.886885
vt 0.940681 0.887940
vt 0.940311 0.901123
vt 0.940753 0.900712
vt 0.940221 0.887850
vt 0.940720 0.904237
vt 0.940363 0.901848
vt 0.747772 0.155696
vt 0.749678 0.152599
vt 0.746801 0.156154
vt 0.750223 0.150340
vt 0.976455 0.930137
vt 0.976753 0.929670
vt 0.166656 0.939468
vt 0.161872 0.925950
vt 0.253539 0.715799
vt 0.236716 0.667669
vt 0.235417 0.671410
vt 0.006802 0.928679
vt 0.012614 0.928669
vt 0.061765 0.926960
vt 0.070410 0.906848
vt 0.252978 0.719854
vt 0.342905 0.925953
vt 0.338100 0.939470
vt 0.241103 0.770048
vt 0.305164 0.930047
vt 0.543466 0.906848
vt 0.552101 0.926888
vt 0.241468 0.706168
vt 0.243265 0.710503
vt 0.239447 0.698375
vt 0.240137 0.696943
vt 0.367100 0.897356
vt 0.365224 0.901294
vt 0.366030 0.914660
vt 0.367253 0.916533
vt 0.367753 0.917297
vt 0.366791 0.917033
vt 0.366830 0.916579
vt 0.368642 0.895681
vt 0.953497 0.929122
vt 0.646650 0.899352
vt 0.646166 0.899833
vt 0.644933 0.901055
vt 0.644211 0.913458
vt 0.644750 0.918775
vt 0.645585 0.920259
vt 0.645748 0.899607
vt 0.645752 0.899100
vt 0.645776 0.899106
vt 0.646724 0.899373
vt 0.249126 0.696797
vt 0.253183 0.760418
vt 0.251380 0.764751
vt 0.255186 0.752619
vt 0.254503 0.751203
vt 0.004378 0.905287
vt 0.002405 0.901085
vt 0.000990 0.899556
vt 0.002802 0.920454
vt 0.002841 0.920908
vt 0.002865 0.920901
vt 0.001954 0.921152
vt 0.001880 0.921172
vt 0.002373 0.920407
vt 0.003564 0.918560
vt 0.976730 0.917854
vt 0.408723 0.917436
vt 0.404112 0.901043
vt 0.402627 0.899834
vt 0.402035 0.899352
vt 0.402998 0.899607
vt 0.406954 0.920362
vt 0.402901 0.899100
vt 0.245518 0.751045
vt 0.974897 0.143586
vt 0.954434 0.162662
vt 0.954912 0.163472
vt 0.977655 0.148003
vt 0.952246 0.158951
vt 0.952504 0.159387
vt 0.148534 0.930589
vt 0.143652 0.931521
vt 0.750527 0.158749
vt 0.708052 0.144592
vt 0.705330 0.149032
vt 0.728199 0.164314
vt 0.728670 0.163500
vt 0.730574 0.160209
vt 0.730828 0.159771
vt 0.743930 0.201821
vt 0.738733 0.192317
vt 0.704457 0.185469
vt 0.736155 0.186659
vt 0.755423 0.175799
vt 0.756555 0.181272
vt 0.733360 0.179780
vt 0.731559 0.174906
vt 0.703070 0.180384
vt 0.746152 0.203246
vt 0.744183 0.202284
vt 0.757032 0.208559
vt 0.954848 0.163683
vt 0.952199 0.158941
vt 0.760135 0.203636
vt 0.759098 0.204142
vt 0.728266 0.164525
vt 0.730874 0.159760
vt 0.645561 0.926193
vt 0.070192 0.926502
vt 0.331261 0.937829
vt 0.331016 0.937114
vt 0.330968 0.937366
vt 0.329966 0.934043
vt 0.328413 0.935845
vt 0.329817 0.935550
vt 0.328718 0.899415
vt 0.313368 0.936447
vt 0.543466 0.926482
vt 0.053638 0.930171
vt 0.052515 0.933384
vt 0.055234 0.931985
vt 0.052292 0.934022
vt 0.052557 0.933613
vt 0.053807 0.931685
vt 0.939530 0.903290
vt 0.957718 0.934618
vt 0.957339 0.934913
vt 0.258762 0.826123
vt 0.060709 0.849869
vt 0.414654 0.920216
vt 0.247057 0.867948
vt 0.247041 0.868607
vt 0.044576 0.897589
vt 0.044861 0.898027
vt 0.012649 0.933568
vt 0.050719 0.900702
vt 0.014276 0.908458
vt 0.014429 0.908038
vt 0.980965 0.912345
vt 0.980592 0.912047
vt 0.235417 0.777688
vt 0.946592 0.855682
vt 0.319551 0.912466
vt 0.247187 0.820187
vt 0.247183 0.819617
vt 0.962442 0.903841
vt 0.962718 0.903425
vt 0.956299 0.906260
vt 0.256554 0.722530
vt 0.383024 0.931878
vt 0.382660 0.932107
vt 0.382978 0.932687
vt 0.545202 0.904163
vt 0.235642 0.676788
vt 0.930538 0.206514
vt 0.239025 0.698719
vt 0.331455 0.937078
vt 0.330381 0.933415
vt 0.329925 0.933289
vt 0.924440 0.199726
vt 0.924301 0.197975
vt 0.354015 0.927057
vt 0.353599 0.927103
vt 0.353720 0.928824
vt 0.053704 0.929417
vt 0.053261 0.929525
vt 0.980395 0.179379
vt 0.979054 0.184473
vt 0.250952 0.847297
vt 0.353695 0.933973
vt 0.353599 0.934481
vt 0.353718 0.933980
vt 0.251020 0.846832
vt 0.252982 0.825934
vt 0.251071 0.846796
vt 0.250978 0.847286
vt 0.329458 0.879920
vt 0.328968 0.879734
vt 0.719771 0.931242
vt 0.720234 0.932045
vt 0.720486 0.931727
vt 0.329456 0.879586
vt 0.329017 0.879416
vt 0.243158 0.798397
vt 0.241197 0.777498
vt 0.549302 0.932532
vt 0.549341 0.932079
vt 0.549278 0.932526
vt 0.243227 0.798861
vt 0.243223 0.798844
vt 0.243131 0.798354
vt 0.939175 0.883465
vt 0.938699 0.883648
vt 0.052082 0.933331
vt 0.555728 0.931341
vt 0.555090 0.931776
vt 0.555320 0.932065
vt 0.939133 0.883176
vt 0.938701 0.883319
vt 0.240979 0.706297
vt 0.241064 0.706959
vt 0.241494 0.707006
vt 0.241708 0.709053
vt 0.241243 0.708993
vt 0.331773 0.921508
vt 0.332266 0.921584
vt 0.332219 0.921116
vt 0.331754 0.921228
vt 0.000990 0.930116
vt 0.002496 0.928894
vt 0.002336 0.928477
vt 0.001120 0.929453
vt 0.913777 0.931938
vt 0.913512 0.932900
vt 0.914267 0.931986
vt 0.061050 0.933917
vt 0.061071 0.933988
vt 0.061530 0.933324
vt 0.569142 0.929900
vt 0.568652 0.929852
vt 0.568896 0.930774
vt 0.568876 0.930848
vt 0.328998 0.899096
vt 0.066862 0.930782
vt 0.067626 0.930345
vt 0.067307 0.930065
vt 0.066890 0.930225
vt 0.067350 0.930889
vt 0.258719 0.731856
vt 0.313771 0.936263
vt 0.259220 0.730515
vt 0.253666 0.760545
vt 0.253151 0.761253
vt 0.253581 0.761207
vt 0.051856 0.917632
vt 0.051363 0.917708
vt 0.252937 0.763301
vt 0.253402 0.763241
vt 0.051874 0.917352
vt 0.051409 0.917241
vt 0.778142 0.926539
vt 0.779099 0.925098
vt 0.779084 0.924373
vt 0.777893 0.926219
vt 0.919814 0.930768
vt 0.919562 0.929870
vt 0.919324 0.930816
vt 0.989071 0.932796
vt 0.989146 0.932776
vt 0.989565 0.932031
vt 0.425554 0.929034
vt 0.426044 0.928986
vt 0.425284 0.928049
vt 0.425304 0.928123
vt 0.939369 0.903709
vt 0.020364 0.932132
vt 0.020369 0.932620
vt 0.020789 0.932780
vt 0.021109 0.932502
vt 0.020852 0.932027
vt 0.410984 0.690601
vt 0.686883 0.552590
s 1
usemtl Scene_-_Root
f 1/1/1 2/2/2 3/3/3
f 3/3/3 4/4/4 1/1/1
f 5/5/5 6/6/6 7/7/7
f 7/7/7 2/2/2 5/5/5
f 8/8/8 9/9/9 10/10/10
f 10/10/10 11/11/11 8/8/8
f 12/12/12 13/13/13 14/14/14
f 14/14/14 10/10/10 12/12/12
f 15/15/15 16/16/16 17/17/17
f 17/17/17 18/18/18 15/15/15
f 19/19/19 17/17/17 16/16/16
f 16/16/16 20/20/20 19/19/19
f 21/21/21 22/22/22 23/23/3
f 23/23/3 24/24/23 21/21/21
f 25/25/24 26/26/25 27/27/26
f 27/27/26 28/28/27 25/25/24
f 29/29/28 30/30/29 9/9/9
f 9/9/9 26/26/25 29/29/28
f 6/6/6 31/31/30 32/32/26
f 32/32/26 33/33/31 6/6/6
f 34/34/32 35/35/33 36/36/34
f 36/36/34 37/37/35 34/34/32
f 38/38/36 39/39/37 36/36/34
f 36/36/34 40/40/38 38/38/36
f 35/35/33 41/41/39 40/40/38
f 40/40/38 36/36/34 35/35/33
f 42/42/40 43/43/41 39/39/37
f 39/39/37 38/38/36 42/42/40
f 44/44/42 45/45/43 46/46/44
f 46/46/44 47/47/45 44/44/42
f 48/48/46 49/49/47 45/45/43
f 45/45/43 50/50/48 48/48/46
f 51/51/49 52/52/50 53/53/51
f 53/53/51 54/54/52 51/51/49
f 55/55/53 48/48/46 53/53/51
f 53/53/51 56/56/54 55/55/53
f 57/57/55 58/58/56 54/54/52
f 54/54/52 50/50/48 57/57/55
f 59/59/57 60/60/58 61/61/59
f 61/61/59 62/62/60 59/59/57
f 63/63/61 64/64/62 65/65/63
f 65/65/63 61/61/59 63/63/61
f 66/66/64 67/67/65 68/68/66
f 68/68/66 65/65/63 66/66/64
f 69/69/67 70/70/68 71/71/69
f 71/71/69 72/72/66 69/69/67
f 73/73/70 71/71/69 70/70/68
f 70/70/68 74/74/71 73/73/70
f 73/73/70 75/75/72 76/76/73
f 76/76/73 71/71/69 73/73/70
f 77/77/74 78/78/75 79/79/76
f 79/79/76 80/80/77 77/77/74
f 81/81/78 82/82/79 83/83/80
f 83/83/80 84/84/81 81/81/78
f 85/85/82 86/86/83 83/83/80
f 83/83/80 87/87/84 85/85/82
f 88/88/85 89/89/86 87/87/84
f 87/87/84 83/83/80 88/88/85
f 90/90/87 74/74/71 86/86/83
f 86/86/83 91/91/88 90/90/87
f 92/92/89 84/84/81 70/70/68
f 70/70/68 93/93/90 92/92/89
f 94/94/91 95/95/92 96/96/93
f 96/96/93 97/97/94 94/94/91
f 98/98/95 99/99/96 96/96/93
f 96/96/93 100/100/97 98/98/95
f 15/15/15 101/101/98 99/99/96
f 99/99/96 102/102/99 15/15/15
f 103/103/100 104/104/101 12/12/12
f 12/12/12 30/30/29 103/103/100
f 105/105/102 106/106/103 107/107/104
f 107/107/104 108/108/105 105/105/102
f 109/109/106 110/110/107 111/111/108
f 111/111/108 112/112/109 109/109/106
f 113/113/110 114/114/111 115/115/108
f 115/115/108 116/116/112 113/113/110
f 117/117/113 57/57/55 44/44/42
f 44/44/42 114/114/111 117/117/113
f 118/118/114 119/119/115 108/108/105
f 108/108/105 47/47/45 118/118/114
f 120/120/116 121/121/117 113/113/110
f 113/113/110 122/122/118 120/120/116
f 123/123/119 124/124/112 125/125/120
f 126/126/108 127/127/107 125/125/120
f 125/125/120 124/124/112 126/126/108
f 128/128/121 122/122/118 129/129/119
f 129/129/119 130/130/122 128/128/121
f 131/131/123 132/132/124 133/133/125
f 133/133/125 134/134/126 131/131/123
f 135/135/127 136/136/128 137/137/129
f 137/137/129 138/138/130 135/135/127
f 139/139/131 140/140/132 141/141/133
f 141/141/133 136/136/128 139/139/131
f 142/142/134 143/143/135 144/144/136
f 144/144/136 145/145/137 142/142/134
f 146/146/138 147/147/139 134/134/126
f 134/134/126 143/143/135 146/146/138
f 131/131/123 147/147/139 148/148/140
f 148/148/140 149/149/141 131/131/123
f 150/150/142 151/151/143 149/149/141
f 149/149/141 148/148/140 150/150/142
f 142/142/134 152/152/144 153/153/145
f 153/153/145 146/146/138 142/142/134
f 154/154/146 153/153/145 152/152/144
f 152/152/144 155/155/147 154/154/146
f 150/150/142 148/148/140 153/153/145
f 153/153/145 154/154/146 150/150/142
f 156/156/148 157/157/149 158/158/150
f 158/158/150 29/29/28 156/156/148
f 159/159/151 160/160/152 103/103/100
f 103/103/100 158/158/150 159/159/151
f 161/161/153 31/31/30 162/162/154
f 162/162/154 163/163/155 161/161/153
f 164/164/156 165/165/157 162/162/154
f 162/162/154 5/5/5 164/164/156
f 166/166/158 167/167/159 168/168/160
f 168/168/160 56/56/54 166/166/158
f 169/169/161 170/170/162 168/168/160
f 168/168/160 171/171/163 169/169/161
f 172/172/164 55/55/53 170/170/162
f 170/170/162 173/173/165 172/172/164
f 174/174/166 58/58/56 175/175/167
f 175/175/167 176/176/168 174/174/166
f 121/121/117 177/177/169 175/175/167
f 175/175/167 117/117/113 121/121/117
f 85/85/82 178/178/170 179/179/171
f 179/179/171 91/91/88 85/85/82
f 180/180/172 181/181/173 182/182/174
f 182/182/174 179/179/171 180/180/172
f 73/73/70 90/90/87 182/182/174
f 182/182/174 183/183/175 73/73/70
f 123/123/119 125/125/120 184/184/176
f 184/184/176 185/185/177 123/123/119
f 185/185/177 184/184/176 186/186/178
f 187/187/179 188/188/180 109/109/106
f 109/109/106 189/189/181 187/187/179
f 190/190/182 191/191/183 192/192/95
f 192/192/95 193/193/184 190/190/182
f 96/96/93 194/194/185 184/184/176
f 184/184/176 100/100/97 96/96/93
f 184/184/176 194/194/185 195/195/186
f 38/38/36 40/40/38 196/196/187
f 196/196/187 197/197/188 38/38/36
f 198/198/189 199/199/190 41/41/39
f 41/41/39 200/200/191 198/198/189
f 201/201/192 202/202/193 203/203/194
f 203/203/194 204/204/195 201/201/192
f 35/35/33 205/205/196 206/206/197
f 206/206/197 200/200/191 35/35/33
f 207/207/198 208/208/199 209/209/197
f 209/209/197 210/210/200 207/207/198
f 211/211/201 212/212/202 213/213/203
f 213/213/203 214/214/204 211/211/201
f 215/215/205 216/216/206 217/217/207
f 217/217/207 218/218/203 215/215/205
f 219/219/208 212/212/202 190/190/182
f 190/190/182 220/220/209 219/219/208
f 190/190/182 221/221/210 222/222/211
f 222/222/211 220/220/209 190/190/182
f 223/223/212 224/224/213 220/220/209
f 220/220/209 222/222/211 223/223/212
f 225/225/214 226/226/215 227/227/216
f 227/227/216 189/189/181 225/225/214
f 228/228/212 229/229/211 227/227/216
f 227/227/216 230/230/217 228/228/212
f 231/231/218 232/232/219 105/105/102
f 105/105/102 233/233/206 231/231/218
f 234/234/220 235/235/221 236/236/222
f 236/236/222 232/232/219 234/234/220
f 237/237/223 238/238/224 239/239/225
f 239/239/225 240/240/226 237/237/223
f 241/241/227 242/242/228 243/243/229
f 243/243/229 239/239/225 241/241/227
f 244/244/230 245/245/231 246/246/232
f 246/246/232 243/243/229 244/244/230
f 247/247/233 248/248/226 249/249/234
f 249/249/234 250/250/235 247/247/233
f 251/251/236 252/252/237 253/253/227
f 253/253/227 254/254/238 251/251/236
f 255/255/239 256/256/240 257/257/241
f 257/257/241 252/252/237 255/255/239
f 258/258/242 259/259/228 257/257/241
f 257/257/241 260/260/243 258/258/242
f 261/261/244 262/262/245 263/263/246
f 263/263/246 215/215/205 261/261/244
f 264/264/247 263/263/246 262/262/245
f 262/262/245 265/265/248 264/264/247
f 264/264/247 266/266/249 267/267/250
f 267/267/250 263/263/246 264/264/247
f 268/268/251 269/269/252 270/270/253
f 270/270/253 271/271/239 268/268/251
f 272/272/254 273/273/255 270/270/253
f 270/270/253 274/274/256 272/272/254
f 275/275/257 276/276/258 273/273/255
f 273/273/255 277/277/259 275/275/257
f 278/278/260 279/279/248 224/224/213
f 224/224/213 280/280/261 278/278/260
f 281/281/262 282/282/263 247/247/233
f 247/247/233 283/283/256 281/281/262
f 284/284/264 285/285/254 286/286/235
f 286/286/235 287/287/265 284/284/264
f 288/288/266 289/289/267 290/290/268
f 290/290/268 291/291/269 288/288/266
f 292/292/270 293/293/271 294/294/272
f 294/294/272 295/295/273 292/292/270
f 296/296/274 297/297/275 290/290/268
f 290/290/268 244/244/230 296/296/274
f 298/298/276 299/299/277 300/300/278
f 300/300/278 301/301/279 298/298/276
f 302/302/257 303/303/280 300/300/278
f 300/300/278 260/260/243 302/302/257
f 304/304/281 305/305/282 306/306/283
f 306/306/283 307/307/284 304/304/281
f 308/308/285 306/306/283 277/277/259
f 277/277/259 309/309/286 308/308/285
f 273/273/255 310/310/264 309/309/286
f 309/309/286 277/277/259 273/273/255
f 311/311/287 312/312/288 313/313/289
f 313/313/289 295/295/273 311/311/287
f 314/314/290 311/311/287 315/315/266
f 315/315/266 316/316/291 314/314/290
f 317/317/276 318/318/292 319/319/293
f 319/319/293 291/291/269 317/317/276
f 320/320/294 321/321/291 319/319/293
f 319/319/293 322/322/295 320/320/294
f 323/323/296 301/301/279 324/324/297
f 300/300/278 325/325/298 324/324/297
f 324/324/297 301/301/279 300/300/278
f 326/326/299 318/318/292 327/327/296
f 327/327/296 328/328/300 326/326/299
f 326/326/299 329/329/301 330/330/302
f 330/330/302 322/322/295 326/326/299
f 331/331/303 332/332/304 333/333/305
f 333/333/305 334/334/306 331/331/303
f 335/335/307 336/336/308 337/337/294
f 337/337/294 338/338/309 335/335/307
f 337/337/294 336/336/308 339/339/310
f 340/340/311 341/341/312 342/342/313
f 342/342/313 343/343/314 340/340/311
f 344/344/315 345/345/301 342/342/313
f 342/342/313 346/346/316 344/344/315
f 347/347/317 348/348/318 307/307/284
f 307/307/284 349/349/319 347/347/317
f 306/306/283 308/308/285 349/349/319
f 349/349/319 307/307/284 306/306/283
f 350/350/320 351/351/321 348/348/318
f 348/348/318 352/352/322 350/350/320
f 353/353/323 354/354/324 352/352/322
f 352/352/322 347/347/317 353/353/323
f 355/355/325 356/356/326 357/357/327
f 357/357/327 354/354/324 355/355/325
f 358/358/328 359/359/319 314/314/290
f 314/314/290 339/339/310 358/358/328
f 335/335/307 360/360/329 361/361/323
f 361/361/323 336/336/308 335/335/307
f 362/362/157 363/363/330 364/364/331
f 365/365/332 364/364/331 363/363/330
f 363/363/330 366/366/333 365/365/332
f 367/367/334 368/368/335 369/369/336
f 202/202/193 370/370/337 369/369/336
f 369/369/336 368/368/335 202/202/193
f 371/371/338 363/363/330 369/369/336
f 369/369/336 372/372/339 371/371/338
f 185/185/177 373/373/340 374/374/341
f 374/374/341 375/375/122 185/185/177
f 183/183/175 376/376/342 377/377/343
f 377/377/343 378/378/344 183/183/175
f 181/181/173 379/379/345 128/128/121
f 128/128/121 376/376/342 181/181/173
f 380/380/346 177/177/169 381/381/347
f 381/381/347 382/382/348 380/380/346
f 379/379/345 383/383/349 381/381/347
f 381/381/347 120/120/116 379/379/345
f 384/384/350 385/385/351 159/159/151
f 159/159/151 386/386/352 384/384/350
f 387/387/353 388/388/354 385/385/351
f 385/385/351 389/389/355 387/387/353
f 390/390/356 391/391/91 160/160/152
f 160/160/152 388/388/354 390/390/356
f 392/392/357 393/393/358 394/394/356
f 394/394/356 395/395/359 392/392/357
f 96/96/93 95/95/92 393/393/358
f 393/393/358 194/194/185 96/96/93
f 392/392/357 396/396/360 194/194/185
f 194/194/185 393/393/358 392/392/357
f 397/397/361 398/398/362 399/399/363
f 399/399/363 396/396/360 397/397/361
f 400/400/364 401/401/365 195/195/186
f 195/195/186 399/399/363 400/400/364
f 184/184/176 195/195/186 401/401/365
f 401/401/365 186/186/178 184/184/176
f 402/402/366 403/403/367 404/404/368
f 404/404/368 405/405/344 402/402/366
f 406/406/369 383/383/349 180/180/172
f 180/180/172 407/407/370 406/406/369
f 400/400/364 402/402/366 373/373/340
f 373/373/340 401/401/365 400/400/364
f 59/59/57 408/408/371 409/409/372
f 409/409/372 410/410/373 59/59/57
f 411/411/374 400/400/364 398/398/362
f 398/398/362 408/408/371 411/411/374
f 412/412/375 409/409/372 397/397/361
f 397/397/361 392/392/357 412/412/375
f 413/413/376 414/414/377 415/415/378
f 415/415/378 416/416/379 413/413/376
f 387/387/353 154/154/146 417/417/380
f 417/417/380 418/418/381 387/387/353
f 413/413/376 416/416/379 417/417/380
f 417/417/380 419/419/382 413/413/376
f 154/154/146 155/155/147 419/419/382
f 419/419/382 417/417/380 154/154/146
f 420/420/383 150/150/142 389/389/355
f 389/389/355 421/421/384 420/420/383
f 422/422/385 152/152/144 423/423/386
f 145/145/137 423/423/386 152/152/144
f 152/152/144 142/142/134 145/145/137
f 413/413/376 419/419/382 422/422/385
f 422/422/385 424/424/387 413/413/376
f 425/425/388 426/426/389 427/427/390
f 427/427/390 428/428/391 425/425/388
f 335/335/307 429/429/304 430/430/390
f 430/430/390 431/431/392 335/335/307
f 432/432/393 433/433/315 428/428/391
f 425/425/388 428/428/391 433/433/315
f 433/433/315 434/434/394 425/425/388
f 435/435/395 436/436/396 434/434/394
f 434/434/394 437/437/397 435/435/395
f 438/438/398 439/439/399 440/440/397
f 440/440/397 346/346/316 438/438/398
f 441/441/400 442/442/401 443/443/399
f 443/443/399 444/444/402 441/441/400
f 353/353/323 445/445/329 446/446/403
f 446/446/403 355/355/325 353/353/323
f 446/446/403 445/445/329 447/447/404
f 448/448/405 449/449/406 450/450/407
f 450/450/407 431/431/392 448/448/405
f 451/451/408 452/452/409 426/426/389
f 426/426/389 453/453/410 451/451/408
f 426/426/389 425/425/388 436/436/396
f 436/436/396 453/453/410 426/426/389
f 451/451/408 453/453/410 436/436/396
f 436/436/396 454/454/411 451/451/408
f 442/442/401 455/455/412 456/456/413
f 456/456/413 457/457/414 442/442/401
f 458/458/408 455/455/412 441/441/400
f 441/441/400 459/459/415 458/458/408
f 460/460/416 461/461/417 462/462/418
f 462/462/418 463/463/419 460/460/416
f 464/464/420 93/93/90 465/465/421
f 70/70/68 69/69/67 465/465/421
f 465/465/421 93/93/90 70/70/68
f 466/466/422 467/467/423 464/464/420
f 464/464/420 468/468/424 466/466/422
f 469/469/425 470/470/426 463/463/419
f 463/463/419 471/471/427 469/469/425
f 472/472/428 473/473/429 474/474/430
f 474/474/430 473/473/429 475/475/431
f 473/473/429 472/472/428 476/476/432
f 476/476/432 472/472/428 477/477/433
f 476/476/432 478/478/434 479/479/435
f 480/480/436 481/481/437 479/479/435
f 479/479/435 478/478/434 480/480/436
f 482/482/433 483/483/438 484/484/439
f 484/484/439 483/483/438 485/485/440
f 480/480/436 478/478/434 486/486/441
f 486/486/441 487/487/442 480/480/436
f 488/488/443 489/489/444 490/490/445
f 490/490/445 468/468/424 488/488/443
f 491/491/446 492/492/447 490/490/445
f 490/490/445 493/493/448 491/491/446
f 494/494/449 495/495/447 496/496/450
f 497/497/451 498/498/452 496/496/450
f 496/496/450 495/495/447 497/497/451
f 499/499/453 500/500/454 501/501/455
f 501/501/455 502/502/456 499/499/453
f 497/497/451 503/503/457 504/504/458
f 504/504/458 498/498/452 497/497/451
f 505/505/459 504/504/458 503/503/457
f 503/503/457 506/506/460 505/505/459
f 507/507/461 487/487/442 501/501/455
f 501/501/455 508/508/462 507/507/461
f 488/488/443 465/465/421 509/509/463
f 509/509/463 510/510/464 488/488/443
f 511/511/465 512/512/466 513/513/467
f 513/513/467 64/64/62 511/511/465
f 514/514/468 515/515/469 516/516/470
f 516/516/470 512/512/466 514/514/468
f 517/517/471 518/518/472 410/410/373
f 410/410/373 519/519/377 517/517/471
f 520/520/473 63/63/61 60/60/58
f 60/60/58 518/518/472 520/520/473
f 521/521/474 522/522/475 520/520/473
f 520/520/473 523/523/476 521/521/474
f 523/523/476 520/520/473 524/524/477
f 521/521/474 525/525/478 511/511/465
f 511/511/465 522/522/475 521/521/474
f 526/526/479 527/527/480 528/528/481
f 528/528/481 424/424/387 526/526/479
f 529/529/482 530/530/477 531/531/471
f 531/531/471 528/528/481 529/529/482
f 528/528/481 527/527/480 532/532/483
f 532/532/483 529/529/482 528/528/481
f 533/533/484 532/532/483 527/527/480
f 527/527/480 534/534/485 533/533/484
f 535/535/486 536/536/487 532/532/483
f 532/532/483 537/537/488 535/535/486
f 537/537/488 532/532/483 533/533/484
f 535/535/486 538/538/489 539/539/490
f 539/539/490 536/536/487 535/535/486
f 534/534/485 540/540/491 541/541/492
f 541/541/492 542/542/493 534/534/485
f 543/543/494 544/544/495 545/545/496
f 545/545/496 139/139/131 543/543/494
f 545/545/496 544/544/495 546/546/497
f 547/547/498 533/533/484 542/542/493
f 542/542/493 548/548/499 547/547/498
f 549/549/500 550/550/501 551/551/502
f 551/551/502 550/550/501 552/552/503
f 553/553/504 554/554/505 537/537/488
f 537/537/488 555/555/506 553/553/504
f 556/556/503 557/557/507 558/558/508
f 559/559/509 560/560/510 558/558/508
f 558/558/508 557/557/507 559/559/509
f 550/550/501 546/546/497 561/561/511
f 480/480/436 561/561/511 546/546/497
f 546/546/497 481/481/437 480/480/436
f 562/562/512 563/563/507 561/561/511
f 561/561/511 480/480/436 562/562/512
f 564/564/513 503/503/457 497/497/451
f 497/497/451 565/565/514 564/564/513
f 490/490/445 566/566/469 567/567/515
f 567/567/515 493/493/448 490/490/445
f 568/568/516 567/567/515 566/566/469
f 566/566/469 569/569/517 568/568/516
f 570/570/518 571/571/519 567/567/515
f 567/567/515 568/568/516 570/570/518
f 560/560/510 559/559/509 505/505/459
f 505/505/459 506/506/460 560/560/510
f 572/572/520 573/573/521 564/564/513
f 564/564/513 574/574/522 572/572/520
f 556/556/503 558/558/508 573/573/521
f 573/573/521 575/575/504 556/556/503
f 572/572/520 576/576/523 575/575/504
f 575/575/504 573/573/521 572/572/520
f 525/525/478 577/577/524 578/578/525
f 578/578/525 514/514/468 525/525/478
f 579/579/526 580/580/527 569/569/517
f 569/569/517 581/581/528 579/579/526
f 582/582/529 574/574/522 583/583/518
f 583/583/518 584/584/530 582/582/529
f 569/569/517 580/580/527 585/585/531
f 585/585/531 568/568/516 569/569/517
f 585/585/531 580/580/527 586/586/532
f 587/587/533 588/588/534 589/589/535
f 589/589/535 585/585/531 587/587/533
f 590/590/536 591/591/537 592/592/526
f 592/592/526 593/593/538 590/590/536
f 594/594/539 595/595/540 596/596/541
f 596/596/541 591/591/537 594/594/539
f 523/523/476 597/597/489 598/598/542
f 598/598/542 521/521/474 523/523/476
f 599/599/543 598/598/542 597/597/489
f 597/597/489 600/600/544 599/599/543
f 599/599/543 593/593/538 577/577/524
f 577/577/524 598/598/542 599/599/543
f 601/601/545 602/602/546 599/599/543
f 599/599/543 603/603/547 601/601/545
f 600/600/544 604/604/548 603/603/547
f 603/603/547 599/599/543 600/600/544
f 605/605/549 590/590/536 602/602/546
f 602/602/546 606/606/550 605/605/549
f 607/607/551 608/608/552 535/535/486
f 535/535/486 554/554/505 607/607/551
f 609/609/553 610/610/554 611/611/544
f 611/611/544 608/608/552 609/609/553
f 612/612/555 613/613/556 614/614/557
f 614/614/557 609/609/553 612/612/555
f 601/601/545 603/603/547 615/615/558
f 615/615/558 616/616/559 601/601/545
f 612/612/555 607/607/551 617/617/523
f 617/617/523 618/618/560 612/612/555
f 576/576/523 572/572/520 619/619/561
f 619/619/561 620/620/560 576/576/523
f 621/621/562 619/619/561 572/572/520
f 572/572/520 622/622/563 621/621/562
f 621/621/562 623/623/564 624/624/565
f 624/624/565 619/619/561 621/621/562
f 582/582/529 625/625/566 626/626/567
f 626/626/567 627/627/568 582/582/529
f 628/628/569 629/629/570 627/627/568
f 627/627/568 626/626/567 628/628/569
f 630/630/540 631/631/571 632/632/572
f 632/632/572 587/587/533 630/630/540
f 633/633/573 634/634/567 632/632/572
f 632/632/572 635/635/574 633/633/573
f 582/582/529 627/627/568 636/636/575
f 636/636/575 622/622/563 582/582/529
f 628/628/569 637/637/576 638/638/577
f 638/638/577 629/629/570 628/628/569
f 639/639/578 640/640/579 636/636/575
f 636/636/575 638/638/577 639/639/578
f 622/622/563 636/636/575 640/640/579
f 640/640/579 621/621/562 622/622/563
f 641/641/580 642/642/581 637/637/576
f 637/637/576 643/643/582 641/641/580
f 638/638/577 637/637/576 642/642/581
f 642/642/581 639/639/578 638/638/577
f 644/644/583 645/645/584 628/628/569
f 628/628/569 646/646/573 644/644/583
f 647/647/585 648/648/586 643/643/582
f 643/643/582 645/645/584 647/647/585
f 649/649/587 650/650/588 651/651/589
f 651/651/589 652/652/590 649/649/587
f 653/653/591 654/654/592 651/651/589
f 651/651/589 655/655/593 653/653/591
f 656/656/594 657/657/595 658/658/596
f 658/658/596 654/654/592 656/656/594
f 659/659/597 660/660/590 661/661/596
f 661/661/596 662/662/598 659/659/597
f 663/663/599 664/664/600 659/659/597
f 659/659/597 665/665/601 663/663/599
f 666/666/602 667/667/603 668/668/604
f 668/668/604 662/662/598 666/666/602
f 669/669/605 670/670/606 665/665/601
f 665/665/601 668/668/604 669/669/605
f 605/605/549 671/671/607 672/672/608
f 672/672/608 594/594/539 605/605/549
f 673/673/609 631/631/571 674/674/608
f 674/674/608 675/675/610 673/673/609
f 676/676/611 677/677/612 678/678/613
f 678/678/613 655/655/593 676/676/611
f 679/679/614 680/680/615 681/681/616
f 681/681/616 682/682/617 679/679/614
f 683/683/618 653/653/591 684/684/616
f 684/684/616 685/685/619 683/683/618
f 686/686/620 687/687/621 606/606/550
f 606/606/550 688/688/622 686/686/620
f 602/602/546 601/601/545 688/688/622
f 688/688/622 606/606/550 602/602/546
f 689/689/623 671/671/607 687/687/621
f 687/687/621 690/690/624 689/689/623
f 691/691/625 692/692/626 679/679/614
f 679/679/614 693/693/627 691/691/625
f 694/694/628 692/692/626 695/695/629
f 691/691/625 696/696/630 695/695/629
f 695/695/629 692/692/626 691/691/625
f 697/697/631 680/680/615 694/694/628
f 694/694/628 698/698/632 697/697/631
f 699/699/633 700/700/634 701/701/635
f 701/701/635 702/702/559 699/699/633
f 703/703/636 704/704/620 705/705/637
f 705/705/637 701/701/635 703/703/636
f 706/706/638 707/707/639 708/708/640
f 708/708/640 709/709/641 706/706/638
f 710/710/642 711/711/643 712/712/644
f 712/712/644 707/707/639 710/710/642
f 713/713/645 714/714/646 715/715/647
f 715/715/647 716/716/648 713/713/645
f 717/717/649 718/718/650 719/719/651
f 719/719/651 720/720/652 717/717/649
f 694/694/628 695/695/629 718/718/650
f 718/718/650 721/721/653 694/694/628
f 717/717/649 722/722/654 721/721/653
f 721/721/653 718/718/650 717/717/649
f 723/723/578 724/724/655 700/700/634
f 700/700/634 725/725/579 723/723/578
f 726/726/656 727/727/657 710/710/642
f 710/710/642 728/728/658 726/726/656
f 729/729/659 730/730/660 669/669/605
f 669/669/605 731/731/661 729/729/659
f 732/732/662 733/733/663 730/730/660
f 730/730/660 734/734/664 732/732/662
f 735/735/665 736/736/666 737/737/667
f 737/737/667 738/738/668 735/735/665
f 739/739/669 740/740/670 724/724/655
f 724/724/655 741/741/671 739/739/669
f 700/700/634 724/724/655 740/740/670
f 740/740/670 703/703/636 700/700/634
f 742/742/580 743/743/672 741/741/671
f 741/741/671 744/744/581 742/742/580
f 745/745/673 690/690/624 686/686/620
f 686/686/620 746/746/674 745/745/673
f 739/739/669 747/747/675 748/748/674
f 748/748/674 740/740/670 739/739/669
f 749/749/676 635/635/574 673/673/609
f 673/673/609 750/750/677 749/749/676
f 751/751/678 752/752/679 753/753/610
f 753/753/610 754/754/680 751/751/678
f 672/672/608 689/689/623 754/754/680
f 754/754/680 753/753/610 672/672/608
f 755/755/681 750/750/677 756/756/682
f 756/756/682 757/757/683 755/755/681
f 758/758/684 759/759/685 749/749/676
f 749/749/676 760/760/686 758/758/684
f 761/761/675 762/762/687 754/754/680
f 754/754/680 745/745/673 761/761/675
f 754/754/680 762/762/687 751/751/678
f 761/761/675 763/763/688 691/691/625
f 691/691/625 762/762/687 761/761/675
f 764/764/612 765/765/689 751/751/678
f 751/751/678 693/693/627 764/764/612
f 650/650/588 760/760/686 755/755/681
f 755/755/681 676/676/611 650/650/588
f 659/659/597 664/664/600 766/766/690
f 766/766/690 767/767/587 659/659/597
f 766/766/690 664/664/600 647/647/585
f 641/641/580 648/648/586 663/663/599
f 663/663/599 768/768/691 641/641/580
f 739/739/669 743/743/672 728/728/658
f 728/728/658 706/706/638 739/739/669
f 769/769/692 770/770/693 656/656/594
f 656/656/594 683/683/618 769/769/692
f 771/771/694 772/772/695 770/770/693
f 770/770/693 773/773/696 771/771/694
f 774/774/697 666/666/602 775/775/595
f 775/775/595 776/776/698 774/774/697
f 777/777/699 778/778/700 774/774/697
f 774/774/697 779/779/701 777/777/699
f 780/780/702 731/731/661 667/667/603
f 667/667/603 778/778/700 780/780/702
f 781/781/703 782/782/704 783/783/705
f 783/783/705 784/784/706 781/781/703
f 785/785/707 786/786/708 787/787/705
f 787/787/705 788/788/709 785/785/707
f 789/789/710 790/790/711 791/791/712
f 791/791/712 786/786/708 789/789/710
f 792/792/713 793/793/714 794/794/715
f 794/794/715 795/795/716 792/792/713
f 796/796/717 797/797/718 798/798/715
f 798/798/715 789/789/710 796/796/717
f 799/799/719 800/800/720 801/801/619
f 801/801/619 802/802/721 799/799/719
f 681/681/616 697/697/631 802/802/721
f 802/802/721 801/801/619 681/681/616
f 803/803/722 804/804/723 769/769/692
f 769/769/692 805/805/720 803/803/722
f 806/806/724 807/807/725 808/808/726
f 808/808/726 809/809/727 806/806/724
f 810/810/728 785/785/707 811/811/725
f 811/811/725 812/812/729 810/810/728
f 721/721/653 813/813/730 814/814/731
f 814/814/731 698/698/632 721/721/653
f 802/802/721 814/814/731 799/799/719
f 813/813/730 815/815/732 799/799/719
f 799/799/719 814/814/731 813/813/730
f 816/816/733 817/817/734 818/818/735
f 818/818/735 819/819/736 816/816/733
f 820/820/737 821/821/738 810/810/728
f 810/810/728 822/822/739 820/820/737
f 823/823/740 824/824/741 722/722/654
f 722/722/654 717/717/649 823/823/740
f 825/825/742 813/813/730 824/824/741
f 824/824/741 826/826/743 825/825/742
f 827/827/744 828/828/745 829/829/746
f 829/829/746 830/830/737 827/827/744
f 831/831/747 832/832/748 833/833/746
f 833/833/746 834/834/749 831/831/747
f 796/796/717 821/821/738 832/832/748
f 832/832/748 835/835/750 796/796/717
f 836/836/751 734/734/664 729/729/659
f 729/729/659 837/837/752 836/836/751
f 838/838/753 839/839/754 780/780/702
f 780/780/702 840/840/755 838/838/753
f 836/836/751 837/837/752 839/839/754
f 839/839/754 841/841/756 836/836/751
f 838/838/753 842/842/757 841/841/756
f 841/841/756 839/839/754 838/838/753
f 843/843/758 844/844/718 845/845/759
f 845/845/759 846/846/760 843/843/758
f 847/847/761 848/848/762 835/835/750
f 835/835/750 849/849/763 847/847/761
f 850/850/764 851/851/765 836/836/751
f 836/836/751 841/841/756 850/850/764
f 852/852/766 853/853/767 854/854/662
f 854/854/662 855/855/768 852/852/766
f 856/856/769 857/857/770 720/720/652
f 720/720/652 858/858/771 856/856/769
f 859/859/772 823/823/740 857/857/770
f 857/857/770 860/860/773 859/859/772
f 861/861/774 862/862/775 842/842/757
f 842/842/757 863/863/776 861/861/774
f 864/864/777 865/865/778 866/866/779
f 866/866/779 862/862/775 864/864/777
f 867/867/780 868/868/764 869/869/779
f 869/869/779 870/870/781 867/867/780
f 871/871/782 852/852/766 867/867/780
f 867/867/780 872/872/783 871/871/782
f 873/873/784 874/874/785 875/875/786
f 875/875/786 870/870/781 873/873/784
f 876/876/787 872/872/783 875/875/786
f 875/875/786 877/877/788 876/876/787
f 878/878/789 879/879/761 880/880/790
f 880/880/790 881/881/791 878/878/789
f 882/882/792 883/883/793 849/849/763
f 849/849/763 831/831/747 882/882/792
f 884/884/794 885/885/795 886/886/790
f 886/886/790 883/883/793 884/884/794
f 887/887/796 864/864/777 861/861/774
f 861/861/774 881/881/791 887/887/796
f 878/878/789 863/863/776 846/846/760
f 842/842/757 838/838/753 846/846/760
f 846/846/760 863/863/776 842/842/757
f 888/888/797 889/889/798 890/890/799
f 890/890/799 891/891/800 888/888/797
f 892/892/801 893/893/802 890/890/799
f 890/890/799 894/894/749 892/892/801
f 895/895/803 896/896/804 860/860/773
f 860/860/773 897/897/805 895/895/803
f 857/857/770 898/898/806 897/897/805
f 897/897/805 860/860/773 857/857/770
f 899/899/807 893/893/802 896/896/804
f 896/896/804 900/900/808 899/899/807
f 826/826/743 859/859/772 892/892/801
f 892/892/801 828/828/745 826/826/743
f 873/873/784 901/901/809 902/902/810
f 902/902/810 903/903/811 873/873/784
f 904/904/812 905/905/813 887/887/796
f 887/887/796 906/906/795 904/904/812
f 907/907/814 908/908/815 909/909/816
f 909/909/816 910/910/813 907/907/814
f 911/911/817 912/912/818 913/913/808
f 913/913/808 914/914/803 911/911/817
f 915/915/819 916/916/820 917/917/821
f 917/917/821 918/918/822 915/915/819
f 919/919/823 891/891/800 899/899/807
f 899/899/807 916/916/820 919/919/823
f 920/920/824 921/921/825 922/922/812
f 922/922/812 884/884/794 920/920/824
f 923/923/826 924/924/827 925/925/797
f 925/925/797 926/926/823 923/923/826
f 911/911/817 927/927/828 928/928/829
f 928/928/829 929/929/830 911/911/817
f 930/930/831 931/931/832 932/932/829
f 932/932/829 933/933/833 930/930/831
f 934/934/834 935/935/835 936/936/819
f 936/936/819 931/931/832 934/934/834
f 937/937/824 938/938/836 934/934/834
f 934/934/834 939/939/837 937/937/824
f 903/903/811 940/940/815 941/941/833
f 941/941/833 942/942/838 903/903/811
f 939/939/837 930/930/831 907/907/814
f 907/907/814 943/943/825 939/939/837
f 877/877/788 944/944/839 914/914/803
f 914/914/803 945/945/805 877/877/788
f 944/944/839 874/874/785 927/927/828
f 928/928/829 927/927/828 874/874/785
f 874/874/785 942/942/838 928/928/829
f 815/815/732 825/825/742 827/827/744
f 827/827/744 817/817/734 815/815/732
f 946/946/840 799/799/719 816/816/733
f 816/816/733 947/947/724 946/946/840
f 782/782/704 773/773/696 804/804/723
f 804/804/723 809/809/727 782/782/704
f 792/792/713 779/779/701 948/948/841
f 948/948/841 949/949/842 792/792/713
f 843/843/758 840/840/755 777/777/699
f 777/777/699 795/795/716 843/843/758
f 950/950/843 951/951/844 876/876/787
f 876/876/787 952/952/845 950/950/843
f 716/716/648 953/953/846 871/871/782
f 871/871/782 951/951/844 716/716/648
f 954/954/847 955/955/848 956/956/165
f 956/956/165 957/957/849 954/954/847
f 370/370/337 201/201/192 958/958/850
f 204/204/195 959/959/851 958/958/850
f 958/958/850 201/201/192 204/204/195
f 960/960/852 961/961/853 962/962/854
f 962/962/854 963/963/855 960/960/852
f 964/964/856 965/965/857 962/962/854
f 962/962/854 966/966/858 964/964/856
f 967/967/859 968/968/860 969/969/861
f 969/969/861 965/965/857 967/967/859
f 969/969/861 970/970/862 963/963/855
f 960/960/852 963/963/855 970/970/862
f 970/970/862 971/971/863 960/960/852
f 972/972/864 973/973/865 974/974/866
f 974/974/866 975/975/867 972/972/864
f 975/975/867 974/974/866 976/976/868
f 977/977/869 978/978/870 971/971/863
f 971/971/863 973/973/865 977/977/869
f 979/979/871 974/974/866 970/970/862
f 970/970/862 980/980/872 979/979/871
f 981/981/873 982/982/874 983/983/875
f 983/983/875 984/984/876 981/981/873
f 985/985/877 982/982/874 981/981/873
f 986/986/878 987/987/879 988/988/880
f 988/988/880 989/989/881 986/986/878
f 990/990/882 982/982/874 991/991/883
f 991/991/883 992/992/884 990/990/882
f 993/993/885 994/994/886 995/995/887
f 995/995/887 996/996/888 993/993/885
f 997/997/889 990/990/882 995/995/887
f 995/995/887 998/998/890 997/997/889
f 999/999/891 996/996/888 992/992/884
f 992/992/884 1000/1000/892 999/999/891
f 1001/1001/893 1002/1002/894 1003/1003/895
f 1003/1003/895 1004/1004/896 1001/1001/893
f 1004/1004/896 1005/1005/897 1001/1001/893
f 1006/1006/898 1007/1007/899 1008/1008/900
f 1008/1008/900 1004/1004/896 1006/1006/898
f 1009/1009/901 1010/1010/902 1011/1011/903
f 1011/1011/903 1012/1012/904 1009/1009/901
f 1013/1013/905 1014/1014/906 1015/1015/907
f 1015/1015/907 1016/1016/908 1013/1013/905
f 1017/1017/909 1018/1018/910 1019/1019/911
f 1019/1019/911 1020/1020/912 1017/1017/909
f 1021/1021/913 1015/1015/907 1006/1006/898
f 1006/1006/898 1022/1022/914 1021/1021/913
f 1023/1023/915 1024/1024/916 210/210/200
f 210/210/200 954/954/847 1023/1023/915
f 1025/1025/917 1026/1026/918 1023/1023/915
f 1023/1023/915 954/954/847 1025/1025/917
f 169/169/161 1027/1027/919 1028/1028/920
f 1028/1028/920 1029/1029/921 169/169/161
f 1030/1030/922 1031/1031/923 171/171/163
f 171/171/163 1032/1032/924 1030/1030/922
f 1033/1033/925 1034/1034/926 1027/1027/919
f 1027/1027/919 1031/1031/923 1033/1033/925
f 1035/1035/927 1036/1036/928 1037/1037/929
f 1037/1037/929 1038/1038/930 1035/1035/927
f 1039/1039/931 1040/1040/932 1035/1035/927
f 1035/1035/927 1038/1038/930 1039/1039/931
f 980/980/872 968/968/860 1038/1038/930
f 1038/1038/930 1041/1041/933 980/980/872
f 997/997/889 1042/1042/934 1037/1037/929
f 1037/1037/929 983/983/875 997/997/889
f 1018/1018/910 1000/1000/892 1043/1043/935
f 1043/1043/935 1012/1012/904 1018/1018/910
f 1034/1034/926 1022/1022/914 1003/1003/895
f 1003/1003/895 1044/1044/936 1034/1034/926
f 207/207/198 966/966/858 1045/1045/937
f 1045/1045/937 966/966/858 1046/1046/938
f 1047/1047/939 1048/1048/940 979/979/871
f 979/979/871 1049/1049/941 1047/1047/939
f 1050/1050/942 1049/1049/941 1041/1041/933
f 1041/1041/933 1042/1042/934 1050/1050/942
f 1051/1051/943 1050/1050/942 998/998/890
f 998/998/890 1052/1052/944 1051/1051/943
f 1053/1053/945 1054/1054/946 999/999/891
f 999/999/891 1017/1017/909 1053/1053/945
f 1055/1055/947 1056/1056/948 1021/1021/913
f 1021/1021/913 1033/1033/925 1055/1055/947
f 1057/1057/949 1058/1058/950 1046/1046/938
f 1046/1046/938 961/961/853 1057/1057/949
f 1059/1059/951 1060/1060/850 1061/1061/950
f 1061/1061/950 1062/1062/952 1059/1059/951
f 1063/1063/953 1064/1064/954 1065/1065/955
f 1065/1065/955 1066/1066/956 1063/1063/953
f 1067/1067/957 1068/1068/958 1066/1066/956
f 1066/1066/956 1062/1062/952 1067/1067/957
f 978/978/870 1067/1067/957 1069/1069/959
f 1069/1069/959 960/960/852 978/978/870
f 1070/1070/960 1068/1068/958 977/977/869
f 977/977/869 972/972/864 1070/1070/960
f 145/145/137 540/540/491 526/526/479
f 526/526/479 423/423/386 145/145/137
f 1071/1071/961 479/479/435 544/544/495
f 544/544/495 543/543/494 1071/1071/961
f 1072/1072/962 1073/1073/963 1074/1074/964
f 1074/1074/964 1073/1073/963 1075/1075/965
f 1076/1076/966 1077/1077/967 1071/1071/961
f 1071/1071/961 543/543/494 1076/1076/966
f 1078/1078/968 1079/1079/969 1080/1080/416
f 1080/1080/416 1081/1081/970 1078/1078/968
f 1082/1082/428 1083/1083/971 1084/1084/972
f 1084/1084/972 1085/1085/973 1082/1082/428
f 1086/1086/974 1085/1085/973 1084/1084/972
f 1087/1087/975 282/282/263 280/280/261
f 280/280/261 223/223/212 1087/1087/975
f 265/265/248 1088/1088/260 1089/1089/976
f 1089/1089/976 264/264/247 265/265/248
f 264/264/247 1089/1089/976 269/269/252
f 1090/1090/251 251/251/236 1091/1091/977
f 231/231/218 1091/1091/977 251/251/236
f 251/251/236 234/234/220 231/231/218
f 238/238/224 230/230/217 1092/1092/221
f 1092/1092/221 1093/1093/238 238/238/224
f 1094/1094/978 1095/1095/332 1096/1096/979
f 1096/1096/979 163/163/155 1094/1094/978
f 1097/1097/980 1098/1098/981 1099/1099/982
f 1099/1099/982 1100/1100/983 1097/1097/980
f 1101/1101/984 1102/1102/985 1103/1103/986
f 1103/1103/986 1104/1104/987 1101/1101/984
f 1105/1105/980 1106/1106/988 1104/1104/987
f 1104/1104/987 1103/1103/986 1105/1105/980
f 156/156/148 25/25/24 1107/1107/989
f 1107/1107/989 1108/1108/990 156/156/148
f 1109/1109/158 1110/1110/50 1111/1111/991
f 1111/1111/991 1112/1112/992 1109/1109/158
f 174/174/166 1113/1113/993 1114/1114/994
f 1114/1114/994 51/51/49 174/174/166
f 1115/1115/995 1116/1116/996 1117/1117/997
f 1117/1117/997 1118/1118/994 1115/1115/995
f 1116/1116/996 1119/1119/998 1111/1111/991
f 1111/1111/991 1117/1117/997 1116/1116/996
f 1112/1112/992 1111/1111/991 1119/1119/998
f 1119/1119/998 1120/1120/999 1112/1112/992
f 1121/1121/1000 1122/1122/1001 1123/1123/1002
f 1123/1123/1002 1124/1124/1003 1121/1121/1000
f 1125/1125/1004 1126/1126/1005 1127/1127/1006
f 1127/1127/1006 1128/1128/1007 1125/1125/1004
f 85/85/82 87/87/84 1129/1129/1008
f 1129/1129/1008 1130/1130/1009 85/85/82
f 1131/1131/1010 1132/1132/1011 1133/1133/1012
f 1133/1133/1012 1134/1134/1013 1131/1131/1010
f 1135/1135/1014 1123/1123/1002 1132/1132/1011
f 1132/1132/1011 1136/1136/1015 1135/1135/1014
f 1137/1137/352 1138/1138/1016 1139/1139/1017
f 1139/1139/1017 1140/1140/1018 1137/1137/352
f 1101/1101/984 1141/1141/1019 1142/1142/1020
f 1142/1142/1020 1143/1143/990 1101/1101/984
f 1144/1144/1021 1145/1145/1022 1139/1139/1017
f 1139/1139/1017 1142/1142/1020 1144/1144/1021
f 1146/1146/1023 1147/1147/1024 1148/1148/1025
f 1148/1148/1025 1149/1149/1026 1146/1146/1023
f 1150/1150/1027 1113/1113/993 1147/1147/1024
f 1147/1147/1024 1151/1151/1028 1150/1150/1027
f 380/380/346 1152/1152/1029 1153/1153/1030
f 1153/1153/1030 176/176/168 380/380/346
f 1154/1154/1031 1155/1155/1032 1156/1156/1033
f 1156/1156/1033 1157/1157/1034 1154/1154/1031
f 406/406/369 1158/1158/1035 1159/1159/1036
f 1159/1159/1036 382/382/348 406/406/369
f 1160/1160/1036 1161/1161/1037 1162/1162/1038
f 1163/1163/1033 1162/1162/1038 1161/1161/1037
f 1161/1161/1037 1164/1164/1034 1163/1163/1033
f 1160/1160/1036 1165/1165/1039 1166/1166/1040
f 1166/1166/1040 1161/1161/1037 1160/1160/1036
f 1166/1166/1040 1165/1165/1039 1167/1167/1041
f 1168/1168/1042 1169/1169/1043 1145/1145/1022
f 1145/1145/1022 1166/1166/1040 1168/1168/1042
f 1170/1170/1044 1171/1171/1045 1172/1172/1046
f 1172/1172/1046 1173/1173/1047 1170/1170/1044
f 1174/1174/1048 1175/1175/1049 1154/1154/1031
f 1154/1154/1031 1176/1176/1050 1174/1174/1048
f 1116/1116/996 1177/1177/1051 1178/1178/980
f 1178/1178/980 1119/1119/998 1116/1116/996
f 1179/1179/1052 1180/1180/1053 1120/1120/999
f 1120/1120/999 1181/1181/1054 1179/1179/1052
f 1182/1182/1055 1183/1183/1056 1184/1184/1057
f 1184/1184/1057 365/365/332 1182/1182/1055
f 1185/1185/1058 1186/1186/1059 1187/1187/1060
f 1187/1187/1060 1188/1188/1061 1185/1185/1058
f 1112/1112/992 1180/1180/1053 1189/1189/1060
f 1189/1189/1060 1190/1190/1062 1112/1112/992
f 1191/1191/1063 1192/1192/1064 1193/1193/1028
f 1193/1193/1028 1194/1194/1065 1191/1191/1063
f 1195/1195/984 1196/1196/987 1197/1197/1066
f 1197/1197/1066 1198/1198/1067 1195/1195/984
f 1199/1199/1068 1200/1200/1069 1170/1170/1044
f 1170/1170/1044 1198/1198/1067 1199/1199/1068
f 1170/1170/1044 1200/1200/1069 1201/1201/1070
f 1201/1201/1070 1202/1202/1071 1170/1170/1044
f 1203/1203/1072 1201/1201/1070 1200/1200/1069
f 1200/1200/1069 1204/1204/1073 1203/1203/1072
f 1205/1205/1074 1206/1206/1075 1207/1207/1076
f 1207/1207/1076 1208/1208/1077 1205/1205/1074
f 1209/1209/1078 1175/1175/1049 1207/1207/1076
f 1207/1207/1076 1210/1210/1079 1209/1209/1078
f 1211/1211/1080 1212/1212/1081 1213/1213/1079
f 1213/1213/1079 1214/1214/1082 1211/1211/1080
f 1215/1215/1083 1216/1216/1065 1146/1146/1023
f 1146/1146/1023 1212/1212/1081 1215/1215/1083
f 1217/1217/1084 1218/1218/1085 1219/1219/1086
f 1219/1219/1086 1220/1220/1087 1217/1217/1084
f 1221/1221/1088 1222/1222/1089 1223/1223/1090
f 1223/1223/1090 1224/1224/1085 1221/1221/1088
f 1225/1225/1091 1226/1226/1092 1227/1227/1093
f 1227/1227/1093 1228/1228/1094 1225/1225/1091
f 1229/1229/1095 1219/1219/1086 1226/1226/1092
f 1226/1226/1092 1230/1230/1096 1229/1229/1095
f 1231/1231/1097 1232/1232/1098 1233/1233/1095
f 1233/1233/1095 1234/1234/1099 1231/1231/1097
f 1235/1235/1100 1236/1236/1101 1237/1237/1102
f 1237/1237/1102 1238/1238/1096 1235/1235/1100
f 1239/1239/1103 1234/1234/1099 1237/1237/1102
f 1237/1237/1102 1240/1240/1104 1239/1239/1103
f 1241/1241/1105 1242/1242/1106 1243/1243/1083
f 1243/1243/1083 1244/1244/1107 1241/1241/1105
f 1245/1245/1108 1191/1191/1063 1242/1242/1106
f 1242/1242/1106 1246/1246/1068 1245/1245/1108
f 1241/1241/1105 1247/1247/1109 1246/1246/1068
f 1246/1246/1068 1242/1242/1106 1241/1241/1105
f 1248/1248/1110 1249/1249/1103 1250/1250/1111
f 1250/1250/1111 1251/1251/1112 1248/1248/1110
f 1252/1252/1113 1253/1253/1114 1254/1254/1115
f 1254/1254/1115 1255/1255/1116 1252/1252/1113
f 1256/1256/1117 1257/1257/1118 1250/1250/1111
f 1250/1250/1111 1254/1254/1115 1256/1256/1117
f 1258/1258/1119 1259/1259/1120 1204/1204/1073
f 1204/1204/1073 1260/1260/1109 1258/1258/1119
f 1261/1261/1121 1262/1262/1122 1221/1221/1088
f 1221/1221/1088 1263/1263/1123 1261/1261/1121
f 1264/1264/1124 1265/1265/1125 1266/1266/1089
f 1266/1266/1089 1267/1267/1126 1264/1264/1124
f 1268/1268/1127 1269/1269/1128 1270/1270/1129
f 1270/1270/1129 1271/1271/1130 1268/1268/1127
f 1272/1272/1100 1225/1225/1091 1270/1270/1129
f 1270/1270/1129 1273/1273/1131 1272/1272/1100
f 1274/1274/1132 1275/1275/1133 1276/1276/1134
f 1276/1276/1134 1277/1277/1094 1274/1274/1132
f 1278/1278/1135 1279/1279/1136 1280/1280/1137
f 1280/1280/1137 1281/1281/1131 1278/1278/1135
f 1282/1282/1138 1236/1236/1101 1280/1280/1137
f 1280/1280/1137 1283/1283/1139 1282/1282/1138
f 1284/1284/1140 1285/1285/1141 1286/1286/1142
f 1286/1286/1142 1287/1287/1139 1284/1284/1140
f 1288/1288/1143 1289/1289/1144 1253/1253/1114
f 1253/1253/1114 1286/1286/1142 1288/1288/1143
f 1254/1254/1115 1253/1253/1114 1289/1289/1144
f 1289/1289/1144 1290/1290/1124 1254/1254/1115
f 1291/1291/1145 1275/1275/1133 1292/1292/1146
f 1292/1292/1146 1293/1293/1143 1291/1291/1145
f 1294/1294/1147 1295/1295/1148 1296/1296/1127
f 1296/1296/1127 1291/1291/1145 1294/1294/1147
f 1297/1297/1149 1298/1298/1150 1299/1299/1151
f 1299/1299/1151 1300/1300/1152 1297/1297/1149
f 1301/1301/1153 1269/1269/1128 1299/1299/1151
f 1299/1299/1151 1302/1302/1154 1301/1301/1153
f 1303/1303/1155 1304/1304/1156 1305/1305/1157
f 1305/1305/1157 1302/1302/1154 1303/1303/1155
f 1306/1306/1157 1307/1307/1158 1279/1279/1136
f 1280/1280/1137 1279/1279/1136 1307/1307/1158
f 1307/1307/1158 1308/1308/1140 1280/1280/1137
f 1309/1309/1159 1310/1310/1160 1311/1311/1149
f 1311/1311/1149 1312/1312/1161 1309/1309/1159
f 1312/1312/1161 1311/1311/1149 1313/1313/1162
f 1314/1314/1163 1315/1315/1164 1316/1316/1165
f 1316/1316/1165 1317/1317/1166 1314/1314/1163
f 1303/1303/1155 1298/1298/1150 1318/1318/1164
f 1318/1318/1164 1319/1319/1167 1303/1303/1155
f 1320/1320/1168 1321/1321/1169 1322/1322/1170
f 1322/1322/1170 1323/1323/1167 1320/1320/1168
f 1324/1324/1171 1325/1325/1156 1322/1322/1170
f 1322/1322/1170 1326/1326/1172 1324/1324/1171
f 1327/1327/1173 1328/1328/1174 1329/1329/1175
f 1329/1329/1175 1330/1330/1176 1327/1327/1173
f 1331/1331/1177 1332/1332/1178 1285/1285/1141
f 1285/1285/1141 1329/1329/1175 1331/1331/1177
f 1286/1286/1142 1285/1285/1141 1332/1332/1178
f 1332/1332/1178 1288/1288/1143 1286/1286/1142
f 1333/1333/1179 1334/1334/1180 1335/1335/1172
f 1335/1335/1172 1336/1336/1181 1333/1333/1179
f 1337/1337/1182 1331/1331/1177 1328/1328/1174
f 1328/1328/1174 1334/1334/1180 1337/1337/1182
f 1338/1338/1183 1313/1313/1162 1294/1294/1147
f 1294/1294/1147 1339/1339/1178 1338/1338/1183
f 1309/1309/1159 1312/1312/1161 1340/1340/1182
f 1340/1340/1182 1341/1341/1184 1309/1309/1159
f 1165/1165/1039 1342/1342/1185 1343/1343/1186
f 1343/1343/1186 1344/1344/1187 1165/1165/1039
f 178/178/170 1345/1345/1188 1346/1346/1186
f 1346/1346/1186 407/407/370 178/178/170
f 1347/1347/1189 1348/1348/384 1349/1349/1190
f 1349/1349/1190 1350/1350/1191 1347/1347/1189
f 1140/1140/1018 1169/1169/1043 1350/1350/1191
f 1347/1347/1189 1350/1350/1191 1169/1169/1043
f 1169/1169/1043 1351/1351/1192 1347/1347/1189
f 1352/1352/1193 1351/1351/1192 1353/1353/1194
f 1353/1353/1194 1354/1354/1195 1352/1352/1193
f 1355/1355/1196 1353/1353/1194 1168/1168/1042
f 1168/1168/1042 1356/1356/1197 1355/1355/1196
f 1166/1166/1040 1167/1167/1041 1356/1356/1197
f 1356/1356/1197 1168/1168/1042 1166/1166/1040
f 1357/1357/1198 1358/1358/1188 1359/1359/1199
f 1359/1359/1199 1360/1360/1005 1357/1357/1198
f 1355/1355/1196 1356/1356/1197 1344/1344/1187
f 1344/1344/1187 1357/1357/1198 1355/1355/1196
f 1121/1121/1000 1361/1361/1200 1362/1362/1201
f 1362/1362/1201 1363/1363/1202 1121/1121/1000
f 1364/1364/1203 1347/1347/1189 1352/1352/1193
f 1352/1352/1193 1362/1362/1201 1364/1364/1203
f 1365/1365/1204 1363/1363/1202 1354/1354/1195
f 1354/1354/1195 1355/1355/1196 1365/1365/1204
f 1366/1366/1205 1367/1367/1206 1368/1368/1207
f 1368/1368/1207 1369/1369/1208 1366/1366/1205
f 1366/1366/1205 1370/1370/1209 420/420/383
f 420/420/383 1367/1367/1206 1366/1366/1205
f 150/150/142 420/420/383 1370/1370/1209
f 1370/1370/1209 151/151/143 150/150/142
f 1366/1366/1205 1371/1371/1210 1372/1372/1211
f 1372/1372/1211 1370/1370/1209 1366/1366/1205
f 1372/1372/1211 1373/1373/1212 149/149/141
f 132/132/124 131/131/123 149/149/141
f 149/149/141 1373/1373/1212 132/132/124
f 1374/1374/1213 1375/1375/1214 1376/1376/1215
f 1376/1376/1215 1377/1377/1216 1374/1374/1213
f 1378/1378/1217 1375/1375/1214 1379/1379/1168
f 1374/1374/1213 1380/1380/1218 1379/1379/1168
f 1379/1379/1168 1375/1375/1214 1374/1374/1213
f 1309/1309/1159 1381/1381/1219 1382/1382/1215
f 1382/1382/1215 1383/1383/1166 1309/1309/1159
f 1384/1384/1220 1385/1385/1221 1380/1380/1218
f 1380/1380/1218 1386/1386/1222 1384/1384/1220
f 1387/1387/1223 1321/1321/1169 1388/1388/1224
f 1388/1388/1224 1389/1389/1225 1387/1387/1223
f 1390/1390/1226 1391/1391/1227 1392/1392/1228
f 1392/1392/1228 1393/1393/1229 1390/1390/1226
f 1337/1337/1182 1333/1333/1179 1394/1394/1227
f 1394/1394/1227 1395/1395/1184 1337/1337/1182
f 1395/1395/1184 1394/1394/1227 1396/1396/1230
f 1397/1397/1231 1381/1381/1219 1398/1398/1232
f 1398/1398/1232 1399/1399/1233 1397/1397/1231
f 1400/1400/1234 1401/1401/1235 1377/1377/1216
f 1377/1377/1216 1402/1402/1236 1400/1400/1234
f 1377/1377/1216 1401/1401/1235 1386/1386/1222
f 1386/1386/1222 1374/1374/1213 1377/1377/1216
f 1400/1400/1234 1403/1403/1237 1386/1386/1222
f 1386/1386/1222 1401/1401/1235 1400/1400/1234
f 1393/1393/1229 1404/1404/1238 1405/1405/1239
f 1405/1405/1239 1406/1406/1240 1393/1393/1229
f 1407/1407/1234 1408/1408/1241 1390/1390/1226
f 1390/1390/1226 1406/1406/1240 1407/1407/1234
f 1409/1409/1242 1410/1410/1243 1081/1081/970
f 1081/1081/970 1411/1411/972 1409/1409/1242
f 1412/1412/1244 1413/1413/1245 1414/1414/1246
f 1414/1414/1246 1415/1415/1247 1412/1412/1244
f 1414/1414/1246 1416/1416/1248 82/82/79
f 83/83/80 82/82/79 1416/1416/1248
f 1416/1416/1248 88/88/85 83/83/80
f 475/475/431 1077/1077/967 1417/1417/1249
f 1418/1418/1250 1417/1417/1249 1077/1077/967
f 1077/1077/967 1419/1419/1251 1418/1418/1250
f 1418/1418/1250 1420/1420/1252 1421/1421/1253
f 1421/1421/1253 1417/1417/1249 1418/1418/1250
f 474/474/430 1421/1421/1253 1422/1422/971
f 1423/1423/1254 1424/1424/1255 1422/1422/971
f 1422/1422/971 1421/1421/1253 1423/1423/1254
f 1425/1425/1256 1426/1426/1257 1427/1427/1258
f 1428/1428/1259 1427/1427/1258 1426/1426/1257
f 1426/1426/1257 1429/1429/1260 1428/1428/1259
f 1430/1430/1261 1431/1431/1262 1432/1432/1263
f 1432/1432/1263 1433/1433/1264 1430/1430/1261
f 1434/1434/1265 1413/1413/1245 1432/1432/1263
f 1432/1432/1263 1435/1435/1266 1434/1434/1265
f 1436/1436/1267 1424/1424/1255 1423/1423/1254
f 1423/1423/1254 1437/1437/1268 1436/1436/1267
f 1438/1438/1269 1439/1439/1270 1423/1423/1254
f 1423/1423/1254 1420/1420/1252 1438/1438/1269
f 1428/1428/1259 1429/1429/1260 1440/1440/1271
f 1440/1440/1271 1441/1441/1272 1428/1428/1259
f 1442/1442/1269 1443/1443/1273 1441/1441/1272
f 1441/1441/1272 1440/1440/1271 1442/1442/1269
f 1434/1434/1265 1444/1444/1274 1445/1445/1010
f 1445/1445/1010 1416/1416/1248 1434/1434/1265
f 1446/1446/1275 1447/1447/1276 1448/1448/1277
f 1448/1448/1277 1449/1449/1278 1446/1446/1275
f 1450/1450/1279 1136/1136/1015 1451/1451/1280
f 1451/1451/1280 1447/1447/1276 1450/1450/1279
f 1452/1452/1281 1453/1453/1282 1361/1361/1200
f 1361/1361/1200 1454/1454/1283 1452/1452/1281
f 1455/1455/1284 1454/1454/1283 1124/1124/1003
f 1124/1124/1003 1135/1135/1014 1455/1455/1284
f 1456/1456/1285 1457/1457/1286 1450/1450/1279
f 1450/1450/1279 1458/1458/1287 1456/1456/1285
f 1456/1456/1285 1459/1459/1288 1455/1455/1284
f 1455/1455/1284 1457/1457/1286 1456/1456/1285
f 1455/1455/1284 1459/1459/1288 1460/1460/1289
f 1461/1461/1290 1462/1462/1291 1463/1463/1292
f 1463/1463/1292 1464/1464/1289 1461/1461/1290
f 1465/1465/1293 1371/1371/1210 1462/1462/1291
f 1462/1462/1291 1466/1466/1294 1465/1465/1293
f 1462/1462/1291 1461/1461/1290 1467/1467/1295
f 1467/1467/1295 1466/1466/1294 1462/1462/1291
f 1468/1468/1296 1469/1469/1297 1466/1466/1294
f 1466/1466/1294 1467/1467/1295 1468/1468/1296
f 1470/1470/1298 1471/1471/1299 1472/1472/1288
f 1472/1472/1288 1473/1473/1300 1470/1470/1298
f 1470/1470/1298 1474/1474/1301 1467/1467/1295
f 1467/1467/1295 1471/1471/1299 1470/1470/1298
f 1467/1467/1295 1474/1474/1301 1468/1468/1296
f 1469/1469/1297 1475/1475/1302 1476/1476/1303
f 1476/1476/1303 1477/1477/1304 1469/1469/1297
f 1478/1478/1305 1479/1479/1306 1475/1475/1302
f 1475/1475/1302 1468/1468/1296 1478/1478/1305
f 135/135/127 1480/1480/1307 1076/1076/966
f 1076/1076/966 1480/1480/1307 1481/1481/1308
f 1482/1482/1309 1483/1483/1310 1474/1474/1301
f 1474/1474/1301 1484/1484/1311 1482/1482/1309
f 1485/1485/1312 1486/1486/1310 1487/1487/1313
f 1487/1487/1313 1486/1486/1310 1488/1488/1314
f 1489/1489/1315 1490/1490/1316 1491/1491/1317
f 1492/1492/1318 1491/1491/1317 1490/1490/1316
f 1490/1490/1316 1493/1493/1319 1492/1492/1318
f 1494/1494/1320 1418/1418/1250 1495/1495/1321
f 1495/1495/1321 1496/1496/1322 1494/1494/1320
f 1487/1487/1313 1495/1495/1321 1481/1481/1308
f 1418/1418/1250 1419/1419/1251 1481/1481/1308
f 1481/1481/1308 1495/1495/1321 1418/1418/1250
f 1497/1497/1323 1498/1498/1324 1428/1428/1259
f 1428/1428/1259 1441/1441/1272 1497/1497/1323
f 1499/1499/1325 1500/1500/1326 1501/1501/1327
f 1501/1501/1327 1502/1502/1328 1499/1499/1325
f 1432/1432/1263 1431/1431/1262 1501/1501/1327
f 1501/1501/1327 1503/1503/1278 1432/1432/1263
f 1500/1500/1326 1504/1504/1329 1503/1503/1278
f 1503/1503/1278 1501/1501/1327 1500/1500/1326
f 1493/1493/1319 1443/1443/1273 1442/1442/1269
f 1442/1442/1269 1492/1492/1318 1493/1493/1319
f 1489/1489/1315 1505/1505/1309 1506/1506/1330
f 1506/1506/1330 1490/1490/1316 1489/1489/1315
f 1507/1507/1331 1506/1506/1330 1505/1505/1309
f 1505/1505/1309 1508/1508/1332 1507/1507/1331
f 1507/1507/1331 1509/1509/1333 1497/1497/1323
f 1497/1497/1323 1506/1506/1330 1507/1507/1331
f 1510/1510/1334 1511/1511/1335 1504/1504/1329
f 1504/1504/1329 1512/1512/1336 1510/1510/1334
f 1458/1458/1287 1446/1446/1275 1513/1513/1337
f 1513/1513/1337 1514/1514/1338 1458/1458/1287
f 1515/1515/1339 1516/1516/1340 1517/1517/1325
f 1517/1517/1325 1509/1509/1333 1515/1515/1339
f 1518/1518/1341 1519/1519/1342 1520/1520/1340
f 1520/1520/1340 1521/1521/1343 1518/1518/1341
f 1504/1504/1329 1500/1500/1326 1519/1519/1342
f 1519/1519/1342 1512/1512/1336 1504/1504/1329
f 1512/1512/1336 1519/1519/1342 1522/1522/1344
f 1523/1523/1345 1524/1524/1346 1525/1525/1347
f 1525/1525/1347 1526/1526/1348 1523/1523/1345
f 1527/1527/1349 1528/1528/1350 1529/1529/1334
f 1529/1529/1334 1524/1524/1346 1527/1527/1349
f 1530/1530/1351 1531/1531/1352 1514/1514/1338
f 1514/1514/1338 1528/1528/1350 1530/1530/1351
f 1459/1459/1288 1456/1456/1285 1531/1531/1352
f 1531/1531/1352 1532/1532/1300 1459/1459/1288
f 1530/1530/1351 1533/1533/1353 1532/1532/1300
f 1532/1532/1300 1531/1531/1352 1530/1530/1351
f 1534/1534/1354 1535/1535/1355 1536/1536/1356
f 1536/1536/1356 1527/1527/1349 1534/1534/1354
f 1537/1537/1357 1538/1538/1358 1530/1530/1351
f 1530/1530/1351 1536/1536/1356 1537/1537/1357
f 1533/1533/1353 1530/1530/1351 1538/1538/1358
f 1538/1538/1358 1539/1539/1359 1533/1533/1353
f 1540/1540/1360 1541/1541/1361 1542/1542/1362
f 1542/1542/1362 1543/1543/1359 1540/1540/1360
f 1544/1544/1363 1484/1484/1311 1470/1470/1298
f 1470/1470/1298 1541/1541/1361 1544/1544/1363
f 1537/1537/1357 1545/1545/1364 1546/1546/1365
f 1546/1546/1365 1538/1538/1358 1537/1537/1357
f 1547/1547/1366 1540/1540/1360 1548/1548/1367
f 1548/1548/1367 1549/1549/1368 1547/1547/1366
f 1547/1547/1366 1550/1550/1369 1551/1551/1332
f 1551/1551/1332 1544/1544/1363 1547/1547/1366
f 1508/1508/1332 1552/1552/1369 1553/1553/1370
f 1553/1553/1370 1507/1507/1331 1508/1508/1332
f 1554/1554/1371 1555/1555/1372 1507/1507/1331
f 1507/1507/1331 1553/1553/1370 1554/1554/1371
f 1554/1554/1371 1553/1553/1370 1556/1556/1373
f 1556/1556/1373 1557/1557/1374 1554/1554/1371
f 1515/1515/1339 1558/1558/1375 1559/1559/1376
f 1559/1559/1376 1560/1560/1343 1515/1515/1339
f 1561/1561/1377 1559/1559/1376 1558/1558/1375
f 1558/1558/1375 1562/1562/1378 1561/1561/1377
f 1563/1563/1379 1564/1564/1380 1565/1565/1381
f 1565/1565/1381 1566/1566/1382 1563/1563/1379
f 1567/1567/1348 1518/1518/1341 1565/1565/1381
f 1565/1565/1381 1568/1568/1383 1567/1567/1348
f 1515/1515/1339 1555/1555/1372 1569/1569/1384
f 1569/1569/1384 1558/1558/1375 1515/1515/1339
f 1570/1570/1385 1571/1571/1386 1569/1569/1384
f 1569/1569/1384 1572/1572/1387 1570/1570/1385
f 1555/1555/1372 1554/1554/1371 1572/1572/1387
f 1572/1572/1387 1569/1569/1384 1555/1555/1372
f 1561/1561/1377 1562/1562/1378 1571/1571/1386
f 1571/1571/1386 1573/1573/1388 1561/1561/1377
f 1574/1574/1389 1575/1575/1390 1573/1573/1388
f 1573/1573/1388 1576/1576/1391 1574/1574/1389
f 1571/1571/1386 1570/1570/1385 1576/1576/1391
f 1576/1576/1391 1573/1573/1388 1571/1571/1386
f 1577/1577/1392 1578/1578/1393 1575/1575/1390
f 1575/1575/1390 1579/1579/1394 1577/1577/1392
f 1580/1580/1395 1581/1581/1396 1561/1561/1377
f 1561/1561/1377 1578/1578/1393 1580/1580/1395
f 1582/1582/1397 1583/1583/1398 1584/1584/1399
f 1584/1584/1399 1585/1585/1400 1582/1582/1397
f 1586/1586/1401 1587/1587/1402 1588/1588/1403
f 1588/1588/1403 1589/1589/1398 1586/1586/1401
f 1590/1590/1404 1591/1591/1405 1592/1592/1403
f 1592/1592/1403 1593/1593/1406 1590/1590/1404
f 1594/1594/1407 1595/1595/1408 1584/1584/1399
f 1584/1584/1399 1591/1591/1405 1594/1594/1407
f 1596/1596/1409 1597/1597/1410 1586/1586/1401
f 1586/1586/1401 1598/1598/1411 1596/1596/1409
f 1599/1599/1412 1600/1600/1413 1597/1597/1410
f 1597/1597/1410 1601/1601/1414 1599/1599/1412
f 1602/1602/1415 1587/1587/1402 1600/1600/1413
f 1600/1600/1413 1603/1603/1416 1602/1602/1415
f 1534/1534/1354 1523/1523/1345 1604/1604/1417
f 1604/1604/1417 1605/1605/1418 1534/1534/1354
f 1606/1606/1419 1607/1607/1420 1608/1608/1421
f 1608/1608/1421 1568/1568/1383 1606/1606/1419
f 1609/1609/1422 1595/1595/1408 1610/1610/1423
f 1610/1610/1423 1611/1611/1424 1609/1609/1422
f 1612/1612/1425 1613/1613/1426 1614/1614/1427
f 1614/1614/1427 1594/1594/1407 1612/1612/1425
f 1615/1615/1428 1616/1616/1429 1617/1617/1430
f 1617/1617/1430 1618/1618/1431 1615/1615/1428
f 1619/1619/1432 1620/1620/1433 1621/1621/1434
f 1621/1621/1434 1605/1605/1418 1619/1619/1432
f 1622/1622/1435 1623/1623/1436 1535/1535/1355
f 1535/1535/1355 1621/1621/1434 1622/1622/1435
f 1536/1536/1356 1535/1535/1355 1623/1623/1436
f 1623/1623/1436 1537/1537/1357 1536/1536/1356
f 1624/1624/1437 1625/1625/1438 1615/1615/1428
f 1615/1615/1428 1626/1626/1439 1624/1624/1437
f 1627/1627/1440 1628/1628/1441 1629/1629/1442
f 1629/1629/1442 1618/1618/1431 1627/1627/1440
f 1629/1629/1442 1630/1630/1443 1626/1626/1439
f 1624/1624/1437 1626/1626/1439 1630/1630/1443
f 1630/1630/1443 1631/1631/1444 1624/1624/1437
f 1632/1632/1445 1633/1633/1446 1634/1634/1447
f 1634/1634/1447 1635/1635/1448 1632/1632/1445
f 1636/1636/1449 1637/1637/1450 1633/1633/1446
f 1633/1633/1446 1638/1638/1451 1636/1636/1449
f 1639/1639/1452 1640/1640/1453 1641/1641/1444
f 1641/1641/1444 1642/1642/1454 1639/1639/1452
f 1629/1629/1442 1643/1643/1455 1644/1644/1456
f 1644/1644/1456 1630/1630/1443 1629/1629/1442
f 1645/1645/1457 1644/1644/1456 1643/1643/1455
f 1643/1643/1455 1646/1646/1458 1645/1645/1457
f 1645/1645/1457 1647/1647/1459 1648/1648/1460
f 1648/1648/1460 1644/1644/1456 1645/1645/1457
f 1649/1649/1461 1650/1650/1462 1651/1651/1463
f 1651/1651/1463 1652/1652/1464 1649/1649/1461
f 1653/1653/1465 1642/1642/1454 1654/1654/1466
f 1654/1654/1466 1655/1655/1467 1653/1653/1465
f 1656/1656/1385 1657/1657/1387 1638/1638/1451
f 1638/1638/1451 1658/1658/1468 1656/1656/1385
f 1659/1659/1469 1660/1660/1470 1653/1653/1465
f 1653/1653/1465 1661/1661/1414 1659/1659/1469
f 1662/1662/1471 1663/1663/1472 1664/1664/1473
f 1664/1664/1473 1665/1665/1474 1662/1662/1471
f 1666/1666/1475 1667/1667/1476 1668/1668/1477
f 1668/1668/1477 1669/1669/1478 1666/1666/1475
f 1670/1670/1479 1671/1671/1480 1599/1599/1412
f 1599/1599/1412 1667/1667/1476 1670/1670/1479
f 1672/1672/1481 1673/1673/1482 1658/1658/1468
f 1658/1658/1468 1674/1674/1483 1672/1672/1481
f 1638/1638/1451 1632/1632/1445 1674/1674/1483
f 1674/1674/1483 1658/1658/1468 1638/1638/1451
f 1675/1675/1389 1676/1676/1391 1673/1673/1482
f 1673/1673/1482 1677/1677/1484 1675/1675/1389
f 1678/1678/1485 1679/1679/1486 1622/1622/1435
f 1622/1622/1435 1620/1620/1433 1678/1678/1485
f 1672/1672/1481 1674/1674/1483 1680/1680/1486
f 1680/1680/1486 1681/1681/1487 1672/1672/1481
f 1682/1682/1488 1683/1683/1489 1606/1606/1419
f 1606/1606/1419 1564/1564/1380 1682/1682/1488
f 1684/1684/1490 1685/1685/1491 1686/1686/1492
f 1686/1686/1492 1683/1683/1489 1684/1684/1490
f 1687/1687/1493 1688/1688/1494 1689/1689/1495
f 1604/1604/1417 1689/1689/1495 1688/1688/1494
f 1688/1688/1494 1619/1619/1432 1604/1604/1417
f 1690/1690/1496 1691/1691/1497 1682/1682/1488
f 1682/1682/1488 1692/1692/1395 1690/1690/1496
f 1693/1693/1498 1678/1678/1485 1688/1688/1494
f 1688/1688/1494 1694/1694/1499 1693/1693/1498
f 1687/1687/1493 1695/1695/1500 1694/1694/1499
f 1694/1694/1499 1688/1688/1494 1687/1687/1493
f 1693/1693/1498 1694/1694/1499 1624/1624/1437
f 1624/1624/1437 1696/1696/1501 1693/1693/1498
f 1697/1697/1502 1625/1625/1438 1695/1695/1500
f 1695/1695/1500 1698/1698/1491 1697/1697/1502
f 1585/1585/1400 1609/1609/1422 1684/1684/1490
f 1684/1684/1490 1691/1691/1497 1585/1585/1400
f 1586/1586/1401 1699/1699/1397 1700/1700/1503
f 1700/1700/1503 1598/1598/1411 1586/1586/1401
f 1598/1598/1411 1700/1700/1503 1577/1577/1392
f 1574/1574/1389 1701/1701/1469 1596/1596/1409
f 1596/1596/1409 1579/1579/1394 1574/1574/1389
f 1672/1672/1481 1639/1639/1452 1660/1660/1470
f 1660/1660/1470 1677/1677/1484 1672/1672/1481
f 1702/1702/1504 1612/1612/1425 1590/1590/1404
f 1590/1590/1404 1703/1703/1505 1702/1702/1504
f 1704/1704/1506 1705/1705/1507 1706/1706/1508
f 1706/1706/1508 1602/1602/1415 1704/1704/1506
f 1707/1707/1509 1708/1708/1510 1703/1703/1505
f 1703/1703/1505 1709/1709/1507 1707/1707/1509
f 1710/1710/1511 1711/1711/1512 1603/1603/1416
f 1603/1603/1416 1671/1671/1480 1710/1710/1511
f 1712/1712/1513 1713/1713/1514 1704/1704/1506
f 1704/1704/1506 1711/1711/1512 1712/1712/1513
f 1714/1714/1515 1715/1715/1516 1716/1716/1517
f 1716/1716/1517 1717/1717/1518 1714/1714/1515
f 1718/1718/1519 1719/1719/1520 1720/1720/1521
f 1720/1720/1521 1721/1721/1522 1718/1718/1519
f 1722/1722/1523 1723/1723/1524 1724/1724/1525
f 1724/1724/1525 1719/1719/1520 1722/1722/1523
f 1725/1725/1526 1726/1726/1527 1727/1727/1528
f 1727/1727/1528 1728/1728/1522 1725/1725/1526
f 1729/1729/1529 1718/1718/1519 1730/1730/1530
f 1730/1730/1530 1731/1731/1531 1729/1729/1529
f 1732/1732/1532 1733/1733/1533 1734/1734/1426
f 1734/1734/1426 1735/1735/1534 1732/1732/1532
f 1617/1617/1430 1734/1734/1426 1733/1733/1533
f 1733/1733/1533 1627/1627/1440 1617/1617/1430
f 1736/1736/1535 1737/1737/1534 1702/1702/1504
f 1702/1702/1504 1738/1738/1536 1736/1736/1535
f 1739/1739/1537 1740/1740/1538 1741/1741/1539
f 1741/1741/1539 1742/1742/1540 1739/1739/1537
f 1743/1743/1541 1744/1744/1542 1745/1745/1540
f 1745/1745/1540 1722/1722/1523 1743/1743/1541
f 1643/1643/1455 1628/1628/1441 1746/1746/1543
f 1746/1746/1543 1747/1747/1544 1643/1643/1455
f 1733/1733/1533 1732/1732/1532 1746/1746/1543
f 1747/1747/1544 1746/1746/1543 1732/1732/1532
f 1732/1732/1532 1748/1748/1545 1747/1747/1544
f 1749/1749/1546 1750/1750/1542 1751/1751/1547
f 1751/1751/1547 1752/1752/1548 1749/1749/1546
f 1753/1753/1549 1754/1754/1550 1743/1743/1541
f 1743/1743/1541 1755/1755/1551 1753/1753/1549
f 1756/1756/1552 1645/1645/1457 1646/1646/1458
f 1646/1646/1458 1757/1757/1553 1756/1756/1552
f 1758/1758/1554 1759/1759/1555 1757/1757/1553
f 1757/1757/1553 1747/1747/1544 1758/1758/1554
f 1760/1760/1556 1761/1761/1557 1762/1762/1558
f 1762/1762/1558 1763/1763/1559 1760/1760/1556
f 1764/1764/1560 1765/1765/1561 1755/1755/1551
f 1755/1755/1551 1729/1729/1529 1764/1764/1560
f 1766/1766/1562 1767/1767/1563 1768/1768/1564
f 1768/1768/1564 1765/1765/1561 1766/1766/1562
f 1769/1769/1565 1770/1770/1566 1670/1670/1479
f 1670/1670/1479 1666/1666/1475 1769/1769/1565
f 1769/1769/1565 1771/1771/1567 1772/1772/1568
f 1772/1772/1568 1770/1770/1566 1769/1769/1565
f 1773/1773/1569 1772/1772/1568 1771/1771/1567
f 1771/1771/1567 1774/1774/1570 1773/1773/1569
f 1773/1773/1569 1775/1775/1571 1710/1710/1511
f 1710/1710/1511 1772/1772/1568 1773/1773/1569
f 1776/1776/1572 1777/1777/1573 1778/1778/1574
f 1778/1778/1574 1779/1779/1531 1776/1776/1572
f 1780/1780/1575 1781/1781/1576 1764/1764/1560
f 1764/1764/1560 1782/1782/1574 1780/1780/1575
f 1783/1783/1577 1784/1784/1578 1785/1785/1579
f 1785/1785/1579 1786/1786/1471 1783/1783/1577
f 1787/1787/1580 1771/1771/1567 1769/1769/1565
f 1769/1769/1565 1788/1788/1581 1787/1787/1580
f 1789/1789/1582 1790/1790/1583 1791/1791/1584
f 1791/1791/1584 1756/1756/1552 1789/1789/1582
f 1792/1792/1585 1793/1793/1586 1647/1647/1459
f 1647/1647/1459 1791/1791/1584 1792/1792/1585
f 1794/1794/1587 1795/1795/1588 1796/1796/1589
f 1796/1796/1589 1797/1797/1590 1794/1794/1587
f 1798/1798/1591 1799/1799/1592 1800/1800/1593
f 1800/1800/1593 1801/1801/1594 1798/1798/1591
f 1802/1802/1595 1803/1803/1596 1774/1774/1570
f 1774/1774/1570 1799/1799/1592 1802/1802/1595
f 1804/1804/1597 1805/1805/1598 1794/1794/1587
f 1794/1794/1587 1783/1783/1577 1804/1804/1597
f 1806/1806/1599 1807/1807/1600 1808/1808/1601
f 1808/1808/1601 1805/1805/1598 1806/1806/1599
f 1809/1809/1602 1795/1795/1588 1808/1808/1601
f 1808/1808/1601 1810/1810/1603 1809/1809/1602
f 1811/1811/1604 1812/1812/1605 1813/1813/1606
f 1813/1813/1606 1814/1814/1575 1811/1811/1604
f 1815/1815/1607 1816/1816/1608 1817/1817/1606
f 1817/1817/1606 1818/1818/1609 1815/1815/1607
f 1766/1766/1562 1781/1781/1576 1816/1816/1608
f 1816/1816/1608 1819/1819/1610 1766/1766/1562
f 1820/1820/1611 1812/1812/1605 1802/1802/1595
f 1802/1802/1595 1798/1798/1591 1820/1820/1611
f 1811/1811/1604 1777/1777/1573 1803/1803/1596
f 1774/1774/1570 1803/1803/1596 1777/1777/1573
f 1777/1777/1573 1773/1773/1569 1774/1774/1570
f 1821/1821/1612 1822/1822/1613 1823/1823/1614
f 1823/1823/1614 1824/1824/1615 1821/1821/1612
f 1825/1825/1616 1826/1826/1563 1823/1823/1614
f 1823/1823/1614 1827/1827/1617 1825/1825/1616
f 1759/1759/1555 1763/1763/1559 1825/1825/1616
f 1825/1825/1616 1789/1789/1582 1759/1759/1555
f 1828/1828/1618 1829/1829/1619 1827/1827/1617
f 1827/1827/1617 1830/1830/1620 1828/1828/1618
f 1831/1831/1621 1832/1832/1622 1790/1790/1583
f 1790/1790/1583 1829/1829/1619 1831/1831/1621
f 1791/1791/1584 1790/1790/1583 1832/1832/1622
f 1832/1832/1622 1833/1833/1623 1791/1791/1584
f 1809/1809/1602 1834/1834/1624 1835/1835/1625
f 1835/1835/1625 1836/1836/1626 1809/1809/1602
f 1837/1837/1627 1838/1838/1628 1839/1839/1629
f 1839/1839/1629 1840/1840/1630 1837/1837/1627
f 1841/1841/1631 1842/1842/1632 1820/1820/1611
f 1820/1820/1611 1843/1843/1633 1841/1841/1631
f 1844/1844/1634 1845/1845/1635 1846/1846/1636
f 1846/1846/1636 1847/1847/1637 1844/1844/1634
f 1848/1848/1638 1849/1849/1639 1830/1830/1620
f 1830/1830/1620 1822/1822/1613 1848/1848/1638
f 1850/1850/1640 1851/1851/1641 1852/1852/1642
f 1852/1852/1642 1849/1849/1639 1850/1850/1640
f 1853/1853/1643 1815/1815/1607 1854/1854/1631
f 1854/1854/1631 1855/1855/1644 1853/1853/1643
f 1856/1856/1645 1857/1857/1646 1858/1858/1612
f 1858/1858/1612 1859/1859/1647 1856/1856/1645
f 1844/1844/1634 1860/1860/1648 1861/1861/1649
f 1861/1861/1649 1862/1862/1650 1844/1844/1634
f 1863/1863/1651 1864/1864/1652 1865/1865/1640
f 1865/1865/1640 1866/1866/1645 1863/1863/1651
f 1867/1867/1653 1868/1868/1654 1869/1869/1649
f 1869/1869/1649 1864/1864/1652 1867/1867/1653
f 1870/1870/1655 1871/1871/1656 1863/1863/1651
f 1863/1863/1651 1872/1872/1647 1870/1870/1655
f 1834/1834/1624 1873/1873/1657 1874/1874/1654
f 1874/1874/1654 1875/1875/1658 1834/1834/1624
f 1871/1871/1656 1876/1876/1659 1837/1837/1627
f 1837/1837/1627 1867/1867/1653 1871/1871/1656
f 1873/1873/1657 1810/1810/1603 1877/1877/1660
f 1877/1877/1660 1862/1862/1650 1873/1873/1657
f 1807/1807/1600 1878/1878/1661 1845/1845/1635
f 1845/1845/1635 1877/1877/1660 1807/1807/1600
f 1748/1748/1545 1752/1752/1548 1760/1760/1556
f 1760/1760/1556 1758/1758/1554 1748/1748/1545
f 1879/1879/1662 1880/1880/1537 1749/1749/1546
f 1749/1749/1546 1732/1732/1532 1879/1879/1662
f 1717/1717/1518 1740/1740/1538 1738/1738/1536
f 1738/1738/1536 1708/1708/1510 1717/1717/1518
f 1725/1725/1526 1881/1881/1515 1882/1882/1663
f 1882/1882/1663 1713/1713/1514 1725/1725/1526
f 1776/1776/1572 1726/1726/1527 1712/1712/1513
f 1712/1712/1513 1775/1775/1571 1776/1776/1572
f 1883/1883/1585 1884/1884/1664 1806/1806/1599
f 1806/1806/1599 1885/1885/1665 1883/1883/1585
f 1650/1650/1462 1885/1885/1665 1804/1804/1597
f 1804/1804/1597 1886/1886/1666 1650/1650/1462
f 1887/1887/1667 1888/1888/1668 1889/1889/1669
f 1889/1889/1669 1890/1890/1670 1887/1887/1667
f 366/366/333 1891/1891/1671 1182/1182/1055
f 1183/1183/1056 1182/1182/1055 1891/1891/1671
f 1891/1891/1671 1892/1892/1672 1183/1183/1056
f 972/972/864 975/975/867 1893/1893/1673
f 1893/1893/1673 1894/1894/1674 972/972/864
f 1895/1895/1675 1896/1896/1676 976/976/868
f 976/976/868 1048/1048/940 1895/1895/1675
f 1897/1897/1677 1898/1898/1678 1893/1893/1673
f 1893/1893/1673 1896/1896/1676 1897/1897/1677
f 1899/1899/1679 1052/1052/944 994/994/886
f 994/994/886 1900/1900/1680 1899/1899/1679
f 1901/1901/1681 1902/1902/1682 1903/1903/885
f 1903/1903/885 1904/1904/1683 1901/1901/1681
f 1905/1905/1684 1053/1053/945 1906/1906/1685
f 1906/1906/1685 1907/1907/1686 1905/1905/1684
f 1908/1908/1687 1909/1909/1688 1016/1016/908
f 1016/1016/908 1056/1056/948 1908/1908/1687
f 1910/1910/1689 1055/1055/947 1030/1030/922
f 1030/1030/922 1911/1911/1690 1910/1910/1689
f 1186/1186/1059 1912/1912/1691 1913/1913/1692
f 1913/1913/1692 1887/1887/1667 1186/1186/1059
f 1051/1051/943 1914/1914/1693 1895/1895/1675
f 1895/1895/1675 1047/1047/939 1051/1051/943
f 1185/1185/1058 1915/1915/1672 1898/1898/1678
f 1898/1898/1678 1915/1915/1672 1916/1916/1694
f 1917/1917/960 1894/1894/1674 1916/1916/1694
f 1916/1916/1694 1918/1918/953 1917/1917/960
f 132/132/124 1373/1373/1212 1465/1465/1293
f 1465/1465/1293 1477/1477/1304 132/132/124
f 1919/1919/1084 1203/1203/1072 1259/1259/1120
f 1259/1259/1120 1263/1263/1123 1919/1919/1084
f 1247/1247/1109 1241/1241/1105 1920/1920/1121
f 1920/1920/1121 1921/1921/1119 1247/1247/1109
f 1920/1920/1121 1241/1241/1105 1251/1251/1112
f 1922/1922/1110 1923/1923/1107 1231/1231/1097
f 1215/1215/1083 1211/1211/1080 1231/1231/1097
f 1231/1231/1097 1923/1923/1107 1215/1215/1083
f 1220/1220/1087 1924/1924/1695 1925/1925/1082
f 1925/1925/1082 1206/1206/1075 1220/1220/1087
f 104/104/101 103/103/100 160/160/152
f 160/160/152 391/391/91 104/104/101
f 10/10/10 9/9/9 30/30/29
f 30/30/29 12/12/12 10/10/10
f 33/33/31 7/7/7 6/6/6
f 57/57/55 50/50/48 45/45/43
f 45/45/43 44/44/42 57/57/55
f 121/121/117 117/117/113 114/114/111
f 114/114/111 113/113/110 121/121/117
f 451/451/408 454/454/411 1926/1926/1696
f 99/99/96 98/98/95 102/102/99
f 15/15/15 18/18/18 101/101/98
f 189/189/181 109/109/106 112/112/109
f 112/112/109 225/225/214 189/189/181
f 233/233/206 105/105/102 108/108/105
f 108/108/105 119/119/115 233/233/206
f 218/218/203 261/261/244 215/215/205
f 193/193/184 221/221/210 190/190/182
f 244/244/230 243/243/229 242/242/228
f 242/242/228 296/296/274 244/244/230
f 260/260/243 257/257/241 256/256/240
f 256/256/240 302/302/257 260/260/243
f 272/272/254 310/310/264 273/273/255
f 293/293/271 292/292/270 250/250/235
f 250/250/235 249/249/234 293/293/271
f 291/291/269 290/290/268 297/297/275
f 297/297/275 317/317/276 291/291/269
f 303/303/280 325/325/298 300/300/278
f 315/315/266 311/311/287 295/295/273
f 295/295/273 294/294/272 315/315/266
f 46/46/44 118/118/114 47/47/45
f 379/379/345 120/120/116 122/122/118
f 122/122/118 128/128/121 379/379/345
f 533/533/484 534/534/485 542/542/493
f 90/90/87 73/73/70 74/74/71
f 182/182/174 181/181/173 376/376/342
f 376/376/342 183/183/175 182/182/174
f 398/398/362 400/400/364 399/399/363
f 397/397/361 396/396/360 392/392/357
f 388/388/354 387/387/353 418/418/381
f 418/418/381 390/390/356 388/388/354
f 143/143/135 142/142/134 146/146/138
f 80/80/77 79/79/76 1927/1927/1697
f 374/374/341 373/373/340 402/402/366
f 402/402/366 405/405/344 374/374/341
f 123/123/119 185/185/177 375/375/122
f 1928/1928/315 331/331/303 334/334/306
f 334/334/306 1929/1929/1698 1928/1928/315
f 346/346/316 342/342/313 341/341/312
f 341/341/312 438/438/398 346/346/316
f 354/354/324 353/353/323 355/355/325
f 335/335/307 338/338/309 429/429/304
f 425/425/388 434/434/394 436/436/396
f 1930/1930/414 440/440/397 439/439/399
f 439/439/399 1931/1931/1699 1930/1930/414
f 459/459/415 441/441/400 444/444/402
f 444/444/402 1932/1932/1700 459/459/415
f 1933/1933/1701 448/448/405 431/431/392
f 431/431/392 430/430/390 1933/1933/1701
f 1934/1934/450 1935/1935/453 466/466/422
f 466/466/422 1935/1935/453 467/467/423
f 488/488/443 468/468/424 464/464/420
f 464/464/420 465/465/421 488/488/443
f 66/66/64 65/65/63 64/64/62
f 64/64/62 513/513/467 66/66/64
f 524/524/477 520/520/473 518/518/472
f 518/518/472 517/517/471 524/524/477
f 545/545/496 546/546/497 549/549/500
f 549/549/500 546/546/497 550/550/501
f 61/61/59 60/60/58 63/63/61
f 489/489/444 566/566/469 490/490/445
f 525/525/478 514/514/468 512/512/466
f 512/512/466 511/511/465 525/525/478
f 535/535/486 537/537/488 554/554/505
f 630/630/540 587/587/533 585/585/531
f 585/585/531 586/586/532 630/630/540
f 605/605/549 594/594/539 591/591/537
f 591/591/537 590/590/536 605/605/549
f 702/702/559 614/614/557 613/613/556
f 613/613/556 699/699/633 702/702/559
f 701/701/635 700/700/634 703/703/636
f 635/635/574 632/632/572 631/631/571
f 631/631/571 673/673/609 635/635/574
f 628/628/569 626/626/567 646/646/573
f 752/752/679 751/751/678 765/765/689
f 760/760/686 749/749/676 750/750/677
f 750/750/677 755/755/681 760/760/686
f 647/647/585 645/645/584 644/644/583
f 644/644/583 766/766/690 647/647/585
f 641/641/580 643/643/582 648/648/586
f 739/739/669 741/741/671 743/743/672
f 746/746/674 761/761/675 745/745/673
f 796/796/717 789/789/710 786/786/708
f 796/796/717 786/786/708 785/785/707
f 796/796/717 785/785/707 810/810/728
f 810/810/728 821/821/738 796/796/717
f 948/948/841 779/779/701 774/774/697
f 774/774/697 776/776/698 948/948/841
f 773/773/696 770/770/693 769/769/692
f 769/769/692 804/804/723 773/773/696
f 800/800/720 799/799/719 946/946/840
f 815/815/732 813/813/730 825/825/742
f 939/939/837 934/934/834 931/931/832
f 931/931/832 930/930/831 939/939/837
f 840/840/755 780/780/702 778/778/700
f 778/778/700 777/777/699 840/840/755
f 868/868/764 867/867/780 852/852/766
f 852/852/766 855/855/768 868/868/764
f 849/849/763 835/835/750 832/832/748
f 832/832/748 831/831/747 849/849/763
f 940/940/815 903/903/811 902/902/810
f 862/862/775 861/861/774 864/864/777
f 884/884/794 883/883/793 882/882/792
f 884/884/794 882/882/792 925/925/797
f 884/884/794 925/925/797 924/924/827
f 924/924/827 920/920/824 884/884/794
f 891/891/800 890/890/799 893/893/802
f 893/893/802 899/899/807 891/891/800
f 919/919/823 916/916/820 915/915/819
f 915/915/819 1936/1936/826 919/919/823
f 943/943/825 907/907/814 910/910/813
f 910/910/813 1937/1937/812 943/943/825
f 901/901/809 873/873/784 870/870/781
f 870/870/781 869/869/779 901/901/809
f 894/894/749 829/829/746 828/828/745
f 828/828/745 892/892/801 894/894/749
f 830/830/737 818/818/735 817/817/734
f 817/817/734 827/827/744 830/830/737
f 819/819/736 1938/1938/1702 947/947/724
f 947/947/724 816/816/733 819/819/736
f 783/783/705 782/782/704 809/809/727
f 809/809/727 808/808/726 783/783/705
f 793/793/714 792/792/713 949/949/842
f 949/949/842 1939/1939/712 793/793/714
f 844/844/718 843/843/758 795/795/716
f 795/795/716 794/794/715 844/844/718
f 879/879/761 878/878/789 846/846/760
f 846/846/760 845/845/759 879/879/761
f 906/906/795 887/887/796 881/881/791
f 881/881/791 880/880/790 906/906/795
f 731/731/661 669/669/605 668/668/604
f 668/668/604 667/667/603 731/731/661
f 775/775/595 666/666/602 662/662/598
f 662/662/598 661/661/596 775/775/595
f 683/683/618 656/656/594 654/654/592
f 654/654/592 653/653/591 683/683/618
f 680/680/615 697/697/631 681/681/616
f 694/694/628 721/721/653 698/698/632
f 912/912/818 911/911/817 929/929/830
f 896/896/804 895/895/803 900/900/808
f 716/716/648 715/715/647 1940/1940/1703
f 1940/1940/1703 953/953/846 716/716/648
f 719/719/651 858/858/771 720/720/652
f 872/872/783 876/876/787 951/951/844
f 951/951/844 871/871/782 872/872/783
f 874/874/785 944/944/839 877/877/788
f 877/877/788 875/875/786 874/874/785
f 928/928/829 942/942/838 941/941/833
f 856/856/769 898/898/806 857/857/770
f 824/824/741 823/823/740 859/859/772
f 859/859/772 826/826/743 824/824/741
f 1941/1941/662 735/735/665 738/738/668
f 730/730/660 729/729/659 734/734/664
f 682/682/617 764/764/612 693/693/627
f 693/693/627 679/679/614 682/682/617
f 655/655/593 651/651/589 650/650/588
f 650/650/588 676/676/611 655/655/593
f 659/659/597 767/767/587 660/660/590
f 665/665/601 670/670/606 768/768/691
f 768/768/691 663/663/599 665/665/601
f 707/707/639 706/706/638 728/728/658
f 728/728/658 710/710/642 707/707/639
f 763/763/688 696/696/630 691/691/625
f 164/164/156 5/5/5 2/2/2
f 2/2/2 1/1/1 164/164/156
f 200/200/191 41/41/39 35/35/33
f 49/49/47 48/48/46 55/55/53
f 55/55/53 172/172/164 49/49/47
f 968/968/860 980/980/872 970/970/862
f 970/970/862 969/969/861 968/968/860
f 1042/1042/934 1041/1041/933 1038/1038/930
f 1038/1038/930 1037/1037/929 1042/1042/934
f 1043/1043/935 1000/1000/892 992/992/884
f 992/992/884 991/991/883 1043/1043/935
f 1019/1019/911 1018/1018/910 1012/1012/904
f 1012/1012/904 1011/1011/903 1019/1019/911
f 1003/1003/895 1022/1022/914 1006/1006/898
f 1006/1006/898 1004/1004/896 1003/1003/895
f 1027/1027/919 1034/1034/926 1044/1044/936
f 1044/1044/936 1028/1028/920 1027/1027/919
f 1067/1067/957 1062/1062/952 1061/1061/950
f 1061/1061/950 1069/1069/959 1067/1067/957
f 961/961/853 1046/1046/938 966/966/858
f 966/966/858 962/962/854 961/961/853
f 960/960/852 971/971/863 978/978/870
f 170/170/162 169/169/161 1029/1029/921
f 1029/1029/921 173/173/165 170/170/162
f 958/958/850 372/372/339 369/369/336
f 369/369/336 370/370/337 958/958/850
f 210/210/200 209/209/197 955/955/848
f 955/955/848 954/954/847 210/210/200
f 1942/1942/1704 959/959/851 204/204/195
f 198/198/189 4/4/4 3/3/3
f 3/3/3 199/199/190 198/198/189
f 1943/1943/1705 967/967/859 965/965/857
f 965/965/857 1944/1944/1706 1943/1943/1705
f 1945/1945/1707 1946/1946/1708 1947/1947/1709
f 1944/1944/1706 964/964/856 1947/1947/1709
f 1947/1947/1709 1946/1946/1708 1944/1944/1706
f 965/965/857 964/964/856 1944/1944/1706
f 990/990/882 997/997/889 983/983/875
f 983/983/875 982/982/874 990/990/882
f 78/78/75 77/77/74 1948/1948/371
f 1948/1948/371 1949/1949/1710 78/78/75
f 410/410/373 409/409/372 412/412/375
f 412/412/375 519/519/377 410/410/373
f 140/140/132 1950/1950/491 1951/1951/1711
f 1951/1951/1711 141/141/133 140/140/132
f 135/135/127 543/543/494 139/139/131
f 139/139/131 136/136/128 135/135/127
f 463/463/419 470/470/426 1952/1952/965
f 1952/1952/965 460/460/416 463/463/419
f 473/473/429 476/476/432 479/479/435
f 479/479/435 1071/1071/961 473/473/429
f 502/502/456 501/501/455 486/486/441
f 486/486/441 501/501/455 487/487/442
f 462/462/418 461/461/417 1953/1953/1712
f 1073/1073/963 1072/1072/962 1954/1954/1713
f 1954/1954/1713 1072/1072/962 1955/1955/1714
f 423/423/386 526/526/479 424/424/387
f 424/424/387 422/422/385 423/423/386
f 232/232/219 231/231/218 234/234/220
f 230/230/217 227/227/216 226/226/215
f 226/226/215 1092/1092/221 230/230/217
f 224/224/213 223/223/212 280/280/261
f 270/270/253 269/269/252 1089/1089/976
f 1089/1089/976 274/274/256 270/270/253
f 255/255/239 252/252/237 251/251/236
f 251/251/236 1090/1090/251 255/255/239
f 239/239/225 238/238/224 1093/1093/238
f 1093/1093/238 241/241/227 239/239/225
f 248/248/226 247/247/233 282/282/263
f 282/282/263 1087/1087/975 248/248/226
f 348/348/318 347/347/317 352/352/322
f 343/343/314 323/323/296 324/324/297
f 324/324/297 340/340/311 343/343/314
f 322/322/295 319/319/293 318/318/292
f 318/318/292 326/326/299 322/322/295
f 339/339/310 314/314/290 316/316/291
f 316/316/291 337/337/294 339/339/310
f 612/612/555 609/609/553 608/608/552
f 608/608/552 607/607/551 612/612/555
f 593/593/538 592/592/526 578/578/525
f 578/578/525 577/577/524 593/593/538
f 1956/1956/1715 556/556/503 575/575/504
f 565/565/514 583/583/518 574/574/522
f 574/574/522 564/564/513 565/565/514
f 625/625/566 582/582/529 584/584/530
f 687/687/621 686/686/620 690/690/624
f 671/671/607 689/689/623 672/672/608
f 157/157/149 386/386/352 159/159/151
f 159/159/151 158/158/150 157/157/149
f 25/25/24 156/156/148 29/29/28
f 29/29/28 26/26/25 25/25/24
f 32/32/26 31/31/30 161/161/153
f 51/51/49 54/54/52 58/58/56
f 58/58/56 174/174/166 51/51/49
f 176/176/168 175/175/167 177/177/169
f 177/177/169 380/380/346 176/176/168
f 1145/1145/1022 1169/1169/1043 1140/1140/1018
f 1140/1140/1018 1139/1139/1017 1145/1145/1022
f 1403/1403/1237 1400/1400/1234 1957/1957/1716
f 1142/1142/1020 1141/1141/1019 1144/1144/1021
f 1143/1143/990 1102/1102/985 1101/1101/984
f 1155/1155/1032 1154/1154/1031 1175/1175/1049
f 1175/1175/1049 1209/1209/1078 1155/1155/1032
f 1216/1216/1065 1151/1151/1028 1147/1147/1024
f 1147/1147/1024 1146/1146/1023 1216/1216/1065
f 1192/1192/1064 1191/1191/1063 1245/1245/1108
f 1170/1170/1044 1202/1202/1071 1171/1171/1045
f 1230/1230/1096 1226/1226/1092 1225/1225/1091
f 1225/1225/1091 1272/1272/1100 1230/1230/1096
f 1240/1240/1104 1237/1237/1102 1236/1236/1101
f 1236/1236/1101 1282/1282/1138 1240/1240/1104
f 1254/1254/1115 1290/1290/1124 1256/1256/1117
f 1277/1277/1094 1223/1223/1090 1222/1222/1089
f 1222/1222/1089 1274/1274/1132 1277/1277/1094
f 1273/1273/1131 1270/1270/1129 1269/1269/1128
f 1269/1269/1128 1301/1301/1153 1273/1273/1131
f 1280/1280/1137 1308/1308/1140 1283/1283/1139
f 1296/1296/1127 1276/1276/1134 1275/1275/1133
f 1275/1275/1133 1291/1291/1145 1296/1296/1127
f 1114/1114/994 1113/1113/993 1150/1150/1027
f 382/382/348 381/381/347 383/383/349
f 383/383/349 406/406/369 382/382/348
f 1469/1469/1297 1468/1468/1296 1475/1475/1302
f 91/91/88 86/86/83 85/85/82
f 407/407/370 180/180/172 179/179/171
f 179/179/171 178/178/170 407/407/370
f 1354/1354/1195 1353/1353/1194 1355/1355/1196
f 1347/1347/1189 1351/1351/1192 1352/1352/1193
f 421/421/384 389/389/355 385/385/351
f 385/385/351 384/384/350 421/421/384
f 134/134/126 147/147/139 131/131/123
f 1126/1126/1005 1958/1958/1717 1127/1127/1006
f 1357/1357/1198 1344/1344/1187 1343/1343/1186
f 1343/1343/1186 1358/1358/1188 1357/1357/1198
f 1165/1165/1039 1160/1160/1036 1342/1342/1185
f 1959/1959/1168 1960/1960/1718 1315/1315/1164
f 1315/1315/1164 1314/1314/1163 1959/1959/1168
f 1326/1326/1172 1322/1322/1170 1321/1321/1169
f 1321/1321/1169 1387/1387/1223 1326/1326/1172
f 1334/1334/1180 1333/1333/1179 1337/1337/1182
f 1310/1310/1160 1309/1309/1159 1383/1383/1166
f 1380/1380/1218 1374/1374/1213 1386/1386/1222
f 1389/1389/1225 1388/1388/1224 1961/1961/1220
f 1961/1961/1220 1962/1962/1229 1389/1389/1225
f 1408/1408/1241 1963/1963/1719 1391/1391/1227
f 1391/1391/1227 1390/1390/1226 1408/1408/1241
f 1964/1964/1720 1382/1382/1215 1381/1381/1219
f 1381/1381/1219 1397/1397/1231 1964/1964/1720
f 1965/1965/1721 1412/1412/1244 1966/1966/1267
f 1966/1966/1267 1412/1412/1244 1415/1415/1247
f 1434/1434/1265 1416/1416/1248 1414/1414/1246
f 1414/1414/1246 1413/1413/1245 1434/1434/1265
f 1136/1136/1015 1132/1132/1011 1131/1131/1010
f 1131/1131/1010 1451/1451/1280 1136/1136/1015
f 1460/1460/1289 1452/1452/1281 1454/1454/1283
f 1454/1454/1283 1455/1455/1284 1460/1460/1289
f 1480/1480/1307 1485/1485/1312 1481/1481/1308
f 1481/1481/1308 1485/1485/1312 1487/1487/1313
f 1123/1123/1002 1135/1135/1014 1124/1124/1003
f 1432/1432/1263 1503/1503/1278 1435/1435/1266
f 1458/1458/1287 1450/1450/1279 1447/1447/1276
f 1447/1447/1276 1446/1446/1275 1458/1458/1287
f 1474/1474/1301 1470/1470/1298 1484/1484/1311
f 1567/1567/1348 1522/1522/1344 1519/1519/1342
f 1519/1519/1342 1518/1518/1341 1567/1567/1348
f 1524/1524/1346 1523/1523/1345 1534/1534/1354
f 1534/1534/1354 1527/1527/1349 1524/1524/1346
f 1549/1549/1368 1548/1548/1367 1637/1637/1450
f 1637/1637/1450 1636/1636/1449 1549/1549/1368
f 1633/1633/1446 1632/1632/1445 1638/1638/1451
f 1568/1568/1383 1565/1565/1381 1564/1564/1380
f 1564/1564/1380 1606/1606/1419 1568/1568/1383
f 1559/1559/1376 1561/1561/1377 1581/1581/1396
f 1698/1698/1491 1695/1695/1500 1687/1687/1493
f 1683/1683/1489 1682/1682/1488 1691/1691/1497
f 1691/1691/1497 1684/1684/1490 1683/1683/1489
f 1580/1580/1395 1578/1578/1393 1577/1577/1392
f 1577/1577/1392 1700/1700/1503 1580/1580/1395
f 1575/1575/1390 1574/1574/1389 1579/1579/1394
f 1673/1673/1482 1672/1672/1481 1677/1677/1484
f 1678/1678/1485 1693/1693/1498 1679/1679/1486
f 1719/1719/1520 1718/1718/1519 1729/1729/1529
f 1719/1719/1520 1729/1729/1529 1755/1755/1551
f 1719/1719/1520 1755/1755/1551 1743/1743/1541
f 1743/1743/1541 1722/1722/1523 1719/1719/1520
f 1882/1882/1663 1705/1705/1507 1704/1704/1506
f 1704/1704/1506 1713/1713/1514 1882/1882/1663
f 1702/1702/1504 1703/1703/1505 1708/1708/1510
f 1708/1708/1510 1738/1738/1536 1702/1702/1504
f 1879/1879/1662 1732/1732/1532 1735/1735/1534
f 1747/1747/1544 1748/1748/1545 1758/1758/1554
f 1864/1864/1652 1863/1863/1651 1871/1871/1656
f 1871/1871/1656 1867/1867/1653 1864/1864/1652
f 1711/1711/1512 1710/1710/1511 1775/1775/1571
f 1775/1775/1571 1712/1712/1513 1711/1711/1512
f 1783/1783/1577 1794/1794/1587 1797/1797/1590
f 1797/1797/1590 1784/1784/1578 1783/1783/1577
f 1765/1765/1561 1764/1764/1560 1781/1781/1576
f 1781/1781/1576 1766/1766/1562 1765/1765/1561
f 1875/1875/1658 1835/1835/1625 1834/1834/1624
f 1799/1799/1592 1798/1798/1591 1802/1802/1595
f 1819/1819/1610 1816/1816/1608 1815/1815/1607
f 1819/1819/1610 1815/1815/1607 1853/1853/1643
f 1819/1819/1610 1853/1853/1643 1859/1859/1647
f 1859/1859/1647 1858/1858/1612 1819/1819/1610
f 1827/1827/1617 1823/1823/1614 1822/1822/1613
f 1822/1822/1613 1830/1830/1620 1827/1827/1617
f 1850/1850/1640 1849/1849/1639 1848/1848/1638
f 1848/1848/1638 1967/1967/1645 1850/1850/1640
f 1838/1838/1628 1837/1837/1627 1876/1876/1659
f 1876/1876/1659 1968/1968/1631 1838/1838/1628
f 1795/1795/1588 1809/1809/1602 1836/1836/1626
f 1836/1836/1626 1796/1796/1589 1795/1795/1588
f 1763/1763/1559 1762/1762/1558 1826/1826/1563
f 1826/1826/1563 1825/1825/1616 1763/1763/1559
f 1761/1761/1557 1760/1760/1556 1752/1752/1548
f 1752/1752/1548 1751/1751/1547 1761/1761/1557
f 1750/1750/1542 1749/1749/1546 1880/1880/1537
f 1880/1880/1537 1969/1969/1540 1750/1750/1542
f 1740/1740/1538 1717/1717/1518 1716/1716/1517
f 1716/1716/1517 1741/1741/1539 1740/1740/1538
f 1881/1881/1515 1725/1725/1526 1728/1728/1522
f 1728/1728/1522 1970/1970/1722 1881/1881/1515
f 1726/1726/1527 1776/1776/1572 1779/1779/1531
f 1779/1779/1531 1727/1727/1528 1726/1726/1527
f 1777/1777/1573 1811/1811/1604 1814/1814/1575
f 1814/1814/1575 1778/1778/1574 1777/1777/1573
f 1812/1812/1605 1820/1820/1611 1842/1842/1632
f 1842/1842/1632 1813/1813/1606 1812/1812/1605
f 1600/1600/1413 1599/1599/1412 1671/1671/1480
f 1671/1671/1480 1603/1603/1416 1600/1600/1413
f 1706/1706/1508 1588/1588/1403 1587/1587/1402
f 1587/1587/1402 1602/1602/1415 1706/1706/1508
f 1612/1612/1425 1594/1594/1407 1591/1591/1405
f 1591/1591/1405 1590/1590/1404 1612/1612/1425
f 1617/1617/1430 1627/1627/1440 1618/1618/1431
f 1628/1628/1441 1643/1643/1455 1629/1629/1442
f 1847/1847/1637 1860/1860/1648 1844/1844/1634
f 1828/1828/1618 1831/1831/1621 1829/1829/1619
f 1971/1971/1723 1651/1651/1463 1650/1650/1462
f 1650/1650/1462 1886/1886/1666 1971/1971/1723
f 1648/1648/1460 1647/1647/1459 1793/1793/1586
f 1885/1885/1665 1806/1806/1599 1805/1805/1598
f 1805/1805/1598 1804/1804/1597 1885/1885/1665
f 1807/1807/1600 1877/1877/1660 1810/1810/1603
f 1810/1810/1603 1808/1808/1601 1807/1807/1600
f 1862/1862/1650 1861/1861/1649 1874/1874/1654
f 1874/1874/1654 1873/1873/1657 1862/1862/1650
f 1791/1791/1584 1833/1833/1623 1792/1792/1585
f 1757/1757/1553 1759/1759/1555 1789/1789/1582
f 1789/1789/1582 1756/1756/1552 1757/1757/1553
f 1972/1972/1579 1663/1663/1472 1662/1662/1471
f 1667/1667/1476 1666/1666/1475 1670/1670/1479
f 1625/1625/1438 1697/1697/1502 1616/1616/1429
f 1616/1616/1429 1615/1615/1428 1625/1625/1438
f 1595/1595/1408 1609/1609/1422 1585/1585/1400
f 1585/1585/1400 1584/1584/1399 1595/1595/1408
f 1699/1699/1397 1586/1586/1401 1589/1589/1398
f 1597/1597/1410 1596/1596/1409 1701/1701/1469
f 1701/1701/1469 1601/1601/1414 1597/1597/1410
f 1660/1660/1470 1639/1639/1452 1642/1642/1454
f 1642/1642/1454 1653/1653/1465 1660/1660/1470
f 1624/1624/1437 1631/1631/1444 1696/1696/1501
f 163/163/155 162/162/154 165/165/157
f 165/165/157 1094/1094/978 163/163/155
f 1112/1112/992 1120/1120/999 1180/1180/1053
f 52/52/50 166/166/158 56/56/54
f 56/56/54 53/53/51 52/52/50
f 1048/1048/940 976/976/868 974/974/866
f 974/974/866 979/979/871 1048/1048/940
f 1047/1047/939 1049/1049/941 1050/1050/942
f 1050/1050/942 1051/1051/943 1047/1047/939
f 1054/1054/946 993/993/885 996/996/888
f 996/996/888 999/999/891 1054/1054/946
f 1053/1053/945 1017/1017/909 1020/1020/912
f 1020/1020/912 1906/1906/1685 1053/1053/945
f 1056/1056/948 1016/1016/908 1015/1015/907
f 1015/1015/907 1021/1021/913 1056/1056/948
f 1055/1055/947 1033/1033/925 1031/1031/923
f 1031/1031/923 1030/1030/922 1055/1055/947
f 1063/1063/953 1066/1066/956 1068/1068/958
f 1068/1068/958 1070/1070/960 1063/1063/953
f 1894/1894/1674 1893/1893/1673 1898/1898/1678
f 1898/1898/1678 1916/1916/1694 1894/1894/1674
f 973/973/865 972/972/864 977/977/869
f 1032/1032/924 171/171/163 168/168/160
f 168/168/160 167/167/159 1032/1032/924
f 1891/1891/1671 366/366/333 363/363/330
f 363/363/330 371/371/338 1891/1891/1671
f 1186/1186/1059 1887/1887/1667 1890/1890/1670
f 1890/1890/1670 1187/1187/1060 1186/1186/1059
f 1183/1183/1056 1892/1892/1672 1973/1973/1724
f 1096/1096/979 1095/1095/332 1179/1179/1052
f 1179/1179/1052 1181/1181/1054 1096/1096/979
f 1052/1052/944 998/998/890 995/995/887
f 995/995/887 994/994/886 1052/1052/944
f 1128/1128/1007 1974/1974/1000 1975/1975/1725
f 1975/1975/1725 1125/1125/1004 1128/1128/1007
f 1361/1361/1200 1453/1453/1282 1364/1364/1203
f 1364/1364/1203 1362/1362/1201 1361/1361/1200
f 1976/1976/1726 1977/1977/1727 138/138/130
f 138/138/130 137/137/129 1976/1976/1726
f 543/543/494 135/135/127 1076/1076/966
f 1978/1978/974 1411/1411/972 1081/1081/970
f 1081/1081/970 1080/1080/416 1978/1978/974
f 473/473/429 1071/1071/961 1077/1077/967
f 1077/1077/967 475/475/431 473/473/429
f 1420/1420/1252 1423/1423/1254 1421/1421/1253
f 1078/1078/968 1979/1979/1728 1079/1079/969
f 1082/1082/428 1980/1980/1729 1083/1083/971
f 1373/1373/1212 1372/1372/1211 1371/1371/1210
f 1371/1371/1210 1465/1465/1293 1373/1373/1212
f 1212/1212/1081 1211/1211/1080 1215/1215/1083
f 1210/1210/1079 1207/1207/1076 1206/1206/1075
f 1206/1206/1075 1925/1925/1082 1210/1210/1079
f 1259/1259/1120 1203/1203/1072 1204/1204/1073
f 1920/1920/1121 1251/1251/1112 1250/1250/1111
f 1250/1250/1111 1257/1257/1118 1920/1920/1121
f 1239/1239/1103 1922/1922/1110 1231/1231/1097
f 1231/1231/1097 1234/1234/1099 1239/1239/1103
f 1924/1924/1695 1220/1220/1087 1219/1219/1086
f 1219/1219/1086 1229/1229/1095 1924/1924/1695
f 1224/1224/1085 1919/1919/1084 1263/1263/1123
f 1263/1263/1123 1221/1221/1088 1224/1224/1085
f 1328/1328/1174 1331/1331/1177 1329/1329/1175
f 1307/1307/1158 1306/1306/1157 1325/1325/1156
f 1325/1325/1156 1324/1324/1171 1307/1307/1158
f 1302/1302/1154 1299/1299/1151 1298/1298/1150
f 1298/1298/1150 1303/1303/1155 1302/1302/1154
f 1295/1295/1148 1294/1294/1147 1313/1313/1162
f 1313/1313/1162 1311/1311/1149 1295/1295/1148
f 1547/1547/1366 1544/1544/1363 1541/1541/1361
f 1541/1541/1361 1540/1540/1360 1547/1547/1366
f 1528/1528/1350 1514/1514/1338 1513/1513/1337
f 1513/1513/1337 1529/1529/1334 1528/1528/1350
f 1981/1981/1730 1505/1505/1309 1489/1489/1315
f 1509/1509/1333 1517/1517/1325 1498/1498/1324
f 1498/1498/1324 1497/1497/1323 1509/1509/1333
f 1515/1515/1339 1560/1560/1343 1516/1516/1340
f 1620/1620/1433 1622/1622/1435 1621/1621/1434
f 1604/1604/1417 1619/1619/1432 1605/1605/1418
f 2/2/2 7/7/7 3/3/3
f 1982/1982/23 3/3/3 1983/1983/14
f 1984/1984/10 1983/1983/14 3/3/3
f 3/3/3 7/7/7 1984/1984/10
f 27/27/26 26/26/25 9/9/9
f 9/9/9 8/8/8 27/27/26
f 43/43/41 1985/1985/1731 39/39/37
f 36/36/34 39/39/37 1985/1985/1731
f 1985/1985/1731 37/37/35 36/36/34
f 54/54/52 53/53/51 48/48/46
f 48/48/46 50/50/48 54/54/52
f 65/65/63 1986/1986/1732 62/62/60
f 62/62/60 61/61/59 65/65/63
f 1987/1987/1733 1986/1986/1732 65/65/63
f 65/65/63 68/68/66 1987/1987/1733
f 84/84/81 83/83/80 70/70/68
f 86/86/83 74/74/71 70/70/68
f 70/70/68 83/83/80 86/86/83
f 99/99/96 101/101/98 96/96/93
f 1988/1988/12 97/97/94 96/96/93
f 96/96/93 101/101/98 1988/1988/12
f 47/47/45 108/108/105 44/44/42
f 114/114/111 44/44/42 115/115/108
f 107/107/104 115/115/108 44/44/42
f 44/44/42 108/108/105 107/107/104
f 1989/1989/118 1990/1990/1734 124/124/112
f 124/124/112 123/123/119 1989/1989/118
f 1991/1991/1735 144/144/136 133/133/125
f 134/134/126 133/133/125 144/144/136
f 144/144/136 143/143/135 134/134/126
f 148/148/140 147/147/139 146/146/138
f 146/146/138 153/153/145 148/148/140
f 29/29/28 158/158/150 103/103/100
f 103/103/100 30/30/29 29/29/28
f 162/162/154 31/31/30 6/6/6
f 6/6/6 5/5/5 162/162/154
f 56/56/54 168/168/160 170/170/162
f 170/170/162 55/55/53 56/56/54
f 117/117/113 175/175/167 58/58/56
f 58/58/56 57/57/55 117/117/113
f 90/90/87 91/91/88 179/179/171
f 179/179/171 182/182/174 90/90/87
f 125/125/120 100/100/97 184/184/176
f 199/199/190 196/196/187 40/40/38
f 40/40/38 41/41/39 199/199/190
f 1992/1992/195 198/198/189 200/200/191
f 200/200/191 206/206/197 1992/1992/195
f 38/38/36 197/197/188 1993/1993/16
f 1993/1993/16 218/218/203 38/38/36
f 42/42/40 38/38/36 218/218/203
f 218/218/203 217/217/207 42/42/40
f 191/191/183 190/190/182 212/212/202
f 212/212/202 211/211/201 191/191/183
f 229/229/211 187/187/179 189/189/181
f 189/189/181 227/227/216 229/229/211
f 232/232/219 236/236/222 106/106/103
f 106/106/103 105/105/102 232/232/219
f 240/240/226 239/239/225 243/243/229
f 243/243/229 246/246/232 240/240/226
f 259/259/228 253/253/227 252/252/237
f 252/252/237 257/257/241 259/259/228
f 267/267/250 216/216/206 215/215/205
f 215/215/205 263/263/246 267/267/250
f 276/276/258 271/271/239 270/270/253
f 270/270/253 273/273/255 276/276/258
f 220/220/209 224/224/213 279/279/248
f 279/279/248 219/219/208 220/220/209
f 1994/1994/1736 283/283/256 247/247/233
f 247/247/233 250/250/235 1994/1994/1736
f 290/290/268 289/289/267 245/245/231
f 245/245/231 244/244/230 290/290/268
f 260/260/243 300/300/278 299/299/277
f 299/299/277 258/258/242 260/260/243
f 277/277/259 306/306/283 305/305/282
f 305/305/282 275/275/257 277/277/259
f 295/295/273 313/313/289 1995/1995/264
f 1995/1995/264 292/292/270 295/295/273
f 321/321/291 288/288/266 291/291/269
f 291/291/269 319/319/293 321/321/291
f 318/318/292 317/317/276 1996/1996/279
f 1996/1996/279 327/327/296 318/318/292
f 1997/1997/1737 320/320/294 322/322/295
f 322/322/295 330/330/302 1997/1997/1737
f 329/329/301 326/326/299 328/328/300
f 328/328/300 1998/1998/1738 329/329/301
f 351/351/321 304/304/281 307/307/284
f 307/307/284 348/348/318 351/351/321
f 340/340/311 1999/1999/1739 2000/2000/1740
f 2000/2000/1740 341/341/312 340/340/311
f 311/311/287 314/314/290 359/359/319
f 359/359/319 312/312/288 311/311/287
f 358/358/328 339/339/310 336/336/308
f 336/336/308 361/361/323 358/358/328
f 363/363/330 362/362/157 367/367/334
f 367/367/334 369/369/336 363/363/330
f 130/130/122 377/377/343 376/376/342
f 376/376/342 128/128/121 130/130/122
f 120/120/116 381/381/347 177/177/169
f 177/177/169 121/121/117 120/120/116
f 159/159/151 385/385/351 388/388/354
f 388/388/354 160/160/152 159/159/151
f 94/94/91 394/394/356 393/393/358
f 393/393/358 95/95/92 94/94/91
f 396/396/360 399/399/363 195/195/186
f 195/195/186 194/194/185 396/396/360
f 183/183/175 378/378/344 75/75/72
f 75/75/72 73/73/70 183/183/175
f 181/181/173 180/180/172 383/383/349
f 383/383/349 379/379/345 181/181/173
f 185/185/177 186/186/178 401/401/365
f 401/401/365 373/373/340 185/185/177
f 397/397/361 409/409/372 408/408/371
f 408/408/371 398/398/362 397/397/361
f 417/417/380 416/416/379 418/418/381
f 415/415/378 2001/2001/357 418/418/381
f 418/418/381 416/416/379 415/415/378
f 389/389/355 150/150/142 154/154/146
f 154/154/146 387/387/353 389/389/355
f 400/400/364 411/411/374 403/403/367
f 403/403/367 402/402/366 400/400/364
f 419/419/382 155/155/147 152/152/144
f 152/152/144 422/422/385 419/419/382
f 428/428/391 427/427/390 2002/2002/1741
f 2002/2002/1741 432/432/393 428/428/391
f 346/346/316 440/440/397 2003/2003/1742
f 2003/2003/1742 344/344/315 346/346/316
f 444/444/402 443/443/399 2004/2004/398
f 2004/2004/398 2005/2005/325 444/444/402
f 431/431/392 450/450/407 360/360/329
f 360/360/329 335/335/307 431/431/392
f 454/454/411 436/436/396 435/435/395
f 455/455/412 442/442/401 441/441/400
f 2006/2006/1743 449/449/406 448/448/405
f 467/467/423 92/92/89 93/93/90
f 93/93/90 464/464/420 467/467/423
f 92/92/89 467/467/423 2007/2007/419
f 478/478/434 476/476/432 477/477/433
f 477/477/433 486/486/441 478/478/434
f 492/492/447 466/466/422 468/468/424
f 468/468/424 490/490/445 492/492/447
f 504/504/458 2008/2008/1744 496/496/450
f 496/496/450 498/498/452 504/504/458
f 69/69/67 509/509/463 465/465/421
f 2009/2009/443 513/513/467 512/512/466
f 512/512/466 516/516/470 2009/2009/443
f 59/59/57 410/410/373 518/518/472
f 518/518/472 60/60/58 59/59/57
f 64/64/62 63/63/61 511/511/465
f 520/520/473 522/522/475 511/511/465
f 511/511/465 63/63/61 520/520/473
f 424/424/387 528/528/481 413/413/376
f 414/414/377 413/413/376 528/528/481
f 528/528/481 531/531/471 414/414/377
f 532/532/483 536/536/487 529/529/482
f 530/530/477 529/529/482 536/536/487
f 536/536/487 539/539/490 530/530/477
f 548/548/499 542/542/493 541/541/492
f 541/541/492 2010/2010/131 548/548/499
f 533/533/484 547/547/498 555/555/506
f 555/555/506 537/537/488 533/533/484
f 563/563/507 552/552/503 550/550/501
f 550/550/501 561/561/511 563/563/507
f 571/571/519 491/491/446 493/493/448
f 493/493/448 567/567/515 571/571/519
f 487/487/442 507/507/461 562/562/512
f 562/562/512 480/480/436 487/487/442
f 503/503/457 564/564/513 573/573/521
f 573/573/521 558/558/508 503/503/457
f 503/503/457 558/558/508 560/560/510
f 560/560/510 506/506/460 503/503/457
f 569/569/517 566/566/469 2011/2011/468
f 2011/2011/468 581/581/528 569/569/517
f 585/585/531 589/589/535 570/570/518
f 570/570/518 568/568/516 585/585/531
f 580/580/527 579/579/526 2012/2012/537
f 2012/2012/537 586/586/532 580/580/527
f 598/598/542 577/577/524 525/525/478
f 525/525/478 521/521/474 598/598/542
f 593/593/538 599/599/543 602/602/546
f 602/602/546 590/590/536 593/593/538
f 608/608/552 611/611/544 538/538/489
f 538/538/489 535/535/486 608/608/552
f 2013/2013/1745 610/610/554 609/609/553
f 609/609/553 614/614/557 2013/2013/1745
f 553/553/504 617/617/523 607/607/551
f 607/607/551 554/554/505 553/553/504
f 612/612/555 618/618/560 2014/2014/561
f 2014/2014/561 613/613/556 612/612/555
f 632/632/572 634/634/567 588/588/534
f 588/588/534 587/587/533 632/632/572
f 638/638/577 636/636/575 627/627/568
f 627/627/568 629/629/570 638/638/577
f 645/645/584 643/643/582 637/637/576
f 637/637/576 628/628/569 645/645/584
f 652/652/590 651/651/589 654/654/592
f 654/654/592 658/658/596 652/652/590
f 665/665/601 659/659/597 662/662/598
f 662/662/598 668/668/604 665/665/601
f 594/594/539 672/672/608 2015/2015/1746
f 2015/2015/1746 595/595/540 594/594/539
f 655/655/593 678/678/613 684/684/616
f 684/684/616 653/653/591 655/655/593
f 671/671/607 605/605/549 606/606/550
f 606/606/550 687/687/621 671/671/607
f 680/680/615 679/679/614 692/692/626
f 692/692/626 694/694/628 680/680/615
f 688/688/622 601/601/545 616/616/559
f 616/616/559 2016/2016/635 688/688/622
f 695/695/629 2017/2017/1747 719/719/651
f 719/719/651 718/718/650 695/695/629
f 695/695/629 696/696/630 2018/2018/1748
f 2018/2018/1748 2017/2017/1747 695/695/629
f 725/725/579 700/700/634 699/699/633
f 699/699/633 2019/2019/562 725/725/579
f 2020/2020/1749 2021/2021/1750 670/670/606
f 670/670/606 669/669/605 2020/2020/1749
f 730/730/660 733/733/663 2020/2020/1749
f 2020/2020/1749 669/669/605 730/730/660
f 744/744/581 741/741/671 724/724/655
f 724/724/655 723/723/578 744/744/581
f 740/740/670 748/748/674 704/704/620
f 704/704/620 703/703/636 740/740/670
f 750/750/677 673/673/609 675/675/610
f 675/675/610 756/756/682 750/750/677
f 759/759/685 633/633/573 635/635/574
f 635/635/574 749/749/676 759/759/685
f 754/754/680 689/689/623 690/690/624
f 690/690/624 745/745/673 754/754/680
f 762/762/687 691/691/625 693/693/627
f 693/693/627 751/751/678 762/762/687
f 676/676/611 755/755/681 757/757/683
f 757/757/683 677/677/612 676/676/611
f 649/649/587 758/758/684 760/760/686
f 760/760/686 650/650/588 649/649/587
f 664/664/600 663/663/599 648/648/586
f 648/648/586 647/647/585 664/664/600
f 726/726/656 728/728/658 743/743/672
f 743/743/672 742/742/580 726/726/656
f 709/709/641 747/747/675 739/739/669
f 739/739/669 706/706/638 709/709/641
f 656/656/594 770/770/693 772/772/695
f 772/772/695 657/657/595 656/656/594
f 666/666/602 774/774/697 778/778/700
f 778/778/700 667/667/603 666/666/602
f 787/787/705 786/786/708 791/791/712
f 793/793/714 2022/2022/1751 794/794/715
f 685/685/619 805/805/720 769/769/692
f 769/769/692 683/683/618 685/685/619
f 811/811/725 785/785/707 788/788/709
f 698/698/632 814/814/731 802/802/721
f 802/802/721 697/697/631 698/698/632
f 822/822/739 810/810/728 812/812/729
f 722/722/654 824/824/741 813/813/730
f 813/813/730 721/721/653 722/722/654
f 821/821/738 820/820/737 833/833/746
f 833/833/746 832/832/748 821/821/738
f 837/837/752 729/729/659 839/839/754
f 731/731/661 780/780/702 839/839/754
f 839/839/754 729/729/659 731/731/661
f 835/835/750 848/848/762 797/797/718
f 797/797/718 796/796/717 835/835/750
f 732/732/662 734/734/664 836/836/751
f 836/836/751 851/851/765 732/732/662
f 857/857/770 823/823/740 717/717/649
f 717/717/649 720/720/652 857/857/770
f 866/866/779 850/850/764 841/841/756
f 841/841/756 842/842/757 866/866/779
f 862/862/775 866/866/779 842/842/757
f 872/872/783 867/867/780 870/870/781
f 870/870/781 875/875/786 872/872/783
f 886/886/790 847/847/761 849/849/763
f 849/849/763 883/883/793 886/886/790
f 881/881/791 861/861/774 863/863/776
f 863/863/776 878/878/789 881/881/791
f 834/834/749 2023/2023/799 882/882/792
f 882/882/792 831/831/747 834/834/749
f 860/860/773 896/896/804 859/859/772
f 892/892/801 859/859/772 896/896/804
f 896/896/804 893/893/802 892/892/801
f 2024/2024/810 865/865/778 905/905/813
f 887/887/796 905/905/813 865/865/778
f 865/865/778 864/864/777 887/887/796
f 899/899/807 900/900/808 917/917/821
f 917/917/821 916/916/820 899/899/807
f 906/906/795 2025/2025/794 904/904/812
f 919/919/823 888/888/797 891/891/800
f 2026/2026/822 932/932/829 931/931/832
f 931/931/832 936/936/819 2026/2026/822
f 938/938/836 935/935/835 934/934/834
f 930/930/831 933/933/833 908/908/815
f 908/908/815 907/907/814 930/930/831
f 943/943/825 937/937/824 939/939/837
f 927/927/828 911/911/817 914/914/803
f 914/914/803 944/944/839 927/927/828
f 825/825/742 826/826/743 828/828/745
f 828/828/745 827/827/744 825/825/742
f 799/799/719 815/815/732 817/817/734
f 817/817/734 816/816/733 799/799/719
f 809/809/727 804/804/723 803/803/722
f 803/803/722 806/806/724 809/809/727
f 771/771/694 773/773/696 782/782/704
f 782/782/704 781/781/703 771/771/694
f 795/795/716 777/777/699 779/779/701
f 779/779/701 792/792/713 795/795/716
f 846/846/760 838/838/753 840/840/755
f 840/840/755 843/843/758 846/846/760
f 903/903/811 942/942/838 874/874/785
f 874/874/785 873/873/784 903/903/811
f 876/876/787 877/877/788 945/945/805
f 945/945/805 952/952/845 876/876/787
f 853/853/767 852/852/766 871/871/782
f 871/871/782 953/953/846 853/853/767
f 951/951/844 950/950/843 713/713/645
f 713/713/645 716/716/648 951/951/844
f 34/34/32 2027/2027/1752 205/205/196
f 205/205/196 35/35/33 34/34/32
f 370/370/337 202/202/193 201/201/192
f 963/963/855 962/962/854 965/965/857
f 965/965/857 969/969/861 963/963/855
f 970/970/862 974/974/866 973/973/865
f 973/973/865 971/971/863 970/970/862
f 982/982/874 985/985/877 989/989/881
f 989/989/881 988/988/880 982/982/874
f 996/996/888 995/995/887 990/990/882
f 990/990/882 992/992/884 996/996/888
f 2028/2028/902 1005/1005/897 1004/1004/896
f 1004/1004/896 1008/1008/900 2028/2028/902
f 1006/1006/898 1015/1015/907 1014/1014/906
f 1014/1014/906 1007/1007/899 1006/1006/898
f 171/171/163 1031/1031/923 1027/1027/919
f 1027/1027/919 169/169/161 171/171/163
f 2029/2029/1753 983/983/875 1037/1037/929
f 1037/1037/929 1036/1036/928 2029/2029/1753
f 2030/2030/1754 984/984/876 983/983/875
f 983/983/875 2029/2029/1753 2030/2030/1754
f 986/986/878 2031/2031/1755 2032/2032/1756
f 2032/2032/1756 987/987/879 986/986/878
f 966/966/858 210/210/200 1024/1024/916
f 1024/1024/916 2033/2033/1757 966/966/858
f 207/207/198 210/210/200 966/966/858
f 2033/2033/1757 964/964/856 966/966/858
f 1049/1049/941 979/979/871 980/980/872
f 980/980/872 1041/1041/933 1049/1049/941
f 998/998/890 1050/1050/942 1042/1042/934
f 1042/1042/934 997/997/889 998/998/890
f 1017/1017/909 999/999/891 1000/1000/892
f 1000/1000/892 1018/1018/910 1017/1017/909
f 1033/1033/925 1021/1021/913 1022/1022/914
f 1022/1022/914 1034/1034/926 1033/1033/925
f 2034/2034/850 1045/1045/937 1046/1046/938
f 1046/1046/938 1058/1058/950 2034/2034/850
f 1066/1066/956 1065/1065/955 1059/1059/951
f 1059/1059/951 1062/1062/952 1066/1066/956
f 1069/1069/959 2035/2035/1758 960/960/852
f 977/977/869 1068/1068/958 1067/1067/957
f 1067/1067/957 978/978/870 977/977/869
f 527/527/480 526/526/479 540/540/491
f 540/540/491 534/534/485 527/527/480
f 479/479/435 481/481/437 546/546/497
f 546/546/497 544/544/495 479/479/435
f 2036/2036/962 470/470/426 469/469/425
f 469/469/425 2037/2037/1759 2036/2036/962
f 622/622/563 572/572/520 574/574/522
f 574/574/522 582/582/529 622/622/563
f 280/280/261 282/282/263 281/281/262
f 281/281/262 278/278/260 280/280/261
f 268/268/251 266/266/249 264/264/247
f 264/264/247 269/269/252 268/268/251
f 254/254/238 235/235/221 234/234/220
f 234/234/220 251/251/236 254/254/238
f 237/237/223 228/228/212 230/230/217
f 230/230/217 238/238/224 237/237/223
f 1096/1096/979 2038/2038/1760 2039/2039/24
f 2039/2039/24 161/161/153 1096/1096/979
f 1118/1118/994 1117/1117/997 2040/2040/1761
f 1111/1111/991 1110/1110/50 2040/2040/1761
f 2040/2040/1761 1117/1117/997 1111/1111/991
f 1122/1122/1001 2041/2041/1008 1123/1123/1002
f 1133/1133/1012 1132/1132/1011 1123/1123/1002
f 1123/1123/1002 2041/2041/1008 1133/1133/1012
f 2041/2041/1008 2042/2042/84 1133/1133/1012
f 1142/1142/1020 1139/1139/1017 1143/1143/990
f 2043/2043/1762 1143/1143/990 1139/1139/1017
f 1139/1139/1017 1138/1138/1016 2043/2043/1762
f 176/176/168 1147/1147/1024 1113/1113/993
f 1113/1113/993 174/174/166 176/176/168
f 1153/1153/1030 1148/1148/1025 1147/1147/1024
f 1147/1147/1024 176/176/168 1153/1153/1030
f 1162/1162/1038 2044/2044/346 2045/2045/1763
f 2045/2045/1763 1160/1160/1036 1162/1162/1038
f 1176/1176/1050 1154/1154/1031 1157/1157/1034
f 1157/1157/1034 2046/2046/1046 1176/1176/1050
f 1119/1119/998 1178/1178/980 1181/1181/1054
f 1181/1181/1054 1120/1120/999 1119/1119/998
f 1180/1180/1053 1179/1179/1052 2047/2047/1061
f 2047/2047/1061 1189/1189/1060 1180/1180/1053
f 1116/1116/996 1192/1192/1064 2048/2048/987
f 2048/2048/987 1177/1177/1051 1116/1116/996
f 1115/1115/995 1193/1193/1028 1192/1192/1064
f 1192/1192/1064 1116/1116/996 1115/1115/995
f 1198/1198/1067 1170/1170/1044 1173/1173/1047
f 1173/1173/1047 1195/1195/984 1198/1198/1067
f 1175/1175/1049 1174/1174/1048 1208/1208/1077
f 1208/1208/1077 1207/1207/1076 1175/1175/1049
f 1149/1149/1026 1213/1213/1079 1212/1212/1081
f 1212/1212/1081 1146/1146/1023 1149/1149/1026
f 1226/1226/1092 1219/1219/1086 1218/1218/1085
f 1218/1218/1085 1227/1227/1093 1226/1226/1092
f 1234/1234/1099 1233/1233/1095 1238/1238/1096
f 1238/1238/1096 1237/1237/1102 1234/1234/1099
f 1194/1194/1065 1243/1243/1083 1242/1242/1106
f 1242/1242/1106 1191/1191/1063 1194/1194/1065
f 1250/1250/1111 1249/1249/1103 1255/1255/1116
f 1255/1255/1116 1254/1254/1115 1250/1250/1111
f 1260/1260/1109 1204/1204/1073 1200/1200/1069
f 1200/1200/1069 1199/1199/1068 1260/1260/1109
f 1221/1221/1088 1262/1262/1122 2049/2049/1117
f 2049/2049/1117 1222/1222/1089 1221/1221/1088
f 1228/1228/1094 1271/1271/1130 1270/1270/1129
f 1270/1270/1129 1225/1225/1091 1228/1228/1094
f 1281/1281/1131 1280/1280/1137 1236/1236/1101
f 1236/1236/1101 1235/1235/1100 1281/1281/1131
f 1287/1287/1139 1286/1286/1142 1253/1253/1114
f 1253/1253/1114 1252/1252/1113 1287/1287/1139
f 2050/2050/1764 1292/1292/1146 1275/1275/1133
f 1275/1275/1133 1274/1274/1132 2050/2050/1764
f 1268/1268/1127 1300/1300/1152 1299/1299/1151
f 1299/1299/1151 1269/1269/1128 1268/1268/1127
f 2051/2051/1765 1301/1301/1153 1302/1302/1154
f 1302/1302/1154 1305/1305/1157 2051/2051/1765
f 1298/1298/1150 1297/1297/1149 2052/2052/1160
f 2052/2052/1160 1318/1318/1164 1298/1298/1150
f 1304/1304/1156 1303/1303/1155 1319/1319/1167
f 1319/1319/1167 2053/2053/1766 1304/1304/1156
f 1285/1285/1141 1284/1284/1140 1330/1330/1176
f 1330/1330/1176 1329/1329/1175 1285/1285/1141
f 2054/2054/1767 2055/2055/1768 1324/1324/1171
f 1324/1324/1171 1326/1326/1172 2054/2054/1767
f 1339/1339/1178 1294/1294/1147 1291/1291/1145
f 1291/1291/1145 1293/1293/1143 1339/1339/1178
f 1312/1312/1161 1313/1313/1162 1338/1338/1183
f 1338/1338/1183 1340/1340/1182 1312/1312/1161
f 407/407/370 1346/1346/1186 1158/1158/1035
f 1158/1158/1035 406/406/369 407/407/370
f 1350/1350/1191 1349/1349/1190 1137/1137/352
f 1137/1137/352 1140/1140/1018 1350/1350/1191
f 1168/1168/1042 1353/1353/1194 1351/1351/1192
f 1351/1351/1192 1169/1169/1043 1168/1168/1042
f 1130/1130/1009 1345/1345/1188 178/178/170
f 178/178/170 85/85/82 1130/1130/1009
f 1356/1356/1197 1167/1167/1041 1165/1165/1039
f 1165/1165/1039 1344/1344/1187 1356/1356/1197
f 1363/1363/1202 1362/1362/1201 1352/1352/1193
f 1352/1352/1193 1354/1354/1195 1363/1363/1202
f 420/420/383 421/421/384 1367/1367/1206
f 1368/1368/1207 1367/1367/1206 421/421/384
f 421/421/384 2056/2056/1769 1368/1368/1207
f 1360/1360/1005 1365/1365/1204 1355/1355/1196
f 1355/1355/1196 1357/1357/1198 1360/1360/1005
f 149/149/141 151/151/143 1370/1370/1209
f 1370/1370/1209 1372/1372/1211 149/149/141
f 2057/2057/1770 1376/1376/1215 1375/1375/1214
f 1375/1375/1214 1378/1378/1217 2057/2057/1770
f 2058/2058/1771 1388/1388/1224 1321/1321/1169
f 1321/1321/1169 1320/1320/1168 2058/2058/1771
f 2059/2059/1772 1392/1392/1228 1391/1391/1227
f 1391/1391/1227 2060/2060/1179 2059/2059/1772
f 1341/1341/1184 1398/1398/1232 1381/1381/1219
f 1381/1381/1219 1309/1309/1159 1341/1341/1184
f 1384/1384/1220 1386/1386/1222 1403/1403/1237
f 1390/1390/1226 1393/1393/1229 1406/1406/1240
f 1397/1397/1231 1399/1399/1233 2061/2061/1234
f 1415/1415/1247 1414/1414/1246 82/82/79
f 82/82/79 81/81/78 1415/1415/1247
f 2062/2062/1773 1415/1415/1247 81/81/78
f 474/474/430 475/475/431 1417/1417/1249
f 1417/1417/1249 1421/1421/1253 474/474/430
f 1413/1413/1245 1412/1412/1244 1433/1433/1264
f 1433/1433/1264 1432/1432/1263 1413/1413/1245
f 1426/1426/1257 2063/2063/1774 1440/1440/1271
f 1440/1440/1271 1429/1429/1260 1426/1426/1257
f 1416/1416/1248 1445/1445/1010 88/88/85
f 1447/1447/1276 1451/1451/1280 2064/2064/1775
f 2064/2064/1775 1448/1448/1277 1447/1447/1276
f 1454/1454/1283 1361/1361/1200 1121/1121/1000
f 1121/1121/1000 1124/1124/1003 1454/1454/1283
f 1136/1136/1015 1450/1450/1279 1135/1135/1014
f 1455/1455/1284 1135/1135/1014 1450/1450/1279
f 1450/1450/1279 1457/1457/1286 1455/1455/1284
f 1371/1371/1210 1366/1366/1205 1462/1462/1291
f 1369/1369/1208 1463/1463/1292 1462/1462/1291
f 1462/1462/1291 1366/1366/1205 1369/1369/1208
f 1467/1467/1295 1461/1461/1290 1471/1471/1299
f 1464/1464/1289 1472/1472/1288 1471/1471/1299
f 1471/1471/1299 1461/1461/1290 1464/1464/1289
f 1476/1476/1303 1475/1475/1302 1479/1479/1306
f 1479/1479/1306 2065/2065/1776 1476/1476/1303
f 1483/1483/1310 1478/1478/1305 1468/1468/1296
f 1468/1468/1296 1474/1474/1301 1483/1483/1310
f 1487/1487/1313 1488/1488/1314 1496/1496/1322
f 1496/1496/1322 1495/1495/1321 1487/1487/1313
f 1431/1431/1262 1430/1430/1261 1502/1502/1328
f 1502/1502/1328 1501/1501/1327 1431/1431/1262
f 1494/1494/1320 1438/1438/1269 1420/1420/1252
f 1420/1420/1252 1418/1418/1250 1494/1494/1320
f 1441/1441/1272 1490/1490/1316 1506/1506/1330
f 1506/1506/1330 1497/1497/1323 1441/1441/1272
f 1441/1441/1272 1443/1443/1273 1493/1493/1319
f 1493/1493/1319 1490/1490/1316 1441/1441/1272
f 1503/1503/1278 1504/1504/1329 1511/1511/1335
f 1511/1511/1335 2066/2066/1275 1503/1503/1278
f 1499/1499/1325 1520/1520/1340 1519/1519/1342
f 1519/1519/1342 1500/1500/1326 1499/1499/1325
f 1510/1510/1334 1512/1512/1336 1522/1522/1344
f 1522/1522/1344 2067/2067/1346 1510/1510/1334
f 1458/1458/1287 1514/1514/1338 1531/1531/1352
f 1531/1531/1352 1456/1456/1285 1458/1458/1287
f 1536/1536/1356 1530/1530/1351 1528/1528/1350
f 1528/1528/1350 1527/1527/1349 1536/1536/1356
f 1473/1473/1300 1542/1542/1362 1541/1541/1361
f 1541/1541/1361 1470/1470/1298 1473/1473/1300
f 1540/1540/1360 1543/1543/1359 2068/2068/1358
f 2068/2068/1358 1548/1548/1367 1540/1540/1360
f 1544/1544/1363 1551/1551/1332 1482/1482/1309
f 1482/1482/1309 1484/1484/1311 1544/1544/1363
f 2069/2069/1777 1550/1550/1369 1547/1547/1366
f 1547/1547/1366 1549/1549/1368 2069/2069/1777
f 1521/1521/1343 1566/1566/1382 1565/1565/1381
f 1565/1565/1381 1518/1518/1341 1521/1521/1343
f 1558/1558/1375 1569/1569/1384 1571/1571/1386
f 1571/1571/1386 1562/1562/1378 1558/1558/1375
f 1573/1573/1388 1575/1575/1390 1578/1578/1393
f 1578/1578/1393 1561/1561/1377 1573/1573/1388
f 1591/1591/1405 1584/1584/1399 1583/1583/1398
f 1583/1583/1398 1592/1592/1403 1591/1591/1405
f 1586/1586/1401 1597/1597/1410 1600/1600/1413
f 1600/1600/1413 1587/1587/1402 1586/1586/1401
f 2070/2070/1778 1604/1604/1417 1523/1523/1345
f 1523/1523/1345 1526/1526/1348 2070/2070/1778
f 1610/1610/1423 1595/1595/1408 1594/1594/1407
f 1594/1594/1407 1614/1614/1427 1610/1610/1423
f 1535/1535/1355 1534/1534/1354 1605/1605/1418
f 1605/1605/1418 1621/1621/1434 1535/1535/1355
f 1626/1626/1439 1615/1615/1428 1618/1618/1431
f 1618/1618/1431 1629/1629/1442 1626/1626/1439
f 1545/1545/1364 1537/1537/1357 1623/1623/1436
f 1623/1623/1436 2071/2071/1446 1545/1545/1364
f 1630/1630/1443 1644/1644/1456 1648/1648/1460
f 1648/1648/1460 2072/2072/1463 1630/1630/1443
f 1630/1630/1443 2072/2072/1463 2073/2073/1454
f 2073/2073/1454 1631/1631/1444 1630/1630/1443
f 1636/1636/1449 1638/1638/1451 1657/1657/1387
f 1657/1657/1387 2074/2074/1779 1636/1636/1449
f 2075/2075/1723 1599/1599/1412 1601/1601/1414
f 1601/1601/1414 2076/2076/1780 2075/2075/1723
f 1667/1667/1476 1599/1599/1412 2075/2075/1723
f 2075/2075/1723 1668/1668/1477 1667/1667/1476
f 1658/1658/1468 1673/1673/1482 1676/1676/1391
f 1676/1676/1391 1656/1656/1385 1658/1658/1468
f 1635/1635/1448 1680/1680/1486 1674/1674/1483
f 1674/1674/1483 1632/1632/1445 1635/1635/1448
f 1607/1607/1420 1606/1606/1419 1683/1683/1489
f 1683/1683/1489 1686/1686/1492 1607/1607/1420
f 1564/1564/1380 1563/1563/1379 1692/1692/1395
f 1692/1692/1395 1682/1682/1488 1564/1564/1380
f 1620/1620/1433 1619/1619/1432 1688/1688/1494
f 1688/1688/1494 1678/1678/1485 1620/1620/1433
f 1625/1625/1438 1624/1624/1437 1694/1694/1499
f 1694/1694/1499 1695/1695/1500 1625/1625/1438
f 1685/1685/1491 1684/1684/1490 1609/1609/1422
f 1609/1609/1422 1611/1611/1424 1685/1685/1491
f 1691/1691/1497 1690/1690/1496 1582/1582/1397
f 1582/1582/1397 1585/1585/1400 1691/1691/1497
f 1579/1579/1394 1596/1596/1409 1598/1598/1411
f 1598/1598/1411 1577/1577/1392 1579/1579/1394
f 1677/1677/1484 1660/1660/1470 1659/1659/1469
f 1659/1659/1469 1675/1675/1389 1677/1677/1484
f 1672/1672/1481 1681/1681/1487 1640/1640/1453
f 1640/1640/1453 1639/1639/1452 1672/1672/1481
f 1709/1709/1507 1703/1703/1505 1590/1590/1404
f 1590/1590/1404 1593/1593/1406 1709/1709/1507
f 1711/1711/1512 1704/1704/1506 1602/1602/1415
f 1602/1602/1415 1603/1603/1416 1711/1711/1512
f 1720/1720/1521 1719/1719/1520 1724/1724/1525
f 1727/1727/1528 2077/2077/1519 1728/1728/1522
f 1702/1702/1504 1737/1737/1534 1613/1613/1426
f 1613/1613/1426 1612/1612/1425 1702/1702/1504
f 1723/1723/1524 1722/1722/1523 1745/1745/1540
f 1746/1746/1543 1628/1628/1441 1627/1627/1440
f 1627/1627/1440 1733/1733/1533 1746/1746/1543
f 1744/1744/1542 1743/1743/1541 1754/1754/1550
f 1757/1757/1553 1646/1646/1458 1643/1643/1455
f 1643/1643/1455 1747/1747/1544 1757/1757/1553
f 1768/1768/1564 1753/1753/1549 1755/1755/1551
f 1755/1755/1551 1765/1765/1561 1768/1768/1564
f 1770/1770/1566 1772/1772/1568 1670/1670/1479
f 1671/1671/1480 1670/1670/1479 1772/1772/1568
f 1772/1772/1568 1710/1710/1511 1671/1671/1480
f 1731/1731/1531 1782/1782/1574 1764/1764/1560
f 1764/1764/1560 1729/1729/1529 1731/1731/1531
f 1769/1769/1565 1666/1666/1475 1669/1669/1478
f 1669/1669/1478 1788/1788/1581 1769/1769/1565
f 1645/1645/1457 1756/1756/1552 1791/1791/1584
f 1791/1791/1584 1647/1647/1459 1645/1645/1457
f 1800/1800/1593 1774/1774/1570 1771/1771/1567
f 1771/1771/1567 1787/1787/1580 1800/1800/1593
f 1799/1799/1592 1774/1774/1570 1800/1800/1593
f 1795/1795/1588 1794/1794/1587 1805/1805/1598
f 1805/1805/1598 1808/1808/1601 1795/1795/1588
f 1781/1781/1576 1780/1780/1575 1817/1817/1606
f 1817/1817/1606 1816/1816/1608 1781/1781/1576
f 1803/1803/1596 1802/1802/1595 1812/1812/1605
f 1812/1812/1605 1811/1811/1604 1803/1803/1596
f 1819/1819/1610 2078/2078/1781 1767/1767/1563
f 1767/1767/1563 1766/1766/1562 1819/1819/1610
f 1790/1790/1583 1789/1789/1582 1829/1829/1619
f 1825/1825/1616 1827/1827/1617 1829/1829/1619
f 1829/1829/1619 1789/1789/1582 1825/1825/1616
f 2079/2079/1629 1843/1843/1633 1801/1801/1594
f 1820/1820/1611 1798/1798/1591 1801/1801/1594
f 1801/1801/1594 1843/1843/1633 1820/1820/1611
f 1852/1852/1642 1828/1828/1618 1830/1830/1620
f 1830/1830/1620 1849/1849/1639 1852/1852/1642
f 1841/1841/1631 2080/2080/1607 1842/1842/1632
f 1822/1822/1613 1821/1821/1612 1848/1848/1638
f 1864/1864/1652 1869/1869/1649 2081/2081/1641
f 2081/2081/1641 1865/1865/1640 1864/1864/1652
f 1863/1863/1651 1866/1866/1645 1872/1872/1647
f 1840/1840/1630 1868/1868/1654 1867/1867/1653
f 1867/1867/1653 1837/1837/1627 1840/1840/1630
f 1871/1871/1656 1870/1870/1655 1876/1876/1659
f 1845/1845/1635 1844/1844/1634 1862/1862/1650
f 1862/1862/1650 1877/1877/1660 1845/1845/1635
f 1763/1763/1559 1759/1759/1555 1758/1758/1554
f 1758/1758/1554 1760/1760/1556 1763/1763/1559
f 1748/1748/1545 1732/1732/1532 1749/1749/1546
f 1749/1749/1546 1752/1752/1548 1748/1748/1545
f 1736/1736/1535 1738/1738/1536 1740/1740/1538
f 1740/1740/1538 1739/1739/1537 1736/1736/1535
f 1717/1717/1518 1708/1708/1510 1707/1707/1509
f 1707/1707/1509 1714/1714/1515 1717/1717/1518
f 1713/1713/1514 1712/1712/1513 1726/1726/1527
f 1726/1726/1527 1725/1725/1526 1713/1713/1514
f 1775/1775/1571 1773/1773/1569 1777/1777/1573
f 1777/1777/1573 1776/1776/1572 1775/1775/1571
f 1810/1810/1603 1873/1873/1657 1834/1834/1624
f 1834/1834/1624 1809/1809/1602 1810/1810/1603
f 1878/1878/1661 1807/1807/1600 1806/1806/1599
f 1806/1806/1599 1884/1884/1664 1878/1878/1661
f 1804/1804/1597 1783/1783/1577 1786/1786/1471
f 1786/1786/1471 1886/1886/1666 1804/1804/1597
f 1649/1649/1461 1883/1883/1585 1885/1885/1665
f 1885/1885/1665 1650/1650/1462 1649/1649/1461
f 1190/1190/1062 2082/2082/159 1109/1109/158
f 1109/1109/158 1112/1112/992 1190/1190/1062
f 1182/1182/1055 365/365/332 366/366/333
f 1896/1896/1676 1893/1893/1673 975/975/867
f 975/975/867 976/976/868 1896/1896/1676
f 1902/1902/1682 1900/1900/1680 994/994/886
f 994/994/886 1903/1903/885 1902/1902/1682
f 1016/1016/908 1909/1909/1688 2083/2083/1686
f 2083/2083/1686 1013/1013/905 1016/1016/908
f 1913/1913/1692 2084/2084/1782 1887/1887/1667
f 2085/2085/1783 1888/1888/1668 1887/1887/1667
f 1887/1887/1667 2084/2084/1782 2085/2085/1783
f 1048/1048/940 1047/1047/939 1895/1895/1675
f 1914/1914/1693 1051/1051/943 1052/1052/944
f 1052/1052/944 1899/1899/1679 1914/1914/1693
f 2086/2086/1784 2087/2087/1785 1901/1901/1681
f 1901/1901/1681 1904/1904/1683 2086/2086/1784
f 1910/1910/1689 1908/1908/1687 1056/1056/948
f 1056/1056/948 1055/1055/947 1910/1910/1689
f 1185/1185/1058 1898/1898/1678 1186/1186/1059
f 1912/1912/1691 1186/1186/1059 1898/1898/1678
f 1898/1898/1678 1897/1897/1677 1912/1912/1691
f 1916/1916/1694 1915/1915/1672 2088/2088/1671
f 2088/2088/1671 1918/1918/953 1916/1916/1694
f 972/972/864 2089/2089/1786 1070/1070/960
f 1477/1477/1304 1465/1465/1293 1466/1466/1294
f 1466/1466/1294 1469/1469/1297 1477/1477/1304
f 1481/1481/1308 1419/1419/1251 1077/1077/967
f 1077/1077/967 1076/1076/966 1481/1481/1308
f 1409/1409/1242 1411/1411/972 2090/2090/971
f 2090/2090/971 2091/2091/1787 1409/1409/1242
f 1507/1507/1331 1555/1555/1372 1515/1515/1339
f 1515/1515/1339 1509/1509/1333 1507/1507/1331
f 1261/1261/1121 1263/1263/1123 1259/1259/1120
f 1259/1259/1120 1258/1258/1119 1261/1261/1121
f 1244/1244/1107 1248/1248/1110 1251/1251/1112
f 1251/1251/1112 1241/1241/1105 1244/1244/1107
f 1211/1211/1080 1214/1214/1082 1232/1232/1098
f 1232/1232/1098 1231/1231/1097 1211/1211/1080
f 1205/1205/1074 1217/1217/1084 1220/1220/1087
f 1220/1220/1087 1206/1206/1075 1205/1205/1074
f 2092/2092/1788 2093/2093/1789 2094/2094/1790
f 2092/2092/1788 2094/2094/1790 1028/1028/920
f 2092/2092/1788 1028/1028/920 1044/1044/936
f 1044/1044/936 2095/2095/1791 2092/2092/1788
f 2096/2096/1792 954/954/847 957/957/849
f 957/957/849 2097/2097/920 2096/2096/1792
f 2096/2096/1792 2098/2098/1793 954/954/847
f 1025/1025/917 954/954/847 2098/2098/1793
f 2098/2098/1793 2099/2099/1794 1025/1025/917
f 1039/1039/931 968/968/860 967/967/859
f 967/967/859 2100/2100/1795 1039/1039/931
f 1038/1038/930 968/968/860 1039/1039/931
f 2101/2101/1796 1044/1044/936 1003/1003/895
f 1003/1003/895 1002/1002/894 2101/2101/1796
f 2102/2102/1797 2095/2095/1791 1044/1044/936
f 1044/1044/936 2101/2101/1796 2102/2102/1797
f 2103/2103/1798 2104/2104/1799 2105/2105/1800
f 2105/2105/1800 2106/2106/1801 2103/2103/1798
f 2107/2107/1802 2108/2108/1803 2109/2109/1804
f 2109/2109/1804 2110/2110/1805 2107/2107/1802
f 2111/2111/1806 2112/2112/1807 2113/2113/1800
f 2113/2113/1800 2114/2114/1808 2111/2111/1806
f 2115/2115/1809 2116/2116/1810 2117/2117/1811
f 2117/2117/1811 2118/2118/1812 2115/2115/1809
f 2119/2119/1813 2120/2120/1814 2121/2121/1815
f 2121/2121/1815 2122/2122/1816 2119/2119/1813
f 2123/2123/1817 2124/2124/1811 2110/2110/1805
f 2110/2110/1805 2125/2125/1818 2123/2123/1817
f 2115/2115/1809 2126/2126/1819 2127/2127/1820
f 2127/2127/1820 2128/2128/1813 2115/2115/1809
f 2127/2127/1820 2126/2126/1819 2129/2129/1821
f 2130/2130/1822 2131/2131/1823 2127/2127/1820
f 2127/2127/1820 2132/2132/1824 2130/2130/1822
f 2111/2111/1806 2120/2120/1814 2133/2133/1825
f 2133/2133/1825 2134/2134/1826 2111/2111/1806
f 2135/2135/1827 2136/2136/1828 2137/2137/1829
f 2137/2137/1829 2138/2138/1830 2135/2135/1827
f 2139/2139/1831 2140/2140/1832 2141/2141/1833
f 2141/2141/1833 2142/2142/1834 2139/2139/1831
f 2143/2143/1835 2125/2125/1818 2144/2144/1836
f 2144/2144/1836 2145/2145/1837 2143/2143/1835
f 2146/2146/1838 2147/2147/1817 2148/2148/1839
f 2148/2148/1839 2149/2149/1840 2146/2146/1838
f 2150/2150/1841 2151/2151/1842 2152/2152/1839
f 2152/2152/1839 2143/2143/1835 2150/2150/1841
f 2153/2153/1843 2154/2154/1844 2155/2155/1845
f 2155/2155/1845 2156/2156/1846 2153/2153/1843
f 2157/2157/1847 2158/2158/1848 2155/2155/1845
f 2155/2155/1845 2159/2159/1849 2157/2157/1847
f 2160/2160/1850 2150/2150/1841 2161/2161/1851
f 2161/2161/1851 2162/2162/1848 2160/2160/1850
f 2148/2148/1839 2163/2163/1852 2164/2164/1853
f 2164/2164/1853 2165/2165/1854 2148/2148/1839
f 2166/2166/1855 2167/2167/1856 2165/2165/1854
f 2165/2165/1854 2164/2164/1853 2166/2166/1855
f 2168/2168/1857 2169/2169/1853 2170/2170/1850
f 2170/2170/1850 2171/2171/1858 2168/2168/1857
f 2172/2172/1859 2173/2173/1860 2174/2174/1861
f 2174/2174/1861 2159/2159/1849 2172/2172/1859
f 2175/2175/1862 2176/2176/1863 2177/2177/1864
f 2177/2177/1864 2178/2178/1865 2175/2175/1862
f 2179/2179/1866 2171/2171/1858 2180/2180/1847
f 2180/2180/1847 2176/2176/1863 2179/2179/1866
f 2181/2181/1867 2182/2182/1868 2183/2183/1869
f 2183/2183/1869 2184/2184/1870 2181/2181/1867
f 2185/2185/1871 2186/2186/1872 2179/2179/1866
f 2179/2179/1866 2186/2186/1872 2187/2187/1873
f 2188/2188/1874 2189/2189/1875 2190/2190/1871
f 2190/2190/1871 2191/2191/1862 2188/2188/1874
f 2192/2192/1876 2184/2184/1870 2193/2193/1877
f 2193/2193/1877 2194/2194/1878 2192/2192/1876
f 2195/2195/1879 2196/2196/1880 2197/2197/1881
f 2197/2197/1881 2198/2198/1882 2195/2195/1879
f 2199/2199/1883 2200/2200/1884 2188/2188/1874
f 2188/2188/1874 2196/2196/1880 2199/2199/1883
f 2201/2201/1885 2202/2202/1886 2166/2166/1855
f 2166/2166/1855 2203/2203/1887 2201/2201/1885
f 2204/2204/1888 2205/2205/1889 2199/2199/1883
f 2199/2199/1883 2206/2206/1890 2204/2204/1888
f 2207/2207/1891 2208/2208/1892 2209/2209/1889
f 2209/2209/1889 2210/2210/1893 2207/2207/1891
f 2211/2211/1894 2212/2212/1878 2200/2200/1884
f 2200/2200/1884 2213/2213/1892 2211/2211/1894
f 2214/2214/1895 2215/2215/1896 2192/2192/1876
f 2192/2192/1876 2216/2216/1897 2214/2214/1895
f 2217/2217/1898 2218/2218/1899 2216/2216/1897
f 2216/2216/1897 2219/2219/1894 2217/2217/1898
f 2220/2220/1900 2221/2221/1901 2222/2222/1902
f 2222/2222/1902 2223/2223/1903 2220/2220/1900
f 2224/2224/1904 2225/2225/1898 2226/2226/1891
f 2226/2226/1891 2142/2142/1834 2224/2224/1904
f 2227/2227/1905 2228/2228/1906 2229/2229/1824
f 2229/2229/1824 2230/2230/1907 2227/2227/1905
f 2231/2231/1908 2232/2232/1909 2172/2172/1859
f 2172/2172/1859 2233/2233/1910 2231/2231/1908
f 2234/2234/1911 2235/2235/1912 2173/2173/1860
f 2173/2173/1860 2232/2232/1909 2234/2234/1911
f 2236/2236/1913 2237/2237/1914 2126/2126/1819
f 2126/2126/1819 2115/2115/1809 2236/2236/1913
f 2238/2238/1915 2239/2239/1916 2240/2240/1917
f 2240/2240/1917 2237/2237/1914 2238/2238/1915
f 2240/2240/1917 2239/2239/1916 2241/2241/1918
f 2242/2242/1919 2243/2243/1920 2129/2129/1821
f 2129/2129/1821 2240/2240/1917 2242/2242/1919
f 2238/2238/1915 2244/2244/1921 2245/2245/1922
f 2245/2245/1922 2239/2239/1916 2238/2238/1915
f 2246/2246/1923 2247/2247/1924 2245/2245/1922
f 2245/2245/1922 2248/2248/1925 2246/2246/1923
f 2249/2249/1923 2250/2250/1926 2251/2251/1927
f 2251/2251/1927 2252/2252/1924 2249/2249/1923
f 2251/2251/1927 2250/2250/1926 2253/2253/1928
f 2254/2254/1929 2255/2255/1930 2256/2256/1931
f 2256/2256/1931 2255/2255/1930 2257/2257/1932
f 2258/2258/1933 2214/2214/1895 2242/2242/1919
f 2216/2216/1897 2259/2259/1934 2242/2242/1919
f 2242/2242/1919 2214/2214/1895 2216/2216/1897
f 2167/2167/1856 2202/2202/1886 2248/2248/1925
f 2248/2248/1925 2260/2260/1935 2167/2167/1856
f 2182/2182/1868 2261/2261/1936 2246/2246/1923
f 2246/2246/1923 2201/2201/1885 2182/2182/1868
f 2260/2260/1935 2244/2244/1921 2149/2149/1840
f 2149/2149/1840 2165/2165/1854 2260/2260/1935
f 2237/2237/1914 2236/2236/1913 2146/2146/1838
f 2146/2146/1838 2238/2238/1915 2237/2237/1914
f 2147/2147/1817 2146/2146/1838 2236/2236/1913
f 2236/2236/1913 2118/2118/1812 2147/2147/1817
f 2262/2262/1937 2263/2263/1938 2264/2264/1939
f 2264/2264/1939 2265/2265/1940 2262/2262/1937
f 2266/2266/1941 2267/2267/1942 2268/2268/1943
f 2268/2268/1943 2269/2269/1944 2266/2266/1941
f 2270/2270/1945 2271/2271/1946 2272/2272/1947
f 2272/2272/1947 2273/2273/1948 2270/2270/1945
f 2274/2274/1949 2275/2275/1950 2276/2276/1951
f 2276/2276/1951 2277/2277/1952 2274/2274/1949
f 2278/2278/1953 2279/2279/1954 2271/2271/1946
f 2271/2271/1946 2280/2280/1951 2278/2278/1953
f 2281/2281/1955 2282/2282/1956 2283/2283/1957
f 2283/2283/1957 2284/2284/1958 2281/2281/1955
f 2274/2274/1949 2285/2285/1959 2286/2286/1960
f 2286/2286/1960 2287/2287/1961 2274/2274/1949
f 2287/2287/1961 2286/2286/1960 2288/2288/1962
f 2266/2266/1941 2289/2289/1963 2290/2290/1964
f 2290/2290/1964 2284/2284/1958 2266/2266/1941
f 2291/2291/1965 2292/2292/1966 2286/2286/1960
f 2286/2286/1960 2293/2293/1967 2291/2291/1965
f 2294/2294/1968 2295/2295/1969 2296/2296/1944
f 2296/2296/1944 2297/2297/1970 2294/2294/1968
f 2298/2298/1971 2299/2299/1972 2300/2300/1973
f 2300/2300/1973 2301/2301/1974 2298/2298/1971
f 2302/2302/1975 2303/2303/1976 2304/2304/1977
f 2304/2304/1977 2279/2279/1954 2302/2302/1975
f 2305/2305/1978 2306/2306/1979 2307/2307/1980
f 2307/2307/1980 2308/2308/1953 2305/2305/1978
f 2309/2309/1981 2302/2302/1975 2310/2310/1982
f 2310/2310/1982 2311/2311/1983 2309/2309/1981
f 2312/2312/1984 2313/2313/1985 2314/2314/1986
f 2314/2314/1986 2315/2315/1987 2312/2312/1984
f 2316/2316/1988 2317/2317/1989 2318/2318/1990
f 2318/2318/1990 2309/2309/1981 2316/2316/1988
f 2319/2319/1991 2320/2320/1992 2321/2321/1993
f 2321/2321/1993 2322/2322/1994 2319/2319/1991
f 2307/2307/1980 2323/2323/1995 2324/2324/1996
f 2324/2324/1996 2325/2325/1997 2307/2307/1980
f 2326/2326/1998 2324/2324/1996 2323/2323/1995
f 2323/2323/1995 2327/2327/1999 2326/2326/1998
f 2328/2328/2000 2329/2329/2001 2330/2330/2002
f 2330/2330/2002 2331/2331/2003 2328/2328/2000
f 2332/2332/2004 2333/2333/2005 2320/2320/1992
f 2320/2320/1992 2333/2333/2005 2334/2334/2006
f 2335/2335/2007 2336/2336/2008 2319/2319/1991
f 2319/2319/1991 2337/2337/2009 2335/2335/2007
f 2337/2337/2009 2319/2319/1991 2329/2329/2001
f 2335/2335/2007 2338/2338/2010 2332/2332/2004
f 2332/2332/2004 2336/2336/2008 2335/2335/2007
f 2339/2339/2011 2332/2332/2004 2338/2338/2010
f 2338/2338/2010 2340/2340/2012 2339/2339/2011
f 2341/2341/2013 2342/2342/2014 2343/2343/2015
f 2343/2343/2015 2344/2344/2016 2341/2341/2013
f 2345/2345/2017 2346/2346/2018 2347/2347/2019
f 2347/2347/2019 2342/2342/2014 2345/2345/2017
f 2348/2348/2020 2338/2338/2010 2335/2335/2007
f 2335/2335/2007 2349/2349/2019 2348/2348/2020
f 2350/2350/2021 2351/2351/2022 2335/2335/2007
f 2335/2335/2007 2337/2337/2009 2350/2350/2021
f 2352/2352/2023 2353/2353/2024 2354/2354/2012
f 2354/2354/2012 2355/2355/2025 2352/2352/2023
f 2356/2356/2026 2355/2355/2025 2357/2357/2027
f 2357/2357/2027 2358/2358/2028 2356/2356/2026
f 2359/2359/2029 2360/2360/2030 2326/2326/1998
f 2326/2326/1998 2361/2361/2031 2359/2359/2029
f 2362/2362/2032 2356/2356/2026 2363/2363/2033
f 2363/2363/2033 2364/2364/2034 2362/2362/2032
f 2365/2365/2035 2366/2366/2036 2358/2358/2028
f 2358/2358/2028 2367/2367/2018 2365/2365/2035
f 2368/2368/2037 2369/2369/2038 2370/2370/2039
f 2370/2370/2039 2371/2371/2040 2368/2368/2037
f 2372/2372/2041 2373/2373/2042 2345/2345/2017
f 2345/2345/2017 2374/2374/2043 2372/2372/2041
f 2375/2375/2044 2376/2376/2035 2373/2373/2042
f 2373/2373/2042 2377/2377/2045 2375/2375/2044
f 2378/2378/2046 2379/2379/2038 2380/2380/2047
f 2380/2380/2047 2381/2381/2048 2378/2378/2046
f 2382/2382/2049 2299/2299/1972 2383/2383/2050
f 2383/2383/2050 2384/2384/2051 2382/2382/2049
f 2385/2385/2052 2386/2386/2053 2387/2387/1966
f 2387/2387/1966 2388/2388/2045 2385/2385/2052
f 2389/2389/2054 2390/2390/2055 2391/2391/1985
f 2391/2391/1985 2392/2392/2056 2389/2389/2054
f 2393/2393/2057 2394/2394/2058 2395/2395/2059
f 2395/2395/2059 2396/2396/2060 2393/2393/2057
f 2394/2394/2058 2397/2397/2061 2398/2398/2006
f 2394/2394/2058 2398/2398/2006 2395/2395/2059
f 2393/2393/2057 2399/2399/2062 2397/2397/2061
f 2397/2397/2061 2394/2394/2058 2393/2393/2057
f 2400/2400/2063 2274/2274/1949 2287/2287/1961
f 2287/2287/1961 2401/2401/2064 2400/2400/2063
f 2402/2402/2065 2403/2403/2066 2288/2288/1962
f 2288/2288/1962 2404/2404/2067 2402/2402/2065
f 2405/2405/2068 2401/2401/2064 2403/2403/2066
f 2403/2403/2066 2406/2406/2069 2405/2405/2068
f 2406/2406/2069 2403/2403/2066 2407/2407/2070
f 2405/2405/2068 2406/2406/2069 2408/2408/2071
f 2408/2408/2071 2409/2409/2072 2405/2405/2068
f 2410/2410/2073 2411/2411/2074 2412/2412/2070
f 2412/2412/2070 2413/2413/2075 2410/2410/2073
f 2413/2413/2075 2412/2412/2070 2414/2414/2076
f 2415/2415/2077 2416/2416/2078 2408/2408/2071
f 2408/2408/2071 2417/2417/2079 2415/2415/2077
f 2413/2413/2075 2418/2418/2080 2419/2419/2081
f 2419/2419/2081 2418/2418/2080 2420/2420/2013
f 2421/2421/2076 2402/2402/2065 2372/2372/2041
f 2373/2373/2042 2372/2372/2041 2402/2402/2065
f 2402/2402/2065 2422/2422/2052 2373/2373/2042
f 2327/2327/1999 2423/2423/2082 2416/2416/2078
f 2416/2416/2078 2361/2361/2031 2327/2327/1999
f 2344/2344/2016 2359/2359/2029 2415/2415/2077
f 2415/2415/2077 2424/2424/2083 2344/2344/2016
f 2423/2423/2082 2323/2323/1995 2306/2306/1979
f 2306/2306/1979 2409/2409/2072 2423/2423/2082
f 2401/2401/2064 2405/2405/2068 2305/2305/1978
f 2305/2305/1978 2400/2400/2063 2401/2401/2064
f 2308/2308/1953 2275/2275/1950 2400/2400/2063
f 2400/2400/2063 2305/2305/1978 2308/2308/1953
f 2425/2425/2084 2426/2426/2085 2427/2427/2086
f 2427/2427/2086 2428/2428/2087 2425/2425/2084
f 1026/1026/918 2429/2429/2088 2430/2430/2089
f 2430/2430/2089 1023/1023/915 1026/1026/918
f 1023/1023/915 2430/2430/2089 2033/2033/1757
f 2431/2431/2090 2432/2432/2091 2433/2433/2088
f 2433/2433/2088 2434/2434/2092 2431/2431/2090
f 2435/2435/1911 2436/2436/2086 2432/2432/2091
f 2432/2432/2091 2195/2195/1879 2435/2435/1911
f 2098/2098/1793 2437/2437/2093 2438/2438/2092
f 2438/2438/2092 2099/2099/1794 2098/2098/1793
f 2429/2429/2088 1026/1026/918 2099/2099/1794
f 2099/2099/1794 2438/2438/2092 2429/2429/2088
f 2439/2439/2094 2440/2440/2095 2441/2441/2096
f 2441/2441/2096 2442/2442/2097 2439/2439/2094
f 2443/2443/2098 2206/2206/1890 2431/2431/2090
f 2431/2431/2090 2440/2440/2095 2443/2443/2098
f 2444/2444/2099 2445/2445/2100 2446/2446/2101
f 2446/2446/2101 2447/2447/2102 2444/2444/2099
f 2448/2448/2103 2449/2449/2104 2450/2450/2105
f 2450/2450/2105 2451/2451/2106 2448/2448/2103
f 2452/2452/2107 2453/2453/2108 2454/2454/2109
f 2454/2454/2109 2449/2449/2104 2452/2452/2107
f 2455/2455/2110 2456/2456/2108 2457/2457/2111
f 2458/2458/2112 2459/2459/1796 2457/2457/2111
f 2457/2457/2111 2456/2456/2108 2458/2458/2112
f 2135/2135/1827 2460/2460/2113 2461/2461/2114
f 2461/2461/2114 2462/2462/2115 2135/2135/1827
f 2458/2458/2112 2463/2463/2116 2464/2464/2117
f 2464/2464/2117 2465/2465/2118 2458/2458/2112
f 2466/2466/2119 2467/2467/2117 2448/2448/2103
f 2448/2448/2103 2468/2468/2120 2466/2466/2119
f 2469/2469/2121 2470/2470/2122 2471/2471/2123
f 2471/2471/2123 2472/2472/2124 2469/2469/2121
f 2473/2473/2125 2474/2474/2126 2470/2470/2122
f 2470/2470/2122 2475/2475/2127 2473/2473/2125
f 2029/2029/1753 2476/2476/2128 2477/2477/2127
f 2477/2477/2127 2030/2030/1754 2029/2029/1753
f 2478/2478/2129 981/981/873 2030/2030/1754
f 2030/2030/1754 2477/2477/2127 2478/2478/2129
f 2473/2473/2125 2479/2479/2130 2480/2480/2131
f 2480/2480/2131 2481/2481/2132 2473/2473/2125
f 2481/2481/2132 2480/2480/2131 2482/2482/2133
f 2483/2483/2134 2484/2484/2135 2485/2485/2136
f 2031/2031/1755 2486/2486/2121 2485/2485/2136
f 2485/2485/2136 2484/2484/2135 2031/2031/1755
f 2487/2487/1708 2154/2154/1844 2488/2488/2137
f 2488/2488/2137 2489/2489/2138 2487/2487/1708
f 2490/2490/2139 2491/2491/2140 2488/2488/2137
f 2488/2488/2137 2153/2153/1843 2490/2490/2139
f 967/967/859 1943/1943/1705 2492/2492/2141
f 2492/2492/2141 2100/2100/1795 967/967/859
f 2493/2493/2142 1040/1040/932 2100/2100/1795
f 2100/2100/1795 2492/2492/2141 2493/2493/2142
f 2494/2494/2143 2495/2495/2144 2496/2496/2145
f 2496/2496/2145 2497/2497/2146 2494/2494/2143
f 2498/2498/2147 2499/2499/2141 2500/2500/2148
f 2500/2500/2148 2501/2501/2149 2498/2498/2147
f 2502/2502/2150 2136/2136/1828 2462/2462/2115
f 2462/2462/2115 2503/2503/2151 2502/2502/2150
f 1040/1040/932 2493/2493/2142 2504/2504/2152
f 2504/2504/2152 1035/1035/927 1040/1040/932
f 2476/2476/2128 2029/2029/1753 1035/1035/927
f 1035/1035/927 2504/2504/2152 2476/2476/2128
f 2206/2206/1890 2443/2443/2098 2439/2439/2094
f 2439/2439/2094 2204/2204/1888 2206/2206/1890
f 2204/2204/1888 2439/2439/2094 2468/2468/2120
f 2465/2465/2118 2505/2505/2153 2506/2506/2154
f 2506/2506/2154 2507/2507/1789 2465/2465/2118
f 2437/2437/2093 2098/2098/1793 2507/2507/1789
f 2507/2507/1789 2506/2506/2154 2437/2437/2093
f 2508/2508/2155 2509/2509/2156 2510/2510/2057
f 2510/2510/2057 2352/2352/2023 2508/2508/2155
f 2511/2511/2157 2512/2512/2158 2513/2513/2159
f 2513/2513/2159 2514/2514/2160 2511/2511/2157
f 2515/2515/2161 2514/2514/2160 2516/2516/2162
f 2516/2516/2162 2362/2362/2032 2515/2515/2161
f 2517/2517/2163 2518/2518/2046 2519/2519/2164
f 2519/2519/2164 2520/2520/2165 2517/2517/2163
f 2521/2521/2166 2522/2522/2167 2523/2523/2168
f 2523/2523/2168 2524/2524/2169 2521/2521/2166
f 2525/2525/2170 2520/2520/2165 2526/2526/2166
f 2526/2526/2166 2527/2527/2171 2525/2525/2170
f 2528/2528/2172 2529/2529/2173 2530/2530/2174
f 2530/2530/2174 2294/2294/1968 2528/2528/2172
f 2512/2512/2158 2531/2531/2175 2517/2517/2163
f 2517/2517/2163 2525/2525/2170 2512/2512/2158
f 2532/2532/2176 2533/2533/2177 2534/2534/2178
f 2534/2534/2178 2535/2535/2179 2532/2532/2176
f 2536/2536/2180 2537/2537/2181 2535/2535/2179
f 2535/2535/2179 2538/2538/2182 2536/2536/2180
f 2539/2539/2183 2389/2389/2054 2537/2537/2181
f 2537/2537/2181 2540/2540/2184 2539/2539/2183
f 2541/2541/2185 2542/2542/2177 2543/2543/2186
f 2087/2087/1785 2543/2543/2186 2542/2542/2177
f 2542/2542/2177 2544/2544/2176 2087/2087/1785
f 2545/2545/2187 2528/2528/2172 2297/2297/1970
f 2297/2297/1970 2546/2546/2188 2545/2545/2187
f 2362/2362/2032 2364/2364/2034 2511/2511/2157
f 2511/2511/2157 2515/2515/2161 2362/2362/2032
f 2512/2512/2158 2511/2511/2157 2364/2364/2034
f 2364/2364/2034 2531/2531/2175 2512/2512/2158
f 2120/2120/1814 2111/2111/1806 2114/2114/1808
f 2114/2114/1808 2121/2121/1815 2120/2120/1814
f 2144/2144/1836 2125/2125/1818 2110/2110/1805
f 2110/2110/1805 2109/2109/1804 2144/2144/1836
f 2150/2150/1841 2143/2143/1835 2145/2145/1837
f 2145/2145/1837 2161/2161/1851 2150/2150/1841
f 2176/2176/1863 2175/2175/1862 2179/2179/1866
f 2179/2179/1866 2175/2175/1862 2185/2185/1871
f 2200/2200/1884 2212/2212/1878 2189/2189/1875
f 2189/2189/1875 2188/2188/1874 2200/2200/1884
f 2547/2547/1898 2548/2548/1894 2208/2208/1892
f 2208/2208/1892 2207/2207/1891 2547/2547/1898
f 2549/2549/1823 2224/2224/1904 2142/2142/1834
f 2142/2142/1834 2141/2141/1833 2549/2549/1823
f 2241/2241/1918 2258/2258/1933 2240/2240/1917
f 2240/2240/1917 2258/2258/1933 2242/2242/1919
f 2198/2198/1882 2197/2197/1881 2550/2550/2189
f 2550/2550/2189 2551/2551/2190 2198/2198/1882
f 2552/2552/2191 2250/2250/1926 2249/2249/1923
f 2248/2248/1925 2245/2245/1922 2260/2260/1935
f 2260/2260/1935 2245/2245/1922 2244/2244/1921
f 2171/2171/1858 2170/2170/1850 2553/2553/1848
f 2553/2553/1848 2180/2180/1847 2171/2171/1858
f 2218/2218/1899 2259/2259/1934 2216/2216/1897
f 2127/2127/1820 2129/2129/1821 2132/2132/1824
f 2132/2132/1824 2129/2129/1821 2243/2243/1920
f 2201/2201/1885 2203/2203/1887 2183/2183/1869
f 2183/2183/1869 2182/2182/1868 2201/2201/1885
f 2256/2256/1931 2257/2257/1932 2554/2554/1870
f 2554/2554/1870 2555/2555/1876 2256/2256/1931
f 2117/2117/1811 2147/2147/1817 2118/2118/1812
f 2116/2116/1810 2115/2115/1809 2128/2128/1813
f 2148/2148/1839 2165/2165/1854 2149/2149/1840
f 2167/2167/1856 2166/2166/1855 2202/2202/1886
f 2284/2284/1958 2283/2283/1957 2267/2267/1942
f 2267/2267/1942 2266/2266/1941 2284/2284/1958
f 2304/2304/1977 2272/2272/1947 2271/2271/1946
f 2271/2271/1946 2279/2279/1954 2304/2304/1977
f 2303/2303/1976 2302/2302/1975 2309/2309/1981
f 2309/2309/1981 2318/2318/1990 2303/2303/1976
f 2358/2358/2028 2357/2357/2027 2556/2556/2192
f 2556/2556/2192 2367/2367/2018 2358/2358/2028
f 2371/2371/2040 2557/2557/2035 2558/2558/2193
f 2558/2558/2193 2368/2368/2037 2371/2371/2040
f 2299/2299/1972 2382/2382/2049 2559/2559/1967
f 2559/2559/1967 2300/2300/1973 2299/2299/1972
f 2407/2407/2070 2403/2403/2066 2421/2421/2076
f 2403/2403/2066 2402/2402/2065 2421/2421/2076
f 2332/2332/2004 2339/2339/2011 2333/2333/2005
f 2419/2419/2081 2410/2410/2073 2413/2413/2075
f 2416/2416/2078 2423/2423/2082 2408/2408/2071
f 2408/2408/2071 2423/2423/2082 2409/2409/2072
f 2322/2322/1994 2330/2330/2002 2329/2329/2001
f 2329/2329/2001 2319/2319/1991 2322/2322/1994
f 2312/2312/1984 2315/2315/1987 2397/2397/2061
f 2397/2397/2061 2315/2315/1987 2560/2560/2194
f 2560/2560/2194 2398/2398/2006 2397/2397/2061
f 2373/2373/2042 2422/2422/2052 2377/2377/2045
f 2404/2404/2067 2288/2288/1962 2292/2292/1966
f 2292/2292/1966 2288/2288/1962 2286/2286/1960
f 2343/2343/2015 2360/2360/2030 2359/2359/2029
f 2359/2359/2029 2344/2344/2016 2343/2343/2015
f 2418/2418/2080 2561/2561/2195 2562/2562/2014
f 2562/2562/2014 2420/2420/2013 2418/2418/2080
f 2276/2276/1951 2275/2275/1950 2308/2308/1953
f 2285/2285/1959 2274/2274/1949 2277/2277/1952
f 2306/2306/1979 2323/2323/1995 2307/2307/1980
f 2326/2326/1998 2327/2327/1999 2361/2361/2031
f 2432/2432/2091 2199/2199/1883 2196/2196/1880
f 2196/2196/1880 2195/2195/1879 2432/2432/2091
f 2206/2206/1890 2199/2199/1883 2432/2432/2091
f 2432/2432/2091 2431/2431/2090 2206/2206/1890
f 2563/2563/2196 2564/2564/2197 2140/2140/1832
f 2140/2140/1832 2139/2139/1831 2563/2563/2196
f 2565/2565/2099 2563/2563/2196 2139/2139/1831
f 2139/2139/1831 2566/2566/2198 2565/2565/2099
f 2567/2567/1798 2568/2568/2126 2569/2569/2199
f 2567/2567/1798 2569/2569/2199 2570/2570/2200
f 2567/2567/1798 2570/2570/2200 2571/2571/2201
f 2567/2567/1798 2571/2571/2201 2572/2572/2202
f 2567/2567/1798 2572/2572/2202 2573/2573/2203
f 2567/2567/1798 2573/2573/2203 2574/2574/1799
f 2154/2154/1844 2172/2172/1859 2159/2159/1849
f 2159/2159/1849 2155/2155/1845 2154/2154/1844
f 2154/2154/1844 2487/2487/1708 2233/2233/1910
f 2233/2233/1910 2172/2172/1859 2154/2154/1844
f 2575/2575/2204 2106/2106/1801 2105/2105/1800
f 2105/2105/1800 2137/2137/1829 2575/2575/2204
f 2136/2136/1828 2502/2502/2150 2575/2575/2204
f 2575/2575/2204 2137/2137/1829 2136/2136/1828
f 2576/2576/2205 2577/2577/2206 2578/2578/2207
f 2576/2576/2205 2578/2578/2207 2579/2579/2139
f 2576/2576/2205 2579/2579/2139 2580/2580/2208
f 2576/2576/2205 2580/2580/2208 2581/2581/2209
f 2576/2576/2205 2581/2581/2209 2582/2582/2210
f 2576/2576/2205 2582/2582/2210 2583/2583/2211
f 2576/2576/2205 2583/2583/2211 2584/2584/2212
f 2576/2576/2205 2584/2584/2212 2585/2585/2213
f 2586/2586/2214 2205/2205/1889 2451/2451/2106
f 2468/2468/2120 2451/2451/2106 2205/2205/1889
f 2205/2205/1889 2204/2204/1888 2468/2468/2120
f 2468/2468/2120 2448/2448/2103 2451/2451/2106
f 2508/2508/2155 2352/2352/2023 2355/2355/2025
f 2355/2355/2025 2356/2356/2026 2508/2508/2155
f 2362/2362/2032 2516/2516/2162 2508/2508/2155
f 2508/2508/2155 2356/2356/2026 2362/2362/2032
f 2587/2587/2215 2298/2298/1971 2301/2301/1974
f 2301/2301/1974 2588/2588/1968 2587/2587/2215
f 2589/2589/2169 2590/2590/2168 2298/2298/1971
f 2298/2298/1971 2587/2587/2215 2589/2589/2169
f 2591/2591/2216 2592/2592/2217 2593/2593/1940
f 2591/2591/2216 2593/2593/1940 2594/2594/2218
f 2591/2591/2216 2594/2594/2218 2595/2595/2219
f 2591/2591/2216 2595/2595/2219 2596/2596/2220
f 2591/2591/2216 2596/2596/2220 2597/2597/2221
f 2591/2591/2216 2597/2597/2221 2598/2598/2222
f 2591/2591/2216 2598/2598/2222 2599/2599/2223
f 2591/2591/2216 2599/2599/2223 2600/2600/2180
f 2601/2601/2224 2296/2296/1944 2264/2264/1939
f 2264/2264/1939 2263/2263/1938 2601/2601/2224
f 2297/2297/1970 2296/2296/1944 2601/2601/2224
f 2601/2601/2224 2546/2546/2188 2297/2297/1970
f 2602/2602/2225 2603/2603/2226 2604/2604/2227
f 2602/2602/2225 2604/2604/2227 2605/2605/2228
f 2606/2606/2229 2607/2607/2230 2602/2602/2225
f 2608/2608/2231 2606/2606/2229 2602/2602/2225
f 2605/2605/2228 2608/2608/2231 2602/2602/2225
f 2609/2609/2038 2518/2518/2046 2363/2363/2033
f 2531/2531/2175 2364/2364/2034 2363/2363/2033
f 2363/2363/2033 2518/2518/2046 2531/2531/2175
f 2531/2531/2175 2518/2518/2046 2517/2517/2163
f 986/986/878 989/989/881 985/985/877
f 985/985/877 2486/2486/2121 986/986/878
f 981/981/873 2478/2478/2129 2486/2486/2121
f 2486/2486/2121 985/985/877 981/981/873
f 2610/2610/902 2611/2611/2232 2612/2612/2233
f 2612/2612/2233 2613/2613/2234 2610/2610/902
f 2031/2031/1755 2614/2614/2235 2615/2615/2236
f 2615/2615/2236 2610/2610/902 2031/2031/1755
f 2610/2610/902 2615/2615/2236 2611/2611/2232
f 986/986/878 2486/2486/2121 2031/2031/1755
f 2463/2463/2116 2458/2458/2112 2456/2456/2108
f 2426/2426/2085 2425/2425/2084 2616/2616/2237
f 2616/2616/2237 2617/2617/1757 2426/2426/2085
f 1901/1901/1681 2544/2544/2176 1900/1900/1680
f 1900/1900/1680 1902/1902/1682 1901/1901/1681
f 1899/1899/1679 1900/1900/1680 2544/2544/2176
f 2544/2544/2176 2618/2618/2238 1899/1899/1679
f 2619/2619/2239 2620/2620/1688 2621/2621/2240
f 2621/2621/2240 2622/2622/2241 2619/2619/2239
f 2087/2087/1785 2619/2619/2239 2623/2623/2242
f 2623/2623/2242 2624/2624/2243 2087/2087/1785
f 2619/2619/2239 2622/2622/2241 2623/2623/2242
f 2625/2625/2244 2626/2626/2159 2084/2084/1782
f 2084/2084/1782 1913/1913/1692 2625/2625/2244
f 2627/2627/2245 2084/2084/1782 2626/2626/2159
f 2626/2626/2159 2628/2628/2246 2627/2627/2245
f 2618/2618/2238 2629/2629/2247 1914/1914/1693
f 1914/1914/1693 1899/1899/1679 2618/2618/2238
f 1895/1895/1675 1914/1914/1693 2629/2629/2247
f 2629/2629/2247 2630/2630/2054 1895/1895/1675
f 1901/1901/1681 2087/2087/1785 2544/2544/2176
f 2631/2631/2248 2632/2632/2171 2633/2633/1687
f 2633/2633/1687 2627/2627/2245 2631/2631/2248
f 1913/1913/1692 1912/1912/1691 2634/2634/2249
f 2634/2634/2249 2635/2635/2250 1913/1913/1692
f 1897/1897/1677 2636/2636/2251 2634/2634/2249
f 2634/2634/2249 1912/1912/1691 1897/1897/1677
f 2637/2637/2252 2457/2457/2111 2613/2613/2234
f 2613/2613/2234 2612/2612/2233 2637/2637/2252
f 2637/2637/2252 2455/2455/2110 2457/2457/2111
f 2614/2614/2235 2031/2031/1755 2638/2638/2253
f 2031/2031/1755 2484/2484/2135 2638/2638/2253
f 2505/2505/2153 2465/2465/2118 2464/2464/2117
f 2630/2630/2054 2639/2639/2056 1896/1896/1676
f 1896/1896/1676 1895/1895/1675 2630/2630/2054
f 2640/2640/1984 1897/1897/1677 1896/1896/1676
f 1896/1896/1676 2639/2639/2056 2640/2640/1984
f 2640/2640/1984 2636/2636/2251 1897/1897/1677
f 2635/2635/2250 2625/2625/2244 1913/1913/1692
f 2641/2641/2254 2621/2621/2240 2620/2620/1688
f 2620/2620/1688 2633/2633/1687 2641/2641/2254
f 2633/2633/1687 2632/2632/2171 2641/2641/2254
f 2624/2624/2243 2642/2642/2255 2087/2087/1785
f 2543/2543/2186 2087/2087/1785 2642/2642/2255
f 2627/2627/2245 2628/2628/2246 2631/2631/2248
f 2643/2643/2086 2234/2234/1911 2232/2232/1909
f 2232/2232/1909 2231/2231/1908 2643/2643/2086
f 2446/2446/2101 2644/2644/2256 2447/2447/2102
f 2645/2645/2257 2646/2646/2258 2647/2647/2259
f 2648/2648/2260 2649/2649/2124 2646/2646/2258
f 2650/2650/2261 2647/2647/2259 2649/2649/2124
f 2646/2646/2258 2649/2649/2124 2647/2647/2259
f 2462/2462/2115 2461/2461/2114 2503/2503/2151
f 2651/2651/2262 2481/2481/2132 2482/2482/2133
f 2443/2443/2098 2440/2440/2095 2439/2439/2094
f 2399/2399/2062 2393/2393/2057 2652/2652/2263
f 2522/2522/2167 2521/2521/2166 2653/2653/2264
f 2654/2654/2185 2655/2655/2265 2656/2656/2266
f 2657/2657/2257 2658/2658/2267 2655/2655/2265
f 2655/2655/2265 2658/2658/2267 2656/2656/2266
f 2658/2658/2267 2659/2659/2178 2656/2656/2266
f 2528/2528/2172 2545/2545/2187 2529/2529/2173
f 2660/2660/2268 2539/2539/2183 2540/2540/2184
f 2515/2515/2161 2511/2511/2157 2514/2514/2160
f 2491/2491/2140 2489/2489/2138 2488/2488/2137
f 2661/2661/1803 2105/2105/1800 2104/2104/1799
f 2104/2104/1799 2662/2662/1804 2661/2661/1803
f 2124/2124/1811 2663/2663/1816 2107/2107/1802
f 2107/2107/1802 2110/2110/1805 2124/2124/1811
f 2128/2128/1813 2127/2127/1820 2131/2131/1823
f 2131/2131/1823 2664/2664/1814 2128/2128/1813
f 2665/2665/1830 2112/2112/1807 2111/2111/1806
f 2111/2111/1806 2134/2134/1826 2665/2665/1830
f 2152/2152/1839 2123/2123/1817 2125/2125/1818
f 2125/2125/1818 2143/2143/1835 2152/2152/1839
f 2666/2666/1846 2667/2667/2269 2162/2162/1848
f 2162/2162/1848 2161/2161/1851 2666/2666/1846
f 2164/2164/1853 2163/2163/1852 2668/2668/2270
f 2668/2668/2270 2669/2669/2271 2164/2164/1853
f 2670/2670/2272 2177/2177/1864 2176/2176/1863
f 2176/2176/1863 2180/2180/1847 2670/2670/2272
f 2193/2193/1877 2184/2184/1870 2183/2183/1869
f 2183/2183/1869 2671/2671/2273 2193/2193/1877
f 2191/2191/1862 2197/2197/1881 2196/2196/1880
f 2196/2196/1880 2188/2188/1874 2191/2191/1862
f 2187/2187/1873 2168/2168/1857 2171/2171/1858
f 2171/2171/1858 2179/2179/1866 2187/2187/1873
f 2199/2199/1883 2205/2205/1889 2213/2213/1892
f 2213/2213/1892 2200/2200/1884 2199/2199/1883
f 2216/2216/1897 2192/2192/1876 2194/2194/1878
f 2194/2194/1878 2219/2219/1894 2216/2216/1897
f 2586/2586/2214 2139/2139/1831 2142/2142/1834
f 2142/2142/1834 2226/2226/1891 2586/2586/2214
f 2132/2132/1824 2218/2218/1899 2217/2217/1898
f 2217/2217/1898 2130/2130/1822 2132/2132/1824
f 2232/2232/1909 2173/2173/1860 2172/2172/1859
f 2126/2126/1819 2237/2237/1914 2240/2240/1917
f 2240/2240/1917 2129/2129/1821 2126/2126/1819
f 2241/2241/1918 2239/2239/1916 2245/2245/1922
f 2245/2245/1922 2247/2247/1924 2241/2241/1918
f 2250/2250/1926 2672/2672/1896 2673/2673/1895
f 2673/2673/1895 2253/2253/1928 2250/2250/1926
f 2242/2242/1919 2259/2259/1934 2243/2243/1920
f 2248/2248/1925 2202/2202/1886 2201/2201/1885
f 2201/2201/1885 2246/2246/1923 2248/2248/1925
f 2261/2261/1936 2182/2182/1868 2181/2181/1867
f 2149/2149/1840 2244/2244/1921 2238/2238/1915
f 2238/2238/1915 2146/2146/1838 2149/2149/1840
f 2115/2115/1809 2118/2118/1812 2236/2236/1913
f 2260/2260/1935 2165/2165/1854 2167/2167/1856
f 2265/2265/1940 2264/2264/1939 2674/2674/2274
f 2674/2674/2274 2675/2675/1947 2265/2265/1940
f 2676/2676/1952 2280/2280/1951 2271/2271/1946
f 2271/2271/1946 2270/2270/1945 2676/2676/1952
f 2286/2286/1960 2285/2285/1959 2677/2677/1958
f 2677/2677/1958 2293/2293/1967 2286/2286/1960
f 2266/2266/1941 2269/2269/1944 2678/2678/1969
f 2678/2678/1969 2289/2289/1963 2266/2266/1941
f 2278/2278/1953 2310/2310/1982 2302/2302/1975
f 2302/2302/1975 2279/2279/1954 2278/2278/1953
f 2317/2317/1989 2679/2679/2275 2680/2680/1986
f 2680/2680/1986 2318/2318/1990 2317/2317/1989
f 2325/2325/1997 2324/2324/1996 2681/2681/2002
f 2681/2681/2002 2682/2682/2276 2325/2325/1997
f 2332/2332/2004 2320/2320/1992 2319/2319/1991
f 2319/2319/1991 2336/2336/2008 2332/2332/2004
f 2343/2343/2015 2342/2342/2014 2347/2347/2019
f 2347/2347/2019 2683/2683/2277 2343/2343/2015
f 2355/2355/2025 2354/2354/2012 2684/2684/2010
f 2684/2684/2010 2357/2357/2027 2355/2355/2025
f 2328/2328/2000 2350/2350/2021 2337/2337/2009
f 2337/2337/2009 2329/2329/2001 2328/2328/2000
f 2363/2363/2033 2356/2356/2026 2358/2358/2028
f 2358/2358/2028 2366/2366/2036 2363/2363/2033
f 2345/2345/2017 2373/2373/2042 2376/2376/2035
f 2376/2376/2035 2346/2346/2018 2345/2345/2017
f 2299/2299/1972 2298/2298/1971 2609/2609/2038
f 2609/2609/2038 2383/2383/2050 2299/2299/1972
f 2375/2375/2044 2377/2377/2045 2292/2292/1966
f 2292/2292/1966 2291/2291/1965 2375/2375/2044
f 2685/2685/2278 2686/2686/2225 2687/2687/2279
f 2401/2401/2064 2287/2287/1961 2288/2288/1962
f 2288/2288/1962 2403/2403/2066 2401/2401/2064
f 2408/2408/2071 2406/2406/2069 2407/2407/2070
f 2407/2407/2070 2417/2417/2079 2408/2408/2071
f 2418/2418/2080 2413/2413/2075 2414/2414/2076
f 2414/2414/2076 2688/2688/2041 2418/2418/2080
f 2404/2404/2067 2422/2422/2052 2402/2402/2065
f 2361/2361/2031 2416/2416/2078 2415/2415/2077
f 2415/2415/2077 2359/2359/2029 2361/2361/2031
f 2341/2341/2013 2344/2344/2016 2424/2424/2083
f 2409/2409/2072 2306/2306/1979 2305/2305/1978
f 2305/2305/1978 2405/2405/2068 2409/2409/2072
f 2400/2400/2063 2275/2275/1950 2274/2274/1949
f 2327/2327/1999 2323/2323/1995 2423/2423/2082
f 2436/2436/2086 2689/2689/2280 2433/2433/2088
f 2433/2433/2088 2432/2432/2091 2436/2436/2086
f 2434/2434/2092 2441/2441/2096 2440/2440/2095
f 2440/2440/2095 2431/2431/2090 2434/2434/2092
f 2195/2195/1879 2198/2198/1882 2435/2435/1911
f 1947/1947/1709 2690/2690/2281 1945/1945/1707
f 2566/2566/1901 2451/2451/2106 2450/2450/2105
f 2454/2454/2109 2453/2453/2108 2691/2691/2282
f 2691/2691/2282 2565/2565/2099 2454/2454/2109
f 2467/2467/2117 2452/2452/2107 2449/2449/2104
f 2449/2449/2104 2448/2448/2103 2467/2467/2117
f 2470/2470/2122 2474/2474/2126 2471/2471/2123
f 2479/2479/2130 2473/2473/2125 2475/2475/2127
f 2692/2692/2283 2693/2693/2284 2694/2694/2285
f 2694/2694/2285 2648/2648/2260 2692/2692/2283
f 2154/2154/1844 2153/2153/1843 2488/2488/2137
f 2492/2492/2141 1943/1943/1705 2695/2695/2286
f 2695/2695/2286 2696/2696/2148 2492/2492/2141
f 2697/2697/2287 2698/2698/2288 2699/2699/2289
f 2136/2136/1828 2135/2135/1827 2462/2462/2115
f 2482/2482/2133 2480/2480/2131 2498/2498/2147
f 2498/2498/2147 2501/2501/2149 2482/2482/2133
f 2439/2439/2094 2442/2442/2097 2466/2466/2119
f 2466/2466/2119 2468/2468/2120 2439/2439/2094
f 2510/2510/2057 2353/2353/2024 2352/2352/2023
f 2513/2513/2159 2516/2516/2162 2514/2514/2160
f 2518/2518/2046 2590/2590/2168 2519/2519/2164
f 2526/2526/2166 2589/2589/2169 2527/2527/2171
f 2525/2525/2170 2517/2517/2163 2520/2520/2165
f 2534/2534/2178 2538/2538/2182 2535/2535/2179
f 2537/2537/2181 2536/2536/2180 2540/2540/2184
f 2700/2700/2290 2701/2701/2224 2654/2654/2185
f 2294/2294/1968 2297/2297/1970 2528/2528/2172
f 2539/2539/2183 2390/2390/2055 2389/2389/2054
f 2507/2507/1789 2098/2098/1793 2096/2096/1792
f 1026/1026/918 1025/1025/917 2099/2099/1794
f 1040/1040/932 1039/1039/931 2100/2100/1795
f 2029/2029/1753 1036/1036/928 1035/1035/927
f 981/981/873 984/984/876 2030/2030/1754
f 2459/2459/1796 2702/2702/2291 2457/2457/2111
f 2465/2465/2118 2703/2703/1791 2458/2458/2112
f 2033/2033/1757 1024/1024/916 1023/1023/915
f 2161/2161/1851 2145/2145/1837 2704/2704/2292
f 2704/2704/2292 2666/2666/1846 2161/2161/1851
f 2705/2705/2293 2706/2706/2292 2707/2707/2294
f 2708/2708/2295 2144/2144/1836 2109/2109/1804
f 2109/2109/1804 2709/2709/1799 2708/2708/2295
f 2710/2710/2296 2704/2704/2292 2711/2711/2202
f 2145/2145/1837 2144/2144/1836 2708/2708/2295
f 2708/2708/2295 2711/2711/2202 2145/2145/1837
f 2704/2704/2292 2145/2145/1837 2711/2711/2202
f 2692/2692/2283 2648/2648/2260 2646/2646/2258
f 2474/2474/2126 2712/2712/2297 2713/2713/2259
f 2713/2713/2259 2471/2471/2123 2474/2474/2126
f 2714/2714/2298 2715/2715/2299 2716/2716/2300
f 2712/2712/2297 2717/2717/2283 2718/2718/2300
f 2718/2718/2300 2713/2713/2259 2712/2712/2297
f 2719/2719/2301 2720/2720/2302 2272/2272/1947
f 2272/2272/1947 2304/2304/1977 2719/2719/2301
f 2721/2721/2303 2722/2722/2304 2723/2723/2305
f 2724/2724/2229 2303/2303/1976 2318/2318/1990
f 2318/2318/1990 2680/2680/1986 2724/2724/2229
f 2725/2725/2305 2719/2719/2301 2726/2726/2306
f 2719/2719/2301 2304/2304/1977 2303/2303/1976
f 2303/2303/1976 2724/2724/2229 2719/2719/2301
f 2719/2719/2301 2724/2724/2229 2726/2726/2306
f 2727/2727/2307 2728/2728/1937 2538/2538/2182
f 2538/2538/2182 2534/2534/2178 2727/2727/2307
f 2701/2701/2224 2729/2729/1938 2655/2655/2265
f 2655/2655/2265 2654/2654/2185 2701/2701/2224
f 2730/2730/2308 2731/2731/2309 2732/2732/2310
f 2728/2728/1937 2727/2727/2307 2733/2733/2265
f 2733/2733/2265 2734/2734/2311 2728/2728/1937
f 2735/2735/2312 2563/2563/2196 2565/2565/2099
f 2565/2565/2099 2691/2691/2282 2735/2735/2312
f 2612/2612/2233 2611/2611/2232 2637/2637/2252
f 2736/2736/2313 2737/2737/2314 2563/2563/2196
f 2563/2563/2196 2735/2735/2312 2736/2736/2313
f 2738/2738/2315 2737/2737/2314 2736/2736/2313
f 2736/2736/2313 2739/2739/2316 2738/2738/2315
f 2740/2740/2253 2694/2694/2285 2693/2693/2284
f 2693/2693/2284 2741/2741/2317 2740/2740/2253
f 2614/2614/2235 2638/2638/2253 2615/2615/2236
f 2741/2741/2317 2742/2742/2318 2743/2743/2236
f 2743/2743/2236 2740/2740/2253 2741/2741/2317
f 2744/2744/2207 2745/2745/2206 2746/2746/2262
f 2746/2746/2262 2747/2747/2133 2744/2744/2207
f 2748/2748/2202 2749/2749/2201 2750/2750/2294
f 2751/2751/2205 2752/2752/2213 2753/2753/2206
f 2754/2754/2294 2755/2755/2202 2756/2756/2205
f 2756/2756/2205 2757/2757/2319 2754/2754/2294
f 2758/2758/2200 2473/2473/2125 2481/2481/2132
f 2481/2481/2132 2651/2651/2262 2758/2758/2200
f 2759/2759/2201 2760/2760/2320 2761/2761/2262
f 2761/2761/2262 2762/2762/2321 2759/2759/2201
f 2762/2762/2321 2763/2763/2213 2759/2759/2201
f 2764/2764/2322 2508/2508/2155 2516/2516/2162
f 2516/2516/2162 2513/2513/2159 2764/2764/2322
f 2397/2397/2061 2399/2399/2062 2652/2652/2263
f 2652/2652/2263 2765/2765/2323 2397/2397/2061
f 2635/2635/2250 2634/2634/2249 2625/2625/2244
f 2509/2509/2156 2508/2508/2155 2766/2766/2324
f 2766/2766/2324 2508/2508/2155 2764/2764/2322
f 2587/2587/2215 2767/2767/2325 2527/2527/2171
f 2527/2527/2171 2589/2589/2169 2587/2587/2215
f 2621/2621/2240 2641/2641/2254 2622/2622/2241
f 2587/2587/2215 2768/2768/2326 2769/2769/2327
f 2769/2769/2327 2767/2767/2325 2587/2587/2215
f 2770/2770/2328 2771/2771/2329 2701/2701/2224
f 2701/2701/2224 2700/2700/2290 2770/2770/2328
f 2769/2769/2327 2768/2768/2326 2772/2772/2330
f 2772/2772/2330 2773/2773/2331 2769/2769/2327
f 2624/2624/2243 2623/2623/2242 2642/2642/2255
f 2774/2774/2331 2775/2775/2187 2771/2771/2329
f 2771/2771/2329 2770/2770/2328 2774/2774/2331
f 2776/2776/2268 2777/2777/2332 2778/2778/2180
f 2778/2778/2180 2779/2779/2333 2776/2776/2268
f 2780/2780/2231 2781/2781/2334 2782/2782/2305
f 2783/2783/2335 2784/2784/2221 2785/2785/2223
f 2786/2786/2305 2787/2787/2231 2788/2788/2222
f 2788/2788/2222 2789/2789/2336 2786/2786/2305
f 2390/2390/2055 2539/2539/2183 2660/2660/2268
f 2660/2660/2268 2790/2790/2227 2390/2390/2055
f 2791/2791/2221 2792/2792/2227 2793/2793/2337
f 2793/2793/2337 2794/2794/2223 2791/2791/2221
f 2791/2791/2221 2795/2795/2228 2792/2792/2227
f 188/188/180 2796/2796/2338 110/110/107
f 110/110/107 109/109/106 188/188/180
f 98/98/95 100/100/97 125/125/120
f 125/125/120 127/127/107 98/98/95
f 1144/1144/1021 1164/1164/1034 1161/1161/1037
f 1161/1161/1037 1145/1145/1022 1144/1144/1021
f 1166/1166/1040 1145/1145/1022 1161/1161/1037
f 163/163/155 1096/1096/979 161/161/153
f 2797/2797/2339 2038/2038/1760 1096/1096/979
