# Blender 5.1.0
# www.blender.org
mtllib Robot.mtl
o Object_2
v 5.256042 -4.451164 157.224640
v 9.879420 -4.451118 155.871399
v 9.879428 -7.505497 155.871429
v 5.256037 -9.034473 157.224518
v 3.650692 -4.451141 170.716034
v 3.650676 -10.701618 170.716125
v 6.509804 -10.286594 167.241058
v 6.509798 -4.451118 167.241058
v 9.879428 -7.505497 155.871429
v 9.879420 -4.451118 155.871399
v 9.729892 -4.451134 159.107605
v 9.729892 -8.068211 159.107727
v -7.085388 -10.929432 172.557495
v -14.297140 -9.046146 177.574677
v -13.290420 -10.007755 168.157837
v -8.444370 -9.978962 163.593109
v -1.938736 -4.451134 159.427002
v -1.938740 -10.294102 159.427124
v -8.444370 -9.978962 163.593109
v -8.444370 -4.451134 163.593109
v 5.256037 -9.034473 157.224518
v 6.509804 -10.286594 167.241058
v -1.938740 -10.294102 159.427124
v -8.444370 -9.978962 163.593109
v -13.290420 -10.007755 168.157837
v -13.290420 -4.451141 168.157837
v 5.256037 -9.034473 157.224518
v 9.879428 -7.505497 155.871429
v 9.729892 -8.068211 159.107727
v 6.509804 -10.286594 167.241058
v 1.163579 -10.724674 167.464386
v -1.938740 -10.294102 159.427124
v 6.509804 -10.286594 167.241058
v 3.650676 -10.701618 170.716125
v 3.650676 -10.701618 170.716125
v 3.650676 -10.701618 170.716125
v -4.976441 -10.380100 176.772522
v -13.336970 -7.450672 182.070465
v -14.297140 -9.046146 177.574677
v -14.343670 -4.451126 177.611420
v -13.290420 -10.007755 168.157837
v -14.297140 -9.046146 177.574677
v -4.976441 -4.451134 176.772614
v -4.976441 -10.380100 176.772522
v -13.336980 -4.451134 182.070435
v -13.336970 -7.450672 182.070465
v -4.976441 -10.380100 176.772522
v -14.297140 -9.046146 177.574677
v -13.336970 -7.450672 182.070465
v -13.336970 -7.450672 182.070465
v 3.511706 -11.977619 162.563232
v -3.988015 -13.254719 165.757904
v -3.664213 -13.078953 161.282837
v 1.462485 -12.251301 159.566437
v 1.400597 -8.401066 159.282898
v 8.705661 -7.624149 156.885040
v 8.239116 -10.545750 157.307312
v 1.462485 -12.251301 159.566437
v 2.399426 -12.233906 165.996033
v 3.511706 -11.977619 162.563232
v 3.901218 -8.213551 162.738831
v 2.718018 -8.101566 166.236237
v -1.332280 -8.305378 167.820831
v -1.003809 -12.746281 167.399445
v -4.445898 -8.871311 161.246033
v -3.664213 -13.078953 161.282837
v -3.988015 -13.254719 165.757904
v -3.988015 -13.254719 165.757904
v -4.599894 -8.504963 166.043243
v -3.988015 -13.254719 165.757904
v 8.003375 -7.742512 160.819611
v 7.575979 -10.789799 160.715363
v 8.239116 -10.545750 157.307312
v 8.239116 -10.545750 157.307312
v 8.705661 -7.624149 156.885040
v 3.511706 -11.977619 162.563232
v 1.462485 -12.251301 159.566437
v 1.462485 -12.251301 159.566437
v -3.664213 -13.078953 161.282837
v 7.575979 -10.789799 160.715363
v 8.239116 -10.545750 157.307312
v 7.575979 -10.789799 160.715363
v 2.399426 -12.233906 165.996033
v 2.399426 -12.233906 165.996033
v -1.003809 -12.746281 167.399445
v 5.256042 -4.451164 157.224640
v 5.256034 0.132256 157.224640
v 9.879430 -1.396774 155.871399
v 3.650692 -4.451141 170.716034
v 6.509798 -4.451118 167.241058
v 6.509802 1.384377 167.240936
v 3.650687 1.799347 170.716064
v 9.879430 -1.396774 155.871399
v 9.729903 -0.834007 159.107544
v 9.729892 -4.451134 159.107605
v -7.085390 2.027130 172.557526
v -8.444372 1.076683 163.593018
v -13.290410 1.105484 168.157837
v -14.297140 0.143921 177.574646
v -1.938736 -4.451134 159.427002
v -8.444370 -4.451134 163.593109
v -8.444372 1.076683 163.593018
v -1.938736 1.391815 159.427032
v 1.163575 1.822418 167.464447
v 6.509802 1.384377 167.240936
v -1.938736 1.391815 159.427032
v -13.290420 -4.451141 168.157837
v -13.290410 1.105484 168.157837
v -8.444372 1.076683 163.593018
v -8.444370 -4.451134 163.593109
v -1.938736 -4.451134 159.427002
v 5.256042 -4.451164 157.224640
v 5.256034 0.132256 157.224640
v 6.509802 1.384377 167.240936
v 9.729903 -0.834007 159.107544
v 9.879430 -1.396774 155.871399
v -1.938736 1.391815 159.427032
v 6.509802 1.384377 167.240936
v 3.650687 1.799347 170.716064
v -4.976431 1.477837 176.772614
v 3.650687 1.799347 170.716064
v 3.650687 1.799347 170.716064
v -13.336990 -1.451637 182.070557
v -14.297140 0.143921 177.574646
v -13.290410 1.105484 168.157837
v -13.290420 -4.451141 168.157837
v -13.290420 -4.451141 168.157837
v -14.343670 -4.451126 177.611420
v -14.297140 0.143921 177.574646
v -4.976431 1.477837 176.772614
v -4.976441 -4.451134 176.772614
v 3.650692 -4.451141 170.716034
v -4.976441 -4.451134 176.772614
v -4.976431 1.477837 176.772614
v -13.336990 -1.451637 182.070557
v -13.336980 -4.451134 182.070435
v -14.343670 -4.451126 177.611420
v -13.336980 -4.451134 182.070435
v -13.336990 -1.451637 182.070557
v -13.336990 -1.451637 182.070557
v -14.297140 0.143921 177.574646
v -14.343670 -4.451126 177.611420
v 3.511702 3.075371 162.563232
v 1.462491 3.349052 159.566406
v -3.664239 4.176720 161.282806
v -3.988010 4.352463 165.758026
v 1.400598 -0.501167 159.282928
v 1.462491 3.349052 159.566406
v 8.239114 1.643494 157.307343
v 8.705662 -1.278114 156.885040
v 3.901217 -0.688721 162.738831
v 3.511702 3.075371 162.563232
v 2.399416 3.331657 165.996124
v 2.718024 -0.800728 166.236237
v -1.332294 -0.596878 167.820862
v -1.003815 3.843994 167.399414
v -3.988010 4.352463 165.758026
v -3.664239 4.176720 161.282806
v -4.445895 -0.030945 161.246155
v -4.599908 -0.397293 166.043213
v -3.988010 4.352463 165.758026
v -3.988010 4.352463 165.758026
v 8.003381 -1.159805 160.819641
v 8.705662 -1.278114 156.885040
v 8.239114 1.643494 157.307343
v 8.239114 1.643494 157.307343
v 7.575992 1.887535 160.715210
v 3.511702 3.075371 162.563232
v -3.664239 4.176720 161.282806
v 1.462491 3.349052 159.566406
v 1.462491 3.349052 159.566406
v 7.575992 1.887535 160.715210
v 8.239114 1.643494 157.307343
v 7.575992 1.887535 160.715210
v 2.399416 3.331657 165.996124
v -1.003815 3.843994 167.399414
v 2.399416 3.331657 165.996124
v 6.509804 -10.286594 167.241058
v -1.938740 -10.294102 159.427124
v 6.509802 1.384377 167.240936
v 5.256034 0.132256 157.224640
v -1.938736 1.391815 159.427032
v 6.509798 -4.451118 167.241058
v 9.729892 -4.451134 159.107605
v 11.340850 -1.472855 114.583427
v 14.685010 -1.472862 107.071922
v 9.596167 -0.605728 106.549904
v 7.894988 -0.605759 114.641930
v 8.126985 -1.191360 106.578819
v 8.126986 -4.451134 106.578804
v 6.420692 -4.451134 114.676826
v 6.420691 -1.191383 114.676826
v 15.207410 -2.783432 107.065117
v 15.207410 -1.642159 107.065117
v 11.870650 -1.642174 114.574409
v 11.870650 -2.783455 114.574425
v 11.870650 -1.642174 114.574409
v 11.340850 -1.472855 114.583427
v 11.110010 -2.682968 114.587227
v 11.870650 -2.783455 114.574425
v 11.110010 -2.682968 114.587227
v 14.457290 -2.682930 107.075005
v 7.894988 -0.605759 114.641930
v 14.457290 -4.451141 107.074913
v 11.110010 -2.682968 114.587227
v 11.110010 -4.451118 114.587318
v 7.894992 -4.451118 114.641930
v 11.110010 -4.451118 114.587318
v 7.894988 -0.605759 114.641930
v 1.382802 1.142319 120.462029
v 1.277100 1.142349 112.670311
v 1.277101 3.998848 112.670311
v 1.382805 3.998833 120.462013
v 0.522470 4.621429 120.476021
v 0.415090 4.621437 112.681419
v -3.546016 4.621429 112.732826
v -3.430913 4.621422 120.540535
v -4.293275 3.998833 120.554726
v -4.410061 3.998825 112.743919
v -4.410058 1.142303 112.744026
v -4.293265 1.142303 120.554619
v -3.430906 0.519661 120.540627
v -3.546031 0.519684 112.732826
v 0.415093 0.519646 112.681419
v 0.522462 0.519653 120.476036
v 0.522462 0.519653 120.476036
v 0.415093 0.519646 112.681419
v 9.596171 -8.296543 106.549919
v 14.685010 -7.429432 107.071922
v 11.340860 -7.429432 114.583412
v 7.894987 -8.296543 114.641823
v 6.420692 -4.451134 114.676826
v 8.126987 -7.710911 106.578712
v 6.420691 -7.710926 114.676720
v 11.870650 -7.260136 114.574516
v 15.207410 -7.260151 107.065117
v 15.207410 -6.118839 107.065117
v 11.870650 -6.118870 114.574425
v 11.110010 -6.219334 114.587410
v 11.340860 -7.429432 114.583412
v 11.870650 -7.260136 114.574516
v 11.870650 -6.118870 114.574425
v 14.457290 -6.219349 107.075020
v 11.110010 -6.219334 114.587410
v 7.894987 -8.296543 114.641823
v 11.110010 -6.219334 114.587410
v 7.894992 -4.451118 114.641930
v 7.894987 -8.296543 114.641823
v 7.894992 -4.451118 114.641930
v 6.420692 -4.451134 114.676826
v 1.277099 -13.356525 112.670311
v 1.277120 -10.500034 112.670219
v 1.382817 -10.500034 120.461922
v 1.382798 -13.356495 120.462029
v -3.546018 -13.979145 112.732811
v 0.415102 -13.979115 112.681526
v 0.522470 -13.979145 120.476036
v -3.430909 -13.979145 120.540627
v -4.410082 -10.500050 112.743919
v -4.410058 -13.356541 112.743919
v -4.293278 -13.356541 120.554619
v -4.293272 -10.500034 120.554619
v 0.415107 -9.877384 112.681419
v -3.546029 -9.877384 112.732719
v -3.430906 -9.877369 120.540535
v 0.522458 -9.877354 120.476021
v 0.522458 -9.877354 120.476021
v 0.415107 -9.877384 112.681419
v 4.490081 -14.512836 114.606621
v -7.459184 -4.451149 114.810112
v -7.085178 -16.678486 114.801918
v -2.426702 -16.678455 114.722725
v 7.249528 -7.845081 114.560219
v 7.247209 -4.451157 114.559319
v 4.417385 -14.512653 110.288002
v 4.490081 -14.512836 114.606621
v -2.426702 -16.678455 114.722725
v -2.508952 -16.678257 110.384926
v -10.235720 -16.678333 110.493904
v -10.166980 -16.678440 113.375511
v -10.166810 -4.451126 113.377419
v -10.235570 -4.451141 110.496010
v 7.180755 -7.845249 110.249107
v 7.249528 -7.845081 114.560219
v 4.490081 -14.512836 114.606621
v 7.178051 -4.451149 110.248222
v 7.247209 -4.451157 114.559319
v 7.249528 -7.845081 114.560219
v -7.085178 -16.678486 114.801918
v -6.054615 -17.272011 112.222923
v -10.672910 -12.361164 110.647728
v -10.672920 -17.272026 110.647728
v -10.793980 -11.322102 102.135811
v -5.520668 -11.037205 97.463142
v -5.520668 -12.256474 97.463097
v -10.793950 -12.256458 102.135704
v -13.130620 -4.451653 110.681526
v -13.087130 -4.451660 101.171120
v -13.087130 -10.689060 101.171227
v -13.130640 -11.724171 110.681709
v 0.724217 -12.256474 97.404259
v 0.724220 -10.938114 97.404289
v -10.793980 -11.322102 102.135811
v -10.672910 -12.361164 110.647728
v -10.793980 -11.322102 102.135811
v -5.520668 -11.037205 97.463142
v -10.793980 -11.322102 102.135811
v -6.883160 -10.195942 94.661507
v -5.520668 -11.037205 97.463142
v 0.684222 -10.189411 94.464012
v 0.724220 -10.938114 97.404289
v -5.520668 -11.037205 97.463142
v -5.520668 -11.037205 97.463142
v 7.314202 -10.995655 115.714729
v 7.092508 -10.376926 97.344292
v 16.431391 -9.441898 108.289116
v 10.016530 -10.506077 115.660530
v 12.509590 -9.441883 96.944344
v 7.273805 -8.101414 113.303215
v 15.515260 -7.293232 111.049019
v 10.016690 -8.102421 115.679329
v 10.016530 -10.506077 115.660530
v 10.016530 -10.506077 115.660530
v 16.431391 -9.441898 108.289116
v 7.314364 -8.101444 115.733635
v 7.314202 -10.995655 115.714729
v 10.016530 -10.506077 115.660530
v 7.314364 -8.101444 115.733635
v 7.314364 -8.101444 115.733635
v 10.016690 -8.102421 115.679329
v 9.775789 -8.102436 113.266624
v 7.273805 -8.101414 113.303215
v 10.016690 -8.102421 115.679329
v 15.515260 -7.293232 111.049019
v 15.515260 -7.293232 111.049019
v 15.324550 -7.293232 106.349205
v 7.717735 -4.451622 90.525291
v 12.509600 -4.451645 96.944328
v 12.509590 -9.441883 96.944344
v 7.717741 -9.577106 90.525307
v 7.273805 -4.451653 113.303337
v 7.092512 -4.451599 97.344276
v 5.728189 -10.202473 94.420692
v 7.717741 -9.577106 90.525307
v 7.092508 -10.376926 97.344292
v 0.724220 -10.938114 97.404289
v 5.728189 -10.202473 94.420692
v 7.092508 -10.376926 97.344292
v 7.092508 -10.376926 97.344292
v 7.092512 -4.451599 97.344276
v 0.724218 -4.451622 97.404289
v 0.724220 -10.938114 97.404289
v 7.717741 -9.577106 90.525307
v 4.290993 -9.823414 92.544106
v -10.723440 -12.256474 107.023705
v -0.269853 -4.451637 110.504219
v -6.054609 -4.451645 112.223015
v -0.269848 -17.271996 110.504219
v 6.740614 -12.256351 101.945702
v 0.724217 -12.256474 97.404259
v 0.724220 -10.938114 97.404289
v 0.724218 -4.451622 97.404289
v 6.740604 -4.451630 101.945824
v -10.723430 -17.271996 107.023613
v 6.797039 -17.272026 106.805107
v 6.836587 -17.272011 110.406212
v -10.723430 -17.271996 107.023613
v 6.797036 -12.256367 106.805122
v -10.723440 -12.256474 107.023705
v -10.723440 -12.256474 107.023705
v -10.793950 -12.256458 102.135704
v 6.740614 -12.256351 101.945702
v -5.520668 -12.256474 97.463097
v 0.724217 -12.256474 97.404259
v 6.836583 -4.451622 110.406105
v 6.797036 -12.256367 106.805122
v -6.883155 -4.451660 94.661446
v 0.684218 -4.451645 94.463966
v 4.290993 -9.823414 92.544106
v 4.291008 -4.451637 92.544075
v 16.431391 -9.441898 108.289116
v 12.509590 -9.441883 96.944344
v 16.431391 -4.451653 108.289223
v 16.431391 -9.441898 108.289116
v 15.515269 -4.451630 111.049019
v 15.515260 -7.293232 111.049019
v 15.515269 -4.451630 111.049019
v 15.324540 -4.451668 106.349220
v 7.273805 -8.101414 113.303215
v 9.775786 -4.451630 113.266624
v 7.273805 -4.451653 113.303337
v 15.324540 -4.451668 106.349220
v 5.728189 -10.202473 94.420692
v 5.728184 -4.451637 94.420692
v 4.290993 -9.823414 92.544106
v 5.728189 -10.202473 94.420692
v 5.728184 -4.451637 94.420692
v -10.672910 -12.361164 110.647728
v -10.531170 -11.373402 111.119118
v -12.972740 -10.852222 111.153221
v -12.972740 -4.451630 111.153114
v -10.772330 -11.066120 112.282524
v -13.138360 -10.554493 112.316811
v -13.138350 -4.451630 112.316826
v -10.772330 -11.066120 112.282524
v -10.772330 -4.451630 112.274529
v -10.772330 -11.066120 112.282524
v -10.531170 -11.373402 111.119118
v -10.772330 -4.451653 110.638130
v -10.772330 -11.066120 112.282524
v 6.797039 -17.272026 106.805107
v -10.531170 -11.373402 111.119118
v -10.772330 -4.451653 110.638130
v -10.531170 -11.373402 111.119118
v -10.531170 -11.373402 111.119118
v 7.249533 -1.057175 114.560326
v 4.490091 5.610542 114.606728
v -7.085178 7.776207 114.801933
v -2.426712 7.776123 114.722816
v -2.426712 7.776123 114.722816
v 4.490091 5.610542 114.606728
v 4.417387 5.610367 110.288017
v -2.508959 7.775986 110.385124
v -10.166810 -4.451126 113.377419
v -10.166980 7.776184 113.375420
v -10.235740 7.776047 110.494011
v 4.490091 5.610542 114.606728
v 7.249533 -1.057175 114.560326
v 7.180755 -1.057060 110.249123
v 7.249533 -1.057175 114.560326
v 7.247209 -4.451157 114.559319
v 7.178051 -4.451149 110.248222
v -2.426712 7.776123 114.722816
v -7.085178 7.776207 114.801933
v -6.054623 8.368759 112.222923
v -10.672900 8.368744 110.647713
v -10.672910 3.457893 110.647728
v -5.520658 3.353218 97.463158
v -5.520674 2.133919 97.463158
v -10.793950 2.418808 102.135811
v -10.793970 3.353195 102.135704
v -13.130620 -4.451653 110.681526
v -13.130640 2.820892 110.681618
v -13.087140 1.785759 101.171227
v -13.087130 -4.451660 101.171120
v 0.724220 3.353203 97.404274
v 0.724216 2.034866 97.404259
v -10.672910 3.457893 110.647728
v -10.793950 2.418808 102.135811
v -10.793950 2.418808 102.135811
v -10.793950 2.418808 102.135811
v -5.520674 2.133919 97.463158
v -5.520674 2.133919 97.463158
v -6.883162 1.292702 94.661507
v 0.684214 1.286133 94.463982
v -5.520674 2.133919 97.463158
v -5.520674 2.133919 97.463158
v 0.724216 2.034866 97.404259
v 16.431391 0.538574 108.289116
v 7.092512 1.473625 97.344231
v 7.314193 2.092361 115.714729
v 10.016530 1.602791 115.660423
v 12.509590 0.538635 96.944420
v 7.273803 -0.801849 113.303322
v 15.515260 -1.610054 111.049004
v 16.431391 0.538574 108.289116
v 10.016530 1.602791 115.660423
v 10.016530 1.602791 115.660423
v 10.016700 -0.800835 115.679222
v 7.314370 -0.801857 115.733528
v 10.016530 1.602791 115.660423
v 7.314193 2.092361 115.714729
v 7.314370 -0.801857 115.733528
v 9.775792 -0.800850 113.266518
v 10.016700 -0.800835 115.679222
v 7.314370 -0.801857 115.733528
v 7.273803 -0.801849 113.303322
v 15.324550 -1.610062 106.349205
v 15.515260 -1.610054 111.049004
v 15.515260 -1.610054 111.049004
v 10.016700 -0.800835 115.679222
v 7.717735 -4.451622 90.525291
v 7.717746 0.673759 90.525215
v 12.509590 0.538635 96.944420
v 12.509600 -4.451645 96.944328
v 7.717746 0.673759 90.525215
v 5.728192 1.299210 94.420647
v 7.092512 1.473625 97.344231
v 5.728192 1.299210 94.420647
v 0.724216 2.034866 97.404259
v 7.092512 1.473625 97.344231
v 7.092512 1.473625 97.344231
v 0.724216 2.034866 97.404259
v 7.717746 0.673759 90.525215
v 4.291000 0.920174 92.544106
v -10.723450 3.353203 107.023613
v -6.054609 -4.451645 112.223015
v -0.269853 -4.451637 110.504219
v -0.269852 8.368736 110.504219
v 0.724216 2.034866 97.404259
v 6.740602 3.353096 101.945702
v 6.740604 -4.451630 101.945824
v 0.724220 3.353203 97.404274
v -10.723460 8.368713 107.023720
v 6.797037 8.368706 106.805016
v 6.836578 8.368752 110.406227
v -10.723460 8.368713 107.023720
v 6.797037 3.353096 106.805016
v -10.723450 3.353203 107.023613
v -10.793970 3.353195 102.135704
v -10.723450 3.353203 107.023613
v 6.740602 3.353096 101.945702
v -5.520658 3.353218 97.463158
v 0.724220 3.353203 97.404274
v 6.836583 -4.451622 110.406105
v -0.269853 -4.451637 110.504219
v 6.797037 3.353096 106.805016
v 6.836583 -4.451622 110.406105
v 6.740604 -4.451630 101.945824
v -6.883155 -4.451660 94.661446
v -13.087130 -4.451660 101.171120
v -6.883155 -4.451660 94.661446
v 0.684218 -4.451645 94.463966
v 4.291008 -4.451637 92.544075
v 4.291000 0.920174 92.544106
v 7.717735 -4.451622 90.525291
v 12.509600 -4.451645 96.944328
v 12.509590 0.538635 96.944420
v 16.431391 0.538574 108.289116
v 16.431391 -4.451653 108.289223
v 16.431391 -4.451653 108.289223
v 16.431391 0.538574 108.289116
v 15.515260 -1.610054 111.049004
v 9.775786 -4.451630 113.266624
v 7.273803 -0.801849 113.303322
v 9.775786 -4.451630 113.266624
v 0.684218 -4.451645 94.463966
v 5.728192 1.299210 94.420647
v 5.728192 1.299210 94.420647
v 4.291000 0.920174 92.544106
v 4.291008 -4.451637 92.544075
v -10.531180 2.470123 111.119011
v -10.672910 3.457893 110.647728
v -12.972750 1.948929 111.153221
v -13.130620 -4.451653 110.681526
v -12.972740 -4.451630 111.153114
v -10.772320 2.162842 112.282417
v -13.138370 1.651245 112.316933
v -12.972740 -4.451630 111.153114
v -13.138350 -4.451630 112.316826
v -13.138350 -4.451630 112.316826
v -10.772330 -4.451630 112.274529
v -10.772330 -4.451630 112.274529
v -10.772320 2.162842 112.282417
v -10.772320 2.162842 112.282417
v -10.772330 -4.451630 112.274529
v -10.772330 -4.451653 110.638130
v -10.772330 -4.451653 110.638130
v -10.531180 2.470123 111.119011
v -10.772320 2.162842 112.282417
v 6.797037 8.368706 106.805016
v -10.531180 2.470123 111.119011
v -10.772330 -4.451653 110.638130
v -6.054609 -4.451645 112.223015
v -6.054609 -4.451645 112.223015
v -10.531180 2.470123 111.119011
v -10.531180 2.470123 111.119011
v -7.459184 -4.451149 114.810112
v -7.085178 -16.678486 114.801918
v -7.459184 -4.451149 114.810112
v -7.085178 7.776207 114.801933
v -10.166810 -4.451126 113.377419
v -10.166810 -4.451126 113.377419
v -7.459184 -4.451149 114.810112
v -7.085178 7.776207 114.801933
v 7.409289 0.179749 115.729927
v 8.699809 -0.481133 115.699333
v 8.150345 2.680504 132.596649
v 6.861749 3.388229 132.634918
v 7.428839 1.501534 115.726936
v 6.881278 4.803474 132.632141
v 8.738774 2.162399 115.693428
v 7.428839 1.501534 115.726936
v 6.881278 4.803474 132.632141
v 6.881278 4.803474 132.632141
v 8.189274 5.511177 132.591034
v 9.473342 4.803505 132.552826
v 10.024130 1.501549 115.663017
v 9.453952 3.388222 132.555634
v 10.004730 0.179710 115.665916
v 7.428839 1.501534 115.726936
v 10.024130 1.501549 115.663017
v 8.699809 -0.481133 115.699333
v 7.409289 0.179749 115.729927
v 8.738774 2.162399 115.693428
v 10.004730 0.179710 115.665916
v 8.150352 -11.582783 132.596527
v 8.699806 -8.421162 115.699318
v 7.409287 -9.082020 115.729927
v 6.861753 -12.290440 132.634918
v 7.428857 -10.403843 115.726830
v 6.881276 -13.705738 132.632111
v 6.881276 -13.705738 132.632111
v 7.428857 -10.403843 115.726830
v 8.738774 -11.064671 115.693520
v 8.189281 -14.413425 132.590942
v 6.881276 -13.705738 132.632111
v 9.473341 -13.705753 132.552826
v 10.024140 -10.403828 115.662926
v 9.453953 -12.290470 132.555634
v 10.004730 -9.082020 115.665932
v 7.428857 -10.403843 115.726830
v 8.699806 -8.421162 115.699318
v 10.024140 -10.403828 115.662926
v 8.738774 -11.064671 115.693520
v 7.409287 -9.082020 115.729927
v 10.004730 -9.082020 115.665932
v -7.641827 -6.141560 159.653046
v -7.358663 -6.342579 160.327942
v -5.502548 -5.694981 157.771606
v -5.750108 -5.485645 157.071259
v -7.232367 -6.819218 160.305847
v -5.388299 -6.174519 157.758820
v -5.388299 -6.174519 157.758820
v -7.232367 -6.819218 160.305847
v -7.389163 -7.094837 159.608917
v -5.521512 -6.444752 157.045929
v -5.388299 -6.174519 157.758820
v -7.672563 -6.893848 158.933899
v -5.769267 -6.235401 156.345428
v -7.798918 -6.417255 158.955963
v -5.883616 -5.755863 156.358032
v -8.874100 -6.925053 161.358124
v -8.541750 -7.110905 161.978058
v -8.401897 -7.583210 161.939728
v -7.232367 -6.819218 160.305847
v -8.401897 -7.583210 161.939728
v -8.594315 -7.869678 161.281830
v -7.232367 -6.819218 160.305847
v -8.926884 -7.683872 160.661743
v -9.066828 -7.211552 160.699921
v -10.340710 -7.444569 163.282135
v -9.855591 -7.578709 163.686157
v -9.711567 -8.049397 163.639862
v -8.401897 -7.583210 161.939728
v -9.711567 -8.049397 163.639862
v -10.052740 -8.386021 163.189331
v -10.538030 -8.251911 162.785034
v -10.682000 -7.781193 162.831268
v -11.158730 -7.374180 165.676910
v -10.659730 -7.483067 165.423218
v -10.528590 -7.961201 165.461945
v -10.528590 -7.961201 165.461945
v -10.896590 -8.330479 165.754120
v -9.711567 -8.049397 163.639862
v -10.528590 -7.961201 165.461945
v -11.395310 -8.221577 166.007935
v -11.526280 -7.743473 165.969238
v -10.831680 -6.901157 168.142609
v -10.465210 -7.067631 167.654114
v -10.297170 -7.529545 167.758514
v -10.297170 -7.529545 167.758514
v -10.495820 -7.824970 168.351105
v -10.528590 -7.961201 165.461945
v -10.297170 -7.529545 167.758514
v -10.862040 -7.658466 168.839630
v -11.029880 -7.196552 168.735535
v -10.490000 -0.978462 168.225922
v -10.779170 -0.677231 165.489716
v -11.354910 -0.667023 165.488342
v -10.848160 -1.097122 168.770935
v -11.577500 -1.083649 165.337128
v -11.021760 -1.558830 168.791840
v -11.224480 -1.510597 165.187714
v -10.837460 -1.901848 168.267700
v -10.648500 -1.520851 165.189240
v -10.479150 -1.783195 167.722900
v -10.425780 -1.104187 165.340240
v -10.305290 -1.321495 167.702118
v -10.305290 -1.321495 167.702118
v -10.425780 -1.104187 165.340240
v -10.305290 -1.321495 167.702118
v -10.013410 -0.516289 163.254028
v -10.508750 -0.551170 162.781647
v -10.711200 -0.995277 162.585419
v -10.418230 -1.404533 162.862152
v -9.922918 -1.369606 163.334747
v -9.720564 -0.925484 163.530426
v -9.720564 -0.925484 163.530426
v -10.425780 -1.104187 165.340240
v -9.720564 -0.925484 163.530426
v -8.469347 -0.679138 161.458557
v -8.791336 -0.735573 160.743805
v -8.965076 -1.184151 160.517700
v -8.816612 -1.576324 161.006622
v -8.494690 -1.519875 161.721344
v -8.321175 -1.071205 161.947205
v -8.321175 -1.071205 161.947205
v -9.720564 -0.925484 163.530426
v -8.321175 -1.071205 161.947205
v -7.152656 -1.031258 159.818115
v -7.424671 -1.097672 159.047607
v -7.591994 -1.547394 158.811646
v -7.487063 -1.930710 159.346222
v -7.215114 -1.864243 160.116730
v -7.048028 -1.414551 160.352539
v -7.048028 -1.414551 160.352539
v -8.321175 -1.071205 161.947205
v -7.048028 -1.414551 160.352539
v -5.491786 -1.456627 157.311523
v -5.726695 -1.528732 156.514618
v -5.870880 -1.982025 156.261536
v -5.779900 -2.363243 156.805511
v -5.545029 -2.291153 157.602539
v -5.401089 -1.837807 157.855408
v -5.401089 -1.837807 157.855408
v -7.048028 -1.414551 160.352539
v -5.401089 -1.837807 157.855408
v -7.634662 -3.728470 159.718750
v -7.397744 -3.955772 160.412018
v -5.469337 -3.637787 157.766510
v -5.693686 -3.408966 157.064941
v -7.381521 -4.449562 160.436432
v -5.411494 -4.126709 157.760040
v -5.411494 -4.126709 157.760040
v -7.381521 -4.449562 160.436432
v -7.602171 -4.716064 159.767548
v -5.577940 -4.386894 157.052124
v -5.411494 -4.126709 157.760040
v -7.839331 -4.488670 159.074005
v -5.802510 -4.158073 156.350494
v -7.855575 -3.994888 159.049622
v -5.860401 -3.669136 156.356934
v -8.966045 -3.587532 161.135132
v -8.721054 -3.816513 161.819122
v -8.785133 -4.302711 161.932068
v -7.381521 -4.449562 160.436432
v -8.785133 -4.302711 161.932068
v -9.094204 -4.559952 161.360657
v -7.381521 -4.449562 160.436432
v -9.339449 -4.331001 160.676422
v -9.275385 -3.844742 160.563538
v -10.850870 -2.939384 163.062042
v -10.465730 -3.210869 163.561249
v -10.547340 -3.687271 163.724121
v -8.785133 -4.302711 161.932068
v -10.547340 -3.687271 163.724121
v -11.013940 -3.892250 163.387848
v -8.785133 -4.302711 161.932068
v -11.399140 -3.620804 162.888214
v -11.317670 -3.144409 162.725220
v -11.409840 -2.646034 165.931305
v -10.969220 -2.984947 165.833313
v -11.062910 -3.467850 165.911407
v -10.547340 -3.687271 163.724121
v -11.062910 -3.467850 165.911407
v -11.597010 -3.611893 166.087830
v -10.547340 -3.687271 163.724121
v -12.037140 -3.272995 166.185944
v -11.943650 -2.790031 166.107727
v -10.566070 -2.785721 168.194733
v -10.323390 -3.105087 167.700928
v -10.421150 -3.586655 167.752991
v -10.421150 -3.586655 167.752991
v -10.761420 -3.748909 168.298889
v -11.062910 -3.467850 165.911407
v -10.421150 -3.586655 167.752991
v -11.003660 -3.429588 168.793121
v -10.906080 -2.947975 168.741058
v -5.487152 14.609550 139.694794
v -5.487142 20.322250 139.694794
v -2.647289 20.322273 139.612213
v -2.647273 14.609566 139.612305
v -6.888019 20.322273 142.089905
v -5.487142 20.322250 139.694794
v -5.487152 14.609550 139.694794
v -6.888010 14.609558 142.090027
v -5.453481 20.322205 144.399323
v -5.453481 14.609543 144.399414
v -2.618231 20.322243 144.310333
v -2.618236 14.609535 144.310333
v -1.213474 14.609596 141.918427
v -1.213479 20.322227 141.918427
v -5.487140 -22.126747 139.694916
v -2.647280 -22.126793 139.612213
v -2.647271 -27.839531 139.612213
v -5.487137 -27.839485 139.694916
v -6.888032 -27.839485 142.089905
v -6.887999 -22.126839 142.089905
v -5.487140 -22.126747 139.694916
v -5.487137 -27.839485 139.694916
v -5.453475 -27.839470 144.399414
v -5.453472 -22.126808 144.399414
v -2.618229 -27.839485 144.310211
v -2.618234 -22.126778 144.310211
v -1.213471 -22.126793 141.918304
v -1.213483 -27.839516 141.918427
v -2.426702 -16.678455 114.722725
v 0.380531 8.087173 99.091331
v 0.380516 2.576073 99.091438
v -2.804065 2.576103 99.124138
v -2.804065 8.087204 99.124229
v -2.804065 2.576103 99.124138
v -4.363972 2.576103 101.751015
v -4.363976 8.087204 101.751015
v -2.804065 8.087204 99.124229
v -2.735898 2.576073 104.343010
v -2.735889 8.087181 104.343010
v 0.446710 2.576073 104.306511
v 0.446707 8.087212 104.306511
v 2.002259 2.576080 101.681801
v 2.002275 8.087181 101.681816
v 0.380530 -16.990437 99.091377
v -2.804064 -16.990482 99.124184
v -2.804071 -11.479359 99.124092
v 0.380515 -11.479343 99.091438
v -2.804071 -11.479359 99.124092
v -2.804064 -16.990482 99.124184
v -4.363969 -16.990498 101.751015
v -4.363961 -11.479359 101.750923
v -2.735888 -16.990498 104.343010
v -2.735907 -11.479359 104.343010
v 0.446714 -16.990482 104.306511
v 0.446712 -11.479359 104.306511
v 2.002275 -16.990452 101.681816
v 2.002264 -11.479343 101.681801
v 6.602653 6.674858 105.504814
v 6.602654 9.292656 105.504707
v -9.092459 9.292618 105.693611
v -9.092476 6.674812 105.693611
v 6.236154 6.725014 83.555710
v 6.236150 9.612167 83.555779
v 6.572780 9.312569 103.456306
v 6.572793 6.691704 103.456322
v -9.213396 6.725029 83.647545
v -9.107792 6.691734 103.634102
v 6.572786 11.002777 103.456413
v 6.602648 10.980888 105.504829
v 6.602654 9.292656 105.504707
v -9.107788 11.002754 103.634209
v -9.092480 10.980865 105.693626
v 6.602648 10.980888 105.504829
v 6.572786 11.002777 103.456413
v -9.092459 9.292618 105.693611
v -9.107786 9.312576 103.634209
v 6.602648 10.980888 105.504829
v -9.213419 9.612213 83.647514
v -9.092480 10.980865 105.693626
v -9.107788 11.002754 103.634209
v 6.572780 9.312569 103.456306
v -9.107786 9.312576 103.634209
v 6.572786 11.002777 103.456413
v -9.213419 9.612213 83.647514
v -9.107786 9.312576 103.634209
v 6.572780 9.312569 103.456306
v 6.236150 9.612167 83.555779
v -8.428642 9.211586 103.737114
v 5.905682 9.211578 103.574013
v 5.905674 12.445824 103.574013
v -8.428627 12.445793 103.737129
v 5.905682 9.211578 103.574013
v 5.581223 9.510696 83.559639
v 5.625034 13.007393 85.973503
v 5.905682 9.211578 103.574013
v -8.533768 13.007408 86.065224
v -8.428642 9.211586 103.737114
v -8.541206 9.510742 83.643555
v -8.428642 9.211586 103.737114
v -3.217568 7.200729 91.356041
v -3.217579 5.340172 91.356087
v -6.234116 5.292473 102.525108
v -6.234107 7.138893 102.525108
v -4.103694 5.282227 105.397713
v -4.103697 7.125587 105.397713
v 1.675950 5.282265 105.328606
v 1.675946 7.125595 105.328819
v 3.723157 5.292435 102.415611
v 3.723155 7.138939 102.415703
v 0.481941 5.340210 91.327400
v 0.481953 7.200760 91.327309
v -4.103694 5.282227 105.397713
v -3.217579 5.340172 91.356087
v 3.723157 5.292435 102.415611
v 1.675950 5.282265 105.328606
v -6.234116 5.292473 102.525108
v 0.481941 5.340210 91.327400
v 14.412440 17.555603 0.130937
v 5.874020 16.501579 0.130922
v 5.453671 19.410011 0.130922
v 14.017459 20.463966 0.130937
v -3.137908 15.807335 18.540527
v -4.349524 24.192314 18.540588
v -5.401540 24.066170 18.540665
v -4.189539 15.681213 18.540588
v 14.412440 17.555603 0.130937
v 14.017459 20.463966 0.130937
v 13.582730 20.379318 0.910189
v 13.979079 17.471001 0.910158
v 14.412440 17.555603 0.130937
v 7.902658 27.520569 3.479250
v 12.948690 28.277206 0.130968
v 4.320487 27.223198 0.130907
v 4.349226 27.091171 3.482073
v 12.510550 28.192436 0.910143
v -13.952070 23.513268 8.926575
v -14.205460 23.877754 0.130892
v -12.982200 15.435356 0.130907
v -12.740130 15.084801 8.926559
v -0.761287 16.510498 8.926483
v -12.740130 15.084801 8.926559
v 5.874020 16.501579 0.130922
v 5.874020 16.501579 0.130922
v 5.894756 16.372238 3.482088
v -12.982200 15.435356 0.130907
v 5.874020 16.501579 0.130922
v -12.740130 15.084801 8.926559
v -0.761287 16.510498 8.926483
v -1.990155 24.938957 8.926468
v -4.382042 24.270180 16.916275
v -3.166965 15.875992 16.916245
v -0.761287 16.510498 8.926483
v -5.434267 24.144226 16.916367
v -13.768860 23.141167 16.916733
v -12.569530 14.747002 16.916672
v -4.218866 15.750008 16.916321
v -4.349524 24.192314 18.540588
v -4.382042 24.270180 16.916275
v -5.434267 24.144226 16.916367
v -5.401540 24.066170 18.540665
v -4.189539 15.681213 18.540588
v -4.218866 15.750008 16.916321
v -3.166965 15.875992 16.916245
v -3.137908 15.807335 18.540527
v 4.769500 24.183510 3.482042
v -0.761287 16.510498 8.926483
v 5.894756 16.372238 3.482088
v 5.894756 16.372238 3.482088
v 5.476550 19.279892 3.482058
v 4.349226 27.091171 3.482073
v 12.910900 25.284065 0.910173
v 12.510550 28.192436 0.910143
v 7.902658 27.520569 3.479250
v 7.902658 27.520569 3.479250
v 8.315484 24.612953 3.479250
v 4.320487 27.223198 0.130907
v 4.320487 27.223198 0.130907
v 4.742955 24.314827 0.130907
v -1.990155 24.938957 8.926468
v -14.205460 23.877754 0.130892
v -14.205460 23.877754 0.130892
v -13.952070 23.513268 8.926575
v -1.990155 24.938957 8.926468
v -14.205460 23.877754 0.130892
v 9.419312 16.801605 3.479250
v 5.874020 16.501579 0.130922
v 14.412440 17.555603 0.130937
v 14.412440 17.555603 0.130937
v 13.979079 17.471001 0.910158
v 5.874020 16.501579 0.130922
v 12.948690 28.277206 0.130968
v 13.347820 25.368805 0.130922
v 13.347820 25.368805 0.130922
v 12.948690 28.277206 0.130968
v 12.510550 28.192436 0.910143
v 12.510550 28.192436 0.910143
v 12.910900 25.284065 0.910173
v 13.347820 25.368805 0.130922
v 5.894756 16.372238 3.482088
v 9.419312 16.801605 3.479250
v 9.009343 19.709290 3.479250
v 4.742955 24.314827 0.130907
v 12.910900 25.284065 0.910173
v 8.315484 24.612953 3.479250
v 8.315484 24.612953 3.479250
v 4.769500 24.183510 3.482042
v 4.742955 24.314827 0.130907
v 12.910900 25.284065 0.910173
v 4.742955 24.314827 0.130907
v 13.347820 25.368805 0.130922
v 5.453671 19.410011 0.130922
v 4.742955 24.314827 0.130907
v 4.769500 24.183510 3.482042
v 4.769500 24.183510 3.482042
v 5.476550 19.279892 3.482058
v 5.453671 19.410011 0.130922
v 14.017459 20.463966 0.130937
v 5.476550 19.279892 3.482058
v 9.009343 19.709290 3.479250
v 9.009343 19.709290 3.479250
v 14.017459 20.463966 0.130937
v 5.476550 19.279892 3.482058
v 14.017459 20.463966 0.130937
v 5.453671 19.410011 0.130922
v 7.902658 27.520569 3.479250
v 4.349226 27.091171 3.482073
v 9.419312 16.801605 3.479250
v 13.979079 17.471001 0.910158
v 13.979079 17.471001 0.910158
v 13.582730 20.379318 0.910189
v -3.166965 15.875992 16.916245
v -4.218866 15.750008 16.916321
v -12.569530 14.747002 16.916672
v -12.569530 14.747002 16.916672
v -12.740130 15.084801 8.926559
v -13.952070 23.513268 8.926575
v -13.768860 23.141167 16.916733
v -5.434267 24.144226 16.916367
v -4.382042 24.270180 16.916275
v -13.952070 23.513268 8.926575
v -1.990155 24.938957 8.926468
v -12.855450 13.812195 8.734512
v -5.869090 14.645256 8.734467
v -5.835928 14.577835 10.397949
v -12.816360 13.744041 10.398010
v -6.046708 16.023224 10.397934
v -13.024230 15.189430 10.397995
v -6.080409 16.091629 8.734436
v -13.063750 15.258545 8.734497
v -13.063750 15.258545 8.734497
v -6.080409 16.091629 8.734436
v -14.212840 23.257408 8.734497
v -7.248589 24.090508 8.734482
v -7.211830 24.016899 10.397934
v -14.171010 23.183083 10.398056
v -7.422390 25.462288 10.397949
v -14.377800 24.628502 10.398056
v -7.459661 25.536850 8.734467
v -14.420050 24.703743 8.734512
v -7.248589 24.090508 8.734482
v -14.212840 23.257408 8.734497
v -17.459419 13.131027 11.481873
v -17.497971 13.200127 9.818298
v -16.704611 14.703682 11.256027
v -16.743971 14.773643 9.592484
v -16.743971 14.773643 9.592484
v -13.063750 15.258545 8.734497
v -17.830709 22.694344 11.256042
v -17.871811 22.769966 9.592484
v -18.983860 24.010292 11.481918
v -19.024630 24.087189 9.818329
v -17.871811 22.769966 9.592484
v -14.212840 23.257408 8.734497
v -17.871811 22.769966 9.592484
v -16.743971 14.773643 9.592484
v -17.871811 22.769966 9.592484
v -17.871811 22.769966 9.592484
v -16.743971 14.773643 9.592484
v -17.871811 22.769966 9.592484
v -17.600861 13.688332 0.130861
v -6.065561 15.062408 0.130876
v -6.003683 14.955917 2.884966
v -17.510160 13.581528 2.884935
v -16.069651 15.230675 2.884981
v -6.216878 16.404297 2.884966
v -6.279570 16.511047 0.130892
v -16.158470 15.337677 0.130907
v -16.158470 15.337677 0.130907
v -6.279570 16.511047 0.130892
v -17.289101 23.270943 0.130846
v -7.450783 24.444283 0.130876
v -7.383654 24.336220 2.884966
v -17.198259 23.162613 2.885012
v -7.596544 25.784592 2.884951
v -19.034960 24.410225 2.884966
v -7.664456 25.892921 0.130892
v -19.127590 24.518852 0.130876
v -17.289101 23.270943 0.130846
v -7.450783 24.444283 0.130876
v -16.158470 15.337677 0.130907
v -17.289101 23.270943 0.130846
v -17.289101 23.270943 0.130846
v -16.158470 15.337677 0.130907
v -5.869090 14.645256 8.734467
v -6.080409 16.091629 8.734436
v -7.248589 24.090508 8.734482
v -7.459661 25.536850 8.734467
v -6.216878 16.404297 2.884966
v -6.279570 16.511047 0.130892
v -7.596544 25.784592 2.884951
v -7.664456 25.892921 0.130892
v 3.570403 20.287903 87.319427
v 5.070380 20.287880 87.309250
v 5.070382 21.499741 87.309235
v 3.570400 21.499779 87.319473
v 4.935995 20.549690 79.685905
v 4.936000 21.772652 79.685875
v 5.070380 20.287880 87.309250
v 5.457038 15.454094 115.458824
v 5.457546 16.870750 115.512810
v 3.937299 15.454079 115.482826
v -0.944892 21.772667 79.716133
v 3.472192 20.549675 79.693413
v -0.944891 20.549667 79.716148
v -0.836097 21.499748 87.349342
v -0.836101 20.287918 87.349373
v 5.070380 20.287880 87.309250
v 3.570403 20.287903 87.319427
v 3.622076 18.493576 90.780403
v 5.126123 18.493637 90.768944
v 5.096051 15.555534 88.804131
v 4.935995 20.549690 79.685905
v 5.070380 20.287880 87.309250
v 5.070380 20.287880 87.309250
v 3.593649 15.555527 88.814827
v 3.472192 20.549675 79.693413
v 4.935995 20.549690 79.685905
v 3.774618 17.551155 101.504005
v 5.290316 17.551201 101.487923
v 5.260669 14.746559 99.419945
v 3.746718 14.746574 99.435173
v 3.593649 15.555527 88.814827
v 3.746718 14.746574 99.435173
v 3.799188 15.386452 103.381920
v 5.316255 15.386459 103.364815
v 5.290504 12.893097 101.500816
v 3.774775 12.893105 101.517006
v 3.746718 14.746574 99.435173
v 3.774775 12.893105 101.517006
v 3.879363 15.318840 109.992729
v 5.399288 15.318832 109.972130
v 5.398668 12.805939 109.918037
v 3.878758 12.805977 109.938728
v 3.774775 12.893105 101.517006
v 3.878758 12.805977 109.938728
v 3.878758 12.805977 109.938728
v 5.399288 15.318832 109.972130
v 3.879363 15.318840 109.992729
v 3.893193 16.904724 111.232903
v 5.413284 16.904755 111.211510
v 5.457038 15.454094 115.458824
v 5.399288 15.318832 109.972130
v 5.457038 15.454094 115.458824
v 3.937299 15.454079 115.482826
v 3.937299 15.454079 115.482826
v 5.457038 15.454094 115.458824
v -0.527378 16.904762 111.295311
v -0.541581 15.318848 110.053108
v 3.879363 15.318840 109.992729
v 3.937299 15.454079 115.482826
v -0.480639 15.454071 115.552620
v -0.480071 16.870705 115.606728
v -0.480639 15.454071 115.552620
v 3.472192 20.549675 79.693413
v -0.944891 20.549667 79.716148
v 3.570403 20.287903 87.319427
v 3.472192 20.549675 79.693413
v 3.593649 15.555527 88.814827
v 3.570403 20.287903 87.319427
v 4.935995 20.549690 79.685905
v -6.792546 21.499741 87.389717
v -6.792555 20.287926 87.389732
v -5.270319 20.287918 87.379402
v -5.270318 21.499779 87.379402
v -6.875174 21.772682 79.746635
v -6.875168 20.549652 79.746635
v -6.792555 20.287926 87.389732
v -6.467955 15.454117 115.647316
v -4.925970 15.454041 115.622932
v -6.467319 16.870766 115.701622
v -0.944892 21.772667 79.716133
v -5.389744 20.549728 79.739029
v -0.836097 21.499748 87.349342
v -0.836101 20.287918 87.349373
v -5.225526 18.493629 90.847878
v -5.270319 20.287918 87.379402
v -6.792555 20.287926 87.389732
v -6.751951 18.493668 90.859566
v -6.776422 15.555550 88.888924
v -6.792555 20.287926 87.389732
v -6.875168 20.549652 79.746635
v -5.389744 20.549728 79.739029
v -5.251693 15.555580 88.877983
v -6.875168 20.549652 79.746635
v -5.389744 20.549728 79.739029
v -5.092405 17.551186 101.598930
v -6.630678 17.551132 101.615318
v -6.654296 14.746590 99.539680
v -5.117775 14.746582 99.524284
v -5.117775 14.746582 99.524284
v -5.251693 15.555580 88.877983
v -5.117775 14.746582 99.524284
v -5.069529 15.386444 103.482216
v -6.609169 15.386467 103.499611
v -6.630537 12.893112 101.628319
v -5.092243 12.893127 101.611794
v -5.092243 12.893127 101.611794
v -4.990188 15.318848 110.113716
v -6.532592 15.318848 110.134819
v -6.533219 12.805931 110.080513
v -4.990834 12.805931 110.059517
v -4.990834 12.805931 110.059517
v -4.975536 16.904747 111.358009
v -4.990188 15.318848 110.113716
v -6.532592 15.318848 110.134819
v -6.518075 16.904709 111.379814
v -6.467955 15.454117 115.647316
v -6.532592 15.318848 110.134819
v -6.467955 15.454117 115.647316
v -4.925970 15.454041 115.622932
v -4.925970 15.454041 115.622932
v -6.467955 15.454117 115.647316
v -0.944892 21.772667 79.716133
v -0.836097 21.499748 87.349342
v -0.527378 16.904762 111.295311
v -0.527378 16.904762 111.295311
v -0.541581 15.318848 110.053108
v -4.990188 15.318848 110.113716
v -4.925970 15.454041 115.622932
v -4.990188 15.318848 110.113716
v -0.541581 15.318848 110.053108
v -0.480071 16.870705 115.606728
v -0.480071 16.870705 115.606728
v -0.527378 16.904762 111.295311
v -0.836101 20.287918 87.349373
v -5.389744 20.549728 79.739029
v -5.270319 20.287918 87.379402
v -5.251693 15.555580 88.877983
v -5.389744 20.549728 79.739029
v -5.270319 20.287918 87.379402
v -6.875168 20.549652 79.746635
v 6.243903 7.097420 63.771271
v 2.500218 7.097458 63.781036
v 2.522786 17.323097 65.219231
v 6.272736 17.323143 65.208733
v -9.541897 2.781281 90.382515
v 6.771875 2.781288 90.260139
v 6.906953 14.436516 98.527229
v -9.485937 14.436493 98.687538
v 6.345937 4.964180 68.724670
v 6.371312 18.739525 69.984291
v 2.522786 17.323097 65.219231
v 2.598192 18.739479 69.997368
v 6.654092 2.813591 84.297234
v 6.633327 17.958305 83.189064
v 6.741518 15.180061 88.698174
v -9.553129 17.986382 83.337891
v -9.582159 18.674934 70.133102
v -9.553129 17.986382 83.337891
v -9.582159 18.674934 70.133102
v -9.549433 2.812225 84.406334
v -9.543335 15.178719 88.824196
v -9.584276 4.977158 68.807587
v 2.578254 4.964203 68.737106
v 2.500218 7.097458 63.781036
v 2.522786 17.323097 65.219231
v 2.500218 7.097458 63.781036
v 2.578254 4.964203 68.737106
v 2.598192 18.739479 69.997368
v 2.578254 4.964203 68.737106
v -9.582159 18.674934 70.133102
v -9.582159 18.674934 70.133102
v 2.598192 18.739479 69.997368
v 2.578254 4.964203 68.737106
v 6.771875 2.781288 90.260139
v 6.906953 14.436516 98.527229
v 6.771875 2.781288 90.260139
v -9.543335 15.178719 88.824196
v -9.485937 14.436493 98.687538
v 6.906953 14.436516 98.527229
v -9.541897 2.781281 90.382515
v -9.541897 2.781281 90.382515
v -9.485937 14.436493 98.687538
v 6.771875 2.781288 90.260139
v -9.541897 2.781281 90.382515
v 4.818287 9.525703 60.735085
v 1.672979 10.746834 46.210815
v 0.588665 18.134048 47.485260
v 3.774666 16.779442 62.056946
v -6.800519 15.389923 62.078102
v -7.115360 17.130714 47.490448
v -5.725889 8.138710 60.754570
v -6.800519 15.389923 62.078102
v -7.115360 17.130714 47.490448
v -6.013906 9.745316 46.215340
v 4.628880 18.853523 58.484398
v 6.022502 9.151085 56.900879
v 3.634471 8.833786 56.904350
v 2.226591 18.535439 58.488220
v 0.587925 18.009506 60.316162
v 1.999797 8.330315 58.727104
v 0.685128 17.586777 62.905266
v 0.587925 18.009506 60.316162
v 1.999797 8.330315 58.727104
v 2.090632 7.938370 61.310844
v 3.865534 7.889809 63.139427
v 2.473071 17.517250 64.736343
v 6.270017 8.210266 63.134300
v 4.891948 17.838409 64.730728
v 7.881760 8.709724 61.299728
v 6.510942 18.359871 62.893066
v 7.774442 9.098648 58.717705
v 6.397169 18.779572 60.305695
v 3.865534 7.889809 63.139427
v 6.022502 9.151085 56.900879
v 7.881760 8.709724 61.299728
v 6.270017 8.210266 63.134300
v 1.999797 8.330315 58.727104
v 3.865534 7.889809 63.139427
v 2.090632 7.938370 61.310844
v 1.999797 8.330315 58.727104
v 3.634471 8.833786 56.904350
v 7.774442 9.098648 58.717705
v 0.685128 17.586777 62.905266
v 6.397169 18.779572 60.305695
v 2.226591 18.535439 58.488220
v 2.226591 18.535439 58.488220
v 0.587925 18.009506 60.316162
v 0.685128 17.586777 62.905266
v 4.891948 17.838409 64.730728
v 6.397169 18.779572 60.305695
v 2.473071 17.517250 64.736343
v 4.891948 17.838409 64.730728
v 6.510942 18.359871 62.893066
v 4.628880 18.853523 58.484398
v -7.501152 7.268738 58.166374
v -7.400949 6.622810 62.375275
v -8.798189 16.038261 63.933636
v -8.907701 16.733063 59.716248
v 2.967387 8.641014 58.149956
v 3.118260 8.004036 62.353859
v -7.400949 6.622810 62.375275
v 3.118260 8.004036 62.353859
v 1.751238 17.422401 63.910221
v -8.798189 16.038261 63.933636
v 1.751238 17.422401 63.910221
v 1.590253 18.108215 59.698029
v 3.125277 9.687218 57.971504
v 2.083735 16.857819 59.176918
v 2.657909 14.285393 72.192398
v 3.565713 8.068565 71.840988
v -7.022168 15.664375 59.192146
v -6.624515 13.305260 72.360306
v -5.958109 8.495773 57.985626
v -5.668753 6.851196 71.871796
v -6.624515 13.305260 72.360306
v -7.022168 15.664375 59.192146
v 5.096433 13.129677 51.838547
v 7.252481 13.471855 51.215431
v 7.156331 12.360847 51.105667
v 5.155004 10.818169 51.529541
v 10.034660 12.461906 65.538712
v 10.151840 11.437675 65.365753
v 10.770070 12.034088 65.246681
v 10.709030 12.569954 65.337135
v 8.643289 11.655968 56.210228
v 7.156331 12.360847 51.105667
v 7.252481 13.471855 51.215431
v 8.789493 13.341530 56.380852
v 8.018234 17.042892 57.101021
v 6.519989 17.782753 51.985451
v 4.227138 18.639412 52.802277
v 5.717995 17.889488 57.932114
v 5.717995 17.889488 57.932114
v 4.227138 18.639412 52.802277
v 4.708852 16.399940 52.370483
v 6.247440 15.100273 57.405891
v 5.717995 17.889488 57.932114
v 8.643289 11.655968 56.210228
v 8.643289 11.655968 56.210228
v 6.630604 10.118835 56.644081
v 10.446970 13.893745 64.271111
v 10.576150 12.761421 64.080238
v 10.361370 14.643608 64.397514
v 10.661730 12.011040 63.953777
v 8.543342 15.467247 56.732201
v 8.018234 17.042892 57.101021
v 9.406070 15.084259 64.760902
v 10.361370 14.643608 64.397514
v 9.689053 12.619316 64.345009
v 9.559136 13.751289 64.535950
v 5.717995 17.889488 57.932114
v 9.842095 11.285110 64.120171
v 9.406070 15.084259 64.760902
v 5.717995 17.889488 57.932114
v 6.496640 12.976204 57.053947
v 6.630604 10.118835 56.644081
v 8.643289 11.655968 56.210228
v 10.661730 12.011040 63.953777
v 9.842095 11.285110 64.120171
v 9.842095 11.285110 64.120171
v 8.643289 11.655968 56.210228
v 6.868854 16.744537 51.746246
v 4.708852 16.399940 52.370483
v 6.868854 16.744537 51.746246
v 6.519989 17.782753 51.985451
v 8.018234 17.042892 57.101021
v 8.018234 17.042892 57.101021
v 6.868854 16.744537 51.746246
v 5.096433 13.129677 51.838547
v 5.155004 10.818169 51.529541
v 6.630604 10.118835 56.644081
v 6.630604 10.118835 56.644081
v 5.096433 13.129677 51.838547
v 6.496640 12.976204 57.053947
v 8.789493 13.341530 56.380852
v 4.708852 16.399940 52.370483
v 8.543342 15.467247 56.732201
v 6.247440 15.100273 57.405891
v 6.247440 15.100273 57.405891
v 8.543342 15.467247 56.732201
v 8.789493 13.341530 56.380852
v 6.496640 12.976204 57.053947
v 10.519160 14.236092 65.618675
v 10.580200 13.700516 65.528168
v 10.361370 14.643608 64.397514
v 9.788043 14.615623 65.902832
v 10.519160 14.236092 65.618675
v 10.361370 14.643608 64.397514
v 10.151840 11.437675 65.365753
v 10.034660 12.461906 65.538712
v 10.661730 12.011040 63.953777
v 9.842095 11.285110 64.120171
v 10.661730 12.011040 63.953777
v 9.905259 13.592247 65.729759
v 10.580200 13.700516 65.528168
v 10.519160 14.236092 65.618675
v 10.709030 12.569954 65.337135
v 10.770070 12.034088 65.246681
v 9.905259 13.592247 65.729759
v 9.788043 14.615623 65.902832
v 9.406070 15.084259 64.760902
v 10.576150 12.761421 64.080238
v 9.689053 12.619316 64.345009
v 10.580200 13.700516 65.528168
v 9.559136 13.751289 64.535950
v 10.446970 13.893745 64.271111
v 10.446970 13.893745 64.271111
v 9.559136 13.751289 64.535950
v 9.689053 12.619316 64.345009
v 10.576150 12.761421 64.080238
v 2.827297 14.550468 39.685562
v 4.529461 14.794006 39.461311
v 4.610435 14.178787 39.368126
v 3.022627 13.076622 39.461983
v 4.655719 18.708092 56.873093
v 5.853419 9.515640 55.355743
v 8.450595 11.788536 49.234108
v 7.486637 19.282700 50.440170
v 4.610435 14.178787 39.368126
v 4.529461 14.794006 39.461311
v 5.241504 14.352104 41.171059
v 5.330770 13.671013 41.066666
v 4.026392 18.613762 40.041634
v 2.207233 19.226501 40.397552
v 2.443975 19.326447 42.128876
v 4.680143 18.631744 41.828957
v 2.207233 19.226501 40.397552
v 2.402407 17.755066 40.173088
v 2.662770 17.674011 41.873833
v 2.443975 19.326447 42.128876
v 3.357996 12.419319 41.066246
v 5.330770 13.671013 41.066666
v 4.769390 17.951683 41.724190
v 4.680143 18.631744 41.828957
v 3.570068 20.342102 50.983246
v 7.486637 19.282700 50.440170
v 4.960918 9.732849 49.272888
v 3.570068 20.342102 50.983246
v 3.357996 12.419319 41.066246
v 3.139048 14.074837 41.320129
v 3.357996 12.419319 41.066246
v 5.330770 13.671013 41.066666
v 8.450595 11.788536 49.234108
v 4.960918 9.732849 49.272888
v 4.960918 9.732849 49.272888
v 5.330770 13.671013 41.066666
v 4.107357 17.999268 39.948105
v 2.402407 17.755066 40.173088
v 4.107357 17.999268 39.948105
v 4.026392 18.613762 40.041634
v 4.680143 18.631744 41.828957
v 2.827297 14.550468 39.685562
v 3.022627 13.076622 39.461983
v 5.241504 14.352104 41.171059
v 3.139048 14.074837 41.320129
v 2.662770 17.674011 41.873833
v 4.769390 17.951683 41.724190
v 4.769390 17.951683 41.724190
v 2.662770 17.674011 41.873833
v 2.662770 17.674011 41.873833
v 2.402407 17.755066 40.173088
v 3.139048 14.074837 41.320129
v 3.139048 14.074837 41.320129
v 5.241504 14.352104 41.171059
v 5.853419 9.515640 55.355743
v 4.655719 18.708092 56.873093
v 3.570068 20.342102 50.983246
v 4.655719 18.708092 56.873093
v 7.486637 19.282700 50.440170
v 8.450595 11.788536 49.234108
v 5.853419 9.515640 55.355743
v 4.960918 9.732849 49.272888
v -9.543335 15.178719 88.824196
v -6.212738 7.920387 54.615433
v 6.184111 9.346443 54.044235
v 5.030132 18.993401 55.366913
v -7.406226 17.564636 55.942581
v -4.035625 22.041069 21.808670
v -3.292653 16.031456 21.138748
v -4.007232 17.302010 15.413574
v -4.711443 22.951767 15.993698
v -12.704900 22.119942 22.213093
v -13.327370 22.842400 16.347321
v -12.402630 15.556831 15.593857
v -11.682920 14.149666 21.330917
v -12.402630 15.556831 15.593857
v -11.682920 14.149666 21.330917
v -12.402630 15.556831 15.593857
v 2.656170 12.830460 39.139420
v 1.857058 19.363327 39.984665
v 5.030132 18.993401 55.366913
v 5.030132 18.993401 55.366913
v 6.184111 9.346443 54.044235
v -5.481483 21.479210 46.681732
v -12.472830 20.786507 46.990814
v -7.406226 17.564636 55.942581
v -7.406226 17.564636 55.942581
v 5.030132 18.993401 55.366913
v -10.757570 6.956375 44.955750
v -6.212738 7.920387 54.615433
v -7.406226 17.564636 55.942581
v -7.406226 17.564636 55.942581
v 6.184111 9.346443 54.044235
v -3.713061 7.135056 44.643829
v -1.811742 13.771416 32.939575
v -2.622235 20.247856 33.656593
v -7.027315 22.110649 38.699905
v -12.506080 20.912727 38.923500
v -11.008300 8.880089 37.347435
v -2.568783 14.772774 28.380024
v -3.346750 20.943214 29.001595
v -12.246500 21.475479 29.611351
v -11.112650 12.492516 28.580875
v -11.112650 12.492516 28.580875
v -5.373853 8.748734 37.108582
v -11.008300 8.880089 37.347435
v -11.112650 12.492516 28.580875
v -11.682920 14.149666 21.330917
v -11.112650 12.492516 28.580875
v -11.682920 14.149666 21.330917
v 6.184111 9.346443 54.044235
v -6.212738 7.920387 54.615433
v -6.212738 7.920387 54.615433
v -10.757570 6.956375 44.955750
v 5.030132 18.993401 55.366913
v -10.757570 6.956375 44.955750
v -11.008300 8.880089 37.347435
v -10.757570 6.956375 44.955750
v 6.602656 -15.578114 105.504723
v -9.092474 -15.578098 105.693611
v -9.092463 -18.195900 105.693596
v 6.602652 -18.195885 105.504814
v 6.236150 -15.628300 83.555717
v 6.572795 -15.595020 103.456413
v 6.572786 -18.215858 103.456413
v 6.236147 -18.515434 83.555763
v -9.213396 -15.628239 83.647552
v -9.107801 -15.595066 103.634224
v 6.602652 -18.195885 105.504814
v 6.602649 -19.884148 105.504814
v 6.572786 -19.906044 103.456413
v -9.107767 -19.906059 103.634117
v 6.572786 -19.906044 103.456413
v 6.602649 -19.884148 105.504814
v -9.092470 -19.884163 105.693611
v -9.107784 -18.215858 103.634102
v -9.092463 -18.195900 105.693596
v 6.602649 -19.884148 105.504814
v -9.213415 -18.515465 83.647552
v -9.107767 -19.906059 103.634117
v -9.092470 -19.884163 105.693611
v 6.572786 -18.215858 103.456413
v 6.572786 -19.906044 103.456413
v -9.107784 -18.215858 103.634102
v -9.213415 -18.515465 83.647552
v 6.236147 -18.515434 83.555763
v 6.572786 -18.215858 103.456413
v -9.107784 -18.215858 103.634102
v -8.428621 -18.114891 103.737114
v -8.428629 -21.349052 103.737007
v 5.905676 -21.349083 103.573997
v 5.905681 -18.114876 103.574013
v 5.905681 -18.114876 103.574013
v 5.625042 -21.910667 85.973534
v 5.581220 -18.414009 83.559639
v -8.533760 -21.910667 86.065224
v -8.428621 -18.114891 103.737114
v -8.541199 -18.414024 83.643532
v -8.428621 -18.114891 103.737114
v -3.217565 -16.103992 91.356026
v -6.234103 -16.042194 102.525108
v -6.234107 -14.195759 102.525108
v -3.217574 -14.243458 91.356041
v -4.103684 -16.028873 105.397713
v -4.103701 -14.185520 105.397713
v 1.675955 -16.028858 105.328712
v 1.675957 -14.185505 105.328621
v 3.723155 -16.042225 102.415810
v 3.723162 -14.195713 102.415627
v 0.481950 -16.104069 91.327309
v 0.481942 -14.243473 91.327415
v -4.103701 -14.185520 105.397713
v 1.675957 -14.185505 105.328621
v 3.723162 -14.195713 102.415627
v -3.217574 -14.243458 91.356041
v -6.234107 -14.195759 102.525108
v 0.481942 -14.243473 91.327415
v 14.412440 -26.458870 0.130953
v 14.017459 -29.367241 0.130922
v 5.453673 -28.313255 0.130937
v 5.874016 -25.404854 0.130922
v -3.137897 -24.710625 18.540512
v -4.189524 -24.584480 18.540604
v -5.401536 -32.969440 18.540649
v -4.349522 -33.095600 18.540604
v 14.412440 -26.458870 0.130953
v 13.979079 -26.374214 0.910143
v 13.582730 -29.282570 0.910173
v 14.017459 -29.367241 0.130922
v 14.412440 -26.458870 0.130953
v 7.902668 -36.423817 3.479250
v 4.349233 -35.994465 3.482058
v 4.320498 -36.126453 0.130907
v 12.948700 -37.180439 0.130968
v 12.510550 -37.095692 0.910158
v -13.952070 -32.416523 8.926559
v -12.740140 -23.988029 8.926544
v -12.982190 -24.338615 0.130907
v -14.205460 -32.780994 0.130922
v -0.761287 -25.413750 8.926483
v 5.894756 -25.275475 3.482073
v 5.874016 -25.404854 0.130922
v 5.874016 -25.404854 0.130922
v -12.740140 -23.988029 8.926544
v -12.982190 -24.338615 0.130907
v -12.740140 -23.988029 8.926544
v 5.874016 -25.404854 0.130922
v -0.761287 -25.413750 8.926483
v -3.166971 -24.779289 16.916260
v -4.382038 -33.173450 16.916275
v -1.990151 -33.842213 8.926483
v -0.761287 -25.413750 8.926483
v -5.434262 -33.047474 16.916351
v -4.218874 -24.653297 16.916336
v -12.569530 -23.650276 16.916702
v -13.768860 -32.044453 16.916748
v -4.349522 -33.095600 18.540604
v -5.401536 -32.969440 18.540649
v -5.434262 -33.047474 16.916351
v -4.382038 -33.173450 16.916275
v -4.189524 -24.584480 18.540604
v -3.137897 -24.710625 18.540512
v -3.166971 -24.779289 16.916260
v -4.218874 -24.653297 16.916336
v 4.769500 -33.086781 3.482027
v 5.894756 -25.275475 3.482073
v -0.761287 -25.413750 8.926483
v 5.894756 -25.275475 3.482073
v 5.476563 -28.183174 3.482073
v 4.349233 -35.994465 3.482058
v 12.910900 -34.187366 0.910189
v 8.315492 -33.516163 3.479235
v 7.902668 -36.423817 3.479250
v 7.902668 -36.423817 3.479250
v 12.510550 -37.095692 0.910158
v 4.320498 -36.126453 0.130907
v 4.320498 -36.126453 0.130907
v 4.742960 -33.218067 0.130922
v -1.990151 -33.842213 8.926483
v -13.952070 -32.416523 8.926559
v -14.205460 -32.780994 0.130922
v -14.205460 -32.780994 0.130922
v -1.990151 -33.842213 8.926483
v -14.205460 -32.780994 0.130922
v 9.419309 -25.704857 3.479265
v 13.979079 -26.374214 0.910143
v 14.412440 -26.458870 0.130953
v 14.412440 -26.458870 0.130953
v 5.874016 -25.404854 0.130922
v 5.874016 -25.404854 0.130922
v 13.347820 -34.272083 0.130937
v 12.948700 -37.180439 0.130968
v 13.347820 -34.272083 0.130937
v 12.910900 -34.187366 0.910189
v 12.510550 -37.095692 0.910158
v 12.510550 -37.095692 0.910158
v 12.948700 -37.180439 0.130968
v 13.347820 -34.272083 0.130937
v 9.009345 -28.612556 3.479265
v 9.419309 -25.704857 3.479265
v 5.894756 -25.275475 3.482073
v 4.742960 -33.218067 0.130922
v 4.769500 -33.086781 3.482027
v 8.315492 -33.516163 3.479235
v 8.315492 -33.516163 3.479235
v 12.910900 -34.187366 0.910189
v 4.742960 -33.218067 0.130922
v 12.910900 -34.187366 0.910189
v 13.347820 -34.272083 0.130937
v 4.742960 -33.218067 0.130922
v 5.453673 -28.313255 0.130937
v 5.476563 -28.183174 3.482073
v 4.769500 -33.086781 3.482027
v 4.742960 -33.218067 0.130922
v 14.017459 -29.367241 0.130922
v 9.009345 -28.612556 3.479265
v 9.009345 -28.612556 3.479265
v 5.476563 -28.183174 3.482073
v 14.017459 -29.367241 0.130922
v 5.476563 -28.183174 3.482073
v 5.453673 -28.313255 0.130937
v 14.017459 -29.367241 0.130922
v 7.902668 -36.423817 3.479250
v 4.349233 -35.994465 3.482058
v 13.582730 -29.282570 0.910173
v 13.979079 -26.374214 0.910143
v 13.979079 -26.374214 0.910143
v 9.419309 -25.704857 3.479265
v -12.569530 -23.650276 16.916702
v -4.218874 -24.653297 16.916336
v -3.166971 -24.779289 16.916260
v -12.740140 -23.988029 8.926544
v -12.569530 -23.650276 16.916702
v -13.952070 -32.416523 8.926559
v -4.382038 -33.173450 16.916275
v -5.434262 -33.047474 16.916351
v -13.768860 -32.044453 16.916748
v -1.990151 -33.842213 8.926483
v -12.855450 -22.715446 8.734482
v -12.816370 -22.647270 10.398010
v -5.835915 -23.481071 10.397949
v -5.869106 -23.548531 8.734451
v -13.024230 -24.092690 10.398026
v -6.046692 -24.926491 10.397934
v -13.063750 -24.161781 8.734497
v -6.080407 -24.994850 8.734451
v -13.063750 -24.161781 8.734497
v -6.080407 -24.994850 8.734451
v -14.212830 -32.160664 8.734512
v -14.170980 -32.086384 10.398056
v -7.211837 -32.920185 10.397949
v -7.248579 -32.993732 8.734482
v -14.377800 -33.531727 10.398026
v -7.422383 -34.365559 10.397919
v -14.420030 -33.607014 8.734512
v -7.459654 -34.440052 8.734482
v -14.212830 -32.160664 8.734512
v -7.248579 -32.993732 8.734482
v -17.497959 -22.103386 9.818314
v -17.459419 -22.034279 11.481888
v -16.704611 -23.606941 11.256042
v -16.743980 -23.676903 9.592484
v -16.743980 -23.676903 9.592484
v -13.063750 -24.161781 8.734497
v -17.871811 -31.673176 9.592499
v -17.830709 -31.597614 11.256042
v -18.983860 -32.913563 11.481903
v -19.024590 -32.990467 9.818329
v -17.871811 -31.673176 9.592499
v -14.212830 -32.160664 8.734512
v -17.871811 -31.673176 9.592499
v -17.871811 -31.673176 9.592499
v -16.743980 -23.676903 9.592484
v -17.871811 -31.673176 9.592499
v -16.743980 -23.676903 9.592484
v -17.871811 -31.673176 9.592499
v -17.600861 -22.591560 0.130892
v -17.510180 -22.484810 2.884981
v -6.003676 -23.859169 2.884996
v -6.065562 -23.965645 0.130892
v -16.069651 -24.133949 2.884996
v -6.216881 -25.307564 2.884996
v -16.158480 -24.240929 0.130892
v -6.279571 -25.414314 0.130892
v -16.158480 -24.240929 0.130892
v -6.279571 -25.414314 0.130892
v -17.289089 -32.174152 0.130892
v -17.198259 -32.065845 2.885027
v -7.383648 -33.239460 2.884981
v -7.450783 -33.347553 0.130892
v -19.034941 -33.313526 2.884981
v -7.596556 -34.687855 2.884966
v -19.127590 -33.422108 0.130892
v -7.664454 -34.796162 0.130907
v -17.289089 -32.174152 0.130892
v -7.450783 -33.347553 0.130892
v -17.289089 -32.174152 0.130892
v -16.158480 -24.240929 0.130892
v -17.289089 -32.174152 0.130892
v -16.158480 -24.240929 0.130892
v -6.080407 -24.994850 8.734451
v -5.869106 -23.548531 8.734451
v -7.459654 -34.440052 8.734482
v -7.248579 -32.993732 8.734482
v -6.216881 -25.307564 2.884996
v -6.279571 -25.414314 0.130892
v -7.596556 -34.687855 2.884966
v -7.664454 -34.796162 0.130907
v 3.570402 -29.191185 87.319466
v 3.570396 -30.403034 87.319420
v 5.070393 -30.403004 87.309174
v 5.070374 -29.191200 87.309273
v 4.936003 -29.452965 79.685844
v 5.070374 -29.191200 87.309273
v 4.935991 -30.675922 79.685905
v 5.457039 -24.357368 115.458809
v 3.937303 -24.357353 115.482811
v 5.457554 -25.774025 115.512810
v -0.944884 -30.675922 79.716118
v -0.944887 -29.452950 79.716095
v 3.472200 -29.452934 79.693375
v -0.836112 -29.191185 87.349403
v -0.836093 -30.403049 87.349281
v 5.070374 -29.191200 87.309273
v 5.126119 -27.396889 90.768959
v 3.622071 -27.396904 90.780373
v 3.570402 -29.191185 87.319466
v 5.096059 -24.458824 88.804085
v 5.070374 -29.191200 87.309273
v 5.070374 -29.191200 87.309273
v 4.936003 -29.452965 79.685844
v 4.936003 -29.452965 79.685844
v 3.472200 -29.452934 79.693375
v 3.593648 -24.458809 88.814842
v 5.290315 -26.454430 101.487801
v 3.774612 -26.454460 101.504005
v 5.260660 -23.649788 99.419945
v 3.746723 -23.649849 99.435204
v 3.746723 -23.649849 99.435204
v 3.746723 -23.649849 99.435204
v 3.593648 -24.458809 88.814842
v 5.316254 -24.289711 103.364708
v 3.799192 -24.289757 103.381813
v 5.290505 -21.796364 101.500710
v 3.774770 -21.796379 101.517021
v 3.774770 -21.796379 101.517021
v 3.746723 -23.649849 99.435204
v 5.399292 -24.222130 109.972130
v 3.879360 -24.222084 109.992714
v 5.398671 -21.709236 109.918022
v 3.878755 -21.709206 109.938713
v 3.878755 -21.709206 109.938713
v 3.878755 -21.709206 109.938713
v 3.774770 -21.796379 101.517021
v 5.399292 -24.222130 109.972130
v 5.413287 -25.807991 111.211525
v 3.893196 -25.807991 111.232918
v 3.879360 -24.222084 109.992714
v 5.457039 -24.357368 115.458809
v 5.399292 -24.222130 109.972130
v 5.457039 -24.357368 115.458809
v 3.937303 -24.357353 115.482811
v 5.457039 -24.357368 115.458809
v 3.937303 -24.357353 115.482811
v 5.457039 -24.357368 115.458809
v -0.527366 -25.807991 111.295219
v -0.541574 -24.222115 110.053108
v -0.480635 -24.357353 115.552635
v 3.937303 -24.357353 115.482811
v 3.879360 -24.222084 109.992714
v -0.480063 -25.774010 115.606819
v -0.480635 -24.357353 115.552635
v 3.472200 -29.452934 79.693375
v -0.944887 -29.452950 79.716095
v 3.570402 -29.191185 87.319466
v 3.593648 -24.458809 88.814842
v 3.472200 -29.452934 79.693375
v 3.570402 -29.191185 87.319466
v 4.936003 -29.452965 79.685844
v -6.792532 -30.403034 87.389679
v -5.270316 -30.403019 87.379356
v -5.270318 -29.191170 87.379372
v -6.792547 -29.191170 87.389748
v -6.792547 -29.191170 87.389748
v -6.875154 -29.452950 79.746613
v -6.875165 -30.675953 79.746635
v -6.467956 -24.357399 115.647316
v -6.467323 -25.774010 115.701637
v -4.925963 -24.357338 115.623009
v -0.944884 -30.675922 79.716118
v -5.389744 -29.452950 79.739059
v -0.836093 -30.403049 87.349281
v -0.836112 -29.191185 87.349403
v -5.225522 -27.396873 90.847862
v -6.751937 -27.396873 90.859566
v -6.792547 -29.191170 87.389748
v -6.792547 -29.191170 87.389748
v -5.270318 -29.191170 87.379372
v -6.776417 -24.458809 88.888954
v -6.875154 -29.452950 79.746613
v -6.792547 -29.191170 87.389748
v -6.792547 -29.191170 87.389748
v -5.389744 -29.452950 79.739059
v -6.875154 -29.452950 79.746613
v -5.251688 -24.458809 88.878014
v -5.092398 -26.454475 101.598915
v -6.630676 -26.454445 101.615303
v -6.654290 -23.649834 99.539711
v -5.117780 -23.649849 99.524284
v -5.117780 -23.649849 99.524284
v -5.251688 -24.458809 88.878014
v -5.117780 -23.649849 99.524284
v -5.069532 -24.289742 103.482109
v -6.609174 -24.289726 103.499611
v -6.630535 -21.796379 101.628304
v -5.092246 -21.796379 101.611916
v -5.092246 -21.796379 101.611916
v -4.990180 -24.222145 110.113823
v -6.532586 -24.222099 110.134712
v -6.533210 -21.709206 110.080421
v -4.990839 -21.709236 110.059517
v -4.990839 -21.709236 110.059517
v -4.975538 -25.807991 111.358116
v -6.518063 -25.808006 111.379829
v -6.532586 -24.222099 110.134712
v -4.990180 -24.222145 110.113823
v -6.467956 -24.357399 115.647316
v -6.532586 -24.222099 110.134712
v -6.467956 -24.357399 115.647316
v -4.925963 -24.357338 115.623009
v -4.925963 -24.357338 115.623009
v -6.467956 -24.357399 115.647316
v -0.944884 -30.675922 79.716118
v -0.836093 -30.403049 87.349281
v -4.990180 -24.222145 110.113823
v -0.541574 -24.222115 110.053108
v -0.527366 -25.807991 111.295219
v -0.527366 -25.807991 111.295219
v -4.925963 -24.357338 115.623009
v -0.541574 -24.222115 110.053108
v -4.990180 -24.222145 110.113823
v -0.480063 -25.774010 115.606819
v -0.527366 -25.807991 111.295219
v -0.480063 -25.774010 115.606819
v -0.836112 -29.191185 87.349403
v -5.389744 -29.452950 79.739059
v -5.270318 -29.191170 87.379372
v -5.389744 -29.452950 79.739059
v -5.251688 -24.458809 88.878014
v -5.270318 -29.191170 87.379372
v -6.875154 -29.452950 79.746613
v 6.243902 -16.000645 63.771294
v 6.272738 -26.226387 65.208740
v 2.522794 -26.226372 65.219238
v 2.500218 -16.000660 63.781036
v -9.541887 -11.684513 90.382454
v -9.485941 -23.339775 98.687569
v 6.906959 -23.339745 98.527199
v 6.771874 -11.684498 90.260139
v 6.345935 -13.867420 68.724640
v 6.371313 -27.642784 69.984314
v 2.598205 -27.642754 69.997360
v 2.522794 -26.226372 65.219238
v 6.654089 -11.716816 84.297234
v 6.741529 -24.083351 88.698166
v 6.633333 -26.861580 83.189064
v -9.553112 -26.889671 83.337868
v -9.582165 -27.578209 70.133125
v -9.553112 -26.889671 83.337868
v -9.543327 -24.081932 88.824196
v -9.549427 -11.715504 84.406334
v -9.582165 -27.578209 70.133125
v -9.584278 -13.880405 68.807594
v 2.578253 -13.867420 68.737091
v 2.500218 -16.000660 63.781036
v 2.522794 -26.226372 65.219238
v 2.598205 -27.642754 69.997360
v 2.578253 -13.867420 68.737091
v 2.500218 -16.000660 63.781036
v 2.578253 -13.867420 68.737091
v 2.598205 -27.642754 69.997360
v -9.582165 -27.578209 70.133125
v -9.582165 -27.578209 70.133125
v 2.578253 -13.867420 68.737091
v 6.771874 -11.684498 90.260139
v 6.906959 -23.339745 98.527199
v 6.771874 -11.684498 90.260139
v 6.906959 -23.339745 98.527199
v -9.485941 -23.339775 98.687569
v -9.543327 -24.081932 88.824196
v -9.485941 -23.339775 98.687569
v -9.541887 -11.684513 90.382454
v -9.541887 -11.684513 90.382454
v -9.541887 -11.684513 90.382454
v 6.771874 -11.684498 90.260139
v 4.818291 -18.428978 60.735100
v 3.774666 -25.682686 62.056969
v 0.588676 -27.037300 47.485245
v 1.672980 -19.650093 46.210823
v -6.800531 -24.293159 62.078110
v -7.115356 -26.033974 47.490433
v -5.725875 -17.041965 60.754517
v -6.013899 -18.648582 46.215347
v -7.115356 -26.033974 47.490433
v -6.800531 -24.293159 62.078110
v 4.628878 -27.756798 58.484421
v 2.226585 -27.438667 58.488243
v 3.634478 -17.737022 56.904343
v 6.022500 -18.054405 56.900917
v 0.587933 -26.912788 60.316177
v 1.999798 -17.233543 58.727104
v 0.685136 -26.490013 62.905273
v 2.090637 -16.841602 61.310852
v 1.999798 -17.233543 58.727104
v 0.587933 -26.912788 60.316177
v 2.473070 -26.420525 64.736320
v 3.865536 -16.793064 63.139427
v 4.891947 -26.741631 64.730713
v 6.270013 -17.113518 63.134338
v 6.510947 -27.263100 62.893089
v 7.881763 -17.612968 61.299736
v 6.397175 -27.682777 60.305717
v 7.774438 -18.001884 58.717690
v 3.865536 -16.793064 63.139427
v 6.270013 -17.113518 63.134338
v 7.881763 -17.612968 61.299736
v 6.022500 -18.054405 56.900917
v 1.999798 -17.233543 58.727104
v 2.090637 -16.841602 61.310852
v 1.999798 -17.233543 58.727104
v 6.022500 -18.054405 56.900917
v 3.634478 -17.737022 56.904343
v 7.774438 -18.001884 58.717690
v 6.022500 -18.054405 56.900917
v 7.881763 -17.612968 61.299736
v 0.685136 -26.490013 62.905273
v 0.587933 -26.912788 60.316177
v 2.226585 -27.438667 58.488243
v 2.226585 -27.438667 58.488243
v 6.397175 -27.682777 60.305717
v 0.685136 -26.490013 62.905273
v 4.891947 -26.741631 64.730713
v 2.473070 -26.420525 64.736320
v 0.685136 -26.490013 62.905273
v 6.397175 -27.682777 60.305717
v 4.891947 -26.741631 64.730713
v 4.891947 -26.741631 64.730713
v 6.510947 -27.263100 62.893089
v 4.628878 -27.756798 58.484421
v -7.501146 -16.172031 58.166389
v -8.907690 -25.636314 59.716240
v -8.798187 -24.941490 63.933659
v -7.400938 -15.526051 62.375244
v -7.400938 -15.526051 62.375244
v 3.118268 -16.907291 62.353836
v 2.967385 -17.544243 58.149948
v 1.751251 -26.325630 63.910213
v 3.118268 -16.907291 62.353836
v -8.798187 -24.941490 63.933659
v 1.590257 -27.011467 59.698006
v 1.751251 -26.325630 63.910213
v 3.125285 -18.590462 57.971481
v 3.565711 -16.971775 71.841003
v 2.657907 -23.188622 72.192398
v 2.083738 -25.761070 59.176872
v -6.624528 -22.208565 72.360306
v -7.022178 -24.567635 59.192169
v -5.958101 -17.399010 57.985619
v -5.668758 -15.754475 71.871780
v -6.624528 -22.208565 72.360306
v -7.022178 -24.567635 59.192169
v -6.624528 -22.208565 72.360306
v 5.096438 -22.032890 51.838547
v 5.155000 -19.721458 51.529556
v 7.156337 -21.264091 51.105652
v 7.252473 -22.375145 51.215424
v 10.034660 -21.365150 65.538689
v 10.709030 -21.473183 65.337181
v 10.770080 -20.937340 65.246681
v 10.151840 -20.340950 65.365730
v 8.643296 -20.559227 56.210205
v 8.789495 -22.244789 56.380836
v 7.252473 -22.375145 51.215424
v 7.156337 -21.264091 51.105652
v 8.018239 -25.946129 57.101006
v 5.718002 -26.792747 57.932106
v 4.227154 -27.542671 52.802223
v 6.519991 -26.686043 51.985428
v 5.718002 -26.792747 57.932106
v 6.247440 -24.003548 57.405869
v 4.708852 -25.303185 52.370491
v 4.227154 -27.542671 52.802223
v 5.718002 -26.792747 57.932106
v 6.630607 -19.022072 56.644066
v 8.643296 -20.559227 56.210205
v 8.643296 -20.559227 56.210205
v 10.446970 -22.797005 64.271049
v 10.361370 -23.546867 64.397560
v 10.576150 -21.664726 64.080231
v 10.661730 -20.914314 63.953770
v 8.543342 -24.370537 56.732201
v 8.018239 -25.946129 57.101006
v 10.361370 -23.546867 64.397560
v 9.406072 -23.987495 64.760902
v 9.689050 -21.522575 64.345078
v 9.842098 -20.188332 64.120102
v 5.718002 -26.792747 57.932106
v 9.559136 -22.654533 64.535889
v 9.406072 -23.987495 64.760902
v 6.496645 -21.879448 57.053947
v 5.718002 -26.792747 57.932106
v 6.630607 -19.022072 56.644066
v 8.643296 -20.559227 56.210205
v 9.842098 -20.188332 64.120102
v 9.842098 -20.188332 64.120102
v 10.661730 -20.914314 63.953770
v 8.643296 -20.559227 56.210205
v 4.708852 -25.303185 52.370491
v 6.868856 -25.647850 51.746269
v 6.868856 -25.647850 51.746269
v 8.018239 -25.946129 57.101006
v 8.018239 -25.946129 57.101006
v 6.519991 -26.686043 51.985428
v 6.868856 -25.647850 51.746269
v 5.096438 -22.032890 51.838547
v 6.630607 -19.022072 56.644066
v 6.630607 -19.022072 56.644066
v 5.155000 -19.721458 51.529556
v 5.096438 -22.032890 51.838547
v 8.789495 -22.244789 56.380836
v 6.496645 -21.879448 57.053947
v 4.708852 -25.303185 52.370491
v 6.247440 -24.003548 57.405869
v 8.543342 -24.370537 56.732201
v 6.247440 -24.003548 57.405869
v 6.496645 -21.879448 57.053947
v 8.789495 -22.244789 56.380836
v 8.543342 -24.370537 56.732201
v 10.580210 -22.603767 65.528175
v 10.519160 -23.139305 65.618713
v 10.361370 -23.546867 64.397560
v 10.519160 -23.139305 65.618713
v 9.788047 -23.518898 65.902771
v 10.361370 -23.546867 64.397560
v 10.034660 -21.365150 65.538689
v 10.151840 -20.340950 65.365730
v 10.661730 -20.914314 63.953770
v 9.842098 -20.188332 64.120102
v 10.661730 -20.914314 63.953770
v 9.905254 -22.495506 65.729790
v 10.519160 -23.139305 65.618713
v 10.580210 -22.603767 65.528175
v 10.770080 -20.937340 65.246681
v 10.709030 -21.473183 65.337181
v 9.406072 -23.987495 64.760902
v 9.788047 -23.518898 65.902771
v 9.905254 -22.495506 65.729790
v 9.689050 -21.522575 64.345078
v 10.576150 -21.664726 64.080231
v 10.580210 -22.603767 65.528175
v 10.446970 -22.797005 64.271049
v 9.559136 -22.654533 64.535889
v 10.446970 -22.797005 64.271049
v 10.576150 -21.664726 64.080231
v 9.689050 -21.522575 64.345078
v 9.559136 -22.654533 64.535889
v 2.827303 -23.453728 39.685562
v 3.022628 -21.979927 39.461983
v 4.610435 -23.082008 39.368095
v 4.529469 -23.697289 39.461288
v 4.655736 -27.611336 56.873062
v 7.486632 -28.185936 50.440170
v 8.450601 -20.691795 49.234100
v 5.853421 -18.418892 55.355736
v 4.610435 -23.082008 39.368095
v 5.330773 -22.574257 41.066628
v 5.241505 -23.255348 41.171028
v 4.529469 -23.697289 39.461288
v 4.026396 -27.517021 40.041664
v 4.680151 -27.534996 41.828972
v 2.443979 -28.229668 42.128883
v 2.207241 -28.129784 40.397530
v 2.207241 -28.129784 40.397530
v 2.443979 -28.229668 42.128883
v 2.662765 -26.577248 41.873863
v 2.402413 -26.658333 40.173042
v 3.357989 -21.322563 41.066246
v 5.330773 -22.574257 41.066628
v 4.769392 -26.854973 41.724213
v 4.680151 -27.534996 41.828972
v 7.486632 -28.185936 50.440170
v 3.570074 -29.245369 50.983231
v 3.570074 -29.245369 50.983231
v 4.960918 -18.636147 49.272911
v 3.357989 -21.322563 41.066246
v 3.139051 -22.978111 41.320122
v 3.357989 -21.322563 41.066246
v 5.330773 -22.574257 41.066628
v 4.960918 -18.636147 49.272911
v 4.960918 -18.636147 49.272911
v 8.450601 -20.691795 49.234100
v 5.330773 -22.574257 41.066628
v 2.402413 -26.658333 40.173042
v 4.107360 -26.902550 39.948097
v 4.680151 -27.534996 41.828972
v 4.026396 -27.517021 40.041664
v 4.107360 -26.902550 39.948097
v 3.022628 -21.979927 39.461983
v 2.827303 -23.453728 39.685562
v 5.241505 -23.255348 41.171028
v 4.769392 -26.854973 41.724213
v 2.662765 -26.577248 41.873863
v 3.139051 -22.978111 41.320122
v 2.402413 -26.658333 40.173042
v 2.662765 -26.577248 41.873863
v 2.662765 -26.577248 41.873863
v 4.769392 -26.854973 41.724213
v 5.241505 -23.255348 41.171028
v 3.139051 -22.978111 41.320122
v 3.139051 -22.978111 41.320122
v 3.570074 -29.245369 50.983231
v 4.655736 -27.611336 56.873062
v 5.853421 -18.418892 55.355736
v 7.486632 -28.185936 50.440170
v 4.655736 -27.611336 56.873062
v 8.450601 -20.691795 49.234100
v 4.960918 -18.636147 49.272911
v 5.853421 -18.418892 55.355736
v -9.543327 -24.081932 88.824196
v -6.212729 -16.823673 54.615440
v -7.406212 -26.467949 55.942566
v 5.030135 -27.896706 55.366936
v 6.184114 -18.249687 54.044197
v -4.035642 -30.944294 21.808640
v -4.711434 -31.855030 15.993698
v -4.007237 -26.205238 15.413559
v -3.292660 -24.934731 21.138702
v -12.704900 -31.023182 22.213078
v -13.327360 -31.745686 16.347336
v -11.682920 -23.052956 21.330902
v -12.402630 -24.460091 15.593842
v -12.402630 -24.460091 15.593842
v -11.682920 -23.052956 21.330902
v -12.402630 -24.460091 15.593842
v 2.656172 -21.733696 39.139397
v 6.184114 -18.249687 54.044197
v 5.030135 -27.896706 55.366936
v 5.030135 -27.896706 55.366936
v 1.857064 -28.266640 39.984642
v -5.481474 -30.382481 46.681702
v 5.030135 -27.896706 55.366936
v -7.406212 -26.467949 55.942566
v -7.406212 -26.467949 55.942566
v -12.472830 -29.689796 46.990837
v -10.757590 -15.859684 44.955757
v -7.406212 -26.467949 55.942566
v -7.406212 -26.467949 55.942566
v -6.212729 -16.823673 54.615440
v -3.713051 -16.038288 44.643799
v 6.184114 -18.249687 54.044197
v -1.811740 -22.674675 32.939590
v -2.622238 -29.151100 33.656593
v -7.027315 -31.013935 38.699913
v -12.506080 -29.815983 38.923523
v -11.008300 -17.783348 37.347458
v -2.568781 -23.676048 28.379993
v -3.346746 -29.846470 29.001587
v -12.246490 -30.378742 29.611382
v -11.112650 -21.395790 28.580906
v -11.112650 -21.395790 28.580906
v -11.008300 -17.783348 37.347458
v -5.373856 -17.651970 37.108612
v -11.112650 -21.395790 28.580906
v -11.682920 -23.052956 21.330902
v -11.112650 -21.395790 28.580906
v -11.682920 -23.052956 21.330902
v -10.757590 -15.859684 44.955757
v -6.212729 -16.823673 54.615440
v -6.212729 -16.823673 54.615440
v 6.184114 -18.249687 54.044197
v 5.030135 -27.896706 55.366936
v -10.757590 -15.859684 44.955757
v -11.008300 -17.783348 37.347458
v -10.757590 -15.859684 44.955757
v 3.395668 6.902451 158.610626
v 3.455568 8.703659 158.247742
v -5.275128 7.637650 159.883514
v -8.444527 5.239922 160.760559
v 10.582150 4.158539 146.786316
v 13.648050 2.705811 148.547791
v 16.518120 -1.402275 135.265717
v 15.348859 -0.556236 133.244110
v 10.770620 4.167328 148.699036
v 5.568046 8.406288 156.566528
v 5.384843 6.779793 156.913940
v 7.244703 16.214478 144.757050
v 1.894600 8.873283 151.319519
v 4.978207 8.225975 147.419647
v 1.894600 8.873283 151.319519
v 5.825541 8.329559 150.073029
v 4.978207 8.225975 147.419647
v 1.894600 8.873283 151.319519
v -6.627069 8.277245 152.488129
v 1.894600 8.873283 151.319519
v 13.913480 1.224632 134.488708
v 15.348859 -0.556236 133.244110
v 13.744650 0.075447 130.463348
v 12.583250 2.984215 132.358032
v 5.488606 7.052292 126.963722
v 0.779481 15.941086 135.766205
v 9.310176 6.091599 128.774231
v 15.831100 -4.451134 133.111938
v 15.348859 -0.556236 133.244110
v 16.518120 -1.402275 135.265717
v 16.518120 -1.402275 135.265717
v 16.542240 -4.451149 135.086914
v -12.675430 12.739693 150.194946
v -10.661060 8.233810 153.221832
v -6.627069 8.277245 152.488129
v -6.627069 8.277245 152.488129
v -7.641057 16.485863 150.239624
v -13.981230 16.301476 147.170807
v -10.347370 15.931541 135.663635
v -11.875030 16.037796 139.993408
v -3.585397 16.070480 141.708923
v -3.339442 15.905891 134.038025
v 4.898923 16.068840 141.429932
v 0.779481 15.941086 135.766205
v 0.779481 15.941086 135.766205
v 1.092263 16.435020 149.095215
v 7.244703 16.214478 144.757050
v -0.564421 10.294342 127.798309
v -3.339442 15.905891 134.038025
v 1.092263 16.435020 149.095215
v 7.506436 6.788368 145.537811
v -0.610651 8.433151 123.105339
v -0.553260 8.931427 127.258629
v 5.488606 7.052292 126.963722
v 5.488606 7.052292 126.963722
v 5.366419 6.624733 122.899010
v -0.588353 8.053932 118.378517
v 5.284389 6.298843 118.276802
v -7.029685 10.412506 128.102203
v -0.553260 8.931427 127.258629
v -0.553260 8.931427 127.258629
v -7.322253 7.537567 127.545326
v -6.122100 7.092163 123.325035
v -6.050725 6.752380 118.479240
v -6.077530 -4.451118 118.480522
v -6.149965 -4.451126 122.986320
v -9.275490 6.801674 160.632050
v -10.948600 4.927605 160.889343
v -10.661060 8.233810 153.221832
v -10.661060 8.233810 153.221832
v -12.482870 6.475449 153.316742
v -10.661060 8.233810 153.221832
v -12.482870 6.475449 153.316742
v -16.176060 8.345497 149.928741
v -18.014410 6.477409 150.012329
v -13.925540 9.143387 150.012115
v 1.092263 16.435020 149.095215
v -7.641057 16.485863 150.239624
v -7.641057 16.485863 150.239624
v -6.627069 8.277245 152.488129
v -15.176810 9.353500 144.230621
v 5.519271 6.848557 150.305542
v 9.512970 2.985283 149.171997
v 8.276336 6.958717 149.441406
v -13.981230 16.301476 147.170807
v -7.641057 16.485863 150.239624
v -11.875030 16.037796 139.993408
v -11.677390 5.232903 131.494446
v -12.829280 8.282288 137.362946
v -10.347370 15.931541 135.663635
v -10.347370 15.931541 135.663635
v -3.339442 15.905891 134.038025
v -3.339442 15.905891 134.038025
v 5.519271 6.848557 150.305542
v -4.623375 7.100113 152.672638
v 5.519271 6.848557 150.305542
v 10.120890 -4.451157 147.764740
v 9.699104 1.006737 147.692017
v 5.680363 0.731377 149.386536
v 5.934649 -4.451134 149.405518
v 13.699210 -4.451134 148.450134
v 16.542240 -4.451149 135.086914
v 14.420070 -4.451149 129.171417
v 14.362769 -1.331673 129.312012
v 16.606880 -1.373421 131.567627
v 16.681391 -4.451118 131.413910
v -11.875030 16.037796 139.993408
v -11.875030 16.037796 139.993408
v -10.347370 15.931541 135.663635
v -4.760535 5.906570 151.314117
v 3.775585 5.016930 149.121124
v 5.519271 6.848557 150.305542
v 5.519271 6.848557 150.305542
v -4.623375 7.100113 152.672638
v -8.156893 4.723808 152.094910
v -4.623375 7.100113 152.672638
v -4.623375 7.100113 152.672638
v -9.122633 5.845634 152.907013
v -12.256210 0.114990 153.593719
v -11.173520 -0.462997 152.606537
v -7.641057 16.485863 150.239624
v -17.566509 0.465164 137.063690
v -16.554630 8.036461 137.095215
v -15.087630 5.188812 133.157532
v -15.420640 2.573746 133.106720
v -8.558117 -0.283165 157.806824
v -9.822918 -4.451157 157.920929
v -8.172762 -4.451141 158.500824
v -7.314751 -0.951469 158.331635
v -16.940350 0.584740 154.537506
v -16.236271 0.555771 152.810120
v -16.438160 -4.451126 152.835236
v -17.295259 -4.451149 154.575531
v 11.341480 1.686485 148.947754
v 11.576450 -4.451118 148.988495
v 5.934649 -4.451134 149.405518
v 5.680363 0.731377 149.386536
v 4.357419 0.541557 154.675934
v 3.556860 -4.451126 157.208038
v 5.934649 -4.451134 149.405518
v 9.512970 2.985283 149.171997
v 5.519271 6.848557 150.305542
v 9.512970 2.985283 149.171997
v 11.341480 1.686485 148.947754
v 9.512970 2.985283 149.171997
v -11.720380 0.364838 161.778748
v -13.558090 0.569946 161.765320
v -11.972030 -4.451134 161.784546
v -13.914530 -4.451096 161.846924
v -12.256210 0.114990 153.593719
v -9.122633 5.845634 152.907013
v -12.256210 0.114990 153.593719
v -12.507970 -4.451187 153.780457
v -12.256210 0.114990 153.593719
v 5.519271 6.848557 150.305542
v 5.825541 8.329559 150.073029
v 5.519271 6.848557 150.305542
v 7.565578 7.106758 147.316132
v 10.770620 4.167328 148.699036
v 10.770620 4.167328 148.699036
v 10.582150 4.158539 146.786316
v 7.506436 6.788368 145.537811
v 10.582150 4.158539 146.786316
v 10.582150 4.158539 146.786316
v 9.499465 4.222893 144.860748
v 7.506436 6.788368 145.537811
v 10.768070 2.039619 150.077820
v 12.685930 3.207108 150.058716
v 10.983410 4.224907 150.209930
v 9.638474 2.880096 150.252350
v 11.097740 -1.223656 126.130043
v 16.606880 -1.373421 131.567627
v 15.348859 -0.556236 133.244110
v 16.681391 -4.451118 131.413910
v 16.606880 -1.373421 131.567627
v 4.978207 8.225975 147.419647
v 5.825541 8.329559 150.073029
v 4.978207 8.225975 147.419647
v 7.506436 6.788368 145.537811
v 4.978207 8.225975 147.419647
v 15.348859 -0.556236 133.244110
v 13.913480 1.224632 134.488708
v 9.499465 4.222893 144.860748
v 7.244703 16.214478 144.757050
v 13.913480 1.224632 134.488708
v 12.583250 2.984215 132.358032
v 12.583250 2.984215 132.358032
v 4.898923 16.068840 141.429932
v 7.244703 16.214478 144.757050
v 9.499465 4.222893 144.860748
v 9.499465 4.222893 144.860748
v 13.913480 1.224632 134.488708
v 9.499465 4.222893 144.860748
v 10.768070 2.039619 150.077820
v 10.768070 2.039619 150.077820
v 9.638474 2.880096 150.252350
v 9.512970 2.985283 149.171997
v 9.512970 2.985283 149.171997
v 11.341480 1.686485 148.947754
v 10.768070 2.039619 150.077820
v 9.512970 2.985283 149.171997
v 9.512970 2.985283 149.171997
v 9.638474 2.880096 150.252350
v 5.825541 8.329559 150.073029
v 10.770620 4.167328 148.699036
v -9.122633 5.845634 152.907013
v 11.576450 -4.451118 148.988495
v 11.341480 1.686485 148.947754
v 11.576450 -4.451118 148.988495
v 5.559072 2.776390 149.077393
v -3.988715 2.819244 151.682434
v -8.069983 -0.363060 152.602020
v -12.507970 -4.451187 153.780457
v -12.507970 -4.451187 153.780457
v -11.420020 -4.451103 152.872833
v -4.579748 0.508705 157.572937
v 4.357419 0.541557 154.675934
v 4.010620 2.675507 154.398743
v -4.784586 2.719376 156.914429
v 5.680363 0.731377 149.386536
v 5.559072 2.776390 149.077393
v 4.357419 0.541557 154.675934
v 5.680363 0.731377 149.386536
v 5.559072 2.776390 149.077393
v -3.988715 2.819244 151.682434
v -3.988715 2.819244 151.682434
v -7.314751 -0.951469 158.331635
v -7.110741 -0.915810 161.498932
v -4.399445 0.515312 160.735046
v -4.579748 0.508705 157.572937
v -7.314751 -0.951469 158.331635
v -4.579748 0.508705 157.572937
v 3.595469 0.066826 157.483337
v -4.579748 0.508705 157.572937
v -8.172762 -4.451141 158.500824
v -7.962681 -4.451111 161.669708
v -7.314751 -0.951469 158.331635
v -8.172762 -4.451141 158.500824
v -9.348528 -4.451134 152.712036
v -8.069983 -0.363060 152.602020
v -9.348528 -4.451134 152.712036
v -9.348528 -4.451134 152.712036
v -3.988715 2.819244 151.682434
v -8.069983 -0.363060 152.602020
v -8.069983 -0.363060 152.602020
v -7.641057 16.485863 150.239624
v -17.963850 0.299568 150.073425
v -21.338940 0.830353 145.458008
v -17.733431 -0.564774 144.692932
v -21.773849 6.974129 148.277313
v -20.147810 8.986252 145.324432
v -14.485740 -0.758026 138.035797
v -22.185921 3.265259 148.270538
v 11.394520 -0.990829 119.316933
v 11.802620 -1.114426 118.854546
v 9.043792 -0.137276 118.210426
v 9.102534 -0.153275 119.370918
v 11.144980 -4.451149 126.053734
v 15.348859 -0.556236 133.244110
v 11.434060 2.644554 129.741425
v -0.553260 8.931427 127.258629
v -7.322253 7.537567 127.545326
v -20.217291 -0.073769 150.650330
v -16.236271 0.555771 152.810120
v -17.963850 0.299568 150.073425
v -20.161739 -4.451164 150.682343
v -16.438160 -4.451126 152.835236
v -16.438160 -4.451126 152.835236
v -16.236271 0.555771 152.810120
v -17.733431 -0.564774 144.692932
v -17.733431 -0.564774 144.692932
v -17.737101 -4.451149 144.688507
v -7.419030 -4.451118 127.182121
v -7.322253 7.537567 127.545326
v -10.661060 8.233810 153.221832
v -13.925540 9.143387 150.012115
v -15.176810 9.353500 144.230621
v -13.925540 9.143387 150.012115
v -15.176810 9.353500 144.230621
v -15.176810 9.353500 144.230621
v -15.176810 9.353500 144.230621
v -12.829280 8.282288 137.362946
v -18.716539 2.740639 150.055817
v -16.236271 0.555771 152.810120
v -16.236271 0.555771 152.810120
v -12.482870 6.475449 153.316742
v -16.236271 0.555771 152.810120
v -14.485740 -0.758026 138.035797
v -14.364190 -4.451149 138.009735
v -17.733431 -0.564774 144.692932
v -14.485740 -0.758026 138.035797
v -17.963850 0.299568 150.073425
v -17.733431 -0.564774 144.692932
v -7.029685 10.412506 128.102203
v -7.322253 7.537567 127.545326
v -12.829280 8.282288 137.362946
v -12.829280 8.282288 137.362946
v -11.677390 5.232903 131.494446
v -11.465280 1.378014 131.482330
v -7.419030 -4.451118 127.182121
v -14.485740 -0.758026 138.035797
v -11.677390 5.232903 131.494446
v -11.465280 1.378014 131.482330
v -11.677390 5.232903 131.494446
v -7.322253 7.537567 127.545326
v -7.322253 7.537567 127.545326
v -7.419030 -4.451118 127.182121
v 9.124615 -0.201614 126.266716
v 5.488606 7.052292 126.963722
v 9.102534 -0.153275 119.370918
v 12.212270 -1.050598 117.437126
v 12.148420 -4.451157 117.435936
v 9.257195 -4.451164 117.486824
v 9.257207 -0.098145 117.488029
v 5.284389 6.298843 118.276802
v 9.043792 -0.137276 118.210426
v -6.050725 6.752380 118.479240
v -6.050725 6.752380 118.479240
v -0.588353 8.053932 118.378517
v 5.284389 6.298843 118.276802
v 9.859714 3.090157 129.774628
v 4.898923 16.068840 141.429932
v 4.898923 16.068840 141.429932
v 12.583250 2.984215 132.358032
v 5.488606 7.052292 126.963722
v 9.310176 6.091599 128.774231
v 9.859714 3.090157 129.774628
v 12.583250 2.984215 132.358032
v 9.859714 3.090157 129.774628
v 9.310176 6.091599 128.774231
v 5.488606 7.052292 126.963722
v 9.859714 3.090157 129.774628
v 9.124615 -0.201614 126.266716
v 9.124615 -0.201614 126.266716
v -10.661060 8.233810 153.221832
v -12.482870 6.475449 153.316742
v -10.347370 15.931541 135.663635
v -7.029685 10.412506 128.102203
v -11.465280 1.378014 131.482330
v 11.627670 -4.451118 120.110924
v 11.658670 -1.143433 120.125633
v 9.124615 -0.201614 126.266716
v 9.102534 -0.153275 119.370918
v 9.124615 -0.201614 126.266716
v 9.102534 -0.153275 119.370918
v 9.102534 -0.153275 119.370918
v 9.043792 -0.137276 118.210426
v 9.102536 -4.451118 119.370918
v 9.102534 -0.153275 119.370918
v 11.328880 -4.451157 119.309029
v 9.102534 -0.153275 119.370918
v 11.758790 -4.451134 118.843422
v -6.077530 -4.451118 118.480522
v 9.043792 -0.137276 118.210426
v 9.043965 -4.451149 118.217323
v -6.077530 -4.451118 118.480522
v 9.257207 -0.098145 117.488029
v 9.257195 -4.451164 117.486824
v 9.043792 -0.137276 118.210426
v 9.043792 -0.137276 118.210426
v 9.257207 -0.098145 117.488029
v 9.257195 -4.451164 117.486824
v -5.275112 -16.539951 159.883545
v 3.447496 -17.883949 158.244141
v 3.385199 -16.082752 158.605530
v -8.444523 -14.142185 160.760559
v 10.582150 -13.060795 146.786285
v 16.518120 -7.500004 135.265717
v 13.648040 -11.608067 148.547791
v 10.770600 -13.069599 148.698914
v 15.348859 -8.346043 133.244110
v 5.568057 -17.308540 156.566620
v 5.384850 -15.682026 156.913940
v 7.244703 -25.116783 144.757019
v 4.978209 -17.128258 147.419647
v 1.856076 -18.053642 151.301025
v 1.856076 -18.053642 151.301025
v 4.978209 -17.128258 147.419647
v 5.825540 -17.231880 150.073120
v 1.856076 -18.053642 151.301025
v -6.627052 -17.179527 152.488007
v 1.856076 -18.053642 151.301025
v 13.744650 -8.977757 130.463409
v 15.348859 -8.346043 133.244110
v 13.913480 -10.126896 134.488708
v 12.583250 -11.886463 132.357910
v 5.488614 -15.954609 126.963631
v 9.310184 -14.993885 128.774231
v 0.779496 -24.843346 135.766205
v 15.831100 -4.451134 133.111938
v 16.542240 -4.451149 135.086914
v 16.518120 -7.500004 135.265717
v 16.518120 -7.500004 135.265717
v 15.348859 -8.346043 133.244110
v 15.831100 -4.451134 133.111938
v -6.627052 -17.179527 152.488007
v -10.661060 -17.136070 153.221832
v -12.675470 -21.641945 150.194824
v -7.641064 -25.388161 150.239624
v -6.627052 -17.179527 152.488007
v -13.981220 -25.203743 147.170807
v -10.347350 -24.833778 135.663483
v -3.339452 -24.808144 134.038086
v -3.585390 -24.972710 141.709015
v -11.875030 -24.940056 139.993317
v 0.779496 -24.843346 135.766205
v 0.779496 -24.843346 135.766205
v 4.898924 -24.971107 141.429993
v 7.244703 -25.116783 144.757019
v 1.092269 -25.337242 149.095093
v -0.564412 -19.196571 127.798218
v -3.339452 -24.808144 134.038086
v 1.092269 -25.337242 149.095093
v 7.506445 -15.690678 145.538025
v 5.488614 -15.954609 126.963631
v -0.553258 -17.833885 127.258522
v -0.610646 -17.335915 123.105446
v 5.366409 -15.527088 122.899132
v 5.488614 -15.954609 126.963631
v -0.588355 -16.956043 118.378410
v 5.284389 -15.200947 118.276711
v -0.553258 -17.833885 127.258522
v -7.029686 -19.314751 128.102219
v -7.322247 -16.439945 127.545219
v -0.553258 -17.833885 127.258522
v -6.122084 -15.994373 123.325020
v -6.149965 -4.451126 122.986320
v -6.077530 -4.451118 118.480522
v -6.077530 -4.451118 118.480522
v -6.050717 -15.654072 118.479225
v -10.948590 -13.829884 160.889313
v -9.275494 -15.703922 160.632019
v -10.661060 -17.136070 153.221832
v -10.661060 -17.136070 153.221832
v -12.482860 -15.377720 153.316711
v -10.661060 -17.136070 153.221832
v -12.482860 -15.377720 153.316711
v -18.014400 -15.379704 150.012329
v -16.176069 -17.247780 149.928833
v -13.925550 -18.045692 150.012146
v -6.627052 -17.179527 152.488007
v -7.641064 -25.388161 150.239624
v -7.641064 -25.388161 150.239624
v 1.092269 -25.337242 149.095093
v -15.176800 -18.255806 144.230621
v 5.519267 -15.750828 150.305389
v 8.276315 -15.860950 149.441315
v 9.512959 -11.887516 149.171936
v -7.641064 -25.388161 150.239624
v -13.981220 -25.203743 147.170807
v -11.875030 -24.940056 139.993317
v -11.677410 -14.135151 131.494415
v -10.347350 -24.833778 135.663483
v -12.829280 -17.184547 137.362793
v -3.339452 -24.808144 134.038086
v -10.347350 -24.833778 135.663483
v -3.339452 -24.808144 134.038086
v 5.519267 -15.750828 150.305389
v -4.623376 -16.002354 152.672607
v 5.519267 -15.750828 150.305389
v 10.120890 -4.451157 147.764740
v 5.934649 -4.451134 149.405518
v 5.680356 -9.633656 149.386627
v 9.699100 -9.909046 147.692108
v 10.120890 -4.451157 147.764740
v 13.699210 -4.451134 148.450134
v 16.542240 -4.451149 135.086914
v 14.420070 -4.451149 129.171417
v 16.681391 -4.451118 131.413910
v 16.606880 -7.528843 131.567719
v 14.362769 -7.570591 129.312012
v 14.420070 -4.451149 129.171417
v -10.347350 -24.833778 135.663483
v -11.875030 -24.940056 139.993317
v -11.875030 -24.940056 139.993317
v -4.760551 -14.808811 151.314209
v -4.623376 -16.002354 152.672607
v 5.519267 -15.750828 150.305389
v 5.519267 -15.750828 150.305389
v 3.775583 -13.919163 149.121216
v -8.156883 -13.626087 152.094940
v -9.122625 -14.747898 152.907013
v -4.623376 -16.002354 152.672607
v -4.623376 -16.002354 152.672607
v -11.173550 -8.439289 152.606445
v -12.256200 -9.017262 153.593719
v -7.641064 -25.388161 150.239624
v -15.087630 -14.091084 133.157532
v -16.554661 -16.938679 137.095215
v -17.566500 -9.367420 137.063690
v -15.420630 -11.475971 133.106812
v -8.558115 -8.619114 157.806915
v -7.314764 -7.950703 158.331726
v -8.172762 -4.451141 158.500824
v -8.172762 -4.451141 158.500824
v -9.822918 -4.451157 157.920929
v -16.940350 -9.487034 154.537445
v -17.295259 -4.451149 154.575531
v -16.438160 -4.451126 152.835236
v -16.438160 -4.451126 152.835236
v -16.236280 -9.457996 152.810120
v 11.341460 -10.588764 148.947723
v 13.699210 -4.451134 148.450134
v 13.699210 -4.451134 148.450134
v 11.576450 -4.451118 148.988495
v 4.357419 -9.443913 154.675842
v 5.680356 -9.633656 149.386627
v 5.934649 -4.451134 149.405518
v 5.934649 -4.451134 149.405518
v 3.556860 -4.451126 157.208038
v 9.512959 -11.887516 149.171936
v 11.341460 -10.588764 148.947723
v 5.519267 -15.750828 150.305389
v 9.512959 -11.887516 149.171936
v 5.519267 -15.750828 150.305389
v -11.720370 -9.267170 161.778717
v -13.558080 -9.472187 161.765320
v -11.972030 -4.451134 161.784546
v -11.972030 -4.451134 161.784546
v -13.914530 -4.451096 161.846924
v -9.122625 -14.747898 152.907013
v -12.256200 -9.017262 153.593719
v -12.256200 -9.017262 153.593719
v -12.256200 -9.017262 153.593719
v -12.507970 -4.451187 153.780457
v -12.507970 -4.451187 153.780457
v -11.972030 -4.451134 161.784546
v -13.914530 -4.451096 161.846924
v -17.295259 -4.451149 154.575531
v -13.914530 -4.451096 161.846924
v 5.825540 -17.231880 150.073120
v 5.519267 -15.750828 150.305389
v 5.519267 -15.750828 150.305389
v 1.856076 -18.053642 151.301025
v 10.770600 -13.069599 148.698914
v 7.565580 -16.009037 147.316132
v 10.582150 -13.060795 146.786285
v 10.770600 -13.069599 148.698914
v 7.506445 -15.690678 145.538025
v 9.499475 -13.125156 144.860809
v 10.582150 -13.060795 146.786285
v 10.582150 -13.060795 146.786285
v 7.506445 -15.690678 145.538025
v 10.983410 -13.127140 150.210114
v 12.685920 -12.109303 150.058807
v 10.768060 -10.941883 150.077820
v 9.638459 -11.782383 150.252319
v 11.097740 -7.678608 126.130135
v 16.606880 -7.528843 131.567719
v 16.681391 -4.451118 131.413910
v 15.831100 -4.451134 133.111938
v 15.831100 -4.451134 133.111938
v 15.348859 -8.346043 133.244110
v 16.606880 -7.528843 131.567719
v 4.978209 -17.128258 147.419647
v 5.825540 -17.231880 150.073120
v 4.978209 -17.128258 147.419647
v 4.978209 -17.128258 147.419647
v 7.506445 -15.690678 145.538025
v 15.348859 -8.346043 133.244110
v 9.499475 -13.125156 144.860809
v 13.913480 -10.126896 134.488708
v 12.583250 -11.886463 132.357910
v 13.913480 -10.126896 134.488708
v 7.244703 -25.116783 144.757019
v 7.244703 -25.116783 144.757019
v 4.898924 -24.971107 141.429993
v 12.583250 -11.886463 132.357910
v 13.913480 -10.126896 134.488708
v 9.499475 -13.125156 144.860809
v 9.499475 -13.125156 144.860809
v 9.499475 -13.125156 144.860809
v 10.768060 -10.941883 150.077820
v 10.768060 -10.941883 150.077820
v 11.341460 -10.588764 148.947723
v 9.512959 -11.887516 149.171936
v 9.512959 -11.887516 149.171936
v 9.638459 -11.782383 150.252319
v 10.768060 -10.941883 150.077820
v 9.638459 -11.782383 150.252319
v 9.512959 -11.887516 149.171936
v 9.512959 -11.887516 149.171936
v 5.825540 -17.231880 150.073120
v 10.770600 -13.069599 148.698914
v -9.122625 -14.747898 152.907013
v 11.576450 -4.451118 148.988495
v 10.120890 -4.451157 147.764740
v 11.341460 -10.588764 148.947723
v 11.576450 -4.451118 148.988495
v 5.559055 -11.678562 149.077393
v -3.988733 -11.721516 151.682556
v -8.069981 -8.539188 152.602020
v -11.420020 -4.451103 152.872833
v -12.507970 -4.451187 153.780457
v -12.507970 -4.451187 153.780457
v 4.010612 -11.577747 154.398743
v 4.357419 -9.443913 154.675842
v -4.579733 -9.410984 157.572906
v -4.784586 -11.621616 156.914307
v 5.559055 -11.678562 149.077393
v 5.680356 -9.633656 149.386627
v 5.680356 -9.633656 149.386627
v 4.357419 -9.443913 154.675842
v -3.988733 -11.721516 151.682556
v -3.988733 -11.721516 151.682556
v 5.559055 -11.678562 149.077393
v -7.314764 -7.950703 158.331726
v -4.579733 -9.410984 157.572906
v -4.399452 -9.417561 160.735046
v -7.110734 -7.986408 161.499023
v -7.314764 -7.950703 158.331726
v -4.579733 -9.410984 157.572906
v 3.595449 -8.969074 157.483459
v -4.579733 -9.410984 157.572906
v 3.556860 -4.451126 157.208038
v -8.172762 -4.451141 158.500824
v -7.314764 -7.950703 158.331726
v -7.962681 -4.451111 161.669708
v -8.172762 -4.451141 158.500824
v -9.348528 -4.451134 152.712036
v -11.420020 -4.451103 152.872833
v -9.348528 -4.451134 152.712036
v -9.822918 -4.451157 157.920929
v -9.348528 -4.451134 152.712036
v -9.348528 -4.451134 152.712036
v -8.069981 -8.539188 152.602020
v -8.069981 -8.539188 152.602020
v -8.069981 -8.539188 152.602020
v -3.988733 -11.721516 151.682556
v -7.641064 -25.388161 150.239624
v -17.963840 -9.201847 150.073425
v -17.733431 -8.337498 144.692932
v -21.338949 -9.732563 145.458008
v -21.773830 -15.876377 148.277405
v -20.147820 -17.888573 145.324310
v -14.485730 -8.144245 138.035797
v -22.185909 -12.167515 148.270416
v 11.394520 -7.911427 119.317009
v 9.102540 -8.748981 119.370811
v 9.043794 -8.765034 118.210335
v 11.802620 -7.787800 118.854607
v 11.144980 -4.451149 126.053734
v 14.420070 -4.451149 129.171417
v 11.144980 -4.451149 126.053734
v 15.348859 -8.346043 133.244110
v 11.434060 -11.546787 129.741333
v -0.553258 -17.833885 127.258522
v -7.322247 -16.439945 127.545219
v -20.217291 -8.828510 150.650421
v -17.963840 -9.201847 150.073425
v -16.236280 -9.457996 152.810120
v -20.161739 -4.451164 150.682343
v -16.236280 -9.457996 152.810120
v -16.438160 -4.451126 152.835236
v -17.733431 -8.337498 144.692932
v -20.161739 -4.451164 150.682343
v -20.161739 -4.451164 150.682343
v -17.737101 -4.451149 144.688507
v -17.733431 -8.337498 144.692932
v -7.322247 -16.439945 127.545219
v -7.419030 -4.451118 127.182121
v -7.419030 -4.451118 127.182121
v -6.149965 -4.451126 122.986320
v -10.661060 -17.136070 153.221832
v -13.925550 -18.045692 150.012146
v -15.176800 -18.255806 144.230621
v -13.925550 -18.045692 150.012146
v -15.176800 -18.255806 144.230621
v -12.829280 -17.184547 137.362793
v -15.176800 -18.255806 144.230621
v -15.176800 -18.255806 144.230621
v -18.716539 -11.642902 150.055725
v -12.482860 -15.377720 153.316711
v -16.236280 -9.457996 152.810120
v -16.236280 -9.457996 152.810120
v -16.236280 -9.457996 152.810120
v -14.485730 -8.144245 138.035797
v -17.733431 -8.337498 144.692932
v -17.737101 -4.451149 144.688507
v -17.737101 -4.451149 144.688507
v -14.364190 -4.451149 138.009735
v -14.485730 -8.144245 138.035797
v -17.963840 -9.201847 150.073425
v -17.733431 -8.337498 144.692932
v -7.029686 -19.314751 128.102219
v -7.322247 -16.439945 127.545219
v -11.677410 -14.135151 131.494415
v -12.829280 -17.184547 137.362793
v -12.829280 -17.184547 137.362793
v -11.465280 -10.280231 131.482422
v -14.485730 -8.144245 138.035797
v -14.364190 -4.451149 138.009735
v -14.364190 -4.451149 138.009735
v -7.419030 -4.451118 127.182121
v -11.465280 -10.280231 131.482422
v -11.677410 -14.135151 131.494415
v -11.677410 -14.135151 131.494415
v -7.419030 -4.451118 127.182121
v -7.322247 -16.439945 127.545219
v -7.322247 -16.439945 127.545219
v 9.124618 -8.700611 126.266731
v 5.488614 -15.954609 126.963631
v 9.102540 -8.748981 119.370811
v 12.212270 -7.851658 117.437126
v 9.257211 -8.804127 117.487923
v 9.257195 -4.451164 117.486824
v 12.148420 -4.451157 117.435936
v -6.050717 -15.654072 118.479225
v 9.043794 -8.765034 118.210335
v 5.284389 -15.200947 118.276711
v 5.284389 -15.200947 118.276711
v -0.588355 -16.956043 118.378410
v -6.050717 -15.654072 118.479225
v 9.859715 -11.992435 129.774597
v 12.583250 -11.886463 132.357910
v 4.898924 -24.971107 141.429993
v 4.898924 -24.971107 141.429993
v 5.488614 -15.954609 126.963631
v 9.859715 -11.992435 129.774597
v 9.310184 -14.993885 128.774231
v 12.583250 -11.886463 132.357910
v 9.310184 -14.993885 128.774231
v 9.859715 -11.992435 129.774597
v 5.488614 -15.954609 126.963631
v 9.859715 -11.992435 129.774597
v 9.124618 -8.700611 126.266731
v 9.124618 -8.700611 126.266731
v -10.661060 -17.136070 153.221832
v -12.482860 -15.377720 153.316711
v -7.029686 -19.314751 128.102219
v -10.347350 -24.833778 135.663483
v -11.465280 -10.280231 131.482422
v 11.627670 -4.451118 120.110924
v 11.144980 -4.451149 126.053734
v 11.658670 -7.758823 120.125618
v 11.627670 -4.451118 120.110924
v 9.124618 -8.700611 126.266731
v 9.124618 -8.700611 126.266731
v 9.102540 -8.748981 119.370811
v 9.102540 -8.748981 119.370811
v 9.043794 -8.765034 118.210335
v 9.102540 -8.748981 119.370811
v 9.102536 -4.451118 119.370918
v 11.627670 -4.451118 120.110924
v 9.102540 -8.748981 119.370811
v 9.102536 -4.451118 119.370918
v 9.102536 -4.451118 119.370918
v 9.102540 -8.748981 119.370811
v 11.328880 -4.451157 119.309029
v 9.102536 -4.451118 119.370918
v 11.758790 -4.451134 118.843422
v 11.328880 -4.451157 119.309029
v 11.328880 -4.451157 119.309029
v -6.077530 -4.451118 118.480522
v 9.043965 -4.451149 118.217323
v 9.043794 -8.765034 118.210335
v 12.148420 -4.451157 117.435936
v 11.758790 -4.451134 118.843422
v 12.148420 -4.451157 117.435936
v 9.257211 -8.804127 117.487923
v 9.257211 -8.804127 117.487923
v 9.043794 -8.765034 118.210335
v 9.043794 -8.765034 118.210335
v 9.043965 -4.451149 118.217323
v -6.886586 -0.915817 166.303009
v -4.184290 0.515350 165.528229
v 3.520897 0.066826 162.107513
v 3.689473 -4.451149 161.944458
v -7.735675 -4.451149 166.477234
v -4.184289 -9.417545 165.528198
v -6.886590 -7.986439 166.303040
v 3.520902 -8.969105 162.107513
v 3.556860 -4.451126 157.208038
v 3.689473 -4.451149 161.944458
v 3.689473 -4.451149 161.944458
v -7.962681 -4.451111 161.669708
v -7.735675 -4.451149 166.477234
v 16.542240 -4.451149 135.086914
v 16.542240 -4.451149 135.086914
v -1.254944 -42.485096 103.791039
v -8.699492 -42.514545 102.635399
v -8.569191 -40.217884 102.019020
v -1.123157 -40.188282 103.176308
v -2.035690 -38.621815 108.410118
v -2.167739 -40.918598 109.025230
v -8.914013 -37.813526 107.101326
v -2.516582 -37.788349 108.086403
v -1.604490 -39.354786 102.851707
v -8.011189 -39.380238 101.855812
v -9.601141 -40.947803 107.882713
v -9.470871 -38.651112 107.265511
v -8.569191 -40.217884 102.019020
v -8.699492 -42.514545 102.635399
v -2.727008 -41.756153 109.189507
v -9.122034 -41.781269 108.207298
v -8.219242 -43.348103 102.960716
v -1.814541 -43.322681 103.954338
v -2.262949 -37.630604 109.773430
v -2.473218 -41.024403 110.718330
v -2.737424 -36.381519 109.330498
v -9.132334 -36.406696 108.348320
v -9.913738 -41.581745 109.727623
v -9.682507 -37.106403 108.472527
v -9.428679 -42.277363 110.011497
v -3.037327 -42.252399 110.989723
v -8.011189 -39.380238 101.855812
v -8.219242 -43.348103 102.960716
v -8.699492 -42.514545 102.635399
v -8.011189 -39.380238 101.855812
v -8.569191 -40.217884 102.019020
v -8.914013 -37.813526 107.101326
v -8.011189 -39.380238 101.855812
v -8.914013 -37.813526 107.101326
v -9.132334 -36.406696 108.348320
v -8.914013 -37.813526 107.101326
v -2.005568 -34.087788 120.136711
v -3.768631 -33.583637 121.583733
v -4.042666 -37.916859 122.763237
v -2.269803 -38.389027 121.293251
v -2.778220 -32.611134 119.806938
v -5.329566 -31.451344 119.742744
v -4.335571 -32.131489 121.238075
v -15.972070 -38.297047 122.816933
v -14.725720 -37.926807 124.263832
v -14.444180 -32.508015 122.828011
v -15.692040 -32.878223 121.380638
v -15.202830 -39.176411 123.044014
v -12.671290 -40.330036 122.979210
v -14.170170 -38.785511 124.532036
v -4.704518 -39.232685 123.157921
v -3.147708 -39.712299 121.725105
v -13.810640 -31.684620 122.602638
v -14.844900 -32.075459 121.114311
v -1.075585 -35.259998 115.691734
v -1.308632 -39.809620 116.873741
v -9.748547 -32.518085 113.695137
v -12.213860 -31.149311 120.441826
v -4.314417 -32.496998 114.520821
v -1.830685 -33.740986 115.208534
v -13.431060 -40.665943 115.321831
v -13.152610 -34.412037 113.737099
v -10.204690 -42.533924 116.379631
v -4.776205 -42.512959 117.199516
v -5.795409 -40.632252 122.271812
v -12.679360 -41.503925 115.689827
v -2.162499 -41.273823 117.183708
v -12.322650 -33.567890 113.612526
v -9.132334 -36.406696 108.348320
v -12.322650 -33.567890 113.612526
v -12.322650 -33.567890 113.612526
v -14.844900 -32.075459 121.114311
v -14.844900 -32.075459 121.114311
v -13.810640 -31.684620 122.602638
v -13.810640 -31.684620 122.602638
v -12.322650 -33.567890 113.612526
v -14.725720 -37.926807 124.263832
v -14.170170 -38.785511 124.532036
v -4.704518 -39.232685 123.157921
v -4.704518 -39.232685 123.157921
v -4.042666 -37.916859 122.763237
v -14.725720 -37.926807 124.263832
v -17.705320 -34.745777 124.489235
v -19.621571 -35.566334 118.284508
v -23.313009 -31.980579 133.451385
v -19.569151 -32.511982 132.134216
v -18.038900 -38.313068 114.833519
v -11.835510 -39.223621 113.214607
v -13.886790 -36.622089 121.889030
v -16.584221 -36.273121 122.503624
v -19.628370 -33.834705 132.524414
v -19.569151 -32.511982 132.134216
v -23.313009 -31.980579 133.451385
v -23.371130 -33.303272 133.842407
v -18.038900 -38.313068 114.833519
v -17.979340 -36.990376 114.444939
v -11.774470 -37.900867 112.827003
v -11.835510 -39.223621 113.214607
v -19.680861 -36.889118 118.673531
v -23.313009 -31.980579 133.451385
v -23.313009 -31.980579 133.451385
v -19.621571 -35.566334 118.284508
v -18.038900 -38.313068 114.833519
v -19.621571 -35.566334 118.284508
v -17.765051 -36.068562 124.878532
v -17.705320 -34.745777 124.489235
v -19.569151 -32.511982 132.134216
v -16.584221 -36.273121 122.503624
v -13.886790 -36.622089 121.889030
v -13.826000 -35.299305 121.500648
v -16.524120 -34.950306 122.114815
v -16.584221 -36.273121 122.503624
v -17.705320 -34.745777 124.489235
v -5.227149 -37.100574 122.909035
v -11.505810 -37.063343 124.792519
v -11.765020 -33.629963 123.811104
v -5.487319 -33.667164 121.929634
v -6.213621 -26.757088 145.907532
v -5.938907 -30.465137 146.961731
v 2.407853 -30.519367 144.409515
v 2.136395 -26.811272 143.359528
v -1.496180 -31.596546 128.310608
v -1.238219 -35.029987 129.287292
v -2.689717 -36.443928 124.576393
v -2.949289 -33.010517 123.598427
v -10.983470 -30.574421 130.808929
v -2.202354 -30.629902 128.212540
v -3.656541 -32.043873 123.498131
v -12.433720 -31.988941 126.074638
v -11.281620 -34.965443 132.241516
v -11.539680 -31.532154 131.260712
v -12.988520 -32.946644 126.524925
v -12.730160 -36.379993 127.506737
v -1.799539 -35.987812 129.737030
v -10.580500 -35.932240 132.338928
v -12.030110 -37.346729 127.606346
v -3.251349 -37.401783 125.024818
v 0.446376 -28.638405 137.826904
v 0.720947 -32.346485 138.878906
v 1.498561 -33.776081 138.227203
v 1.033680 -27.496803 136.446228
v -8.510784 -26.586296 139.038696
v -7.482519 -27.549477 139.907623
v -0.145621 -27.595375 137.677765
v 0.333276 -26.643211 136.385315
v -7.918603 -28.584877 140.350494
v -9.082533 -27.430626 139.462219
v -8.613493 -33.709736 141.251831
v -7.641874 -32.292866 141.406647
v 0.283259 -33.382008 139.319946
v -7.050748 -33.335773 141.555206
v -7.914962 -34.563313 141.311340
v 0.924544 -34.620502 138.648651
v 2.136395 -26.811272 143.359528
v 2.407853 -30.519367 144.409515
v -6.099051 -26.067863 144.359436
v 1.228180 -26.114235 142.113098
v 1.653275 -31.900867 143.752533
v -5.669876 -31.854206 146.004700
v -1.208259 -29.739983 128.985718
v -0.737252 -36.019215 130.771332
v -10.763930 -28.830589 131.541016
v -1.911512 -28.886604 128.921631
v -10.862860 -35.953876 133.755432
v -11.334560 -29.674950 131.962219
v -10.164340 -36.807362 133.818298
v -1.312682 -36.863667 131.190613
v -11.213770 -32.672199 123.363228
v -6.188639 -32.700550 121.827324
v -5.782650 -38.058399 123.355919
v -10.808950 -38.030018 124.894417
v 1.228180 -26.114235 142.113098
v 1.653275 -31.900867 143.752533
v 1.653275 -31.900867 143.752533
v -2.202354 -30.629902 128.212540
v -3.656541 -32.043873 123.498131
v -0.145621 -27.595375 137.677765
v 0.333276 -26.643211 136.385315
v -0.145621 -27.595375 137.677765
v 1.228180 -26.114235 142.113098
v 2.136395 -26.811272 143.359528
v -0.145621 -27.595375 137.677765
v 1.228180 -26.114235 142.113098
v 2.407853 -30.519367 144.409515
v -2.202354 -30.629902 128.212540
v -2.202354 -30.629902 128.212540
v -1.911512 -28.886604 128.921631
v 0.333276 -26.643211 136.385315
v -1.911512 -28.886604 128.921631
v -5.227149 -37.100574 122.909035
v -5.487319 -33.667164 121.929634
v -11.765020 -33.629963 123.811104
v -11.505810 -37.063343 124.792519
v -5.487319 -33.667164 121.929634
v -6.188639 -32.700550 121.827324
v -3.656541 -32.043873 123.498131
v -3.656541 -32.043873 123.498131
v -5.487319 -33.667164 121.929634
v -11.213770 -32.672199 123.363228
v -11.765020 -33.629963 123.811104
v -11.765020 -33.629963 123.811104
v -11.505810 -37.063343 124.792519
v -10.808950 -38.030018 124.894417
v -11.505810 -37.063343 124.792519
v -5.782650 -38.058399 123.355919
v -5.227149 -37.100574 122.909035
v -5.227149 -37.100574 122.909035
v -12.054370 -35.302601 120.390129
v -11.887370 -37.510670 121.021324
v -10.954050 -36.545765 124.178017
v -11.120940 -34.337666 123.547203
v -6.973987 -35.338184 118.998146
v -6.037529 -34.373463 122.148125
v -6.806347 -37.546284 119.628044
v -5.870303 -36.581562 122.777733
v -11.887370 -37.510670 121.021324
v -10.954050 -36.545765 124.178017
v -8.972359 -35.675892 126.733635
v -9.139153 -33.467762 126.103523
v -6.325753 -33.487659 125.325844
v -6.158875 -35.695789 125.955132
v -2.503772 -40.627918 103.198402
v -2.499600 -42.125538 103.640923
v -2.516361 -42.393970 102.408684
v -2.520586 -40.896442 101.966316
v -7.464382 -42.661213 101.228996
v -7.446635 -42.392689 102.463203
v -7.451171 -40.895039 102.020088
v -7.468966 -41.163563 100.785896
v -3.593821 -39.856647 102.982903
v -3.610898 -40.125202 101.750313
v -6.367239 -40.124409 101.780098
v -6.384847 -40.392933 100.546303
v -6.367239 -40.124409 101.780098
v -3.627975 -40.393696 100.517708
v -6.384847 -40.392933 100.546303
v -3.585227 -42.896107 103.881111
v -3.602191 -43.164722 102.648521
v -6.358170 -43.163929 102.679131
v -6.375684 -43.432484 101.445488
v -3.619156 -43.433247 101.415916
v -8.972359 -35.675892 126.733635
v -10.808950 -38.030018 124.894417
v -5.782650 -38.058399 123.355919
v -10.808950 -38.030018 124.894417
v -6.188639 -32.700550 121.827324
v -11.213770 -32.672199 123.363228
v -6.188639 -32.700550 121.827324
v -16.524120 -34.950306 122.114815
v -16.524120 -34.950306 122.114815
v -17.979340 -36.990376 114.444939
v -17.979340 -36.990376 114.444939
v -16.524120 -34.950306 122.114815
v -13.826000 -35.299305 121.500648
v -13.826000 -35.299305 121.500648
v -11.774470 -37.900867 112.827003
v -17.979340 -36.990376 114.444939
v -19.680861 -36.889118 118.673531
v -17.765051 -36.068562 124.878532
v -19.680861 -36.889118 118.673531
v -23.371130 -33.303272 133.842407
v -19.680861 -36.889118 118.673531
v -17.765051 -36.068562 124.878532
v -17.765051 -36.068562 124.878532
v -19.628370 -33.834705 132.524414
v -23.371130 -33.303272 133.842407
v 2.226712 -39.955738 98.169838
v 1.703391 -39.531422 97.954277
v 1.629090 -41.175159 97.672859
v 2.163505 -40.876057 98.125435
v 1.612117 -39.017658 97.509789
v 0.277639 -38.986927 97.250587
v 0.124500 -41.418934 96.977013
v 1.477566 -41.514088 97.186333
v -4.341404 -38.984058 86.296684
v -4.576179 -38.714924 86.578522
v -4.021548 -39.435169 86.900757
v -4.010428 -40.835072 86.985748
v -4.281380 -41.354115 86.292137
v -4.008769 -41.605915 87.140350
v -4.184269 -42.000782 86.528908
v -4.512516 -42.203175 86.239342
v -4.495835 -42.951801 86.867744
v -4.063562 -42.398273 87.656609
v -4.215441 -42.874439 86.978508
v -4.251149 -44.696491 88.449799
v -4.641199 -45.181843 88.490608
v -4.442909 -44.357868 87.897079
v -3.931540 -44.074879 88.615425
v -4.620425 -45.536701 90.376167
v -4.070214 -44.927174 90.372261
v -3.897616 -43.956226 90.599876
v -4.062252 -45.380512 92.011299
v -4.616034 -46.513111 92.459877
v -4.114203 -45.648457 92.813591
v -4.606518 -46.339222 93.423637
v -3.880120 -44.291370 92.259041
v -5.484249 -46.306629 93.443047
v -5.935295 -45.538563 92.822258
v -5.530930 -46.465473 92.450813
v -4.942104 -38.971180 86.304710
v -5.492449 -45.492695 90.373558
v -5.401002 -45.111774 88.500175
v -4.910223 -43.426319 90.771324
v -4.930737 -43.725636 92.375191
v -4.910196 -43.383930 89.051842
v -4.808958 -42.037739 88.143425
v -4.768578 -41.429066 87.610458
v -4.734479 -40.730091 87.542152
v -4.614402 -39.137928 87.298210
v -4.576179 -38.714924 86.578522
v -6.044341 -45.163807 92.094276
v -5.935295 -45.538563 92.822258
v -5.943310 -44.150745 92.267021
v -5.936864 -43.808186 90.665550
v -5.979181 -44.752583 90.424019
v -5.989396 -44.008076 88.576363
v -5.627223 -42.291462 87.795364
v -5.571237 -41.494526 87.243462
v -5.493664 -40.736561 87.026604
v -5.240777 -39.367390 86.931068
v -4.576179 -38.714924 86.578522
v -5.240777 -39.367390 86.931068
v -5.358915 -41.288258 86.307228
v -5.493664 -40.736561 87.026604
v -5.493664 -40.736561 87.026604
v -5.240777 -39.367390 86.931068
v -5.571237 -41.494526 87.243462
v -5.493664 -40.736561 87.026604
v -5.561940 -41.896076 86.591942
v -5.571237 -41.494526 87.243462
v -5.306373 -42.150105 86.262672
v -5.482461 -42.864094 86.977486
v -5.571237 -41.494526 87.243462
v -5.571237 -41.494526 87.243462
v -5.627223 -42.291462 87.795364
v -5.563154 -44.280750 87.946358
v -5.627223 -42.291462 87.795364
v -5.627223 -42.291462 87.795364
v -5.989396 -44.008076 88.576363
v -5.765562 -44.653461 88.550545
v -5.979181 -44.752583 90.424019
v -5.989396 -44.008076 88.576363
v -5.979181 -44.752583 90.424019
v -5.979181 -44.752583 90.424019
v -6.044341 -45.163807 92.094276
v -6.044341 -45.163807 92.094276
v -6.044341 -45.163807 92.094276
v -5.989396 -44.008076 88.576363
v -4.114203 -45.648457 92.813591
v -3.880120 -44.291370 92.259041
v -5.943310 -44.150745 92.267021
v -5.943310 -44.150745 92.267021
v -5.935295 -45.538563 92.822258
v -4.114203 -45.648457 92.813591
v -3.880120 -44.291370 92.259041
v -4.930737 -43.725636 92.375191
v -5.943310 -44.150745 92.267021
v -4.114203 -45.648457 92.813591
v -5.935295 -45.538563 92.822258
v -5.484249 -46.306629 93.443047
v -5.484249 -46.306629 93.443047
v -4.606518 -46.339222 93.423637
v -4.114203 -45.648457 92.813591
v -6.758980 -39.047871 87.305496
v -6.970106 -38.805347 87.559685
v -6.452471 -39.449574 87.850578
v -6.442461 -40.711231 87.927246
v -6.704994 -41.183796 87.301323
v -6.459433 -41.410725 88.066170
v -6.617527 -41.766438 87.514763
v -6.912984 -41.949055 87.253754
v -6.897791 -42.623676 87.820374
v -6.508579 -42.124805 88.531700
v -6.645466 -42.553974 87.920204
v -6.677133 -44.195942 89.246910
v -7.028051 -44.633381 89.283768
v -6.849847 -43.890919 88.748581
v -6.389482 -43.635822 89.396240
v -7.008776 -44.953114 90.984093
v -6.513702 -44.403889 90.980476
v -6.358274 -43.528828 91.185707
v -6.505974 -44.812336 92.458488
v -7.004154 -45.832996 92.863091
v -6.552458 -45.053761 93.182014
v -6.995287 -45.676228 93.732124
v -6.341974 -43.830738 92.681908
v -7.784844 -45.646900 93.749702
v -8.190567 -44.954700 93.189980
v -7.827098 -45.790119 92.854973
v -7.280859 -39.031452 87.313286
v -7.793106 -44.913441 90.981743
v -7.711417 -44.570210 89.292534
v -7.269333 -43.051167 91.340431
v -7.287291 -43.320881 92.786736
v -7.269842 -43.012989 89.789940
v -7.179026 -41.799824 88.970741
v -7.142899 -41.251362 88.490105
v -7.112254 -40.621510 88.428627
v -7.004283 -39.186604 88.208672
v -6.970106 -38.805347 87.559685
v -8.288843 -44.617085 92.533379
v -8.190567 -44.954700 93.189980
v -8.197952 -43.704090 92.689262
v -8.192623 -43.395374 91.245171
v -8.230745 -44.246418 91.027275
v -8.240435 -43.575581 89.361305
v -7.915051 -42.028553 88.657028
v -7.864878 -41.310352 88.159462
v -7.795177 -40.627186 87.963921
v -7.567778 -39.393421 87.877663
v -6.970106 -38.805347 87.559685
v -7.567778 -39.393421 87.877663
v -7.655713 -41.119617 87.315575
v -7.795177 -40.627186 87.963921
v -7.795177 -40.627186 87.963921
v -7.567778 -39.393421 87.877663
v -7.864878 -41.310352 88.159462
v -7.795177 -40.627186 87.963921
v -7.856685 -41.672138 87.571915
v -7.864878 -41.310352 88.159462
v -7.626976 -41.901173 87.274971
v -7.785150 -42.544636 87.919548
v -7.864878 -41.310352 88.159462
v -7.864878 -41.310352 88.159462
v -7.915051 -42.028553 88.657028
v -7.857447 -43.821308 88.793190
v -7.915051 -42.028553 88.657028
v -7.915051 -42.028553 88.657028
v -8.240435 -43.575581 89.361305
v -8.039221 -44.157093 89.337959
v -8.230745 -44.246418 91.027275
v -8.240435 -43.575581 89.361305
v -8.230745 -44.246418 91.027275
v -8.230745 -44.246418 91.027275
v -8.288843 -44.617085 92.533379
v -8.288843 -44.617085 92.533379
v -8.288843 -44.617085 92.533379
v -8.240435 -43.575581 89.361305
v -6.552458 -45.053761 93.182014
v -6.341974 -43.830738 92.681908
v -8.197952 -43.704090 92.689262
v -8.197952 -43.704090 92.689262
v -8.190567 -44.954700 93.189980
v -6.552458 -45.053761 93.182014
v -6.341974 -43.830738 92.681908
v -7.287291 -43.320881 92.786736
v -8.197952 -43.704090 92.689262
v -6.552458 -45.053761 93.182014
v -8.190567 -44.954700 93.189980
v -7.784844 -45.646900 93.749702
v -7.784844 -45.646900 93.749702
v -6.995287 -45.676228 93.732124
v -6.552458 -45.053761 93.182014
v -9.009550 -38.657948 88.535706
v -9.174988 -38.450214 88.760872
v -8.729275 -39.003468 88.986031
v -8.727858 -40.077229 89.047783
v -8.981762 -40.475758 88.524742
v -8.741833 -40.672413 89.164742
v -8.903078 -40.972614 88.701263
v -9.166239 -41.124866 88.490646
v -9.133839 -41.700092 88.970177
v -8.768690 -41.280445 89.560783
v -8.915262 -41.643177 89.045204
v -8.896799 -43.042530 90.170601
v -9.195879 -43.411732 90.214806
v -9.062576 -42.780506 89.754509
v -8.642033 -42.568806 90.287605
v -9.106817 -43.687244 91.659157
v -8.683229 -43.224354 91.637718
v -8.535276 -42.481617 91.808311
v -8.614538 -43.574970 92.893333
v -9.026936 -44.439777 93.254509
v -8.623810 -43.781422 93.509804
v -8.979578 -44.308216 93.993660
v -8.457573 -42.741657 93.079170
v -9.647121 -44.276264 94.039864
v -10.009690 -43.682697 93.581734
v -9.723688 -44.395985 93.280403
v -9.450745 -38.639362 88.563126
v -9.770544 -43.646626 91.688423
v -9.773293 -43.351948 90.249626
v -9.295876 -42.067585 91.977242
v -9.249250 -42.299732 93.207161
v -9.364668 -42.032032 90.658821
v -9.314066 -40.998981 89.961662
v -9.300230 -40.531727 89.552940
v -9.271795 -39.995777 89.500893
v -9.178268 -38.775593 89.313133
v -9.174988 -38.450214 88.760872
v -10.119090 -43.393116 93.028221
v -10.009690 -43.682697 93.581734
v -10.027710 -42.617542 93.159386
v -10.084470 -42.352009 91.932060
v -10.133410 -43.075428 91.746239
v -10.209700 -42.501179 90.331673
v -9.952709 -41.186451 89.723640
v -9.926327 -40.574818 89.300262
v -9.870359 -39.993793 89.132874
v -9.671560 -38.945942 89.053619
v -9.174988 -38.450214 88.760872
v -9.671560 -38.945942 89.053619
v -9.785130 -40.412647 88.574875
v -9.870359 -39.993793 89.132874
v -9.870359 -39.993793 89.132874
v -9.671560 -38.945942 89.053619
v -9.926327 -40.574818 89.300262
v -9.870359 -39.993793 89.132874
v -9.948391 -40.881550 88.799446
v -9.926327 -40.574818 89.300262
v -9.769075 -41.077900 88.537155
v -9.879667 -41.625172 89.090111
v -9.926327 -40.574818 89.300262
v -9.926327 -40.574818 89.300262
v -9.952709 -41.186451 89.723640
v -9.912743 -42.712482 89.832619
v -9.952709 -41.186451 89.723640
v -9.952709 -41.186451 89.723640
v -10.209700 -42.501179 90.331673
v -10.045280 -42.997700 90.302315
v -10.133410 -43.075428 91.746239
v -10.209700 -42.501179 90.331673
v -10.133410 -43.075428 91.746239
v -10.133410 -43.075428 91.746239
v -10.119090 -43.393116 93.028221
v -10.119090 -43.393116 93.028221
v -10.119090 -43.393116 93.028221
v -10.209700 -42.501179 90.331673
v -8.623810 -43.781422 93.509804
v -8.457573 -42.741657 93.079170
v -10.027710 -42.617542 93.159386
v -10.027710 -42.617542 93.159386
v -10.009690 -43.682697 93.581734
v -8.623810 -43.781422 93.509804
v -8.457573 -42.741657 93.079170
v -9.249250 -42.299732 93.207161
v -10.027710 -42.617542 93.159386
v -8.623810 -43.781422 93.509804
v -10.009690 -43.682697 93.581734
v -9.647121 -44.276264 94.039864
v -9.647121 -44.276264 94.039864
v -8.979578 -44.308216 93.993660
v -8.623810 -43.781422 93.509804
v -0.938265 -44.303974 93.116890
v -0.947805 -44.590565 92.261940
v -1.752699 -43.749073 92.983452
v -6.868730 -40.471394 99.073326
v -5.226462 -40.085590 100.752327
v -5.019335 -40.792072 99.092918
v -6.892282 -40.237202 100.818214
v -1.747117 -42.272419 96.001656
v -0.081939 -42.402576 96.991737
v -0.981297 -43.290760 96.463051
v -0.324092 -41.789692 96.316536
v -10.138540 -42.850819 92.971336
v -10.125490 -42.122791 92.932945
v -9.984915 -42.215076 92.896736
v -10.353230 -42.855488 93.088600
v -1.353866 -44.614399 92.298058
v -0.980597 -45.295551 92.545067
v -1.435076 -45.297535 92.533897
v -7.780011 -40.488239 101.615501
v -8.009695 -40.221760 100.820122
v -8.485807 -41.058155 101.588707
v -8.872412 -40.461597 97.954384
v -7.569825 -40.973408 96.958305
v -5.143556 -41.333973 96.828377
v -7.758291 -41.504414 93.734657
v -5.366904 -42.028400 93.589455
v -3.198993 -41.968586 96.190529
v -3.164327 -42.547443 93.455299
v -0.929495 -43.948078 94.244835
v -2.859846 -45.829884 94.783165
v -3.471582 -45.189960 97.704720
v -4.064113 -45.757557 94.614281
v -2.715260 -46.048145 93.728310
v -3.524535 -45.404285 92.555336
v -2.572994 -45.768909 93.269066
v -3.309471 -45.093403 92.228294
v -2.038990 -45.715229 93.283775
v -3.722784 -45.059376 92.258232
v -1.890796 -45.942188 93.725731
v -0.980597 -45.295551 92.545067
v -1.435076 -45.297535 92.533897
v -4.543073 -46.089375 93.387642
v -4.678388 -45.649677 92.969429
v -5.356966 -45.914051 93.471748
v -5.112607 -45.564564 93.000084
v -5.844158 -45.610462 94.615425
v -7.409112 -45.269764 94.667000
v -8.444181 -44.151936 98.690315
v -6.059397 -44.735249 92.670937
v -5.593399 -44.494160 92.391426
v -6.258015 -44.332539 92.400215
v -7.064801 -45.455280 93.420067
v -7.127666 -45.000080 93.054298
v -7.839224 -45.227558 93.523109
v -7.666147 -44.855366 93.114296
v -8.330221 -43.822437 92.749489
v -7.982884 -43.596394 92.592216
v -8.371828 -43.445148 92.692818
v -9.607361 -44.001423 93.998863
v -9.144567 -43.811970 93.601601
v -8.495121 -44.528553 94.786324
v -9.698725 -43.539509 93.649284
v -9.603203 -43.969776 94.994621
v -9.513037 -43.191364 98.399223
v -4.313414 -43.984669 102.003609
v -8.005512 -43.664021 101.729210
v 1.265130 -42.227894 96.434181
v 0.415615 -42.077381 96.251183
v 0.713969 -42.035542 95.694771
v 0.800125 -42.334644 97.448875
v -0.081939 -42.402576 96.991737
v -3.442558 -39.483967 101.113106
v -3.656516 -39.627155 101.872017
v -2.651280 -38.779102 101.540627
v 0.035177 -38.324421 96.820015
v 0.992086 -38.070484 96.642769
v 0.434909 -38.159046 95.965263
v 0.566580 -38.134724 97.614052
v -0.650415 -38.498859 98.212975
v -0.155714 -38.337666 98.637398
v -9.520782 -41.264576 98.005760
v -1.687975 -42.931843 93.366875
v -0.938265 -44.303974 93.116890
v -0.947805 -44.590565 92.261940
v -1.016565 -45.100208 93.498985
v -0.929495 -43.948078 94.244835
v -1.017724 -44.789783 94.581413
v -0.981297 -43.290760 96.463051
v -1.903422 -44.347462 97.838966
v -0.418039 -42.513050 98.665108
v -0.081939 -42.402576 96.991737
v -0.081939 -42.402576 96.991737
v 1.337984 -41.347309 99.233299
v 1.967603 -41.269947 98.032265
v 1.180535 -39.337635 99.422447
v 1.795201 -39.009266 98.133095
v -2.544087 -43.435963 102.095512
v -1.251579 -41.693287 101.899910
v -2.020472 -41.105762 102.047813
v -1.512310 -42.462971 100.731606
v -0.578758 -41.664021 101.565636
v -1.918764 -45.668720 94.888313
v -0.453597 -40.915424 96.106651
v -1.096375 -40.344868 96.813377
v -0.413005 -39.697376 96.335503
v -0.578052 -41.076191 96.334221
v -0.111381 -41.585682 96.101891
v 0.415615 -42.077381 96.251183
v 0.415615 -42.077381 96.251183
v -1.909280 -39.673359 97.649712
v -4.242914 -41.233021 97.412727
v -1.363928 -39.190907 97.845039
v -1.564328 -38.633411 99.572899
v -1.138373 -38.527424 99.764427
v -2.361373 -38.734089 100.973412
v -2.194700 -39.018085 99.347359
v -2.587322 -39.301472 99.221764
v -5.426996 -39.779102 101.753212
v -6.366508 -39.834736 101.688988
v -9.976204 -41.883930 94.837074
v -9.520782 -41.264576 98.005760
v -10.092450 -42.079731 93.806358
v -0.521689 -39.708973 101.521309
v -1.682014 -39.434437 101.776009
v -9.976204 -41.883930 94.837074
v -9.302555 -41.317310 94.724052
v -9.976204 -41.883930 94.837074
v -9.336666 -41.493885 93.814568
v -9.976204 -41.883930 94.837074
v -9.976204 -41.883930 94.837074
v -10.092450 -42.079731 93.806358
v -9.466768 -41.726063 93.446541
v -10.092450 -42.079731 93.806358
v -10.092450 -42.079731 93.806358
v -10.125490 -42.122791 92.932945
v -9.324207 -42.049000 93.202171
v -9.984915 -42.215076 92.896736
v -7.927169 -42.198048 93.410606
v -8.480618 -42.331837 93.145287
v -7.572710 -42.596821 92.860161
v -5.571441 -42.737751 93.245720
v -5.947128 -43.003193 92.784431
v -5.285591 -43.205524 92.800896
v -3.912678 -43.542591 92.853081
v -3.323701 -43.412037 93.135399
v -3.106332 -43.786732 92.689308
v -2.061166 -44.008137 92.601112
v 0.277639 -38.986927 97.250587
v 0.380677 -38.934681 96.515404
v 0.251847 -41.288837 96.241600
v 0.124500 -41.418934 96.977013
v 0.277639 -38.986927 97.250587
v 2.342123 -40.734272 97.008247
v 1.629090 -41.175159 97.672859
v 1.477566 -41.514088 97.186333
v 1.629090 -41.175159 97.672859
v 2.163505 -40.876057 98.125435
v 1.373596 -39.956440 90.446114
v 0.994698 -39.804859 90.482964
v 1.403668 -39.584736 89.985237
v 1.461775 -40.275623 91.067116
v 0.711878 -39.925800 91.088570
v 0.762562 -40.093830 91.874870
v 1.798337 -40.756153 92.539696
v 0.975944 -40.306690 92.722099
v 0.913758 -40.454395 93.332848
v 2.057753 -40.815327 93.433830
v 0.826655 -40.661762 94.189842
v 1.929913 -40.863239 94.295219
v 0.453585 -41.104877 95.704445
v 1.695068 -41.210163 95.859962
v 1.594433 -41.376972 96.430244
v 0.251847 -41.288837 96.241600
v 0.124500 -41.418934 96.977013
v 0.251847 -41.288837 96.241600
v 0.124500 -41.418934 96.977013
v 1.477566 -41.514088 97.186333
v 1.703476 -38.991840 96.737328
v 0.277639 -38.986927 97.250587
v 1.612117 -39.017658 97.509789
v 0.277639 -38.986927 97.250587
v 1.811745 -39.005360 96.133430
v 0.577902 -39.016956 95.943855
v 2.053062 -38.908131 94.503975
v 0.905203 -39.019550 94.320061
v 0.453585 -41.104877 95.704445
v 1.764099 -39.013966 90.223061
v 1.432794 -38.972462 90.054314
v 1.428558 -38.768970 90.526970
v 2.010585 -39.064747 91.118065
v 1.587800 -38.539722 91.245705
v 2.474229 -39.134571 92.189461
v 2.054974 -38.582478 92.808067
v 2.796029 -39.275349 93.301674
v 2.219398 -38.722675 93.675194
v 2.497855 -39.418568 94.447426
v 2.753528 -40.167500 93.200783
v 2.457438 -40.398579 94.338371
v 2.216412 -40.594929 95.899757
v 2.246161 -39.615864 96.037865
v 2.384501 -39.778522 97.128609
v 1.612117 -39.017658 97.509789
v 2.226712 -39.955738 98.169838
v 1.612117 -39.017658 97.509789
v 1.703391 -39.531422 97.954277
v 1.612117 -39.017658 97.509789
v 2.226712 -39.955738 98.169838
v 2.163505 -40.876057 98.125435
v 2.226712 -39.955738 98.169838
v 2.163505 -40.876057 98.125435
v 1.015793 -39.018604 93.412575
v 0.826655 -40.661762 94.189842
v 0.453585 -41.104877 95.704445
v 0.913758 -40.454395 93.332848
v 0.913758 -40.454395 93.332848
v 0.792728 -38.971943 92.002846
v 0.711878 -39.925800 91.088570
v 0.762562 -40.093830 91.874870
v 0.711878 -39.925800 91.088570
v 0.743038 -38.928974 91.173347
v 0.994698 -39.804859 90.482964
v 0.711878 -39.925800 91.088570
v 0.994698 -39.804859 90.482964
v 1.029278 -38.867146 90.540230
v 0.975944 -40.306690 92.722099
v 0.913758 -40.454395 93.332848
v 0.975944 -40.306690 92.722099
v 1.011729 -39.000904 92.864250
v 0.762562 -40.093830 91.874870
v 0.975944 -40.306690 92.722099
v 0.762562 -40.093830 91.874870
v 1.477566 -41.514088 97.186333
v 2.186872 -40.502705 92.603569
v 2.426461 -40.052906 92.087639
v 1.986283 -39.839771 91.008308
v 1.748263 -39.604755 90.184456
v 1.403668 -39.584736 89.985237
v 1.403668 -39.584736 89.985237
v 1.403668 -39.584736 89.985237
v 0.994698 -39.804859 90.482964
v 1.432794 -38.972462 90.054314
v -5.593399 -44.494160 92.391426
v -6.258015 -44.332539 92.400215
v -6.258015 -44.332539 92.400215
v -7.982884 -43.596394 92.592216
v -8.371828 -43.445148 92.692818
v -8.371828 -43.445148 92.692818
v -9.698725 -43.539509 93.649284
v -9.144567 -43.811970 93.601601
v -9.698725 -43.539509 93.649284
v -8.371828 -43.445148 92.692818
v -9.144567 -43.811970 93.601601
v -9.698725 -43.539509 93.649284
v -10.138540 -42.850819 92.971336
v -10.138540 -42.850819 92.971336
v -9.984915 -42.215076 92.896736
v -7.127666 -45.000080 93.054298
v -7.666147 -44.855366 93.114296
v -7.127666 -45.000080 93.054298
v -6.258015 -44.332539 92.400215
v -7.127666 -45.000080 93.054298
v -7.666147 -44.855366 93.114296
v -7.982884 -43.596394 92.592216
v -2.038990 -45.715229 93.283775
v -2.572994 -45.768909 93.269066
v -2.572994 -45.768909 93.269066
v -2.038990 -45.715229 93.283775
v -3.722784 -45.059376 92.258232
v -3.309471 -45.093403 92.228294
v -3.722784 -45.059376 92.258232
v -2.572994 -45.768909 93.269066
v -3.309471 -45.093403 92.228294
v -5.112607 -45.564564 93.000084
v -4.678388 -45.649677 92.969429
v -5.112607 -45.564564 93.000084
v -3.722784 -45.059376 92.258232
v -4.678388 -45.649677 92.969429
v -5.112607 -45.564564 93.000084
v -5.593399 -44.494160 92.391426
v -2.073462 -39.453785 101.976723
v -1.251579 -41.693287 101.899910
v -8.485807 -41.058155 101.588707
v -9.520782 -41.264576 98.005760
v -8.506287 -42.528217 101.647301
v -9.520782 -41.264576 98.005760
v -1.592928 -39.120075 86.505745
v -1.819076 -38.861042 86.776894
v -1.265600 -39.549213 87.087395
v -1.254947 -40.897114 87.169167
v -1.535146 -41.401936 86.501411
v -1.273193 -41.644367 87.317513
v -1.441763 -42.024311 86.729149
v -1.757595 -42.219379 86.450630
v -1.741833 -42.940052 87.055206
v -1.326177 -42.407185 87.814247
v -1.472005 -42.865589 87.161766
v -1.507040 -44.619709 88.577385
v -1.882537 -45.087116 88.616646
v -1.691365 -44.293964 88.045631
v -1.199555 -44.021412 88.736725
v -1.863424 -45.428699 90.430748
v -1.333838 -44.841999 90.426949
v -1.167864 -43.907124 90.645897
v -1.326909 -45.278431 92.003777
v -1.860158 -46.368855 92.435539
v -1.377273 -45.536366 92.775719
v -1.851429 -46.201405 93.362633
v -1.151781 -44.229755 92.242134
v -2.696716 -46.169941 93.381172
v -3.131004 -45.430531 92.784096
v -2.741233 -46.322926 92.426735
v -2.151464 -39.102558 86.513954
v -2.703206 -45.386402 90.428230
v -2.614207 -45.019581 88.625893
v -2.142676 -43.397022 90.810921
v -2.163182 -43.685108 92.353966
v -2.141843 -43.356129 89.156593
v -2.043918 -42.059986 88.282585
v -2.004803 -41.474140 87.769798
v -1.971944 -40.801228 87.704033
v -1.856228 -39.268391 87.469414
v -1.819076 -38.861042 86.776894
v -3.235779 -45.069660 92.083549
v -3.131004 -45.430531 92.784096
v -3.138515 -44.094501 92.249748
v -3.131568 -43.764637 90.709206
v -3.172195 -44.673878 90.476753
v -3.181143 -43.957020 88.699196
v -2.831852 -42.304371 87.947746
v -2.777662 -41.537067 87.416786
v -2.702816 -40.807423 87.208153
v -2.459193 -39.489246 87.116127
v -1.819076 -38.861042 86.776894
v -2.459193 -39.489246 87.116127
v -2.552864 -41.333302 86.516518
v -2.702816 -40.807423 87.208153
v -2.702816 -40.807423 87.208153
v -2.459193 -39.489246 87.116127
v -2.777662 -41.537067 87.416786
v -2.702816 -40.807423 87.208153
v -2.768344 -41.923573 86.789925
v -2.777662 -41.537067 87.416786
v -2.521999 -42.168324 86.473114
v -2.691997 -42.855671 87.160912
v -2.777662 -41.537067 87.416786
v -2.777662 -41.537067 87.416786
v -2.831852 -42.304371 87.947746
v -2.770209 -44.219501 88.093056
v -2.831852 -42.304371 87.947746
v -2.831852 -42.304371 87.947746
v -3.181143 -43.957020 88.699196
v -2.965468 -44.578266 88.674355
v -3.172195 -44.673878 90.476753
v -3.181143 -43.957020 88.699196
v -3.172195 -44.673878 90.476753
v -3.172195 -44.673878 90.476753
v -3.235779 -45.069660 92.083549
v -3.235779 -45.069660 92.083549
v -3.235779 -45.069660 92.083549
v -3.181143 -43.957020 88.699196
v -1.377273 -45.536366 92.775719
v -1.151781 -44.229755 92.242134
v -3.138515 -44.094501 92.249748
v -3.138515 -44.094501 92.249748
v -3.131004 -45.430531 92.784096
v -1.377273 -45.536366 92.775719
v -1.151781 -44.229755 92.242134
v -2.163182 -43.685108 92.353966
v -3.138515 -44.094501 92.249748
v -1.377273 -45.536366 92.775719
v -3.131004 -45.430531 92.784096
v -2.696716 -46.169941 93.381172
v -2.696716 -46.169941 93.381172
v -1.851429 -46.201405 93.362633
v -1.377273 -45.536366 92.775719
v 0.434909 -38.159046 95.965263
v 0.415615 -42.077381 96.251183
v 0.035177 -38.324421 96.820015
v 0.415615 -42.077381 96.251183
v 0.434909 -38.159046 95.965263
v 0.713969 -42.035542 95.694771
v -0.413005 -39.697376 96.335503
v -0.111381 -41.585682 96.101891
v -0.453597 -40.915424 96.106651
v -0.111381 -41.585682 96.101891
v -0.413005 -39.697376 96.335503
v 0.035177 -38.324421 96.820015
v 0.035177 -38.324421 96.820015
v 0.415615 -42.077381 96.251183
v -0.111381 -41.585682 96.101891
v 0.992086 -38.070484 96.642769
v 0.713969 -42.035542 95.694771
v 0.434909 -38.159046 95.965263
v 0.713969 -42.035542 95.694771
v 0.992086 -38.070484 96.642769
v 1.265130 -42.227894 96.434181
v 1.967603 -41.269947 98.032265
v 1.265130 -42.227894 96.434181
v 0.992086 -38.070484 96.642769
v 0.992086 -38.070484 96.642769
v 1.795201 -39.009266 98.133095
v 1.967603 -41.269947 98.032265
v -4.042666 -37.916859 122.763237
v -3.768631 -33.583637 121.583733
v -14.444180 -32.508015 122.828011
v -14.444180 -32.508015 122.828011
v -14.725720 -37.926807 124.263832
v -4.042666 -37.916859 122.763237
v -4.335571 -32.131489 121.238075
v -13.810640 -31.684620 122.602638
v -14.444180 -32.508015 122.828011
v -14.444180 -32.508015 122.828011
v -3.768631 -33.583637 121.583733
v -4.335571 -32.131489 121.238075
v -1.254947 33.581970 103.791008
v -1.123160 31.285210 103.176308
v -8.569195 31.314812 102.019005
v -8.699495 33.611504 102.635414
v -2.035693 29.718773 108.410118
v -2.167742 32.015526 109.025215
v -8.914017 28.910439 107.101326
v -8.011192 30.477165 101.855827
v -1.604493 30.451698 102.851723
v -2.516584 28.885277 108.086418
v -9.601145 32.044716 107.882713
v -8.699495 33.611504 102.635414
v -8.569195 31.314812 102.019005
v -9.470875 29.748032 107.265526
v -2.727011 32.853096 109.189522
v -1.814545 34.419598 103.954323
v -8.219246 34.445000 102.960701
v -9.122038 32.878242 108.207314
v -2.473221 32.121330 110.718330
v -2.262951 28.727486 109.773430
v -2.737427 27.478485 109.330513
v -9.132336 27.503601 108.348320
v -9.682508 28.203278 108.472511
v -9.913742 32.678688 109.727608
v -9.428682 33.374283 110.011513
v -3.037330 33.349274 110.989723
v -8.011192 30.477165 101.855827
v -8.219246 34.445000 102.960701
v -8.219246 34.445000 102.960701
v -8.699495 33.611504 102.635414
v -8.011192 30.477165 101.855827
v -8.914017 28.910439 107.101326
v -8.569195 31.314812 102.019005
v -8.011192 30.477165 101.855827
v -8.914017 28.910439 107.101326
v -9.132336 27.503601 108.348320
v -8.914017 28.910439 107.101326
v -2.005571 25.184708 120.136726
v -2.269805 29.485855 121.293251
v -4.042669 29.013756 122.763222
v -3.768634 24.680573 121.583717
v -2.778223 23.708023 119.806938
v -4.335573 23.228447 121.238136
v -5.329568 22.548264 119.742729
v -15.972070 29.393944 122.816933
v -15.692040 23.975128 121.380623
v -14.444180 23.604958 122.828011
v -14.725730 29.023735 124.263832
v -15.202830 30.273376 123.044029
v -14.170180 29.882477 124.532021
v -12.671290 31.426964 122.979210
v -3.147711 30.809227 121.725121
v -4.704522 30.329628 123.157921
v -14.844900 23.172440 121.114326
v -13.810640 22.781517 122.602623
v -1.308635 30.906494 116.873711
v -1.075588 26.356873 115.691734
v -9.748549 23.614983 113.695137
v -4.314419 23.593895 114.520836
v -12.213860 22.246239 120.441826
v -1.830688 24.837852 115.208534
v -13.152610 25.509010 113.737144
v -13.431070 31.762871 115.321815
v -10.204690 33.630852 116.379616
v -5.795413 31.729195 122.271812
v -4.776208 33.609932 117.199516
v -12.679360 32.600838 115.689812
v -2.162502 32.370750 117.183708
v -9.132336 27.503601 108.348320
v -12.322660 24.664772 113.612526
v -14.844900 23.172440 121.114326
v -12.322660 24.664772 113.612526
v -12.322660 24.664772 113.612526
v -13.810640 22.781517 122.602623
v -14.844900 23.172440 121.114326
v -13.810640 22.781517 122.602623
v -12.322660 24.664772 113.612526
v -14.725730 29.023735 124.263832
v -4.042669 29.013756 122.763222
v -4.704522 30.329628 123.157921
v -4.704522 30.329628 123.157921
v -14.170180 29.882477 124.532021
v -14.725730 29.023735 124.263832
v -17.705330 25.842720 124.489220
v -19.569151 23.608910 132.134216
v -23.313021 23.077507 133.451447
v -19.621580 26.663277 118.284523
v -18.038900 29.410011 114.833519
v -16.584221 27.370041 122.503609
v -13.886790 27.719017 121.889030
v -11.835510 30.320572 113.214622
v -19.628380 24.931618 132.524445
v -23.371130 24.400200 133.842407
v -23.313021 23.077507 133.451447
v -19.569151 23.608910 132.134216
v -18.038900 29.410011 114.833519
v -11.835510 30.320572 113.214622
v -11.774480 28.997818 112.827034
v -17.979349 28.087288 114.444908
v -19.680861 27.985985 118.673531
v -19.621580 26.663277 118.284523
v -23.313021 23.077507 133.451447
v -23.313021 23.077507 133.451447
v -18.038900 29.410011 114.833519
v -19.621580 26.663277 118.284523
v -19.569151 23.608910 132.134216
v -17.705330 25.842720 124.489220
v -17.765060 27.165474 124.878532
v -16.584221 27.370041 122.503609
v -16.524130 26.047249 122.114830
v -13.826010 26.396179 121.500633
v -13.886790 27.719017 121.889030
v -17.705330 25.842720 124.489220
v -16.584221 27.370041 122.503609
v -5.227150 28.197487 122.909035
v -5.487320 24.764107 121.929619
v -11.765020 24.726936 123.811119
v -11.505820 28.160271 124.792534
v -6.213623 17.854042 145.907532
v 2.136393 17.908195 143.359528
v 2.407851 21.616318 144.409515
v -5.938909 21.562027 146.961731
v -1.496181 22.693512 128.310623
v -2.949292 24.107430 123.598427
v -2.689720 27.540901 124.576424
v -1.238222 26.126953 129.287323
v -10.983470 21.671326 130.808929
v -12.433730 23.085846 126.074638
v -3.656544 23.140770 123.498131
v -2.202356 21.726776 128.212509
v -11.281620 26.062431 132.241486
v -12.730170 27.476921 127.506721
v -12.988530 24.043571 126.524925
v -11.539680 22.629051 131.260712
v -1.799542 27.084763 129.737030
v -3.251352 28.498665 125.024834
v -12.030120 28.443634 127.606346
v -10.580500 27.029182 132.338928
v 0.446374 19.735367 137.826935
v 1.033678 18.593712 136.446228
v 1.498559 24.872971 138.227234
v 0.720944 23.443420 138.878906
v -8.510786 17.683281 139.038727
v 0.333274 17.740128 136.385315
v -0.145623 18.692360 137.677826
v -7.482521 18.646393 139.907623
v -7.918605 19.681831 140.350494
v -7.641876 23.389763 141.406647
v -8.613495 24.806618 141.251831
v -9.082535 18.527596 139.462250
v 0.283256 24.478920 139.319946
v 0.924541 25.717346 138.648590
v -7.914965 25.660240 141.311310
v -7.050750 24.432709 141.555206
v 2.136393 17.908195 143.359528
v 2.407851 21.616318 144.409515
v 1.228178 17.211182 142.113129
v -6.099053 17.164780 144.359406
v -5.669878 22.951164 146.004730
v 1.653273 22.997772 143.752502
v -0.737255 27.116096 130.771332
v -1.208261 20.836952 128.985718
v -1.911514 19.983528 128.921631
v -10.763940 19.927498 131.541046
v -10.862870 27.050789 133.755432
v -11.334560 20.771851 131.962219
v -10.164340 27.904350 133.818329
v -1.312685 27.960579 131.190613
v -6.188641 23.797447 121.827309
v -11.213770 23.769135 123.363228
v -10.808950 29.126938 124.894417
v -5.782653 29.155312 123.355934
v 1.228178 17.211182 142.113129
v 1.653273 22.997772 143.752502
v 1.653273 22.997772 143.752502
v -2.202356 21.726776 128.212509
v -3.656544 23.140770 123.498131
v -0.145623 18.692360 137.677826
v 0.333274 17.740128 136.385315
v -0.145623 18.692360 137.677826
v 1.228178 17.211182 142.113129
v -0.145623 18.692360 137.677826
v 2.136393 17.908195 143.359528
v 1.228178 17.211182 142.113129
v 2.407851 21.616318 144.409515
v -1.911514 19.983528 128.921631
v -2.202356 21.726776 128.212509
v -2.202356 21.726776 128.212509
v 0.333274 17.740128 136.385315
v -1.911514 19.983528 128.921631
v -5.487320 24.764107 121.929619
v -5.227150 28.197487 122.909035
v -11.505820 28.160271 124.792534
v -11.765020 24.726936 123.811119
v -5.487320 24.764107 121.929619
v -3.656544 23.140770 123.498131
v -3.656544 23.140770 123.498131
v -6.188641 23.797447 121.827309
v -5.487320 24.764107 121.929619
v -11.765020 24.726936 123.811119
v -11.765020 24.726936 123.811119
v -11.213770 23.769135 123.363228
v -11.505820 28.160271 124.792534
v -10.808950 29.126938 124.894417
v -11.505820 28.160271 124.792534
v -5.227150 28.197487 122.909035
v -5.227150 28.197487 122.909035
v -5.782653 29.155312 123.355934
v -12.054370 26.399529 120.390129
v -11.120940 25.434624 123.547218
v -10.954050 27.642677 124.178001
v -11.887370 28.607582 121.021324
v -6.973989 26.435081 118.998131
v -6.037530 25.470375 122.148125
v -6.806352 28.643166 119.628044
v -5.870305 27.678474 122.777733
v -11.887370 28.607582 121.021324
v -10.954050 27.642677 124.178001
v -9.139154 24.564705 126.103523
v -8.972361 26.772804 126.733635
v -6.158877 26.792679 125.955132
v -6.325755 24.584557 125.325829
v -2.503775 31.724831 103.198402
v -2.520589 31.993370 101.966316
v -2.516365 33.490982 102.408714
v -2.499603 33.222435 103.640923
v -7.464386 33.758179 101.229012
v -7.468969 32.260521 100.785912
v -7.451176 31.991951 102.020119
v -7.446639 33.489594 102.463219
v -3.593824 30.953621 102.982918
v -3.610901 31.222115 101.750328
v -6.384851 31.489853 100.546318
v -6.367243 31.221352 101.780113
v -3.627978 31.490616 100.517723
v -6.367243 31.221352 101.780113
v -6.384851 31.489853 100.546318
v -3.602195 34.261608 102.648506
v -3.585230 33.993069 103.881111
v -6.375689 34.529404 101.445518
v -6.358173 34.260826 102.679115
v -3.619160 34.530167 101.415901
v -8.972361 26.772804 126.733635
v -10.808950 29.126938 124.894417
v -5.782653 29.155312 123.355934
v -10.808950 29.126938 124.894417
v -6.188641 23.797447 121.827309
v -11.213770 23.769135 123.363228
v -6.188641 23.797447 121.827309
v -17.979349 28.087288 114.444908
v -16.524130 26.047249 122.114830
v -16.524130 26.047249 122.114830
v -17.979349 28.087288 114.444908
v -11.774480 28.997818 112.827034
v -13.826010 26.396179 121.500633
v -13.826010 26.396179 121.500633
v -16.524130 26.047249 122.114830
v -17.979349 28.087288 114.444908
v -19.680861 27.985985 118.673531
v -17.765060 27.165474 124.878532
v -19.680861 27.985985 118.673531
v -23.371130 24.400200 133.842407
v -19.628380 24.931618 132.524445
v -17.765060 27.165474 124.878532
v -17.765060 27.165474 124.878532
v -19.680861 27.985985 118.673531
v -23.371130 24.400200 133.842407
v 2.226709 31.052681 98.169838
v 1.629086 32.272102 97.672859
v 1.703388 30.628334 97.954262
v 2.163502 31.972961 98.125450
v 1.612114 30.114555 97.509773
v 0.124496 32.515869 96.977013
v 0.277636 30.083916 97.250587
v 1.477563 32.611046 97.186317
v -4.341408 30.080956 86.296684
v -4.021551 30.532097 86.900772
v -4.576183 29.811829 86.578514
v -4.281384 32.451057 86.292152
v -4.010431 31.931969 86.985764
v -4.008772 32.702888 87.140358
v -4.184273 33.097672 86.528893
v -4.512519 33.300133 86.239357
v -4.495839 34.048717 86.867744
v -4.063565 33.495201 87.656624
v -4.215445 33.971363 86.978508
v -4.251153 35.793419 88.449791
v -4.442913 35.454926 87.897102
v -4.641202 36.278824 88.490616
v -3.931543 35.171829 88.615433
v -4.620429 36.633640 90.376167
v -4.070218 36.024143 90.372276
v -3.897620 35.053123 90.599861
v -4.062255 36.477486 92.011314
v -4.616038 37.610054 92.459877
v -4.606522 37.436111 93.423637
v -4.114207 36.745403 92.813591
v -3.880124 35.388298 92.259041
v -5.484252 37.403511 93.443031
v -5.530934 37.562431 92.450829
v -5.935298 36.635532 92.822289
v -4.942108 30.068092 86.304680
v -5.492453 36.589645 90.373573
v -5.401006 36.208694 88.500175
v -4.930741 34.822544 92.375191
v -4.910227 34.523254 90.771324
v -4.910200 34.480804 89.051842
v -4.808961 33.134651 88.143425
v -4.768582 32.526047 87.610466
v -4.734483 31.827003 87.542160
v -4.614406 30.234879 87.298225
v -4.576183 29.811829 86.578514
v -6.044344 36.260681 92.094276
v -5.943314 35.247700 92.267036
v -5.935298 36.635532 92.822289
v -5.936868 34.905117 90.665565
v -5.979185 35.849529 90.424019
v -5.989399 35.105003 88.576347
v -5.627227 33.388397 87.795372
v -5.571241 32.591408 87.243462
v -5.493668 31.833488 87.026604
v -5.240781 30.464302 86.931084
v -4.576183 29.811829 86.578514
v -5.240781 30.464302 86.931084
v -5.358919 32.385162 86.307243
v -5.240781 30.464302 86.931084
v -5.493668 31.833488 87.026604
v -5.493668 31.833488 87.026604
v -5.493668 31.833488 87.026604
v -5.571241 32.591408 87.243462
v -5.561944 32.992973 86.591927
v -5.571241 32.591408 87.243462
v -5.306377 33.247040 86.262672
v -5.482465 33.961060 86.977478
v -5.571241 32.591408 87.243462
v -5.571241 32.591408 87.243462
v -5.627227 33.388397 87.795372
v -5.563158 35.377655 87.946342
v -5.627227 33.388397 87.795372
v -5.627227 33.388397 87.795372
v -5.989399 35.105003 88.576347
v -5.765565 35.750347 88.550537
v -5.989399 35.105003 88.576347
v -5.979185 35.849529 90.424019
v -5.979185 35.849529 90.424019
v -5.979185 35.849529 90.424019
v -6.044344 36.260681 92.094276
v -6.044344 36.260681 92.094276
v -6.044344 36.260681 92.094276
v -5.989399 35.105003 88.576347
v -4.114207 36.745403 92.813591
v -5.935298 36.635532 92.822289
v -5.943314 35.247700 92.267036
v -5.943314 35.247700 92.267036
v -3.880124 35.388298 92.259041
v -4.114207 36.745403 92.813591
v -3.880124 35.388298 92.259041
v -5.943314 35.247700 92.267036
v -4.930741 34.822544 92.375191
v -4.114207 36.745403 92.813591
v -4.606522 37.436111 93.423637
v -5.484252 37.403511 93.443031
v -5.484252 37.403511 93.443031
v -5.935298 36.635532 92.822289
v -4.114207 36.745403 92.813591
v -6.758985 30.144798 87.305481
v -6.452476 30.546516 87.850578
v -6.970109 29.902245 87.559677
v -6.704998 32.280724 87.301323
v -6.442464 31.808167 87.927254
v -6.459436 32.507614 88.066170
v -6.617531 32.863350 87.514786
v -6.912989 33.045975 87.253754
v -6.897796 33.720528 87.820351
v -6.508583 33.221687 88.531685
v -6.645471 33.650871 87.920189
v -6.677136 35.292831 89.246910
v -6.849852 34.987843 88.748573
v -7.028055 35.730328 89.283775
v -6.389485 34.732754 89.396233
v -7.008780 36.050064 90.984093
v -6.513706 35.500786 90.980476
v -6.358277 34.625713 91.185722
v -6.505979 35.909290 92.458488
v -7.004158 36.929943 92.863106
v -6.995292 36.773167 93.732140
v -6.552463 36.150711 93.182030
v -6.341978 34.927704 92.681908
v -7.784848 36.743851 93.749733
v -7.827103 36.887032 92.854973
v -8.190571 36.051651 93.189995
v -7.280862 30.128365 87.313271
v -7.793109 36.010376 90.981743
v -7.711421 35.667099 89.292534
v -7.287294 34.417824 92.786751
v -7.269338 34.148109 91.340446
v -7.269845 34.109913 89.789940
v -7.179029 32.896767 88.970734
v -7.142902 32.348289 88.490105
v -7.112257 31.718399 88.428596
v -7.004287 30.283546 88.208679
v -6.970109 29.902245 87.559677
v -8.288847 35.713970 92.533363
v -8.197956 34.801025 92.689247
v -8.190571 36.051651 93.189995
v -8.192627 34.492313 91.245186
v -8.230749 35.343349 91.027290
v -8.240438 34.672512 89.361305
v -7.915055 33.125443 88.657013
v -7.864882 32.407280 88.159454
v -7.795181 31.724144 87.963928
v -7.567781 30.490395 87.877632
v -6.970109 29.902245 87.559677
v -7.567781 30.490395 87.877632
v -7.655716 32.216545 87.315582
v -7.567781 30.490395 87.877632
v -7.795181 31.724144 87.963928
v -7.795181 31.724144 87.963928
v -7.795181 31.724144 87.963928
v -7.864882 32.407280 88.159454
v -7.856688 32.769096 87.571915
v -7.864882 32.407280 88.159454
v -7.626980 32.998108 87.274979
v -7.785153 33.641541 87.919548
v -7.864882 32.407280 88.159454
v -7.864882 32.407280 88.159454
v -7.915055 33.125443 88.657013
v -7.857450 34.918236 88.793182
v -7.915055 33.125443 88.657013
v -7.915055 33.125443 88.657013
v -8.240438 34.672512 89.361305
v -8.039225 35.254002 89.337959
v -8.240438 34.672512 89.361305
v -8.230749 35.343349 91.027290
v -8.230749 35.343349 91.027290
v -8.230749 35.343349 91.027290
v -8.288847 35.713970 92.533363
v -8.288847 35.713970 92.533363
v -8.288847 35.713970 92.533363
v -8.240438 34.672512 89.361305
v -6.552463 36.150711 93.182030
v -8.190571 36.051651 93.189995
v -8.197956 34.801025 92.689247
v -8.197956 34.801025 92.689247
v -6.341978 34.927704 92.681908
v -6.552463 36.150711 93.182030
v -6.341978 34.927704 92.681908
v -8.197956 34.801025 92.689247
v -7.287294 34.417824 92.786751
v -6.552463 36.150711 93.182030
v -6.995292 36.773167 93.732140
v -7.784848 36.743851 93.749733
v -7.784848 36.743851 93.749733
v -8.190571 36.051651 93.189995
v -6.552463 36.150711 93.182030
v -9.009554 29.754875 88.535713
v -8.729279 30.100388 88.986046
v -9.174992 29.547134 88.760872
v -8.981766 31.572632 88.524742
v -8.727861 31.174126 89.047768
v -8.741837 31.769363 89.164742
v -8.903082 32.069534 88.701256
v -9.166243 32.221771 88.490623
v -9.133842 32.796989 88.970184
v -8.768694 32.377373 89.560768
v -8.915266 32.740082 89.045204
v -8.896803 34.139477 90.170601
v -9.062580 33.877434 89.754509
v -9.195883 34.508659 90.214821
v -8.642036 33.665749 90.287590
v -9.106821 34.784218 91.659187
v -8.683233 34.321270 91.637749
v -8.535280 33.578529 91.808311
v -8.614542 34.671890 92.893333
v -9.026939 35.536694 93.254509
v -8.979582 35.405132 93.993645
v -8.623814 34.878326 93.509819
v -8.457577 33.838623 93.079185
v -9.647125 35.373203 94.039879
v -9.723692 35.492889 93.280403
v -10.009700 34.779644 93.581749
v -9.450748 29.736305 88.563133
v -9.770548 34.743561 91.688423
v -9.773296 34.448853 90.249611
v -9.249254 33.396660 93.207161
v -9.295879 33.164482 91.977242
v -9.364672 33.128929 90.658806
v -9.314070 32.095894 89.961647
v -9.300234 31.628624 89.552940
v -9.271799 31.092751 89.500923
v -9.178272 29.872543 89.313148
v -9.174992 29.547134 88.760872
v -10.119100 34.490067 93.028236
v -10.027710 33.714432 93.159386
v -10.009700 34.779644 93.581749
v -10.084470 33.448967 91.932091
v -10.133410 34.172371 91.746239
v -10.209700 33.598076 90.331673
v -9.952713 32.283318 89.723625
v -9.926331 31.671753 89.300255
v -9.870363 31.090744 89.132874
v -9.671564 30.042839 89.053612
v -9.174992 29.547134 88.760872
v -9.671564 30.042839 89.053612
v -9.785133 31.509590 88.574883
v -9.671564 30.042839 89.053612
v -9.870363 31.090744 89.132874
v -9.870363 31.090744 89.132874
v -9.870363 31.090744 89.132874
v -9.926331 31.671753 89.300255
v -9.948395 31.978539 88.799461
v -9.926331 31.671753 89.300255
v -9.769079 32.174828 88.537170
v -9.879671 32.722099 89.090096
v -9.926331 31.671753 89.300255
v -9.926331 31.671753 89.300255
v -9.952713 32.283318 89.723625
v -9.912746 33.809387 89.832619
v -9.952713 32.283318 89.723625
v -9.952713 32.283318 89.723625
v -10.209700 33.598076 90.331673
v -10.045280 34.094643 90.302299
v -10.209700 33.598076 90.331673
v -10.133410 34.172371 91.746239
v -10.133410 34.172371 91.746239
v -10.133410 34.172371 91.746239
v -10.119100 34.490067 93.028236
v -10.119100 34.490067 93.028236
v -10.119100 34.490067 93.028236
v -10.209700 33.598076 90.331673
v -8.623814 34.878326 93.509819
v -10.009700 34.779644 93.581749
v -10.027710 33.714432 93.159386
v -10.027710 33.714432 93.159386
v -8.457577 33.838623 93.079185
v -8.623814 34.878326 93.509819
v -8.457577 33.838623 93.079185
v -10.027710 33.714432 93.159386
v -9.249254 33.396660 93.207161
v -8.623814 34.878326 93.509819
v -8.979582 35.405132 93.993645
v -9.647125 35.373203 94.039879
v -9.647125 35.373203 94.039879
v -10.009700 34.779644 93.581749
v -8.623814 34.878326 93.509819
v -0.938269 35.400894 93.116875
v -1.752703 34.845997 92.983452
v -0.947809 35.687458 92.261925
v -6.868733 31.568306 99.073311
v -5.019339 31.888985 99.092918
v -5.226466 31.182487 100.752312
v -6.892286 31.334183 100.818199
v -1.747119 33.369293 96.001656
v -0.981301 34.387676 96.463036
v -0.081942 33.499512 96.991753
v -0.324095 32.886650 96.316551
v -10.138550 33.947708 92.971321
v -9.984919 33.311958 92.896721
v -10.125490 33.219666 92.932961
v -10.353240 33.952461 93.088615
v -1.353869 35.711327 92.298073
v -1.435080 36.394501 92.533913
v -0.980601 36.392502 92.545097
v -7.780015 31.585190 101.615501
v -8.485811 32.155136 101.588722
v -8.009699 31.318672 100.820122
v -8.872416 31.558510 97.954384
v -7.569829 32.070343 96.958305
v -5.143560 32.430939 96.828392
v -7.758295 32.601341 93.734657
v -5.366908 33.125351 93.589470
v -3.164330 33.644394 93.455299
v -3.198996 33.065559 96.190544
v -0.929499 35.045025 94.244850
v -2.859850 36.926823 94.783165
v -4.064117 36.854511 94.614296
v -3.471586 36.286911 97.704735
v -2.715263 37.145073 93.728325
v -3.524539 36.501213 92.555336
v -2.572998 36.865856 93.269081
v -3.309475 36.190292 92.228294
v -2.038994 36.812191 93.283791
v -3.722787 36.156307 92.258217
v -1.890800 37.039120 93.725731
v -0.980601 36.392502 92.545097
v -1.435080 36.394501 92.533913
v -4.543077 37.186264 93.387642
v -4.678392 36.746571 92.969429
v -5.356969 37.010994 93.471748
v -5.112610 36.661449 93.000084
v -5.844162 36.707355 94.615425
v -7.409116 36.366688 94.666985
v -8.444185 35.248871 98.690315
v -6.059401 35.832230 92.670952
v -5.593402 35.591084 92.391441
v -6.258018 35.429436 92.400215
v -7.064805 36.552223 93.420082
v -7.127670 36.096996 93.054298
v -7.839229 36.324512 93.523125
v -7.666151 35.952255 93.114265
v -8.330225 34.919388 92.749504
v -7.982888 34.693325 92.592247
v -8.371832 34.542099 92.692833
v -9.607365 35.098362 93.998878
v -9.144571 34.908897 93.601616
v -8.495125 35.625446 94.786308
v -9.698729 34.636456 93.649300
v -9.603207 35.066650 94.994621
v -9.513041 34.288288 98.399239
v -4.313418 35.081577 102.003609
v -8.005516 34.760956 101.729225
v 1.265126 33.324799 96.434196
v 0.713966 33.132500 95.694771
v 0.415612 33.174309 96.251183
v 0.800121 33.431557 97.448891
v -0.081942 33.499512 96.991753
v -3.442561 30.580894 101.113121
v -2.651283 29.876015 101.540611
v -3.656519 30.724083 101.872017
v 0.035174 29.421364 96.820015
v 0.434906 29.255989 95.965263
v 0.992083 29.167381 96.642769
v 0.566577 29.231667 97.614052
v -0.650417 29.595810 98.212975
v -0.155717 29.434563 98.637398
v -9.520786 32.361458 98.005760
v -1.687979 34.028782 93.366890
v -0.938269 35.400894 93.116875
v -0.947809 35.687458 92.261925
v -1.016569 36.197094 93.498985
v -0.929499 35.045025 94.244850
v -1.017728 35.886726 94.581413
v -0.981301 34.387676 96.463036
v -1.903426 35.444439 97.838997
v -0.418042 33.609978 98.665123
v -0.081942 33.499512 96.991753
v -0.081942 33.499512 96.991753
v 1.337981 32.444191 99.233299
v 1.967600 32.366920 98.032249
v 1.180532 30.434532 99.422462
v 1.795198 30.106178 98.133080
v -2.544091 34.532856 102.095512
v -2.020474 32.202698 102.047813
v -1.251582 32.790169 101.899910
v -1.512312 33.559883 100.731621
v -0.578761 32.760918 101.565605
v -1.918768 36.765659 94.888313
v -0.453600 32.012360 96.106651
v -0.413008 30.794296 96.335487
v -1.096378 31.441811 96.813393
v -0.578055 32.173149 96.334206
v -0.111384 32.682594 96.101875
v 0.415612 33.174309 96.251183
v 0.415612 33.174309 96.251183
v -1.909283 30.770309 97.649712
v -4.242918 32.329948 97.412712
v -1.363931 30.287827 97.845024
v -1.564331 29.730324 99.572884
v -1.138376 29.624367 99.764427
v -2.361376 29.831024 100.973412
v -2.194703 30.115021 99.347343
v -2.587325 30.398369 99.221779
v -5.427000 30.876015 101.753212
v -6.366511 30.931709 101.689003
v -9.976208 32.980865 94.837105
v -9.520786 32.361458 98.005760
v -10.092450 33.176628 93.806374
v -0.521692 30.805893 101.521294
v -1.682017 30.531364 101.776009
v -9.976208 32.980865 94.837105
v -9.302559 32.414230 94.724068
v -9.976208 32.980865 94.837105
v -9.336670 32.590813 93.814583
v -9.976208 32.980865 94.837105
v -9.976208 32.980865 94.837105
v -10.092450 33.176628 93.806374
v -9.466772 32.822952 93.446541
v -10.092450 33.176628 93.806374
v -10.092450 33.176628 93.806374
v -10.125490 33.219666 92.932961
v -9.984919 33.311958 92.896721
v -9.324211 33.145958 93.202171
v -7.927174 33.294945 93.410622
v -8.480621 33.428772 93.145287
v -7.572713 33.693703 92.860161
v -5.571445 33.834671 93.245750
v -5.947132 34.100086 92.784431
v -5.285594 34.302448 92.800911
v -3.912682 34.639500 92.853096
v -3.323705 34.508896 93.135399
v -3.106336 34.883617 92.689308
v -2.061170 35.105022 92.601112
v 0.277636 30.083916 97.250587
v 0.124496 32.515869 96.977013
v 0.251843 32.385796 96.241615
v 0.380674 30.031593 96.515404
v 0.277636 30.083916 97.250587
v 2.342120 31.831184 97.008232
v 1.477563 32.611046 97.186317
v 1.629086 32.272102 97.672859
v 1.629086 32.272102 97.672859
v 2.163502 31.972961 98.125450
v 1.373593 31.053352 90.446098
v 1.403666 30.681602 89.985252
v 0.994695 30.901802 90.482964
v 1.461772 31.372498 91.067101
v 0.711875 31.022751 91.088585
v 0.762558 31.190735 91.874855
v 1.798334 31.853073 92.539726
v 0.975941 31.403694 92.722099
v 0.913755 31.551308 93.332863
v 2.057750 31.912239 93.433846
v 0.826652 31.758690 94.189842
v 1.929909 31.960159 94.295219
v 0.453582 32.201820 95.704445
v 1.695065 32.307076 95.859962
v 1.594429 32.473930 96.430260
v 0.251843 32.385796 96.241615
v 0.251843 32.385796 96.241615
v 0.124496 32.515869 96.977013
v 0.124496 32.515869 96.977013
v 1.477563 32.611046 97.186317
v 1.703473 30.088753 96.737328
v 1.612114 30.114555 97.509773
v 0.277636 30.083916 97.250587
v 0.277636 30.083916 97.250587
v 1.811742 30.102318 96.133446
v 0.577900 30.113884 95.943840
v 2.053060 30.005028 94.503975
v 0.905200 30.116493 94.320061
v 0.453582 32.201820 95.704445
v 1.764096 30.110916 90.223061
v 1.428555 29.865822 90.526955
v 1.432791 30.069366 90.054329
v 2.010582 30.161705 91.118065
v 1.587797 29.636642 91.245705
v 2.474226 30.231529 92.189476
v 2.054971 29.679420 92.808067
v 2.796026 30.372261 93.301674
v 2.219395 29.819603 93.675209
v 2.497852 30.515541 94.447441
v 2.753524 31.264427 93.200783
v 2.457435 31.495415 94.338371
v 2.216409 31.691872 95.899757
v 2.246158 30.712791 96.037880
v 2.384499 30.875412 97.128609
v 1.612114 30.114555 97.509773
v 2.226709 31.052681 98.169838
v 1.703388 30.628334 97.954262
v 1.612114 30.114555 97.509773
v 1.612114 30.114555 97.509773
v 2.226709 31.052681 98.169838
v 2.163502 31.972961 98.125450
v 2.226709 31.052681 98.169838
v 2.163502 31.972961 98.125450
v 1.015790 30.115509 93.412575
v 0.826652 31.758690 94.189842
v 0.453582 32.201820 95.704445
v 0.913755 31.551308 93.332863
v 0.913755 31.551308 93.332863
v 0.792726 30.068855 92.002846
v 0.762558 31.190735 91.874855
v 0.711875 31.022751 91.088585
v 0.711875 31.022751 91.088585
v 0.743035 30.025909 91.173363
v 0.711875 31.022751 91.088585
v 0.994695 30.901802 90.482964
v 0.994695 30.901802 90.482964
v 1.029275 29.964073 90.540245
v 0.913755 31.551308 93.332863
v 0.975941 31.403694 92.722099
v 0.975941 31.403694 92.722099
v 1.011726 30.097816 92.864250
v 0.975941 31.403694 92.722099
v 0.762558 31.190735 91.874855
v 0.762558 31.190735 91.874855
v 1.477563 32.611046 97.186317
v 2.186869 31.599648 92.603569
v 2.426458 31.149841 92.087654
v 1.986280 30.936668 91.008308
v 1.748260 30.701668 90.184456
v 1.403666 30.681602 89.985252
v 1.403666 30.681602 89.985252
v 0.994695 30.901802 90.482964
v 1.403666 30.681602 89.985252
v 1.432791 30.069366 90.054329
v -6.258018 35.429436 92.400215
v -6.258018 35.429436 92.400215
v -5.593402 35.591084 92.391441
v -8.371832 34.542099 92.692833
v -8.371832 34.542099 92.692833
v -7.982888 34.693325 92.592247
v -9.698729 34.636456 93.649300
v -9.144571 34.908897 93.601616
v -9.698729 34.636456 93.649300
v -8.371832 34.542099 92.692833
v -9.144571 34.908897 93.601616
v -9.984919 33.311958 92.896721
v -10.138550 33.947708 92.971321
v -10.138550 33.947708 92.971321
v -9.698729 34.636456 93.649300
v -7.127670 36.096996 93.054298
v -7.666151 35.952255 93.114265
v -7.127670 36.096996 93.054298
v -6.258018 35.429436 92.400215
v -7.127670 36.096996 93.054298
v -7.666151 35.952255 93.114265
v -7.982888 34.693325 92.592247
v -2.572998 36.865856 93.269081
v -2.572998 36.865856 93.269081
v -2.038994 36.812191 93.283791
v -2.038994 36.812191 93.283791
v -3.722787 36.156307 92.258217
v -3.309475 36.190292 92.228294
v -3.722787 36.156307 92.258217
v -3.309475 36.190292 92.228294
v -2.572998 36.865856 93.269081
v -5.112610 36.661449 93.000084
v -4.678392 36.746571 92.969429
v -5.112610 36.661449 93.000084
v -4.678392 36.746571 92.969429
v -3.722787 36.156307 92.258217
v -5.112610 36.661449 93.000084
v -5.593402 35.591084 92.391441
v -1.251582 32.790169 101.899910
v -2.073465 30.550667 101.976723
v -8.485811 32.155136 101.588722
v -8.506290 33.625137 101.647316
v -9.520786 32.361458 98.005760
v -9.520786 32.361458 98.005760
v -1.592931 30.217018 86.505753
v -1.265603 30.646164 87.087395
v -1.819078 29.957932 86.776909
v -1.535149 32.498909 86.501411
v -1.254950 31.994041 87.169151
v -1.273196 32.741287 87.317513
v -1.441766 33.121277 86.729134
v -1.757598 33.316345 86.450630
v -1.741837 34.037014 87.055206
v -1.326180 33.504120 87.814247
v -1.472009 33.962547 87.161743
v -1.507043 35.716648 88.577370
v -1.691369 35.390854 88.045631
v -1.882541 36.184044 88.616631
v -1.199559 35.118317 88.736725
v -1.863428 36.525681 90.430748
v -1.333842 35.938889 90.426964
v -1.167868 35.004036 90.645882
v -1.326912 36.375374 92.003792
v -1.860162 37.465755 92.435524
v -1.851432 37.298317 93.362617
v -1.377277 36.633297 92.775703
v -1.151785 35.326717 92.242149
v -2.696720 37.266895 93.381203
v -2.741237 37.419849 92.426735
v -3.131008 36.527508 92.784096
v -2.151467 30.199501 86.513969
v -2.703210 36.483311 90.428246
v -2.614211 36.116535 88.625877
v -2.163186 34.782028 92.353966
v -2.142680 34.493938 90.810921
v -2.141847 34.453049 89.156609
v -2.043921 33.156929 88.282585
v -2.004806 32.571083 87.769783
v -1.971947 31.898094 87.704048
v -1.856231 30.365326 87.469414
v -1.819078 29.957932 86.776909
v -3.235783 36.166641 92.083565
v -3.138519 35.191422 92.249733
v -3.131008 36.527508 92.784096
v -3.131572 34.861549 90.709206
v -3.172199 35.770809 90.476753
v -3.181147 35.053970 88.699181
v -2.831855 33.401291 87.947731
v -2.777665 32.634003 87.416801
v -2.702819 31.904327 87.208160
v -2.459196 30.586174 87.116127
v -1.819078 29.957932 86.776909
v -2.459196 30.586174 87.116127
v -2.552867 32.430290 86.516525
v -2.459196 30.586174 87.116127
v -2.702819 31.904327 87.208160
v -2.702819 31.904327 87.208160
v -2.702819 31.904327 87.208160
v -2.777665 32.634003 87.416801
v -2.768347 33.020531 86.789940
v -2.777665 32.634003 87.416801
v -2.522002 33.265244 86.473114
v -2.692001 33.952602 87.160927
v -2.777665 32.634003 87.416801
v -2.777665 32.634003 87.416801
v -2.831855 33.401291 87.947731
v -2.770213 35.316433 88.093056
v -2.831855 33.401291 87.947731
v -2.831855 33.401291 87.947731
v -3.181147 35.053970 88.699181
v -2.965472 35.675213 88.674355
v -3.181147 35.053970 88.699181
v -3.172199 35.770809 90.476753
v -3.172199 35.770809 90.476753
v -3.172199 35.770809 90.476753
v -3.235783 36.166641 92.083565
v -3.235783 36.166641 92.083565
v -3.235783 36.166641 92.083565
v -3.181147 35.053970 88.699181
v -1.377277 36.633297 92.775703
v -3.131008 36.527508 92.784096
v -3.138519 35.191422 92.249733
v -3.138519 35.191422 92.249733
v -1.151785 35.326717 92.242149
v -1.377277 36.633297 92.775703
v -1.151785 35.326717 92.242149
v -3.138519 35.191422 92.249733
v -2.163186 34.782028 92.353966
v -1.377277 36.633297 92.775703
v -1.851432 37.298317 93.362617
v -2.696720 37.266895 93.381203
v -2.696720 37.266895 93.381203
v -3.131008 36.527508 92.784096
v -1.377277 36.633297 92.775703
v 0.434906 29.255989 95.965263
v 0.035174 29.421364 96.820015
v 0.415612 33.174309 96.251183
v 0.415612 33.174309 96.251183
v 0.713966 33.132500 95.694771
v 0.434906 29.255989 95.965263
v -0.413008 30.794296 96.335487
v -0.453600 32.012360 96.106651
v -0.111384 32.682594 96.101875
v -0.111384 32.682594 96.101875
v 0.035174 29.421364 96.820015
v -0.413008 30.794296 96.335487
v 0.035174 29.421364 96.820015
v -0.111384 32.682594 96.101875
v 0.415612 33.174309 96.251183
v 0.992083 29.167381 96.642769
v 0.434906 29.255989 95.965263
v 0.713966 33.132500 95.694771
v 0.713966 33.132500 95.694771
v 1.265126 33.324799 96.434196
v 0.992083 29.167381 96.642769
v 1.967600 32.366920 98.032249
v 1.795198 30.106178 98.133080
v 0.992083 29.167381 96.642769
v 0.992083 29.167381 96.642769
v 1.265126 33.324799 96.434196
v 1.967600 32.366920 98.032249
v -4.042669 29.013756 122.763222
v -14.725730 29.023735 124.263832
v -14.444180 23.604958 122.828011
v -14.444180 23.604958 122.828011
v -3.768634 24.680573 121.583717
v -4.042669 29.013756 122.763222
v -4.335573 23.228447 121.238136
v -3.768634 24.680573 121.583717
v -14.444180 23.604958 122.828011
v -14.444180 23.604958 122.828011
v -13.810640 22.781517 122.602623
v -4.335573 23.228447 121.238136
v -14.606630 -28.660637 146.945190
v -15.957410 -26.592430 144.151520
v -15.473520 -27.972633 144.073822
v -13.989870 -30.399158 145.193512
v 8.263645 -28.509285 142.264923
v 8.783782 -27.842659 140.900696
v 9.733304 -21.256691 141.771545
v 9.314237 -19.433342 143.807007
v -15.228690 -18.518700 149.793732
v -11.850140 -31.288502 149.924927
v 4.079882 -17.709862 152.279724
v 8.226682 -19.253929 146.219208
v 8.212338 -16.899708 146.701996
v -17.333389 -20.501320 145.134827
v -16.872520 -18.848549 146.762451
v -7.530601 -33.223072 152.021729
v -7.001585 -24.950417 155.267120
v -11.240420 -24.129143 153.400513
v -1.876135 -32.351063 150.508331
v -1.272068 -24.908714 153.730042
v 6.724236 -29.514275 144.315247
v 2.923370 -23.273140 149.133240
v 3.626897 -23.420448 150.518921
v 1.644108 -23.526573 151.977905
v -10.893140 -32.958149 146.897430
v -7.675917 -34.593678 147.795227
v -2.710513 -34.192005 147.199097
v 1.252168 -32.635487 146.287231
v 2.456571 -30.873249 147.698029
v 5.613200 -30.642231 143.388824
v 7.015417 -29.500160 142.080292
v 7.702221 -28.844368 141.214844
v -14.186950 -18.372810 149.355194
v -12.902630 -30.308582 144.454529
v -14.288050 -27.868858 143.458618
v -15.521780 -18.535149 146.567841
v 7.475280 -21.137856 143.593719
v 6.612247 -28.711983 140.924713
v 5.922704 -29.612587 141.902008
v 7.995284 -19.315468 143.376404
v -10.124920 -16.324116 152.181610
v -9.619612 -16.822239 153.938507
v -10.076620 -32.719166 146.065735
v 6.932796 -16.878895 146.065948
v 6.969024 -19.155937 145.651428
v 3.068407 -17.623558 151.210815
v -6.245329 -17.142769 155.542023
v -7.385083 -34.027210 146.999298
v -1.509133 -17.547905 154.540924
v -3.130915 -33.852772 146.469421
v 4.481472 -30.626240 143.041199
v 0.374254 -32.478687 145.574615
v -15.473520 -27.972633 144.073822
v -15.957410 -26.592430 144.151520
v -14.648950 -26.553596 143.622681
v -14.288050 -27.868858 143.458618
v -15.473520 -27.972633 144.073822
v -12.902630 -30.308582 144.454529
v -13.989870 -30.399158 145.193512
v -15.473520 -27.972633 144.073822
v -15.473520 -27.972633 144.073822
v -14.288050 -27.868858 143.458618
v -12.902630 -30.308582 144.454529
v 9.314237 -19.433342 143.807007
v 9.733304 -21.256691 141.771545
v 7.475280 -21.137856 143.593719
v 7.475280 -21.137856 143.593719
v 7.995284 -19.315468 143.376404
v 9.314237 -19.433342 143.807007
v 9.733304 -21.256691 141.771545
v 8.783782 -27.842659 140.900696
v 6.473280 -27.759575 142.528229
v 7.475280 -21.137856 143.593719
v 9.733304 -21.256691 141.771545
v -10.863270 -16.401920 153.022736
v -10.252840 -16.955952 154.876526
v -9.619612 -16.822239 153.938507
v -9.619612 -16.822239 153.938507
v -10.124920 -16.324116 152.181610
v -14.186950 -18.372810 149.355194
v -15.228690 -18.518700 149.793732
v -10.124920 -16.324116 152.181610
v -14.186950 -18.372810 149.355194
v 8.212338 -16.899708 146.701996
v 8.226682 -19.253929 146.219208
v 6.969024 -19.155937 145.651428
v 6.969024 -19.155937 145.651428
v 6.932796 -16.878895 146.065948
v 8.212338 -16.899708 146.701996
v 3.068407 -17.623558 151.210815
v 4.079882 -17.709862 152.279724
v 8.212338 -16.899708 146.701996
v 8.212338 -16.899708 146.701996
v 6.932796 -16.878895 146.065948
v 3.068407 -17.623558 151.210815
v -15.957410 -26.592430 144.151520
v -17.333389 -20.501320 145.134827
v -15.989320 -20.510704 144.561890
v -15.957410 -26.592430 144.151520
v -15.521780 -18.535149 146.567841
v -16.872520 -18.848549 146.762451
v -15.228690 -18.518700 149.793732
v -15.228690 -18.518700 149.793732
v -14.186950 -18.372810 149.355194
v -15.521780 -18.535149 146.567841
v -6.482382 -17.283546 156.963318
v -6.245329 -17.142769 155.542023
v -6.245329 -17.142769 155.542023
v -9.619612 -16.822239 153.938507
v -6.245329 -17.142769 155.542023
v -0.958839 -17.646614 155.826691
v -1.509133 -17.547905 154.540924
v -6.245329 -17.142769 155.542023
v 8.226682 -19.253929 146.219208
v 9.314237 -19.433342 143.807007
v 7.995284 -19.315468 143.376404
v 7.995284 -19.315468 143.376404
v 6.969024 -19.155937 145.651428
v 8.226682 -19.253929 146.219208
v -1.509133 -17.547905 154.540924
v 4.079882 -17.709862 152.279724
v 4.079882 -17.709862 152.279724
v 3.068407 -17.623558 151.210815
v -1.509133 -17.547905 154.540924
v -10.076620 -32.719166 146.065735
v -10.893140 -32.958149 146.897430
v -13.989870 -30.399158 145.193512
v -13.989870 -30.399158 145.193512
v -12.902630 -30.308582 144.454529
v -10.076620 -32.719166 146.065735
v -7.385083 -34.027210 146.999298
v -7.675917 -34.593678 147.795227
v -10.893140 -32.958149 146.897430
v -10.893140 -32.958149 146.897430
v -10.076620 -32.719166 146.065735
v -7.385083 -34.027210 146.999298
v -2.710513 -34.192005 147.199097
v -7.675917 -34.593678 147.795227
v -7.385083 -34.027210 146.999298
v -7.385083 -34.027210 146.999298
v -3.130915 -33.852772 146.469421
v -2.710513 -34.192005 147.199097
v 1.252168 -32.635487 146.287231
v -2.710513 -34.192005 147.199097
v -3.130915 -33.852772 146.469421
v -3.130915 -33.852772 146.469421
v 0.374254 -32.478687 145.574615
v 1.252168 -32.635487 146.287231
v 5.613200 -30.642231 143.388824
v 1.252168 -32.635487 146.287231
v 0.374254 -32.478687 145.574615
v 0.374254 -32.478687 145.574615
v 4.481472 -30.626240 143.041199
v 5.613200 -30.642231 143.388824
v 5.922704 -29.612587 141.902008
v 7.015417 -29.500160 142.080292
v 5.613200 -30.642231 143.388824
v 5.613200 -30.642231 143.388824
v 4.481472 -30.626240 143.041199
v 5.922704 -29.612587 141.902008
v 7.702221 -28.844368 141.214844
v 7.015417 -29.500160 142.080292
v 5.922704 -29.612587 141.902008
v 5.922704 -29.612587 141.902008
v 6.612247 -28.711983 140.924713
v 7.702221 -28.844368 141.214844
v 8.783782 -27.842659 140.900696
v 7.702221 -28.844368 141.214844
v 7.702221 -28.844368 141.214844
v 6.612247 -28.711983 140.924713
v -16.872520 -18.848549 146.762451
v -15.521780 -18.535149 146.567841
v -17.333389 -20.501320 145.134827
v -16.872520 -18.848549 146.762451
v -14.648950 -26.553596 143.622681
v 6.473280 -27.759575 142.528229
v -14.648950 -26.553596 143.622681
v -15.989320 -20.510704 144.561890
v -10.252840 -16.955952 154.876526
v -6.482382 -17.283546 156.963318
v -10.252840 -16.955952 154.876526
v -0.958839 -17.646614 155.826691
v -0.958839 -17.646614 155.826691
v -6.482382 -17.283546 156.963318
v -10.252840 -16.955952 154.876526
v -10.252840 -16.955952 154.876526
v -10.863270 -16.401920 153.022736
v 1.381854 -26.240761 150.970612
v 3.259143 -26.194603 149.530090
v 5.084999 -23.194969 148.822235
v 3.626897 -23.420448 150.518921
v 4.711392 -25.995659 147.971100
v 3.626897 -23.420448 150.518921
v -0.958839 -17.646614 155.826691
v -0.958839 -17.646614 155.826691
v 1.644108 -23.526573 151.977905
v 3.626897 -23.420448 150.518921
v 5.084999 -23.194969 148.822235
v 1.381854 -26.240761 150.970612
v 3.259143 -26.194603 149.530090
v 2.645329 -25.754402 148.385742
v 3.259143 -26.194603 149.530090
v 4.711392 -25.995659 147.971100
v 1.644108 -23.526573 151.977905
v 1.381854 -26.240761 150.970612
v 1.644108 -23.526573 151.977905
v 4.711392 -25.995659 147.971100
v 5.084999 -23.194969 148.822235
v 5.084999 -23.194969 148.822235
v 1.644108 -23.526573 151.977905
v -14.606630 19.757576 146.945221
v -13.989880 21.496071 145.193512
v -15.473530 19.069565 144.073822
v -15.957410 17.689384 144.151520
v 8.263643 19.606178 142.264893
v 9.314236 10.530304 143.807007
v 9.733302 12.353600 141.771515
v 8.783780 18.939598 140.900726
v -15.228690 9.615631 149.793732
v -11.850150 22.385368 149.924957
v 4.079881 8.806770 152.279694
v 8.212337 7.996628 146.702026
v 8.226680 10.350861 146.219238
v -17.333389 11.598213 145.134827
v -16.872520 9.945457 146.762421
v -11.240420 15.226105 153.400513
v -7.001586 16.047371 155.267090
v -7.530602 24.320007 152.021698
v -1.272070 16.005585 153.730042
v -1.876138 23.447975 150.508331
v 6.724235 20.611176 144.315216
v 2.923368 14.370018 149.133209
v 1.644107 14.623512 151.977905
v 3.626895 14.517365 150.518921
v -10.893140 24.055069 146.897430
v -7.675919 25.690605 147.795227
v -2.710516 25.288956 147.199097
v 2.456568 21.970123 147.698029
v 1.252166 23.732391 146.287231
v 5.613196 21.739143 143.388794
v 7.015414 20.597084 142.080292
v 7.702219 19.941292 141.214844
v -14.186950 9.469742 149.355225
v -15.521780 9.632080 146.567810
v -14.288060 18.965797 143.458649
v -12.902630 21.405502 144.454529
v 7.475279 12.234795 143.593750
v 7.995282 10.412422 143.376434
v 5.922701 20.709526 141.902008
v 6.612246 19.808968 140.924713
v -9.619614 7.919182 153.938507
v -10.124920 7.421036 152.181641
v -10.076620 23.816086 146.065735
v 6.932795 7.975800 146.065979
v 3.068406 8.720490 151.210815
v 6.969023 10.252838 145.651398
v -7.385085 25.124214 146.999298
v -6.245331 8.239708 155.542023
v -1.509134 8.644852 154.540924
v -3.130918 24.949707 146.469391
v 4.481470 21.723183 143.041260
v 0.374252 23.575645 145.574646
v -15.473530 19.069565 144.073822
v -14.288060 18.965797 143.458649
v -14.648950 17.650551 143.622742
v -15.957410 17.689384 144.151520
v -15.473530 19.069565 144.073822
v -12.902630 21.405502 144.454529
v -14.288060 18.965797 143.458649
v -15.473530 19.069565 144.073822
v -15.473530 19.069565 144.073822
v -13.989880 21.496071 145.193512
v -12.902630 21.405502 144.454529
v 9.314236 10.530304 143.807007
v 7.995282 10.412422 143.376434
v 7.475279 12.234795 143.593750
v 7.475279 12.234795 143.593750
v 9.733302 12.353600 141.771515
v 9.314236 10.530304 143.807007
v 9.733302 12.353600 141.771515
v 7.475279 12.234795 143.593750
v 6.473278 18.856483 142.528229
v 8.783780 18.939598 140.900726
v 9.733302 12.353600 141.771515
v -10.863270 7.498848 153.022736
v -10.124920 7.421036 152.181641
v -9.619614 7.919182 153.938507
v -9.619614 7.919182 153.938507
v -10.252840 8.052856 154.876526
v -14.186950 9.469742 149.355225
v -10.124920 7.421036 152.181641
v -15.228690 9.615631 149.793732
v -14.186950 9.469742 149.355225
v 8.212337 7.996628 146.702026
v 6.932795 7.975800 146.065979
v 6.969023 10.252838 145.651398
v 6.969023 10.252838 145.651398
v 8.226680 10.350861 146.219238
v 8.212337 7.996628 146.702026
v 3.068406 8.720490 151.210815
v 6.932795 7.975800 146.065979
v 8.212337 7.996628 146.702026
v 8.212337 7.996628 146.702026
v 4.079881 8.806770 152.279694
v 3.068406 8.720490 151.210815
v -15.957410 17.689384 144.151520
v -15.989320 11.607658 144.561920
v -17.333389 11.598213 145.134827
v -15.957410 17.689384 144.151520
v -15.521780 9.632080 146.567810
v -14.186950 9.469742 149.355225
v -15.228690 9.615631 149.793732
v -15.228690 9.615631 149.793732
v -16.872520 9.945457 146.762421
v -15.521780 9.632080 146.567810
v -9.619614 7.919182 153.938507
v -6.245331 8.239708 155.542023
v -6.245331 8.239708 155.542023
v -6.482385 8.380478 156.963348
v -6.245331 8.239708 155.542023
v -1.509134 8.644852 154.540924
v -0.958839 8.743561 155.826721
v -6.245331 8.239708 155.542023
v 8.226680 10.350861 146.219238
v 6.969023 10.252838 145.651398
v 7.995282 10.412422 143.376434
v 7.995282 10.412422 143.376434
v 9.314236 10.530304 143.807007
v 8.226680 10.350861 146.219238
v -1.509134 8.644852 154.540924
v 3.068406 8.720490 151.210815
v 4.079881 8.806770 152.279694
v 4.079881 8.806770 152.279694
v -1.509134 8.644852 154.540924
v -10.076620 23.816086 146.065735
v -12.902630 21.405502 144.454529
v -13.989880 21.496071 145.193512
v -13.989880 21.496071 145.193512
v -10.893140 24.055069 146.897430
v -10.076620 23.816086 146.065735
v -7.385085 25.124214 146.999298
v -10.076620 23.816086 146.065735
v -10.893140 24.055069 146.897430
v -10.893140 24.055069 146.897430
v -7.675919 25.690605 147.795227
v -7.385085 25.124214 146.999298
v -2.710516 25.288956 147.199097
v -3.130918 24.949707 146.469391
v -7.385085 25.124214 146.999298
v -7.385085 25.124214 146.999298
v -7.675919 25.690605 147.795227
v -2.710516 25.288956 147.199097
v 1.252166 23.732391 146.287231
v 0.374252 23.575645 145.574646
v -3.130918 24.949707 146.469391
v -3.130918 24.949707 146.469391
v -2.710516 25.288956 147.199097
v 1.252166 23.732391 146.287231
v 5.613196 21.739143 143.388794
v 4.481470 21.723183 143.041260
v 0.374252 23.575645 145.574646
v 0.374252 23.575645 145.574646
v 1.252166 23.732391 146.287231
v 5.613196 21.739143 143.388794
v 5.922701 20.709526 141.902008
v 4.481470 21.723183 143.041260
v 5.613196 21.739143 143.388794
v 5.613196 21.739143 143.388794
v 7.015414 20.597084 142.080292
v 5.922701 20.709526 141.902008
v 7.702219 19.941292 141.214844
v 6.612246 19.808968 140.924713
v 5.922701 20.709526 141.902008
v 5.922701 20.709526 141.902008
v 7.015414 20.597084 142.080292
v 7.702219 19.941292 141.214844
v 6.612246 19.808968 140.924713
v 7.702219 19.941292 141.214844
v 7.702219 19.941292 141.214844
v 8.783780 18.939598 140.900726
v -16.872520 9.945457 146.762421
v -17.333389 11.598213 145.134827
v -15.521780 9.632080 146.567810
v -16.872520 9.945457 146.762421
v -14.648950 17.650551 143.622742
v 6.473278 18.856483 142.528229
v -14.648950 17.650551 143.622742
v -15.989320 11.607658 144.561920
v -10.252840 8.052856 154.876526
v -6.482385 8.380478 156.963348
v -10.252840 8.052856 154.876526
v -6.482385 8.380478 156.963348
v -0.958839 8.743561 155.826721
v -0.958839 8.743561 155.826721
v -10.863270 7.498848 153.022736
v -10.252840 8.052856 154.876526
v -10.252840 8.052856 154.876526
v 1.381852 17.337654 150.970642
v 3.259141 17.291580 149.530121
v 5.084998 14.291893 148.822205
v 3.626895 14.517365 150.518921
v 4.711390 17.092590 147.971130
v 3.626895 14.517365 150.518921
v 1.644107 14.623512 151.977905
v -0.958839 8.743561 155.826721
v -0.958839 8.743561 155.826721
v 3.626895 14.517365 150.518921
v 5.084998 14.291893 148.822205
v 1.381852 17.337654 150.970642
v 2.645328 16.851295 148.385742
v 3.259141 17.291580 149.530121
v 4.711390 17.092590 147.971130
v 3.259141 17.291580 149.530121
v 1.644107 14.623512 151.977905
v 1.381852 17.337654 150.970642
v 1.644107 14.623512 151.977905
v 5.084998 14.291893 148.822205
v 5.084998 14.291893 148.822205
v 4.711390 17.092590 147.971130
v 1.644107 14.623512 151.977905
v -2.537403 32.261848 100.734108
v -2.533126 33.759499 101.176521
v -7.433381 31.723404 103.254204
v -7.428892 33.221016 103.697334
v -6.349637 30.952843 103.013908
v -6.349637 30.952843 103.013908
v -6.340658 33.992245 103.912819
v -2.533123 -42.662617 101.176521
v -2.537400 -41.164936 100.734108
v -7.428888 -42.124104 103.697304
v -7.433377 -40.626484 103.254204
v -6.349633 -39.855854 103.013893
v -6.349633 -39.855854 103.013893
v -6.340654 -42.895344 103.912804
vn -0.2849 -0.0000 -0.9586
vn -0.2809 -0.0000 -0.9597
vn -0.2887 -0.0000 -0.9574
vn 0.6796 -0.0000 0.7336
vn 0.8337 -0.0000 0.5522
vn 0.8868 -0.0000 0.4622
vn 0.9989 -0.0000 0.0462
vn 0.9879 -0.0000 0.1554
vn 0.9645 -0.0000 0.2640
vn -0.0644 -0.9975 0.0296
vn -0.1433 -0.9676 0.2079
vn -0.1418 -0.9899 -0.0073
vn -0.0616 -0.9954 -0.0736
vn -0.4199 -0.0000 -0.9076
vn -0.5393 -0.0000 -0.8421
vn -0.6151 -0.0000 -0.7884
vn 0.1294 -0.9818 -0.1389
vn -0.6857 -0.0000 -0.7279
vn -0.8951 -0.0025 -0.4458
vn 0.2697 -0.9507 -0.1529
vn 0.2696 -0.9508 -0.1526
vn 0.0148 -0.9984 -0.0547
vn -0.0662 -0.9974 -0.0279
vn 0.0793 -0.9954 -0.0536
vn 0.0198 -0.9998 -0.0081
vn 0.0399 -0.9932 0.1095
vn -0.0626 -0.9738 0.2185
vn -0.1028 -0.9303 0.3521
vn -0.9938 -0.0092 -0.1107
vn -0.9941 -0.0070 0.1087
vn -0.8952 -0.0025 -0.4457
vn -0.9943 -0.0000 -0.1063
vn 0.5485 -0.0000 0.8361
vn 0.5746 -0.0000 0.8184
vn -0.3820 -0.0000 0.9241
vn 0.5353 -0.0000 0.8447
vn -0.9940 -0.0070 0.1088
vn -0.9770 -0.0116 0.2128
vn -0.9754 -0.0000 0.2202
vn -0.3820 -0.0000 0.9242
vn 0.1791 -0.9832 -0.0363
vn 0.1574 -0.9875 -0.0098
vn 0.1554 -0.9876 -0.0214
vn 0.2126 -0.9763 -0.0397
vn -0.3042 -0.0795 -0.9493
vn -0.3021 -0.0889 -0.9491
vn -0.3002 -0.0819 -0.9503
vn -0.2984 -0.0749 -0.9515
vn 0.7280 -0.0947 0.6790
vn 0.9477 -0.1120 0.2987
vn 0.7478 -0.1035 0.6558
vn 0.7204 -0.0955 0.6870
vn 0.1039 -0.0940 0.9901
vn -0.1986 -0.1053 0.9744
vn -0.7847 -0.1361 -0.6047
vn -0.9801 -0.1828 -0.0781
vn -0.9917 -0.1264 -0.0222
vn -0.7364 -0.1365 0.6626
vn -0.4641 -0.1126 0.8786
vn 0.8777 -0.1346 0.4600
vn 0.6765 -0.1180 0.7269
vn 0.9734 -0.1427 0.1792
vn 0.9766 -0.1313 0.1704
vn 0.8777 -0.1346 0.4599
vn 0.7477 -0.1035 0.6559
vn 0.4332 -0.0867 0.8971
vn -0.7847 -0.1360 -0.6047
vn -0.3120 -0.0748 -0.9471
vn -0.3073 -0.0654 -0.9494
vn 0.2460 -0.9660 -0.0800
vn 0.2366 -0.9713 -0.0235
vn 0.1586 -0.9871 -0.0223
vn 0.1570 -0.9874 0.0203
vn -0.2888 -0.0000 -0.9574
vn 0.7722 -0.0000 0.6354
vn -0.0644 0.9975 0.0296
vn -0.0616 0.9954 -0.0735
vn -0.1418 0.9899 -0.0073
vn -0.1433 0.9676 0.2079
vn 0.0148 0.9984 -0.0547
vn 0.0779 0.9935 -0.0833
vn -0.2927 -0.0000 -0.9562
vn 0.2696 0.9508 -0.1526
vn 0.2697 0.9507 -0.1529
vn -0.0662 0.9974 -0.0279
vn 0.0793 0.9954 -0.0536
vn -0.0626 0.9738 0.2185
vn 0.0399 0.9932 0.1095
vn 0.0198 0.9998 -0.0081
vn -0.1028 0.9303 0.3521
vn -0.9938 0.0092 -0.1107
vn -0.9770 0.0116 0.2128
vn 0.1790 0.9832 -0.0363
vn 0.2126 0.9763 -0.0397
vn 0.1554 0.9876 -0.0214
vn 0.1574 0.9875 -0.0098
vn -0.3042 0.0795 -0.9493
vn -0.2984 0.0749 -0.9515
vn -0.3002 0.0819 -0.9503
vn -0.3021 0.0889 -0.9491
vn 0.7478 0.1035 0.6558
vn 0.9477 0.1120 0.2987
vn 0.7280 0.0947 0.6790
vn 0.7204 0.0955 0.6870
vn 0.1039 0.0940 0.9901
vn -0.1986 0.1053 0.9744
vn -0.9801 0.1827 -0.0781
vn -0.7847 0.1361 -0.6047
vn -0.7364 0.1365 0.6626
vn -0.9917 0.1264 -0.0222
vn -0.4641 0.1125 0.8786
vn 0.8777 0.1346 0.4599
vn 0.9766 0.1313 0.1704
vn 0.9734 0.1427 0.1792
vn 0.6765 0.1180 0.7269
vn 0.8777 0.1346 0.4600
vn 0.7477 0.1035 0.6559
vn 0.4332 0.0867 0.8971
vn -0.3073 0.0654 -0.9494
vn -0.3120 0.0748 -0.9471
vn 0.2366 0.9713 -0.0235
vn 0.2460 0.9660 -0.0800
vn 0.1586 0.9871 -0.0223
vn 0.1570 0.9874 0.0204
vn 0.0779 -0.9935 -0.0833
vn 0.1294 0.9818 -0.1389
vn 0.9298 -0.0000 0.3681
vn 0.2368 0.9677 0.0862
vn 0.2578 0.9594 0.1147
vn 0.0119 0.9998 0.0156
vn -0.1730 0.9842 -0.0364
vn -0.8123 0.5576 -0.1710
vn -0.9785 -0.0000 -0.2062
vn -0.9568 -0.0000 0.2907
vn -0.5551 0.3951 0.7319
vn 0.8062 -0.4708 0.3583
vn 0.7469 0.5762 0.3319
vn 0.7468 0.5762 0.3320
vn 0.3087 -0.9412 0.1371
vn 0.0170 -0.0001 0.9999
vn 0.0168 -0.0000 0.9999
vn -0.1317 -0.9895 -0.0587
vn 0.3086 -0.9413 0.1370
vn 0.9134 -0.0000 0.4070
vn 0.0203 -0.0000 0.9998
vn 0.0170 -0.0000 0.9999
vn 0.0204 -0.0000 0.9998
vn 0.0237 -0.0000 0.9997
vn 0.9542 -0.2989 -0.0130
vn 0.8014 -0.5981 -0.0109
vn 0.9541 0.2992 -0.0130
vn 0.8014 0.5981 -0.0109
vn 0.2042 0.9789 -0.0028
vn 0.4081 0.9129 -0.0056
vn -0.2036 0.9791 0.0030
vn -0.4074 0.9132 0.0061
vn -0.9541 0.2993 0.0143
vn -0.8009 0.5987 0.0119
vn -0.9540 -0.2995 0.0143
vn -0.8009 -0.5987 0.0120
vn -0.2039 -0.9790 0.0030
vn -0.4074 -0.9132 0.0060
vn -0.0000 -1.0000 -0.0000
vn 0.5861 -0.8102 -0.0080
vn 0.0119 -0.9998 0.0156
vn 0.2578 -0.9594 0.1147
vn 0.2368 -0.9677 0.0862
vn -0.1730 -0.9843 -0.0364
vn -0.8123 -0.5576 -0.1711
vn -0.5551 -0.3951 0.7320
vn 0.7464 -0.5770 0.3317
vn 0.7464 -0.5769 0.3317
vn 0.8062 0.4708 0.3582
vn 0.3087 0.9412 0.1370
vn 0.0168 -0.0001 0.9999
vn 0.0169 -0.0002 0.9999
vn 0.3086 0.9413 0.1371
vn -0.1317 0.9896 -0.0587
vn 0.3085 0.9412 0.1374
vn 0.0169 -0.0000 0.9999
vn 0.0170 0.0001 0.9999
vn -0.5551 -0.3951 0.7319
vn 0.9542 -0.2989 -0.0129
vn 0.8013 0.5981 -0.0110
vn 0.9541 0.2992 -0.0129
vn 0.8014 -0.5981 -0.0105
vn -0.2039 -0.9790 0.0032
vn 0.4081 -0.9129 -0.0055
vn 0.2042 -0.9789 -0.0025
vn -0.4074 -0.9132 0.0062
vn -0.8009 -0.5987 0.0122
vn -0.8009 0.5987 0.0117
vn -0.0000 1.0000 -0.0000
vn -0.4074 0.9132 0.0059
vn -0.2036 0.9791 0.0028
vn 0.5861 0.8102 -0.0080
vn 0.5862 0.8101 -0.0079
vn 0.0169 -0.0001 0.9999
vn 0.0171 -0.0000 0.9999
vn 0.5529 -0.8332 -0.0096
vn 0.2987 -0.9543 -0.0051
vn 0.2986 -0.9544 -0.0052
vn 0.1005 -0.9949 -0.0019
vn -0.7069 -0.7071 0.0169
vn -0.6721 -0.3610 0.6465
vn -0.9355 -0.0001 0.3533
vn -0.9997 -0.0000 0.0239
vn 0.9657 -0.2593 -0.0157
vn 0.9239 -0.3824 -0.0147
vn 0.9238 -0.3825 -0.0148
vn 0.5529 -0.8332 -0.0097
vn 0.9999 0.0007 -0.0160
vn 0.9999 0.0008 -0.0160
vn 0.9657 -0.2592 -0.0157
vn 0.1004 -0.9949 -0.0020
vn -0.1084 -0.4421 0.8904
vn -0.8529 -0.0855 0.5151
vn -0.8570 -0.3691 0.3596
vn -0.9148 -0.0008 -0.4039
vn -0.2409 -0.0000 -0.9706
vn -0.4717 -0.0000 -0.8817
vn -0.9873 -0.0000 0.1586
vn -0.8704 -0.0000 -0.4923
vn -0.7186 -0.6372 -0.2786
vn -0.6102 -0.6585 0.4404
vn -0.0094 -0.0000 -1.0000
vn -0.2507 -0.9613 -0.1138
vn -0.2227 -0.9690 -0.1065
vn -0.1624 -0.9567 -0.2417
vn -0.4260 -0.5024 -0.7524
vn -0.1505 -0.9646 -0.2165
vn 0.0046 -0.7122 -0.7020
vn 0.0130 -0.9690 -0.2469
vn -0.0066 -0.9586 -0.2846
vn -0.6477 -0.7619 0.0026
vn -0.4599 -0.8859 -0.0604
vn 0.1615 -0.9865 -0.0264
vn 0.1785 -0.9838 0.0133
vn 0.1558 -0.9835 -0.0919
vn -0.9999 -0.0011 0.0128
vn 0.8520 -0.1106 0.5117
vn 0.3526 -0.0074 0.9357
vn 0.6446 -0.0060 0.7645
vn 0.7146 -0.4168 0.5617
vn 0.0207 -0.0071 0.9998
vn 0.0207 -0.0072 0.9998
vn 0.3525 -0.0074 0.9358
vn -0.9999 -0.0001 0.0167
vn 0.1206 0.9175 0.3790
vn -0.0002 1.0000 -0.0000
vn -0.1345 0.9908 0.0134
vn -0.1375 0.9905 0.0056
vn -0.3268 0.5623 0.7596
vn 0.4697 -0.0000 -0.8828
vn 0.9067 -0.0000 -0.4217
vn 0.8013 -0.0000 -0.5982
vn -0.0917 -0.0000 -0.9958
vn -0.9999 -0.0000 0.0114
vn 0.0903 -0.9872 -0.1314
vn 0.1424 -0.9861 -0.0856
vn 0.0828 -0.9655 -0.2470
vn 0.0046 -0.7121 -0.7020
vn -0.0031 -0.9983 -0.0581
vn 0.0094 -0.0000 1.0000
vn -0.0320 -0.9842 -0.1743
vn 0.0902 -0.9872 -0.1314
vn -0.9999 -0.0008 0.0140
vn 0.1961 -0.0000 0.9806
vn -0.0943 0.0189 0.9954
vn 0.0739 -0.7101 0.7002
vn 0.7593 -0.0000 -0.6507
vn 0.6025 -0.0000 -0.7981
vn 0.9536 0.0001 -0.3009
vn -0.0069 -0.8320 -0.5547
vn -0.0062 -0.8944 -0.4472
vn 0.8213 -0.4079 0.3989
vn -0.0088 -0.7071 -0.7070
vn -0.0125 -0.0000 -0.9999
vn -0.0088 -0.7071 -0.7071
vn 0.7159 0.0001 0.6982
vn 0.9999 -0.0000 -0.0115
vn -0.2773 -0.0000 -0.9608
vn -0.0144 -0.0000 -0.9999
vn -0.5076 -0.0000 -0.8616
vn -0.8513 -0.0000 -0.5247
vn 0.9451 -0.0000 -0.3267
vn 0.9068 -0.0000 -0.4216
vn 0.9944 -0.0000 0.1061
vn 0.9491 -0.0000 0.3150
vn -0.3269 0.5623 0.7596
vn -0.9992 -0.0000 0.0405
vn 0.0146 -0.0000 0.9999
vn 0.4392 -0.0000 0.8984
vn 0.0147 -0.0000 0.9999
vn 0.7801 -0.0000 0.6257
vn -0.0095 -0.0000 -1.0000
vn -0.7939 -0.0000 0.6080
vn -0.0957 -0.4175 0.9036
vn -0.1399 -0.6701 0.7290
vn -0.7498 -0.5269 0.4003
vn -0.2023 -0.9559 0.2131
vn -0.7063 -0.3132 0.6349
vn -0.7494 -0.0000 0.6621
vn 0.0148 0.0012 0.9999
vn 0.4588 0.0005 0.8885
vn 0.9805 0.0474 0.1907
vn 0.9951 0.0238 0.0958
vn 0.4588 0.0006 0.8885
vn 1.0000 -0.0000 -0.0000
vn -0.2394 -0.0000 0.9709
vn -0.0944 0.0189 0.9954
vn -0.3180 0.0547 0.9465
vn -0.5680 -0.2867 0.7715
vn 0.0169 0.0002 0.9999
vn 0.2987 0.9543 -0.0051
vn 0.5528 0.8332 -0.0096
vn 0.1005 0.9949 -0.0020
vn -0.7205 0.5075 0.4726
vn -0.7069 0.7071 0.0168
vn 0.9239 0.3824 -0.0147
vn 0.9657 0.2593 -0.0157
vn 0.5529 0.8332 -0.0096
vn 0.9999 -0.0007 -0.0160
vn 0.9999 -0.0008 -0.0160
vn 0.9657 0.2592 -0.0157
vn 0.1004 0.9949 -0.0019
vn -0.1084 0.4420 0.8904
vn -0.8570 0.3691 0.3596
vn -0.8529 0.0855 0.5151
vn -0.9148 0.0008 -0.4039
vn -0.9148 -0.0007 -0.4039
vn -1.0000 -0.0000 -0.0046
vn -0.6102 0.6586 0.4404
vn -0.7186 0.6372 -0.2786
vn -0.6103 0.6585 0.4404
vn -0.2507 0.9613 -0.1138
vn -0.2227 0.9690 -0.1065
vn -0.1624 0.9567 -0.2417
vn -0.1505 0.9646 -0.2165
vn -0.4261 0.5024 -0.7524
vn 0.0046 0.7122 -0.7020
vn -0.4260 0.5024 -0.7524
vn -0.0066 0.9586 -0.2846
vn 0.0130 0.9689 -0.2469
vn 0.0046 0.7121 -0.7020
vn 0.1615 0.9865 -0.0264
vn -0.4599 0.8859 -0.0604
vn -0.6477 0.7619 0.0027
vn 0.1785 0.9838 0.0133
vn 0.1558 0.9835 -0.0918
vn -0.9999 0.0009 0.0129
vn 0.8520 0.1107 0.5117
vn 0.7146 0.4168 0.5617
vn 0.6446 0.0060 0.7645
vn 0.3526 0.0074 0.9357
vn 0.8520 0.1106 0.5117
vn 0.0207 0.0071 0.9998
vn 0.3525 0.0074 0.9358
vn -0.9999 -0.0000 0.0167
vn 0.1206 -0.9175 0.3790
vn -0.0002 -1.0000 -0.0000
vn -0.0001 -1.0000 -0.0000
vn -0.3268 -0.5623 0.7596
vn -0.1375 -0.9905 0.0056
vn -0.1345 -0.9908 0.0134
vn 0.1424 0.9861 -0.0856
vn 0.0903 0.9872 -0.1314
vn -0.0031 0.9983 -0.0581
vn 0.0046 0.7121 -0.7021
vn 0.0047 0.7122 -0.7020
vn 0.0828 0.9655 -0.2470
vn -0.0319 0.9842 -0.1743
vn 0.0902 0.9872 -0.1314
vn -0.9999 0.0008 0.0140
vn 0.2848 -0.0000 0.9586
vn 0.0739 0.7101 0.7002
vn 0.8079 -0.0000 -0.5893
vn -0.0065 0.8320 -0.5547
vn -0.0056 0.8944 -0.4472
vn 0.8213 0.4078 0.3989
vn -0.9999 -0.0007 0.0140
vn -0.0088 0.7071 -0.7070
vn -0.0082 0.7071 -0.7071
vn 0.9999 -0.0002 -0.0113
vn 0.9999 -0.0000 -0.0116
vn 0.8080 -0.0000 -0.5892
vn -0.7239 -0.0000 -0.6899
vn -0.0261 -0.0000 -0.9997
vn -0.0918 -0.0000 -0.9958
vn 0.8521 0.1106 0.5116
vn -0.3269 -0.5622 0.7596
vn 0.7800 -0.0000 0.6257
vn -0.0093 -0.0000 -1.0000
vn -0.1399 0.6701 0.7290
vn -0.0957 0.4174 0.9037
vn -0.7498 0.5269 0.4003
vn -0.9483 -0.0000 0.3175
vn -0.2023 0.9559 0.2131
vn -0.7062 0.3132 0.6349
vn -0.9900 -0.0000 -0.1409
vn -0.7063 0.3132 0.6349
vn 0.0148 -0.0012 0.9999
vn -0.7063 0.3133 0.6349
vn 0.9805 -0.0474 0.1907
vn 0.8213 0.4079 0.3989
vn -0.3180 -0.0547 0.9465
vn -0.1083 0.4420 0.8904
vn -0.5679 0.2866 0.7715
vn -0.4677 -0.0001 0.8839
vn -0.4200 -0.0135 0.9074
vn -0.4201 0.0001 0.9075
vn -0.7205 0.5076 0.4726
vn -0.4676 0.0149 0.8838
vn -0.7380 -0.6671 0.1018
vn 0.0002 -0.9829 0.1839
vn 0.0004 -0.9827 0.1853
vn -0.9463 -0.3217 0.0304
vn -0.9993 0.0143 -0.0351
vn -0.9993 0.0141 -0.0351
vn 0.0009 0.9812 -0.1930
vn -0.4464 0.8754 -0.1854
vn -0.4721 0.8617 -0.1861
vn 0.0006 0.9809 -0.1944
vn 0.0010 0.9812 -0.1931
vn 0.7382 0.6660 -0.1070
vn 0.9439 0.3285 -0.0335
vn 0.9366 -0.3374 0.0947
vn 0.7305 -0.6664 0.1494
vn -0.0246 -0.0019 -0.9997
vn -0.0247 -0.0019 -0.9997
vn -0.0247 -0.0018 -0.9997
vn 0.0004 0.9827 0.1853
vn 0.0002 0.9829 0.1839
vn -0.7380 0.6671 0.1018
vn -0.9463 0.3218 0.0304
vn -0.9993 -0.0142 -0.0351
vn -0.9993 -0.0137 -0.0350
vn -0.4464 -0.8754 -0.1854
vn 0.0009 -0.9812 -0.1930
vn 0.0006 -0.9809 -0.1944
vn -0.4721 -0.8617 -0.1861
vn 0.7382 -0.6660 -0.1070
vn 0.9439 -0.3285 -0.0335
vn 0.9366 0.3374 0.0947
vn 0.7304 0.6664 0.1494
vn -0.0246 0.0019 -0.9997
vn -0.0246 0.0016 -0.9997
vn -0.0244 0.0018 -0.9997
vn -0.3484 0.9345 0.0736
vn 0.4336 0.6922 0.5770
vn 0.3367 0.8250 0.4539
vn -0.3808 0.9235 -0.0452
vn 0.7655 0.1748 0.6192
vn 0.7760 0.1731 0.6065
vn 0.5534 -0.8096 0.1957
vn 0.3579 -0.9308 -0.0738
vn 0.1722 -0.9774 -0.1228
vn 0.5569 -0.8058 0.2014
vn -0.4563 -0.6904 -0.5614
vn -0.6232 -0.5139 -0.5895
vn -0.8025 0.3636 -0.4731
vn -0.7881 0.3802 -0.4842
vn -0.3547 0.9318 0.0774
vn 0.5159 0.6163 0.5950
vn 0.7585 0.1736 0.6281
vn 0.6616 -0.7388 0.1282
vn 0.3521 -0.9326 -0.0794
vn 0.3520 -0.9326 -0.0794
vn 0.6657 -0.7329 0.1401
vn -0.3169 -0.7789 -0.5412
vn -0.8229 0.2696 -0.5001
vn -0.2241 0.9746 0.0034
vn 0.6634 0.6219 0.4161
vn 0.8093 0.1942 0.5544
vn 0.5450 -0.8152 0.1962
vn 0.5450 -0.8151 0.1963
vn 0.3873 -0.9156 0.1076
vn -0.5140 -0.7724 -0.3730
vn -0.8726 0.3507 -0.3400
vn -0.2288 0.9612 -0.1540
vn 0.5743 0.8176 0.0413
vn 0.9522 0.2770 0.1290
vn 0.7802 -0.5647 0.2689
vn 0.3459 -0.9348 0.0806
vn 0.3874 -0.9156 0.1077
vn 0.4845 -0.8360 0.2577
vn -0.7281 -0.6831 0.0564
vn -0.9092 0.4058 -0.0930
vn -0.5169 0.8521 -0.0820
vn 0.6432 0.7387 -0.2014
vn 0.9393 0.3073 -0.1524
vn 0.8168 -0.5768 -0.0138
vn 0.2158 -0.9636 0.1577
vn 0.7286 -0.6827 0.0549
vn -0.6292 -0.7311 0.2639
vn -0.9843 0.0244 0.1749
vn 0.2940 0.9521 0.0836
vn 0.5781 0.8022 0.1492
vn -0.4668 0.8804 0.0837
vn -0.5957 0.7794 0.1941
vn -0.9934 -0.0648 -0.0949
vn -0.9829 0.0800 0.1660
vn -0.3319 -0.9332 -0.1381
vn -0.5671 -0.8233 -0.0243
vn 0.5832 -0.8103 0.0583
vn 0.5650 -0.8155 -0.1254
vn 0.8935 -0.4483 0.0263
vn 0.9316 -0.3544 -0.0801
vn 0.7734 0.6336 0.0188
vn 0.5781 0.8022 0.1491
vn 0.8573 0.5136 -0.0341
vn 0.3168 0.9256 0.2073
vn -0.4467 0.8648 -0.2292
vn -0.8444 -0.1972 -0.4982
vn -0.2622 -0.9575 -0.1200
vn 0.4019 -0.8733 0.2753
vn 0.7577 -0.5285 0.3828
vn 0.6800 0.6769 0.2817
vn 0.7775 0.5195 0.3543
vn 0.3545 0.9224 0.1533
vn -0.3071 0.8665 -0.3936
vn -0.7785 -0.1047 -0.6188
vn -0.3606 -0.9195 -0.1563
vn 0.3178 -0.8638 0.3908
vn 0.6062 -0.5332 0.5901
vn 0.5550 0.7229 0.4117
vn 0.3169 0.9255 0.2074
vn 0.5661 0.6996 0.4360
vn 0.4170 0.9005 0.1234
vn -0.3022 0.8675 -0.3951
vn -0.8181 -0.0874 -0.5684
vn -0.4012 -0.9068 -0.1294
vn 0.3143 -0.8671 0.3864
vn 0.6239 -0.5313 0.5732
vn 0.6355 0.6809 0.3639
vn 0.3546 0.9224 0.1533
vn 0.6336 0.6858 0.3582
vn 0.3054 0.9513 0.0410
vn -0.4691 0.7625 -0.4455
vn -0.8325 -0.0863 -0.5472
vn -0.5163 -0.8312 -0.2061
vn 0.1921 -0.9385 0.2869
vn 0.6700 -0.5183 0.5314
vn 0.6806 0.6484 0.3410
vn 0.6778 0.6538 0.3362
vn -0.0337 0.9992 -0.0191
vn 0.6242 0.5992 0.5013
vn 0.4586 0.7787 0.4281
vn -0.2436 0.9678 -0.0629
vn 0.7550 0.0584 0.6532
vn 0.8006 0.0713 0.5950
vn 0.4281 -0.8792 0.2091
vn 0.0514 -0.9986 0.0140
vn 0.0513 -0.9986 0.0139
vn 0.0259 -0.9945 -0.1015
vn 0.4353 -0.8733 0.2186
vn -0.5897 -0.6047 -0.5353
vn -0.6982 -0.4301 -0.5722
vn -0.6877 0.5006 -0.5258
vn -0.7356 0.4696 -0.4882
vn 0.1189 0.9881 -0.0976
vn 0.6607 0.5645 0.4949
vn 0.7250 0.0786 0.6843
vn 0.2209 -0.9285 0.2985
vn -0.1248 -0.9880 0.0907
vn -0.1249 -0.9880 0.0907
vn 0.2204 -0.9290 0.2974
vn -0.6430 -0.5807 -0.4994
vn -0.5640 0.5408 -0.6241
vn 0.1346 0.9879 -0.0768
vn 0.7871 0.5048 0.3546
vn 0.9177 -0.0447 0.3948
vn 0.1017 -0.9059 0.4111
vn -0.2112 -0.9679 0.1363
vn 0.0750 -0.9239 0.3753
vn -0.8299 -0.4887 -0.2693
vn -0.6257 0.5778 -0.5241
vn 0.3429 0.9381 -0.0497
vn 0.9639 0.2662 0.0101
vn 0.9670 -0.2080 -0.1469
vn 0.3077 -0.9368 0.1665
vn -0.0274 -0.9992 0.0302
vn 0.2968 -0.9411 0.1618
vn -0.8849 -0.4432 0.1429
vn -0.6707 0.7417 -0.0086
vn 0.0681 0.9970 0.0373
vn 0.8975 0.3271 -0.2956
vn 0.9162 -0.2221 -0.3336
vn 0.2263 -0.9632 -0.1452
vn -0.3544 -0.9316 0.0809
vn -0.0274 -0.9992 0.0301
vn 0.2153 -0.9668 -0.1374
vn -0.8874 -0.3193 0.3326
vn -0.7710 0.5404 0.3370
vn -0.0290 -0.0000 -0.9996
vn -0.0291 -0.0000 -0.9996
vn 0.2988 -0.0000 -0.9543
vn 0.6304 -0.0000 -0.7763
vn -0.9829 -0.0000 -0.1839
vn -0.8632 -0.0000 -0.5049
vn -0.9777 -0.0000 0.2100
vn -0.6301 -0.0000 0.7765
vn -0.2973 -0.0000 0.9548
vn 0.5103 -0.0000 0.8600
vn 0.9827 -0.0000 0.1851
vn 0.9778 0.0001 -0.2098
vn 0.5104 -0.0000 0.8600
vn 0.9777 -0.0000 -0.2098
vn 0.3107 -0.0000 -0.9505
vn 0.6329 -0.0000 -0.7743
vn -0.8598 -0.0000 -0.5106
vn -0.9773 -0.0000 0.2117
vn -0.9823 -0.0000 -0.1872
vn -0.3095 -0.0000 0.9509
vn -0.6318 -0.0000 0.7752
vn 0.5000 -0.0000 0.8660
vn 0.9824 -0.0000 0.1870
vn 0.9775 -0.0000 -0.2109
vn -0.9823 0.0001 -0.1873
vn -0.6318 -0.0001 0.7752
vn 0.4195 -0.4097 0.8100
vn 0.0120 -0.0000 0.9999
vn -0.4048 -0.8193 0.4060
vn 0.8943 -0.4472 -0.0166
vn 0.5999 -0.8000 -0.0132
vn -0.4472 -0.8944 0.0006
vn -0.8944 -0.4472 0.0035
vn 0.9999 -0.0000 -0.0146
vn -0.0079 0.7108 -0.7033
vn 0.0107 0.4453 0.8953
vn 0.0001 0.9999 0.0107
vn -1.0000 -0.0000 0.0074
vn 0.0120 -0.0001 0.9999
vn 0.0108 0.4452 0.8953
vn -1.0000 -0.0000 0.0053
vn -0.0113 0.0001 -0.9999
vn -0.0113 -0.0000 -0.9999
vn -0.0079 0.7109 -0.7032
vn 0.0002 0.9999 0.0150
vn 0.0001 0.9999 0.0151
vn 0.3367 0.6578 0.6738
vn -0.5656 0.5721 0.5939
vn 0.8948 0.4465 -0.0001
vn -0.7073 0.7065 0.0266
vn -1.0000 -0.0000 0.0054
vn -0.7072 0.7065 0.0266
vn -1.0000 -0.0017 0.0056
vn -0.9654 -0.0000 -0.2607
vn -0.9996 -0.0000 0.0272
vn -0.9404 -0.0000 0.3402
vn -0.5883 -0.0000 0.8086
vn -0.2876 -0.0000 0.9578
vn 0.4664 -0.0001 0.8846
vn 1.0000 0.0007 0.0051
vn 0.9482 -0.0007 0.3175
vn 0.9598 -0.0000 -0.2806
vn -0.0003 -1.0000 -0.0041
vn -0.0002 -1.0000 -0.0041
vn -0.0000 -1.0000 -0.0043
vn -0.0000 -0.0000 -1.0000
vn -0.0014 -0.0002 -1.0000
vn 0.4447 0.0643 0.8934
vn 0.8895 0.1286 0.4384
vn -0.6954 -0.1006 0.7115
vn 0.8618 0.1170 0.4935
vn 0.7077 0.5421 0.4530
vn 0.7077 0.5421 0.4531
vn 0.8624 0.1175 0.4924
vn -0.1213 0.9918 0.0402
vn -0.1214 0.9918 0.0401
vn -0.1396 0.9894 0.0407
vn -0.1647 0.9832 0.0786
vn -0.1230 0.9916 0.0387
vn -0.9896 -0.1427 0.0201
vn -0.4465 -0.0647 -0.8924
vn -0.7075 -0.1021 -0.6993
vn -0.9897 -0.1420 0.0177
vn 0.0847 -0.9963 -0.0158
vn 0.1177 -0.9890 0.0898
vn -0.0520 -0.9979 -0.0382
vn 0.0345 -0.9987 -0.0388
vn 0.0846 -0.9963 -0.0158
vn 0.0564 -0.9976 -0.0413
vn 0.9456 0.1379 0.2946
vn 0.7641 0.1111 0.6354
vn 0.9707 0.1409 0.1946
vn 0.9707 0.1408 0.1945
vn 0.9856 0.1426 0.0913
vn 0.9455 0.1369 0.2955
vn -0.4403 -0.0638 0.8956
vn -0.8798 -0.1261 0.4584
vn -0.8808 -0.1274 0.4561
vn -0.1187 0.9917 0.0499
vn -0.1189 0.9916 0.0500
vn 0.1188 -0.9919 -0.0442
vn 0.1190 -0.9919 -0.0441
vn 0.3389 0.0491 0.9395
vn 0.7641 0.1111 0.6355
vn 0.6309 0.0919 0.7704
vn 0.6308 0.0920 0.7705
vn 0.0205 0.0030 0.9998
vn 0.0073 0.0011 1.0000
vn 0.3388 0.0491 0.9396
vn 0.6308 0.0919 0.7705
vn 0.4789 0.0670 0.8753
vn 0.4786 0.0659 0.8756
vn 0.4793 0.0680 0.8750
vn 0.2479 0.0352 0.9681
vn 0.4789 0.0669 0.8753
vn -0.0086 -0.0012 -1.0000
vn -0.0029 -0.0004 -1.0000
vn -0.0015 -0.0002 -1.0000
vn -0.1957 0.9683 0.1549
vn -0.1182 0.9920 0.0445
vn -0.1776 0.9833 0.0403
vn 0.1223 -0.9917 -0.0396
vn 0.1224 -0.9916 -0.0408
vn 0.1237 -0.9916 -0.0389
vn 0.1208 -0.9919 -0.0390
vn 0.0346 -0.9987 -0.0388
vn 0.8600 0.1180 0.4964
vn 0.8606 0.1185 0.4954
vn 0.0074 0.0011 1.0000
vn 0.0008 0.0001 1.0000
vn 0.3308 0.0459 0.9426
vn 0.1224 -0.9916 -0.0407
vn 0.1222 -0.9917 -0.0396
vn 0.9897 0.1434 -0.0022
vn 0.9898 0.1427 -0.0012
vn -0.1205 0.9918 0.0433
vn -0.1230 0.9917 0.0387
vn -0.1213 0.9918 0.0401
vn 0.2478 0.0352 0.9682
vn 0.3309 0.0459 0.9426
vn 0.4821 0.0680 0.8735
vn 0.4814 0.0656 0.8741
vn 0.1188 -0.9920 -0.0430
vn 0.1186 -0.9920 -0.0431
vn 0.1187 -0.9919 -0.0442
vn -0.1187 0.9917 0.0498
vn -0.1187 0.9918 0.0482
vn -0.1186 0.9918 0.0481
vn -0.0205 -0.7026 -0.7113
vn 0.0520 -0.4363 -0.8983
vn 0.5137 -0.7707 0.3771
vn 0.1655 -0.5979 0.7843
vn 0.6145 0.4232 0.6658
vn -0.0560 0.8794 0.4728
vn -0.1182 0.9920 0.0446
vn -0.1193 0.9919 0.0440
vn 0.1198 -0.9917 -0.0473
vn 0.1194 -0.9917 -0.0470
vn 0.5147 -0.7716 0.3737
vn 0.1418 -0.7134 0.6863
vn 0.6146 0.4232 0.6657
vn -0.0062 0.7887 0.6147
vn -0.1083 0.9044 -0.4127
vn -0.1582 0.4406 -0.8836
vn -0.1882 -0.4765 0.8588
vn -0.5368 -0.5242 -0.6611
vn 0.3944 0.2810 0.8749
vn -0.1205 0.9917 0.0444
vn -0.2230 -0.0323 -0.9743
vn -0.2229 -0.0321 -0.9743
vn 0.6912 -0.1538 0.7061
vn 0.1211 -0.9915 -0.0479
vn -0.4162 0.2360 0.8781
vn -0.5505 0.5820 -0.5985
vn -0.2252 -0.0301 -0.9738
vn -0.1582 0.4407 -0.8836
vn -0.2241 -0.0321 -0.9740
vn 0.9901 0.1395 -0.0176
vn -0.2253 -0.0318 -0.9738
vn -0.2271 -0.0318 -0.9734
vn -0.4201 -0.5425 -0.7275
vn 0.6916 -0.2311 -0.6843
vn 0.4207 -0.6309 0.6519
vn -0.3564 -0.4628 0.8117
vn 0.1624 0.4578 0.8741
vn -0.0819 0.6875 0.7215
vn -0.1180 0.9921 0.0417
vn 0.9478 -0.3168 -0.0357
vn 0.5141 -0.7709 0.3761
vn 0.5744 -0.1944 0.7951
vn -0.0524 0.4364 0.8982
vn -0.5274 0.4055 0.7466
vn -0.0860 0.7168 -0.6919
vn -0.4654 0.3578 -0.8096
vn 0.9897 0.1409 -0.0266
vn 0.9894 0.1444 -0.0140
vn 0.9894 0.1446 -0.0141
vn 0.9894 0.1443 -0.0156
vn 0.9894 0.1441 -0.0155
vn 0.9892 0.1455 -0.0165
vn 0.9892 0.1456 -0.0166
vn 0.9892 0.1456 -0.0185
vn 0.9892 0.1454 -0.0184
vn 0.0066 -0.2444 0.9696
vn 0.0068 -0.0000 1.0000
vn 0.6709 0.3321 0.6630
vn 0.0039 0.8181 0.5751
vn 0.9998 -0.0000 -0.0176
vn 0.3345 0.6752 -0.6574
vn 0.0158 -0.0381 0.9991
vn 0.3482 0.6492 0.6762
vn -0.0035 0.7196 -0.6944
vn -0.0051 -0.0000 -1.0000
vn 0.0061 0.4407 0.8976
vn -0.0006 -0.9064 0.4225
vn 0.0032 0.8878 0.4603
vn 0.0031 0.8878 0.4602
vn -0.7105 0.6579 0.2497
vn 0.7147 0.6853 0.1400
vn 0.7113 -0.6538 -0.2581
vn 0.9998 -0.0001 -0.0176
vn 0.7113 -0.6538 -0.2580
vn -0.0016 -0.9766 -0.2150
vn -0.0032 -0.8771 -0.4802
vn -0.0034 -0.8771 -0.4802
vn -0.5773 0.7678 0.2779
vn 0.5859 0.6701 0.4557
vn 0.8113 -0.5569 -0.1780
vn -0.0055 -0.8709 -0.4915
vn -0.9999 -0.0007 0.0141
vn -0.8186 0.4749 0.3231
vn 0.8245 0.5460 0.1486
vn 0.5725 -0.7190 -0.3941
vn -0.0026 -0.9702 -0.2422
vn -0.9999 -0.0010 0.0129
vn -0.7069 0.7071 0.0153
vn 0.8944 0.4472 -0.0058
vn 0.7164 -0.6920 0.0893
vn 0.0043 -0.9568 0.2906
vn -0.9999 -0.0010 0.0128
vn -0.0108 0.6159 -0.7877
vn -0.0108 0.6161 -0.7876
vn -0.0061 0.9006 -0.4346
vn 0.7409 0.6017 -0.2983
vn 0.9999 -0.0004 -0.0104
vn 0.9999 -0.0006 -0.0105
vn 0.0060 -0.9023 0.4311
vn 0.0059 -0.9023 0.4312
vn -0.7070 0.7071 0.0153
vn 0.9999 -0.0005 -0.0105
vn -0.0080 0.8185 -0.5744
vn -0.0064 -0.8822 -0.4709
vn -0.0064 -0.8822 -0.4708
vn 0.0003 -0.9997 0.0246
vn 0.0004 -0.9997 0.0246
vn 0.0114 0.6906 0.7231
vn 0.0158 -0.0382 0.9991
vn -0.0002 -0.9994 -0.0343
vn -0.9999 -0.0009 0.0128
vn -0.6573 0.3299 0.6775
vn 0.0066 -0.2443 0.9697
vn -0.3425 0.6779 -0.6505
vn 0.0158 -0.0383 0.9991
vn -0.3274 0.6506 0.6852
vn -0.3425 0.6779 -0.6504
vn 0.7155 0.6596 0.2303
vn 0.0031 0.8878 0.4603
vn -0.7114 0.6846 0.1588
vn -0.7164 -0.6557 -0.2384
vn -0.9999 0.0001 0.0111
vn -0.9999 -0.0000 0.0113
vn -0.0034 -0.8772 -0.4801
vn -0.0011 -0.9766 -0.2150
vn -0.7165 -0.6556 -0.2384
vn -0.0024 -0.8776 -0.4794
vn 0.5832 0.7687 0.2625
vn -0.5751 0.6699 0.4695
vn -0.8152 -0.5576 -0.1566
vn -0.0051 -0.8709 -0.4915
vn 0.9999 -0.0004 -0.0126
vn 0.9999 -0.0005 -0.0125
vn 0.7155 0.6596 0.2304
vn 0.9999 -0.0000 -0.0117
vn 0.8260 0.4757 0.3024
vn -0.8205 0.5461 0.1687
vn -0.5810 -0.7201 -0.3793
vn -0.0024 -0.9702 -0.2422
vn 0.7072 0.7070 -0.0011
vn -0.8943 0.4472 0.0149
vn -0.7139 -0.6922 0.1058
vn 0.0039 -0.9572 0.2896
vn 0.9999 -0.0000 -0.0118
vn -0.0061 0.9007 -0.4345
vn -0.0106 0.6173 -0.7867
vn -0.0105 0.6172 -0.7868
vn -0.7478 0.6016 -0.2809
vn -0.9999 -0.0001 0.0117
vn 0.0058 -0.9030 0.4295
vn -0.9999 -0.0000 0.0112
vn 0.0002 0.9994 0.0357
vn -0.0111 0.6173 -0.7866
vn -0.0107 0.6161 -0.7876
vn 0.0003 -0.9997 0.0245
vn 0.0001 1.0000 0.0079
vn -0.0002 -0.9994 -0.0342
vn 0.0066 -0.2444 0.9697
vn 0.9999 -0.0006 -0.0125
vn 0.3718 -0.2395 -0.8969
vn -0.0026 0.1393 -0.9902
vn -0.0027 0.1392 -0.9903
vn 0.6079 0.6267 -0.4876
vn 0.0071 -0.5795 0.8149
vn 0.0070 -0.5794 0.8150
vn 0.0071 -0.5795 0.8150
vn 0.7072 -0.6674 -0.2333
vn 0.8348 0.5448 -0.0795
vn -0.0008 0.9588 -0.2842
vn -0.0008 0.9967 -0.0810
vn 0.7071 -0.7042 -0.0642
vn 0.5643 0.8121 0.1485
vn 0.6102 0.7659 0.2027
vn 0.0017 0.9657 0.2597
vn -0.0047 0.9986 0.0521
vn -1.0000 -0.0001 0.0020
vn -1.0000 -0.0001 0.0022
vn -0.8008 -0.5965 -0.0544
vn -1.0000 -0.0001 0.0021
vn -0.5729 -0.5084 -0.6429
vn -0.0011 -0.9792 -0.2029
vn -0.0011 -0.9185 -0.3955
vn -0.9999 -0.0000 0.0166
vn -0.9999 -0.0001 0.0166
vn -0.0057 0.0963 -0.9953
vn -0.5729 -0.5084 -0.6428
vn -0.0116 0.0911 -0.9958
vn 0.9998 -0.0000 -0.0197
vn 0.6102 0.7659 0.2028
vn 0.6103 0.7658 0.2027
vn 0.0005 0.9972 0.0750
vn 0.0006 0.9972 0.0752
vn 0.0007 0.9972 0.0754
vn -0.0000 -1.0000 -0.0054
vn -0.0001 -1.0000 -0.0055
vn 0.9308 -0.2874 -0.2259
vn 0.5529 -0.8117 -0.1883
vn 0.5844 0.8098 -0.0521
vn -0.1288 0.9844 0.1199
vn -0.1284 0.9844 0.1201
vn -0.6029 -0.7942 -0.0755
vn -0.9891 -0.1473 0.0038
vn -0.9891 -0.1474 0.0037
vn 0.2375 0.1896 -0.9527
vn 0.4995 0.2088 -0.8408
vn -0.4190 0.0868 -0.9038
vn -0.7447 0.0009 -0.6674
vn -0.7446 0.0010 -0.6675
vn -0.9084 -0.1935 0.3706
vn -0.9891 -0.1465 0.0132
vn -0.9891 -0.1465 0.0133
vn -0.9084 -0.1935 0.3707
vn -0.4969 -0.2116 0.8416
vn -0.2357 -0.1921 0.9527
vn 0.2882 -0.1164 0.9505
vn 0.5506 -0.0594 0.8327
vn 0.8854 0.0496 0.4623
vn 0.9700 0.1014 0.2207
vn 0.9511 0.1768 -0.2532
vn 0.8506 0.2009 -0.4859
vn 0.1298 -0.9796 -0.1532
vn 0.1300 -0.9796 -0.1532
vn 0.1299 -0.9796 -0.1532
vn 0.1299 -0.9796 -0.1531
vn 0.1310 -0.9795 -0.1532
vn 0.1298 -0.9796 -0.1531
vn 0.1297 -0.9797 -0.1531
vn -0.1291 0.9778 0.1649
vn -0.1303 0.9777 0.1645
vn -0.1302 0.9777 0.1645
vn -0.1302 0.9778 0.1644
vn -0.1292 0.9778 0.1651
vn -0.5779 -0.6948 -0.4281
vn -0.4215 -0.2085 0.8825
vn -0.8739 -0.2017 0.4424
vn -0.4768 0.4709 -0.7422
vn 0.0374 -0.2975 -0.9540
vn 0.1282 -0.9798 -0.1532
vn 0.1282 -0.9799 -0.1531
vn 0.0230 -0.1597 0.9869
vn 0.0231 -0.1598 0.9869
vn -0.1279 0.9781 0.1644
vn -0.1280 0.9781 0.1641
vn -0.1247 0.9473 -0.2951
vn 0.9478 -0.3118 -0.0667
vn 0.6055 0.7854 0.1285
vn 0.6110 0.7823 0.1210
vn 0.5610 -0.8200 -0.1136
vn -0.1136 0.9756 0.1881
vn -0.1001 0.9789 0.1784
vn -0.6031 -0.7935 -0.0812
vn -0.9891 -0.1472 0.0037
vn -0.2911 0.7482 -0.5962
vn -0.0154 -0.2464 -0.9690
vn 0.3609 -0.6545 -0.6644
vn 0.2239 0.3277 0.9179
vn 0.6737 -0.6561 0.3400
vn 0.5272 -0.3965 0.7515
vn 0.0378 0.8226 0.5674
vn 0.9938 0.0463 -0.1016
vn 0.9566 -0.0545 -0.2862
vn 0.9566 -0.0544 -0.2862
vn 0.8784 -0.1229 0.4619
vn 0.3924 0.9152 0.0915
vn -0.1025 0.5290 -0.8424
vn 0.1902 0.8967 -0.3997
vn 0.3745 0.9221 0.0972
vn -0.9394 -0.2477 0.2368
vn -0.9432 -0.2356 0.2342
vn -0.9222 -0.2113 0.3240
vn -0.9468 -0.2234 0.2316
vn 0.5514 -0.7894 -0.2696
vn 0.5481 -0.7928 -0.2665
vn 0.5679 -0.7992 -0.1969
vn 0.3608 -0.6546 -0.6643
vn 0.9752 0.1401 -0.1712
vn 0.9752 0.1402 -0.1712
vn 0.9669 0.1725 -0.1882
vn 0.9744 0.2001 0.1023
vn 0.9196 0.3488 -0.1806
vn 0.4408 0.8821 0.1660
vn 0.4585 0.8774 0.1413
vn -0.9278 -0.1629 0.3355
vn -0.8946 -0.1722 0.4124
vn -0.9165 -0.1673 0.3635
vn -0.8946 -0.1723 0.4124
vn -0.9164 -0.1673 0.3635
vn -0.9061 -0.2380 0.3499
vn -0.9221 -0.2113 0.3241
vn -0.9288 -0.1181 0.3512
vn -0.9083 -0.1008 0.4059
vn 0.6419 -0.7552 -0.1327
vn 0.5848 -0.8013 -0.1262
vn 0.5679 -0.7992 -0.1968
vn -0.1459 -0.5611 -0.8148
vn -0.2932 0.1199 -0.9485
vn 0.9097 0.3552 -0.2151
vn 0.9103 0.3537 -0.2151
vn 0.9744 0.2001 0.1024
vn -0.9612 -0.0603 0.2691
vn -0.9632 -0.0819 0.2562
vn -0.1380 0.9882 0.0661
vn 0.0746 -0.9597 -0.2708
vn -0.1459 -0.5610 -0.8148
vn 0.0747 -0.9597 -0.2709
vn -0.2974 0.1221 -0.9469
vn -0.2974 0.1220 -0.9469
vn 0.9882 0.1271 -0.0852
vn 0.9882 0.1270 -0.0852
vn 0.4711 0.8602 0.1954
vn 0.5282 0.6429 0.5546
vn 0.5283 0.6429 0.5546
vn 0.5137 0.8316 0.2111
vn -0.9545 -0.1526 0.2562
vn -0.9545 -0.1525 0.2562
vn 0.6891 -0.7233 -0.0449
vn 0.6738 -0.6562 0.3399
vn 0.6534 -0.7538 -0.0701
vn 0.3188 -0.5500 0.7719
vn 0.3023 -0.1252 0.9449
vn 0.3023 -0.1252 0.9450
vn 0.9882 0.1269 -0.0851
vn 0.9882 0.1270 -0.0851
vn -0.9544 -0.1527 0.2564
vn -0.9545 -0.1527 0.2561
vn -0.9544 -0.1529 0.2565
vn -0.1091 0.9809 0.1610
vn -0.1091 0.9809 0.1609
vn 0.1089 -0.9807 -0.1622
vn 0.3187 -0.5501 0.7719
vn 0.1089 -0.9807 -0.1623
vn 0.3022 -0.1250 0.9450
vn 0.3021 -0.1248 0.9451
vn -0.1873 0.5769 -0.7951
vn -0.1666 0.9678 -0.1886
vn 0.2186 -0.3997 -0.8902
vn 0.2254 -0.4004 -0.8882
vn 0.9123 0.0519 0.4062
vn 0.9123 0.0518 0.4063
vn 0.9916 0.1198 0.0480
vn 0.9868 0.1400 -0.0809
vn 0.9243 0.1732 -0.3402
vn 0.9763 0.1516 -0.1545
vn 0.9777 0.1506 -0.1463
vn 0.0929 0.7028 -0.7053
vn 0.0998 0.7044 -0.7028
vn 0.2860 0.9510 -0.1175
vn 0.2653 0.9546 -0.1356
vn -0.9781 -0.1515 0.1425
vn -0.9851 -0.1447 0.0933
vn -0.9781 -0.1515 0.1424
vn 0.4956 -0.7701 -0.4017
vn 0.4831 -0.7613 -0.4325
vn 0.9576 0.1622 -0.2381
vn 0.9328 0.1712 -0.3170
vn 0.2694 0.9626 -0.0293
vn 0.2387 0.9594 -0.1503
vn -0.9786 -0.1508 0.1400
vn -0.9895 -0.1377 0.0442
vn -0.9824 -0.1063 -0.1537
vn 0.4696 -0.8040 -0.3647
vn 0.5007 -0.7890 -0.3561
vn 0.0508 -0.8539 -0.5179
vn -0.1480 0.1299 -0.9804
vn 0.9243 0.1735 -0.3399
vn 0.9243 0.1733 -0.3401
vn -0.9895 -0.1377 0.0443
vn -0.9781 -0.1516 0.1425
vn -0.9782 -0.1512 0.1425
vn -0.0884 0.1400 -0.9862
vn -0.0885 0.1399 -0.9862
vn 0.1252 -0.9894 -0.0732
vn 0.1327 -0.9889 -0.0674
vn 0.0508 -0.8540 -0.5179
vn -0.0971 0.9505 0.2951
vn -0.1049 0.9514 0.2896
vn -0.1667 0.9678 -0.1886
vn -0.9786 -0.1508 0.1401
vn -0.9789 -0.1504 0.1383
vn -0.9789 -0.1505 0.1384
vn 0.2694 0.9626 -0.0292
vn 0.2822 0.9366 0.2078
vn 0.5039 -0.8574 -0.1046
vn 0.0035 0.8902 0.4556
vn 0.0607 -0.1288 0.9898
vn 0.0604 -0.1285 0.9899
vn 0.7837 0.6210 0.0104
vn 0.8055 -0.5547 -0.2085
vn 0.9370 -0.2974 -0.1831
vn 0.4249 0.9019 0.0777
vn -0.6202 0.7682 0.1588
vn -0.7476 0.6449 0.1588
vn -0.9867 -0.1356 0.0894
vn -0.9891 -0.1332 0.0627
vn 0.1929 -0.9525 -0.2355
vn 0.8055 -0.5546 -0.2085
vn 0.2059 -0.9441 -0.2574
vn 0.8342 -0.3819 -0.3979
vn 0.6884 0.6690 -0.2802
vn 0.9698 0.1441 -0.1966
vn 0.9701 0.1429 -0.1962
vn 0.0594 0.9833 0.1721
vn -0.6337 0.7285 0.2603
vn -0.0750 0.9240 0.3750
vn -0.0889 0.9239 0.3721
vn 0.0594 0.9833 0.1722
vn -0.9627 -0.1514 0.2242
vn -0.8852 -0.1692 0.4334
vn -0.8825 -0.1738 0.4370
vn 0.4745 -0.8256 -0.3053
vn 0.2358 -0.9634 -0.1274
vn 0.8642 -0.2193 -0.4528
vn 0.8242 0.5313 -0.1959
vn 0.0861 0.9962 0.0096
vn -0.9486 0.3166 0.0002
vn -0.9925 -0.1212 -0.0178
vn 0.7846 -0.5528 -0.2808
vn 0.6385 0.7694 -0.0158
vn -0.7649 0.6437 0.0247
vn -0.9923 -0.1236 -0.0080
vn 0.2109 -0.8349 -0.5084
vn 0.2716 -0.8948 -0.3544
vn 0.2715 -0.8948 -0.3544
vn -0.0377 -0.9241 -0.3803
vn 0.2109 -0.9593 -0.1878
vn 0.2455 -0.9406 -0.2343
vn 0.2357 -0.9634 -0.1273
vn 0.1185 -0.9871 0.1074
vn 0.0291 -0.9959 0.0857
vn 0.2525 0.9672 -0.0288
vn -0.0329 -0.9692 -0.2440
vn 0.2715 -0.8948 -0.3543
vn 0.0154 -0.9770 -0.2126
vn 0.4195 0.4098 0.8100
vn -0.4049 0.8193 0.4060
vn 0.8943 0.4472 -0.0159
vn 0.5999 0.8000 -0.0132
vn 0.9999 0.0007 -0.0161
vn -0.4473 0.8944 0.0009
vn -0.8944 0.4472 0.0035
vn -0.0079 -0.7108 -0.7033
vn 0.0001 -0.9999 0.0107
vn 0.0107 -0.4453 0.8953
vn 0.0108 -0.4453 0.8953
vn -0.0079 -0.7109 -0.7033
vn 0.0001 -0.9999 0.0151
vn 0.0002 -0.9999 0.0150
vn 0.0119 -0.0000 0.9999
vn -0.5656 -0.5721 0.5939
vn 0.3367 -0.6578 0.6737
vn 0.9999 0.0006 -0.0160
vn 0.8947 -0.4466 -0.0001
vn -0.7073 -0.7065 0.0266
vn -1.0000 0.0017 0.0056
vn -0.7072 -0.7065 0.0266
vn -0.9404 0.0007 0.3402
vn -0.9996 -0.0007 0.0272
vn -0.5884 -0.0005 0.8086
vn 0.4662 -0.0001 0.8847
vn 0.4663 -0.0001 0.8846
vn 0.9483 -0.0000 0.3175
vn 1.0000 -0.0000 0.0051
vn -0.0000 1.0000 -0.0035
vn -0.0001 1.0000 -0.0037
vn -0.0000 1.0000 -0.0036
vn 0.0009 -0.0001 -1.0000
vn 0.4448 -0.0643 0.8933
vn -0.6956 0.1006 0.7113
vn -0.6957 0.1006 0.7113
vn 0.8895 -0.1286 0.4384
vn 0.8624 -0.1175 0.4924
vn 0.7077 -0.5421 0.4531
vn 0.8618 -0.1170 0.4935
vn -0.1213 -0.9918 0.0401
vn -0.1647 -0.9832 0.0786
vn -0.1396 -0.9894 0.0405
vn -0.1214 -0.9918 0.0401
vn -0.1230 -0.9916 0.0387
vn -0.9896 0.1427 0.0201
vn -0.9897 0.1420 0.0177
vn -0.7075 0.1021 -0.6992
vn -0.4465 0.0647 -0.8924
vn 0.0846 0.9963 -0.0158
vn 0.0345 0.9987 -0.0388
vn -0.0520 0.9979 -0.0382
vn 0.1177 0.9890 0.0898
vn 0.0847 0.9963 -0.0158
vn 0.0564 0.9976 -0.0413
vn 0.9455 -0.1369 0.2955
vn 0.9856 -0.1426 0.0913
vn 0.9707 -0.1408 0.1945
vn 0.9707 -0.1408 0.1946
vn 0.7641 -0.1111 0.6354
vn 0.9456 -0.1379 0.2946
vn -0.4403 0.0638 0.8956
vn -0.8808 0.1274 0.4561
vn -0.8798 0.1261 0.4584
vn -0.1189 -0.9916 0.0500
vn -0.1187 -0.9917 0.0499
vn 0.1190 0.9919 -0.0441
vn 0.1188 0.9919 -0.0442
vn 0.3317 -0.0480 0.9422
vn 0.6316 -0.0910 0.7699
vn 0.6315 -0.0911 0.7700
vn 0.7641 -0.1111 0.6355
vn -0.0253 0.0036 0.9997
vn -0.0079 0.0011 1.0000
vn 0.6315 -0.0910 0.7700
vn 0.4789 -0.0669 0.8753
vn 0.2479 -0.0352 0.9681
vn 0.4792 -0.0680 0.8750
vn 0.4786 -0.0659 0.8756
vn 0.4789 -0.0670 0.8753
vn 0.0059 -0.0009 -1.0000
vn 0.0010 -0.0001 -1.0000
vn 0.0020 -0.0003 -1.0000
vn -0.1182 -0.9920 0.0445
vn -0.1957 -0.9683 0.1549
vn -0.1776 -0.9833 0.0403
vn 0.1222 0.9917 -0.0396
vn 0.1236 0.9916 -0.0390
vn 0.1224 0.9916 -0.0408
vn 0.1223 0.9917 -0.0396
vn 0.1208 0.9919 -0.0390
vn 0.0346 0.9986 -0.0388
vn 0.8606 -0.1185 0.4954
vn 0.8600 -0.1180 0.4964
vn 0.3308 -0.0459 0.9426
vn 0.0008 -0.0001 1.0000
vn 0.1223 0.9916 -0.0408
vn 0.1221 0.9917 -0.0396
vn 0.9898 -0.1427 -0.0012
vn 0.9898 -0.1428 -0.0013
vn -0.1231 -0.9916 0.0387
vn -0.1205 -0.9918 0.0433
vn 0.2478 -0.0352 0.9682
vn 0.3309 -0.0459 0.9426
vn 0.4814 -0.0656 0.8741
vn 0.4821 -0.0680 0.8734
vn 0.1191 0.9920 -0.0429
vn 0.1190 0.9920 -0.0429
vn 0.1189 0.9919 -0.0441
vn -0.1187 -0.9918 0.0483
vn -0.1188 -0.9917 0.0483
vn -0.0205 0.7026 -0.7113
vn 0.1655 0.5979 0.7843
vn 0.5137 0.7707 0.3771
vn 0.0520 0.4363 -0.8983
vn -0.0560 -0.8794 0.4728
vn 0.6146 -0.4232 0.6657
vn -0.1193 -0.9919 0.0440
vn 0.1198 0.9917 -0.0472
vn 0.1419 0.7133 0.6863
vn 0.5147 0.7716 0.3737
vn 0.1194 0.9917 -0.0470
vn -0.0062 -0.7887 0.6147
vn 0.6146 -0.4232 0.6658
vn -0.1581 -0.4407 -0.8836
vn -0.1083 -0.9044 -0.4127
vn -0.5368 0.5242 -0.6611
vn -0.1882 0.4765 0.8588
vn 0.3944 -0.2810 0.8749
vn -0.1205 -0.9917 0.0444
vn -0.2231 0.0328 -0.9743
vn -0.2231 0.0329 -0.9742
vn 0.1211 0.9915 -0.0479
vn 0.6912 0.1538 0.7061
vn -0.4162 -0.2360 0.8781
vn -0.5505 -0.5820 -0.5985
vn -0.2241 0.0321 -0.9740
vn -0.1582 -0.4407 -0.8836
vn -0.2252 0.0301 -0.9738
vn 0.9900 -0.1396 -0.0181
vn 0.9901 -0.1395 -0.0176
vn -0.2271 0.0318 -0.9734
vn -0.2253 0.0318 -0.9738
vn -0.4201 0.5425 -0.7275
vn -0.3564 0.4628 0.8117
vn 0.4207 0.6308 0.6520
vn 0.6916 0.2311 -0.6843
vn 0.1624 -0.4578 0.8741
vn -0.0819 -0.6875 0.7215
vn -0.1178 -0.9921 0.0423
vn -0.1179 -0.9921 0.0423
vn 0.1190 0.9920 -0.0428
vn 0.5744 0.1944 0.7951
vn 0.5141 0.7709 0.3761
vn 0.9478 0.3168 -0.0357
vn -0.5274 -0.4055 0.7466
vn -0.0524 -0.4364 0.8982
vn -0.4654 -0.3578 -0.8096
vn -0.0860 -0.7168 -0.6919
vn 0.9896 -0.1410 -0.0271
vn 0.9896 -0.1410 -0.0270
vn 0.9894 -0.1445 -0.0141
vn 0.9894 -0.1444 -0.0140
vn 0.9894 -0.1444 -0.0157
vn 0.9894 -0.1445 -0.0158
vn 0.9891 -0.1461 -0.0168
vn 0.9891 -0.1461 -0.0169
vn 0.9891 -0.1459 -0.0186
vn 0.0066 0.2443 0.9697
vn 0.0039 -0.8181 0.5750
vn 0.6709 -0.3322 0.6630
vn 0.0068 -0.0001 1.0000
vn 0.3345 -0.6752 -0.6574
vn 0.0158 0.0381 0.9991
vn 0.3483 -0.6492 0.6762
vn -0.0035 -0.7196 -0.6944
vn 0.0029 0.9064 0.4224
vn 0.0061 -0.4408 0.8976
vn 0.0032 -0.8878 0.4603
vn 0.7147 -0.6853 0.1400
vn -0.7105 -0.6579 0.2496
vn 0.0034 -0.8877 0.4603
vn 0.7113 0.6538 -0.2580
vn 0.9999 -0.0004 -0.0159
vn 0.9998 0.0001 -0.0176
vn -0.0025 0.8771 -0.4803
vn -0.0010 0.9766 -0.2150
vn 0.5860 -0.6701 0.4557
vn -0.5773 -0.7678 0.2779
vn 0.8113 0.5569 -0.1780
vn -0.0051 0.8708 -0.4915
vn -0.7104 -0.6580 0.2497
vn 0.8245 -0.5460 0.1486
vn -0.8186 -0.4749 0.3231
vn 0.5725 0.7190 -0.3942
vn -0.0024 0.9702 -0.2422
vn 0.8944 -0.4472 -0.0057
vn -0.7070 -0.7071 0.0152
vn 0.7164 0.6920 0.0893
vn 0.0038 0.9568 0.2906
vn -0.9999 -0.0009 0.0127
vn -0.8185 -0.4750 0.3231
vn -0.0112 -0.6157 -0.7879
vn 0.7409 -0.6017 -0.2983
vn -0.0061 -0.9006 -0.4346
vn -0.0111 -0.6158 -0.7878
vn 0.9999 0.0006 -0.0105
vn 0.0068 0.9024 0.4309
vn 0.0067 0.9023 0.4310
vn 0.9999 -0.0003 -0.0105
vn -0.0076 -0.8185 -0.5744
vn -0.0064 0.8822 -0.4709
vn -0.0064 0.8822 -0.4708
vn 0.0004 0.9997 0.0246
vn 0.0003 0.9997 0.0246
vn 0.0114 -0.6906 0.7231
vn 0.0158 0.0379 0.9992
vn -0.0002 0.9994 -0.0343
vn -0.9999 0.0012 0.0128
vn -0.6573 -0.3300 0.6775
vn 0.0039 -0.8181 0.5751
vn -0.3424 -0.6779 -0.6505
vn 0.0158 0.0380 0.9992
vn -0.3275 -0.6506 0.6852
vn 0.0158 0.0383 0.9991
vn -0.0051 0.0001 -1.0000
vn -0.3425 -0.6779 -0.6505
vn -0.0052 -0.0000 -1.0000
vn 0.7155 -0.6595 0.2303
vn -0.7114 -0.6846 0.1588
vn 0.0035 -0.8883 0.4593
vn 0.0035 -0.8877 0.4604
vn 0.7155 -0.6596 0.2303
vn -0.7164 0.6557 -0.2384
vn -0.0025 0.8771 -0.4802
vn -0.0016 0.9766 -0.2150
vn 0.5832 -0.7687 0.2625
vn -0.5751 -0.6699 0.4695
vn -0.8152 0.5577 -0.1566
vn -0.0053 0.8714 -0.4905
vn 0.8260 -0.4757 0.3024
vn -0.8205 -0.5461 0.1687
vn -0.5810 0.7201 -0.3793
vn -0.0026 0.9702 -0.2422
vn 0.7072 -0.7070 0.0001
vn -0.8943 -0.4472 0.0150
vn -0.7139 0.6922 0.1058
vn 0.0043 0.9571 0.2896
vn -0.0060 -0.9006 -0.4345
vn -0.7478 -0.6016 -0.2809
vn -0.0112 -0.6176 -0.7864
vn -0.0111 -0.6176 -0.7864
vn -0.3274 -0.6506 0.6852
vn 0.0066 0.9030 0.4297
vn 0.0067 0.9029 0.4297
vn 0.0002 -0.9994 0.0357
vn 0.0003 0.9997 0.0245
vn 0.0158 0.0382 0.9991
vn 0.0001 -1.0000 0.0079
vn -0.0002 0.9994 -0.0342
vn 0.0065 0.2443 0.9697
vn 0.9999 0.0006 -0.0161
vn 0.9999 -0.0003 -0.0127
vn 0.3718 0.2394 -0.8969
vn 0.6079 -0.6267 -0.4876
vn -0.0027 -0.1392 -0.9903
vn -0.0026 -0.1393 -0.9902
vn 0.0071 0.5795 0.8149
vn 0.0071 0.5795 0.8150
vn 0.0070 0.5794 0.8150
vn 0.7072 0.6674 -0.2333
vn 0.8348 -0.5448 -0.0795
vn -0.0009 -0.9967 -0.0810
vn -0.0008 -0.9588 -0.2842
vn 0.7071 0.7042 -0.0642
vn 0.6103 -0.7658 0.2027
vn 0.5643 -0.8121 0.1485
vn 0.0017 -0.9657 0.2597
vn -0.0047 -0.9986 0.0521
vn -1.0000 0.0001 0.0020
vn -0.8008 0.5965 -0.0544
vn -1.0000 0.0001 0.0022
vn -0.5729 0.5085 -0.6429
vn -0.0011 0.9792 -0.2029
vn -0.0011 0.9185 -0.3955
vn -0.0116 -0.0911 -0.9958
vn -0.0057 -0.0963 -0.9953
vn -0.5729 0.5085 -0.6428
vn 0.6102 -0.7659 0.2028
vn 0.0007 -0.9972 0.0754
vn 0.0006 -0.9972 0.0752
vn -1.0000 -0.0001 0.0054
vn -0.0000 1.0000 -0.0052
vn 0.0001 1.0000 -0.0051
vn 0.9308 0.2874 -0.2259
vn 0.5843 -0.8098 -0.0525
vn 0.5529 0.8117 -0.1883
vn -0.1288 -0.9844 0.1199
vn -0.1286 -0.9844 0.1200
vn -0.6029 0.7942 -0.0752
vn -0.6029 0.7942 -0.0755
vn -0.9889 0.1483 0.0031
vn -0.9890 0.1481 0.0032
vn 0.2372 -0.1913 -0.9524
vn -0.4191 -0.0867 -0.9038
vn 0.4996 -0.2083 -0.8408
vn -0.7447 -0.0009 -0.6674
vn -0.7446 -0.0010 -0.6675
vn -0.9083 0.1935 0.3707
vn -0.9084 0.1935 0.3707
vn -0.9892 0.1461 0.0124
vn -0.9892 0.1463 0.0128
vn -0.2354 0.1939 0.9524
vn -0.4969 0.2115 0.8416
vn 0.5507 0.0604 0.8325
vn 0.2880 0.1148 0.9507
vn 0.9700 -0.1019 0.2208
vn 0.8851 -0.0514 0.4625
vn 0.8504 -0.2023 -0.4856
vn 0.9510 -0.1777 -0.2531
vn 0.1302 0.9797 -0.1523
vn 0.1303 0.9797 -0.1523
vn 0.1300 0.9795 -0.1540
vn 0.1292 0.9797 -0.1529
vn -0.1302 -0.9777 0.1645
vn -0.1291 -0.9778 0.1649
vn -0.1295 -0.9780 0.1635
vn -0.1303 -0.9777 0.1646
vn -0.1292 -0.9778 0.1650
vn -0.5779 0.6948 -0.4281
vn -0.4768 -0.4709 -0.7422
vn -0.8737 0.2029 0.4422
vn -0.4215 0.2085 0.8825
vn 0.1293 0.9797 -0.1529
vn 0.0374 0.2975 -0.9540
vn 0.0231 0.1598 0.9869
vn 0.0230 0.1597 0.9869
vn -0.1279 -0.9781 0.1644
vn -0.1247 -0.9473 -0.2951
vn -0.1280 -0.9781 0.1641
vn 0.9478 0.3118 -0.0667
vn 0.5610 0.8200 -0.1136
vn 0.6110 -0.7823 0.1210
vn 0.6055 -0.7854 0.1285
vn -0.1001 -0.9789 0.1784
vn -0.1136 -0.9756 0.1881
vn -0.6031 0.7935 -0.0812
vn -0.9892 0.1467 0.0032
vn -0.9890 0.1480 0.0032
vn -0.2911 -0.7482 -0.5962
vn 0.3609 0.6545 -0.6644
vn -0.0155 0.2464 -0.9690
vn -0.2911 -0.7481 -0.5963
vn 0.2221 -0.3274 0.9184
vn 0.0377 -0.8225 0.5675
vn 0.5271 0.3965 0.7516
vn 0.6737 0.6561 0.3400
vn 0.9937 -0.0463 -0.1016
vn 0.8784 0.1229 0.4619
vn 0.9567 0.0541 -0.2861
vn 0.9567 0.0540 -0.2860
vn 0.3924 -0.9152 0.0915
vn 0.3745 -0.9221 0.0972
vn 0.1903 -0.8966 -0.3997
vn -0.1025 -0.5290 -0.8424
vn -0.9468 0.2234 0.2316
vn -0.9222 0.2113 0.3240
vn -0.9432 0.2356 0.2342
vn -0.9394 0.2477 0.2368
vn 0.3608 0.6546 -0.6643
vn 0.5679 0.7992 -0.1969
vn 0.5481 0.7928 -0.2665
vn 0.5514 0.7895 -0.2696
vn 0.9752 -0.1403 -0.1712
vn 0.9669 -0.1725 -0.1882
vn 0.9752 -0.1402 -0.1712
vn 0.9752 -0.1401 -0.1712
vn 0.9744 -0.2001 0.1023
vn 0.9196 -0.3488 -0.1806
vn 0.4584 -0.8774 0.1413
vn 0.4408 -0.8821 0.1660
vn -0.9278 0.1630 0.3355
vn -0.9165 0.1673 0.3635
vn -0.8946 0.1722 0.4124
vn -0.8946 0.1720 0.4125
vn -0.9164 0.1673 0.3635
vn -0.9288 0.1181 0.3512
vn -0.9221 0.2112 0.3241
vn -0.9061 0.2380 0.3499
vn -0.9083 0.1008 0.4059
vn 0.5848 0.8013 -0.1262
vn 0.6420 0.7552 -0.1327
vn -0.2932 -0.1198 -0.9485
vn -0.1459 0.5611 -0.8148
vn 0.9103 -0.3537 -0.2151
vn 0.9744 -0.2001 0.1024
vn 0.9097 -0.3552 -0.2151
vn -0.9632 0.0819 0.2562
vn -0.9612 0.0603 0.2691
vn -0.1376 -0.9883 0.0658
vn 0.0741 0.9599 -0.2704
vn -0.1460 0.5610 -0.8148
vn -0.2974 -0.1220 -0.9469
vn -0.2974 -0.1221 -0.9469
vn 0.9882 -0.1271 -0.0852
vn 0.5138 -0.8315 0.2111
vn 0.5282 -0.6430 0.5546
vn 0.5282 -0.6429 0.5547
vn 0.4711 -0.8602 0.1954
vn -0.9545 0.1525 0.2563
vn -0.9545 0.1524 0.2564
vn 0.6534 0.7538 -0.0701
vn 0.6737 0.6562 0.3399
vn 0.6891 0.7233 -0.0449
vn 0.3187 0.5500 0.7719
vn 0.5283 -0.6429 0.5546
vn 0.3023 0.1252 0.9450
vn 0.3024 0.1253 0.9449
vn 0.9882 -0.1270 -0.0851
vn -0.9545 0.1524 0.2562
vn -0.1091 -0.9809 0.1610
vn 0.1090 0.9807 -0.1623
vn 0.1091 0.9807 -0.1624
vn 0.3188 0.5501 0.7719
vn 0.3021 0.1248 0.9451
vn 0.3021 0.1250 0.9451
vn -0.1824 -0.5776 -0.7957
vn 0.2254 0.4004 -0.8882
vn 0.2185 0.3997 -0.8902
vn -0.1666 -0.9678 -0.1886
vn 0.9123 -0.0519 0.4062
vn 0.9868 -0.1400 -0.0809
vn 0.9916 -0.1198 0.0480
vn 0.9123 -0.0518 0.4063
vn 0.9243 -0.1732 -0.3402
vn 0.9768 -0.1513 -0.1513
vn 0.9754 -0.1522 -0.1595
vn 0.0929 -0.7028 -0.7053
vn 0.2653 -0.9546 -0.1356
vn 0.2860 -0.9510 -0.1175
vn 0.0998 -0.7044 -0.7028
vn -0.9781 0.1515 0.1425
vn -0.9781 0.1515 0.1424
vn -0.9854 0.1444 0.0905
vn 0.4956 0.7701 -0.4017
vn 0.4831 0.7613 -0.4325
vn 0.9570 -0.1625 -0.2404
vn 0.9328 -0.1712 -0.3170
vn 0.2387 -0.9594 -0.1503
vn 0.2694 -0.9626 -0.0293
vn -0.9786 0.1508 0.1400
vn -0.9799 0.1033 -0.1709
vn -0.9898 0.1368 0.0385
vn -0.9854 0.1443 0.0905
vn 0.5007 0.7890 -0.3561
vn 0.4696 0.8040 -0.3647
vn -0.1480 -0.1299 -0.9804
vn 0.0508 0.8539 -0.5180
vn 0.9243 -0.1733 -0.3402
vn 0.9243 -0.1733 -0.3401
vn 0.9243 -0.1735 -0.3399
vn -0.9781 0.1516 0.1425
vn -0.9782 0.1513 0.1425
vn -0.0885 -0.1399 -0.9862
vn -0.0884 -0.1400 -0.9862
vn 0.0508 0.8539 -0.5179
vn 0.1327 0.9889 -0.0675
vn 0.1252 0.9894 -0.0732
vn -0.1667 -0.9678 -0.1886
vn -0.1049 -0.9514 0.2896
vn -0.0971 -0.9505 0.2951
vn -0.9788 0.1507 0.1386
vn -0.9788 0.1506 0.1385
vn -0.9789 0.1504 0.1383
vn 0.2694 -0.9626 -0.0292
vn 0.2822 -0.9366 0.2078
vn 0.5039 0.8574 -0.1046
vn 0.0034 -0.8902 0.4556
vn 0.0604 0.1285 0.9899
vn 0.0606 0.1287 0.9898
vn 0.7837 -0.6210 0.0104
vn 0.4249 -0.9019 0.0777
vn 0.9370 0.2974 -0.1830
vn 0.8055 0.5547 -0.2085
vn -0.6202 -0.7682 0.1588
vn -0.7476 -0.6449 0.1588
vn -0.9891 0.1332 0.0627
vn -0.9867 0.1356 0.0894
vn 0.2059 0.9441 -0.2574
vn 0.8055 0.5546 -0.2086
vn 0.1929 0.9525 -0.2355
vn 0.8342 0.3819 -0.3979
vn 0.9701 -0.1429 -0.1962
vn 0.9698 -0.1441 -0.1966
vn 0.6884 -0.6690 -0.2802
vn 0.0594 -0.9833 0.1722
vn -0.0889 -0.9239 0.3721
vn -0.0750 -0.9240 0.3750
vn -0.6337 -0.7285 0.2603
vn 0.0594 -0.9833 0.1721
vn -0.9627 0.1514 0.2242
vn -0.8825 0.1738 0.4370
vn -0.8852 0.1692 0.4334
vn 0.2358 0.9634 -0.1274
vn 0.4745 0.8256 -0.3053
vn 0.8642 0.2194 -0.4528
vn 0.8242 -0.5313 -0.1959
vn 0.0861 -0.9962 0.0096
vn -0.9486 -0.3166 0.0002
vn -0.9925 0.1212 -0.0178
vn 0.7846 0.5528 -0.2808
vn 0.6385 -0.7694 -0.0158
vn -0.7649 -0.6437 0.0247
vn -0.9923 0.1236 -0.0080
vn -0.0377 0.9241 -0.3803
vn 0.2715 0.8948 -0.3544
vn 0.2716 0.8948 -0.3544
vn 0.2109 0.8349 -0.5084
vn 0.2455 0.9406 -0.2343
vn 0.2109 0.9593 -0.1878
vn 0.2357 0.9634 -0.1273
vn 0.0290 0.9959 0.0857
vn 0.1185 0.9871 0.1075
vn 0.2525 -0.9672 -0.0288
vn 0.0154 0.9770 -0.2126
vn 0.2715 0.8948 -0.3543
vn -0.0329 0.9692 -0.2440
vn 0.3661 -0.5516 0.7495
vn 0.1953 0.8531 0.4838
vn 0.0430 0.7191 0.6936
vn 0.4971 -0.4885 0.7171
vn 0.4937 0.8628 -0.1091
vn 0.8413 0.4000 0.3636
vn 0.7928 0.6095 0.0040
vn 0.5137 0.8502 -0.1152
vn 0.2127 0.9767 -0.0270
vn 0.8194 0.4419 0.3651
vn 0.7775 -0.5032 0.3771
vn 0.6892 0.1287 0.7130
vn 0.4206 0.2238 0.8792
vn 0.7091 0.0336 0.7044
vn 0.1349 0.9908 -0.0063
vn 0.1243 0.9914 -0.0406
vn 0.1133 0.9907 -0.0749
vn -0.0537 0.9956 0.0762
vn -0.0644 0.9972 0.0389
vn 0.7836 0.5879 -0.2007
vn 0.6735 0.7028 -0.2289
vn 0.6682 0.6480 -0.3656
vn 0.6645 0.6914 -0.2836
vn 0.2858 0.6468 -0.7070
vn 0.3838 0.7580 -0.5274
vn 0.5936 0.7091 -0.3806
vn 0.9958 0.0657 0.0633
vn 0.8806 0.1245 -0.4572
vn 0.9405 0.0273 -0.3387
vn 0.9958 0.0656 0.0632
vn -0.5683 0.3554 0.7421
vn -0.2921 0.4399 0.8492
vn 0.1378 0.5940 0.7926
vn -0.1857 0.2382 0.9533
vn -0.2916 0.3814 0.8772
vn -0.8845 0.3100 0.3487
vn -0.0000 0.9997 -0.0230
vn -0.0011 0.9993 -0.0366
vn 0.0005 0.9994 -0.0332
vn -0.0005 0.9998 -0.0215
vn 0.0005 0.9992 -0.0389
vn -0.0002 0.9997 -0.0227
vn -0.0004 0.9998 -0.0215
vn 0.0005 0.9989 -0.0478
vn 0.0033 0.9989 -0.0461
vn 0.1197 0.6245 -0.7718
vn 0.2401 0.7725 -0.5879
vn 0.5587 0.2881 0.7777
vn 0.5254 0.0847 0.8466
vn 0.0259 0.9949 -0.0976
vn -0.0532 0.9895 -0.1342
vn 0.2897 0.9498 -0.1180
vn 0.2844 0.9525 -0.1087
vn 0.6278 0.7753 -0.0687
vn 0.1163 0.9902 -0.0779
vn 0.7144 0.6974 -0.0568
vn -0.0729 0.5421 -0.8372
vn 0.1196 0.6244 -0.7719
vn -0.0370 0.3676 -0.9292
vn -0.0821 0.1976 -0.9768
vn -0.0729 0.5420 -0.8372
vn -0.8312 0.5294 -0.1698
vn -0.6027 0.7951 -0.0677
vn -0.9999 0.0026 -0.0153
vn -0.9880 0.0069 -0.1543
vn -0.3348 0.6492 0.6830
vn -0.4271 0.4599 0.7785
vn -0.1608 0.9630 0.2162
vn 0.0048 0.9963 0.0853
vn -0.7492 0.6504 0.1255
vn -0.6636 0.7016 0.2597
vn -0.4506 0.4772 0.7545
vn -0.3451 0.7596 0.5513
vn -0.4817 0.2338 0.8446
vn -0.8304 0.2637 0.4908
vn 0.4205 0.2238 0.8793
vn 0.1259 0.2922 0.9480
vn 0.1117 0.2753 0.9548
vn 0.4205 0.2239 0.8792
vn -0.9765 0.2154 -0.0066
vn 0.2965 0.0583 0.9533
vn 0.3100 0.0320 0.9502
vn 0.5673 0.6061 0.5575
vn -0.0099 0.9992 -0.0396
vn -0.9193 0.2766 -0.2799
vn -0.7877 0.1841 -0.5878
vn -0.9172 0.2290 -0.3261
vn -0.9243 0.2327 -0.3024
vn -0.1418 0.7689 -0.6234
vn -0.0181 0.7394 -0.6730
vn -0.0716 -0.9974 -0.0118
vn 0.1156 -0.9891 -0.0915
vn -0.0248 -0.9997 0.0002
vn 0.0410 0.0091 0.9991
vn -0.1043 -0.1234 0.9869
vn 0.3756 0.0747 0.9238
vn 0.3648 0.0213 0.9308
vn 0.5437 0.0030 0.8393
vn 0.9781 0.0042 0.2081
vn 0.7002 0.0475 -0.7123
vn 0.6707 0.3059 -0.6758
vn 0.6827 0.4619 -0.5662
vn 0.7032 0.0524 -0.7091
vn -0.9172 0.2289 -0.3261
vn -0.9765 0.2154 -0.0067
vn -0.9095 0.2295 -0.3467
vn -0.9172 0.2245 -0.3291
vn 0.2533 -0.2952 0.9213
vn 0.0998 -0.2587 0.9608
vn 0.1327 -0.6242 0.7699
vn 0.1323 -0.7512 0.6466
vn 0.2455 -0.1858 0.9514
vn 0.3833 -0.7127 0.5875
vn 0.1768 -0.4728 0.8633
vn 0.4265 -0.3069 0.8508
vn 0.6339 -0.1181 0.7644
vn 0.3725 -0.0354 0.9274
vn 0.0056 0.9989 -0.0460
vn -0.8077 -0.3886 -0.4434
vn -0.6745 0.5790 -0.4580
vn -0.5877 0.4632 -0.6634
vn -0.5470 -0.3415 -0.7643
vn -0.6128 0.4590 0.6433
vn -0.8054 0.2590 0.5331
vn -0.3282 0.1255 0.9362
vn -0.2002 0.3471 0.9162
vn -0.9505 0.3061 0.0532
vn -0.8845 0.2902 -0.3653
vn -0.9110 0.0476 -0.4097
vn -0.9975 0.0702 -0.0113
vn 0.3678 -0.4219 0.8287
vn 0.2458 0.0158 0.9692
vn 0.9686 0.0484 0.2440
vn 0.9036 0.3069 0.2989
vn 0.9036 0.3070 0.2989
vn 0.9907 -0.0002 0.1359
vn 0.9566 -0.0055 0.2915
vn -0.1585 -0.4253 0.8911
vn 0.0997 -0.2587 0.9608
vn -0.2185 -0.5976 0.7715
vn -0.3251 -0.5859 0.7423
vn 0.7121 -0.0736 0.6982
vn -0.3902 0.1931 0.9002
vn 0.4672 -0.0167 0.8840
vn -0.6927 0.0592 0.7188
vn 0.8661 -0.4871 -0.1123
vn 0.4971 -0.4886 0.7171
vn 0.8259 -0.5627 -0.0369
vn 0.9964 -0.0549 -0.0650
vn 0.9963 -0.0575 -0.0635
vn 0.9797 -0.1961 0.0412
vn 0.8194 0.4420 0.3651
vn 0.9940 -0.1079 0.0191
vn 0.5809 0.8030 -0.1332
vn 0.5673 0.6060 0.5576
vn 0.7068 0.6818 -0.1889
vn 0.6907 0.7196 -0.0714
vn 0.5810 0.8030 -0.1332
vn 0.6772 0.7201 -0.1514
vn 0.5809 0.8030 -0.1333
vn 0.6862 0.6294 -0.3648
vn 0.0755 -0.0676 0.9949
vn 0.7087 0.0695 0.7021
vn -0.2299 0.6982 0.6780
vn 0.1013 -0.0700 0.9924
vn 0.7975 0.4593 -0.3911
vn 0.8159 0.0816 0.5725
vn 0.9958 0.0656 0.0633
vn 0.8942 -0.0007 0.4478
vn 0.4455 0.8777 -0.1765
vn 0.3938 0.9167 -0.0679
vn 0.3850 0.9062 -0.1750
vn 0.8263 0.5267 0.1994
vn 0.8647 0.4819 -0.1419
vn 0.5977 0.6633 -0.4504
vn 0.4185 0.0865 0.9041
vn 0.9230 0.1765 0.3418
vn 0.3787 0.9073 -0.1826
vn 0.4625 -0.7520 0.4697
vn -0.5978 -0.8016 -0.0086
vn -0.5820 -0.8122 -0.0415
vn -0.6700 0.7394 0.0662
vn -0.6968 0.7016 0.1493
vn -0.2298 0.6982 0.6780
vn 0.2947 0.0884 0.9515
vn 0.3219 0.0360 0.9461
vn 0.2626 -0.9600 -0.0967
vn -0.6026 -0.0178 0.7978
vn -0.6430 -0.0395 0.7648
vn 0.3310 0.2129 0.9193
vn 0.1910 0.1459 0.9707
vn 0.0476 0.0757 0.9960
vn 0.6718 -0.0067 0.7407
vn 0.6406 0.0117 0.7678
vn 0.3768 0.0385 0.9255
vn 0.1298 0.3327 0.9340
vn 0.3032 0.1710 0.9374
vn 0.5625 0.6208 0.5461
vn -0.2639 0.8426 0.4695
vn 0.9550 0.0989 0.2798
vn 0.5625 0.6208 0.5460
vn 0.9515 0.1864 0.2447
vn 0.0105 0.9997 0.0220
vn 0.0109 0.9997 0.0207
vn -0.4623 0.8865 0.0198
vn -0.8691 0.4925 0.0464
vn -0.3002 0.9538 0.0136
vn -0.4655 0.8847 0.0247
vn 0.0539 0.9985 -0.0052
vn 0.4828 0.8701 0.0990
vn 0.0551 0.9819 0.1810
vn -0.9694 0.2367 0.0643
vn -0.9701 0.2364 0.0553
vn -0.8691 0.4924 0.0464
vn -0.9688 0.2404 0.0597
vn 0.0390 0.0442 0.9983
vn -0.6127 0.4589 0.6434
vn -0.9509 0.2949 -0.0937
vn -0.9540 0.2871 -0.0869
vn -0.2638 0.8426 0.4695
vn -0.6241 0.7772 -0.0801
vn -0.6313 0.7723 -0.0711
vn -0.0006 0.9988 -0.0489
vn -0.6301 -0.5570 0.5411
vn -0.6903 -0.7235 -0.0059
vn -0.3507 -0.9355 -0.0435
vn -0.8199 0.4271 0.3814
vn -0.4224 0.9064 0.0001
vn -0.3119 -0.8706 -0.3806
vn -0.9295 -0.0563 0.3645
vn 0.4089 0.5195 0.7503
vn 0.8266 0.3746 0.4201
vn 0.3205 0.9442 0.0758
vn 0.3431 0.9393 -0.0044
vn 0.8685 0.0310 -0.4948
vn 0.4728 0.8781 -0.0733
vn 0.4566 0.6983 -0.5512
vn 0.0691 0.3678 -0.9273
vn -0.2056 0.9654 -0.1604
vn -0.7016 0.6072 0.3729
vn -0.1611 0.9869 0.0093
vn -0.7015 0.6072 0.3729
vn -0.9990 -0.0056 0.0454
vn -0.5005 -0.0000 0.8657
vn -0.4796 0.0237 0.8772
vn -0.7016 0.6072 0.3728
vn -0.9233 -0.0145 -0.3838
vn -0.9270 0.0013 -0.3750
vn -0.9067 -0.0078 -0.4217
vn -0.9592 0.0135 -0.2823
vn -0.9613 0.0161 -0.2751
vn -0.3007 0.7926 0.5304
vn -0.0358 0.9851 0.1680
vn -0.3358 0.9359 0.1067
vn -0.1078 0.9812 -0.1603
vn -0.0526 0.9838 -0.1714
vn -0.6225 -0.0399 0.7816
vn -0.6801 0.1362 0.7204
vn -0.4973 0.2440 0.8326
vn -0.8092 -0.2456 0.5338
vn -0.8923 -0.0262 -0.4506
vn -0.8786 -0.0789 -0.4710
vn -0.9067 -0.0079 -0.4217
vn -0.8987 0.0013 -0.4385
vn -0.2019 0.9656 -0.1638
vn -0.7144 0.2024 -0.6698
vn -0.7877 0.1841 -0.5879
vn -0.0110 0.8083 -0.5887
vn -0.2471 0.8391 -0.4845
vn -0.5876 0.4632 -0.6634
vn -0.7886 -0.0551 -0.6124
vn -0.8275 -0.1828 -0.5308
vn -0.9045 -0.0268 -0.4256
vn -0.3845 -0.0183 -0.9229
vn -0.5469 -0.3415 -0.7644
vn -0.4379 0.0732 -0.8960
vn -0.7886 -0.0550 -0.6125
vn -0.6614 -0.0340 -0.7493
vn -0.7095 0.0271 -0.7042
vn 0.8597 0.4644 -0.2128
vn 0.6279 0.7753 -0.0687
vn 0.8886 0.4526 -0.0743
vn 0.8759 0.4825 0.0006
vn 0.5446 0.6623 -0.5146
vn 0.9724 -0.0158 -0.2327
vn -0.0174 0.0005 -0.9998
vn -0.0175 0.0004 -0.9998
vn -0.0179 -0.0021 -0.9998
vn 0.2294 0.8462 -0.4810
vn 0.5307 0.7457 -0.4029
vn 0.7797 0.5944 -0.1968
vn 0.5937 0.7091 -0.3805
vn 0.3680 -0.2327 -0.9002
vn 0.6811 -0.1162 -0.7229
vn 0.7280 0.4172 -0.5440
vn 0.8588 0.4659 -0.2129
vn 0.1828 0.6975 -0.6929
vn 0.2828 0.6413 -0.7133
vn -0.4382 0.4945 0.7506
vn -0.3451 0.7595 0.5513
vn -0.7877 0.1842 -0.5879
vn -0.7630 0.3149 -0.5646
vn -0.4228 -0.7860 -0.4511
vn 0.9451 0.0019 -0.3267
vn 0.6858 0.5210 -0.5082
vn 0.4622 0.8850 0.0550
vn 0.3598 0.9330 0.0054
vn 0.8632 0.5022 -0.0507
vn 0.8627 0.5043 -0.0367
vn 0.7145 0.6974 -0.0568
vn 0.9915 -0.0018 0.1299
vn 0.2832 -0.0000 -0.9591
vn 0.9915 -0.0003 0.1298
vn 0.5418 -0.0109 0.8404
vn 0.0235 -0.0000 0.9997
vn 0.8737 -0.0131 0.4864
vn -0.0173 0.0005 -0.9998
vn -0.0178 -0.0020 -0.9998
vn -0.6069 -0.0013 -0.7948
vn 0.3059 0.9415 0.1414
vn -0.9599 -0.0005 -0.2802
vn -0.6068 -0.0013 -0.7948
vn -0.9590 0.0001 -0.2833
vn 0.0348 -0.7188 0.6944
vn 0.2085 -0.8507 0.4825
vn 0.3447 0.5493 0.7612
vn 0.4998 0.4857 0.7172
vn 0.4937 -0.8628 -0.1091
vn 0.7928 -0.6095 0.0040
vn 0.8413 -0.4000 0.3636
vn 0.2128 -0.9767 -0.0270
vn 0.5137 -0.8502 -0.1152
vn 0.8376 -0.4213 0.3477
vn 0.7542 0.5235 0.3964
vn 0.6879 -0.1306 0.7140
vn 0.7060 -0.0355 0.7073
vn 0.4170 -0.2280 0.8798
vn 0.1739 -0.9803 -0.0938
vn 0.1880 -0.9810 -0.0488
vn 0.1880 -0.9810 -0.0487
vn 0.2017 -0.9794 -0.0036
vn -0.0743 -0.9940 0.0804
vn -0.0960 -0.9943 0.0463
vn 0.6682 -0.6480 -0.3656
vn 0.6735 -0.7028 -0.2289
vn 0.7836 -0.5879 -0.2007
vn 0.6645 -0.6914 -0.2836
vn 0.2859 -0.6469 -0.7070
vn 0.5936 -0.7091 -0.3806
vn 0.3838 -0.7580 -0.5274
vn 0.9405 -0.0273 -0.3387
vn 0.8806 -0.1245 -0.4572
vn 0.1378 -0.5940 0.7926
vn -0.2921 -0.4399 0.8492
vn -0.5683 -0.3554 0.7421
vn -0.2916 -0.3814 0.8772
vn -0.1857 -0.2382 0.9533
vn -0.8845 -0.3100 0.3487
vn -0.0000 -0.9997 -0.0230
vn -0.0005 -0.9998 -0.0215
vn 0.0005 -0.9994 -0.0332
vn -0.0011 -0.9993 -0.0366
vn -0.0002 -0.9997 -0.0227
vn 0.0005 -0.9992 -0.0389
vn 0.0033 -0.9989 -0.0461
vn 0.0005 -0.9989 -0.0478
vn 0.1197 -0.6245 -0.7718
vn 0.2401 -0.7725 -0.5879
vn 0.5579 -0.2936 0.7763
vn 0.5254 -0.0847 0.8466
vn 0.2897 -0.9498 -0.1179
vn -0.0533 -0.9895 -0.1342
vn 0.0260 -0.9949 -0.0976
vn 0.6278 -0.7753 -0.0687
vn 0.2845 -0.9525 -0.1087
vn 0.1163 -0.9901 -0.0780
vn 0.7144 -0.6974 -0.0568
vn -0.0370 -0.3677 -0.9292
vn 0.1196 -0.6245 -0.7718
vn -0.0729 -0.5421 -0.8372
vn -0.0821 -0.1976 -0.9768
vn -0.8312 -0.5294 -0.1697
vn -0.9999 -0.0029 -0.0161
vn -0.9999 -0.0024 -0.0149
vn -0.6028 -0.7950 -0.0678
vn -0.8312 -0.5294 -0.1698
vn -0.4271 -0.4599 0.7785
vn -0.3348 -0.6492 0.6830
vn -0.1608 -0.9630 0.2162
vn 0.0048 -0.9963 0.0853
vn -0.7492 -0.6504 0.1254
vn -0.6636 -0.7016 0.2597
vn -0.4506 -0.4771 0.7545
vn -0.4817 -0.2337 0.8446
vn -0.3451 -0.7595 0.5514
vn -0.8304 -0.2637 0.4908
vn 0.4169 -0.2280 0.8799
vn 0.1054 -0.2748 0.9557
vn 0.1257 -0.2996 0.9457
vn -0.9765 -0.2154 -0.0066
vn 0.2964 -0.0582 0.9533
vn 0.5673 -0.6061 0.5576
vn 0.3100 -0.0321 0.9502
vn -0.0099 -0.9992 -0.0396
vn -0.9193 -0.2766 -0.2799
vn -0.7878 -0.1841 -0.5878
vn -0.9243 -0.2327 -0.3024
vn -0.9172 -0.2290 -0.3261
vn -0.1418 -0.7689 -0.6234
vn -0.0729 -0.5421 -0.8371
vn -0.0181 -0.7394 -0.6730
vn -0.0164 0.9992 0.0357
vn 0.1269 0.9890 -0.0755
vn -0.2082 0.9780 -0.0144
vn 0.3648 -0.0213 0.9308
vn 0.3756 -0.0747 0.9238
vn -0.1257 0.1734 0.9768
vn 0.3857 -0.0421 0.9217
vn 0.9781 -0.0042 0.2081
vn 0.7032 -0.0525 -0.7091
vn 0.6827 -0.4618 -0.5663
vn 0.6827 -0.4619 -0.5662
vn 0.6707 -0.3059 -0.6758
vn 0.7086 -0.0448 -0.7042
vn -0.9172 -0.2289 -0.3261
vn -0.9172 -0.2245 -0.3291
vn -0.9095 -0.2295 -0.3467
vn -0.9765 -0.2154 -0.0067
vn 0.2533 0.2952 0.9213
vn 0.1323 0.7512 0.6467
vn 0.1328 0.6241 0.7699
vn 0.1995 0.1636 0.9661
vn 0.2533 0.2951 0.9213
vn 0.2455 0.1858 0.9514
vn 0.4265 0.3070 0.8508
vn 0.1768 0.4727 0.8633
vn 0.3832 0.7127 0.5875
vn 0.3725 0.0354 0.9274
vn 0.6339 0.1181 0.7643
vn 0.0056 -0.9989 -0.0460
vn -0.5877 -0.4632 -0.6634
vn -0.6745 -0.5790 -0.4580
vn -0.8077 0.3886 -0.4434
vn -0.5470 0.3415 -0.7643
vn -0.6127 -0.4590 0.6433
vn -0.2002 -0.3471 0.9162
vn -0.3277 -0.1256 0.9364
vn -0.3289 -0.1254 0.9360
vn -0.6128 -0.4590 0.6433
vn -0.9505 -0.3061 0.0532
vn -0.8955 -0.0598 -0.4410
vn -0.9252 -0.0354 -0.3777
vn -0.8845 -0.2902 -0.3654
vn 0.3678 0.4219 0.8287
vn 0.1760 0.0122 0.9843
vn 0.2458 -0.0158 0.9692
vn 0.9036 -0.3069 0.2989
vn 0.9686 -0.0484 0.2440
vn 0.9566 0.0055 0.2915
vn -0.3251 0.5858 0.7424
vn -0.1258 0.1734 0.9768
vn -0.3544 0.5812 0.7325
vn -0.1048 0.4676 0.8777
vn 0.7121 0.0737 0.6982
vn -0.3902 -0.1931 0.9003
vn -0.0071 -0.0016 1.0000
vn 0.0321 -0.0140 0.9994
vn -0.3901 -0.1930 0.9003
vn 0.4998 0.4856 0.7172
vn 0.8661 0.4871 -0.1123
vn 0.8259 0.5627 -0.0369
vn 0.7121 0.0736 0.6982
vn 0.9963 0.0575 -0.0635
vn 0.9964 0.0521 -0.0667
vn -0.9047 -0.0669 0.4207
vn -0.9505 -0.3061 0.0533
vn -0.9034 -0.0710 0.4229
vn 0.8376 -0.4214 0.3477
vn 0.9797 0.1961 0.0412
vn 0.9940 0.1079 0.0191
vn 0.2388 -0.9706 -0.0310
vn 0.7068 -0.6818 -0.1889
vn 0.5673 -0.6060 0.5576
vn 0.5809 -0.8030 -0.1332
vn 0.5809 -0.8030 -0.1333
vn 0.6907 -0.7196 -0.0714
vn 0.6862 -0.6294 -0.3648
vn 0.6772 -0.7201 -0.1514
vn -0.2299 -0.6982 0.6780
vn 0.7087 -0.0694 0.7021
vn 0.0754 0.0677 0.9949
vn 0.1012 0.0700 0.9924
vn 0.7975 -0.4593 -0.3911
vn 0.8942 0.0007 0.4477
vn 0.8159 -0.0816 0.5725
vn 0.3938 -0.9167 -0.0678
vn 0.4455 -0.8777 -0.1765
vn 0.3850 -0.9062 -0.1751
vn 0.8263 -0.5267 0.1994
vn 0.8647 -0.4819 -0.1419
vn 0.5976 -0.6633 -0.4504
vn 0.6879 -0.1307 0.7140
vn 0.9230 -0.1765 0.3418
vn 0.4186 -0.0865 0.9041
vn 0.3787 -0.9073 -0.1826
vn 0.4624 0.7521 0.4696
vn -0.5820 0.8122 -0.0415
vn -0.5978 0.8016 -0.0086
vn -0.6968 -0.7016 0.1492
vn -0.6700 -0.7394 0.0662
vn 0.2947 -0.0883 0.9515
vn 0.3219 -0.0361 0.9461
vn 0.2626 0.9600 -0.0967
vn -0.6430 0.0395 0.7648
vn -0.6026 0.0178 0.7978
vn 0.3310 -0.2129 0.9193
vn 0.1910 -0.1459 0.9707
vn 0.0475 -0.0757 0.9960
vn 0.6406 -0.0117 0.7678
vn 0.6718 0.0068 0.7407
vn 0.5625 -0.6208 0.5461
vn 0.3033 -0.1710 0.9374
vn 0.1298 -0.3327 0.9340
vn -0.2639 -0.8426 0.4695
vn 0.5625 -0.6208 0.5460
vn 0.9550 -0.0990 0.2798
vn 0.9515 -0.1864 0.2447
vn 0.5625 -0.6209 0.5461
vn 0.0109 -0.9997 0.0208
vn 0.0105 -0.9997 0.0220
vn -0.4655 -0.8847 0.0247
vn -0.2114 -0.9773 0.0101
vn -0.2114 -0.9774 0.0101
vn -0.7859 -0.6169 0.0423
vn -0.4624 -0.8865 0.0198
vn 0.0551 -0.9819 0.1810
vn 0.9035 -0.3070 0.2989
vn 0.7203 -0.6868 0.0974
vn 0.7202 -0.6869 0.0973
vn 0.0539 -0.9985 -0.0052
vn 0.9658 0.0240 0.2581
vn -0.9688 -0.2404 0.0597
vn -0.7859 -0.6168 0.0423
vn -0.9694 -0.2367 0.0643
vn 0.0772 -0.0617 0.9951
vn 0.3725 0.0353 0.9274
vn 0.0006 -0.0267 0.9996
vn -0.9540 -0.2871 -0.0869
vn -0.9509 -0.2949 -0.0937
vn -0.6313 -0.7723 -0.0711
vn -0.6241 -0.7772 -0.0801
vn -0.2638 -0.8426 0.4695
vn -0.0006 -0.9988 -0.0489
vn -0.6301 0.5570 0.5411
vn -0.3507 0.9355 -0.0435
vn -0.6903 0.7235 -0.0059
vn -0.8199 -0.4270 0.3814
vn -0.4224 -0.9064 0.0001
vn -0.3119 0.8706 -0.3806
vn -0.9295 0.0563 0.3645
vn 0.4089 -0.5195 0.7503
vn 0.3431 -0.9393 -0.0044
vn 0.3204 -0.9442 0.0758
vn 0.8266 -0.3746 0.4201
vn 0.6888 -0.0453 -0.7236
vn 0.6707 -0.3058 -0.6758
vn 0.6981 -0.0272 -0.7155
vn 0.4728 -0.8781 -0.0733
vn 0.4566 -0.6983 -0.5513
vn 0.0692 -0.3678 -0.9273
vn -0.2056 -0.9654 -0.1604
vn -0.7016 -0.6072 0.3729
vn -0.1611 -0.9869 0.0093
vn -0.7016 -0.6073 0.3729
vn -0.4796 -0.0237 0.8772
vn -0.9233 0.0145 -0.3838
vn -0.9270 -0.0013 -0.3750
vn -0.9613 -0.0161 -0.2751
vn -0.9571 -0.0108 -0.2895
vn -0.3007 -0.7926 0.5304
vn -0.3451 -0.7596 0.5513
vn -0.3358 -0.9359 0.1067
vn -0.3452 -0.7596 0.5513
vn -0.0358 -0.9851 0.1680
vn -0.6746 -0.5790 -0.4580
vn -0.0526 -0.9838 -0.1714
vn -0.1078 -0.9812 -0.1603
vn -0.6225 0.0399 0.7816
vn -0.4973 -0.2440 0.8326
vn -0.6801 -0.1362 0.7204
vn -0.8092 0.2456 0.5338
vn -0.8987 -0.0013 -0.4385
vn -0.8923 0.0262 -0.4506
vn -0.2019 -0.9656 -0.1638
vn -0.7145 -0.2025 -0.6697
vn -0.7877 -0.1841 -0.5879
vn -0.5877 -0.4633 -0.6633
vn -0.2472 -0.8391 -0.4845
vn -0.0111 -0.8083 -0.5887
vn -0.7886 0.0550 -0.6124
vn -0.9045 0.0268 -0.4256
vn -0.8275 0.1828 -0.5308
vn -0.7886 0.0551 -0.6124
vn -0.5469 0.3415 -0.7644
vn -0.3846 0.0183 -0.9229
vn -0.4379 -0.0731 -0.8960
vn -0.7886 0.0550 -0.6125
vn -0.7095 -0.0271 -0.7042
vn -0.6614 0.0341 -0.7493
vn 0.8588 -0.4659 -0.2128
vn 0.8886 -0.4526 -0.0743
vn 0.6279 -0.7753 -0.0687
vn 0.8759 -0.4825 0.0006
vn 0.5445 -0.6624 -0.5146
vn -0.0173 0.0004 -0.9998
vn -0.0176 -0.0007 -0.9998
vn 0.5446 -0.6623 -0.5145
vn -0.0179 0.0021 -0.9998
vn 0.2294 -0.8462 -0.4810
vn 0.5937 -0.7091 -0.3805
vn 0.7797 -0.5944 -0.1968
vn 0.5308 -0.7457 -0.4029
vn 0.3680 0.2327 -0.9002
vn 0.6811 0.1162 -0.7229
vn 0.7280 -0.4172 -0.5440
vn 0.8588 -0.4659 -0.2129
vn 0.2828 -0.6413 -0.7133
vn 0.1828 -0.6975 -0.6929
vn -0.4382 -0.4945 0.7506
vn -0.7877 -0.1842 -0.5879
vn -0.7630 -0.3149 -0.5646
vn -0.4228 0.7860 -0.4511
vn 0.9966 -0.0127 0.0809
vn 0.7976 -0.4593 -0.3911
vn 0.6857 -0.5211 -0.5082
vn 0.9956 0.0097 0.0929
vn 0.4622 -0.8851 0.0550
vn 0.3598 -0.9330 0.0054
vn 0.6857 -0.5210 -0.5083
vn 0.8632 -0.5022 -0.0508
vn 0.8627 -0.5043 -0.0367
vn 0.2812 -0.0016 -0.9596
vn 0.6857 -0.5210 -0.5082
vn 0.6858 -0.5211 -0.5082
vn 0.0238 -0.0000 0.9997
vn 0.0278 0.0028 0.9996
vn 0.8266 -0.3745 0.4201
vn 0.7347 0.0119 0.6783
vn 0.7476 0.0157 0.6640
vn -0.0178 0.0020 -0.9998
vn -0.0174 0.0004 -0.9998
vn 0.9637 0.0136 0.2668
vn 0.5445 -0.6623 -0.5146
vn 0.9607 0.0181 0.2768
vn 0.3059 -0.9415 0.1413
vn -0.9590 -0.0001 -0.2833
vn -0.9599 -0.0006 -0.2802
vn -0.6862 0.7267 0.0317
vn -0.1205 0.9927 0.0066
vn 0.8947 0.4467 -0.0047
vn 0.9989 0.0383 -0.0280
vn -0.9708 0.2357 0.0455
vn -0.2989 -0.9542 0.0137
vn -0.8701 -0.4912 0.0408
vn 0.4800 -0.8773 0.0062
vn 0.9996 0.0068 -0.0280
vn 0.9992 -0.0367 0.0161
vn -0.9707 -0.2361 0.0453
vn 0.9771 -0.0047 0.2126
vn 0.9771 0.0047 0.2126
vn 0.6904 -0.3279 -0.6448
vn 0.1486 -0.2742 -0.9501
vn 0.1488 -0.2705 -0.9511
vn 0.7634 0.0387 -0.6448
vn 0.9792 0.1897 0.0727
vn 0.9399 -0.2683 0.2113
vn 0.0779 0.8459 -0.5277
vn 0.7141 0.6493 -0.2617
vn 0.3859 0.7539 -0.5317
vn 0.0397 0.9593 -0.2797
vn -0.9608 -0.2159 -0.1739
vn -0.9263 0.2382 -0.2920
vn -0.9850 0.0097 -0.1722
vn -0.9850 0.0097 -0.1721
vn 0.4368 -0.8956 0.0840
vn -0.6120 -0.7827 -0.1134
vn -0.3560 -0.9104 0.2108
vn 0.6178 -0.7857 -0.0307
vn 0.9826 0.1452 -0.1160
vn 0.9390 -0.3437 0.0092
vn 0.5092 0.6601 -0.5523
vn -0.0023 0.7756 -0.6312
vn -0.8669 -0.3592 -0.3456
vn -0.7870 0.2787 -0.5504
vn -0.2614 -0.9443 -0.1998
vn 0.5261 -0.8488 -0.0530
vn 0.1484 -0.2834 -0.9474
vn 0.1484 -0.2836 -0.9474
vn -0.8670 -0.4983 -0.0002
vn -0.8219 0.4914 -0.2880
vn -0.9263 0.2383 -0.2920
vn -0.8225 0.4904 -0.2880
vn -0.7204 0.3631 -0.5910
vn -0.7870 0.2788 -0.5504
vn -0.6774 0.4262 -0.5995
vn 0.8445 0.3095 0.4370
vn 0.6648 0.3506 0.6597
vn 0.6498 0.0163 0.7599
vn 0.8735 -0.1532 0.4620
vn 0.6379 0.7380 0.2200
vn 0.1978 0.9802 0.0056
vn 0.3386 0.8601 0.3816
vn -0.9184 -0.1634 0.3603
vn -0.7463 -0.1693 0.6437
vn -0.7404 0.4622 0.4880
vn -0.9362 0.3514 -0.0100
vn -0.6596 -0.6790 0.3223
vn -0.1892 -0.8613 0.4716
vn -0.3770 -0.6515 0.6583
vn 0.3089 -0.5401 0.7828
vn 0.5866 -0.5552 0.5896
vn -0.7048 0.6310 0.3241
vn -0.7172 0.6966 -0.0174
vn 0.9889 0.1489 0.0013
vn 0.9711 -0.2367 0.0306
vn -0.1053 0.9169 -0.3850
vn -0.1565 0.9873 -0.0258
vn 0.2751 0.8967 -0.3468
vn 0.8077 0.5632 -0.1745
vn -0.8766 -0.3972 -0.2715
vn -0.8325 0.2704 -0.4836
vn -0.1707 -0.9753 0.1400
vn 0.2038 -0.9600 0.1921
vn 0.1563 -0.8375 0.5236
vn -0.5671 -0.8201 -0.0763
vn 0.7568 -0.6296 0.1756
vn -0.6584 0.5159 -0.5481
vn -0.6641 0.4114 -0.6243
vn -0.3508 0.8845 -0.3076
vn -0.3844 0.8721 -0.3027
vn -0.1565 0.9873 -0.0259
vn -0.3353 0.9420 -0.0144
vn 0.0880 0.9498 0.3004
vn -0.2903 0.7577 -0.5845
vn 0.1504 0.3821 0.9118
vn 0.1354 0.2215 0.9657
vn 0.0560 0.9800 -0.1909
vn 0.0962 0.9761 -0.1949
vn 0.1121 0.9671 -0.2283
vn 0.0412 0.9617 -0.2710
vn -0.0981 -0.9567 0.2740
vn -0.0701 -0.9599 0.2713
vn -0.0668 -0.9607 0.2695
vn -0.0562 -0.9733 0.2227
vn 0.7513 0.1556 0.6413
vn 0.3527 0.2502 0.9017
vn 0.3528 0.2503 0.9016
vn -0.6588 0.2397 0.7131
vn -0.2791 -0.2593 -0.9246
vn -0.6698 -0.1814 -0.7201
vn -0.2791 -0.2590 -0.9247
vn -0.9597 -0.0392 -0.2782
vn -0.6588 0.2398 0.7130
vn -0.9727 -0.0254 -0.2306
vn -0.9727 -0.0243 -0.2310
vn -0.9261 -0.0674 -0.3711
vn -0.9597 -0.0392 -0.2783
vn -0.9262 -0.0675 -0.3710
vn 0.7514 0.1556 0.6413
vn 0.9264 0.0671 0.3705
vn 0.9729 0.0239 0.2301
vn 0.9729 0.0236 0.2302
vn 0.2465 0.2626 0.9329
vn 0.7383 0.1593 0.6554
vn 0.9264 0.0671 0.3706
vn 0.8950 0.0879 0.4374
vn 0.7383 0.1592 0.6554
vn 0.8948 0.0884 0.4375
vn -0.2774 -0.2782 -0.9196
vn -0.2787 -0.2837 -0.9175
vn -0.2773 -0.2785 -0.9195
vn -0.2784 -0.2847 -0.9173
vn -0.3312 0.5503 0.7665
vn -0.4657 -0.2771 0.8404
vn 0.2929 0.0142 0.9561
vn 0.1966 0.7531 0.6278
vn 0.8880 0.1221 -0.4433
vn 0.8816 -0.3644 -0.2999
vn 0.8070 -0.2768 -0.5216
vn 0.7706 0.2408 -0.5901
vn -0.5760 0.6822 -0.4503
vn -0.2153 0.6417 -0.7361
vn -0.0724 0.9611 -0.2664
vn -0.6039 0.7553 -0.2546
vn -0.9460 -0.2303 0.2284
vn -0.9651 0.2421 0.0995
vn -0.9917 0.0886 -0.0934
vn -0.9148 -0.3893 0.1076
vn 0.2977 -0.9134 -0.2776
vn -0.6104 -0.7907 0.0466
vn -0.4145 -0.8969 0.1540
vn 0.4999 -0.8608 -0.0961
vn 0.9400 0.3197 0.1191
vn 0.9893 -0.1220 0.0804
vn 0.9259 -0.1329 0.3536
vn 0.9257 0.3426 0.1602
vn -0.1668 0.8751 0.4542
vn -0.2700 0.8773 0.3968
vn 0.1136 0.9270 0.3575
vn 0.0175 0.9992 0.0354
vn -0.7784 0.2880 0.5578
vn -0.6681 0.4653 0.5807
vn -0.6433 -0.0274 0.7651
vn -0.7365 -0.1329 0.6633
vn 0.5165 -0.5462 0.6594
vn -0.2079 -0.4388 0.8742
vn -0.1658 -0.6763 0.7178
vn 0.5565 -0.6044 0.5701
vn 0.9574 -0.0113 -0.2884
vn 0.9575 -0.0115 -0.2882
vn -0.3962 0.8971 0.1957
vn -0.0830 0.9528 -0.2920
vn 0.7184 -0.6956 0.0112
vn -0.2976 -0.7929 0.5318
vn 0.7683 0.2958 -0.5676
vn 0.8786 -0.2914 -0.3784
vn -0.5298 0.7178 -0.4518
vn -0.1826 0.7521 -0.6332
vn -0.9112 -0.3619 0.1969
vn -0.9764 0.2159 -0.0086
vn -0.3984 -0.9111 -0.1061
vn 0.4198 -0.8990 -0.1245
vn -0.2804 -0.2999 -0.9118
vn -0.2788 -0.2836 -0.9175
vn -0.2809 -0.2986 -0.9121
vn 0.1312 0.9029 0.4093
vn 0.2462 -0.5226 0.8162
vn 0.2487 -0.5164 0.8194
vn 0.7619 0.5170 -0.3901
vn 0.6278 0.4474 0.6370
vn 0.9257 0.3426 0.1603
vn 0.5915 0.5288 0.6087
vn 0.8332 0.3964 -0.3854
vn 0.9400 0.3196 0.1190
vn 0.8230 0.4110 -0.3922
vn 0.8950 -0.4260 -0.1323
vn 0.4511 0.2424 -0.8589
vn 0.4197 0.2811 -0.8631
vn 0.7256 0.5677 -0.3888
vn 0.7257 0.5677 -0.3888
vn 0.5726 -0.1845 -0.7988
vn 0.5725 -0.1846 -0.7988
vn -0.9134 -0.1741 -0.3679
vn -0.9134 -0.1741 -0.3681
vn 0.4832 0.2622 -0.8353
vn 0.4809 0.2651 -0.8357
vn -0.8482 0.2771 -0.4514
vn -0.8474 0.2783 -0.4521
vn -0.7836 -0.5865 -0.2051
vn -0.7826 -0.5878 -0.2050
vn 0.4999 -0.8608 -0.0960
vn 0.5448 -0.5927 -0.5932
vn 0.5431 -0.5955 -0.5919
vn -0.8899 0.4372 0.1306
vn -0.9596 0.0078 0.2813
vn -0.8956 0.0583 0.4411
vn -0.4575 0.8878 -0.0507
vn 0.3673 0.8532 -0.3703
vn 0.8525 0.4729 -0.2227
vn 0.8898 -0.4371 -0.1313
vn 0.5005 -0.8431 0.1967
vn 0.0684 -0.9595 0.2733
vn 0.0683 -0.9594 0.2735
vn -0.8030 0.1067 0.5864
vn -0.7498 0.5251 0.4026
vn 0.3824 0.8985 -0.2156
vn 0.9208 -0.3460 0.1800
vn 0.9544 0.2887 -0.0759
vn 0.8063 -0.5801 0.1154
vn 0.8933 -0.4415 0.0840
vn 0.8916 0.4397 -0.1080
vn -0.9544 -0.2885 0.0765
vn -0.8917 -0.4394 0.1084
vn -0.8935 0.4413 -0.0832
vn -0.8066 0.5798 -0.1146
vn 0.4119 0.8891 -0.1994
vn 0.3103 0.9280 -0.2064
vn -0.5954 0.7868 -0.1627
vn -0.5953 0.7869 -0.1628
vn -0.0020 0.9771 -0.2127
vn 0.2050 0.9557 -0.2114
vn -0.0019 0.9771 -0.2126
vn 0.2090 -0.9561 0.2052
vn 0.3141 -0.9285 0.1980
vn -0.3106 -0.9278 0.2064
vn -0.3107 -0.9278 0.2064
vn 0.4155 -0.8899 0.1882
vn 0.0684 -0.9594 0.2736
vn 0.0754 -0.9616 0.2640
vn 0.4998 -0.8608 -0.0961
vn 0.0749 -0.9585 0.2752
vn -0.0793 0.9576 -0.2770
vn -0.0726 0.9608 -0.2677
vn -0.0567 0.9919 -0.1137
vn 0.1607 0.9458 -0.2821
vn 0.0634 0.9614 -0.2677
vn 0.0701 0.9599 -0.2713
vn -0.1607 -0.9459 0.2820
vn -0.0561 -0.9733 0.2227
vn 0.0567 -0.9919 0.1136
vn -0.1822 -0.9659 0.1840
vn -0.0411 -0.9617 0.2710
vn -0.5616 -0.0610 0.8251
vn -0.8615 -0.0413 0.5061
vn -0.7285 -0.0458 0.6835
vn -0.6488 0.0079 0.7609
vn -0.5175 -0.0754 0.8523
vn -0.1919 -0.0978 0.9765
vn -0.1760 -0.1081 0.9784
vn -0.8095 -0.0404 0.5857
vn 0.6718 0.3533 -0.6511
vn 0.0653 0.9737 -0.2185
vn 0.8533 0.3441 0.3918
vn 0.9647 0.0438 0.2595
vn 0.5203 -0.0044 -0.8540
vn 0.9776 0.0972 0.1866
vn 0.8541 -0.2237 -0.4696
vn 0.3877 -0.3315 -0.8601
vn 0.1795 -0.5874 -0.7891
vn 0.9489 0.1606 0.2715
vn 0.7949 -0.3529 -0.4935
vn 0.7949 -0.5294 -0.2963
vn 0.2749 -0.8571 -0.4356
vn 0.5058 -0.5111 -0.6950
vn 0.9938 0.0290 -0.1071
vn 0.4685 -0.8390 -0.2769
vn 0.8957 -0.4312 -0.1089
vn 0.9062 0.4227 0.0068
vn 0.9261 -0.3628 -0.1039
vn 0.4846 -0.8722 -0.0669
vn 0.9191 -0.3941 -0.0017
vn 0.4686 -0.8701 0.1524
vn 0.8987 0.4286 0.0925
vn -0.3717 -0.9125 0.1707
vn -0.9122 -0.4089 0.0273
vn -0.5699 -0.8043 -0.1683
vn -0.5700 0.4034 -0.7159
vn -0.5634 -0.7921 -0.2349
vn -0.3843 -0.7239 -0.5730
vn 0.0592 0.9889 0.1362
vn 0.0472 0.9818 0.1838
vn 0.0676 0.8916 0.4477
vn 0.0991 0.6029 0.7916
vn 0.0773 0.4049 0.9111
vn 0.0308 0.1256 0.9916
vn 0.0466 0.5577 0.8287
vn 0.6165 0.6640 0.4230
vn -0.9958 0.0719 0.0575
vn -0.9811 0.0669 0.1814
vn -0.7991 0.5788 0.1624
vn -0.8199 0.5717 0.0308
vn -0.9990 0.0454 -0.0025
vn -0.8047 0.5350 0.2572
vn -0.4712 0.5275 0.7069
vn -0.4054 0.4205 0.8117
vn -0.5134 0.1864 0.8376
vn -0.5720 0.3810 0.7264
vn -0.5169 0.7497 0.4132
vn -0.6453 0.7460 0.1642
vn -0.7435 0.0978 -0.6615
vn -0.9375 0.1683 -0.3047
vn -0.9257 0.1466 -0.3486
vn -0.5700 0.4033 -0.7159
vn -0.9763 0.0390 -0.2128
vn -0.9482 -0.0260 -0.3167
vn -0.9562 0.2429 -0.1633
vn -0.3673 -0.2875 -0.8845
vn -0.8263 -0.3300 -0.4565
vn -0.9971 -0.0703 0.0291
vn -0.9880 -0.0348 -0.1505
vn -0.8263 -0.3299 -0.4565
vn -0.6011 -0.4248 -0.6770
vn -0.9885 -0.0428 -0.1450
vn -0.8397 -0.0679 -0.5387
vn -0.6011 -0.4247 -0.6770
vn -0.8411 -0.4585 -0.2870
vn -0.8411 -0.4584 -0.2870
vn -0.9390 -0.3207 -0.1240
vn -0.8330 -0.5394 -0.1235
vn -0.8293 -0.5342 -0.1639
vn -0.5635 -0.7920 -0.2349
vn -0.8893 -0.4076 -0.2073
vn -0.9233 -0.3798 -0.0572
vn -0.8473 -0.2757 -0.4539
vn 0.0291 0.3738 0.9270
vn 0.0268 0.3715 0.9281
vn -0.0113 -0.2212 0.9752
vn 0.0424 0.6430 0.7647
vn 0.0408 0.6449 0.7632
vn 0.6604 0.3540 -0.6622
vn 0.0599 0.9705 -0.2334
vn 0.8490 0.3544 0.3919
vn 0.9661 0.0355 0.2556
vn 0.5166 -0.0081 -0.8562
vn 0.9786 0.0874 0.1861
vn 0.7949 -0.3528 -0.4936
vn 0.7949 -0.5294 -0.2964
vn 0.5058 -0.5111 -0.6949
vn 0.9938 0.0289 -0.1071
vn 0.9261 -0.3627 -0.1039
vn 0.9191 -0.3940 -0.0017
vn 0.4686 -0.8702 0.1524
vn -0.5699 -0.8043 -0.1684
vn -0.5626 0.3986 -0.7243
vn 0.0993 0.6029 0.7916
vn 0.0755 0.4026 0.9122
vn 0.0234 0.1259 0.9918
vn 0.0360 0.5591 0.8283
vn 0.6000 0.6756 0.4285
vn -0.9812 0.0667 0.1812
vn -0.5135 0.1864 0.8376
vn -0.6542 0.7426 0.1437
vn -0.7345 0.1038 -0.6706
vn -0.9303 0.1666 -0.3267
vn -0.9163 0.1427 -0.3743
vn -0.5626 0.3985 -0.7244
vn -0.7345 0.1039 -0.6706
vn -0.9718 0.0323 -0.2336
vn -0.9465 -0.0151 -0.3224
vn -0.9485 0.2636 -0.1755
vn -0.3667 -0.2836 -0.8861
vn -0.9971 -0.0705 0.0289
vn -0.9880 -0.0348 -0.1506
vn -0.8406 -0.0678 -0.5374
vn -0.6011 -0.4247 -0.6769
vn -0.8329 -0.5394 -0.1235
vn -0.8293 -0.5343 -0.1639
vn -0.8894 -0.4075 -0.2072
vn -0.8481 -0.2753 -0.4527
vn 0.0292 0.3740 0.9270
vn 0.0268 0.3714 0.9281
vn -0.0112 -0.2213 0.9751
vn 0.0426 0.6432 0.7645
vn 0.0408 0.6448 0.7633
vn 0.6311 0.3489 -0.6928
vn 0.0589 0.9703 -0.2347
vn 0.8718 0.3444 0.3485
vn 0.9780 0.0255 0.2068
vn 0.4748 -0.0100 -0.8800
vn 0.9876 0.0778 0.1363
vn 0.8282 -0.2293 -0.5114
vn 0.3437 -0.3320 -0.8784
vn 0.1362 -0.5869 -0.7982
vn 0.9632 0.1512 0.2221
vn 0.7670 -0.3575 -0.5329
vn 0.7754 -0.5340 -0.3370
vn 0.2457 -0.8582 -0.4507
vn 0.4674 -0.5130 -0.7200
vn 0.9873 0.0206 -0.1573
vn 0.4471 -0.8419 -0.3022
vn 0.8854 -0.4378 -0.1560
vn 0.9098 0.4131 -0.0400
vn 0.9165 -0.3698 -0.1525
vn 0.4726 -0.8763 -0.0937
vn 0.9145 -0.4014 -0.0506
vn 0.4674 -0.8751 0.1258
vn 0.9067 0.4192 0.0457
vn -0.3732 -0.9085 0.1880
vn -0.9144 -0.3979 0.0740
vn -0.5866 -0.7977 -0.1396
vn -0.5939 0.4066 -0.6942
vn -0.5838 -0.7853 -0.2060
vn -0.4205 -0.7188 -0.5536
vn 0.0759 0.9880 0.1345
vn 0.0663 0.9809 0.1826
vn 0.0986 0.8901 0.4451
vn 0.1439 0.6002 0.7868
vn 0.1238 0.3993 0.9084
vn 0.0729 0.1223 0.9898
vn 0.0820 0.5564 0.8269
vn 0.6288 0.6683 0.3975
vn -0.9907 0.0808 0.1091
vn -0.9700 0.0752 0.2311
vn -0.7849 0.5849 0.2043
vn -0.8122 0.5785 0.0745
vn -0.9973 0.0547 0.0499
vn -0.7868 0.5403 0.2985
vn -0.4338 0.5287 0.7296
vn -0.3642 0.4211 0.8307
vn -0.4732 0.1881 0.8606
vn -0.5349 0.3830 0.7531
vn -0.4911 0.7518 0.4400
vn -0.6404 0.7470 0.1786
vn -0.7668 0.1131 -0.6318
vn -0.9447 0.1763 -0.2766
vn -0.9334 0.1525 -0.3249
vn -0.9824 0.0423 -0.1818
vn -0.9623 -0.0050 -0.2721
vn -0.9541 0.2724 -0.1248
vn -0.4128 -0.2777 -0.8675
vn -0.8524 -0.3208 -0.4130
vn -0.9949 -0.0604 0.0808
vn -0.9949 -0.0247 -0.0976
vn -0.6397 -0.4174 -0.6454
vn -0.9952 -0.0326 -0.0921
vn -0.8685 -0.0579 -0.4923
vn -0.6398 -0.4174 -0.6454
vn -0.8607 -0.4478 -0.2423
vn -0.8607 -0.4478 -0.2422
vn -0.9480 -0.3095 -0.0745
vn -0.8450 -0.5287 -0.0800
vn -0.8434 -0.5236 -0.1203
vn -0.5839 -0.7852 -0.2060
vn -0.9039 -0.3966 -0.1601
vn -0.9295 -0.3688 -0.0092
vn -0.8738 -0.2653 -0.4076
vn 0.0766 0.3711 0.9254
vn 0.0744 0.3687 0.9266
vn 0.0320 -0.2248 0.9739
vn 0.0853 0.6409 0.7629
vn 0.0835 0.6429 0.7614
vn 0.6579 0.5942 -0.4627
vn 0.1789 0.4382 -0.8809
vn 0.1862 0.6300 -0.7539
vn 0.1011 0.9659 -0.2385
vn -0.1101 0.9630 -0.2462
vn -0.1421 0.9376 -0.3173
vn -0.0770 0.9876 -0.1366
vn 0.4349 0.4936 -0.7531
vn 0.2063 -0.5346 -0.8195
vn 0.7588 0.3114 -0.5721
vn -0.1541 -0.4633 -0.8727
vn -0.3812 -0.3047 -0.8728
vn -0.6828 0.0869 -0.7254
vn -0.2772 -0.0456 -0.9597
vn -0.7606 -0.3794 -0.5267
vn -0.0939 0.0816 -0.9922
vn -0.0181 -0.3496 -0.9367
vn -0.4129 -0.2927 -0.8625
vn -0.2588 0.5822 0.7708
vn -0.3683 0.9020 0.2252
vn -0.6364 0.5752 0.5140
vn -0.3641 0.9283 -0.0755
vn 0.1208 0.9654 -0.2310
vn 0.1535 0.9556 -0.2514
vn 0.0624 0.8792 -0.4724
vn 0.1419 0.7683 -0.6242
vn 0.0219 0.8488 -0.5282
vn 0.1225 0.7081 -0.6954
vn 0.8388 0.5260 -0.1404
vn 0.0464 -0.9753 0.2160
vn 0.0399 -0.9629 0.2668
vn -0.0447 -0.9901 0.1327
vn -0.0100 -0.9716 -0.2365
vn 0.0351 -0.8594 -0.5101
vn 0.1073 -0.8336 -0.5418
vn 0.0309 -0.7345 -0.6779
vn 0.0634 -0.8750 -0.4800
vn -0.1082 -0.6908 -0.7149
vn 0.4042 -0.9146 0.0063
vn 0.7170 -0.6715 -0.1873
vn 0.0156 -0.8788 -0.4770
vn -0.0105 -0.9087 -0.4174
vn -0.1687 -0.7171 -0.6763
vn -0.3451 -0.8852 -0.3121
vn -0.2477 -0.6551 -0.7138
vn -0.2948 -0.9551 0.0297
vn -0.3332 -0.9384 0.0914
vn -0.4949 -0.8442 0.2058
vn -0.2015 -0.7928 -0.5752
vn -0.1791 -0.5774 -0.7966
vn -0.1347 -0.6126 -0.7789
vn -0.0276 -0.8747 -0.4839
vn -0.2110 -0.6406 -0.7383
vn -0.5449 -0.7230 -0.4248
vn -0.2939 -0.5484 -0.7829
vn -0.5693 -0.5444 -0.6161
vn -0.2281 -0.2951 -0.9278
vn -0.6088 0.3020 -0.7336
vn -0.7502 -0.5441 -0.3756
vn -0.6850 0.4092 -0.6028
vn -0.4918 -0.8698 -0.0409
vn -0.2024 -0.6703 -0.7139
vn -0.8437 -0.5268 0.1031
vn -0.8736 -0.4394 0.2092
vn 0.0464 -0.6716 0.7395
vn -0.4915 -0.6074 0.6241
vn 0.2524 -0.9669 0.0381
vn -0.0225 -0.9799 -0.1980
vn -0.1412 -0.9787 -0.1493
vn 0.2711 -0.9625 0.0130
vn 0.2122 -0.9392 -0.2699
vn -0.4976 0.8522 -0.1617
vn -0.2998 0.7396 0.6026
vn -0.1417 0.9039 0.4036
vn -0.4554 0.8736 -0.1715
vn -0.0096 0.9946 0.1033
vn -0.2431 0.9672 0.0735
vn 0.0738 0.9804 0.1825
vn -0.4184 0.8987 -0.1317
vn -0.0111 0.9868 0.1618
vn -0.7724 0.6292 0.0866
vn 0.5536 0.6441 -0.5279
vn 0.9973 -0.0687 0.0255
vn 0.9990 -0.0449 0.0039
vn 0.9336 -0.3444 0.0984
vn 0.9955 -0.0888 0.0321
vn 0.8764 -0.4473 0.1785
vn 0.8680 -0.4821 0.1187
vn 0.6433 -0.7139 0.2767
vn 0.5314 -0.8250 0.1923
vn 0.6737 -0.7339 0.0869
vn 0.1001 -0.9939 -0.0455
vn 0.7316 -0.5141 0.4478
vn 0.8649 -0.2692 0.4237
vn 0.6151 0.5897 0.5233
vn 0.6611 0.6283 0.4101
vn 0.5143 -0.5186 0.6831
vn 0.4561 -0.3104 0.8341
vn 0.0698 0.0425 0.9967
vn 0.6223 -0.7143 0.3202
vn 0.5627 -0.5787 0.5903
vn 0.4460 -0.8527 0.2719
vn -0.7385 -0.1309 -0.6614
vn -0.4607 0.3704 -0.8065
vn -0.7034 0.3158 -0.6368
vn -0.4803 -0.0477 -0.8758
vn -0.5404 -0.3727 -0.7544
vn -0.2806 -0.5414 -0.7926
vn -0.3426 -0.7535 -0.5611
vn -0.4012 0.7170 -0.5701
vn -0.2310 0.8617 -0.4518
vn -0.5722 0.6733 -0.4684
vn -0.3628 0.9164 -0.1689
vn 0.0705 0.9704 0.2311
vn -0.0544 0.9875 0.1479
vn -0.4982 0.8216 -0.2771
vn -0.4939 0.8144 -0.3048
vn -0.1107 0.7034 0.7022
vn -0.2561 0.9426 0.2142
vn -0.9879 -0.1041 0.1152
vn -0.9902 0.0241 0.1376
vn -0.9821 -0.0716 0.1740
vn 0.5454 0.3396 0.7663
vn 0.3782 0.4814 0.7907
vn -0.7783 0.6278 -0.0108
vn -0.2428 0.9522 -0.1854
vn -0.6506 0.7511 -0.1123
vn -0.3172 0.8562 -0.4078
vn -0.6508 0.7495 -0.1211
vn -0.6101 0.7882 -0.0809
vn -0.3173 0.8562 -0.4078
vn -0.1117 0.8380 -0.5342
vn -0.5875 0.7618 -0.2729
vn -0.5022 0.8644 -0.0236
vn -0.0424 0.8095 -0.5856
vn 0.2695 0.2902 -0.9182
vn 0.2018 0.6085 -0.7675
vn 0.1082 0.6520 -0.7504
vn -0.2086 0.3087 -0.9280
vn 0.0865 0.4125 -0.9069
vn 0.1403 0.6462 -0.7502
vn -0.0637 0.4733 -0.8786
vn 0.2637 0.3629 -0.8937
vn -0.0490 0.4308 -0.9011
vn 0.0915 0.6141 -0.7839
vn 0.1517 0.4688 -0.8702
vn -0.1858 0.0553 -0.9810
vn -0.9886 0.0696 -0.1336
vn -0.4989 0.8538 -0.1486
vn -0.9676 0.0836 -0.2382
vn -0.9845 0.0796 -0.1564
vn 0.8578 -0.5136 -0.0193
vn 0.6751 -0.6872 0.2684
vn 0.5064 -0.8618 -0.0284
vn 0.1331 -0.8411 -0.5242
vn -0.3780 -0.8089 -0.4504
vn -0.3463 -0.7191 -0.6025
vn 0.0050 -0.9274 -0.3740
vn -0.4142 -0.8718 -0.2614
vn -0.4527 -0.8794 -0.1475
vn -0.0129 -0.9689 -0.2473
vn -0.5016 -0.8477 -0.1727
vn -0.3657 -0.9165 -0.1621
vn 0.2897 -0.9519 -0.1000
vn -0.1961 -0.9566 -0.2156
vn 0.3198 -0.9413 -0.1081
vn -0.0644 -0.9554 -0.2883
vn 0.4660 -0.8672 -0.1755
vn 0.2176 -0.9558 -0.1978
vn -0.0157 -0.9441 -0.3292
vn 0.2175 -0.9558 -0.1979
vn -0.0391 -0.9828 -0.1806
vn -0.0405 -0.9820 -0.1844
vn 0.4380 0.8968 0.0624
vn 0.0162 0.9992 0.0353
vn 0.0305 0.9967 0.0751
vn 0.4381 0.8968 0.0624
vn 0.3771 0.9252 0.0433
vn -0.7455 0.6283 -0.2225
vn 0.3925 0.9050 0.1643
vn -0.7355 0.6752 -0.0562
vn -0.9422 0.0930 -0.3220
vn 0.6848 0.5349 -0.4948
vn 0.4734 0.3739 -0.7975
vn 0.2285 0.9193 -0.3204
vn 0.8691 0.3918 -0.3019
vn 0.9034 0.3123 -0.2937
vn 0.1194 0.9924 0.0305
vn 0.9046 0.4257 0.0219
vn 0.2999 0.9373 0.1773
vn 0.9411 0.2443 0.2340
vn 0.9267 -0.3673 -0.0798
vn 0.8553 -0.5078 0.1033
vn 0.9229 -0.3851 -0.0010
vn 0.9337 0.3531 0.0600
vn 0.9404 0.3283 0.0885
vn 0.7243 0.6809 0.1084
vn 0.2410 0.6591 0.7124
vn 0.7376 0.6383 0.2204
vn 0.9404 0.3284 0.0885
vn 0.9878 -0.0744 0.1370
vn 0.9867 -0.0626 0.1498
vn 0.8578 -0.5135 -0.0193
vn -0.7879 0.6158 0.0029
vn -0.9837 0.0667 -0.1672
vn -0.9730 0.0826 -0.2155
vn -0.9946 0.0545 -0.0879
vn -0.9897 0.0770 -0.1205
vn -0.8199 0.5549 0.1407
vn -0.9975 0.0190 0.0684
vn -0.9978 0.0260 0.0611
vn -0.8199 0.5549 0.1408
vn -0.8659 0.4646 -0.1854
vn -0.8659 0.4645 -0.1854
vn -0.9090 0.0634 -0.4119
vn -0.9118 0.0584 -0.4065
vn -0.6571 0.5865 -0.4736
vn -0.9937 0.0752 -0.0830
vn -0.9996 0.0265 0.0083
vn -0.8795 0.4493 0.1569
vn -0.8795 0.4492 0.1569
vn -0.9697 -0.0000 0.2442
vn -0.9692 -0.0020 0.2463
vn 0.6658 -0.7455 -0.0323
vn 0.6103 -0.7460 -0.2666
vn 0.7651 -0.5249 -0.3730
vn 0.8139 -0.4083 -0.4133
vn 0.7192 -0.2795 -0.6361
vn 0.2961 -0.7528 -0.5878
vn 0.5023 0.0733 -0.8616
vn -0.7694 0.0878 -0.6326
vn -0.7852 0.0665 -0.6157
vn -0.5646 0.5739 -0.5932
vn 0.0578 0.2898 -0.9554
vn 0.1017 0.2542 -0.9618
vn 0.0864 0.4124 -0.9069
vn -0.1257 0.3047 -0.9441
vn -0.1844 0.3545 -0.9167
vn -0.1483 -0.2498 -0.9569
vn -0.1868 -0.2120 -0.9593
vn -0.7834 0.1668 -0.5988
vn 0.2695 0.2903 -0.9182
vn 0.5678 -0.3641 -0.7383
vn 0.4534 -0.2112 -0.8659
vn -0.1380 -0.1051 -0.9848
vn 0.0865 0.4124 -0.9069
vn -0.0695 -0.0931 -0.9932
vn -0.7184 0.3429 -0.6052
vn -0.0638 0.4733 -0.8786
vn 0.7138 -0.1074 -0.6921
vn 0.0627 -0.3699 -0.9270
vn -0.1456 -0.3136 -0.9383
vn -0.6624 -0.2856 -0.6926
vn -0.0817 0.3550 -0.9313
vn 0.1516 0.4688 -0.8702
vn -0.0403 0.3380 -0.9403
vn 0.8337 0.0639 -0.5485
vn 0.0175 -0.0828 -0.9964
vn -0.0758 -0.0275 -0.9967
vn -0.6616 0.2005 -0.7225
vn 0.7899 0.0061 -0.6132
vn 0.2637 0.3629 -0.8938
vn 0.1567 0.3395 0.9275
vn 0.2630 0.1027 0.9593
vn -0.9608 0.0244 0.2761
vn -0.5322 -0.1040 0.8402
vn -0.9568 0.0544 0.2855
vn 0.8484 0.3547 0.3930
vn 0.7950 -0.3529 -0.4933
vn 0.2750 -0.8571 -0.4357
vn 0.5058 -0.5110 -0.6949
vn 0.4687 -0.8701 0.1524
vn -0.5625 0.3986 -0.7243
vn -0.5634 -0.7920 -0.2349
vn 0.0473 0.9818 0.1838
vn 0.0755 0.4027 0.9122
vn 0.0360 0.5590 0.8284
vn 0.5991 0.6757 0.4296
vn -0.9812 0.0670 0.1812
vn -0.7991 0.5789 0.1624
vn -0.8199 0.5717 0.0307
vn -0.5168 0.7498 0.4133
vn -0.7335 0.1040 -0.6717
vn -0.9297 0.1669 -0.3285
vn -0.9155 0.1429 -0.3761
vn -0.5626 0.3985 -0.7243
vn -0.7336 0.1040 -0.6716
vn -0.9714 0.0324 -0.2352
vn -0.9459 -0.0152 -0.3241
vn -0.9481 0.2641 -0.1770
vn -0.9971 -0.0703 0.0290
vn -0.9885 -0.0428 -0.1451
vn -0.8397 -0.0679 -0.5388
vn -0.6011 -0.4248 -0.6769
vn -0.9391 -0.3207 -0.1239
vn -0.8329 -0.5394 -0.1236
vn -0.8893 -0.4076 -0.2074
vn -0.9231 -0.3801 -0.0577
vn 0.0290 0.3736 0.9271
vn 0.0268 0.3713 0.9281
vn 0.0407 0.6447 0.7634
vn -0.9035 -0.0268 -0.4277
vn -0.8799 -0.0303 -0.4741
vn 0.3111 0.1655 -0.9359
vn 0.4197 0.1772 -0.8902
vn 0.4179 0.1774 -0.8910
vn 0.7621 0.0995 -0.6398
vn 0.8092 0.0823 -0.5818
vn 0.8937 0.0808 -0.4413
vn 0.8989 0.0877 -0.4292
vn 0.1371 0.2521 0.9579
vn 0.1346 0.2473 0.9596
vn 0.1479 0.1536 0.9770
vn 0.1389 0.2803 0.9498
vn 0.6904 0.3279 -0.6448
vn 0.7634 -0.0387 -0.6448
vn 0.1488 0.2705 -0.9511
vn 0.1486 0.2743 -0.9501
vn 0.9792 -0.1897 0.0727
vn 0.9399 0.2683 0.2113
vn 0.0780 -0.8459 -0.5277
vn 0.0397 -0.9593 -0.2797
vn 0.3860 -0.7538 -0.5317
vn 0.7142 -0.6493 -0.2617
vn -0.9608 0.2158 -0.1739
vn -0.9850 -0.0097 -0.1721
vn -0.9850 -0.0097 -0.1722
vn -0.9263 -0.2382 -0.2920
vn 0.4368 0.8956 0.0839
vn 0.6178 0.7857 -0.0307
vn -0.3560 0.9104 0.2108
vn -0.6120 0.7827 -0.1134
vn 0.9390 0.3437 0.0092
vn 0.9826 -0.1452 -0.1160
vn 0.5092 -0.6601 -0.5522
vn -0.0023 -0.7756 -0.6312
vn -0.7870 -0.2787 -0.5504
vn -0.8669 0.3592 -0.3456
vn -0.2614 0.9443 -0.1998
vn 0.5261 0.8488 -0.0530
vn 0.1484 0.2834 -0.9474
vn 0.1482 0.2843 -0.9472
vn 0.1485 0.2832 -0.9475
vn -0.8665 0.4991 -0.0000
vn -0.8225 -0.4904 -0.2880
vn -0.9263 -0.2383 -0.2920
vn -0.8219 -0.4914 -0.2880
vn -0.6774 -0.4263 -0.5995
vn -0.7870 -0.2788 -0.5504
vn -0.7204 -0.3631 -0.5910
vn 0.8445 -0.3095 0.4370
vn 0.8735 0.1532 0.4621
vn 0.6498 -0.0164 0.7599
vn 0.6648 -0.3506 0.6597
vn 0.6379 -0.7380 0.2200
vn 0.3386 -0.8601 0.3816
vn 0.1978 -0.9802 0.0056
vn -0.9184 0.1634 0.3603
vn -0.9362 -0.3514 -0.0100
vn -0.7404 -0.4622 0.4880
vn -0.7463 0.1693 0.6437
vn -0.6596 0.6790 0.3223
vn -0.3770 0.6515 0.6583
vn -0.1892 0.8613 0.4716
vn 0.5866 0.5552 0.5896
vn 0.3089 0.5401 0.7828
vn -0.7172 -0.6966 -0.0174
vn -0.7048 -0.6310 0.3241
vn 0.9711 0.2367 0.0306
vn 0.9889 -0.1489 0.0013
vn -0.1053 -0.9169 -0.3850
vn 0.2751 -0.8967 -0.3468
vn -0.1565 -0.9873 -0.0258
vn 0.8077 -0.5632 -0.1745
vn -0.8325 -0.2704 -0.4836
vn -0.8766 0.3972 -0.2715
vn -0.1707 0.9753 0.1400
vn 0.1563 0.8375 0.5236
vn 0.2038 0.9600 0.1921
vn -0.5671 0.8201 -0.0763
vn 0.7568 0.6296 0.1756
vn -0.6641 -0.4114 -0.6243
vn -0.6584 -0.5159 -0.5481
vn -0.1565 -0.9873 -0.0259
vn -0.3844 -0.8721 -0.3027
vn -0.3508 -0.8845 -0.3076
vn -0.3353 -0.9420 -0.0144
vn 0.0881 -0.9498 0.3003
vn -0.2903 -0.7577 -0.5845
vn 0.1354 -0.2215 0.9657
vn 0.1504 -0.3821 0.9118
vn 0.0560 -0.9800 -0.1909
vn 0.0412 -0.9617 -0.2710
vn 0.1120 -0.9671 -0.2283
vn 0.0962 -0.9761 -0.1949
vn -0.0982 0.9567 0.2740
vn -0.0562 0.9733 0.2227
vn -0.0667 0.9607 0.2695
vn -0.0701 0.9599 0.2713
vn 0.7513 -0.1557 0.6413
vn -0.6588 -0.2397 0.7131
vn 0.3530 -0.2508 0.9014
vn 0.3530 -0.2509 0.9014
vn -0.2793 0.2581 -0.9249
vn -0.2792 0.2582 -0.9248
vn -0.6698 0.1814 -0.7201
vn -0.9597 0.0392 -0.2782
vn -0.9727 0.0243 -0.2310
vn -0.9727 0.0254 -0.2306
vn -0.9261 0.0674 -0.3711
vn -0.9262 0.0675 -0.3710
vn -0.9597 0.0392 -0.2783
vn 0.7514 -0.1556 0.6413
vn 0.9729 -0.0243 0.2301
vn 0.9729 -0.0244 0.2301
vn 0.9263 -0.0655 0.3710
vn 0.2464 -0.2630 0.9328
vn 0.7383 -0.1592 0.6555
vn 0.2464 -0.2629 0.9328
vn 0.9264 -0.0671 0.3706
vn 0.8948 -0.0884 0.4375
vn 0.7383 -0.1592 0.6554
vn 0.8949 -0.0882 0.4375
vn -0.2774 0.2782 -0.9196
vn -0.2784 0.2847 -0.9173
vn -0.2773 0.2785 -0.9195
vn -0.2787 0.2837 -0.9175
vn -0.3312 -0.5503 0.7665
vn 0.1966 -0.7531 0.6278
vn 0.2923 -0.0142 0.9562
vn -0.4657 0.2771 0.8404
vn 0.8880 -0.1221 -0.4433
vn 0.7706 -0.2407 -0.5901
vn 0.8070 0.2768 -0.5216
vn 0.8816 0.3645 -0.2999
vn -0.5760 -0.6822 -0.4503
vn -0.6039 -0.7553 -0.2546
vn -0.0724 -0.9611 -0.2664
vn -0.2138 -0.6417 -0.7366
vn -0.9459 0.2303 0.2284
vn -0.9148 0.3894 0.1076
vn -0.9917 -0.0886 -0.0934
vn -0.9651 -0.2421 0.0995
vn 0.2974 0.9132 -0.2787
vn 0.4999 0.8608 -0.0961
vn -0.4145 0.8969 0.1540
vn -0.6104 0.7908 0.0466
vn 0.9400 -0.3197 0.1191
vn 0.9257 -0.3426 0.1602
vn 0.9259 0.1329 0.3536
vn 0.9893 0.1220 0.0804
vn -0.1668 -0.8751 0.4542
vn 0.0174 -0.9992 0.0354
vn 0.1136 -0.9270 0.3575
vn -0.2700 -0.8773 0.3968
vn -0.7784 -0.2880 0.5578
vn -0.7365 0.1329 0.6633
vn -0.6433 0.0274 0.7651
vn -0.6681 -0.4653 0.5807
vn 0.5166 0.5462 0.6594
vn 0.5565 0.6044 0.5701
vn -0.1658 0.6763 0.7178
vn -0.2079 0.4389 0.8742
vn 0.9574 0.0111 -0.2887
vn 0.9574 0.0112 -0.2887
vn -0.0832 -0.9529 -0.2916
vn -0.3962 -0.8971 0.1957
vn -0.2976 0.7929 0.5318
vn 0.7184 0.6956 0.0112
vn 0.8786 0.2915 -0.3784
vn 0.7683 -0.2958 -0.5676
vn -0.1826 -0.7522 -0.6331
vn -0.5298 -0.7178 -0.4518
vn -0.9112 0.3618 0.1969
vn -0.9764 -0.2159 -0.0086
vn -0.3984 0.9111 -0.1061
vn 0.4198 0.8990 -0.1245
vn -0.2804 0.2999 -0.9118
vn -0.2809 0.2986 -0.9121
vn -0.2788 0.2837 -0.9175
vn 0.1312 -0.9029 0.4093
vn 0.2487 0.5164 0.8194
vn 0.2462 0.5227 0.8162
vn 0.7619 -0.5170 -0.3901
vn 0.5915 -0.5288 0.6087
vn 0.6278 -0.4474 0.6370
vn 0.8230 -0.4110 -0.3922
vn 0.9400 -0.3197 0.1190
vn 0.8332 -0.3964 -0.3854
vn 0.8950 0.4260 -0.1323
vn 0.7683 -0.2958 -0.5677
vn 0.4197 -0.2810 -0.8630
vn 0.4511 -0.2424 -0.8589
vn 0.7252 -0.5682 -0.3889
vn 0.7251 -0.5683 -0.3889
vn 0.5727 0.1843 -0.7987
vn 0.5726 0.1845 -0.7988
vn -0.9134 0.1741 -0.3681
vn -0.9134 0.1741 -0.3680
vn 0.4809 -0.2651 -0.8357
vn 0.7706 -0.2408 -0.5901
vn 0.4832 -0.2621 -0.8353
vn -0.8474 -0.2783 -0.4521
vn -0.8482 -0.2771 -0.4515
vn -0.7826 0.5878 -0.2050
vn -0.4144 0.8970 0.1539
vn -0.7836 0.5865 -0.2051
vn 0.5431 0.5956 -0.5919
vn 0.5448 0.5927 -0.5931
vn 0.4998 0.8608 -0.0960
vn -0.8901 -0.4369 0.1297
vn -0.4575 -0.8878 -0.0507
vn -0.8957 -0.0582 0.4408
vn -0.9596 -0.0078 0.2813
vn 0.3673 -0.8532 -0.3703
vn 0.8525 -0.4729 -0.2227
vn 0.8900 0.4369 -0.1307
vn 0.5004 0.8431 0.1966
vn 0.0684 0.9595 0.2732
vn 0.0685 0.9595 0.2732
vn -0.7487 -0.5256 0.4040
vn -0.8030 -0.1067 0.5864
vn 0.9208 0.3459 0.1804
vn 0.3824 -0.8985 -0.2156
vn 0.9544 -0.2887 -0.0759
vn 0.8916 -0.4397 -0.1080
vn 0.8933 0.4416 0.0841
vn 0.8063 0.5801 0.1154
vn -0.9544 0.2885 0.0765
vn -0.8066 -0.5798 -0.1146
vn -0.8935 -0.4413 -0.0832
vn -0.8917 0.4393 0.1084
vn 0.3103 -0.9280 -0.2064
vn 0.3719 -0.9059 -0.2025
vn -0.5953 -0.7868 -0.1627
vn -0.5954 -0.7868 -0.1627
vn 0.2050 -0.9558 -0.2110
vn -0.0020 -0.9770 -0.2131
vn -0.0019 -0.9771 -0.2126
vn 0.2693 0.9418 0.2015
vn 0.3142 0.9285 0.1980
vn -0.3107 0.9278 0.2065
vn -0.3724 0.9057 0.2025
vn 0.4155 0.8899 0.1882
vn 0.0749 0.9585 0.2752
vn 0.4999 0.8608 -0.0960
vn 0.0754 0.9616 0.2640
vn -0.0726 -0.9608 -0.2677
vn -0.0793 -0.9576 -0.2770
vn 0.1607 -0.9458 -0.2821
vn -0.0567 -0.9919 -0.1137
vn 0.0701 -0.9599 -0.2713
vn 0.0634 -0.9614 -0.2677
vn 0.0567 0.9919 0.1136
vn -0.0561 0.9733 0.2227
vn -0.1607 0.9458 0.2820
vn -0.0411 0.9617 0.2710
vn -0.1822 0.9659 0.1840
vn -0.5616 0.0610 0.8251
vn -0.7285 0.0457 0.6835
vn -0.8615 0.0413 0.5061
vn -0.6488 -0.0079 0.7609
vn -0.5175 0.0754 0.8523
vn -0.1759 0.1081 0.9785
vn -0.1919 0.0978 0.9765
vn -0.8094 0.0384 0.5859
vn 0.6718 -0.3533 -0.6511
vn 0.8533 -0.3441 0.3918
vn 0.0653 -0.9737 -0.2185
vn 0.5203 0.0044 -0.8540
vn 0.9648 -0.0438 0.2595
vn 0.9776 -0.0972 0.1866
vn 0.8541 0.2237 -0.4696
vn 0.3877 0.3315 -0.8601
vn 0.1796 0.5874 -0.7891
vn 0.9489 -0.1606 0.2715
vn 0.7952 0.3528 -0.4931
vn 0.7949 0.5294 -0.2963
vn 0.5059 0.5111 -0.6949
vn 0.2749 0.8571 -0.4356
vn 0.9938 -0.0290 -0.1071
vn 0.4685 0.8390 -0.2769
vn 0.8957 0.4312 -0.1089
vn 0.9062 -0.4227 0.0068
vn 0.9261 0.3627 -0.1039
vn 0.4846 0.8722 -0.0669
vn 0.4686 0.8701 0.1524
vn 0.9191 0.3941 -0.0016
vn 0.8987 -0.4286 0.0925
vn -0.3717 0.9125 0.1708
vn -0.5699 0.8043 -0.1683
vn -0.9122 0.4089 0.0273
vn -0.5700 -0.4034 -0.7159
vn -0.5634 0.7920 -0.2349
vn -0.3843 0.7239 -0.5730
vn 0.0474 -0.9818 0.1838
vn 0.0592 -0.9889 0.1362
vn 0.0676 -0.8916 0.4477
vn 0.0991 -0.6030 0.7916
vn 0.0772 -0.4049 0.9111
vn 0.0308 -0.1256 0.9916
vn 0.0466 -0.5577 0.8287
vn 0.6165 -0.6640 0.4231
vn -0.9958 -0.0719 0.0575
vn -0.7991 -0.5788 0.1624
vn -0.9811 -0.0669 0.1814
vn -0.8199 -0.5717 0.0308
vn -0.9990 -0.0454 -0.0024
vn -0.8048 -0.5350 0.2572
vn -0.4712 -0.5275 0.7069
vn -0.4054 -0.4205 0.8117
vn -0.5134 -0.1864 0.8376
vn -0.5720 -0.3810 0.7264
vn -0.5168 -0.7497 0.4133
vn -0.6453 -0.7461 0.1642
vn -0.7435 -0.0978 -0.6616
vn -0.5699 -0.4033 -0.7159
vn -0.9257 -0.1467 -0.3486
vn -0.9375 -0.1683 -0.3047
vn -0.7435 -0.0978 -0.6615
vn -0.9763 -0.0390 -0.2128
vn -0.9482 0.0260 -0.3167
vn -0.9562 -0.2429 -0.1633
vn -0.3673 0.2875 -0.8845
vn -0.8263 0.3299 -0.4565
vn -0.9971 0.0703 0.0291
vn -0.9880 0.0348 -0.1505
vn -0.6011 0.4248 -0.6769
vn -0.9885 0.0428 -0.1450
vn -0.8397 0.0679 -0.5387
vn -0.6011 0.4247 -0.6770
vn -0.8411 0.4585 -0.2870
vn -0.8411 0.4584 -0.2870
vn -0.9390 0.3207 -0.1240
vn -0.8330 0.5394 -0.1235
vn -0.8293 0.5342 -0.1639
vn -0.5635 0.7920 -0.2349
vn -0.8893 0.4075 -0.2073
vn -0.9233 0.3798 -0.0573
vn -0.8473 0.2757 -0.4539
vn 0.0268 -0.3715 0.9281
vn 0.0291 -0.3738 0.9271
vn -0.0113 0.2212 0.9752
vn 0.0408 -0.6449 0.7631
vn 0.0424 -0.6430 0.7647
vn 0.6604 -0.3540 -0.6622
vn 0.8490 -0.3544 0.3919
vn 0.0599 -0.9705 -0.2334
vn 0.5166 0.0081 -0.8562
vn 0.9661 -0.0355 0.2556
vn 0.9786 -0.0874 0.1861
vn 0.8541 0.2238 -0.4696
vn 0.1795 0.5874 -0.7891
vn 0.7952 0.3529 -0.4931
vn 0.5058 0.5111 -0.6949
vn 0.4684 0.8390 -0.2769
vn -0.5626 -0.3986 -0.7243
vn 0.0473 -0.9818 0.1838
vn 0.0592 -0.9889 0.1361
vn 0.0993 -0.6029 0.7917
vn 0.0755 -0.4026 0.9122
vn 0.0234 -0.1258 0.9918
vn 0.0360 -0.5591 0.8283
vn 0.6000 -0.6756 0.4285
vn -0.9990 -0.0454 -0.0025
vn -0.8047 -0.5350 0.2572
vn -0.5169 -0.7497 0.4132
vn -0.6542 -0.7425 0.1437
vn -0.7345 -0.1038 -0.6706
vn -0.5626 -0.3985 -0.7243
vn -0.9163 -0.1427 -0.3743
vn -0.9303 -0.1666 -0.3267
vn -0.9718 -0.0323 -0.2336
vn -0.9465 0.0151 -0.3224
vn -0.9485 -0.2636 -0.1755
vn -0.3667 0.2836 -0.8861
vn -0.8263 0.3300 -0.4565
vn -0.9971 0.0703 0.0290
vn -0.6011 0.4248 -0.6770
vn -0.9885 0.0428 -0.1449
vn -0.8406 0.0678 -0.5374
vn -0.8411 0.4585 -0.2871
vn -0.9390 0.3208 -0.1241
vn -0.8329 0.5394 -0.1236
vn -0.8293 0.5343 -0.1639
vn -0.8893 0.4076 -0.2074
vn -0.9233 0.3798 -0.0572
vn -0.8481 0.2753 -0.4527
vn 0.0268 -0.3713 0.9281
vn 0.0292 -0.3740 0.9270
vn -0.0113 0.2214 0.9751
vn 0.0410 -0.6451 0.7630
vn 0.0426 -0.6432 0.7645
vn 0.6311 -0.3489 -0.6928
vn 0.8717 -0.3444 0.3485
vn 0.0588 -0.9703 -0.2348
vn 0.4748 0.0100 -0.8800
vn 0.9780 -0.0255 0.2069
vn 0.9876 -0.0778 0.1363
vn 0.8282 0.2293 -0.5114
vn 0.3437 0.3319 -0.8784
vn 0.1362 0.5869 -0.7981
vn 0.9632 -0.1512 0.2220
vn 0.7670 0.3575 -0.5328
vn 0.7754 0.5340 -0.3370
vn 0.4674 0.5130 -0.7200
vn 0.2457 0.8582 -0.4507
vn 0.9873 -0.0206 -0.1573
vn 0.4470 0.8419 -0.3022
vn 0.8855 0.4377 -0.1560
vn 0.9098 -0.4131 -0.0400
vn 0.9165 0.3698 -0.1525
vn 0.4726 0.8763 -0.0937
vn 0.4674 0.8750 0.1258
vn 0.9145 0.4014 -0.0506
vn 0.9067 -0.4192 0.0457
vn -0.3731 0.9085 0.1879
vn -0.5866 0.7977 -0.1396
vn -0.9144 0.3980 0.0740
vn -0.5939 -0.4066 -0.6942
vn -0.5838 0.7853 -0.2060
vn -0.4205 0.7188 -0.5536
vn 0.0663 -0.9809 0.1827
vn 0.0759 -0.9880 0.1345
vn 0.0986 -0.8901 0.4450
vn 0.1440 -0.5998 0.7871
vn 0.1238 -0.3993 0.9084
vn 0.0729 -0.1224 0.9898
vn 0.0820 -0.5564 0.8269
vn 0.6288 -0.6683 0.3975
vn -0.9907 -0.0808 0.1091
vn -0.7850 -0.5849 0.2043
vn -0.9700 -0.0752 0.2311
vn -0.8123 -0.5785 0.0745
vn -0.9973 -0.0547 0.0497
vn -0.7868 -0.5403 0.2985
vn -0.4338 -0.5287 0.7296
vn -0.3643 -0.4211 0.8307
vn -0.4732 -0.1881 0.8606
vn -0.5349 -0.3830 0.7531
vn -0.4911 -0.7518 0.4401
vn -0.6404 -0.7470 0.1785
vn -0.7668 -0.1131 -0.6318
vn -0.5940 -0.4066 -0.6942
vn -0.9334 -0.1525 -0.3249
vn -0.9447 -0.1763 -0.2766
vn -0.7669 -0.1131 -0.6318
vn -0.9824 -0.0423 -0.1818
vn -0.9623 0.0051 -0.2721
vn -0.9541 -0.2724 -0.1248
vn -0.4128 0.2777 -0.8675
vn -0.8523 0.3208 -0.4130
vn -0.9949 0.0604 0.0808
vn -0.9949 0.0247 -0.0976
vn -0.8524 0.3208 -0.4130
vn -0.6397 0.4174 -0.6454
vn -0.9952 0.0326 -0.0921
vn -0.8685 0.0579 -0.4923
vn -0.6398 0.4174 -0.6454
vn -0.8606 0.4478 -0.2423
vn -0.8607 0.4478 -0.2423
vn -0.9480 0.3095 -0.0745
vn -0.8450 0.5287 -0.0800
vn -0.8434 0.5236 -0.1203
vn -0.5839 0.7852 -0.2060
vn -0.9039 0.3967 -0.1601
vn -0.9295 0.3688 -0.0092
vn -0.8738 0.2652 -0.4076
vn 0.0743 -0.3687 0.9266
vn 0.0766 -0.3711 0.9254
vn 0.0320 0.2247 0.9739
vn 0.0835 -0.6429 0.7614
vn 0.0852 -0.6409 0.7629
vn 0.6579 -0.5942 -0.4627
vn 0.1863 -0.6301 -0.7539
vn 0.1788 -0.4381 -0.8809
vn 0.1011 -0.9659 -0.2385
vn -0.1421 -0.9376 -0.3173
vn -0.1101 -0.9630 -0.2462
vn -0.0770 -0.9876 -0.1366
vn 0.4349 -0.4936 -0.7532
vn 0.7588 -0.3114 -0.5720
vn 0.2063 0.5347 -0.8195
vn -0.1541 0.4633 -0.8727
vn -0.3812 0.3047 -0.8728
vn -0.2773 0.0456 -0.9597
vn -0.6829 -0.0870 -0.7254
vn -0.7606 0.3794 -0.5268
vn -0.0940 -0.0815 -0.9922
vn -0.4129 0.2927 -0.8625
vn -0.0181 0.3496 -0.9367
vn -0.2588 -0.5822 0.7708
vn -0.6364 -0.5752 0.5140
vn -0.3683 -0.9020 0.2252
vn -0.3641 -0.9283 -0.0755
vn 0.1208 -0.9654 -0.2310
vn 0.1535 -0.9556 -0.2514
vn 0.0625 -0.8792 -0.4724
vn 0.1419 -0.7683 -0.6242
vn 0.1225 -0.7081 -0.6954
vn 0.0219 -0.8488 -0.5282
vn 0.8388 -0.5260 -0.1404
vn 0.0464 0.9753 0.2160
vn -0.0448 0.9901 0.1328
vn 0.0399 0.9629 0.2668
vn -0.0100 0.9716 -0.2365
vn 0.0351 0.8594 -0.5101
vn 0.1073 0.8336 -0.5418
vn 0.0309 0.7345 -0.6779
vn 0.0634 0.8750 -0.4799
vn -0.1081 0.6908 -0.7149
vn 0.4042 0.9146 0.0063
vn 0.7170 0.6715 -0.1873
vn 0.0156 0.8788 -0.4770
vn -0.0105 0.9087 -0.4174
vn -0.1687 0.7171 -0.6763
vn -0.3450 0.8852 -0.3122
vn -0.2476 0.6551 -0.7138
vn -0.2948 0.9551 0.0297
vn -0.3332 0.9384 0.0914
vn -0.4949 0.8442 0.2058
vn -0.2015 0.7928 -0.5752
vn -0.1791 0.5774 -0.7966
vn -0.1347 0.6125 -0.7789
vn -0.0277 0.8747 -0.4839
vn -0.2110 0.6406 -0.7383
vn -0.5453 0.7225 -0.4251
vn -0.2939 0.5484 -0.7829
vn -0.5693 0.5444 -0.6161
vn -0.2280 0.2951 -0.9279
vn -0.6088 -0.3020 -0.7336
vn -0.7503 0.5441 -0.3755
vn -0.6850 -0.4091 -0.6028
vn -0.4918 0.8697 -0.0409
vn -0.2023 0.6703 -0.7140
vn -0.8437 0.5267 0.1031
vn -0.8736 0.4394 0.2092
vn 0.0464 0.6716 0.7395
vn -0.4915 0.6073 0.6241
vn 0.2524 0.9669 0.0382
vn -0.1412 0.9787 -0.1493
vn -0.0224 0.9799 -0.1980
vn 0.2711 0.9624 0.0130
vn 0.2122 0.9392 -0.2699
vn -0.4976 -0.8522 -0.1617
vn -0.1417 -0.9039 0.4036
vn -0.2998 -0.7396 0.6026
vn -0.4554 -0.8736 -0.1715
vn -0.2431 -0.9672 0.0734
vn -0.0096 -0.9946 0.1033
vn 0.0737 -0.9804 0.1825
vn -0.4184 -0.8986 -0.1317
vn -0.0111 -0.9868 0.1617
vn -0.7724 -0.6292 0.0867
vn 0.5536 -0.6441 -0.5279
vn 0.9973 0.0687 0.0255
vn 0.9990 0.0449 0.0039
vn 0.9337 0.3444 0.0984
vn 0.9955 0.0888 0.0321
vn 0.8764 0.4473 0.1785
vn 0.8680 0.4821 0.1187
vn 0.6433 0.7139 0.2767
vn 0.5314 0.8250 0.1923
vn 0.6737 0.7339 0.0869
vn 0.1002 0.9939 -0.0455
vn 0.7316 0.5141 0.4478
vn 0.8649 0.2692 0.4237
vn 0.6151 -0.5897 0.5233
vn 0.6611 -0.6283 0.4101
vn 0.5143 0.5185 0.6831
vn 0.0698 -0.0425 0.9967
vn 0.4561 0.3104 0.8341
vn 0.6223 0.7143 0.3202
vn 0.5627 0.5787 0.5903
vn 0.4460 0.8527 0.2719
vn -0.7385 0.1309 -0.6614
vn -0.7034 -0.3158 -0.6367
vn -0.4608 -0.3704 -0.8065
vn -0.4803 0.0477 -0.8758
vn -0.5403 0.3727 -0.7544
vn -0.2806 0.5413 -0.7926
vn -0.3426 0.7535 -0.5611
vn -0.4012 -0.7169 -0.5701
vn -0.2309 -0.8617 -0.4518
vn -0.5722 -0.6732 -0.4684
vn -0.3628 -0.9164 -0.1689
vn 0.0705 -0.9704 0.2312
vn -0.0544 -0.9875 0.1479
vn -0.4982 -0.8216 -0.2771
vn -0.4939 -0.8144 -0.3048
vn -0.1107 -0.7034 0.7022
vn -0.2561 -0.9426 0.2142
vn -0.9879 0.1041 0.1152
vn -0.9902 -0.0241 0.1376
vn -0.9821 0.0715 0.1740
vn 0.5454 -0.3396 0.7663
vn 0.3782 -0.4814 0.7907
vn -0.7783 -0.6278 -0.0109
vn -0.2428 -0.9522 -0.1854
vn -0.6506 -0.7511 -0.1123
vn -0.3172 -0.8562 -0.4078
vn -0.6508 -0.7495 -0.1211
vn -0.6101 -0.7882 -0.0809
vn -0.3173 -0.8562 -0.4078
vn -0.1117 -0.8380 -0.5342
vn -0.5875 -0.7618 -0.2728
vn -0.5022 -0.8644 -0.0236
vn -0.0423 -0.8095 -0.5856
vn 0.2018 -0.6086 -0.7674
vn 0.2695 -0.2902 -0.9182
vn 0.1082 -0.6521 -0.7504
vn -0.2086 -0.3087 -0.9280
vn 0.0865 -0.4124 -0.9069
vn 0.1403 -0.6462 -0.7501
vn -0.0637 -0.4733 -0.8786
vn 0.2638 -0.3629 -0.8937
vn -0.0491 -0.4307 -0.9011
vn 0.0915 -0.6141 -0.7839
vn 0.1516 -0.4689 -0.8702
vn -0.1858 -0.0553 -0.9810
vn -0.9845 -0.0796 -0.1564
vn -0.9676 -0.0835 -0.2382
vn -0.9676 -0.0836 -0.2382
vn -0.4989 -0.8538 -0.1486
vn -0.9886 -0.0696 -0.1336
vn 0.8578 0.5136 -0.0193
vn 0.6751 0.6871 0.2684
vn 0.5064 0.8618 -0.0284
vn 0.8578 0.5136 -0.0194
vn 0.1331 0.8411 -0.5242
vn -0.3462 0.7190 -0.6026
vn -0.3780 0.8088 -0.4505
vn 0.0050 0.9274 -0.3740
vn -0.4141 0.8719 -0.2614
vn -0.4527 0.8794 -0.1475
vn -0.0129 0.9689 -0.2473
vn -0.5015 0.8477 -0.1727
vn -0.3657 0.9165 -0.1620
vn 0.2897 0.9519 -0.0999
vn -0.1961 0.9566 -0.2156
vn 0.3198 0.9413 -0.1081
vn -0.0644 0.9554 -0.2883
vn 0.4660 0.8672 -0.1755
vn 0.2176 0.9558 -0.1979
vn -0.0157 0.9441 -0.3292
vn 0.2175 0.9558 -0.1978
vn -0.0391 0.9828 -0.1806
vn -0.0406 0.9820 -0.1844
vn 0.2175 0.9558 -0.1979
vn 0.4380 -0.8968 0.0624
vn 0.0161 -0.9992 0.0353
vn 0.0305 -0.9967 0.0752
vn 0.4381 -0.8968 0.0624
vn 0.3771 -0.9252 0.0433
vn -0.7455 -0.6283 -0.2225
vn 0.3925 -0.9050 0.1643
vn -0.7355 -0.6752 -0.0562
vn -0.9422 -0.0930 -0.3220
vn 0.6849 -0.5349 -0.4948
vn 0.2285 -0.9193 -0.3204
vn 0.4735 -0.3739 -0.7975
vn 0.8691 -0.3918 -0.3018
vn 0.9034 -0.3123 -0.2937
vn 0.1194 -0.9924 0.0305
vn 0.9046 -0.4257 0.0219
vn 0.2999 -0.9373 0.1773
vn 0.9411 -0.2442 0.2340
vn 0.9267 0.3673 -0.0798
vn 0.8553 0.5078 0.1033
vn 0.9229 0.3851 -0.0010
vn 0.9337 -0.3531 0.0600
vn 0.9404 -0.3283 0.0885
vn 0.7243 -0.6809 0.1084
vn 0.2410 -0.6591 0.7124
vn 0.7376 -0.6383 0.2204
vn 0.9404 -0.3284 0.0885
vn 0.9878 0.0744 0.1370
vn 0.8579 0.5135 -0.0193
vn 0.9867 0.0626 0.1498
vn -0.7879 -0.6158 0.0029
vn -0.9837 -0.0667 -0.1672
vn -0.9730 -0.0826 -0.2155
vn -0.9897 -0.0770 -0.1205
vn -0.9946 -0.0545 -0.0879
vn -0.8199 -0.5549 0.1407
vn -0.9975 -0.0190 0.0684
vn -0.9978 -0.0260 0.0611
vn -0.8659 -0.4645 -0.1854
vn -0.8659 -0.4645 -0.1855
vn -0.9090 -0.0634 -0.4118
vn -0.9118 -0.0585 -0.4065
vn -0.6572 -0.5864 -0.4735
vn -0.9937 -0.0752 -0.0830
vn -0.9996 -0.0265 0.0083
vn -0.8795 -0.4493 0.1569
vn -0.8795 -0.4492 0.1569
vn -0.9692 0.0020 0.2463
vn 0.6658 0.7455 -0.0323
vn 0.6102 0.7460 -0.2666
vn 0.7651 0.5249 -0.3730
vn 0.8139 0.4083 -0.4133
vn 0.7192 0.2795 -0.6361
vn 0.2960 0.7528 -0.5879
vn 0.5023 -0.0733 -0.8616
vn -0.7852 -0.0666 -0.6157
vn -0.7695 -0.0878 -0.6326
vn -0.5646 -0.5738 -0.5932
vn 0.1017 -0.2542 -0.9618
vn 0.0579 -0.2897 -0.9554
vn -0.1844 -0.3545 -0.9167
vn -0.1257 -0.3046 -0.9441
vn 0.0864 -0.4124 -0.9069
vn -0.1868 0.2120 -0.9593
vn -0.2087 -0.3087 -0.9280
vn -0.1483 0.2498 -0.9569
vn -0.7834 -0.1668 -0.5988
vn -0.2086 -0.3086 -0.9280
vn 0.2696 -0.2902 -0.9182
vn 0.4534 0.2112 -0.8659
vn 0.5678 0.3641 -0.7383
vn 0.2695 -0.2903 -0.9182
vn -0.0695 0.0931 -0.9932
vn -0.1379 0.1051 -0.9849
vn -0.7184 -0.3429 -0.6052
vn -0.0638 -0.4733 -0.8786
vn 0.7138 0.1074 -0.6921
vn -0.1456 0.3136 -0.9383
vn 0.0627 0.3699 -0.9270
vn -0.1859 -0.0552 -0.9810
vn -0.6624 0.2856 -0.6926
vn -0.0403 -0.3380 -0.9403
vn 0.1516 -0.4688 -0.8702
vn -0.0817 -0.3550 -0.9313
vn 0.8337 -0.0639 -0.5485
vn -0.0758 0.0275 -0.9967
vn 0.0175 0.0828 -0.9964
vn -0.0491 -0.4307 -0.9012
vn -0.6616 -0.2005 -0.7225
vn 0.7899 -0.0062 -0.6132
vn 0.2638 -0.3630 -0.8937
vn 0.2630 -0.1027 0.9593
vn 0.1567 -0.3395 0.9275
vn -0.9608 -0.0244 0.2761
vn -0.5322 0.1040 0.8402
vn -0.9568 -0.0544 0.2855
vn 0.8484 -0.3547 0.3930
vn 0.9661 -0.0355 0.2557
vn 0.7951 0.3529 -0.4932
vn 0.2750 0.8571 -0.4357
vn 0.0991 -0.6029 0.7916
vn 0.0755 -0.4027 0.9122
vn 0.0234 -0.1259 0.9918
vn 0.0360 -0.5590 0.8284
vn 0.5991 -0.6756 0.4296
vn -0.7991 -0.5789 0.1624
vn -0.9812 -0.0670 0.1812
vn -0.7335 -0.1040 -0.6717
vn -0.5626 -0.3985 -0.7244
vn -0.9155 -0.1429 -0.3761
vn -0.9296 -0.1669 -0.3285
vn -0.7336 -0.1040 -0.6716
vn -0.9714 -0.0324 -0.2352
vn -0.9459 0.0152 -0.3241
vn -0.9481 -0.2642 -0.1770
vn -0.9880 0.0348 -0.1504
vn -0.8397 0.0679 -0.5388
vn -0.9390 0.3207 -0.1239
vn -0.8330 0.5393 -0.1234
vn -0.8294 0.5342 -0.1637
vn -0.9233 0.3799 -0.0573
vn -0.8473 0.2757 -0.4540
vn 0.0291 -0.3739 0.9270
vn 0.0408 -0.6449 0.7632
vn 0.0424 -0.6429 0.7648
vn -0.9035 0.0268 -0.4277
vn -0.8799 0.0303 -0.4741
vn 0.3110 -0.1655 -0.9359
vn 0.4197 -0.1772 -0.8902
vn 0.4180 -0.1774 -0.8910
vn 0.7621 -0.0995 -0.6398
vn 0.8092 -0.0823 -0.5818
vn 0.8989 -0.0877 -0.4292
vn 0.8937 -0.0808 -0.4413
vn 0.1346 -0.2473 0.9596
vn 0.1371 -0.2521 0.9579
vn 0.1389 -0.2803 0.9498
vn 0.1479 -0.1536 0.9770
vn -0.8837 -0.3381 0.3238
vn -0.9275 -0.2939 0.2309
vn -0.8996 -0.3998 0.1758
vn -0.7921 -0.5776 0.1974
vn 0.8537 -0.4717 0.2205
vn 0.8644 -0.4951 0.0876
vn 0.9365 -0.1689 0.3074
vn 0.9105 -0.1695 0.3772
vn -0.8235 -0.0386 0.5660
vn -0.6965 -0.4796 0.5337
vn 0.7281 -0.2217 0.6486
vn 0.8106 -0.2062 0.5482
vn 0.8061 -0.1142 0.5807
vn -0.8845 -0.2274 0.4074
vn -0.8420 -0.2407 0.4828
vn -0.2376 -0.7600 0.6049
vn -0.1205 -0.2962 0.9475
vn -0.6076 -0.1916 0.7708
vn 0.4023 -0.6537 0.6410
vn 0.4581 -0.3306 0.8252
vn 0.7218 -0.5531 0.4159
vn 0.3563 -0.8537 0.3799
vn 0.0007 -0.9944 -0.1061
vn -0.0179 -0.9952 -0.0967
vn -0.5648 -0.7862 0.2508
vn -0.0523 -0.9293 0.3656
vn 0.2721 -0.8684 0.4145
vn 0.5124 -0.7597 0.4004
vn 0.6120 -0.5412 0.5767
vn 0.5992 -0.7525 0.2732
vn 0.6408 -0.7673 0.0234
vn 0.6424 -0.7596 -0.1011
vn 0.8242 0.0572 -0.5635
vn 0.7060 0.3237 -0.6299
vn 0.8325 0.2755 -0.4807
vn 0.8380 0.2677 -0.4756
vn 0.9837 -0.1596 0.0828
vn 0.3478 0.2761 -0.8960
vn -0.7718 0.2731 -0.5742
vn 0.3779 0.0563 -0.9241
vn 0.6117 -0.6973 -0.3736
vn 0.6596 0.1068 -0.7440
vn 0.5193 0.3647 -0.7728
vn -0.8025 0.0945 -0.5891
vn -0.7518 0.2610 -0.6056
vn -0.6978 0.2831 -0.6580
vn 0.2569 0.4246 -0.8682
vn 0.0647 0.4455 -0.8929
vn -0.3038 0.4392 -0.8455
vn -0.2566 0.4492 -0.8558
vn -0.6558 0.2999 -0.6929
vn -0.5641 0.3742 -0.7361
vn -0.3716 -0.0782 -0.9251
vn -0.4033 -0.0111 -0.9150
vn -0.4595 -0.0153 -0.8880
vn -0.4242 -0.5802 -0.6953
vn -0.3573 -0.5197 -0.7761
vn -0.4827 0.6006 -0.6374
vn 0.2887 -0.1942 -0.9375
vn -0.5611 0.1875 -0.8062
vn -0.4133 0.4442 -0.7949
vn -0.6064 0.2149 -0.7655
vn -0.0701 0.9975 -0.0032
vn 0.0665 0.9839 0.1658
vn 0.1494 0.9598 0.2377
vn 0.1575 0.9610 0.2272
vn -0.0702 0.9975 -0.0031
vn -0.2463 0.9290 -0.2760
vn -0.0702 0.9975 -0.0032
vn -0.0703 0.9975 -0.0032
vn -0.3261 0.9237 -0.2008
vn 0.4163 0.1851 -0.8902
vn 0.4410 0.1675 -0.8817
vn -0.0379 0.9925 0.1160
vn -0.0402 0.9927 0.1135
vn -0.3911 0.0599 -0.9184
vn -0.3476 0.4155 -0.8405
vn -0.4033 -0.0110 -0.9150
vn -0.3756 0.0604 -0.9248
vn -0.2239 0.9745 0.0154
vn -0.1357 0.9907 0.0073
vn 0.0665 0.9839 0.1657
vn 0.0588 0.9924 0.1081
vn 0.0292 0.9942 0.1033
vn 0.0204 0.9878 0.1546
vn 0.0883 0.9897 0.1127
vn 0.0587 0.9924 0.1081
vn 0.0774 0.9947 0.0681
vn 0.0929 0.9950 0.0366
vn 0.0985 0.9947 -0.0296
vn 0.0906 0.9955 -0.0289
vn 0.0510 0.9972 0.0547
vn 0.0445 0.9983 0.0385
vn -0.3331 -0.7676 -0.5476
vn -0.3226 -0.7575 -0.5675
vn -0.2130 -0.7576 -0.6170
vn -0.2428 -0.8427 -0.4806
vn -0.0039 -0.8141 -0.5808
vn -0.0143 -0.9098 -0.4147
vn 0.2198 -0.8603 -0.4601
vn 0.1551 -0.9074 -0.3907
vn 0.1245 -0.8863 -0.4461
vn 0.1725 -0.8262 -0.5363
vn 0.1544 -0.8270 -0.5406
vn 0.1696 -0.8456 -0.5062
vn 0.0793 -0.7603 -0.6447
vn -0.5348 0.3340 -0.7762
vn 0.2310 0.8452 -0.4820
vn -0.4134 0.4443 -0.7948
vn -0.2596 0.7176 -0.6462
vn -0.3476 0.4156 -0.8405
vn -0.2708 0.7127 -0.6470
vn 0.7918 0.2847 -0.5404
vn 0.9661 -0.1765 0.1886
vn 0.8522 0.2596 -0.4543
vn 0.8380 0.2677 -0.4755
vn -0.4203 -0.1270 0.8985
vn -0.4886 -0.1568 0.8583
vn 0.2508 -0.2785 0.9271
vn 0.1823 -0.2241 0.9574
vn -0.1204 -0.2962 0.9475
vn -0.7063 -0.0481 0.7062
vn -0.6238 0.6684 0.4052
vn -0.8236 -0.0386 0.5659
vn 0.5834 -0.3613 0.7274
vn 0.6394 -0.3730 0.6724
vn 0.7734 -0.2498 0.5826
vn 0.7507 -0.2483 0.6122
vn 0.7258 -0.3000 0.6190
vn 0.5492 -0.2857 0.7853
vn 0.7281 -0.2217 0.6487
vn 0.5827 -0.2486 0.7738
vn 0.0193 -0.9931 -0.1154
vn 0.1814 0.9465 0.2668
vn 0.5926 0.2044 0.7791
vn 0.5927 0.2043 0.7791
vn 0.1658 0.9469 0.2753
vn 0.8905 -0.2314 0.3917
vn 0.5927 0.2044 0.7791
vn 0.3562 -0.8537 0.3799
vn 0.8975 -0.2163 0.3843
vn 0.1529 -0.3060 0.9397
vn 0.1465 -0.3004 0.9425
vn 0.5827 -0.2485 0.7738
vn 0.4581 -0.3306 0.8251
vn 0.5961 -0.3294 0.7323
vn -0.8837 0.3381 0.3238
vn -0.7921 0.5776 0.1974
vn -0.8996 0.3998 0.1758
vn -0.9275 0.2939 0.2309
vn 0.8537 0.4717 0.2205
vn 0.9105 0.1695 0.3772
vn 0.9365 0.1689 0.3074
vn 0.8644 0.4951 0.0877
vn -0.8235 0.0386 0.5660
vn -0.6965 0.4796 0.5338
vn 0.7281 0.2217 0.6486
vn 0.8061 0.1142 0.5807
vn 0.8106 0.2062 0.5482
vn -0.8845 0.2274 0.4074
vn -0.8420 0.2406 0.4828
vn -0.6076 0.1916 0.7708
vn -0.1205 0.2962 0.9475
vn -0.2376 0.7600 0.6049
vn 0.4581 0.3306 0.8252
vn 0.4023 0.6536 0.6410
vn 0.7218 0.5531 0.4159
vn 0.3563 0.8537 0.3799
vn -0.0179 0.9951 -0.0967
vn 0.0007 0.9944 -0.1061
vn -0.5648 0.7862 0.2508
vn -0.0524 0.9293 0.3656
vn 0.2721 0.8684 0.4145
vn 0.6120 0.5412 0.5767
vn 0.5124 0.7597 0.4004
vn 0.5992 0.7525 0.2732
vn 0.6409 0.7673 0.0234
vn 0.6424 0.7597 -0.1010
vn 0.8242 -0.0572 -0.5634
vn 0.8380 -0.2677 -0.4756
vn 0.8325 -0.2755 -0.4807
vn 0.7060 -0.3237 -0.6299
vn 0.9837 0.1596 0.0828
vn 0.3779 -0.0562 -0.9241
vn -0.7718 -0.2731 -0.5742
vn 0.3478 -0.2761 -0.8960
vn 0.6596 -0.1069 -0.7440
vn 0.6117 0.6973 -0.3736
vn 0.5193 -0.3647 -0.7728
vn -0.8025 -0.0945 -0.5891
vn -0.6978 -0.2831 -0.6580
vn -0.7518 -0.2610 -0.6056
vn 0.0647 -0.4455 -0.8929
vn 0.2569 -0.4246 -0.8682
vn -0.3038 -0.4392 -0.8455
vn -0.2566 -0.4492 -0.8558
vn -0.6558 -0.2999 -0.6929
vn -0.5640 -0.3742 -0.7361
vn -0.4595 0.0153 -0.8880
vn -0.4032 0.0110 -0.9150
vn -0.4032 0.0111 -0.9150
vn -0.3715 0.0782 -0.9251
vn -0.3572 0.5197 -0.7761
vn -0.4242 0.5802 -0.6953
vn 0.2887 0.1942 -0.9375
vn -0.4828 -0.6006 -0.6374
vn -0.6065 -0.2149 -0.7655
vn -0.4133 -0.4442 -0.7949
vn -0.5611 -0.1875 -0.8062
vn -0.0702 -0.9975 -0.0031
vn 0.1575 -0.9610 0.2272
vn 0.1494 -0.9598 0.2376
vn 0.0666 -0.9839 0.1657
vn -0.3261 -0.9237 -0.2008
vn -0.0702 -0.9975 -0.0032
vn -0.2463 -0.9290 -0.2761
vn 0.4410 -0.1676 -0.8817
vn 0.4163 -0.1851 -0.8902
vn -0.0402 -0.9927 0.1135
vn -0.0380 -0.9925 0.1160
vn -0.3755 -0.0604 -0.9248
vn -0.3476 -0.4155 -0.8406
vn -0.3476 -0.4155 -0.8405
vn -0.3911 -0.0599 -0.9184
vn -0.1357 -0.9907 0.0073
vn -0.2239 -0.9745 0.0154
vn 0.0665 -0.9839 0.1657
vn 0.0204 -0.9878 0.1545
vn 0.0292 -0.9942 0.1033
vn 0.0587 -0.9924 0.1081
vn 0.0929 -0.9950 0.0366
vn 0.0774 -0.9947 0.0681
vn 0.0883 -0.9897 0.1127
vn 0.0907 -0.9955 -0.0289
vn 0.0986 -0.9947 -0.0296
vn 0.0445 -0.9983 0.0385
vn 0.0510 -0.9972 0.0547
vn -0.3226 0.7575 -0.5675
vn -0.3331 0.7676 -0.5476
vn -0.2429 0.8427 -0.4806
vn -0.2130 0.7576 -0.6170
vn -0.0143 0.9098 -0.4147
vn -0.0039 0.8141 -0.5807
vn 0.2198 0.8603 -0.4600
vn 0.2109 0.8349 -0.5085
vn 0.1245 0.8862 -0.4462
vn 0.1551 0.9074 -0.3907
vn 0.1543 0.8270 -0.5406
vn 0.1725 0.8262 -0.5363
vn 0.0793 0.7603 -0.6447
vn 0.1696 0.8456 -0.5062
vn -0.4134 -0.4442 -0.7948
vn 0.2309 -0.8452 -0.4820
vn -0.5347 -0.3340 -0.7762
vn -0.2708 -0.7127 -0.6471
vn -0.3476 -0.4156 -0.8405
vn -0.3475 -0.4156 -0.8405
vn -0.2596 -0.7176 -0.6463
vn 0.7918 -0.2847 -0.5404
vn 0.9661 0.1765 0.1886
vn 0.8522 -0.2596 -0.4543
vn -0.4887 0.1568 0.8583
vn -0.4203 0.1270 0.8985
vn -0.1204 0.2962 0.9475
vn 0.1823 0.2242 0.9574
vn 0.2508 0.2785 0.9271
vn -0.8236 0.0386 0.5659
vn -0.6238 -0.6684 0.4052
vn -0.7063 0.0481 0.7062
vn 0.5834 0.3613 0.7274
vn 0.6393 0.3730 0.6724
vn 0.7734 0.2498 0.5826
vn 0.7507 0.2483 0.6122
vn 0.7258 0.3000 0.6190
vn 0.5827 0.2485 0.7738
vn 0.5492 0.2857 0.7853
vn 0.7281 0.2217 0.6487
vn 0.0193 0.9931 -0.1154
vn 0.1815 -0.9465 0.2668
vn 0.5926 -0.2043 0.7791
vn 0.5927 -0.2043 0.7791
vn 0.1659 -0.9469 0.2754
vn 0.8975 0.2163 0.3843
vn 0.3562 0.8537 0.3799
vn 0.5927 -0.2044 0.7791
vn 0.8905 0.2314 0.3917
vn 0.1465 0.3003 0.9425
vn 0.1528 0.3059 0.9397
vn 0.4581 0.3306 0.8251
vn 0.5961 0.3294 0.7323
vn 0.8040 -0.5786 -0.1371
vn 0.9555 0.2908 0.0504
vn -0.9556 -0.2906 -0.0495
vn -0.8044 0.5780 0.1374
vn -0.0020 -0.9771 -0.2129
vn -0.2052 0.9557 0.2113
vn 0.9555 -0.2908 0.0504
vn 0.8040 0.5786 -0.1371
vn -0.8043 -0.5781 0.1374
vn -0.9556 0.2906 -0.0495
vn -0.3106 -0.9278 0.2065
vt 0.059905 1.070987
vt 0.059905 1.016799
vt 0.012416 1.016799
vt 0.012416 1.070987
vt 0.059905 1.563518
vt 0.012416 1.563516
vt 0.012416 1.602104
vt 0.059905 1.602109
vt 0.012416 1.715798
vt 0.059905 1.715801
vt 0.059904 1.680785
vt 0.015868 1.680781
vt 0.135618 1.349969
vt 0.137808 1.287160
vt 0.073315 1.287160
vt 0.073315 1.352039
vt 0.059905 1.136856
vt 0.012416 1.136856
vt 0.012416 1.204693
vt 0.059905 1.204688
vt 0.073315 1.475804
vt 0.167440 1.475804
vt 0.073315 1.414157
vt 0.012416 1.263211
vt 0.059905 1.263191
vt 0.073315 1.524611
vt 0.102305 1.509579
vt 0.138470 1.429143
vt 0.167440 1.440598
vt 0.167440 1.352039
vt 0.167440 1.287160
vt 0.012416 1.344453
vt 0.059905 1.344774
vt 0.059905 1.470993
vt 0.012416 1.470993
vt 0.059905 1.383814
vt 0.012416 1.383787
vt 0.271645 1.174754
vt 0.196602 1.174754
vt 0.213528 1.205146
vt 0.263239 1.205146
vt 0.057842 1.787678
vt 0.057842 1.735351
vt 0.012156 1.735351
vt 0.012156 1.787678
vt 0.012157 1.912048
vt 0.012157 1.936260
vt 0.057842 1.936260
vt 0.057842 1.912048
vt 0.057842 1.884299
vt 0.012157 1.884299
vt 0.057842 1.828029
vt 0.012156 1.828029
vt 0.012156 1.859791
vt 0.057842 1.859791
vt 0.057842 1.968146
vt 0.012157 1.968146
vt 0.012157 1.990336
vt 0.057842 1.990336
vt 0.313801 1.174754
vt 0.330288 1.205146
vt 0.251276 1.149922
vt 0.217445 1.149922
vt 0.274387 1.396934
vt 0.274387 1.353815
vt 0.253869 1.353815
vt 0.253869 1.396934
vt 0.246861 1.353815
vt 0.230519 1.353815
vt 0.230519 1.396934
vt 0.246861 1.396934
vt 0.283006 1.353815
vt 0.276856 1.353815
vt 0.276856 1.396934
vt 0.283006 1.396934
vt 0.251492 1.422503
vt 0.251492 1.419886
vt 0.243487 1.419886
vt 0.243487 1.422503
vt 0.286164 1.396934
vt 0.286164 1.353815
vt 0.251492 1.404906
vt 0.295691 1.353815
vt 0.295691 1.396934
vt 0.230519 1.404906
vt 0.230519 1.419886
vt 0.600687 1.560123
vt 0.600687 1.595641
vt 0.615878 1.595641
vt 0.615878 1.560123
vt 0.620561 1.560123
vt 0.620561 1.595641
vt 0.635752 1.595641
vt 0.635752 1.560123
vt 0.640434 1.560123
vt 0.640434 1.595641
vt 0.655625 1.595641
vt 0.655625 1.560123
vt 0.660308 1.560123
vt 0.660308 1.595641
vt 0.675499 1.595641
vt 0.675499 1.560123
vt 0.596004 1.560123
vt 0.596004 1.595641
vt 0.419772 1.296186
vt 0.390025 1.325878
vt 0.435012 1.326392
vt 0.428383 1.308276
vt 0.401571 1.283544
vt 0.387503 1.279726
vt 0.463475 1.552533
vt 0.463475 1.522378
vt 0.430083 1.522378
vt 0.430083 1.552533
vt 0.392864 1.552533
vt 0.392864 1.528869
vt 0.320944 1.528869
vt 0.320944 1.552533
vt 0.500898 1.552533
vt 0.500898 1.522378
vt 0.521963 1.552533
vt 0.521963 1.522378
vt 0.400247 1.522378
vt 0.310282 1.318667
vt 0.330993 1.340027
vt 0.310282 1.340027
vt 0.360328 1.340027
vt 0.388347 1.340027
vt 0.388347 1.346869
vt 0.360328 1.346869
vt 0.725658 1.653947
vt 0.725658 1.615152
vt 0.692928 1.615152
vt 0.692928 1.653947
vt 0.412230 1.346869
vt 0.412230 1.340027
vt 0.684024 1.615152
vt 0.684024 1.653947
vt 0.684024 1.579732
vt 0.692928 1.579732
vt 0.692928 1.551218
vt 0.684024 1.551218
vt 0.555290 1.337005
vt 0.469654 1.337005
vt 0.512955 1.294519
vt 0.555290 1.327031
vt 0.469654 1.313879
vt 0.537777 1.347705
vt 0.352592 1.656466
vt 0.352592 1.580257
vt 0.379054 1.580257
vt 0.379054 1.679864
vt 0.352592 1.566963
vt 0.379054 1.566963
vt 0.555290 1.347705
vt 0.302901 1.500733
vt 0.293249 1.500733
vt 0.293249 1.524862
vt 0.302901 1.524862
vt 0.241169 1.500733
vt 0.241169 1.524862
vt 0.319977 1.830904
vt 0.319977 1.768254
vt 0.379054 1.768254
vt 0.379054 1.830904
vt 0.537869 1.367181
vt 0.469654 1.367181
vt 0.453885 1.337005
vt 0.447229 1.323597
vt 0.684024 1.530983
vt 0.692928 1.530983
vt 0.656566 1.530983
vt 0.656566 1.551218
vt 0.447410 1.337005
vt 0.330993 1.346869
vt 0.370339 1.294944
vt 0.370339 1.318667
vt 0.310282 1.294944
vt 0.330993 1.239838
vt 0.330993 1.213822
vt 0.336606 1.213822
vt 0.370339 1.213822
vt 0.370339 1.239838
vt 0.294018 1.340027
vt 0.294018 1.273063
vt 0.310282 1.273063
vt 0.310282 1.346869
vt 0.274795 1.273063
vt 0.274795 1.340027
vt 0.254598 1.340027
vt 0.254598 1.273063
vt 0.235528 1.311984
vt 0.235528 1.288108
vt 0.370339 1.273063
vt 0.330993 1.257437
vt 0.725658 1.579732
vt 0.725658 1.551218
vt 0.379054 1.854845
vt 0.319977 1.854845
vt 0.319977 1.679864
vt 0.319977 1.656466
vt 0.227952 1.500733
vt 0.227952 1.524862
vt 0.293249 1.554022
vt 0.302901 1.554022
vt 0.241169 1.554022
vt 0.725658 1.530983
vt 0.379054 1.867042
vt 0.319977 1.867042
vt 0.684024 1.657243
vt 0.692928 1.657243
vt 0.725658 1.657243
vt 0.684024 1.663869
vt 0.692928 1.663869
vt 0.725658 1.663869
vt 0.692928 1.675176
vt 0.725658 1.675176
vt 0.692928 1.682411
vt 0.725658 1.682411
vt 0.310282 1.257437
vt 0.330993 1.334174
vt 0.370339 1.334174
vt 0.320944 1.518029
vt 0.392864 1.518029
vt 0.242604 1.938239
vt 0.255082 1.938239
vt 0.255082 1.800742
vt 0.242604 1.800742
vt 0.230362 1.938239
vt 0.230362 1.800742
vt 0.292633 1.938239
vt 0.305365 1.938239
vt 0.305365 1.800742
vt 0.292633 1.800742
vt 0.280118 1.800742
vt 0.280118 1.938239
vt 0.267827 1.800742
vt 0.267827 1.938239
vt 0.682370 1.478966
vt 0.708048 1.479135
vt 0.695062 1.457286
vt 0.682272 1.464456
vt 0.695258 1.486304
vt 0.707950 1.464625
vt 0.421752 1.630081
vt 0.427181 1.630081
vt 0.427181 1.564529
vt 0.421752 1.564529
vt 0.433206 1.630081
vt 0.433206 1.564529
vt 0.394428 1.564529
vt 0.394428 1.630081
vt 0.401743 1.630081
vt 0.401743 1.564529
vt 0.408925 1.630081
vt 0.408925 1.564529
vt 0.415390 1.630081
vt 0.415390 1.564529
vt 0.421752 1.674869
vt 0.427181 1.674869
vt 0.433206 1.674869
vt 0.394428 1.674869
vt 0.401743 1.674869
vt 0.408925 1.674869
vt 0.415390 1.674869
vt 0.421752 1.724861
vt 0.427181 1.724861
vt 0.433206 1.724861
vt 0.394428 1.724861
vt 0.401743 1.724861
vt 0.408925 1.724861
vt 0.415390 1.724861
vt 0.421752 1.775836
vt 0.427181 1.775836
vt 0.433206 1.775836
vt 0.394428 1.775836
vt 0.401743 1.775836
vt 0.408925 1.775836
vt 0.415390 1.775836
vt 0.421752 1.829343
vt 0.427181 1.829343
vt 0.433206 1.829343
vt 0.394428 1.829343
vt 0.401743 1.829343
vt 0.408925 1.829343
vt 0.415390 1.829343
vt 0.426760 1.768208
vt 0.419973 1.768208
vt 0.419973 1.829529
vt 0.414007 1.768208
vt 0.414007 1.829529
vt 0.407148 1.768208
vt 0.407148 1.829529
vt 0.400426 1.768208
vt 0.400426 1.829529
vt 0.394488 1.768208
vt 0.433215 1.768208
vt 0.426760 1.718996
vt 0.419973 1.718996
vt 0.414007 1.718996
vt 0.407148 1.718996
vt 0.400426 1.718996
vt 0.394488 1.718996
vt 0.433215 1.718996
vt 0.426760 1.670286
vt 0.419973 1.670286
vt 0.414007 1.670286
vt 0.407148 1.670286
vt 0.400426 1.670286
vt 0.394488 1.670286
vt 0.433215 1.670286
vt 0.426760 1.626712
vt 0.419973 1.626712
vt 0.414007 1.626712
vt 0.407148 1.626712
vt 0.400426 1.626712
vt 0.394488 1.626712
vt 0.433215 1.626712
vt 0.419973 1.564308
vt 0.414007 1.564308
vt 0.407148 1.564308
vt 0.400426 1.564308
vt 0.402050 1.670780
vt 0.409385 1.670780
vt 0.420865 1.781708
vt 0.427437 1.781708
vt 0.433031 1.781708
vt 0.394465 1.781708
vt 0.402050 1.781708
vt 0.409385 1.781708
vt 0.414591 1.781708
vt 0.440521 1.661133
vt 0.488318 1.661133
vt 0.488318 1.683470
vt 0.440521 1.683470
vt 0.488318 1.772815
vt 0.488318 1.795152
vt 0.440521 1.795152
vt 0.440521 1.772815
vt 0.488318 1.750479
vt 0.440521 1.750479
vt 0.488318 1.728143
vt 0.440521 1.728143
vt 0.440521 1.705806
vt 0.488318 1.705806
vt 0.885923 1.310718
vt 0.872509 1.310718
vt 0.872509 1.386495
vt 0.885923 1.386495
vt 0.990340 1.310718
vt 0.990340 1.296538
vt 0.896468 1.296538
vt 0.896468 1.310718
vt 0.990340 1.386495
vt 0.896468 1.386495
vt 0.896468 1.288593
vt 0.885923 1.288593
vt 0.885923 1.296538
vt 0.853313 1.386495
vt 0.863857 1.386495
vt 0.863857 1.310718
vt 0.853312 1.310718
vt 0.885923 1.400892
vt 0.896468 1.400892
vt 0.990340 1.400892
vt 0.885923 1.408840
vt 0.896468 1.408840
vt 0.844651 1.310718
vt 0.844652 1.386495
vt 0.750770 1.386495
vt 0.750766 1.310718
vt 0.357848 1.122688
vt 0.425731 1.122688
vt 0.425731 1.106785
vt 0.357848 1.106785
vt 0.442942 1.106785
vt 0.442942 1.020109
vt 0.425731 1.020109
vt 0.357848 1.020109
vt 0.340939 1.106785
vt 0.340939 1.020109
vt 0.656384 1.785441
vt 0.640413 1.785441
vt 0.640413 1.848163
vt 0.656384 1.848163
vt 0.640413 1.870275
vt 0.656384 1.870275
vt 0.640413 1.904843
vt 0.656384 1.904843
vt 0.640413 1.926989
vt 0.656384 1.926989
vt 0.640413 1.989630
vt 0.656384 1.989630
vt 0.729928 1.391368
vt 0.723954 1.318653
vt 0.686064 1.374358
vt 0.697733 1.391363
vt 0.741542 1.374358
vt 0.703401 1.318653
vt 0.343635 1.190284
vt 0.383563 1.190284
vt 0.383563 1.176987
vt 0.343635 1.176987
vt 0.600997 1.190284
vt 0.600997 1.141001
vt 0.596219 1.141001
vt 0.596219 1.190284
vt 0.453830 1.126838
vt 0.480841 1.126838
vt 0.480841 1.118648
vt 0.453830 1.118648
vt 0.961577 1.175392
vt 0.984751 1.158955
vt 0.944572 1.158955
vt 0.944572 1.175392
vt 0.984751 1.161682
vt 0.510648 1.141001
vt 0.467128 1.141001
vt 0.467128 1.190284
vt 0.510648 1.190284
vt 0.931207 1.235221
vt 0.987283 1.235221
vt 0.900009 1.280058
vt 0.900009 1.262651
vt 0.987283 1.280058
vt 0.650136 1.190284
vt 0.650136 1.141001
vt 0.609021 1.141001
vt 0.609021 1.190284
vt 0.588181 1.141001
vt 0.550184 1.141001
vt 0.550184 1.190284
vt 0.588181 1.190284
vt 0.902997 1.253976
vt 0.902997 1.245947
vt 0.898049 1.245947
vt 0.898049 1.253976
vt 0.948463 1.185799
vt 0.948463 1.194288
vt 0.943514 1.194288
vt 0.943514 1.185799
vt 0.690182 1.152527
vt 0.690182 1.190284
vt 0.690182 1.176987
vt 0.690182 1.141001
vt 0.731471 1.152527
vt 0.731471 1.141001
vt 0.706442 1.141001
vt 0.706442 1.152527
vt 0.383563 1.141001
vt 0.383563 1.152527
vt 0.914244 1.204873
vt 0.858135 1.158955
vt 0.858135 1.204873
vt 0.883202 1.262651
vt 0.859663 1.280058
vt 0.859663 1.275638
vt 0.343635 1.141001
vt 0.343635 1.152527
vt 0.669167 1.126838
vt 0.696488 1.126838
vt 0.696488 1.118648
vt 0.669167 1.118648
vt 0.706442 1.190284
vt 0.706442 1.176987
vt 0.598075 1.126838
vt 0.628288 1.096109
vt 0.598075 1.096109
vt 0.552279 1.126838
vt 0.552279 1.096109
vt 0.521590 1.096109
vt 0.731471 1.190284
vt 0.731471 1.176987
vt 0.987283 1.194288
vt 0.858135 1.245947
vt 0.763894 1.680303
vt 0.763894 1.641432
vt 0.753577 1.641432
vt 0.753577 1.680303
vt 0.744716 1.641432
vt 0.744716 1.680303
vt 0.734886 1.641432
vt 0.734886 1.680303
vt 0.772598 1.680303
vt 0.772598 1.641432
vt 0.734886 1.788786
vt 0.734886 1.827552
vt 0.744716 1.827552
vt 0.744716 1.788786
vt 0.753577 1.827552
vt 0.753577 1.788786
vt 0.763894 1.827552
vt 0.763894 1.788786
vt 0.772598 1.827552
vt 0.772598 1.788786
vt 0.753577 1.705971
vt 0.763894 1.705971
vt 0.744716 1.705971
vt 0.734886 1.701752
vt 0.772598 1.701752
vt 0.744716 1.763073
vt 0.734886 1.767247
vt 0.753577 1.763073
vt 0.763894 1.763073
vt 0.772598 1.767247
vt 0.734886 1.710316
vt 0.734886 1.758461
vt 0.772598 1.758461
vt 0.772598 1.710316
vt 0.782997 1.197010
vt 0.782997 1.149547
vt 0.768106 1.149547
vt 0.768106 1.197010
vt 0.758119 1.197010
vt 0.758119 1.149547
vt 0.742780 1.149547
vt 0.742780 1.192762
vt 0.791159 1.192762
vt 0.791159 1.149547
vt 0.742780 1.249248
vt 0.742780 1.292408
vt 0.758119 1.292408
vt 0.758119 1.245041
vt 0.768106 1.292408
vt 0.768106 1.245041
vt 0.782997 1.292408
vt 0.782997 1.245041
vt 0.791159 1.249248
vt 0.791159 1.292408
vt 0.742780 1.202044
vt 0.742780 1.240344
vt 0.791159 1.240344
vt 0.791159 1.202044
vt 0.753577 1.631881
vt 0.744716 1.631881
vt 0.744716 1.837632
vt 0.753577 1.837632
vt 0.768106 1.141315
vt 0.782997 1.141315
vt 0.758119 1.298432
vt 0.742780 1.298432
vt 0.822703 1.655801
vt 0.835961 1.655801
vt 0.835961 1.660606
vt 0.822703 1.660606
vt 0.846337 1.707315
vt 0.835961 1.707315
vt 0.846337 1.660606
vt 0.866967 1.146912
vt 0.866967 1.140345
vt 0.874430 1.146912
vt 0.783392 1.707315
vt 0.822703 1.712263
vt 0.783392 1.712263
vt 0.783392 1.660606
vt 0.783392 1.655801
vt 0.626367 1.058760
vt 0.626367 1.051542
vt 0.609378 1.051542
vt 0.609378 1.058760
vt 0.609378 1.073149
vt 0.666835 1.073150
vt 0.609378 1.078775
vt 0.666835 1.078775
vt 0.554753 1.051542
vt 0.554753 1.058760
vt 0.554753 1.073149
vt 0.554753 1.078775
vt 0.609378 1.038057
vt 0.554753 1.038057
vt 0.540758 1.051542
vt 0.540758 1.058760
vt 0.540758 1.073149
vt 0.540758 1.078775
vt 0.540758 1.038057
vt 0.500621 1.051542
vt 0.500621 1.058760
vt 0.500621 1.073149
vt 0.500621 1.078775
vt 0.500621 1.038057
vt 0.866967 1.108273
vt 0.874430 1.108273
vt 0.874430 1.117650
vt 0.866967 1.117650
vt 0.860465 1.140345
vt 0.860465 1.117650
vt 0.471620 1.073149
vt 0.471620 1.078775
vt 0.471620 1.038057
vt 0.896232 1.117650
vt 0.896232 1.108273
vt 0.874430 1.079764
vt 0.896232 1.079764
vt 0.896232 1.140345
vt 0.896232 1.146912
vt 0.822703 1.633942
vt 0.783392 1.633942
vt 0.666409 1.038057
vt 0.835961 1.712263
vt 0.831560 1.559307
vt 0.818357 1.559307
vt 0.818357 1.626317
vt 0.831560 1.626317
vt 0.687138 1.919389
vt 0.763358 1.919389
vt 0.763358 1.986400
vt 0.687138 1.986400
vt 0.855686 1.559307
vt 0.855686 1.626317
vt 0.831560 1.644411
vt 0.855686 1.644411
vt 0.945582 1.559307
vt 0.916383 1.626317
vt 0.945582 1.626317
vt 0.916383 1.703770
vt 0.855686 1.703770
vt 0.910953 1.423133
vt 0.855686 1.423133
vt 0.945582 1.483629
vt 0.945582 1.423133
vt 0.855686 1.483629
vt 0.855686 1.536650
vt 0.831560 1.536650
vt 0.790107 1.423133
vt 0.790107 1.483629
vt 0.811826 1.483629
vt 0.811826 1.423133
vt 0.986896 1.559307
vt 0.986896 1.626317
vt 0.945582 1.703770
vt 0.986896 1.703770
vt 0.986896 1.483629
vt 0.986896 1.423133
vt 0.887557 1.718253
vt 0.887557 1.769357
vt 0.933347 1.769357
vt 0.933347 1.718253
vt 0.990055 1.718253
vt 0.990055 1.769357
vt 0.830509 1.718253
vt 0.782127 1.718253
vt 0.782127 1.769357
vt 0.830509 1.769357
vt 0.419107 1.462940
vt 0.419107 1.378686
vt 0.399868 1.378686
vt 0.399868 1.462940
vt 0.380013 1.462940
vt 0.380013 1.378686
vt 0.518827 1.462940
vt 0.539297 1.462940
vt 0.539297 1.378686
vt 0.518827 1.378686
vt 0.498870 1.378686
vt 0.498870 1.462940
vt 0.479444 1.378686
vt 0.479444 1.462940
vt 0.459574 1.378686
vt 0.459574 1.462940
vt 0.439083 1.378686
vt 0.439083 1.462940
vt 0.781440 1.547402
vt 0.798038 1.590247
vt 0.810082 1.559914
vt 0.798278 1.547377
vt 0.769560 1.577729
vt 0.769544 1.559972
vt 0.781362 1.590271
vt 0.809934 1.577671
vt 0.904714 1.069516
vt 0.904714 1.089908
vt 0.961708 1.089908
vt 0.961708 1.069516
vt 0.904714 1.010835
vt 0.876077 1.010835
vt 0.876077 1.069516
vt 0.904714 1.148957
vt 0.961708 1.148957
vt 0.989710 1.069516
vt 0.989710 1.010835
vt 0.961708 1.010835
vt 0.779469 1.082986
vt 0.815438 1.082986
vt 0.815438 1.019373
vt 0.779469 1.019373
vt 0.859982 1.082986
vt 0.859982 1.019373
vt 0.734657 1.082986
vt 0.734657 1.019373
vt 0.696652 1.019373
vt 0.696652 1.082986
vt 0.674788 1.811638
vt 0.662754 1.811638
vt 0.662754 1.818542
vt 0.674788 1.818542
vt 0.674788 1.880948
vt 0.674788 1.872084
vt 0.662754 1.872084
vt 0.662754 1.880948
vt 0.800174 1.131815
vt 0.845011 1.131815
vt 0.845011 1.122256
vt 0.800174 1.122256
vt 0.662754 1.940922
vt 0.662754 1.960693
vt 0.674788 1.960693
vt 0.674788 1.940922
vt 0.968634 1.123227
vt 0.968634 1.147505
vt 0.976573 1.147505
vt 0.976573 1.123227
vt 0.662754 1.838290
vt 0.674788 1.838290
vt 0.734414 1.101425
vt 0.734414 1.122256
vt 0.734414 1.092739
vt 0.734414 1.131815
vt 0.800174 1.101425
vt 0.800174 1.092739
vt 0.674788 1.911544
vt 0.662754 1.911544
vt 0.986060 1.090064
vt 0.976573 1.090064
vt 0.995319 1.090064
vt 0.968634 1.090064
vt 0.986060 1.123227
vt 0.995319 1.123227
vt 0.662754 1.867446
vt 0.674788 1.867446
vt 0.662754 1.968029
vt 0.674788 1.968029
vt 0.845011 1.101425
vt 0.845011 1.092739
vt 0.986060 1.147505
vt 0.995319 1.147505
vt 0.674788 1.791791
vt 0.662754 1.791791
vt 0.662754 1.987984
vt 0.674788 1.987984
vt 0.674788 1.783357
vt 0.662754 1.783357
vt 0.714609 1.092739
vt 0.714609 1.101425
vt 0.674788 1.906902
vt 0.662754 1.906902
vt 0.995319 1.079227
vt 0.986060 1.079227
vt 0.674788 1.894556
vt 0.662754 1.894556
vt 0.714609 1.122256
vt 0.714609 1.131815
vt 0.976573 1.079227
vt 0.968634 1.079227
vt 0.662754 1.885515
vt 0.674788 1.885515
vt 0.674788 1.890005
vt 0.662754 1.890005
vt 0.583845 1.015265
vt 0.583845 1.029990
vt 0.591832 1.029990
vt 0.591832 1.015265
vt 0.722902 1.743992
vt 0.689246 1.743992
vt 0.689246 1.778541
vt 0.722902 1.778541
vt 0.689246 1.835384
vt 0.695391 1.835384
vt 0.695391 1.820678
vt 0.689246 1.820678
vt 0.542184 1.029990
vt 0.542184 1.015265
vt 0.533458 1.015265
vt 0.533458 1.029990
vt 0.849137 1.290892
vt 0.834668 1.290868
vt 0.834668 1.276113
vt 0.849137 1.276113
vt 0.600654 1.015265
vt 0.600654 1.029990
vt 0.717122 1.820678
vt 0.722902 1.820678
vt 0.491153 1.015265
vt 0.491153 1.029990
vt 0.800681 1.203303
vt 0.849137 1.203332
vt 0.800681 1.276113
vt 0.815006 1.276113
vt 0.642379 1.029990
vt 0.642379 1.015265
vt 0.550292 1.029990
vt 0.550292 1.015265
vt 0.717122 1.835384
vt 0.722902 1.835384
vt 0.815006 1.290812
vt 0.800681 1.290784
vt 0.575132 1.029990
vt 0.575132 1.015265
vt 0.558855 1.015265
vt 0.558855 1.029990
vt 0.800681 1.153049
vt 0.849137 1.153049
vt 0.463010 1.015265
vt 0.670105 1.015266
vt 0.689082 1.845287
vt 0.689082 1.907989
vt 0.759489 1.907989
vt 0.759489 1.845287
vt 0.890335 1.954017
vt 0.853660 1.954017
vt 0.853660 1.988297
vt 0.890335 1.988297
vt 0.943033 1.954017
vt 0.943033 1.988297
vt 0.991940 1.988297
vt 0.991940 1.954017
vt 0.779969 1.988297
vt 0.779969 1.954017
vt 0.853660 1.849104
vt 0.890335 1.850805
vt 0.890335 1.783524
vt 0.853660 1.783524
vt 0.919926 1.834331
vt 0.943033 1.834331
vt 0.943033 1.783524
vt 0.991940 1.834331
vt 0.991940 1.783524
vt 0.819789 1.832332
vt 0.853660 1.885816
vt 0.890335 1.888416
vt 0.919926 1.871764
vt 0.943033 1.871764
vt 0.991940 1.871764
vt 0.853660 1.914594
vt 0.890335 1.914594
vt 0.943033 1.914594
vt 0.991940 1.914594
vt 0.779969 1.914594
vt 0.819789 1.868921
vt 0.779969 1.868921
vt 0.779969 1.783524
vt 0.779969 1.832332
vt 0.274193 1.127395
vt 0.282752 1.127395
vt 0.282752 1.084127
vt 0.274193 1.076876
vt 0.148635 1.654366
vt 0.172060 1.644292
vt 0.205080 1.721722
vt 0.192840 1.734403
vt 0.148635 1.644292
vt 0.282752 1.137756
vt 0.274193 1.137756
vt 0.216672 1.779566
vt 0.155032 1.822742
vt 0.155032 1.793467
vt 0.311810 1.137756
vt 0.311810 1.147268
vt 0.323655 1.161692
vt 0.311810 1.084127
vt 0.233534 1.954730
vt 0.233534 1.966016
vt 0.248355 1.966016
vt 0.248355 1.948407
vt 0.234762 1.636397
vt 0.309385 1.614354
vt 0.234762 1.614354
vt 0.265586 1.486093
vt 0.265586 1.433109
vt 0.231196 1.433109
vt 0.231196 1.486093
vt 0.193603 1.547174
vt 0.211727 1.566208
vt 0.219798 1.561135
vt 0.205887 1.522358
vt 0.174248 1.529920
vt 0.730125 1.481821
vt 0.748744 1.482345
vt 0.740056 1.446079
vt 0.713095 1.454691
vt 0.726951 1.410481
vt 0.714907 1.434566
vt 0.766104 1.414520
vt 0.738364 1.395122
vt 0.254913 1.652455
vt 0.309385 1.652455
vt 0.216672 1.822546
vt 0.155032 1.773604
vt 0.102843 1.169628
vt 0.127463 1.169628
vt 0.127463 1.214167
vt 0.102843 1.214167
vt 0.075629 1.169628
vt 0.075629 1.214167
vt 0.254913 1.677293
vt 0.234762 1.652455
vt 0.234762 1.692578
vt 0.102843 1.116350
vt 0.075629 1.116350
vt 0.075629 1.021809
vt 0.102843 1.021809
vt 0.282752 1.076876
vt 0.282752 1.062560
vt 0.311810 1.076876
vt 0.311810 1.062560
vt 0.211582 1.013585
vt 0.216172 1.033902
vt 0.203497 1.033902
vt 0.190229 1.563977
vt 0.216672 1.877491
vt 0.155032 1.877491
vt 0.163541 1.560135
vt 0.365538 1.358810
vt 0.305330 1.358810
vt 0.335753 1.376538
vt 0.778569 1.481904
vt 0.783190 1.449970
vt 0.144716 1.526007
vt 0.099570 1.568468
vt 0.130702 1.559493
vt 0.126178 1.523436
vt 0.309385 1.689019
vt 0.237069 1.137756
vt 0.237069 1.103157
vt 0.801827 1.505445
vt 0.774877 1.505808
vt 0.775327 1.532212
vt 0.801827 1.532347
vt 0.226826 1.644292
vt 0.226826 1.721722
vt 0.248355 1.992195
vt 0.248355 1.974813
vt 0.233534 1.974813
vt 0.233534 1.992195
vt 0.741586 1.568794
vt 0.753351 1.530318
vt 0.741613 1.529865
vt 0.732583 1.568062
vt 0.737841 1.584717
vt 0.735522 1.590061
vt 0.757983 1.616862
vt 0.764211 1.607820
vt 0.177730 1.098126
vt 0.213621 1.096150
vt 0.201962 1.111339
vt 0.189932 1.111955
vt 0.184013 1.912102
vt 0.184013 1.888904
vt 0.169252 1.888904
vt 0.169252 1.912102
vt 0.311810 1.040077
vt 0.321005 1.040077
vt 0.321005 1.018438
vt 0.311810 1.018438
vt 0.179536 1.633688
vt 0.226826 1.633688
vt 0.316055 1.419547
vt 0.366037 1.419547
vt 0.366037 1.478548
vt 0.316055 1.510627
vt 0.763345 1.506086
vt 0.770201 1.496830
vt 0.274193 1.040077
vt 0.282752 1.040077
vt 0.274193 1.018438
vt 0.282752 1.018438
vt 0.237069 1.040077
vt 0.237069 1.076876
vt 0.237069 1.018438
vt 0.274193 1.161692
vt 0.282752 1.161692
vt 0.335753 1.394194
vt 0.305330 1.376538
vt 0.305330 1.394194
vt 0.335753 1.409613
vt 0.305330 1.409613
vt 0.159832 1.622953
vt 0.164663 1.633688
vt 0.148635 1.633688
vt 0.148635 1.622341
vt 0.274692 1.974813
vt 0.293497 1.433109
vt 0.293497 1.486093
vt 0.360629 1.394194
vt 0.369500 1.376538
vt 0.136317 1.681791
vt 0.146498 1.695212
vt 0.136317 1.759428
vt 0.309385 1.564755
vt 0.234762 1.564755
vt 0.234762 1.583232
vt 0.309385 1.583232
vt 0.139477 1.665418
vt 0.174082 1.624996
vt 0.763758 1.497233
vt 0.759425 1.502929
vt 0.134998 1.644292
vt 0.134998 1.633688
vt 0.801827 1.495487
vt 0.764582 1.531644
vt 0.757705 1.573880
vt 0.768288 1.596726
vt 0.779295 1.625501
vt 0.782732 1.615671
vt 0.169252 1.937463
vt 0.169252 1.979402
vt 0.184013 1.979402
vt 0.184013 1.937463
vt 0.216963 1.991361
vt 0.216963 1.979402
vt 0.184013 1.991361
vt 0.216963 1.937463
vt 0.489304 1.478548
vt 0.489304 1.510627
vt 0.456047 1.510627
vt 0.456047 1.478548
vt 0.366037 1.510627
vt 0.532103 1.478548
vt 0.532103 1.510627
vt 0.785577 1.609196
vt 0.216963 1.912102
vt 0.216963 1.888904
vt 0.171261 1.033902
vt 0.177736 1.064368
vt 0.163937 1.066145
vt 0.200930 1.054067
vt 0.210237 1.064308
vt 0.163937 1.106745
vt 0.186848 1.053924
vt 0.323737 1.975084
vt 0.327659 1.975084
vt 0.330176 1.968377
vt 0.323737 1.968377
vt 0.274692 1.992195
vt 0.258490 1.953922
vt 0.127463 1.116350
vt 0.198204 1.591428
vt 0.198204 1.577481
vt 0.190136 1.586412
vt 0.198204 1.613792
vt 0.213476 1.613792
vt 0.213476 1.591428
vt 0.167353 1.591428
vt 0.167353 1.613792
vt 0.127463 1.021809
vt 0.227820 1.013585
vt 0.227820 1.033902
vt 0.227820 1.064718
vt 0.227820 1.105922
vt 0.184644 1.033902
vt 0.176271 1.013585
vt 0.133732 1.591428
vt 0.133732 1.613792
vt 0.083266 1.540381
vt 0.083266 1.556515
vt 0.210151 1.142253
vt 0.099570 1.591428
vt 0.083266 1.613792
vt 0.186152 1.142253
vt 0.127463 1.274920
vt 0.075629 1.274920
vt 0.339788 1.975084
vt 0.339788 1.992195
vt 0.351464 1.992195
vt 0.351562 1.975084
vt 0.313853 1.950402
vt 0.365601 1.971631
vt 0.313853 1.880719
vt 0.313853 1.913884
vt 0.263559 1.947907
vt 0.153844 1.242105
vt 0.153844 1.274920
vt 0.180923 1.274920
vt 0.279493 1.963981
vt 0.300291 1.992195
vt 0.300291 1.974813
vt 0.309956 1.970152
vt 0.309956 1.992195
vt 0.323738 1.992195
vt 0.327659 1.992195
vt 0.392148 1.880719
vt 0.392148 1.971631
vt 0.339788 1.968377
vt 0.392148 1.989749
vt 0.365601 1.989748
vt 0.500745 1.845868
vt 0.500745 1.805223
vt 0.468495 1.805223
vt 0.468495 1.845868
vt 0.468495 1.883451
vt 0.500745 1.883451
vt 0.402822 1.883451
vt 0.461755 1.883451
vt 0.461755 1.845868
vt 0.402822 1.845868
vt 0.585304 1.883451
vt 0.621730 1.883451
vt 0.621730 1.845868
vt 0.585304 1.845868
vt 0.511970 1.883451
vt 0.576410 1.883451
vt 0.576410 1.845868
vt 0.511970 1.845868
vt 0.468495 1.896103
vt 0.500745 1.896103
vt 0.461427 1.896103
vt 0.402822 1.896103
vt 0.585304 1.896103
vt 0.621730 1.896103
vt 0.576410 1.896103
vt 0.511970 1.896103
vt 0.461755 1.805223
vt 0.511970 1.805223
vt 0.631036 1.845868
vt 0.631036 1.883451
vt 0.631036 1.896103
vt 0.468495 1.977096
vt 0.468495 1.990105
vt 0.500745 1.990105
vt 0.500745 1.977096
vt 0.461427 1.977096
vt 0.446649 1.977096
vt 0.461427 1.990105
vt 0.585304 1.977096
vt 0.585304 1.990105
vt 0.621730 1.990105
vt 0.621730 1.977096
vt 0.576410 1.977096
vt 0.561506 1.977096
vt 0.576410 1.990105
vt 0.511970 1.990105
vt 0.511970 1.977096
vt 0.631036 1.990105
vt 0.631036 1.977096
vt 0.468495 1.930427
vt 0.500745 1.930427
vt 0.414934 1.930427
vt 0.414934 1.977096
vt 0.446649 1.930427
vt 0.461427 1.930427
vt 0.585304 1.930427
vt 0.621730 1.930427
vt 0.561506 1.930427
vt 0.528883 1.930427
vt 0.529953 1.977096
vt 0.576410 1.930427
vt 0.511970 1.930427
vt 0.631036 1.930427
vt 0.402822 1.930427
vt 0.402822 1.977096
vt 0.402822 1.990105
vt 0.585175 1.779910
vt 0.579950 1.779910
vt 0.579950 1.837952
vt 0.585175 1.837952
vt 0.493289 1.594065
vt 0.470334 1.562426
vt 0.534011 1.562426
vt 0.534011 1.594065
vt 0.439344 1.587708
vt 0.439344 1.646638
vt 0.487032 1.646638
vt 0.487032 1.608085
vt 0.203598 1.447187
vt 0.220656 1.447187
vt 0.220656 1.426836
vt 0.203598 1.426836
vt 0.203598 1.334398
vt 0.220656 1.334398
vt 0.220656 1.290242
vt 0.203598 1.290242
vt 0.203598 1.363207
vt 0.220656 1.363207
vt 0.203598 1.484645
vt 0.220656 1.484645
vt 0.203598 1.493360
vt 0.203598 1.511720
vt 0.220656 1.511720
vt 0.220656 1.493360
vt 0.688771 1.727184
vt 0.721932 1.727184
vt 0.721932 1.697178
vt 0.688771 1.697178
vt 0.546900 1.603985
vt 0.576907 1.603985
vt 0.576907 1.557472
vt 0.546900 1.557472
vt 0.667317 1.715126
vt 0.639572 1.715126
vt 0.639572 1.754740
vt 0.667317 1.754740
vt 0.540859 1.715126
vt 0.498010 1.715126
vt 0.498010 1.754740
vt 0.540859 1.754740
vt 0.576907 1.715126
vt 0.546900 1.715126
vt 0.546900 1.754740
vt 0.576907 1.754740
vt 0.629103 1.715126
vt 0.585963 1.715126
vt 0.585963 1.754740
vt 0.629103 1.754740
vt 0.667317 1.630430
vt 0.639572 1.630430
vt 0.639572 1.640634
vt 0.667317 1.640634
vt 0.540859 1.640634
vt 0.540859 1.630430
vt 0.498010 1.630430
vt 0.498010 1.640634
vt 0.546900 1.630430
vt 0.546900 1.640634
vt 0.576907 1.640634
vt 0.576907 1.630430
vt 0.629103 1.630430
vt 0.585963 1.630430
vt 0.585963 1.640634
vt 0.629103 1.640634
vt 0.667317 1.603985
vt 0.639572 1.603985
vt 0.540859 1.603985
vt 0.498010 1.603985
vt 0.629103 1.603985
vt 0.585963 1.603985
vt 0.667317 1.701971
vt 0.639572 1.701971
vt 0.540859 1.701971
vt 0.498010 1.701971
vt 0.576907 1.701971
vt 0.546900 1.701971
vt 0.585963 1.701971
vt 0.629103 1.701971
vt 0.721932 1.691136
vt 0.688771 1.691136
vt 0.688771 1.736241
vt 0.721932 1.736241
vt 0.540859 1.557472
vt 0.585963 1.557472
vt 0.678085 1.715126
vt 0.678085 1.754740
vt 0.678085 1.630430
vt 0.678085 1.640634
vt 0.678085 1.603985
vt 0.678085 1.701971
vt 0.639572 1.770744
vt 0.667317 1.770744
vt 0.546900 1.770744
vt 0.576907 1.770744
vt 0.678085 1.770744
vt 0.540859 1.770744
vt 0.585963 1.770744
vt 0.629103 1.770744
vt 0.522764 1.826243
vt 0.522764 1.835699
vt 0.548486 1.835699
vt 0.548486 1.826243
vt 0.522764 1.808575
vt 0.548486 1.808575
vt 0.522764 1.798638
vt 0.548486 1.798638
vt 0.522764 1.781601
vt 0.548486 1.781601
vt 0.572686 1.835699
vt 0.572686 1.826243
vt 0.572686 1.808575
vt 0.572686 1.798638
vt 0.319399 1.589251
vt 0.319399 1.599220
vt 0.333616 1.599220
vt 0.333616 1.589251
vt 0.347832 1.632479
vt 0.333616 1.632479
vt 0.333616 1.642374
vt 0.347832 1.642374
vt 0.319399 1.580915
vt 0.333616 1.580915
vt 0.333616 1.650672
vt 0.347832 1.650672
vt 0.333616 1.564290
vt 0.347832 1.580915
vt 0.347832 1.564290
vt 0.319399 1.607556
vt 0.333616 1.607556
vt 0.333616 1.624180
vt 0.347832 1.624180
vt 0.347832 1.607556
vt 0.572686 1.781601
vt 0.498010 1.770744
vt 0.621991 1.353854
vt 0.621992 1.349353
vt 0.630692 1.354266
vt 0.626846 1.356599
vt 0.620997 1.342919
vt 0.625863 1.337194
vt 0.638749 1.344128
vt 0.636784 1.351484
vt 0.640862 1.455202
vt 0.639355 1.453090
vt 0.645744 1.458215
vt 0.646729 1.467175
vt 0.641339 1.469937
vt 0.647644 1.472347
vt 0.642492 1.473784
vt 0.639665 1.474524
vt 0.640506 1.479670
vt 0.648815 1.478917
vt 0.642674 1.479451
vt 0.644643 1.493957
vt 0.641537 1.495815
vt 0.642924 1.489872
vt 0.648912 1.491964
vt 0.643912 1.507691
vt 0.648915 1.505652
vt 0.655322 1.504017
vt 0.651211 1.516990
vt 0.646001 1.522964
vt 0.652186 1.523321
vt 0.647309 1.529123
vt 0.658407 1.515159
vt 0.641645 1.530069
vt 0.635247 1.525860
vt 0.640990 1.523623
vt 0.637208 1.455040
vt 0.638176 1.508481
vt 0.636896 1.496306
vt 0.662805 1.502189
vt 0.666194 1.512864
vt 0.658883 1.489455
vt 0.655797 1.477857
vt 0.654294 1.471448
vt 0.653229 1.466262
vt 0.650542 1.456607
vt 0.648797 1.452105
vt 0.678650 1.509022
vt 0.680787 1.512935
vt 0.673092 1.510550
vt 0.669561 1.499971
vt 0.674619 1.497963
vt 0.668717 1.487385
vt 0.662011 1.475908
vt 0.660380 1.469344
vt 0.659382 1.464053
vt 0.655202 1.455517
vt 0.633102 1.457282
vt 0.633470 1.469600
vt 0.630042 1.466129
vt 0.628199 1.473105
vt 0.631815 1.473800
vt 0.634769 1.474522
vt 0.633485 1.480188
vt 0.628034 1.480709
vt 0.634199 1.490614
vt 0.629385 1.494212
vt 0.633218 1.495484
vt 0.632971 1.508195
vt 0.634191 1.519809
vt 0.655595 1.379376
vt 0.651842 1.370562
vt 0.639941 1.376751
vt 0.645137 1.384912
vt 0.644026 1.370991
vt 0.651038 1.389022
vt 0.655992 1.386212
vt 0.619763 1.523069
vt 0.621560 1.528644
vt 0.613958 1.524359
vt 0.565369 1.495235
vt 0.569012 1.480720
vt 0.575929 1.489486
vt 0.559403 1.485412
vt 0.607087 1.502960
vt 0.616745 1.494987
vt 0.616434 1.502501
vt 0.610779 1.494340
vt 0.586875 1.348305
vt 0.583021 1.345266
vt 0.584134 1.344923
vt 0.585740 1.349146
vt 0.617984 1.527272
vt 0.622765 1.532561
vt 0.620033 1.533210
vt 0.551890 1.481214
vt 0.550435 1.490173
vt 0.547765 1.490701
vt 0.557876 1.507413
vt 0.568112 1.509622
vt 0.582429 1.503838
vt 0.575203 1.529238
vt 0.589261 1.524690
vt 0.596405 1.503615
vt 0.602405 1.521439
vt 0.618376 1.515829
vt 0.614851 1.399835
vt 0.596799 1.407500
vt 0.611556 1.392540
vt 0.621526 1.397079
vt 0.625073 1.387851
vt 0.625040 1.395904
vt 0.628281 1.387200
vt 0.626768 1.399217
vt 0.627057 1.385131
vt 0.623970 1.401512
vt 0.633735 1.404632
vt 0.633118 1.401503
vt 0.616470 1.385195
vt 0.619114 1.382182
vt 0.613166 1.381400
vt 0.616900 1.379481
vt 0.604886 1.382538
vt 0.597794 1.374465
vt 0.571928 1.385347
vt 0.614088 1.371645
vt 0.617934 1.371353
vt 0.615534 1.368419
vt 0.605432 1.370813
vt 0.607542 1.367644
vt 0.601645 1.367618
vt 0.604114 1.364793
vt 0.600193 1.357417
vt 0.602650 1.355984
vt 0.600270 1.355149
vt 0.588783 1.359127
vt 0.592801 1.357805
vt 0.591193 1.368437
vt 0.589360 1.355178
vt 0.584195 1.363932
vt 0.566502 1.378039
vt 0.567578 1.423159
vt 0.550797 1.402310
vt 0.621743 1.438497
vt 0.620518 1.432958
vt 0.624529 1.432921
vt 0.614563 1.438862
vt 0.614648 1.432657
vt 0.576152 1.470079
vt 0.572247 1.466317
vt 0.577737 1.466109
vt 0.608634 1.478982
vt 0.614053 1.476767
vt 0.613977 1.482268
vt 0.607996 1.473682
vt 0.599429 1.475351
vt 0.600272 1.471527
vt 0.554176 1.509531
vt 0.610828 1.520150
vt 0.632082 1.411792
vt 0.636812 1.408404
vt 0.628192 1.407937
vt 0.625680 1.416078
vt 0.622083 1.411806
vt 0.613482 1.424170
vt 0.601424 1.418940
vt 0.603805 1.436157
vt 0.606371 1.449285
vt 0.614984 1.449874
vt 0.603564 1.460915
vt 0.612017 1.464664
vt 0.574063 1.437242
vt 0.577860 1.444676
vt 0.574824 1.445528
vt 0.587236 1.436700
vt 0.583746 1.446542
vt 0.617229 1.405417
vt 0.607037 1.492111
vt 0.601608 1.489562
vt 0.606776 1.486057
vt 0.606515 1.493139
vt 0.610251 1.492473
vt 0.613614 1.490668
vt 0.594319 1.485547
vt 0.586004 1.497294
vt 0.596644 1.481173
vt 0.589564 1.471889
vt 0.591000 1.469606
vt 0.580365 1.467301
vt 0.586981 1.475796
vt 0.585346 1.478512
vt 0.564466 1.475126
vt 0.559373 1.475190
vt 0.574708 1.354898
vt 0.559210 1.369827
vt 0.579660 1.350623
vt 0.581527 1.456006
vt 0.576188 1.455834
vt 0.560797 1.528771
vt 0.564383 1.527358
vt 0.566585 1.532797
vt 0.563060 1.535456
vt 0.566652 1.535623
vt 0.564217 1.540587
vt 0.569840 1.535949
vt 0.566276 1.540720
vt 0.576227 1.533663
vt 0.574983 1.536459
vt 0.580335 1.535962
vt 0.590416 1.529543
vt 0.589923 1.533296
vt 0.593868 1.532373
vt 0.602329 1.530743
vt 0.604351 1.526787
vt 0.607172 1.529293
vt 0.612922 1.527119
vt 0.677542 1.401003
vt 0.673709 1.403304
vt 0.664074 1.390600
vt 0.667588 1.387637
vt 0.685495 1.421747
vt 0.691516 1.424466
vt 0.688886 1.427939
vt 0.691789 1.419664
vt 0.643377 1.438586
vt 0.643024 1.440766
vt 0.639584 1.436870
vt 0.648171 1.439096
vt 0.646900 1.443634
vt 0.652871 1.444383
vt 0.658855 1.438019
vt 0.659541 1.443383
vt 0.665096 1.442951
vt 0.664766 1.434890
vt 0.672230 1.440883
vt 0.670371 1.433105
vt 0.682885 1.438566
vt 0.680746 1.429617
vt 0.684741 1.428905
vt 0.686817 1.438250
vt 0.691270 1.437344
vt 0.678331 1.411335
vt 0.682128 1.409377
vt 0.674666 1.413297
vt 0.670283 1.405500
vt 0.664593 1.417892
vt 0.660388 1.410881
vt 0.661217 1.393442
vt 0.640115 1.432151
vt 0.637929 1.432491
vt 0.639593 1.428623
vt 0.645788 1.430160
vt 0.644361 1.426153
vt 0.652948 1.427706
vt 0.654117 1.422038
vt 0.659792 1.425405
vt 0.659585 1.420434
vt 0.666410 1.422516
vt 0.661546 1.430391
vt 0.668673 1.428663
vt 0.678566 1.424695
vt 0.676396 1.418469
vt 0.683444 1.416200
vt 0.689699 1.413953
vt 0.686417 1.410431
vt 0.654457 1.413469
vt 0.653589 1.401146
vt 0.649236 1.406075
vt 0.645217 1.418559
vt 0.636769 1.417662
vt 0.640739 1.413251
vt 0.640913 1.421913
vt 0.633948 1.421910
vt 0.638527 1.425771
vt 0.645702 1.409055
vt 0.650424 1.415652
vt 0.658844 1.435208
vt 0.654696 1.433029
vt 0.647193 1.434891
vt 0.641506 1.435513
vt 0.631952 1.426011
vt 0.635493 1.428666
vt 0.595008 1.539675
vt 0.591236 1.540737
vt 0.580623 1.541453
vt 0.578607 1.541763
vt 0.569674 1.543022
vt 0.572632 1.544322
vt 0.589592 1.546630
vt 0.586393 1.547284
vt 0.617117 1.536075
vt 0.608254 1.538139
vt 0.610168 1.536601
vt 0.601389 1.544113
vt 0.603709 1.543357
vt 0.546350 1.385910
vt 0.547186 1.392900
vt 0.675165 1.354512
vt 0.667183 1.330488
vt 0.680770 1.351049
vt 0.663266 1.332381
vt 0.679490 1.341328
vt 0.671971 1.331391
vt 0.676047 1.334127
vt 0.670205 1.357774
vt 0.657163 1.334248
vt 0.649848 1.345431
vt 0.657075 1.358172
vt 0.625636 1.837952
vt 0.625636 1.779910
vt 0.632968 1.837952
vt 0.632968 1.779910
vt 0.567547 1.303030
vt 0.539819 1.296261
vt 0.539819 1.302140
vt 0.567547 1.311449
vt 0.721479 1.289772
vt 0.731701 1.289472
vt 0.731701 1.242883
vt 0.721479 1.228910
vt 0.567547 1.231006
vt 0.593874 1.309035
vt 0.675081 1.210053
vt 0.705007 1.225345
vt 0.705007 1.209337
vt 0.539819 1.255127
vt 0.545536 1.238813
vt 0.615270 1.312344
vt 0.615270 1.258991
vt 0.593874 1.259076
vt 0.647823 1.309716
vt 0.647649 1.258542
vt 0.705007 1.294141
vt 0.541725 1.206485
vt 0.541725 1.200305
vt 0.531529 1.200305
vt 0.593874 1.318787
vt 0.615270 1.325931
vt 0.647649 1.324933
vt 0.675081 1.314722
vt 0.675081 1.302417
vt 0.705007 1.304518
vt 0.721479 1.298990
vt 0.731701 1.296772
vt 0.510401 1.227910
vt 0.493369 1.283589
vt 0.512043 1.279017
vt 0.524072 1.235014
vt 0.389666 1.231377
vt 0.397365 1.269183
vt 0.405310 1.271634
vt 0.398004 1.221189
vt 0.503236 1.212896
vt 0.492204 1.211012
vt 0.480976 1.288835
vt 0.410420 1.207519
vt 0.410087 1.219299
vt 0.436562 1.208957
vt 0.477871 1.207903
vt 0.468397 1.294484
vt 0.456900 1.207096
vt 0.448386 1.292909
vt 0.416398 1.275794
vt 0.431151 1.284832
vt 0.192821 1.393069
vt 0.192821 1.388064
vt 0.177570 1.388064
vt 0.177570 1.393069
vt 0.177570 1.403490
vt 0.192821 1.403490
vt 0.192821 1.500088
vt 0.192821 1.493252
vt 0.177570 1.493252
vt 0.177570 1.500088
vt 0.192821 1.475068
vt 0.177570 1.475068
vt 0.192821 1.342490
vt 0.192821 1.336373
vt 0.177570 1.336373
vt 0.177570 1.342490
vt 0.177570 1.354956
vt 0.192821 1.354956
vt 0.192821 1.512743
vt 0.192821 1.506597
vt 0.177570 1.506597
vt 0.177570 1.512743
vt 0.177570 1.302171
vt 0.192821 1.302171
vt 0.192821 1.288575
vt 0.177570 1.288575
vt 0.192821 1.371408
vt 0.177570 1.371408
vt 0.177570 1.363433
vt 0.192821 1.363433
vt 0.192821 1.325447
vt 0.177570 1.325447
vt 0.192821 1.313341
vt 0.177570 1.313341
vt 0.177570 1.411020
vt 0.192821 1.411020
vt 0.177570 1.418587
vt 0.192821 1.418587
vt 0.192821 1.442842
vt 0.177570 1.442842
vt 0.192821 1.453264
vt 0.177570 1.453264
vt 0.192821 1.461634
vt 0.177570 1.461634
vt 0.177570 1.467863
vt 0.192821 1.467863
vt 0.192821 1.471974
vt 0.177570 1.471974
vt 0.514416 1.276680
vt 0.393035 1.265413
vt 0.528413 1.248263
vt 0.593874 1.209117
vt 0.615270 1.205638
vt 0.647649 1.206326
vt 0.573820 1.210322
vt 0.664177 1.267897
vt 0.675081 1.268012
vt 0.685096 1.248586
vt 0.675081 1.248368
vt 0.686382 1.267909
vt 0.663814 1.249190
vt 0.551094 1.206485
vt 0.531529 1.225566
vt 0.541725 1.225566
vt 0.541725 1.219015
vt 0.551094 1.219015
vt 0.526393 1.206485
vt 0.526393 1.219015
vt 0.347832 1.589251
vt 0.347832 1.599220
vt 0.319399 1.642374
vt 0.319399 1.632479
vt 0.319399 1.650672
vt 0.319399 1.564290
vt 0.319399 1.624180
s 1
usemtl material_0
f 1/1/1 2/2/2 3/3/2
f 3/3/2 4/4/3 1/1/1
f 5/5/4 6/6/4 7/7/5
f 7/7/5 8/8/6 5/5/4
f 9/9/7 10/10/7 11/11/8
f 11/11/8 12/12/9 9/9/7
f 13/13/10 14/14/11 15/15/12
f 15/15/12 16/16/13 13/13/10
f 17/17/14 18/18/14 19/19/15
f 19/19/15 20/20/16 17/17/14
s 0
f 21/21/17 22/22/17 23/23/17
s 1
f 24/19/18 25/24/18 26/25/19
f 26/25/19 20/20/16 24/19/18
f 17/17/14 1/1/1 4/4/3
f 4/4/3 18/18/14 17/17/14
s 0
f 27/21/20 28/26/20 29/27/20
f 29/27/21 30/22/21 27/21/21
s 1
f 31/28/22 13/13/10 16/16/13
f 16/16/13 32/23/23 31/28/22
f 33/22/24 34/29/24 31/28/22
f 13/13/10 31/28/22 35/29/25
f 36/29/26 37/30/27 13/13/10
f 14/14/11 13/13/10 37/30/27
f 37/30/27 38/31/28 14/14/11
f 39/32/29 40/33/30 26/25/31
f 26/25/31 41/24/32 42/32/32
f 5/5/4 43/34/33 44/35/34
f 44/35/34 6/6/4 5/5/4
f 43/34/33 45/36/35 46/37/36
f 46/37/36 47/35/36 43/34/33
f 40/33/37 48/32/38 49/37/38
f 50/37/39 45/36/40 40/33/37
f 51/38/41 52/39/42 53/40/43
f 53/40/43 54/41/44 51/38/41
f 55/42/45 56/43/46 57/44/47
f 57/44/47 58/45/48 55/42/45
f 59/46/49 60/47/50 61/48/51
f 61/48/51 62/49/52 59/46/49
f 59/46/49 62/49/52 63/50/53
f 63/50/53 64/51/54 59/46/49
f 65/52/55 66/53/56 67/54/56
f 68/54/57 69/55/58 65/52/55
f 69/55/58 70/54/59 64/51/54
f 64/51/54 63/50/53 69/55/58
f 71/56/60 72/57/61 73/58/62
f 74/58/63 75/59/63 71/56/64
f 61/48/65 76/47/66 72/57/61
f 72/57/61 71/56/60 61/48/65
f 65/52/67 55/42/45 77/45/68
f 78/45/69 79/53/69 65/52/55
f 80/60/70 51/38/41 54/41/44
f 54/41/44 81/61/71 82/60/71
f 52/39/42 51/38/41 83/62/72
f 84/62/73 85/63/73 52/39/42
f 86/1/2 87/4/74 88/3/2
s 0
f 88/3/2 2/2/2 86/1/2
s 1
f 89/5/75 90/8/75 91/7/5
f 91/7/5 92/6/4 89/5/75
f 93/9/7 94/12/9 95/11/7
s 0
f 95/11/7 10/10/7 93/9/7
s 1
f 96/13/76 97/16/77 98/15/78
f 98/15/78 99/14/79 96/13/76
s 0
f 100/17/15 101/20/15 102/19/15
s 1
f 102/19/15 103/18/14 100/17/15
f 104/28/80 105/22/81 106/23/81
s 0
f 107/25/18 108/24/18 109/19/18
s 1
f 109/19/18 110/20/18 107/25/18
f 111/17/82 103/18/14 87/4/74
f 87/4/74 112/1/82 111/17/82
s 0
f 113/21/83 114/22/83 115/27/83
f 115/27/84 116/26/84 113/21/84
s 1
f 104/28/80 117/23/85 97/16/77
f 97/16/77 96/13/76 104/28/80
f 118/22/86 104/28/80 119/29/86
f 96/13/76 120/30/87 121/29/88
f 122/29/89 104/28/80 96/13/76
f 99/14/79 123/31/90 120/30/87
f 120/30/87 96/13/76 99/14/79
s 0
f 124/32/32 125/24/32 126/25/32
f 127/25/91 128/33/91 129/32/91
f 130/35/34 131/34/34 132/5/34
s 1
f 132/5/34 92/6/4 130/35/34
s 0
f 133/34/36 134/35/36 135/37/36
f 135/37/36 136/36/36 133/34/36
f 137/33/39 138/36/39 139/37/39
f 140/37/92 141/32/92 142/33/92
s 1
f 143/38/93 144/41/94 145/40/95
f 145/40/95 146/39/96 143/38/93
f 147/42/97 148/45/98 149/44/99
f 149/44/99 150/43/100 147/42/97
f 151/48/101 152/47/102 153/46/103
f 153/46/103 154/49/104 151/48/101
f 155/50/105 154/49/104 153/46/103
f 153/46/103 156/51/106 155/50/105
f 157/54/107 158/53/107 159/52/108
f 159/52/108 160/55/109 161/54/110
f 156/51/106 162/54/111 160/55/109
f 160/55/109 155/50/105 156/51/106
f 163/56/112 164/59/113 165/58/113
f 166/58/114 167/57/115 163/56/116
f 151/48/117 163/56/116 167/57/115
f 167/57/115 168/47/118 151/48/117
f 159/52/108 169/53/119 170/45/119
f 171/45/120 147/42/97 159/52/108
f 172/60/121 173/61/121 144/41/94
f 144/41/94 143/38/93 174/60/122
f 175/62/123 143/38/93 146/39/96
f 146/39/96 176/63/124 177/62/124
f 178/22/125 31/28/22 179/23/125
s 0
f 180/22/126 181/21/126 182/23/126
s 1
f 8/8/6 7/7/5 12/12/9
f 12/12/9 11/11/8 8/8/6
f 94/12/9 91/7/5 183/8/127
f 183/8/127 184/11/127 94/12/9
f 185/64/128 186/65/129 187/66/130
f 187/66/130 188/67/131 185/64/128
f 189/68/132 190/69/133 191/70/134
f 191/70/134 192/71/135 189/68/132
f 193/72/136 194/73/137 195/74/138
f 195/74/138 196/75/139 193/72/136
f 195/74/138 194/73/137 186/65/129
f 186/65/129 185/64/128 195/74/138
s 0
f 197/76/140 198/77/140 199/78/140
f 199/78/141 200/79/141 197/76/141
s 1
f 196/75/139 201/80/142 202/81/143
f 202/81/143 193/72/136 196/75/139
s 0
f 199/78/140 198/77/140 203/82/140
s 1
f 189/68/132 192/71/135 188/67/131
f 188/67/131 187/66/130 189/68/132
f 204/83/144 202/81/143 205/80/144
s 0
f 205/80/144 206/84/144 204/83/144
s 1
f 207/85/145 208/86/146 199/78/146
f 199/78/146 203/82/146 207/85/145
f 192/71/135 191/70/134 207/85/147
f 207/85/147 209/82/148 192/71/135
f 210/87/149 211/88/150 212/89/151
f 212/89/151 213/90/152 210/87/149
f 214/91/153 215/92/154 216/93/155
f 216/93/155 217/94/156 214/91/153
f 218/95/157 219/96/158 220/97/159
f 220/97/159 221/98/160 218/95/157
f 222/99/161 223/100/162 224/101/163
f 224/101/163 225/102/163 222/99/161
f 213/90/152 212/89/151 215/92/154
f 215/92/154 214/91/153 213/90/152
f 211/88/150 210/87/149 226/103/164
f 226/103/164 227/104/164 211/88/150
f 217/94/156 216/93/155 219/96/158
f 219/96/158 218/95/157 217/94/156
f 221/98/160 220/97/159 223/100/162
f 223/100/162 222/99/161 221/98/160
f 228/66/165 229/65/166 230/64/167
f 230/64/167 231/67/168 228/66/165
f 232/70/133 190/69/133 233/68/169
f 233/68/169 234/71/170 232/70/133
f 235/74/171 236/73/172 237/72/173
f 237/72/173 238/75/174 235/74/171
f 235/74/171 230/64/167 229/65/166
f 229/65/166 236/73/172 235/74/171
s 0
f 239/78/175 240/77/175 241/76/175
f 241/76/176 242/79/176 239/78/176
s 1
f 243/81/177 244/80/178 238/75/174
f 238/75/174 237/72/173 243/81/177
s 0
f 239/78/140 245/82/140 240/77/140
s 1
f 233/68/169 228/66/165 231/67/168
f 231/67/168 234/71/170 233/68/169
f 246/80/144 243/81/179 204/83/144
s 0
f 204/83/144 206/84/144 246/80/144
f 247/85/180 245/82/180 239/78/180
f 239/78/181 208/86/181 247/85/181
s 1
f 234/71/182 248/82/148 249/85/148
f 249/85/148 250/70/148 234/71/182
f 251/89/183 252/88/184 253/87/185
f 253/87/185 254/90/186 251/89/183
f 255/93/187 256/92/188 257/91/189
f 257/91/189 258/94/190 255/93/187
f 259/97/157 260/96/191 261/95/159
f 261/95/159 262/98/192 259/97/157
f 263/101/193 264/100/194 265/99/195
f 265/99/195 266/102/193 263/101/193
f 256/92/188 251/89/183 254/90/186
f 254/90/186 257/91/189 256/92/188
f 267/103/196 253/87/185 252/88/184
f 252/88/184 268/104/197 267/103/196
f 260/96/191 255/93/187 258/94/190
f 258/94/190 261/95/159 260/96/191
f 264/100/194 259/97/157 262/98/192
f 262/98/192 265/99/195 264/100/194
s 0
f 269/105/176 270/106/176 271/107/176
s 1
f 271/107/140 272/108/140 269/105/140
f 269/105/198 273/109/198 274/110/198
s 0
f 274/110/199 270/106/199 269/105/199
s 1
f 275/111/200 276/112/201 277/113/202
f 277/113/202 278/114/203 275/111/200
f 279/115/204 280/116/205 281/117/206
f 281/117/206 282/118/207 279/115/204
f 283/119/208 284/120/209 285/112/210
f 285/112/210 275/111/211 283/119/208
s 0
f 286/121/212 287/122/212 288/120/212
s 1
f 288/120/213 283/119/214 286/121/213
f 279/115/204 278/114/215 289/123/163
f 289/123/163 280/116/205 279/115/204
f 290/124/216 291/125/217 292/126/218
f 293/127/219 294/128/220 295/129/221
f 295/129/221 296/130/219 293/127/219
f 297/131/222 298/132/223 299/133/224
f 299/133/224 300/134/225 297/131/222
f 301/135/226 295/129/221 294/128/220
f 294/128/220 302/136/226 301/135/226
f 303/137/227 304/138/227 300/134/225
f 300/134/225 299/133/224 305/137/228
f 306/139/229 307/137/229 299/133/224
f 299/133/224 308/140/230 309/139/231
f 310/141/232 311/142/233 312/139/233
f 313/139/234 308/140/230 310/141/232
f 314/143/235 315/144/236 316/145/237
f 316/145/237 317/146/238 314/143/235
f 318/147/239 316/145/237 315/144/236
f 315/144/236 314/143/235 319/148/240
f 320/149/241 321/150/242 322/151/243
f 323/151/244 324/152/244 320/149/241
f 325/153/245 326/154/245 327/151/246
f 327/151/246 321/150/247 325/153/245
f 319/148/240 314/143/235 328/155/248
f 329/156/193 330/157/193 331/158/249
f 331/158/249 332/159/250 329/156/193
f 331/158/249 333/157/251 334/160/251
f 335/160/252 336/161/253 331/158/249
f 337/162/254 338/163/255 339/164/256
f 339/164/256 340/165/257 337/162/254
f 319/148/240 341/166/258 342/167/258
f 342/167/258 315/144/236 319/148/240
f 318/147/239 343/168/259 344/169/260
f 345/170/261 346/142/261 310/141/262
f 310/141/262 347/171/263 348/170/263
s 0
f 349/170/264 350/172/264 351/173/264
f 351/173/264 352/142/264 349/170/264
s 1
f 353/169/265 343/168/266 354/174/265
f 293/127/219 296/130/219 355/175/267
f 355/175/267 291/125/217 293/127/219
f 356/176/268 357/177/269 290/124/216
f 290/124/216 358/178/270 356/176/268
f 359/179/271 360/180/272 361/181/272
f 361/181/272 362/182/272 359/179/271
f 359/179/271 362/182/272 363/183/273
f 358/178/270 364/184/274 365/185/275
f 365/185/275 366/186/276 358/178/270
f 290/124/216 292/126/218 364/184/274
f 364/184/274 358/178/270 290/124/216
f 292/126/218 291/125/217 355/175/267
f 355/175/267 367/187/267 292/126/218
f 368/188/277 365/185/275 364/184/274
f 364/184/274 369/189/278 368/188/277
f 368/188/279 370/189/163 371/190/163
f 371/190/163 372/191/163 368/188/279
s 0
f 372/191/163 371/190/163 373/192/163
f 373/192/163 374/193/163 372/191/163
s 1
f 358/178/270 366/186/276 375/194/280
f 375/194/280 356/176/268 358/178/270
f 376/195/281 359/179/271 363/183/273
f 363/183/273 375/194/280 376/195/281
f 308/140/230 299/133/224 298/132/223
f 298/132/223 377/196/282 308/140/230
f 310/141/232 308/140/230 377/196/282
f 377/196/282 378/197/283 310/141/232
f 340/165/257 379/198/284 380/199/285
f 380/199/285 337/162/254 340/165/257
f 381/152/286 382/164/286 338/163/287
f 338/163/287 383/200/288 381/152/286
f 320/149/241 384/152/289 383/200/288
f 383/200/288 385/201/289 320/149/241
f 336/161/290 386/160/291 387/202/291
f 387/202/291 388/203/291 336/161/290
f 389/159/292 331/158/249 390/204/293
f 390/204/293 391/205/294 389/159/292
f 390/204/293 331/158/249 336/161/253
f 336/161/253 392/206/295 390/204/293
f 393/171/226 310/141/232 378/197/283
f 378/197/283 394/207/296 393/171/226
s 0
f 395/198/297 396/208/297 397/209/297
s 1
f 397/209/297 380/199/285 395/198/297
f 300/134/225 398/138/298 399/210/299
f 399/210/299 400/211/300 300/134/225
f 400/211/300 401/212/258 297/131/222
f 297/131/222 300/134/225 400/211/300
f 400/211/300 399/210/299 402/213/301
f 402/213/301 403/214/302 400/211/300
f 403/214/302 404/215/303 401/212/258
f 401/212/258 400/211/300 403/214/302
f 403/214/302 405/216/304 406/217/305
f 406/217/305 404/215/303 403/214/302
f 407/216/306 408/218/306 409/219/307
f 409/219/307 406/217/308 410/216/309
f 376/195/281 375/194/280 366/186/276
f 366/186/276 411/220/281 376/195/281
f 412/221/310 290/124/216 357/177/269
f 357/177/311 413/222/312 414/221/312
f 290/124/216 415/221/313 291/125/217
f 318/147/239 315/144/236 343/168/259
f 274/110/198 416/109/198 417/105/198
s 0
f 417/105/199 270/106/199 274/110/199
f 418/107/314 270/106/314 417/105/314
s 1
f 417/105/146 419/108/146 418/107/146
f 420/113/315 421/112/315 422/111/316
f 422/111/316 423/114/317 420/113/315
f 424/117/207 425/116/318 426/115/319
f 426/115/319 282/118/207 424/117/207
f 427/112/320 428/120/320 429/119/321
f 429/119/321 422/111/322 427/112/320
s 0
f 430/120/323 431/122/323 432/121/323
s 1
f 432/121/324 429/119/325 430/120/324
f 433/113/193 423/114/326 434/123/193
f 435/124/327 436/126/328 437/125/329
f 438/129/221 439/128/220 440/127/330
f 440/127/330 441/130/331 438/129/221
f 442/131/332 443/134/333 444/133/334
f 444/133/334 445/132/332 442/131/332
f 439/128/220 438/129/221 446/135/226
f 446/135/226 447/136/226 439/128/220
f 443/134/335 448/138/336 449/137/336
f 450/137/337 444/133/334 443/134/333
f 444/133/334 451/137/338 452/139/338
f 453/139/339 454/140/340 444/133/334
f 455/141/341 454/140/342 456/139/343
f 457/139/344 458/142/344 455/141/345
f 459/145/346 460/144/347 461/143/348
f 461/143/348 462/146/349 459/145/346
f 463/147/350 460/144/347 459/145/346
f 460/144/347 464/148/351 461/143/348
f 465/149/352 466/152/353 467/151/353
f 468/151/354 469/150/355 465/149/356
f 470/153/357 469/150/358 471/151/357
f 471/151/357 472/154/357 470/153/357
f 464/148/351 473/155/359 461/143/348
f 474/158/360 475/157/163 476/156/361
f 476/156/361 477/159/362 474/158/360
f 474/158/360 478/161/363 479/160/364
f 480/160/365 481/157/365 474/158/360
f 482/162/256 483/165/257 484/164/256
s 0
f 484/164/256 485/163/256 482/162/256
s 1
f 464/148/351 460/144/347 342/167/258
f 342/167/258 341/166/258 464/148/351
f 463/147/350 486/169/366 487/168/367
f 488/170/368 489/171/368 455/141/369
f 455/141/370 490/142/371 491/170/371
s 0
f 492/170/264 493/142/264 351/173/264
f 351/173/264 350/172/264 492/170/264
s 1
f 494/169/372 495/174/372 487/168/373
f 496/175/374 441/130/331 440/127/330
f 440/127/330 437/125/329 496/175/374
f 435/124/327 497/177/375 498/176/375
f 498/176/375 499/178/376 435/124/327
f 500/181/272 501/179/377 502/183/272
s 0
f 502/183/272 362/182/272 500/181/272
s 1
f 501/179/377 500/181/272 503/180/272
f 435/124/327 499/178/376 504/184/378
f 504/184/378 436/126/328 435/124/327
f 505/185/379 504/184/378 499/178/376
f 499/178/376 506/186/380 505/185/379
f 496/175/374 437/125/329 436/126/328
f 436/126/328 507/187/381 496/175/374
f 504/184/378 505/185/379 508/188/382
f 508/188/382 509/189/278 504/184/378
f 510/190/193 511/189/193 508/188/383
f 508/188/383 512/191/193 510/190/193
s 0
f 513/192/193 510/190/193 512/191/193
f 512/191/193 514/193/193 513/192/193
s 1
f 515/194/294 506/186/380 499/178/376
f 499/178/376 516/176/292 515/194/294
s 0
f 517/195/384 518/194/384 519/183/384
s 1
f 519/183/385 501/179/386 517/195/385
f 454/140/340 520/196/387 521/132/387
f 521/132/387 444/133/334 454/140/340
f 522/196/388 454/140/342 455/141/341
f 455/141/341 523/197/388 522/196/388
f 524/199/284 525/198/284 483/165/389
f 483/165/389 526/162/284 524/199/284
s 0
f 527/163/286 528/164/286 529/152/286
f 529/152/286 530/200/286 527/163/286
s 1
f 465/149/390 385/201/289 531/200/289
f 531/200/289 532/152/289 465/149/390
f 387/202/291 533/160/291 478/161/391
f 478/161/391 388/203/291 387/202/291
f 534/204/294 474/158/360 535/159/294
s 0
f 535/159/294 391/205/294 534/204/294
s 1
f 536/204/392 392/206/295 478/161/363
f 478/161/363 474/158/360 536/204/392
f 537/197/226 455/141/341 538/171/226
f 538/171/226 394/207/393 537/197/226
s 0
f 397/209/297 539/208/297 540/198/297
f 540/198/297 541/199/297 397/209/297
s 1
f 542/210/394 543/138/395 443/134/335
f 443/134/335 544/211/396 542/210/394
f 544/211/396 443/134/335 545/131/397
f 545/131/397 546/212/397 544/211/396
f 547/213/398 542/210/394 544/211/396
f 544/211/396 548/214/399 547/213/398
f 548/214/399 544/211/396 549/212/400
f 549/212/400 550/215/400 548/214/399
f 548/214/401 551/215/140 552/217/140
f 553/217/402 554/216/402 548/214/403
s 0
f 555/216/309 556/217/309 557/219/309
f 558/219/404 559/218/404 560/216/404
s 1
f 517/195/281 561/220/281 506/186/405
f 506/186/405 518/194/281 517/195/281
s 0
f 562/221/406 563/222/406 564/177/406
s 1
f 565/177/310 435/124/407 566/221/310
f 435/124/327 437/125/329 567/221/408
f 463/147/350 487/168/367 460/144/347
f 568/223/409 281/117/206 280/116/205
f 280/116/205 569/224/410 570/223/410
f 571/224/411 425/116/412 572/117/411
s 0
f 573/117/413 574/223/413 575/224/413
s 1
f 576/225/414 577/226/415 578/227/416
f 578/227/416 579/228/417 576/225/414
f 580/229/418 576/225/414 579/228/417
f 579/228/417 581/230/419 580/229/418
f 582/231/420 583/232/421 584/233/421
f 585/233/422 586/234/423 582/231/424
f 587/235/425 588/236/426 582/231/424
f 582/231/424 586/234/423 587/235/425
f 589/237/427 590/238/428 588/236/426
f 588/236/426 587/235/425 589/237/427
f 578/227/416 577/226/415 590/238/428
f 590/238/428 589/237/427 578/227/416
s 0
f 591/239/429 592/240/429 593/241/429
f 593/241/430 594/242/430 591/239/430
f 591/239/429 595/243/429 592/240/429
f 596/244/431 593/241/431 592/240/431
s 1
f 597/227/432 598/226/433 599/225/434
f 599/225/434 600/228/435 597/227/432
f 600/228/435 599/225/434 601/229/436
f 601/229/436 602/230/437 600/228/435
f 603/233/438 604/232/438 605/231/439
f 605/231/439 606/234/440 607/233/441
f 608/235/442 606/234/440 605/231/439
f 605/231/439 609/236/443 608/235/442
f 610/237/444 608/235/442 609/236/443
f 609/236/443 611/238/445 610/237/444
f 597/227/432 610/237/444 611/238/445
f 611/238/445 598/226/433 597/227/432
s 0
f 612/239/446 613/241/446 614/240/446
f 614/240/447 615/243/447 612/239/447
f 612/239/448 616/242/448 613/241/448
f 617/244/446 614/240/446 613/241/446
s 1
f 618/245/449 619/246/450 620/247/451
f 620/247/451 621/248/452 618/245/449
f 619/246/450 622/249/453 623/250/454
f 623/250/454 620/247/451 619/246/450
f 624/251/455 625/252/455 626/253/456
f 626/253/456 627/254/457 628/251/458
f 627/254/457 626/253/456 629/255/459
f 629/255/459 630/256/460 627/254/457
f 630/256/460 629/255/459 631/257/461
f 631/257/461 632/258/462 630/256/460
f 631/257/461 618/245/449 621/248/452
f 621/248/452 632/258/462 631/257/461
f 633/259/463 634/260/464 619/246/450
f 619/246/450 618/245/449 633/259/463
f 634/260/464 635/261/465 622/249/453
f 622/249/453 619/246/450 634/260/464
f 636/252/466 637/262/466 638/263/467
f 638/263/468 626/253/456 639/252/469
f 626/253/456 638/263/468 640/264/470
f 640/264/470 629/255/459 626/253/456
f 629/255/459 640/264/470 641/265/471
f 641/265/471 631/257/461 629/255/459
f 641/265/471 633/259/463 618/245/449
f 618/245/449 631/257/461 641/265/471
f 642/266/472 643/267/473 634/260/464
f 634/260/464 633/259/463 642/266/472
f 634/260/464 643/267/473 644/268/474
f 644/268/474 635/261/465 634/260/464
f 645/262/475 646/269/476 647/270/477
f 647/270/477 638/263/468 645/262/475
f 638/263/468 647/270/477 648/271/478
f 648/271/478 640/264/470 638/263/468
f 648/271/478 649/272/479 641/265/471
f 641/265/471 640/264/470 648/271/478
f 649/272/479 642/266/472 633/259/463
f 633/259/463 641/265/471 649/272/479
f 642/266/472 650/273/480 651/274/481
f 651/274/481 643/267/473 642/266/472
f 643/267/473 651/274/481 652/275/482
f 652/275/482 644/268/474 643/267/473
f 653/276/483 654/277/484 647/270/477
f 647/270/485 655/269/486 656/276/486
f 654/277/484 657/278/487 648/271/478
f 648/271/478 647/270/477 654/277/484
f 657/278/487 658/279/488 649/272/479
f 649/272/479 648/271/478 657/278/487
f 658/279/488 650/273/480 642/266/472
f 642/266/472 649/272/479 658/279/488
f 650/273/480 659/280/489 660/281/490
f 660/281/490 651/274/481 650/273/480
f 660/281/490 661/282/491 652/275/482
f 652/275/482 651/274/481 660/281/490
f 662/283/492 663/284/493 654/277/484
f 654/277/484 664/276/494 665/283/494
f 663/284/493 666/285/495 657/278/487
f 657/278/487 654/277/484 663/284/493
f 657/278/487 666/285/495 667/286/496
f 667/286/496 658/279/488 657/278/487
f 658/279/488 667/286/496 659/280/489
f 659/280/489 650/273/480 658/279/488
f 668/281/497 669/287/498 670/288/499
f 670/288/499 671/289/500 668/281/497
f 670/288/499 672/290/501 673/291/502
f 673/291/502 671/289/500 670/288/499
f 672/290/501 674/292/503 675/293/504
f 675/293/504 673/291/502 672/290/501
f 674/292/503 676/294/505 677/295/506
f 677/295/506 675/293/504 674/292/503
f 677/295/506 676/294/505 678/296/507
f 678/296/507 679/283/508 677/295/506
f 680/282/509 681/297/509 669/287/510
f 669/287/498 668/281/497 682/282/511
f 683/298/512 684/299/513 670/288/499
f 670/288/499 669/287/498 683/298/512
f 684/299/513 685/300/514 672/290/501
f 672/290/501 670/288/499 684/299/513
f 685/300/514 686/301/515 674/292/503
f 674/292/503 672/290/501 685/300/514
f 674/292/503 686/301/515 687/302/516
f 687/302/516 676/294/505 674/292/503
f 676/294/505 687/302/516 688/303/517
f 688/303/517 678/296/507 676/294/505
f 689/304/518 683/298/512 669/287/498
f 669/287/498 690/297/519 691/304/519
f 692/305/520 693/306/521 684/299/513
f 684/299/513 683/298/512 692/305/520
f 693/306/521 694/307/522 685/300/514
f 685/300/514 684/299/513 693/306/521
f 685/300/514 694/307/522 695/308/523
f 695/308/523 686/301/515 685/300/514
f 686/301/515 695/308/523 696/309/524
f 696/309/524 687/302/516 686/301/515
f 687/302/516 696/309/524 697/310/525
f 697/310/525 688/303/517 687/302/516
f 698/311/526 692/305/520 683/298/512
f 683/298/527 699/304/528 700/311/528
f 701/312/529 702/313/530 693/306/521
f 693/306/521 692/305/520 701/312/529
f 702/313/530 703/314/531 694/307/522
f 694/307/522 693/306/521 702/313/530
f 694/307/522 703/314/531 704/315/532
f 704/315/532 695/308/523 694/307/522
f 695/308/523 704/315/532 705/316/533
f 705/316/533 696/309/524 695/308/523
f 696/309/524 705/316/533 706/317/534
f 706/317/534 697/310/525 696/309/524
f 707/318/535 701/312/529 692/305/520
f 692/305/536 708/311/537 709/318/537
f 710/247/538 711/319/539 702/313/530
f 702/313/530 701/312/529 710/247/538
f 711/319/539 712/320/540 703/314/531
f 703/314/531 702/313/530 711/319/539
f 703/314/531 712/320/540 713/321/541
f 713/321/541 704/315/532 703/314/531
f 704/315/532 713/321/541 714/322/542
f 714/322/542 705/316/533 704/315/532
f 705/316/533 714/322/542 715/251/543
f 715/251/543 706/317/534 705/316/533
f 716/250/544 710/247/538 701/312/529
f 701/312/529 717/318/545 718/250/545
f 719/245/546 720/246/547 721/247/548
f 721/247/548 722/248/549 719/245/546
f 720/246/547 723/249/550 724/250/551
f 724/250/551 721/247/548 720/246/547
f 725/251/552 726/252/552 727/253/553
f 727/253/554 728/254/555 729/251/556
f 728/254/555 727/253/554 730/255/557
f 730/255/557 731/256/558 728/254/555
f 731/256/558 730/255/557 732/257/559
f 732/257/559 733/258/560 731/256/558
f 732/257/559 719/245/546 722/248/549
f 722/248/549 733/258/560 732/257/559
f 734/306/561 735/305/562 720/246/547
f 720/246/547 719/245/546 734/306/561
f 735/305/562 736/311/563 723/249/550
f 723/249/550 720/246/547 735/305/562
f 737/252/564 738/310/564 739/323/565
f 739/323/566 727/253/554 740/252/567
f 727/253/554 739/323/566 741/324/568
f 741/324/568 730/255/557 727/253/554
f 730/255/557 741/324/568 742/307/569
f 742/307/569 732/257/559 730/255/557
f 742/307/569 734/306/561 719/245/546
f 719/245/546 732/257/559 742/307/569
f 743/266/570 744/267/571 735/305/562
f 735/305/562 734/306/561 743/266/570
f 744/267/571 745/268/572 736/311/563
f 736/311/563 735/305/562 744/267/571
f 746/310/573 747/269/573 748/270/574
f 748/270/574 739/323/566 749/310/575
f 739/323/566 748/270/574 750/271/576
f 750/271/576 741/324/568 739/323/566
f 741/324/568 750/271/576 751/272/577
f 751/272/577 742/307/569 741/324/568
f 751/272/577 743/266/570 734/306/561
f 734/306/561 742/307/569 751/272/577
f 752/325/578 753/326/579 744/267/571
f 744/267/571 743/266/570 752/325/578
f 753/326/579 754/327/580 745/268/572
f 745/268/572 744/267/571 753/326/579
f 755/269/581 756/328/581 757/329/582
f 757/329/582 748/270/574 758/269/583
f 748/270/574 757/329/582 759/330/584
f 759/330/584 750/271/576 748/270/574
f 750/271/576 759/330/584 760/331/585
f 760/331/585 751/272/577 750/271/576
f 760/331/585 752/325/578 743/266/570
f 743/266/570 751/272/577 760/331/585
f 752/325/578 761/280/586 762/281/587
f 762/281/587 753/326/579 752/325/578
f 762/281/587 763/282/588 754/327/580
f 754/327/580 753/326/579 762/281/587
f 764/283/589 765/284/590 757/329/582
f 757/329/591 766/328/592 767/283/592
f 765/284/590 768/285/593 759/330/584
f 759/330/584 757/329/582 765/284/590
f 759/330/584 768/285/593 769/286/594
f 769/286/594 760/331/585 759/330/584
f 760/331/585 769/286/594 761/280/586
f 761/280/586 752/325/578 760/331/585
f 770/332/595 771/333/596 772/334/597
f 772/334/597 773/335/598 770/332/595
f 774/336/599 775/337/600 776/338/600
f 776/338/600 777/339/601 774/336/599
f 778/340/602 774/336/599 777/339/601
f 777/339/601 779/341/603 778/340/602
f 780/342/604 778/340/602 779/341/603
f 779/341/603 781/343/604 780/342/604
f 782/344/605 783/345/606 780/342/604
f 780/342/604 781/343/604 782/344/605
f 773/335/598 772/334/597 783/345/606
f 783/345/606 782/344/605 773/335/598
f 784/332/596 785/335/598 786/334/597
f 786/334/597 787/333/596 784/332/596
f 788/336/599 789/339/601 790/338/600
f 790/338/600 791/337/600 788/336/599
f 792/340/602 793/341/603 789/339/601
f 789/339/601 788/336/599 792/340/602
f 794/342/607 795/343/607 793/341/603
f 793/341/603 792/340/602 794/342/607
f 796/344/605 795/343/607 794/342/607
f 794/342/607 797/345/608 796/344/605
f 785/335/598 796/344/605 797/345/608
f 797/345/608 786/334/597 785/335/598
f 426/115/319 425/116/318 434/123/193
f 434/123/193 423/114/326 426/115/319
f 278/114/215 798/113/163 289/123/163
f 799/334/609 800/335/610 801/332/296
f 801/332/296 802/333/296 799/334/609
f 803/338/611 804/339/612 805/336/613
f 805/336/613 806/337/611 803/338/611
f 804/339/612 807/341/614 808/340/615
f 808/340/615 805/336/613 804/339/612
f 807/341/614 809/343/616 810/342/616
f 810/342/616 808/340/615 807/341/614
f 810/342/616 809/343/616 811/344/617
f 811/344/617 812/345/618 810/342/616
f 812/345/618 811/344/617 800/335/610
f 800/335/610 799/334/609 812/345/618
f 813/334/609 814/333/296 815/332/226
f 815/332/226 816/335/610 813/334/609
f 817/338/611 818/337/611 819/336/619
f 819/336/619 820/339/612 817/338/611
f 820/339/612 819/336/619 821/340/620
f 821/340/620 822/341/614 820/339/612
f 822/341/614 821/340/620 823/342/616
f 823/342/616 824/343/616 822/341/614
f 823/342/616 825/345/618 826/344/617
f 826/344/617 824/343/616 823/342/616
f 825/345/618 813/334/609 816/335/610
f 816/335/610 826/344/617 825/345/618
f 827/346/621 828/347/622 829/348/622
f 829/348/622 830/349/623 827/346/621
f 831/350/624 832/351/212 833/352/212
f 833/352/212 834/353/625 831/350/624
f 835/354/626 831/350/624 834/353/625
f 834/353/625 836/355/627 835/354/626
f 833/352/212 837/356/628 838/357/628
f 838/357/628 839/358/628 833/352/212
f 840/359/629 841/360/630 842/361/631
f 842/361/631 843/362/631 840/359/629
f 836/355/627 830/349/623 844/363/632
f 844/363/632 845/364/632 836/355/627
f 834/353/625 827/346/621 830/349/623
f 830/349/623 836/355/627 834/353/625
f 828/347/622 846/361/633 841/360/634
f 841/360/634 829/348/622 828/347/622
f 847/365/635 835/354/626 836/355/627
f 836/355/627 845/364/632 847/365/635
f 839/358/628 827/346/621 834/353/625
f 834/353/625 833/352/212 839/358/628
s 0
f 845/364/632 844/363/632 848/366/632
f 848/366/632 849/367/632 845/364/632
s 1
f 850/368/636 851/369/637 840/359/638
f 840/359/638 852/362/636 850/368/636
s 0
f 853/370/639 854/369/639 855/368/639
f 855/368/640 856/371/640 853/370/640
s 1
f 857/372/622 858/373/622 859/374/641
f 859/374/641 860/375/642 857/372/622
f 861/376/323 862/377/323 863/378/643
f 863/378/643 859/374/641 864/376/212
f 859/374/641 863/378/643 865/379/644
f 865/379/644 860/375/642 859/374/641
f 866/380/645 860/375/642 865/379/644
f 865/379/646 867/381/647 868/380/647
f 869/382/648 870/383/648 871/384/649
f 871/384/649 872/385/650 869/382/648
f 872/385/650 871/384/649 873/386/651
f 873/386/651 874/387/652 872/385/650
f 874/387/652 873/386/651 875/388/653
f 875/388/653 876/389/653 874/387/652
f 875/388/653 877/390/654 878/391/655
f 878/391/655 876/389/653 875/388/653
f 877/390/654 879/392/656 880/393/656
f 880/393/656 878/391/655 877/390/654
s 0
f 881/394/657 882/395/657 883/396/657
f 883/396/658 884/397/658 881/394/658
s 1
f 881/394/657 885/398/657 882/395/657
s 0
f 886/399/659 883/396/659 882/395/659
s 1
f 887/400/660 888/401/660 889/402/661
f 889/402/661 890/403/660 887/400/660
f 891/404/662 892/405/663 893/406/664
f 893/406/664 894/407/664 891/404/662
f 895/408/665 896/409/665 897/410/666
f 897/410/667 898/411/668 899/408/668
f 900/412/669 901/413/670 902/414/671
f 902/414/671 903/415/672 900/412/669
f 901/413/670 900/412/669 904/416/673
f 905/417/674 906/418/675 907/419/676
f 907/419/676 908/420/677 905/417/674
f 909/421/678 910/422/679 911/423/679
f 912/423/680 913/424/681 909/421/682
s 0
f 914/425/683 915/423/683 916/422/683
s 1
f 917/426/684 918/427/685 919/428/686
f 919/428/687 920/429/688 921/426/689
f 922/430/690 923/431/691 924/432/690
f 924/432/690 925/433/692 922/430/690
f 892/405/663 891/404/662 920/429/688
f 920/429/688 919/428/687 892/405/663
s 0
f 926/434/693 927/435/693 928/436/693
f 928/436/694 929/437/694 926/434/694
s 1
f 893/406/664 922/430/690 925/433/692
f 925/433/692 894/407/664 893/406/664
s 0
f 930/438/695 931/439/695 932/440/695
f 932/440/696 933/441/696 930/438/696
s 1
f 934/442/697 918/427/698 935/426/699
f 935/426/699 936/443/700 934/442/697
f 937/443/701 938/444/702 934/442/703
f 939/445/704 918/427/698 934/442/697
f 940/446/705 941/447/706 942/448/706
f 943/448/707 944/449/708 940/446/709
f 889/402/661 907/419/676 906/418/675
f 906/418/675 945/450/660 889/402/661
f 946/450/710 947/451/711 889/402/712
f 888/401/660 907/419/676 889/402/661
f 948/452/713 903/415/672 949/453/713
s 0
f 950/453/714 951/454/714 952/452/714
s 1
f 902/414/671 953/453/715 903/415/672
f 954/455/716 955/423/717 956/456/717
f 957/456/718 958/457/718 954/455/716
f 959/423/719 954/455/716 913/424/720
f 947/451/711 945/450/660 960/458/660
f 960/458/660 961/459/660 947/451/711
s 0
f 962/460/721 963/461/721 964/462/721
f 965/462/722 966/463/722 967/460/722
s 1
f 938/444/723 968/443/724 969/464/724
f 969/464/724 970/465/725 938/444/723
f 971/466/726 972/463/726 973/467/726
f 974/467/719 975/468/719 976/466/719
f 977/463/727 978/466/727 979/460/727
s 0
f 980/469/728 981/466/728 982/468/728
f 983/468/729 984/470/729 985/469/729
f 986/409/730 987/470/730 988/471/730
s 1
f 989/471/731 897/410/667 990/409/731
f 991/470/732 992/409/732 993/469/732
f 994/448/724 995/445/724 934/442/703
f 934/442/703 944/449/733 994/448/724
f 970/465/734 996/464/735 997/472/735
f 998/472/736 999/473/736 970/465/734
f 908/420/677 924/432/690 923/431/691
f 923/431/691 905/417/674 908/420/677
f 909/421/678 1000/440/737 1001/439/738
f 1001/439/738 1002/474/737 909/421/678
f 909/421/678 1003/474/739 1004/422/739
f 1005/454/740 1006/475/740 928/436/740
s 0
f 1007/436/741 1008/435/741 1009/454/741
s 1
f 1009/454/742 1008/435/742 1010/452/742
f 1011/476/743 1012/477/744 1013/478/745
f 1013/478/745 1014/479/746 1011/476/743
f 1014/479/746 1013/478/745 1015/480/747
f 1015/480/747 1016/481/748 1014/479/746
f 1016/481/748 1015/480/747 1017/482/749
f 1017/482/749 1018/483/750 1016/481/748
f 1019/484/660 1020/485/660 1012/477/744
f 1012/477/744 1011/476/743 1019/484/660
f 1021/486/751 1022/487/752 1023/488/753
f 1023/488/753 1024/489/754 1021/486/751
f 1024/489/754 1023/488/753 1025/490/755
f 1025/490/755 1026/491/756 1024/489/754
f 1026/491/756 1025/490/755 1027/492/757
f 1027/492/757 1028/493/758 1026/491/756
f 1028/493/758 1027/492/757 1029/494/660
f 1029/494/660 1030/495/660 1028/493/758
f 1014/479/746 1031/496/759 1032/497/760
f 1032/497/760 1011/476/743 1014/479/746
f 1033/498/761 1031/496/759 1014/479/746
f 1014/479/746 1016/481/748 1033/498/761
f 1034/499/762 1033/498/761 1016/481/748
f 1016/481/748 1018/483/750 1034/499/762
f 1035/500/763 1036/484/764 1011/476/743
f 1011/476/743 1032/497/760 1035/500/763
f 1024/489/754 1037/501/765 1038/502/766
f 1038/502/766 1021/486/751 1024/489/754
f 1037/501/765 1024/489/754 1026/491/756
f 1026/491/756 1039/503/767 1037/501/765
f 1040/504/768 1039/503/767 1026/491/756
f 1026/491/756 1028/493/758 1040/504/768
f 1041/505/769 1040/504/768 1028/493/758
f 1028/493/770 1042/495/771 1043/505/771
f 1039/503/767 1031/496/759 1033/498/761
f 1033/498/761 1037/501/765 1039/503/767
f 1037/501/765 1033/498/761 1044/506/772
f 1044/506/772 1045/507/772 1037/501/765
f 1046/508/773 1047/509/773 1032/497/760
f 1032/497/760 1040/504/768 1048/508/774
f 1039/503/767 1040/504/768 1032/497/760
f 1032/497/760 1031/496/759 1039/503/767
f 1049/510/775 1050/511/776 1051/512/777
f 1051/512/777 1052/513/778 1049/510/775
f 1053/514/779 1052/513/778 1051/512/777
f 1051/512/777 1054/515/780 1053/514/779
f 1053/514/779 1054/515/780 1055/516/781
f 1055/516/781 1056/517/781 1053/514/779
f 1057/518/660 1058/519/660 1050/511/776
f 1050/511/776 1049/510/775 1057/518/660
f 1059/520/737 1060/521/782 1061/522/783
f 1061/522/783 1062/523/784 1059/520/737
f 1062/523/784 1061/522/783 1063/524/785
f 1063/524/785 1064/525/786 1062/523/784
f 1064/525/786 1063/524/785 1065/526/787
f 1065/526/787 1066/527/788 1064/525/786
f 1067/528/660 1066/527/788 1065/526/787
f 1065/526/787 1068/529/660 1067/528/660
f 1064/525/786 1066/527/788 1049/510/775
f 1049/510/775 1052/513/778 1064/525/786
f 1064/525/786 1052/513/778 1053/514/779
f 1053/514/779 1062/523/784 1064/525/786
f 1062/523/784 1053/514/779 1069/530/789
f 1069/530/789 1070/531/789 1062/523/784
f 1071/532/660 1072/533/660 1049/510/775
f 1049/510/775 1066/527/788 1071/532/660
f 1015/480/747 1013/478/745 1073/534/790
f 1073/534/790 1074/535/791 1015/480/747
f 1025/490/755 1023/488/753 1075/536/792
f 1075/536/792 1076/537/793 1025/490/755
f 1077/538/794 1051/512/777 1050/511/776
f 1050/511/776 1078/539/795 1077/538/794
f 1079/540/796 1061/522/783 1060/521/782
f 1060/521/782 1080/541/797 1079/540/796
f 1081/542/798 1082/543/799 1083/544/800
f 1083/544/800 1084/545/801 1081/542/798
f 1085/546/802 1086/547/803 1083/544/800
f 1083/544/800 1087/548/802 1085/546/802
f 1088/549/804 1089/550/805 1090/551/804
f 1086/547/803 1084/545/801 1083/544/800
f 1091/552/806 1086/547/803 1092/553/807
f 1092/553/807 1093/554/807 1091/552/806
f 1081/542/798 1084/545/801 1094/555/808
f 1094/555/808 1095/556/809 1081/542/798
f 1096/557/810 1097/558/811 1098/559/812
f 1098/559/812 1099/560/813 1096/557/810
f 1100/561/814 1101/562/815 1102/557/815
f 1103/557/212 1099/560/813 1100/561/816
f 1100/561/816 1104/563/817 1105/564/818
f 1105/564/818 1106/562/819 1100/561/816
f 1099/560/813 1098/559/812 1107/565/820
f 1107/565/820 1108/566/821 1099/560/813
f 1109/567/822 1100/561/816 1099/560/813
f 1099/560/813 1108/566/821 1109/567/822
f 1104/563/817 1100/561/816 1109/567/822
f 1109/567/822 1110/568/823 1104/563/817
f 1098/559/812 1111/569/824 1112/570/381
f 1112/570/381 1107/565/820 1098/559/812
f 1108/566/821 1107/565/820 1113/571/825
f 1113/571/825 1114/572/826 1108/566/821
f 1109/567/822 1108/566/821 1114/572/826
f 1114/572/826 1115/573/827 1109/567/822
f 1110/568/823 1109/567/822 1115/573/827
f 1115/573/827 1116/574/828 1110/568/823
f 1113/571/825 1107/565/820 1112/570/381
f 1117/570/829 1118/575/829 1113/571/825
f 1114/572/826 1113/571/825 1119/576/830
f 1119/576/830 1120/577/831 1114/572/826
f 1121/578/832 1115/573/827 1114/572/826
f 1114/572/826 1120/577/831 1121/578/832
f 1116/574/828 1115/573/827 1121/578/832
f 1121/578/832 1122/579/833 1116/574/828
f 1113/571/825 1123/575/258 1124/580/258
f 1125/580/834 1119/576/830 1113/571/825
f 1126/581/835 1127/582/836 1128/583/837
f 1128/583/837 1129/584/838 1126/581/835
f 1128/583/837 1089/550/805 1129/584/838
f 1130/585/839 1131/586/840 1129/584/838
f 1129/584/838 1089/550/805 1130/585/839
f 1122/579/833 1121/578/832 1132/587/841
f 1132/587/841 1133/588/842 1122/579/833
f 1124/580/258 1134/589/258 1119/576/843
f 1120/577/831 1135/587/844 1121/578/832
f 1091/552/806 1094/555/808 1084/545/801
f 1084/545/801 1086/547/803 1091/552/806
f 1136/590/845 1128/583/837 1127/582/836
f 1127/582/836 1137/591/846 1136/590/845
f 1137/591/847 1138/582/848 1139/592/849
f 1139/592/849 1140/593/849 1137/591/847
f 1141/594/850 1142/595/851 1090/551/804
f 1090/551/804 1089/550/805 1141/594/850
f 1141/594/850 1089/550/805 1128/583/837
f 1128/583/837 1136/590/845 1141/594/850
f 1143/596/852 1081/542/798 1095/556/809
f 1095/556/809 1144/597/852 1143/596/852
s 0
f 1145/558/853 1146/598/853 1147/569/853
s 1
f 1111/569/824 1098/559/812 1148/558/824
f 1086/547/803 1149/599/807 1092/553/807
f 1150/544/854 1151/543/799 1152/542/855
f 1152/542/855 1153/545/801 1150/544/854
f 1150/544/854 1154/547/856 1155/546/258
f 1155/546/258 1156/548/258 1150/544/854
f 1157/549/857 1158/551/857 1159/550/858
f 1154/547/856 1150/544/854 1153/545/801
s 0
f 1160/552/807 1093/554/807 1161/553/807
s 1
f 1161/553/807 1154/547/859 1160/552/807
f 1162/555/799 1153/545/801 1152/542/855
f 1152/542/855 1163/556/799 1162/555/799
f 1164/559/860 1165/558/811 1166/557/861
f 1166/557/861 1167/560/862 1164/559/860
f 1168/561/863 1167/560/862 1169/557/864
f 1169/557/864 1170/562/865 1168/561/863
f 1171/564/866 1172/563/867 1168/561/863
f 1168/561/868 1173/562/869 1174/564/869
f 1175/565/870 1164/559/860 1167/560/862
f 1167/560/862 1176/566/871 1175/565/870
f 1177/567/872 1176/566/871 1167/560/862
f 1167/560/862 1168/561/863 1177/567/872
f 1177/567/872 1168/561/863 1172/563/867
f 1172/563/867 1178/568/873 1177/567/872
f 1179/570/874 1180/569/875 1164/559/876
f 1164/559/860 1175/565/870 1181/570/877
f 1182/571/878 1175/565/870 1176/566/871
f 1176/566/871 1183/572/879 1182/571/878
f 1183/572/879 1176/566/871 1177/567/872
f 1177/567/872 1184/573/880 1183/572/879
f 1184/573/880 1177/567/872 1178/568/873
f 1178/568/873 1185/574/881 1184/573/880
f 1182/571/878 1186/575/385 1181/570/877
f 1181/570/877 1175/565/870 1182/571/878
f 1187/576/882 1182/571/878 1183/572/879
f 1183/572/879 1188/577/883 1187/576/882
f 1189/578/884 1188/577/883 1183/572/879
f 1183/572/879 1184/573/880 1189/578/884
f 1189/578/884 1184/573/880 1185/574/881
f 1185/574/881 1190/579/885 1189/578/884
f 1191/580/886 1186/575/385 1182/571/878
f 1182/571/878 1187/576/882 1191/580/886
f 1192/583/887 1193/582/888 1194/581/889
f 1194/581/889 1195/584/890 1192/583/887
f 1192/583/887 1195/584/890 1159/550/858
f 1196/585/865 1159/550/858 1195/584/890
f 1195/584/890 1197/586/891 1196/585/865
f 1198/587/892 1189/578/884 1190/579/885
f 1190/579/885 1199/588/892 1198/587/892
f 1191/580/886 1187/576/882 1200/589/877
f 1188/577/883 1189/578/884 1201/587/893
f 1202/552/894 1154/547/856 1153/545/801
f 1153/545/801 1203/555/894 1202/552/894
f 1193/582/888 1192/583/887 1204/590/895
f 1205/590/896 1206/591/896 1207/582/896
s 0
f 1208/592/897 1209/582/897 1210/591/897
f 1210/591/849 1140/593/849 1208/592/849
s 1
f 1211/594/857 1159/550/858 1158/551/857
s 0
f 1158/551/851 1142/595/851 1211/594/851
s 1
f 1192/583/887 1159/550/858 1212/594/898
f 1212/594/898 1213/590/898 1192/583/887
f 1214/556/899 1152/542/900 1215/596/899
s 0
f 1215/596/852 1144/597/852 1214/556/852
s 1
f 1216/558/901 1164/559/876 1180/569/875
f 1217/569/323 1218/598/323 1219/558/323
f 1154/547/859 1161/553/807 1220/599/807
f 1221/600/902 1222/601/903 1223/602/904
f 1223/602/904 1224/603/905 1221/600/902
f 1225/604/906 1226/605/907 1227/606/907
f 1227/606/907 1228/607/908 1225/604/906
f 1229/608/909 1221/600/902 1224/603/905
f 1224/603/905 1230/609/910 1229/608/909
f 1224/603/905 1231/610/911 1232/611/912
f 1232/611/912 1230/609/910 1224/603/905
f 1233/612/913 1230/609/910 1234/613/914
f 1234/613/914 1235/614/915 1233/612/913
f 1230/609/910 1233/612/913 1229/608/909
f 1232/611/912 1236/615/916 1234/613/914
f 1234/613/914 1230/609/910 1232/611/912
f 1237/616/917 1236/615/916 1232/611/912
f 1238/617/918 1239/618/919 1240/619/920
f 1240/619/920 1241/620/921 1238/617/918
f 1242/621/922 1240/619/920 1239/618/919
f 1243/622/923 1233/612/913 1240/619/920
f 1240/619/920 1242/621/922 1243/622/923
f 1229/608/909 1233/612/913 1243/622/923
f 1244/623/924 1221/600/902 1229/608/909
f 1229/608/909 1243/622/923 1244/623/924
f 1245/624/925 1246/625/248 1247/626/248
f 1247/626/248 1248/627/926 1245/624/925
f 1249/626/927 1242/621/928 1250/618/927
s 0
f 1251/618/929 1252/627/929 1253/626/929
s 1
f 1254/628/930 1233/612/913 1235/614/915
f 1235/614/931 1255/629/212 1256/628/212
f 1235/614/932 1257/630/933 1258/631/934
f 1258/631/934 1259/629/935 1235/614/932
f 1241/620/921 1240/619/920 1260/632/919
f 1261/632/635 1262/633/635 1241/620/919
f 1233/612/913 1263/628/936 1264/632/937
f 1264/632/937 1240/619/920 1233/612/913
f 1265/634/938 1266/635/939 1267/636/940
f 1267/636/940 1268/637/940 1265/634/938
f 1269/638/941 1268/637/940 1267/636/940
f 1267/636/940 1270/639/942 1269/638/941
f 1271/640/943 1272/641/944 1273/642/945
f 1273/642/945 1274/643/943 1271/640/943
f 1271/640/943 1274/643/943 1266/635/939
f 1266/635/939 1265/634/938 1271/640/943
f 1275/644/946 1276/645/947 1277/646/948
f 1277/646/948 1278/647/948 1275/644/946
f 1279/648/949 1278/647/948 1277/646/948
f 1277/646/948 1280/649/950 1279/648/949
f 1281/650/951 1282/651/952 1283/652/953
f 1283/652/953 1284/653/954 1281/650/951
f 1281/650/951 1284/653/954 1285/654/955
f 1285/654/955 1286/655/956 1281/650/951
f 1286/655/956 1285/654/955 1287/656/957
f 1287/656/957 1288/657/958 1286/655/956
f 1288/657/958 1287/656/957 1289/658/959
f 1289/658/959 1290/659/960 1288/657/958
f 1290/659/960 1289/658/959 1291/660/961
f 1291/660/961 1292/661/962 1290/659/960
f 1292/661/962 1291/660/961 1276/645/947
f 1276/645/947 1275/644/946 1292/661/962
s 0
f 1293/662/963 1294/663/963 1295/664/963
s 1
f 1295/664/963 1296/665/963 1293/662/963
f 1297/666/964 1294/663/965 1293/662/966
s 0
f 1298/662/967 1299/667/967 1300/666/967
s 1
f 1297/666/964 1301/668/968 1294/663/965
f 1302/669/969 1295/664/969 1294/663/969
s 0
f 1303/664/970 1304/666/970 1305/663/970
f 1306/663/971 1307/669/971 1308/664/971
s 1
f 1309/662/972 1310/666/973 1308/664/973
f 1308/664/973 1311/665/973 1309/662/972
f 1312/662/970 1313/667/970 1304/666/970
s 0
f 1314/668/974 1305/663/974 1304/666/974
s 1
f 1315/670/975 1316/671/976 1317/672/977
f 1317/672/977 1318/673/978 1315/670/975
f 1315/670/975 1319/674/979 1320/675/980
f 1320/675/980 1321/676/981 1315/670/975
f 1316/671/976 1322/677/982 1323/678/983
f 1323/678/983 1317/672/977 1316/671/976
f 1324/679/984 1325/680/985 1326/681/986
f 1326/681/986 1318/673/978 1324/679/984
f 1318/673/978 1326/681/986 1319/674/979
f 1319/674/979 1315/670/975 1318/673/978
f 1327/682/987 1328/683/988 1329/684/989
f 1329/684/989 1330/685/990 1327/682/987
f 1329/684/989 1328/683/988 1331/686/991
f 1331/686/991 1332/687/992 1329/684/989
f 1333/688/993 1327/682/987 1330/685/990
f 1330/685/990 1334/689/993 1333/688/993
f 1335/690/994 1336/691/944 1333/688/993
f 1333/688/993 1334/689/993 1335/690/994
f 1337/692/995 1338/693/995 1339/694/996
f 1339/694/996 1340/695/997 1337/692/995
f 1341/696/998 1342/697/999 1343/698/1000
f 1343/698/1000 1344/699/1001 1341/696/998
f 1345/700/1002 1346/701/1003 1347/702/1004
f 1347/702/1004 1348/703/1005 1345/700/1002
f 1349/704/1006 1350/705/1007 1351/706/1008
f 1351/706/1008 1352/707/1009 1349/704/1006
f 1353/708/1010 1354/709/1010 1355/710/1011
f 1355/710/1011 1356/711/1012 1357/708/1013
f 1340/695/997 1339/694/996 1358/712/1014
f 1359/712/1015 1360/713/1016 1340/695/1017
f 1361/714/1018 1362/715/1019 1345/700/1002
f 1345/700/1002 1363/716/1020 1361/714/1018
f 1362/715/1019 1364/717/1018 1345/700/1002
f 1365/718/1021 1363/716/1020 1345/700/1002
f 1345/700/1002 1348/703/1005 1365/718/1021
f 1366/719/1022 1363/716/1020 1365/718/1021
f 1349/704/1006 1352/707/1009 1367/720/1023
f 1367/720/1023 1368/721/1024 1349/704/1006
f 1369/722/1025 1370/723/1025 1371/708/1026
f 1371/708/1026 1372/724/1027 1369/722/1025
f 1370/723/1025 1373/725/1028 1371/708/1026
f 1372/724/1029 1374/708/1030 1356/711/1031
f 1356/711/1031 1375/726/1032 1372/724/1029
f 1376/727/1033 1372/724/1029 1375/726/1032
s 0
f 1377/712/1034 1378/728/1034 1379/729/1034
s 1
f 1380/729/1035 1360/713/1036 1381/712/1035
f 1350/705/1007 1382/730/1037 1383/731/1038
f 1383/731/1038 1351/706/1008 1350/705/1007
s 0
f 1384/732/1039 1385/733/1039 1386/719/1039
s 1
f 1387/719/1040 1365/718/1041 1388/732/1040
s 0
f 1389/734/1042 1390/735/1042 1391/727/1042
s 1
f 1392/727/1043 1375/726/1032 1393/734/1043
f 1337/692/995 1394/736/1044 1395/737/1044
f 1395/737/1044 1338/693/995 1337/692/995
f 1396/731/1045 1382/730/1046 1397/738/1045
f 1397/738/1045 1398/739/1047 1396/731/1045
s 0
f 1399/740/1048 1400/741/1048 1401/737/1048
s 1
f 1401/737/1049 1402/736/1049 1399/740/1049
f 1361/714/1018 1363/716/1020 1403/742/1050
f 1403/742/1050 1404/743/1051 1361/714/1018
f 1405/721/1052 1367/720/1023 1406/744/1053
f 1406/744/1054 1407/745/1055 1408/721/1055
f 1369/722/1025 1372/724/1027 1409/746/1056
f 1409/746/1056 1410/747/1057 1369/722/1025
f 1411/728/1058 1343/698/1000 1342/697/999
f 1342/697/1059 1412/729/1060 1413/728/1060
f 1414/748/1061 1415/749/1062 1416/745/1063
f 1416/745/1063 1406/744/1054 1414/748/1061
f 1362/715/1019 1417/750/1064 1418/751/1065
f 1418/751/1065 1364/717/1018 1362/715/1019
f 1370/723/1025 1419/752/1066 1420/753/1067
f 1420/753/1067 1421/725/1068 1370/723/1025
f 1344/699/1001 1422/754/1069 1423/755/1070
f 1423/755/1070 1341/696/998 1344/699/1001
f 1424/749/1071 1414/748/1072 1425/756/1071
s 0
f 1425/756/1073 1426/757/1073 1424/749/1073
f 1427/757/1074 1428/756/1074 1429/755/1074
f 1429/755/1075 1430/754/1075 1427/757/1075
s 1
f 1431/758/1076 1432/759/1077 1433/760/1078
f 1433/760/1078 1434/761/1079 1431/758/1076
f 1435/762/1080 1436/763/1081 1437/764/1082
f 1437/764/1082 1438/765/1083 1435/762/1080
f 1439/766/1084 1440/767/1084 1441/768/1085
f 1441/768/1085 1442/769/1086 1439/766/1084
f 1443/770/1087 1444/771/1088 1445/772/1089
f 1445/772/1089 1446/773/1090 1443/770/1087
f 1447/774/1091 1448/775/1091 1449/776/1092
f 1449/776/1092 1450/777/1093 1447/774/1091
f 1451/778/1094 1434/761/1079 1433/760/1078
f 1433/760/1078 1452/779/1095 1451/778/1094
f 1453/780/1096 1438/765/1083 1437/764/1082
f 1437/764/1082 1442/769/1086 1453/780/1096
f 1442/769/1086 1441/768/1085 1453/780/1096
f 1454/781/1097 1438/765/1083 1453/780/1096
f 1446/773/1090 1445/772/1089 1455/782/1098
f 1455/782/1098 1456/783/1099 1446/773/1090
f 1449/776/1092 1457/784/1100 1458/785/1091
f 1458/785/1091 1450/777/1093 1449/776/1092
f 1459/786/1093 1457/784/1100 1449/776/1092
f 1449/776/1092 1460/787/1101 1461/786/1102
s 0
f 1462/779/1103 1463/788/1103 1464/789/1103
s 1
f 1465/789/1104 1451/778/1094 1466/779/1104
f 1443/770/1087 1467/790/1105 1468/791/1106
f 1468/791/1106 1444/771/1088 1443/770/1087
f 1453/780/1096 1469/792/1107 1470/793/1108
f 1470/793/1108 1471/781/1084 1453/780/1096
f 1460/787/1109 1472/794/1110 1473/795/1111
f 1473/795/1111 1459/786/1111 1460/787/1109
s 0
f 1474/796/1112 1475/797/1112 1476/798/1112
f 1476/798/1113 1477/799/1113 1474/796/1113
s 1
f 1467/790/1105 1478/799/1114 1479/798/1114
f 1480/798/1115 1481/791/1115 1467/790/1116
f 1432/759/1077 1431/758/1076 1482/797/1117
f 1483/797/1118 1484/796/1118 1432/759/1119
f 1457/784/1120 1485/800/1121 1486/801/1121
f 1486/801/1121 1487/785/1122 1457/784/1120
f 1455/782/1123 1488/802/1124 1489/783/1124
s 0
f 1490/788/1125 1491/803/1125 1492/789/1125
s 1
f 1236/615/916 1493/630/1126 1235/614/915
f 1235/614/915 1234/613/914 1236/615/916
f 1494/804/1127 1495/805/1127 1496/806/1127
s 0
f 1496/806/1128 1497/807/1128 1494/804/1128
s 1
f 1498/808/1129 1499/809/1130 1500/810/1131
f 1500/810/1131 1501/811/1132 1498/808/1129
f 1502/812/1133 1498/808/1129 1501/811/1132
f 1501/811/1132 1503/813/1134 1502/812/1133
f 1502/812/1133 1503/813/1134 1504/814/1135
f 1504/814/1135 1505/815/1136 1502/812/1133
f 1506/816/1137 1500/810/1131 1499/809/1130
f 1499/809/1138 1507/817/1139 1508/816/1139
f 1509/818/1140 1510/819/1141 1511/820/1142
f 1512/820/1143 1513/821/1143 1509/818/1140
f 1514/822/1144 1515/823/1145 1516/824/1146
f 1517/824/1147 1518/820/1147 1514/822/1148
f 1519/825/1149 1520/826/1150 1521/824/1150
f 1522/824/1151 1515/823/1145 1519/825/1149
f 1509/818/1140 1523/821/1152 1524/827/1153
f 1525/828/1154 1526/829/1155 1510/819/1141
f 1510/819/1141 1509/818/1140 1525/828/1154
f 1527/830/1156 1528/831/1157 1515/823/1145
f 1515/823/1145 1514/822/1144 1527/830/1156
f 1528/831/1157 1529/832/1158 1519/825/1149
f 1519/825/1149 1515/823/1145 1528/831/1157
f 1530/833/1159 1531/834/1160 1526/829/1155
f 1526/829/1155 1525/828/1154 1530/833/1159
f 1527/830/1156 1531/834/1160 1532/835/1161
f 1532/835/1161 1528/831/1157 1527/830/1156
f 1528/831/1157 1532/835/1161 1533/836/1162
f 1533/836/1162 1529/832/1158 1528/831/1157
f 1534/837/1163 1530/833/1159 1535/838/1164
f 1535/838/1165 1536/839/1166 1537/837/1166
f 1499/809/1130 1498/808/1129 1531/834/1160
f 1531/834/1160 1530/833/1159 1499/809/1130
f 1502/812/1133 1532/835/1161 1531/834/1160
f 1531/834/1160 1498/808/1129 1502/812/1133
f 1532/835/1161 1502/812/1133 1505/815/1136
f 1505/815/1136 1533/836/1162 1532/835/1161
f 1538/817/1167 1499/809/1130 1530/833/1159
f 1530/833/1159 1539/837/1168 1540/817/1168
f 1524/827/1169 1541/821/1170 1542/840/1170
f 1543/840/1171 1544/841/1171 1524/827/1169
f 1535/838/1164 1525/828/1154 1509/818/1140
f 1509/818/1140 1524/827/1153 1535/838/1164
f 1545/820/1172 1510/819/1141 1514/822/1144
f 1527/830/1156 1514/822/1144 1510/819/1141
f 1510/819/1141 1526/829/1155 1527/830/1156
f 1546/841/1173 1547/839/1173 1535/838/1174
f 1535/838/1164 1524/827/1153 1548/841/1175
f 1530/833/1159 1525/828/1154 1535/838/1164
f 1527/830/1156 1526/829/1155 1531/834/1160
f 1549/346/1176 1550/349/1177 1551/348/622
f 1551/348/622 1552/347/622 1549/346/1176
f 1553/350/1178 1554/353/1179 1555/352/212
f 1555/352/212 1556/351/1180 1553/350/1178
f 1557/354/1181 1558/355/1182 1554/353/1179
f 1554/353/1179 1553/350/1178 1557/354/1181
f 1555/352/212 1559/358/628 1560/357/628
f 1560/357/628 1561/356/628 1555/352/212
f 1562/359/1183 1563/362/1184 1564/361/1184
f 1564/361/1184 1565/360/1185 1562/359/1183
f 1558/355/1182 1566/364/632 1567/363/632
f 1567/363/632 1550/349/1177 1558/355/1182
f 1554/353/1179 1558/355/1182 1550/349/1177
f 1550/349/1177 1549/346/1176 1554/353/1179
f 1552/347/622 1551/348/622 1565/360/1186
f 1565/360/1186 1568/361/622 1552/347/622
f 1569/365/635 1566/364/632 1558/355/1182
f 1558/355/1182 1557/354/1181 1569/365/635
f 1559/358/628 1555/352/212 1554/353/1179
f 1554/353/1179 1549/346/1176 1559/358/628
s 0
f 1566/364/632 1570/367/632 1571/366/632
f 1571/366/632 1567/363/632 1566/364/632
s 1
f 1572/368/637 1573/362/637 1562/359/1187
f 1562/359/1187 1574/369/637 1572/368/637
s 0
f 1575/370/1188 1576/371/1188 1577/368/1188
f 1577/368/1189 1578/369/1189 1575/370/1189
s 1
f 1579/372/1190 1580/375/1191 1581/374/1192
f 1581/374/1192 1582/373/622 1579/372/1190
f 1583/376/1193 1581/374/1192 1584/378/1194
f 1584/378/1194 1585/377/213 1583/376/1193
f 1581/374/1192 1580/375/1191 1586/379/1195
f 1586/379/1195 1584/378/1194 1581/374/1192
f 1587/380/1196 1588/381/1196 1586/379/1197
f 1586/379/1195 1580/375/1191 1589/380/645
f 1590/382/648 1591/385/1198 1592/384/1199
f 1592/384/1199 1593/383/648 1590/382/648
f 1591/385/1198 1594/387/652 1595/386/1200
f 1595/386/1200 1592/384/1199 1591/385/1198
f 1594/387/652 1596/389/1201 1597/388/1202
f 1597/388/1202 1595/386/1200 1594/387/652
f 1597/388/1202 1596/389/1201 1598/391/1203
f 1598/391/1203 1599/390/1204 1597/388/1202
f 1599/390/1204 1598/391/1203 1600/393/656
f 1600/393/656 1601/392/656 1599/390/1204
s 0
f 1602/394/1205 1603/397/1205 1604/396/1205
s 1
f 1604/396/1206 1605/395/1207 1602/394/1207
f 1602/394/1207 1605/395/1207 1606/398/1205
f 1607/399/1205 1605/395/1207 1604/396/1206
f 1608/400/660 1609/403/660 1610/402/1208
f 1610/402/1208 1611/401/660 1608/400/660
f 1612/404/1209 1613/407/1210 1614/406/1211
f 1614/406/1211 1615/405/1212 1612/404/1209
f 1616/408/1213 1617/411/1213 1618/410/1214
f 1618/410/1214 1619/409/1215 1620/408/1215
f 1621/412/1216 1622/415/1217 1623/414/1218
f 1623/414/1218 1624/413/1219 1621/412/1216
f 1624/413/1219 1625/416/1220 1621/412/1216
f 1626/417/1221 1627/420/1222 1628/419/1223
f 1628/419/1223 1629/418/1224 1626/417/1221
f 1630/421/1225 1631/424/1226 1632/423/1227
f 1633/423/1228 1634/422/1228 1630/421/1229
s 0
f 1635/425/1230 1636/422/1230 1637/423/1230
s 1
f 1638/426/1231 1639/429/1232 1640/428/1233
f 1640/428/1234 1641/427/1235 1642/426/1236
f 1643/430/1237 1644/433/1238 1645/432/1237
f 1645/432/1237 1646/431/1239 1643/430/1237
f 1615/405/1212 1640/428/1233 1639/429/1232
f 1639/429/1232 1612/404/1209 1615/405/1212
s 0
f 1647/434/1240 1648/437/1240 1649/436/1240
f 1649/436/1241 1650/435/1241 1647/434/1241
s 1
f 1614/406/1211 1613/407/1210 1644/433/1238
f 1644/433/1238 1643/430/1237 1614/406/1211
s 0
f 1651/438/1242 1652/441/1242 1653/440/1242
f 1653/440/1243 1654/439/1243 1651/438/1243
s 1
f 1655/442/1244 1656/443/1245 1657/426/1246
f 1657/426/1246 1641/427/1247 1655/442/1244
f 1658/443/1248 1655/442/1244 1659/444/1249
f 1660/445/1250 1655/442/1244 1641/427/1247
f 1661/446/1251 1662/449/1252 1663/448/1253
f 1664/448/1254 1665/447/1254 1661/446/1255
f 1610/402/1208 1666/450/660 1629/418/1224
f 1629/418/1224 1628/419/1223 1610/402/1208
f 1667/450/1256 1610/402/1257 1668/451/1258
f 1611/401/660 1610/402/1208 1628/419/1223
s 0
f 1669/452/1259 1670/454/1259 1671/453/1259
s 1
f 1672/453/1260 1622/415/1217 1673/452/1260
f 1623/414/1218 1622/415/1217 1674/453/1261
f 1675/455/1262 1676/457/1263 1677/456/1263
f 1678/456/1264 1679/423/1264 1675/455/1265
f 1680/423/1266 1631/424/1267 1675/455/1262
f 1668/451/1258 1681/459/660 1682/458/660
f 1682/458/660 1666/450/660 1668/451/1258
s 0
f 1683/460/1268 1684/463/1268 1685/462/1268
f 1686/462/1269 1687/461/1269 1688/460/1269
s 1
f 1659/444/1249 1689/465/1270 1690/464/1271
f 1690/464/1271 1691/443/1271 1659/444/1249
f 1692/466/1266 1693/468/1266 1694/467/1266
f 1695/467/1272 1696/463/1272 1697/466/1272
f 1698/463/1273 1699/460/1273 1700/466/1273
s 0
f 1701/469/1274 1702/470/1274 1703/468/1274
s 1
f 1703/468/1275 1704/466/1275 1701/469/1275
f 1705/409/1276 1618/410/1214 1706/471/1276
s 0
f 1707/471/1277 1708/470/1277 1709/409/1277
s 1
f 1710/470/1216 1711/469/1216 1712/409/1216
f 1713/448/1271 1662/449/1278 1655/442/1244
f 1655/442/1244 1714/445/1271 1713/448/1271
f 1689/465/1279 1715/473/1280 1716/472/1280
f 1717/472/1281 1718/464/1281 1689/465/1279
f 1627/420/1222 1626/417/1221 1646/431/1239
f 1646/431/1239 1645/432/1237 1627/420/1222
f 1630/421/1229 1719/474/1282 1720/439/1283
f 1720/439/1283 1721/440/1282 1630/421/1229
f 1630/421/1229 1722/422/1284 1723/474/1284
s 0
f 1724/454/1285 1725/435/1285 1726/436/1285
s 1
f 1726/436/1286 1727/475/1286 1724/454/1286
f 1724/454/1286 1728/452/1286 1725/435/1286
f 1729/476/1287 1730/479/1288 1731/478/1289
f 1731/478/1289 1732/477/1290 1729/476/1287
f 1730/479/1288 1733/481/1291 1734/480/1292
f 1734/480/1292 1731/478/1289 1730/479/1288
f 1733/481/1291 1735/483/1293 1736/482/1259
f 1736/482/1259 1734/480/1292 1733/481/1291
f 1737/484/660 1729/476/1287 1732/477/1290
f 1732/477/1290 1738/485/660 1737/484/660
f 1739/486/1294 1740/489/1295 1741/488/1296
f 1741/488/1296 1742/487/1297 1739/486/1294
f 1740/489/1295 1743/491/1298 1744/490/1299
f 1744/490/1299 1741/488/1296 1740/489/1295
f 1743/491/1298 1745/493/1300 1746/492/1301
f 1746/492/1301 1744/490/1299 1743/491/1298
f 1745/493/1300 1747/495/660 1748/494/660
f 1748/494/660 1746/492/1301 1745/493/1300
f 1730/479/1288 1729/476/1287 1749/497/1302
f 1749/497/1302 1750/496/1303 1730/479/1288
f 1751/498/1304 1733/481/1291 1730/479/1288
f 1730/479/1288 1750/496/1303 1751/498/1304
f 1752/499/1305 1735/483/1293 1733/481/1291
f 1733/481/1291 1751/498/1304 1752/499/1305
f 1753/500/1306 1749/497/1302 1729/476/1287
f 1729/476/1287 1754/484/1307 1753/500/1306
f 1740/489/1295 1739/486/1294 1755/502/1308
f 1755/502/1308 1756/501/1309 1740/489/1295
f 1756/501/1309 1757/503/1310 1743/491/1298
f 1743/491/1298 1740/489/1295 1756/501/1309
f 1758/504/1311 1745/493/1300 1743/491/1298
f 1743/491/1298 1757/503/1310 1758/504/1311
f 1759/505/1312 1760/495/1312 1745/493/1313
f 1745/493/1300 1758/504/1311 1761/505/1314
f 1757/503/1310 1756/501/1309 1751/498/1304
f 1751/498/1304 1750/496/1303 1757/503/1310
f 1756/501/1309 1762/507/1315 1763/506/1316
f 1763/506/1316 1751/498/1304 1756/501/1309
f 1764/508/1317 1758/504/1311 1749/497/1302
f 1749/497/1302 1765/509/1318 1766/508/1318
f 1757/503/1310 1750/496/1303 1749/497/1302
f 1749/497/1302 1758/504/1311 1757/503/1310
f 1767/510/1319 1768/513/1320 1769/512/1321
f 1769/512/1321 1770/511/1322 1767/510/1319
f 1771/514/1323 1772/515/1324 1769/512/1321
f 1769/512/1321 1768/513/1320 1771/514/1323
f 1771/514/1323 1773/517/1325 1774/516/1326
f 1774/516/1326 1772/515/1324 1771/514/1323
f 1775/518/660 1767/510/1319 1770/511/1322
f 1770/511/1322 1776/519/660 1775/518/660
f 1777/520/1327 1778/523/1328 1779/522/1329
f 1779/522/1329 1780/521/1330 1777/520/1327
f 1778/523/1328 1781/525/1331 1782/524/1332
f 1782/524/1332 1779/522/1329 1778/523/1328
f 1781/525/1331 1783/527/1333 1784/526/1334
f 1784/526/1334 1782/524/1332 1781/525/1331
f 1785/528/660 1786/529/660 1784/526/1334
f 1784/526/1334 1783/527/1333 1785/528/660
f 1781/525/1331 1768/513/1320 1767/510/1319
f 1767/510/1319 1783/527/1333 1781/525/1331
f 1781/525/1331 1778/523/1328 1771/514/1323
f 1771/514/1323 1768/513/1320 1781/525/1331
f 1778/523/1328 1787/531/1335 1788/530/1336
f 1788/530/1336 1771/514/1323 1778/523/1328
f 1789/532/660 1783/527/1333 1767/510/1319
f 1767/510/1319 1790/533/660 1789/532/660
f 1734/480/1292 1791/535/1337 1792/534/1338
f 1792/534/1338 1731/478/1289 1734/480/1292
f 1744/490/1299 1793/537/1339 1794/536/1340
f 1794/536/1340 1741/488/1296 1744/490/1299
f 1795/538/1341 1796/539/1342 1770/511/1322
f 1770/511/1322 1769/512/1321 1795/538/1341
f 1797/540/1343 1798/541/1343 1780/521/1330
f 1780/521/1330 1779/522/1329 1797/540/1343
f 1799/542/1344 1800/545/1345 1801/544/1346
f 1801/544/1346 1802/543/1347 1799/542/1344
f 1803/546/802 1804/548/802 1801/544/1346
f 1801/544/1346 1805/547/1348 1803/546/802
f 1806/549/1349 1807/551/1349 1808/550/1350
f 1805/547/1348 1801/544/1346 1800/545/1345
f 1809/552/1351 1810/554/807 1811/553/807
f 1811/553/807 1805/547/1348 1809/552/1351
f 1799/542/1344 1812/556/1352 1813/555/1353
f 1813/555/1353 1800/545/1345 1799/542/1344
f 1814/557/1354 1815/560/1355 1816/559/1356
f 1816/559/1356 1817/558/1357 1814/557/1354
f 1818/561/1358 1815/560/1355 1819/557/1359
f 1820/557/1360 1821/562/1360 1818/561/1358
f 1818/561/1358 1822/562/1361 1823/564/1361
f 1823/564/1361 1824/563/1362 1818/561/1358
f 1815/560/1355 1825/566/1363 1826/565/1364
f 1826/565/1364 1816/559/1356 1815/560/1355
f 1827/567/1365 1825/566/1363 1815/560/1355
f 1815/560/1355 1818/561/1358 1827/567/1365
f 1824/563/1362 1828/568/1366 1827/567/1365
f 1827/567/1365 1818/561/1358 1824/563/1362
f 1816/559/1356 1826/565/1364 1829/570/374
f 1830/570/824 1831/569/824 1816/559/1367
f 1825/566/1363 1832/572/1368 1833/571/1369
f 1833/571/1369 1826/565/1364 1825/566/1363
f 1827/567/1365 1834/573/1370 1832/572/1368
f 1832/572/1368 1825/566/1363 1827/567/1365
f 1828/568/1366 1835/574/1371 1834/573/1370
f 1834/573/1370 1827/567/1365 1828/568/1366
f 1833/571/1369 1836/575/381 1830/570/381
f 1837/570/829 1826/565/1364 1833/571/1369
f 1832/572/1368 1838/577/1372 1839/576/1373
f 1839/576/1373 1833/571/1369 1832/572/1368
f 1840/578/1374 1838/577/1372 1832/572/1368
f 1832/572/1368 1834/573/1370 1840/578/1374
f 1835/574/1371 1841/579/1375 1840/578/1374
f 1840/578/1374 1834/573/1370 1835/574/1371
f 1833/571/1369 1839/576/1373 1842/580/258
f 1843/580/1376 1844/575/1376 1833/571/1377
f 1845/581/1378 1846/584/1379 1847/583/1380
f 1847/583/1380 1848/582/1381 1845/581/1378
f 1847/583/1380 1846/584/1379 1808/550/1350
f 1849/585/844 1808/550/1350 1846/584/1379
f 1846/584/1379 1850/586/1382 1851/585/1382
f 1841/579/1375 1852/588/1383 1853/587/1384
f 1853/587/1384 1840/578/1374 1841/579/1375
f 1842/580/258 1839/576/1373 1854/589/893
f 1838/577/1372 1840/578/1374 1855/587/1385
f 1809/552/1351 1805/547/1348 1800/545/1345
f 1800/545/1345 1813/555/1353 1809/552/1351
f 1856/590/1386 1857/591/1387 1848/582/1381
f 1848/582/1381 1847/583/1380 1856/590/1386
f 1857/591/1388 1858/593/1389 1859/592/1389
f 1859/592/1389 1860/582/1390 1857/591/1388
f 1861/594/1391 1808/550/1350 1807/551/1349
f 1807/551/1349 1862/595/1392 1861/594/1391
f 1861/594/1391 1856/590/1386 1847/583/1380
f 1847/583/1380 1808/550/1350 1861/594/1391
f 1863/596/1393 1864/597/1393 1812/556/1352
f 1812/556/1352 1799/542/1344 1863/596/1393
f 1865/558/824 1816/559/1367 1831/569/824
s 0
f 1866/569/1394 1867/598/1394 1868/558/1394
s 1
f 1805/547/1348 1811/553/807 1869/599/807
f 1870/544/1395 1871/545/1396 1872/542/1344
f 1872/542/1344 1873/543/1347 1870/544/1395
f 1870/544/1395 1874/548/865 1875/546/258
f 1875/546/258 1876/547/1397 1870/544/1395
f 1877/549/1398 1878/550/1399 1879/551/1400
f 1876/547/1397 1871/545/1396 1870/544/1395
f 1880/552/1401 1876/547/1402 1881/553/807
s 0
f 1881/553/1403 1810/554/1403 1880/552/1403
s 1
f 1882/555/1347 1883/556/1347 1872/542/1344
f 1872/542/1344 1871/545/1396 1882/555/1347
f 1884/559/1404 1885/560/1405 1886/557/1406
f 1887/557/1407 1888/558/1407 1884/559/1408
f 1889/561/1409 1890/562/865 1891/557/865
f 1892/557/834 1885/560/1405 1889/561/1409
f 1893/564/1410 1894/562/1361 1889/561/1409
f 1889/561/1409 1895/563/1411 1893/564/1410
f 1896/565/1412 1897/566/1413 1885/560/1405
f 1885/560/1405 1884/559/1404 1896/565/1412
f 1898/567/1414 1889/561/1409 1885/560/1405
f 1885/560/1405 1897/566/1413 1898/567/1414
f 1898/567/1414 1899/568/1415 1895/563/1411
f 1895/563/1411 1889/561/1409 1898/567/1414
f 1900/570/385 1896/565/1412 1884/559/1404
f 1884/559/1408 1901/569/874 1902/570/874
f 1903/571/1416 1904/572/1417 1897/566/1413
f 1897/566/1413 1896/565/1412 1903/571/1416
f 1904/572/1417 1905/573/1418 1898/567/1414
f 1898/567/1414 1897/566/1413 1904/572/1417
f 1905/573/1418 1906/574/1419 1899/568/1415
f 1899/568/1415 1898/567/1414 1905/573/1418
f 1903/571/1416 1896/565/1412 1900/570/385
f 1900/570/385 1907/575/385 1903/571/1416
f 1908/576/1420 1909/577/1421 1904/572/1417
f 1904/572/1417 1903/571/1416 1908/576/1420
f 1910/578/1422 1905/573/1418 1904/572/1417
f 1904/572/1417 1909/577/1421 1910/578/1422
f 1910/578/1422 1911/579/1423 1906/574/1419
f 1906/574/1419 1905/573/1418 1910/578/1422
f 1912/580/281 1908/576/1420 1903/571/1416
f 1903/571/1416 1907/575/385 1912/580/281
f 1913/583/1424 1914/584/1425 1915/581/1426
f 1915/581/1426 1916/582/1427 1913/583/1424
f 1913/583/1424 1878/550/1428 1914/584/1425
f 1917/585/258 1918/586/893 1914/584/1425
f 1914/584/1425 1878/550/1428 1917/585/258
f 1919/587/1429 1920/588/1430 1911/579/1423
f 1911/579/1423 1910/578/1422 1919/587/1429
f 1912/580/281 1921/589/877 1908/576/1420
f 1909/577/1421 1922/587/893 1910/578/1422
f 1923/552/1431 1924/555/1431 1871/545/1396
f 1871/545/1396 1876/547/1397 1923/552/1431
f 1925/582/1381 1926/591/1381 1927/590/1381
f 1928/590/1427 1913/583/1424 1916/582/1427
s 0
f 1929/592/1389 1858/593/1389 1930/591/1389
f 1930/591/1432 1931/582/1432 1929/592/1432
f 1932/594/1433 1862/595/1433 1879/551/1433
s 1
f 1879/551/1400 1878/550/1399 1932/594/1433
f 1913/583/1424 1933/590/1434 1934/594/1434
f 1934/594/1434 1878/550/1428 1913/583/1424
s 0
f 1935/556/1393 1864/597/1393 1936/596/1393
s 1
f 1936/596/1435 1872/542/1436 1935/556/1435
f 1937/558/1437 1938/598/1437 1939/569/1437
f 1901/569/874 1884/559/1408 1940/558/1438
f 1876/547/1402 1941/599/807 1881/553/807
f 1942/600/1439 1943/603/1440 1944/602/1441
f 1944/602/1441 1945/601/1442 1942/600/1439
f 1946/604/1443 1947/607/1444 1948/606/1445
f 1948/606/1445 1949/605/1445 1946/604/1443
f 1950/608/1446 1951/609/1447 1943/603/1440
f 1943/603/1440 1942/600/1439 1950/608/1446
f 1943/603/1440 1951/609/1447 1952/611/1448
f 1952/611/1448 1953/610/1449 1943/603/1440
f 1954/612/1450 1955/614/1451 1956/613/1452
f 1956/613/1452 1951/609/1447 1954/612/1450
f 1951/609/1447 1950/608/1446 1954/612/1450
f 1952/611/1448 1951/609/1447 1956/613/1452
f 1956/613/1452 1957/615/1453 1952/611/1448
f 1958/616/1454 1952/611/1448 1957/615/1453
f 1959/617/1455 1960/620/921 1961/619/1456
f 1961/619/1456 1962/618/1457 1959/617/1455
f 1963/621/1458 1962/618/1457 1961/619/1456
f 1964/622/1459 1963/621/1458 1961/619/1456
f 1961/619/1456 1954/612/1450 1964/622/1459
f 1950/608/1446 1964/622/1459 1954/612/1450
f 1965/623/1460 1964/622/1459 1950/608/1446
f 1950/608/1446 1942/600/1439 1965/623/1460
f 1966/624/926 1967/627/926 1968/626/248
f 1968/626/248 1969/625/926 1966/624/926
s 0
f 1970/626/1461 1971/627/1461 1972/618/1461
s 1
f 1973/618/1462 1963/621/1463 1974/626/1462
f 1975/628/323 1976/629/323 1955/614/1464
f 1955/614/1451 1954/612/1450 1977/628/930
f 1955/614/1464 1978/629/1465 1979/631/1466
f 1979/631/1466 1980/630/1465 1955/614/1464
f 1960/620/919 1981/633/1467 1982/632/1467
f 1983/632/919 1961/619/1456 1960/620/921
f 1954/612/1450 1961/619/1456 1984/632/1468
f 1984/632/1468 1985/628/1469 1954/612/1450
f 1986/634/1470 1987/637/1471 1988/636/1471
f 1988/636/1471 1989/635/1472 1986/634/1470
f 1990/638/1473 1991/639/1474 1988/636/1471
f 1988/636/1471 1987/637/1471 1990/638/1473
f 1992/640/1475 1993/643/1476 1994/642/1477
f 1994/642/1477 1995/641/1478 1992/640/1475
f 1992/640/1475 1986/634/1470 1989/635/1472
f 1989/635/1472 1993/643/1476 1992/640/1475
f 1996/644/1479 1997/647/1480 1998/646/1480
f 1998/646/1480 1999/645/1481 1996/644/1479
f 2000/648/1482 2001/649/1483 1998/646/1480
f 1998/646/1480 1997/647/1480 2000/648/1482
f 2002/650/1484 2003/653/1485 2004/652/1486
f 2004/652/1486 2005/651/1487 2002/650/1484
f 2002/650/1484 2006/655/1488 2007/654/1489
f 2007/654/1489 2003/653/1485 2002/650/1484
f 2006/655/1488 2008/657/1490 2009/656/1491
f 2009/656/1491 2007/654/1489 2006/655/1488
f 2008/657/1490 2010/659/1492 2011/658/1493
f 2011/658/1493 2009/656/1491 2008/657/1490
f 2010/659/1492 2012/661/1494 2013/660/1495
f 2013/660/1495 2011/658/1493 2010/659/1492
f 2012/661/1494 1996/644/1479 1999/645/1481
f 1999/645/1481 2013/660/1495 2012/661/1494
s 0
f 2014/662/1496 2015/665/1496 2016/664/1496
s 1
f 2016/664/1496 2017/663/1496 2014/662/1497
f 2018/666/1497 2019/667/1497 2014/662/1497
f 2014/662/1497 2017/663/1496 2018/666/1497
s 0
f 2020/666/1498 2021/663/1498 2022/668/1498
f 2023/669/1499 2024/663/1499 2025/664/1499
f 2026/664/1500 2027/669/1500 2028/663/1500
f 2029/663/1501 2030/666/1501 2031/664/1501
f 2032/662/1502 2033/665/1502 2034/664/1502
s 1
f 2026/664/1503 2035/666/1503 2036/662/1503
f 2037/662/1504 2030/666/1504 2038/667/1504
s 0
f 2039/668/1501 2030/666/1501 2029/663/1501
s 1
f 2040/670/1505 2041/673/1506 2042/672/1507
f 2042/672/1507 2043/671/1508 2040/670/1505
f 2040/670/1505 2044/676/1509 2045/675/1509
f 2045/675/1509 2046/674/1510 2040/670/1505
f 2043/671/1508 2042/672/1507 2047/678/1511
f 2047/678/1511 2048/677/1512 2043/671/1508
f 2049/679/1513 2041/673/1506 2050/681/1514
f 2050/681/1514 2051/680/1515 2049/679/1513
f 2041/673/1506 2040/670/1505 2046/674/1510
f 2046/674/1510 2050/681/1514 2041/673/1506
f 2052/682/1516 2053/685/1517 2054/684/1518
f 2054/684/1518 2055/683/1519 2052/682/1516
f 2054/684/1518 2056/687/1520 2057/686/1521
f 2057/686/1521 2055/683/1519 2054/684/1518
f 2058/688/1522 2059/689/1522 2053/685/1517
f 2053/685/1517 2052/682/1516 2058/688/1522
f 2060/690/1523 2059/689/1522 2058/688/1522
f 2058/688/1522 2061/691/1524 2062/690/1524
f 2063/692/1525 2064/695/1526 2065/694/1527
f 2065/694/1527 2066/693/1528 2063/692/1525
f 2067/696/1529 2068/699/1530 2069/698/1531
f 2069/698/1531 2070/697/1532 2067/696/1529
f 2071/700/1533 2072/703/1534 2073/702/1535
f 2073/702/1535 2074/701/1536 2071/700/1533
f 2075/704/1537 2076/707/1538 2077/706/1539
f 2077/706/1539 2078/705/1540 2075/704/1537
f 2079/708/1541 2080/711/1542 2081/710/1543
f 2081/710/1543 2082/709/1544 2083/708/1544
f 2064/695/1545 2084/713/1546 2085/712/1547
f 2086/712/1548 2065/694/1527 2064/695/1526
f 2087/714/1549 2088/716/1550 2071/700/1533
f 2071/700/1533 2089/715/1551 2087/714/1549
f 2089/715/1551 2071/700/1533 2090/717/1552
f 2091/718/1553 2072/703/1534 2071/700/1533
f 2071/700/1533 2088/716/1550 2091/718/1553
f 2092/719/1554 2091/718/1553 2088/716/1550
f 2075/704/1537 2093/721/1555 2094/720/1556
f 2094/720/1556 2076/707/1538 2075/704/1537
f 2095/722/1557 2096/724/1558 2097/708/1559
f 2097/708/1559 2098/723/1557 2095/722/1557
f 2098/723/1557 2097/708/1559 2099/725/1560
f 2096/724/1561 2100/726/1562 2080/711/1563
f 2080/711/1563 2101/708/1564 2096/724/1561
f 2102/727/1565 2100/726/1562 2096/724/1561
f 2103/712/1566 2084/713/1546 2104/729/1566
s 0
f 2105/729/1567 2106/728/1567 2107/712/1567
s 1
f 2078/705/1540 2077/706/1539 2108/731/1568
f 2108/731/1568 2109/730/1569 2078/705/1540
f 2110/732/1570 2091/718/1571 2111/719/1570
s 0
f 2112/719/1572 2113/733/1572 2114/732/1572
s 1
f 2115/734/1573 2100/726/1562 2116/727/1573
s 0
f 2117/727/1574 2118/735/1574 2119/734/1574
s 1
f 2063/692/1525 2066/693/1528 2120/737/1575
f 2120/737/1575 2121/736/1575 2063/692/1525
s 0
f 2122/731/1576 2123/739/1576 2124/738/1576
s 1
f 2124/738/1576 2109/730/1577 2122/731/1576
f 2125/740/1578 2126/736/1578 2127/737/1578
s 0
f 2127/737/1579 2128/741/1579 2125/740/1579
s 1
f 2087/714/1549 2129/743/1580 2130/742/1580
f 2130/742/1580 2088/716/1550 2087/714/1549
f 2131/721/1581 2132/745/1581 2133/744/1582
f 2133/744/1583 2094/720/1556 2134/721/1584
f 2095/722/1557 2135/747/1585 2136/746/1586
f 2136/746/1586 2096/724/1558 2095/722/1557
f 2137/728/1587 2138/729/1587 2070/697/1588
f 2070/697/1532 2069/698/1531 2139/728/1589
f 2140/748/1590 2133/744/1591 2141/745/1592
f 2141/745/1592 2142/749/1593 2140/748/1590
f 2089/715/1551 2090/717/1552 2143/751/1594
f 2143/751/1594 2144/750/1594 2089/715/1551
f 2098/723/1557 2145/725/1595 2146/753/1585
f 2146/753/1585 2147/752/1595 2098/723/1557
f 2068/699/1530 2067/696/1529 2148/755/1596
f 2148/755/1596 2149/754/1596 2068/699/1530
s 0
f 2150/749/1597 2151/757/1597 2152/756/1597
s 1
f 2152/756/1598 2140/748/1599 2150/749/1598
s 0
f 2153/757/1600 2154/754/1600 2155/755/1600
f 2155/755/1601 2156/756/1601 2153/757/1601
s 1
f 2157/758/1602 2158/761/1603 2159/760/1604
f 2159/760/1604 2160/759/1605 2157/758/1602
f 2161/762/1606 2162/765/1607 2163/764/1608
f 2163/764/1608 2164/763/1609 2161/762/1606
f 2165/766/1610 2166/769/1611 2167/768/1612
f 2167/768/1612 2168/767/1610 2165/766/1610
f 2169/770/1613 2170/773/1614 2171/772/1615
f 2171/772/1615 2172/771/1616 2169/770/1613
f 2173/774/1617 2174/777/1618 2175/776/1619
f 2175/776/1619 2176/775/1617 2173/774/1617
f 2177/778/1620 2178/779/1621 2159/760/1604
f 2159/760/1604 2158/761/1603 2177/778/1620
f 2179/780/1622 2166/769/1611 2163/764/1608
f 2163/764/1608 2162/765/1607 2179/780/1622
f 2166/769/1611 2179/780/1622 2167/768/1612
f 2180/781/1623 2179/780/1622 2162/765/1607
f 2170/773/1614 2181/783/1624 2182/782/1625
f 2182/782/1625 2171/772/1615 2170/773/1614
f 2175/776/1619 2174/777/1618 2183/785/1617
f 2183/785/1617 2184/784/1626 2175/776/1619
f 2185/786/1627 2186/787/1628 2175/776/1629
f 2175/776/1619 2184/784/1626 2187/786/1617
f 2188/779/1630 2177/778/1620 2189/789/1630
s 0
f 2190/789/1631 2191/788/1631 2192/779/1631
s 1
f 2169/770/1613 2172/771/1616 2193/791/1632
f 2193/791/1632 2194/790/1633 2169/770/1613
f 2179/780/1622 2195/781/1634 2196/793/1635
f 2196/793/1635 2197/792/1636 2179/780/1622
f 2186/787/1628 2187/786/1617 2198/795/1637
f 2198/795/1637 2199/794/1638 2186/787/1628
s 0
f 2200/796/1639 2201/799/1639 2202/798/1639
f 2202/798/1640 2203/797/1640 2200/796/1640
s 1
f 2194/790/1641 2204/791/1642 2205/798/1642
f 2206/798/1643 2207/799/1643 2194/790/1641
f 2160/759/1644 2208/796/1645 2209/797/1645
f 2210/797/1646 2157/758/1602 2160/759/1605
f 2184/784/1626 2211/785/1647 2212/801/1648
f 2212/801/1648 2213/800/1649 2184/784/1626
f 2182/782/1650 2214/783/1651 2215/802/1651
s 0
f 2216/788/1652 2217/789/1652 2218/803/1652
s 1
f 1957/615/1453 1956/613/1452 1955/614/1451
f 1955/614/1451 2219/630/1653 1957/615/1453
s 0
f 2220/804/1654 2221/807/1654 2222/806/1654
f 2222/806/1655 2223/805/1655 2220/804/1655
s 1
f 2224/808/1656 2225/811/1657 2226/810/1658
f 2226/810/1658 2227/809/1659 2224/808/1656
f 2228/812/1660 2229/813/1661 2225/811/1657
f 2225/811/1657 2224/808/1656 2228/812/1660
f 2228/812/1660 2230/815/1662 2231/814/1663
f 2231/814/1663 2229/813/1661 2228/812/1660
f 2232/816/1664 2233/817/1664 2227/809/1665
f 2227/809/1659 2226/810/1658 2234/816/1666
f 2235/818/1667 2236/821/1668 2237/820/1668
f 2238/820/1669 2239/819/1670 2235/818/1667
f 2240/822/1671 2241/820/1672 2242/824/1672
f 2243/824/1673 2244/823/1674 2240/822/1675
f 2245/825/1676 2244/823/1674 2246/824/1677
f 2247/824/1678 2248/826/1678 2245/825/1676
f 2235/818/1667 2249/827/1679 2250/821/1680
f 2251/828/1681 2235/818/1667 2239/819/1670
f 2239/819/1670 2252/829/1682 2251/828/1681
f 2253/830/1683 2240/822/1675 2244/823/1674
f 2244/823/1674 2254/831/1684 2253/830/1683
f 2254/831/1684 2244/823/1674 2245/825/1676
f 2245/825/1676 2255/832/1685 2254/831/1684
f 2256/833/1686 2251/828/1681 2252/829/1682
f 2252/829/1682 2257/834/1687 2256/833/1686
f 2253/830/1683 2254/831/1684 2258/835/1688
f 2258/835/1688 2257/834/1687 2253/830/1683
f 2254/831/1684 2255/832/1685 2259/836/1689
f 2259/836/1689 2258/835/1688 2254/831/1684
f 2260/837/1690 2261/839/1690 2262/838/1691
f 2262/838/1692 2256/833/1686 2263/837/1693
f 2227/809/1659 2256/833/1686 2257/834/1687
f 2257/834/1687 2224/808/1656 2227/809/1659
f 2228/812/1660 2224/808/1656 2257/834/1687
f 2257/834/1687 2258/835/1688 2228/812/1660
f 2258/835/1688 2259/836/1689 2230/815/1662
f 2230/815/1662 2228/812/1660 2258/835/1688
f 2264/817/1694 2265/837/1694 2256/833/1686
f 2256/833/1686 2227/809/1659 2266/817/1695
f 2249/827/1696 2267/841/1697 2268/840/1697
f 2269/840/1698 2270/821/1698 2249/827/1696
f 2262/838/1692 2249/827/1679 2235/818/1667
f 2235/818/1667 2251/828/1681 2262/838/1692
f 2271/820/1699 2240/822/1675 2239/819/1670
f 2253/830/1683 2252/829/1682 2239/819/1670
f 2239/819/1670 2240/822/1675 2253/830/1683
f 2272/841/1700 2249/827/1679 2262/838/1692
f 2262/838/1701 2273/839/1702 2274/841/1702
f 2256/833/1686 2262/838/1692 2251/828/1681
f 2253/830/1683 2257/834/1687 2252/829/1682
f 2275/842/1703 2276/843/1704 2277/844/1705
f 2277/844/1705 2278/845/1706 2275/842/1703
f 2279/846/1707 2280/847/1708 2281/848/1709
f 2281/848/1709 2282/849/1710 2279/846/1707
f 2279/846/1707 2283/850/1711 2280/847/1708
f 2284/851/1712 2276/843/1704 2275/842/1703
f 2275/842/1703 2285/852/1713 2284/851/1712
f 2286/853/1714 2287/854/1715 2288/855/1716
f 2289/856/1717 2284/851/1712 2290/857/1718
f 2290/857/1718 2291/858/1719 2292/856/1719
f 2293/859/1720 2277/844/1705 2276/843/1704
f 2276/843/1704 2294/856/1721 2293/859/1720
f 2295/860/1722 2296/861/1723 2297/862/1724
f 2297/862/1724 2298/863/1725 2295/860/1722
f 2299/864/1726 2300/865/1727 2301/866/1728
f 2302/867/1729 2303/868/1730 2304/869/1730
f 2305/869/1731 2306/870/1731 2302/867/1732
f 2307/871/1733 2308/872/1734 2309/873/1735
f 2310/873/1736 2311/874/1737 2307/871/1733
f 2312/875/1738 2307/871/1733 2311/874/1737
f 2313/876/1739 2314/877/1740 2315/878/1741
f 2315/878/1741 2316/879/1742 2313/876/1739
f 2315/878/1741 2317/880/1743 2318/881/1744
f 2319/881/1745 2316/879/1742 2315/878/1741
f 2320/882/1746 2321/883/1747 2317/880/1743
f 2317/880/1743 2315/878/1741 2320/882/1746
f 2322/884/1748 2323/885/1749 2300/865/1727
f 2300/865/1727 2299/864/1726 2322/884/1748
f 2286/853/1714 2324/886/1750 2287/854/1715
f 2288/855/1716 2325/887/1751 2286/853/1714
f 2326/888/1752 2327/889/1753 2328/890/1754
f 2329/890/1755 2330/891/1756 2326/888/1752
f 2331/892/1757 2326/888/1752 2330/891/1756
f 2330/891/1756 2332/893/1758 2331/892/1757
f 2333/894/1759 2322/884/1760 2334/895/1761
f 2335/895/1762 2336/896/1762 2333/894/1763
f 2337/897/1764 2338/898/1765 2339/899/1766
f 2339/899/1766 2340/900/1767 2337/897/1764
f 2341/901/1768 2342/902/1769 2278/845/1706
f 2278/845/1706 2277/844/1705 2341/901/1768
f 2343/903/1770 2341/901/1768 2277/844/1705
f 2277/844/1705 2293/859/1720 2344/903/1771
f 2345/904/1772 2342/902/1769 2341/901/1768
f 2341/901/1768 2346/903/1773 2345/904/1772
f 2347/905/1774 2348/906/1775 2349/907/1776
f 2308/872/1734 2307/871/1733 2350/908/1777
f 2287/854/1778 2351/886/1779 2352/909/1779
f 2353/909/1780 2354/910/1780 2287/854/1781
f 2355/911/1782 2350/908/1777 2307/871/1733
f 2307/871/1733 2312/875/1738 2355/911/1782
f 2356/912/1783 2357/913/1784 2358/914/1785
f 2314/877/1740 2359/915/1786 2360/916/1786
f 2312/875/1738 2361/917/1787 2355/911/1782
f 2362/918/1788 2363/919/1789 2364/920/1790
f 2333/894/1759 2365/921/1791 2366/885/1791
f 2367/885/1792 2322/884/1760 2333/894/1759
f 2368/922/1793 2285/852/1713 2275/842/1703
f 2275/842/1703 2369/923/1794 2370/922/1795
f 2371/924/1796 2372/925/1797 2373/926/1798
f 2373/926/1798 2374/927/1799 2371/924/1796
f 2375/928/1800 2376/929/1801 2280/847/1708
f 2377/930/1802 2378/931/1803 2379/932/1804
f 2379/932/1804 2380/933/1805 2377/930/1802
f 2363/919/1806 2355/911/1807 2381/917/1808
f 2382/917/1809 2383/920/1809 2363/919/1806
f 2384/934/1810 2385/935/1811 2386/936/1812
f 2387/936/1813 2388/937/1813 2384/934/1810
f 2389/938/1814 2384/934/1810 2390/937/1815
f 2391/937/1816 2392/939/1817 2389/938/1814
f 2392/939/1817 2393/940/1818 2394/941/1819
f 2394/941/1819 2389/938/1814 2392/939/1817
f 2314/877/1740 2395/916/1820 2315/878/1741
f 2396/942/1821 2397/943/1822 2398/944/1823
f 2398/944/1823 2399/945/1824 2396/942/1821
f 2400/946/1825 2401/947/1826 2402/948/1827
f 2402/948/1827 2403/949/1828 2400/946/1825
f 2404/950/1829 2405/951/1830 2406/952/1831
f 2406/952/1831 2407/953/1832 2404/950/1829
f 2408/954/1833 2409/955/1834 2375/928/1800
f 2375/928/1800 2280/847/1708 2408/954/1833
f 2410/956/1835 2411/957/1835 2412/958/1836
f 2412/958/1837 2413/959/1838 2414/956/1839
f 2415/960/1840 2416/936/1840 2385/935/1841
f 2385/935/1811 2372/925/1797 2417/960/1842
f 2372/925/1797 2418/961/1843 2419/960/1843
f 2420/962/1844 2278/845/1706 2342/902/1769
f 2342/902/1769 2421/963/1845 2420/962/1844
f 2422/964/1846 2420/962/1844 2421/963/1845
f 2421/963/1845 2423/965/1847 2422/964/1846
f 2424/966/1848 2425/967/1848 2278/845/1849
f 2278/845/1706 2420/962/1844 2426/966/1850
f 2427/968/1851 2428/966/1852 2420/962/1844
f 2420/962/1844 2422/964/1846 2427/968/1851
f 2404/950/1829 2407/953/1832 2423/965/1847
f 2423/965/1847 2421/963/1845 2404/950/1829
f 2342/902/1769 2345/904/1772 2404/950/1829
f 2404/950/1829 2421/963/1845 2342/902/1769
f 2429/969/1853 2430/970/1853 2284/851/1854
f 2284/851/1712 2285/852/1713 2431/969/1855
f 2284/851/1712 2289/856/1717 2276/843/1704
f 2432/971/1856 2358/914/1857 2433/972/1858
f 2434/972/1859 2435/973/1859 2432/971/1860
f 2436/974/1861 2432/971/1862 2437/973/1861
s 0
f 2438/973/1863 2439/975/1863 2440/974/1863
s 1
f 2441/976/1864 2442/977/1865 2443/978/1866
f 2443/978/1866 2444/979/1867 2441/976/1864
f 2297/862/1724 2378/931/1803 2445/980/1868
f 2446/981/1869 2447/868/1869 2302/867/1729
f 2302/867/1870 2448/982/1871 2449/981/1871
f 2450/983/1872 2451/984/1872 2358/914/1857
f 2358/914/1857 2432/971/1856 2452/983/1873
f 2432/971/1862 2453/974/1874 2454/983/1874
s 0
f 2455/985/1875 2456/986/1875 2457/987/1875
f 2458/988/1876 2459/989/1876 2460/990/1876
f 2461/990/1877 2462/991/1877 2463/988/1877
s 1
f 2286/853/1714 2325/887/1751 2464/987/1878
f 2465/987/1879 2466/986/1879 2286/853/1714
f 2279/846/1707 2282/849/1710 2467/992/1880
f 2408/954/1833 2280/847/1708 2442/977/1865
f 2442/977/1865 2468/993/1881 2408/954/1833
s 0
f 2469/994/1882 2470/995/1882 2471/960/1882
f 2472/960/1883 2473/961/1883 2474/994/1883
s 1
f 2443/978/1866 2283/850/1711 2475/996/1884
f 2476/996/1885 2477/997/1885 2443/978/1886
f 2442/977/1865 2280/847/1708 2283/850/1711
f 2283/850/1711 2443/978/1866 2442/977/1865
f 2356/912/1783 2358/914/1785 2478/984/1887
f 2358/914/1785 2357/913/1784 2479/972/1888
f 2278/845/1706 2480/967/1889 2369/923/1794
f 2369/923/1794 2275/842/1703 2278/845/1706
f 2481/998/1890 2482/961/1890 2372/925/1797
f 2372/925/1797 2371/924/1796 2483/998/1891
f 2484/999/1892 2385/935/1811 2384/934/1810
f 2384/934/1810 2485/1000/1893 2484/999/1892
f 2389/938/1814 2486/1001/1894 2485/1000/1893
f 2485/1000/1893 2384/934/1810 2389/938/1814
f 2389/938/1814 2394/941/1819 2486/1001/1894
f 2394/941/1819 2393/940/1818 2487/1002/1895
f 2488/1002/1896 2489/1003/1897 2394/941/1819
f 2372/925/1797 2385/935/1811 2484/999/1892
f 2490/1004/1898 2491/1005/1899 2492/1006/1900
f 2492/1006/1900 2493/1007/1901 2490/1004/1898
f 2372/925/1797 2484/999/1892 2373/926/1798
f 2494/1008/1902 2495/1009/1902 2492/1006/1903
f 2492/1006/1900 2496/1010/1904 2497/1008/1904
f 2492/1006/1900 2498/1009/1905 2499/1011/1905
f 2500/1011/1906 2493/1007/1901 2492/1006/1900
f 2501/1012/1907 2502/1013/1908 2503/1014/1909
f 2503/1014/1909 2504/1015/1910 2505/1012/1910
f 2506/1015/1911 2503/1014/1909 2507/1016/1912
f 2507/1016/1912 2412/958/1837 2508/1015/1913
f 2413/959/1838 2412/958/1837 2507/1016/1912
f 2509/1017/1914 2510/1018/1915 2502/1013/1908
f 2502/1013/1916 2511/1012/1917 2512/1017/1917
f 2394/941/1819 2489/1003/1897 2513/1019/1918
f 2513/1019/1918 2486/1001/1894 2394/941/1819
f 2400/946/1825 2403/949/1828 2490/1004/1898
f 2490/1004/1898 2493/1007/1901 2400/946/1825
f 2400/946/1919 2514/1020/1920 2515/1021/1920
f 2516/1021/1921 2401/947/1826 2400/946/1825
f 2493/1007/1922 2517/1011/1923 2518/1020/1923
f 2519/1020/1924 2400/946/1825 2493/1007/1901
f 2520/916/1925 2320/882/1746 2315/878/1741
f 2521/1022/1926 2522/1023/1927 2523/1024/1928
f 2524/1025/1929 2349/907/1776 2348/906/1775
f 2348/906/1775 2525/1026/1930 2524/1025/1929
f 2523/1024/1928 2522/1023/1927 2396/942/1821
f 2396/942/1821 2526/1027/1931 2523/1024/1928
f 2522/1023/1927 2527/1028/1932 2396/942/1821
f 2528/1029/1933 2529/1030/1934 2530/1031/1935
f 2530/1031/1935 2531/1032/1936 2528/1029/1933
f 2532/1033/1937 2445/980/1868 2378/931/1803
f 2378/931/1803 2377/930/1802 2532/1033/1937
f 2297/862/1724 2533/861/1938 2379/932/1804
f 2379/932/1804 2378/931/1803 2297/862/1724
f 2298/863/1725 2297/862/1724 2534/1034/1939
f 2299/864/1726 2535/895/1940 2322/884/1748
f 2337/897/1764 2536/1035/1941 2327/889/1753
f 2327/889/1753 2326/888/1752 2337/897/1764
f 2326/888/1752 2331/892/1757 2338/898/1765
f 2338/898/1765 2337/897/1764 2326/888/1752
f 2537/1036/1942 2538/1037/1943 2539/1038/1943
f 2345/904/1772 2405/951/1830 2404/950/1829
f 2537/1036/1944 2540/1039/1945 2541/1040/1946
f 2542/1040/1947 2543/1041/1947 2537/1036/1948
f 2540/1039/1945 2537/1036/1944 2544/1042/1949
f 2545/1042/1950 2546/1043/1951 2540/1039/1945
f 2547/1044/1952 2548/1035/1953 2337/897/1764
f 2337/897/1764 2340/900/1767 2547/1044/1952
f 2549/1045/1954 2550/1046/1954 2348/906/1775
f 2551/1047/1955 2525/1026/1930 2348/906/1775
f 2348/906/1775 2552/1046/1956 2553/1047/1956
f 2397/943/1822 2525/1026/1930 2554/1047/1957
f 2555/1047/1958 2556/1048/1958 2397/943/1822
f 2521/1022/1926 2557/1049/1959 2527/1028/1932
f 2527/1028/1932 2522/1023/1927 2521/1022/1926
f 2527/1028/1932 2557/1049/1959 2349/907/1776
f 2349/907/1776 2524/1025/1929 2527/1028/1932
f 2349/907/1776 2557/1049/1959 2558/1050/1960
f 2559/1050/1961 2560/905/1961 2349/907/1776
f 2561/1050/1962 2557/1049/1959 2521/1022/1926
f 2562/1051/1963 2563/1052/1964 2546/1043/1965
f 2546/1043/1951 2564/1042/1966 2565/1051/1966
f 2566/1038/1967 2567/1042/1967 2537/1036/1942
f 2568/1053/1968 2569/1054/1968 2362/918/1969
f 2398/944/1823 2397/943/1822 2570/1048/1970
f 2571/1048/1971 2572/1055/1971 2398/944/1972
f 2573/1056/1973 2574/1057/1974 2563/1052/1964
f 2563/1052/1964 2575/1051/1975 2573/1056/1973
f 2576/1055/1976 2577/1058/1976 2399/945/1977
f 2399/945/1824 2398/944/1823 2578/1055/1978
f 2573/1056/1979 2362/918/1969 2579/1054/1980
f 2580/1054/1981 2581/1057/1981 2573/1056/1979
f 2397/943/1822 2396/942/1821 2527/1028/1932
f 2527/1028/1932 2524/1025/1929 2397/943/1822
f 2397/943/1822 2524/1025/1929 2525/1026/1930
f 2582/1059/1982 2330/891/1983 2583/890/1984
f 2582/1059/1982 2584/1060/1985 2330/891/1983
f 2585/1061/1986 2586/1062/1987 2587/1063/1988
f 2587/1063/1988 2588/1064/1988 2585/1061/1986
f 2589/1065/1988 2590/1066/1988 2591/1067/1989
s 0
f 2592/1067/1990 2593/1068/1990 2594/1065/1990
s 1
f 2534/1034/1939 2595/1069/1991 2298/863/1725
f 2301/866/1728 2300/865/1727 2596/991/1992
f 2597/991/1993 2598/990/1993 2301/866/1994
s 0
f 2599/890/1995 2600/1070/1995 2601/1071/1995
f 2602/1072/1996 2603/1071/1996 2604/1070/1996
s 1
f 2534/1034/1939 2297/862/1724 2445/980/1868
f 2605/890/1997 2606/1071/1997 2582/1059/1998
f 2607/1073/1999 2595/1069/1991 2534/1034/1939
f 2534/1034/1939 2445/980/1868 2608/1073/2000
f 2609/1045/2001 2348/906/2002 2610/905/2001
f 2362/918/2003 2611/920/2004 2612/1053/2004
f 2526/1027/1931 2396/942/1821 2399/945/1824
f 2399/945/1824 2613/1058/2005 2526/1027/1931
f 2445/980/1868 2532/1033/1937 2614/1074/2006
f 2614/1074/2006 2615/1075/2007 2445/980/1868
f 2616/1073/2008 2445/980/1868 2615/1075/2007
f 2615/1075/2007 2617/1076/2009 2618/1073/2009
f 2332/893/1758 2330/891/1756 2619/1060/2010
f 2620/1060/2011 2621/1060/2011 2332/893/2012
f 2615/1075/2007 2614/1074/2006 2622/1077/2013
f 2622/1077/2013 2623/1076/2014 2615/1075/2007
f 2622/1077/2015 2624/1078/2016 2528/1029/1933
f 2528/1029/1933 2625/1076/2017 2622/1077/2015
f 2624/1078/2016 2626/1079/2018 2529/1030/1934
f 2529/1030/1934 2528/1029/1933 2624/1078/2016
f 2627/1080/2019 2591/1067/1989 2590/1066/1988
f 2628/1066/2020 2629/1081/2021 2630/1080/2020
f 2529/1030/1934 2626/1079/2018 2586/1062/1987
f 2586/1062/1987 2585/1061/1986 2529/1030/1934
f 2530/1031/1935 2529/1030/1934 2585/1061/1986
f 2585/1061/1986 2631/1082/2022 2530/1031/1935
f 2632/1083/2023 2629/1081/2024 2633/1066/2023
s 0
f 2634/1066/2025 2635/1084/2025 2636/1083/2025
s 1
f 2637/844/2026 2638/843/2027 2639/842/2028
f 2639/842/2028 2640/845/2029 2637/844/2026
f 2641/846/2030 2642/848/2031 2643/847/2032
f 2643/847/2032 2644/850/2033 2641/846/2030
f 2642/848/2031 2641/846/2030 2645/849/2034
f 2646/851/2035 2647/852/2036 2639/842/2028
f 2639/842/2028 2638/843/2027 2646/851/2035
f 2648/853/2037 2649/855/2038 2650/854/2039
f 2651/856/2040 2652/858/2040 2653/857/2041
f 2653/857/2042 2646/851/2035 2654/856/2043
f 2638/843/2027 2637/844/2026 2655/859/2044
f 2655/859/2044 2656/856/2045 2638/843/2027
f 2657/862/2046 2658/861/2047 2659/860/2048
f 2659/860/2048 2660/863/2049 2657/862/2046
f 2661/864/2050 2662/866/2051 2663/865/2052
s 0
f 2664/867/2053 2665/870/2053 2666/869/2053
f 2667/869/2054 2668/868/2054 2669/867/2054
s 1
f 2670/873/2055 2671/872/2056 2672/871/2057
f 2672/871/2057 2673/874/2058 2674/873/2059
f 2675/875/2060 2673/874/2058 2672/871/2057
f 2676/876/2061 2677/879/2062 2678/878/2063
f 2678/878/2063 2679/877/2064 2676/876/2061
f 2678/878/2063 2677/879/2062 2680/881/2062
f 2681/881/2065 2682/880/2066 2678/878/2063
f 2682/880/2066 2683/883/2067 2684/882/2068
f 2684/882/2068 2678/878/2063 2682/880/2066
f 2685/884/2069 2661/864/2050 2663/865/2052
f 2663/865/2052 2686/885/2070 2685/884/2069
f 2648/853/2037 2650/854/2039 2687/886/2071
f 2649/855/2038 2648/853/2037 2688/887/2072
f 2689/890/2073 2690/889/2074 2691/888/2075
f 2691/888/2075 2692/891/2076 2693/890/2077
f 2694/892/2078 2695/893/2079 2692/891/2076
f 2692/891/2076 2691/888/2075 2694/892/2078
f 2696/895/2080 2685/884/2081 2697/894/2082
f 2697/894/2082 2698/896/2083 2699/895/2083
f 2700/897/2084 2701/900/2085 2702/899/2085
f 2703/899/2086 2704/898/2087 2700/897/2088
f 2640/845/2029 2705/902/2089 2706/901/2090
f 2706/901/2090 2637/844/2026 2640/845/2029
f 2637/844/2026 2706/901/2090 2707/903/2091
f 2708/903/2092 2655/859/2044 2637/844/2026
f 2706/901/2090 2705/902/2089 2709/904/2093
f 2709/904/2093 2710/903/2094 2706/901/2090
f 2711/905/2095 2712/907/2096 2713/906/2097
f 2671/872/2056 2714/908/2098 2672/871/2057
f 2650/854/2099 2715/910/2100 2716/909/2100
f 2717/909/2101 2718/886/2101 2650/854/2099
f 2719/911/2102 2675/875/2060 2672/871/2057
f 2672/871/2057 2714/908/2098 2719/911/2102
f 2720/912/2103 2721/914/2104 2722/913/2105
f 2679/877/2064 2723/916/2106 2724/915/2106
f 2675/875/2060 2719/911/2102 2725/917/2107
f 2726/918/2108 2727/920/2109 2728/919/2110
f 2729/885/2111 2730/921/2111 2697/894/2112
f 2697/894/2082 2685/884/2081 2731/885/2113
f 2732/922/2114 2733/923/2115 2639/842/2028
f 2639/842/2028 2647/852/2036 2734/922/2116
f 2735/924/2117 2736/927/2117 2737/926/2118
f 2737/926/2118 2738/925/2119 2739/924/2120
f 2740/928/2121 2643/847/2032 2741/929/2121
f 2742/930/2122 2743/933/2122 2744/932/2123
f 2744/932/2124 2745/931/2125 2746/930/2126
f 2728/919/2127 2747/920/2128 2748/917/2128
f 2749/917/2129 2719/911/2130 2728/919/2110
f 2750/934/2131 2751/937/2132 2752/936/2132
f 2753/936/2133 2754/935/2134 2750/934/2135
f 2755/938/2136 2756/939/2137 2757/937/2138
f 2758/937/2139 2750/934/2135 2755/938/2136
f 2759/941/2140 2760/940/2141 2756/939/2137
f 2756/939/2137 2755/938/2136 2759/941/2140
f 2679/877/2064 2678/878/2063 2761/916/2142
f 2762/944/2143 2763/943/2144 2764/942/2145
f 2764/942/2145 2765/945/2146 2762/944/2143
f 2766/946/2147 2767/949/2148 2768/948/2149
f 2769/948/2150 2770/947/2150 2766/946/2151
f 2771/950/2152 2772/953/2153 2773/952/2153
f 2774/952/2154 2775/951/2155 2771/950/2152
f 2776/954/2156 2643/847/2032 2777/928/2157
f 2778/928/2158 2779/955/2158 2776/954/2156
f 2780/958/2159 2781/957/2160 2782/956/2160
f 2783/956/2161 2784/959/2161 2780/958/2159
f 2785/960/2162 2786/961/2162 2738/925/2163
f 2738/925/2163 2787/936/2164 2788/960/2164
f 2789/936/2165 2738/925/2119 2754/935/2134
f 2790/962/2166 2791/963/2167 2705/902/2089
f 2705/902/2089 2640/845/2029 2790/962/2166
f 2791/963/2167 2790/962/2166 2792/964/2168
f 2793/964/2169 2794/965/2169 2791/963/2170
f 2640/845/2171 2795/967/2172 2796/966/2172
f 2797/966/2173 2790/962/2166 2640/845/2029
f 2790/962/2174 2798/966/2175 2799/968/2175
f 2800/968/2176 2801/964/2176 2790/962/2166
f 2802/965/2177 2803/953/2177 2771/950/2178
f 2771/950/2152 2791/963/2167 2804/965/2179
f 2705/902/2089 2791/963/2167 2771/950/2152
f 2771/950/2152 2709/904/2093 2705/902/2089
f 2646/851/2180 2805/970/2181 2806/969/2181
f 2807/969/2182 2647/852/2036 2646/851/2035
f 2646/851/2035 2638/843/2027 2808/856/2183
f 2809/972/2184 2721/914/2185 2810/971/2186
f 2810/971/2187 2811/973/2188 2812/972/2188
s 0
f 2813/974/2189 2814/975/2189 2815/973/2189
s 1
f 2816/973/2190 2810/971/2187 2817/974/2190
f 2818/978/2191 2819/977/2192 2820/976/2193
f 2820/976/2193 2821/979/2194 2818/978/2191
f 2657/862/2046 2822/980/2195 2745/931/2125
s 0
f 2823/981/2196 2824/982/2196 2825/867/2196
f 2826/867/2197 2827/868/2197 2828/981/2197
s 1
f 2829/983/2198 2810/971/2186 2721/914/2185
f 2721/914/2185 2830/984/2199 2831/983/2199
f 2810/971/2187 2832/983/2200 2833/974/2200
s 0
f 2834/985/2201 2835/987/2201 2836/986/2201
f 2837/990/2202 2838/989/2202 2839/988/2202
f 2840/988/2203 2841/991/2203 2842/990/2203
s 1
f 2648/853/2204 2843/986/2205 2844/987/2205
f 2845/987/2206 2688/887/2072 2648/853/2037
f 2641/846/2030 2846/992/2207 2645/849/2034
f 2819/977/2192 2643/847/2032 2776/954/2156
f 2776/954/2156 2847/993/2208 2819/977/2192
s 0
f 2848/994/2209 2849/961/2209 2850/960/2209
f 2851/960/2210 2852/995/2210 2853/994/2210
s 1
f 2818/978/2191 2854/997/2211 2855/996/2211
f 2856/996/2212 2644/850/2033 2818/978/2191
f 2819/977/2192 2818/978/2191 2644/850/2033
f 2644/850/2033 2643/847/2032 2819/977/2192
f 2720/912/2103 2857/984/2213 2721/914/2104
f 2721/914/2104 2858/972/2214 2722/913/2105
f 2640/845/2029 2639/842/2028 2733/923/2115
f 2733/923/2115 2859/967/2215 2640/845/2029
f 2860/998/2216 2861/924/2216 2738/925/2119
f 2738/925/2163 2862/961/2217 2863/998/2217
f 2750/934/2135 2754/935/2134 2864/999/2218
f 2864/999/2218 2865/1000/2219 2750/934/2135
f 2755/938/2136 2750/934/2135 2865/1000/2219
f 2865/1000/2219 2866/1001/2220 2755/938/2136
f 2755/938/2136 2866/1001/2220 2759/941/2140
f 2759/941/2140 2867/1003/2221 2868/1002/2221
f 2869/1002/2222 2760/940/2141 2759/941/2140
f 2738/925/2119 2864/999/2218 2754/935/2134
f 2870/1006/2223 2871/1005/2224 2872/1004/2225
f 2872/1004/2225 2873/1007/2226 2870/1006/2223
f 2738/925/2119 2737/926/2118 2864/999/2218
f 2870/1006/2227 2874/1009/2228 2875/1008/2228
f 2876/1008/2229 2877/1010/2229 2870/1006/2230
f 2870/1006/2223 2873/1007/2226 2878/1011/2231
f 2879/1011/2232 2880/1009/2232 2870/1006/2223
f 2881/1012/2233 2882/1015/2233 2883/1014/2234
f 2883/1014/2235 2884/1013/2236 2885/1012/2237
f 2886/1015/2238 2780/958/2239 2887/1016/2240
f 2887/1016/2241 2883/1014/2235 2888/1015/2242
f 2889/959/2243 2887/1016/2240 2780/958/2239
f 2890/1017/2244 2891/1012/2244 2884/1013/2236
f 2884/1013/2245 2892/1018/2246 2893/1017/2246
f 2894/1019/2247 2895/1003/2247 2759/941/2248
f 2759/941/2140 2866/1001/2220 2896/1019/2249
f 2766/946/2147 2873/1007/2226 2872/1004/2225
f 2872/1004/2225 2767/949/2148 2766/946/2147
f 2766/946/2147 2897/947/2250 2898/1021/2250
f 2899/1021/2251 2900/1020/2251 2766/946/2147
f 2873/1007/2226 2766/946/2147 2901/1020/2252
f 2902/1020/2253 2903/1011/2253 2873/1007/2254
f 2904/916/2255 2678/878/2063 2684/882/2068
f 2905/1022/2256 2906/1024/2257 2907/1023/2258
f 2908/1025/2259 2909/1026/2260 2713/906/2097
f 2713/906/2097 2712/907/2096 2908/1025/2259
f 2906/1024/2257 2910/1027/2261 2764/942/2145
f 2764/942/2145 2907/1023/2258 2906/1024/2257
f 2907/1023/2258 2764/942/2145 2911/1028/2262
f 2912/1029/2263 2913/1032/2264 2914/1031/2265
f 2914/1031/2265 2915/1030/2266 2912/1029/2263
f 2916/1033/2267 2917/930/2267 2745/931/2268
f 2745/931/2125 2822/980/2195 2918/1033/2269
f 2744/932/2124 2919/861/2270 2657/862/2046
f 2657/862/2046 2745/931/2125 2744/932/2124
f 2660/863/2049 2920/1034/2271 2657/862/2046
f 2661/864/2050 2685/884/2069 2921/895/2272
f 2700/897/2088 2691/888/2075 2690/889/2074
f 2690/889/2074 2922/1035/2273 2700/897/2088
f 2704/898/2087 2694/892/2078 2691/888/2075
f 2691/888/2075 2700/897/2088 2704/898/2087
f 2923/1036/2274 2924/1038/2275 2925/1037/2275
f 2709/904/2093 2771/950/2152 2775/951/2155
f 2541/1040/1946 2926/1039/1946 2923/1036/2276
f 2923/1036/2274 2927/1041/2277 2928/1040/2277
f 2929/1042/2278 2923/1036/2274 2930/1039/2278
f 2931/1039/2279 2932/1043/2279 2933/1042/2279
f 2700/897/2088 2934/1035/2280 2935/1044/2280
f 2936/1044/2281 2937/900/2281 2700/897/2088
f 2938/1045/2282 2713/906/2283 2939/1046/2282
f 2940/1047/2284 2941/1046/2284 2713/906/2285
f 2713/906/2097 2909/1026/2260 2942/1047/2286
f 2763/943/2287 2943/1048/2288 2944/1047/2288
f 2945/1047/2289 2909/1026/2260 2763/943/2144
f 2911/1028/2262 2946/1049/2290 2905/1022/2256
f 2905/1022/2256 2907/1023/2258 2911/1028/2262
f 2911/1028/2262 2908/1025/2259 2712/907/2096
f 2712/907/2096 2946/1049/2290 2911/1028/2262
f 2712/907/2096 2947/905/2291 2948/1050/2291
f 2949/1050/2292 2946/1049/2290 2712/907/2096
f 2950/1050/2293 2905/1022/2256 2946/1049/2290
s 0
f 2951/1051/2294 2952/1042/2294 2953/1043/2294
f 2954/1043/2295 2955/1052/2295 2956/1051/2295
s 1
f 2957/1038/2296 2923/1036/2274 2958/1042/2296
f 2959/1053/2297 2726/918/2298 2960/1054/2297
f 2762/944/2299 2961/1055/2300 2962/1048/2300
f 2963/1048/2301 2763/943/2144 2762/944/2143
f 2964/1056/2302 2965/1051/2303 2966/1052/2303
f 2967/1052/2304 2968/1057/2304 2964/1056/2305
f 2765/945/2306 2969/1058/2307 2970/1055/2307
f 2971/1055/2308 2762/944/2143 2765/945/2146
f 2964/1056/2309 2972/1057/2310 2973/1054/2310
f 2974/1054/2311 2726/918/2298 2964/1056/2309
f 2911/1028/2262 2764/942/2145 2763/943/2144
f 2763/943/2144 2908/1025/2259 2911/1028/2262
f 2763/943/2144 2909/1026/2260 2908/1025/2259
f 2975/1059/2312 2976/890/2313 2692/891/2314
f 2975/1059/2312 2692/891/2314 2977/1060/2315
f 2978/1061/2316 2979/1064/2317 2587/1063/2317
f 2980/1063/2318 2981/1062/2318 2978/1061/2319
f 2982/1067/1989 2983/1066/1989 2984/1065/1989
s 0
f 2985/1065/2320 2986/1068/2320 2987/1067/2320
s 1
f 2920/1034/2271 2660/863/2049 2988/1069/2321
f 2662/866/2322 2989/990/2323 2990/991/2323
f 2991/991/2324 2663/865/2052 2662/866/2051
s 0
f 2992/890/2325 2993/1071/2325 2994/1070/2325
f 2995/1072/2326 2996/1070/2326 2997/1071/2326
s 1
f 2920/1034/2271 2822/980/2195 2657/862/2046
f 2998/890/2327 2975/1059/2328 2999/1071/2327
f 3000/1073/2329 2822/980/2195 2920/1034/2271
f 2920/1034/2271 2988/1069/2321 3001/1073/2330
f 3002/1045/2331 3003/905/2331 2713/906/2283
f 2726/918/2332 3004/1053/2333 3005/920/2333
f 2910/1027/2261 3006/1058/2334 2765/945/2146
f 2765/945/2146 2764/942/2145 2910/1027/2261
f 3007/1074/2335 3008/1033/2335 2822/980/2195
f 2822/980/2336 3009/1075/2337 3010/1074/2338
f 3009/1075/2337 2822/980/2336 3011/1073/2339
f 3012/1073/2340 3013/1076/2340 3009/1075/2341
f 3014/1060/2342 2692/891/2076 2695/893/2079
f 2695/893/2079 3015/1060/2343 3016/1060/2343
f 3017/1077/2344 3018/1074/2344 3009/1075/2345
f 3009/1075/2346 3019/1076/2014 3020/1077/2014
f 3021/1077/2347 3022/1076/2347 2912/1029/2263
f 2912/1029/2263 3023/1078/2348 3024/1077/2348
f 2915/1030/2349 3025/1079/2350 3026/1078/2350
f 3027/1078/2351 2912/1029/2263 2915/1030/2266
f 3028/1080/2352 3029/1081/2352 3030/1066/2352
f 2983/1066/1989 2982/1067/1989 2627/1080/2353
f 3031/1062/2354 3032/1079/2354 2915/1030/2349
f 2915/1030/2266 2978/1061/2355 3033/1062/2356
f 2978/1061/2355 2915/1030/2266 2914/1031/2265
f 2914/1031/2265 3034/1082/2357 2978/1061/2355
s 0
f 2636/1083/2358 3035/1084/2358 3036/1066/2358
s 1
f 3037/1066/2359 3038/1081/2359 2632/1083/2359
f 2503/1014/1909 2502/1013/1908 3039/1013/2360
f 3039/1013/2360 3040/1014/2361 2503/1014/1909
f 2507/1016/1912 2503/1014/1909 3040/1014/2361
f 3040/1014/2361 3041/1016/2362 2507/1016/1912
f 2413/959/1838 2507/1016/1912 3041/1016/2362
f 3041/1016/2362 3042/959/2363 2413/959/1838
f 2502/1013/1908 2510/1018/1915 3043/1018/2364
f 3043/1018/2364 3039/1013/2360 2502/1013/1908
f 2884/1013/2236 2883/1014/2235 3044/1014/2365
f 3044/1014/2365 3045/1013/2366 2884/1013/2236
f 2883/1014/2235 2887/1016/2241 3046/1016/2367
f 3046/1016/2367 3044/1014/2365 2883/1014/2235
f 2887/1016/2241 3047/959/2368 3048/959/2368
f 3049/959/2369 3046/1016/2367 2887/1016/2241
f 3050/1018/2370 2884/1013/2236 3045/1013/2366
f 3045/1013/2366 3051/1018/2370 3050/1018/2370
f 3052/929/2371 2281/848/1709 2280/847/1708
f 2643/847/2032 2642/848/2031 3053/929/2372
f 3054/1085/2373 3055/1086/2374 3056/1087/2375
f 3056/1087/2375 3057/1088/2376 3054/1085/2373
f 3058/1089/2377 3059/1090/2378 3054/1085/2373
f 3054/1085/2373 3057/1088/2376 3058/1089/2377
f 3060/1091/2379 3061/1092/2380 3062/1093/2381
f 3062/1093/2381 3063/1094/2382 3060/1091/2379
f 3064/1095/2383 3065/1096/2384 3066/1097/2385
f 3066/1097/2385 3067/1098/2386 3064/1095/2383
f 3068/1099/2387 3069/1100/2388 3070/1101/2389
f 3070/1101/2389 3071/1102/2390 3068/1099/2387
f 3059/1090/2378 3058/1089/2377 3072/1103/2391
f 3072/1103/2391 3073/1104/2392 3059/1090/2378
f 3074/1105/2393 3061/1092/2380 3060/1091/2379
f 3060/1091/2379 3075/1106/2394 3074/1105/2393
f 3065/1096/2384 3064/1095/2383 3076/1107/2395
f 3076/1107/2395 3077/1108/2396 3065/1096/2384
f 3078/1109/2397 3069/1100/2388 3068/1099/2387
f 3068/1099/2387 3079/1110/2398 3078/1109/2397
f 3057/1088/2376 3056/1087/2375 3080/1111/2399
f 3080/1111/2399 3062/1093/2381 3057/1088/2376
f 3054/1085/2373 3071/1102/2390 3081/1112/2400
f 3081/1112/2400 3055/1086/2374 3054/1085/2373
f 3061/1092/2380 3058/1089/2377 3057/1088/2376
f 3057/1088/2376 3062/1093/2381 3061/1092/2380
f 3071/1102/2390 3054/1085/2373 3059/1090/2378
f 3059/1090/2378 3068/1099/2387 3071/1102/2390
f 3069/1100/2388 3064/1095/2383 3082/1098/2401
f 3082/1098/2401 3070/1101/2389 3069/1100/2388
f 3083/1113/2402 3084/1097/2402 3065/1096/2403
f 3065/1096/2384 3085/1114/2404 3086/1113/2404
f 3068/1099/2387 3059/1090/2378 3073/1104/2392
f 3073/1104/2392 3079/1110/2398 3068/1099/2387
f 3072/1103/2391 3058/1089/2377 3061/1092/2380
f 3061/1092/2380 3074/1105/2393 3072/1103/2391
f 3087/1114/2405 3065/1096/2384 3077/1108/2396
f 3077/1108/2406 3088/1115/2407 3089/1114/2407
f 3076/1107/2395 3064/1095/2383 3069/1100/2388
f 3069/1100/2388 3078/1109/2397 3076/1107/2395
f 3090/1116/2408 3091/1117/2409 3092/1118/2410
f 3092/1118/2410 3093/1119/2411 3090/1116/2408
f 3094/1120/2412 3095/1121/2413 3096/1122/2414
f 3097/1123/2415 3098/1124/2416 3099/1125/2417
f 3099/1125/2417 3100/1126/2418 3097/1123/2415
f 3101/1127/2419 3102/1128/2420 3103/1129/2421
f 3094/1120/2412 3096/1122/2414 3091/1117/2409
f 3091/1117/2409 3090/1116/2408 3094/1120/2412
f 3092/1118/2410 3104/1130/2422 3105/1131/2423
f 3105/1131/2423 3093/1119/2411 3092/1118/2410
f 3101/1127/2419 3103/1129/2421 3098/1124/2416
f 3098/1124/2416 3097/1123/2415 3101/1127/2419
f 3099/1125/2417 3106/1132/2424 3107/1133/2425
f 3107/1133/2425 3100/1126/2418 3099/1125/2417
f 3072/1103/2391 3108/1134/2426 3109/1135/2427
f 3109/1135/2427 3073/1104/2392 3072/1103/2391
f 3093/1119/2411 3109/1135/2427 3108/1134/2426
f 3108/1134/2426 3090/1116/2408 3093/1119/2411
f 3110/1136/2428 3111/1137/2429 3095/1121/2413
f 3095/1121/2413 3112/1138/2430 3110/1136/2428
f 3113/1139/2431 3074/1105/2393 3112/1138/2430
f 3076/1107/2395 3114/1140/2432 3115/1141/2433
f 3115/1141/2433 3077/1108/2396 3076/1107/2395
f 3100/1126/2418 3115/1141/2433 3114/1140/2432
f 3114/1140/2432 3097/1123/2415 3100/1126/2418
f 3116/1142/2434 3117/1143/2435 3118/1144/2436
f 3118/1144/2436 3102/1128/2420 3116/1142/2434
f 3119/1145/2437 3078/1109/2397 3116/1142/2434
f 3073/1104/2392 3109/1135/2427 3120/1146/2438
f 3120/1146/2438 3079/1110/2398 3073/1104/2392
f 3120/1146/2438 3109/1135/2427 3093/1119/2411
f 3093/1119/2411 3105/1131/2423 3120/1146/2438
f 3090/1116/2408 3108/1134/2426 3113/1139/2431
f 3113/1139/2431 3094/1120/2412 3090/1116/2408
f 3113/1139/2431 3108/1134/2426 3072/1103/2391
f 3072/1103/2391 3074/1105/2393 3113/1139/2431
f 3077/1108/2396 3115/1141/2433 3121/1147/2439
f 3121/1147/2439 3122/1115/2440 3077/1108/2396
f 3107/1133/2425 3121/1147/2439 3115/1141/2433
f 3115/1141/2433 3100/1126/2418 3107/1133/2425
f 3114/1140/2432 3119/1145/2437 3101/1127/2419
f 3101/1127/2419 3097/1123/2415 3114/1140/2432
f 3119/1145/2437 3114/1140/2432 3076/1107/2395
f 3076/1107/2395 3078/1109/2397 3119/1145/2437
f 3119/1145/2437 3116/1142/2434 3102/1128/2420
f 3102/1128/2420 3101/1127/2419 3119/1145/2437
f 3105/1131/2423 3118/1144/2436 3117/1143/2435
f 3117/1143/2435 3120/1146/2438 3105/1131/2423
f 3112/1138/2430 3095/1121/2413 3094/1120/2412
f 3094/1120/2412 3113/1139/2431 3112/1138/2430
f 3111/1137/2429 3110/1136/2428 3123/1148/2441
f 3124/1148/2442 3125/1149/2442 3111/1137/2443
f 3118/1144/2436 3105/1131/2423 3104/1130/2422
f 3104/1130/2422 3103/1129/2421 3102/1128/2420
f 3102/1128/2420 3118/1144/2436 3104/1130/2422
f 3117/1143/2435 3116/1142/2434 3078/1109/2397
f 3078/1109/2397 3079/1110/2398 3117/1143/2435
f 3079/1110/2398 3120/1146/2438 3117/1143/2435
f 3111/1137/2443 3126/1149/2444 3127/1150/2444
f 3111/1137/2429 3128/1150/2445 3096/1122/2414
f 3096/1122/2414 3095/1121/2413 3111/1137/2429
f 3075/1106/2394 3110/1136/2428 3112/1138/2430
f 3112/1138/2430 3074/1105/2393 3075/1106/2394
f 3075/1106/2394 3129/1148/2446 3110/1136/2428
s 0
f 3130/1151/2447 3131/1152/2447 3132/1153/2447
f 3133/1153/2448 3134/1154/2448 3135/1151/2448
s 1
f 3136/1155/2449 3137/1156/2450 3138/1157/2451
f 3138/1157/2451 3139/1158/2452 3136/1155/2449
f 3140/1159/2453 3141/1160/2454 3142/1161/2455
f 3142/1161/2455 3143/1162/2456 3140/1159/2453
f 3144/1163/2457 3145/1164/2458 3146/1165/2459
f 3146/1165/2459 3147/1166/2460 3144/1163/2457
f 3148/1167/2461 3149/1168/2462 3150/1169/2463
f 3150/1169/2463 3151/1170/2463 3148/1167/2461
f 3152/1171/2464 3147/1166/2465 3153/1165/2466
f 3154/1165/2467 3155/1172/2467 3152/1171/2464
f 3156/1167/2468 3152/1171/2469 3157/1172/2470
f 3157/1172/2470 3149/1168/2462 3156/1167/2468
f 3144/1163/2471 3158/1173/2472 3159/1174/2473
f 3159/1174/2473 3160/1164/2474 3144/1163/2471
s 0
f 3161/1175/2475 3162/1176/2475 3163/1177/2475
s 1
f 3163/1177/2475 3164/1178/2476 3161/1175/2475
f 3158/1173/2477 3165/1175/2478 3164/1178/2479
f 3164/1178/2479 3166/1174/2480 3158/1173/2477
f 3167/1179/2481 3168/1180/2482 3169/1181/2483
f 3169/1181/2483 3170/1182/2484 3167/1179/2481
f 3171/1183/2485 3172/1184/2486 3173/1185/2487
f 3173/1185/2487 3174/1186/2488 3171/1183/2485
f 3175/1187/2489 3176/1188/2490 3177/1189/2491
f 3177/1189/2491 3178/1190/2492 3175/1187/2489
f 3179/1191/2493 3180/1192/2494 3181/1193/2495
f 3181/1193/2495 3182/1194/2496 3179/1191/2493
f 3183/1195/2497 3184/1196/2498 3185/1197/2499
f 3185/1197/2499 3186/1198/2500 3183/1195/2497
f 3187/1199/2501 3188/1200/2502 3189/1201/2503
f 3189/1201/2503 3190/1202/2504 3187/1199/2501
f 3191/1203/2505 3192/1204/2506 3193/1205/2507
f 3193/1205/2507 3194/1206/2508 3191/1203/2505
f 3195/1207/2509 3196/1208/2510 3197/1209/2511
f 3197/1209/2511 3198/1210/2512 3195/1207/2509
f 3199/1211/2513 3200/1212/2514 3201/1213/2515
f 3201/1213/2515 3202/1214/2516 3199/1211/2513
f 3203/1215/2517 3204/1216/2518 3205/1217/2519
f 3205/1217/2519 3206/1218/2520 3203/1215/2517
f 3207/1219/2521 3208/1220/2522 3192/1204/2506
f 3192/1204/2506 3191/1203/2505 3207/1219/2521
f 3196/1208/2510 3209/1221/2523 3210/1222/2524
f 3210/1222/2524 3197/1209/2511 3196/1208/2510
f 3172/1184/2486 3171/1183/2485 3199/1211/2513
f 3199/1211/2513 3202/1214/2516 3172/1184/2486
f 3203/1215/2517 3211/1223/2525 3212/1224/2526
f 3212/1224/2526 3204/1216/2518 3203/1215/2517
f 3175/1187/2489 3213/1225/2527 3214/1226/2528
f 3214/1226/2528 3176/1188/2490 3175/1187/2489
f 3180/1192/2494 3179/1191/2493 3215/1227/2529
f 3215/1227/2529 3216/1228/2530 3180/1192/2494
f 3217/1229/2531 3218/1230/2532 3184/1196/2498
f 3219/1231/2533 3188/1200/2502 3187/1199/2501
f 3187/1199/2501 3220/1232/2534 3219/1231/2533
f 3214/1226/2528 3213/1225/2527 3194/1206/2508
f 3194/1206/2508 3193/1205/2507 3214/1226/2528
f 3198/1210/2512 3216/1228/2530 3215/1227/2529
f 3215/1227/2529 3195/1207/2509 3198/1210/2512
f 3218/1230/2532 3217/1229/2531 3201/1213/2515
f 3201/1213/2515 3200/1212/2514 3218/1230/2532
f 3205/1217/2519 3219/1231/2533 3220/1232/2534
f 3220/1232/2534 3206/1218/2520 3205/1217/2519
f 3170/1182/2484 3169/1181/2483 3221/1233/2484
f 3221/1233/2484 3222/1234/2535 3170/1182/2484
f 3168/1180/2482 3167/1179/2481 3223/1235/2536
f 3223/1235/2536 3224/1236/2537 3168/1180/2482
f 3209/1221/2523 3171/1183/2485 3174/1186/2488
f 3174/1186/2488 3225/1237/2538 3209/1221/2523
f 3226/1238/2539 3173/1185/2487 3172/1184/2486
f 3172/1184/2486 3212/1224/2526 3227/1238/2540
f 3228/1239/2541 3175/1187/2489 3178/1190/2492
f 3178/1190/2492 3229/1240/2541 3228/1239/2541
f 3190/1202/2504 3177/1189/2491 3176/1188/2490
f 3176/1188/2490 3187/1199/2501 3190/1202/2504
f 3188/1200/2502 3183/1195/2497 3186/1198/2500
f 3186/1198/2500 3189/1201/2503 3188/1200/2502
f 3182/1194/2496 3185/1197/2499 3184/1196/2498
f 3184/1196/2498 3179/1191/2493 3182/1194/2496
f 3230/1241/2542 3191/1203/2505 3194/1206/2508
f 3194/1206/2543 3231/1242/2544 3232/1241/2544
f 3193/1205/2507 3192/1204/2506 3203/1215/2517
f 3203/1215/2517 3206/1218/2520 3193/1205/2507
f 3204/1216/2518 3202/1214/2516 3201/1213/2515
f 3201/1213/2515 3205/1217/2519 3204/1216/2518
f 3200/1212/2514 3199/1211/2513 3196/1208/2510
f 3196/1208/2510 3195/1207/2509 3200/1212/2514
f 3233/1243/2545 3234/1219/2545 3191/1203/2546
f 3191/1203/2546 3235/1241/2547 3236/1243/2547
f 3192/1204/2506 3237/1220/2548 3211/1223/2525
f 3211/1223/2525 3203/1215/2517 3192/1204/2506
f 3212/1224/2526 3172/1184/2486 3202/1214/2516
f 3202/1214/2516 3204/1216/2518 3212/1224/2526
f 3199/1211/2513 3171/1183/2485 3209/1221/2523
f 3209/1221/2523 3196/1208/2510 3199/1211/2513
f 3187/1199/2501 3176/1188/2490 3214/1226/2528
f 3214/1226/2528 3220/1232/2534 3187/1199/2501
f 3213/1225/2527 3175/1187/2489 3238/1239/2549
f 3239/1239/2550 3240/1244/2550 3213/1225/2527
f 3179/1191/2493 3184/1196/2498 3218/1230/2532
f 3218/1230/2532 3215/1227/2529 3179/1191/2493
f 3217/1229/2531 3183/1195/2497 3188/1200/2502
f 3188/1200/2502 3219/1231/2533 3217/1229/2531
f 3220/1232/2534 3214/1226/2528 3193/1205/2507
f 3193/1205/2507 3206/1218/2520 3220/1232/2534
f 3241/1242/2551 3194/1206/2508 3213/1225/2527
f 3213/1225/2527 3242/1244/2552 3241/1242/2551
f 3215/1227/2529 3218/1230/2532 3200/1212/2514
f 3200/1212/2514 3195/1207/2509 3215/1227/2529
f 3205/1217/2519 3201/1213/2515 3217/1229/2531
f 3217/1229/2531 3219/1231/2533 3205/1217/2519
f 3177/1189/2491 3243/1245/2553 3244/1246/2554
f 3244/1246/2554 3178/1190/2492 3177/1189/2491
f 3185/1197/2499 3245/1247/2555 3246/1248/2556
f 3246/1248/2556 3186/1198/2500 3185/1197/2499
s 0
f 3247/1246/2557 3248/1249/2557 3249/1240/2557
s 1
f 3250/1240/2558 3178/1190/2492 3251/1246/2558
f 3182/1194/2496 3252/1250/2559 3253/1247/2559
f 3254/1247/2560 3185/1197/2499 3182/1194/2496
f 3255/1248/2561 3256/1251/2561 3189/1201/2503
f 3189/1201/2503 3186/1198/2500 3257/1248/2562
f 3190/1202/2563 3258/1252/2564 3259/1245/2564
f 3260/1245/2565 3177/1189/2491 3190/1202/2504
f 3261/1253/2566 3262/1254/2567 3263/1255/2568
f 3263/1255/2568 3264/1256/2569 3261/1253/2566
f 3265/1257/2570 3261/1253/2566 3264/1256/2569
f 3264/1256/2569 3266/1258/2571 3265/1257/2570
f 3267/1259/2572 3265/1257/2570 3266/1258/2571
f 3266/1258/2571 3268/1260/2573 3267/1259/2572
f 3269/1261/2574 3267/1259/2572 3268/1260/2573
f 3268/1260/2573 3270/1262/2575 3269/1261/2574
f 3263/1255/2568 3271/1263/2576 3272/1264/2577
f 3272/1264/2577 3264/1256/2569 3263/1255/2568
f 3266/1258/2571 3273/1265/2578 3274/1266/2579
f 3274/1266/2579 3268/1260/2573 3266/1258/2571
f 3275/1267/2580 3276/1268/2581 3277/1269/2582
f 3277/1269/2582 3278/1270/2583 3275/1267/2580
f 3279/1271/2584 3280/1272/2585 3281/1273/2586
f 3281/1273/2586 3282/1274/2587 3279/1271/2584
f 3283/1275/2588 3275/1267/2580 3278/1270/2583
f 3278/1270/2583 3284/1276/2589 3283/1275/2588
f 3282/1274/2587 3281/1273/2586 3285/1277/2590
f 3285/1277/2590 3286/1278/2591 3282/1274/2587
f 3287/1279/2592 3284/1276/2589 3288/1280/2593
f 3288/1280/2593 3289/1281/2594 3287/1279/2592
f 3276/1268/2581 3290/1282/2595 3291/1283/2596
f 3291/1283/2596 3277/1269/2582 3276/1268/2581
f 3291/1283/2596 3292/1284/2597 3293/1285/2598
f 3293/1285/2598 3294/1286/2599 3291/1283/2596
f 3293/1285/2598 3292/1284/2597 3280/1272/2585
f 3280/1272/2585 3279/1271/2584 3293/1285/2598
f 3273/1265/2578 3266/1258/2571 3264/1256/2569
f 3264/1256/2569 3272/1264/2577 3273/1265/2578
f 3295/1287/2600 3270/1262/2575 3268/1260/2573
f 3268/1260/2573 3274/1266/2579 3295/1287/2600
f 3296/1251/2601 3297/1252/2601 3190/1202/2602
f 3190/1202/2504 3189/1201/2503 3298/1251/2603
f 3299/1288/2604 3300/1250/2604 3182/1194/2496
f 3182/1194/2496 3181/1193/2495 3301/1288/2605
f 3137/1156/2450 3136/1155/2449 3302/1162/2606
f 3303/1162/2607 3304/1159/2607 3137/1156/2450
s 0
f 3305/1159/2608 3306/1162/2608 3307/1161/2608
f 3308/1161/2609 3309/1160/2609 3310/1159/2609
s 1
f 3311/1156/2610 3140/1159/2453 3143/1162/2456
f 3143/1162/2611 3312/1155/2612 3313/1156/2612
s 0
f 3314/1157/2613 3315/1156/2613 3316/1155/2613
f 3317/1155/2614 3318/1158/2614 3319/1157/2614
s 1
f 3320/1289/2615 3321/1290/2616 3322/1291/2617
f 3322/1291/2617 3323/1292/2618 3320/1289/2615
f 3324/1293/2619 3325/1294/2620 3326/1295/2621
f 3326/1295/2621 3327/1296/2622 3324/1293/2619
f 3321/1290/2616 3324/1293/2619 3327/1296/2622
f 3327/1296/2622 3322/1291/2617 3321/1290/2616
f 3328/1297/2623 3329/1298/2624 3330/1299/2625
f 3328/1297/2623 3330/1299/2625 3331/1300/2626
f 3331/1300/2626 3332/1301/2627 3328/1297/2623
f 3331/1300/2626 3333/1302/2628 3332/1301/2627
f 3332/1301/2627 3333/1302/2628 3334/1303/2629
f 3334/1303/2629 3335/1304/2630 3332/1301/2627
f 3334/1303/2629 3336/1305/2631 3335/1304/2630
f 3337/1306/2632 3334/1303/2629 3333/1302/2628
f 3334/1303/2629 3338/1307/2633 3336/1305/2631
f 3334/1303/2629 3337/1306/2632 3338/1307/2633
f 3339/1308/2634 3340/1309/2635 3341/1310/2636
f 3339/1308/2634 3341/1310/2636 3342/1311/2637
f 3339/1308/2634 3343/1312/2638 3340/1309/2635
f 3344/1313/2639 3339/1308/2634 3342/1311/2637
f 3344/1313/2639 3342/1311/2637 3345/1314/2640
f 3344/1313/2639 3343/1312/2638 3339/1308/2634
f 3343/1312/2638 3344/1313/2639 3346/1315/2641
f 3346/1315/2641 3347/1316/2642 3343/1312/2638
f 3347/1316/2642 3348/1317/2643 3349/1318/2644
f 3347/1316/2642 3346/1315/2641 3348/1317/2643
f 3345/1314/2640 3346/1315/2641 3344/1313/2639
f 3346/1315/2641 3350/1319/2645 3348/1317/2643
f 3346/1315/2641 3345/1314/2640 3350/1319/2645
f 3351/1320/2646 3352/1321/2647 3353/1322/2648
f 3354/1323/2649 3329/1298/2624 3328/1297/2623
f 3355/1324/2650 3340/1309/2635 3343/1312/2638
f 3340/1309/2635 3355/1324/2650 3356/1325/2651
f 3350/1319/2645 3357/1326/2652 3358/1327/2653
f 3357/1326/2652 3350/1319/2645 3345/1314/2640
f 3345/1314/2640 3359/1328/2654 3357/1326/2652
f 3359/1328/2654 3345/1314/2640 3342/1311/2637
f 3337/1306/2632 3359/1328/2654 3342/1311/2637
f 3359/1328/2654 3337/1306/2632 3360/1329/2655
f 3337/1306/2632 3361/1330/2656 3360/1329/2655
f 3361/1330/2656 3337/1306/2632 3333/1302/2628
f 3331/1300/2626 3361/1330/2656 3333/1302/2628
f 3361/1330/2656 3331/1300/2626 3362/1331/2657
f 3330/1299/2625 3362/1331/2657 3331/1300/2626
f 3362/1331/2657 3330/1299/2625 3363/1332/2658
f 3363/1332/2658 3330/1299/2625 3364/1333/2659
f 3347/1316/2642 3351/1320/2646 3353/1322/2648
f 3351/1320/2646 3347/1316/2642 3349/1318/2644
f 3365/1334/2660 3366/1335/2661 3367/1336/2662
f 3368/1337/2663 3365/1334/2660 3367/1336/2662
f 3365/1334/2660 3368/1337/2663 3369/1338/2664
f 3370/1339/2665 3369/1338/2664 3368/1337/2663
f 3357/1326/2652 3367/1336/2662 3358/1327/2653
f 3367/1336/2662 3357/1326/2652 3368/1337/2663
f 3359/1328/2654 3368/1337/2663 3357/1326/2652
f 3368/1337/2663 3359/1328/2654 3370/1339/2665
f 3359/1328/2654 3371/1340/2666 3370/1339/2665
f 3371/1340/2666 3359/1328/2654 3360/1329/2655
f 3361/1330/2656 3371/1340/2666 3360/1329/2655
f 3371/1340/2666 3361/1330/2656 3372/1341/2667
f 3361/1330/2656 3373/1342/2668 3372/1341/2667
f 3373/1342/2668 3361/1330/2656 3362/1331/2657
f 3362/1331/2657 3374/1343/2669 3373/1342/2668
f 3374/1343/2669 3362/1331/2657 3363/1332/2658
f 3375/1333/2670 3374/1343/2669 3363/1332/2658
f 3376/1344/2671 3329/1298/2624 3354/1323/2649
f 3354/1323/2649 3328/1297/2623 3332/1301/2627
f 3332/1301/2627 3377/1345/2672 3354/1323/2649
f 3354/1323/2649 3377/1345/2672 3378/1346/2673
f 3379/1346/2674 3380/1344/2674 3354/1323/2675
f 3377/1345/2672 3381/1347/2676 3382/1346/2676
f 3383/1348/2677 3384/1347/2678 3377/1345/2672
f 3332/1301/2627 3385/1349/2679 3377/1345/2672
f 3385/1349/2679 3383/1348/2677 3377/1345/2672
f 3385/1349/2679 3332/1301/2627 3335/1304/2630
f 3336/1305/2631 3385/1349/2679 3335/1304/2630
f 3385/1349/2679 3336/1305/2631 3386/1350/2680
f 3386/1350/2680 3383/1348/2677 3385/1349/2679
f 3386/1350/2680 3387/1347/2681 3383/1348/2677
f 3388/1347/2682 3386/1350/2683 3389/1351/2682
f 3336/1305/2631 3390/1352/2684 3386/1350/2680
f 3390/1352/2684 3336/1305/2631 3341/1310/2636
f 3386/1350/2680 3390/1352/2684 3391/1351/2685
f 3392/1351/2686 3390/1352/2687 3393/1353/2686
f 3341/1310/2636 3356/1325/2651 3390/1352/2684
f 3356/1325/2651 3394/1354/2688 3390/1352/2684
f 3356/1325/2651 3341/1310/2636 3340/1309/2635
f 3356/1325/2651 3355/1324/2650 3394/1354/2688
f 3394/1354/2689 3395/1355/2690 3396/1353/2690
f 3355/1324/2650 3397/1355/2691 3394/1354/2688
f 3398/1355/2692 3355/1324/2693 3399/1356/2692
f 3353/1322/2648 3400/1356/2694 3355/1324/2650
f 3401/1356/2695 3353/1322/2648 3352/1321/2647
f 3343/1312/2638 3353/1322/2648 3355/1324/2650
f 3353/1322/2648 3343/1312/2638 3347/1316/2642
f 3402/1353/2696 3390/1352/2684 3394/1354/2688
f 3342/1311/2637 3341/1310/2636 3337/1306/2632
f 3341/1310/2636 3338/1307/2633 3337/1306/2632
f 3341/1310/2636 3336/1305/2631 3338/1307/2633
s 0
f 3403/1357/2697 3404/1358/2697 3405/1359/2697
f 3406/1359/2698 3407/1360/2698 3408/1357/2698
f 3409/1358/2699 3410/1361/2699 3411/1359/2699
f 3412/1357/2700 3413/1360/2700 3414/1362/2700
s 1
f 3415/1362/2701 3416/1363/2701 3417/1357/2701
f 3418/1297/2702 3419/1298/2703 3420/1299/2704
f 3418/1297/2702 3420/1299/2704 3421/1300/2705
f 3421/1300/2705 3422/1301/2706 3418/1297/2702
f 3421/1300/2705 3423/1302/2707 3422/1301/2706
f 3422/1301/2706 3423/1302/2707 3424/1303/2629
f 3424/1303/2629 3425/1304/2630 3422/1301/2706
f 3424/1303/2629 3426/1305/2631 3425/1304/2630
f 3427/1306/2632 3424/1303/2629 3423/1302/2707
f 3424/1303/2629 3428/1307/2708 3426/1305/2631
f 3424/1303/2629 3427/1306/2632 3428/1307/2708
f 3429/1308/2709 3430/1309/2635 3431/1310/2710
f 3429/1308/2709 3431/1310/2710 3432/1311/2711
f 3429/1308/2709 3433/1312/2638 3430/1309/2635
f 3434/1313/2639 3429/1308/2709 3432/1311/2711
f 3434/1313/2639 3432/1311/2711 3435/1314/2640
f 3434/1313/2639 3433/1312/2638 3429/1308/2709
f 3433/1312/2638 3434/1313/2639 3436/1315/2712
f 3436/1315/2712 3437/1316/2642 3433/1312/2638
f 3437/1316/2642 3438/1317/2713 3439/1318/2714
f 3437/1316/2642 3436/1315/2712 3438/1317/2713
f 3435/1314/2640 3436/1315/2712 3434/1313/2639
f 3436/1315/2712 3440/1319/2645 3438/1317/2713
f 3436/1315/2712 3435/1314/2640 3440/1319/2645
f 3441/1320/2646 3442/1321/2647 3443/1322/2715
f 3444/1323/2716 3419/1298/2703 3418/1297/2702
f 3445/1324/2650 3430/1309/2635 3433/1312/2638
f 3430/1309/2635 3445/1324/2650 3446/1325/2651
f 3440/1319/2645 3447/1326/2652 3448/1327/2653
f 3447/1326/2652 3440/1319/2645 3435/1314/2640
f 3435/1314/2640 3449/1328/2654 3447/1326/2652
f 3449/1328/2654 3435/1314/2640 3432/1311/2711
f 3427/1306/2632 3449/1328/2654 3432/1311/2711
f 3449/1328/2654 3427/1306/2632 3450/1329/2717
f 3427/1306/2632 3451/1330/2718 3450/1329/2717
f 3451/1330/2718 3427/1306/2632 3423/1302/2707
f 3421/1300/2705 3451/1330/2718 3423/1302/2707
f 3451/1330/2718 3421/1300/2705 3452/1331/2719
f 3420/1299/2704 3452/1331/2719 3421/1300/2705
f 3452/1331/2719 3420/1299/2704 3453/1332/2720
f 3453/1332/2720 3420/1299/2704 3454/1333/2721
f 3437/1316/2642 3441/1320/2646 3443/1322/2715
f 3441/1320/2646 3437/1316/2642 3439/1318/2714
f 3455/1334/2660 3456/1335/2722 3457/1336/2662
f 3458/1337/2663 3455/1334/2660 3457/1336/2662
f 3455/1334/2660 3458/1337/2663 3459/1338/2664
f 3460/1339/2665 3459/1338/2664 3458/1337/2663
f 3447/1326/2652 3457/1336/2662 3448/1327/2653
f 3457/1336/2662 3447/1326/2652 3458/1337/2663
f 3449/1328/2654 3458/1337/2663 3447/1326/2652
f 3458/1337/2663 3449/1328/2654 3460/1339/2665
f 3449/1328/2654 3461/1340/2666 3460/1339/2665
f 3461/1340/2666 3449/1328/2654 3450/1329/2717
f 3451/1330/2718 3461/1340/2666 3450/1329/2717
f 3461/1340/2666 3451/1330/2718 3462/1341/2667
f 3451/1330/2718 3463/1342/2723 3462/1341/2667
f 3463/1342/2723 3451/1330/2718 3452/1331/2719
f 3452/1331/2719 3464/1343/2669 3463/1342/2723
f 3464/1343/2669 3452/1331/2719 3453/1332/2720
f 3465/1333/2670 3464/1343/2669 3453/1332/2720
f 3466/1344/2724 3419/1298/2703 3444/1323/2716
f 3444/1323/2716 3418/1297/2702 3422/1301/2706
f 3422/1301/2706 3467/1345/2725 3444/1323/2716
f 3444/1323/2716 3467/1345/2725 3468/1346/2726
f 3469/1346/2727 3470/1344/2727 3444/1323/2728
f 3467/1345/2729 3471/1347/2730 3472/1346/2730
f 3473/1348/2731 3474/1347/2732 3467/1345/2725
f 3422/1301/2706 3475/1349/2733 3467/1345/2725
f 3475/1349/2733 3473/1348/2731 3467/1345/2725
f 3475/1349/2733 3422/1301/2706 3425/1304/2630
f 3426/1305/2631 3475/1349/2733 3425/1304/2630
f 3475/1349/2733 3426/1305/2631 3476/1350/2680
f 3476/1350/2680 3473/1348/2731 3475/1349/2733
f 3476/1350/2680 3477/1347/2734 3473/1348/2731
f 3478/1347/2735 3476/1350/2683 3479/1351/2735
f 3426/1305/2631 3480/1352/2684 3476/1350/2680
f 3480/1352/2684 3426/1305/2631 3431/1310/2710
f 3476/1350/2680 3480/1352/2684 3481/1351/2685
f 3482/1351/2736 3480/1352/2737 3483/1353/2736
f 3431/1310/2710 3446/1325/2651 3480/1352/2684
f 3446/1325/2651 3484/1354/2688 3480/1352/2684
f 3446/1325/2651 3431/1310/2710 3430/1309/2635
f 3446/1325/2651 3445/1324/2650 3484/1354/2688
f 3484/1354/2689 3485/1355/2690 3486/1353/2690
f 3445/1324/2650 3487/1355/2738 3484/1354/2688
f 3488/1355/2739 3445/1324/2693 3489/1356/2739
f 3443/1322/2715 3490/1356/2740 3445/1324/2650
f 3491/1356/2695 3443/1322/2715 3442/1321/2647
f 3433/1312/2638 3443/1322/2715 3445/1324/2650
f 3443/1322/2715 3433/1312/2638 3437/1316/2642
f 3492/1353/2741 3480/1352/2684 3484/1354/2688
f 3432/1311/2711 3431/1310/2710 3427/1306/2632
f 3431/1310/2710 3428/1307/2708 3427/1306/2632
f 3431/1310/2710 3426/1305/2631 3428/1307/2708
s 0
f 3493/1357/2742 3494/1358/2742 3495/1359/2742
f 3496/1359/2743 3497/1360/2743 3498/1357/2743
f 3499/1358/2744 3500/1361/2744 3501/1359/2744
f 3502/1357/2745 3503/1360/2745 3504/1362/2745
s 1
f 3505/1362/2746 3506/1363/2746 3507/1357/2746
f 3508/1297/2747 3509/1298/2748 3510/1299/2749
f 3508/1297/2747 3510/1299/2749 3511/1300/2750
f 3511/1300/2750 3512/1301/2751 3508/1297/2747
f 3511/1300/2750 3513/1302/2752 3512/1301/2751
f 3512/1301/2751 3513/1302/2752 3514/1303/2753
f 3514/1303/2753 3515/1304/2754 3512/1301/2751
f 3514/1303/2753 3516/1305/2755 3515/1304/2754
f 3517/1306/2756 3514/1303/2753 3513/1302/2752
f 3514/1303/2753 3518/1307/2757 3516/1305/2755
f 3514/1303/2753 3517/1306/2756 3518/1307/2757
f 3519/1308/2758 3520/1309/2759 3521/1310/2760
f 3519/1308/2758 3521/1310/2760 3522/1311/2761
f 3519/1308/2758 3523/1312/2762 3520/1309/2759
f 3524/1313/2763 3519/1308/2758 3522/1311/2761
f 3524/1313/2763 3522/1311/2761 3525/1314/2764
f 3524/1313/2763 3523/1312/2762 3519/1308/2758
f 3523/1312/2762 3524/1313/2763 3526/1315/2765
f 3526/1315/2765 3527/1316/2766 3523/1312/2762
f 3527/1316/2766 3528/1317/2767 3529/1318/2768
f 3527/1316/2766 3526/1315/2765 3528/1317/2767
f 3525/1314/2764 3526/1315/2765 3524/1313/2763
f 3526/1315/2765 3530/1319/2769 3528/1317/2767
f 3526/1315/2765 3525/1314/2764 3530/1319/2769
f 3531/1320/2770 3532/1321/2771 3533/1322/2772
f 3534/1323/2773 3509/1298/2748 3508/1297/2747
f 3535/1324/2774 3520/1309/2759 3523/1312/2762
f 3520/1309/2759 3535/1324/2774 3536/1325/2775
f 3530/1319/2769 3537/1326/2776 3538/1327/2777
f 3537/1326/2776 3530/1319/2769 3525/1314/2764
f 3525/1314/2764 3539/1328/2778 3537/1326/2776
f 3539/1328/2778 3525/1314/2764 3522/1311/2761
f 3517/1306/2756 3539/1328/2778 3522/1311/2761
f 3539/1328/2778 3517/1306/2756 3540/1329/2779
f 3517/1306/2756 3541/1330/2780 3540/1329/2779
f 3541/1330/2780 3517/1306/2756 3513/1302/2752
f 3511/1300/2750 3541/1330/2780 3513/1302/2752
f 3541/1330/2780 3511/1300/2750 3542/1331/2781
f 3510/1299/2749 3542/1331/2781 3511/1300/2750
f 3542/1331/2781 3510/1299/2749 3543/1332/2782
f 3543/1332/2782 3510/1299/2749 3544/1333/2783
f 3527/1316/2766 3531/1320/2770 3533/1322/2772
f 3531/1320/2770 3527/1316/2766 3529/1318/2768
f 3545/1334/2784 3546/1335/2785 3547/1336/2786
f 3548/1337/2787 3545/1334/2784 3547/1336/2786
f 3545/1334/2784 3548/1337/2787 3549/1338/2788
f 3550/1339/2789 3549/1338/2788 3548/1337/2787
f 3537/1326/2776 3547/1336/2786 3538/1327/2777
f 3547/1336/2786 3537/1326/2776 3548/1337/2787
f 3539/1328/2778 3548/1337/2787 3537/1326/2776
f 3548/1337/2787 3539/1328/2778 3550/1339/2789
f 3539/1328/2778 3551/1340/2790 3550/1339/2789
f 3551/1340/2790 3539/1328/2778 3540/1329/2779
f 3541/1330/2780 3551/1340/2790 3540/1329/2779
f 3551/1340/2790 3541/1330/2780 3552/1341/2791
f 3541/1330/2780 3553/1342/2792 3552/1341/2791
f 3553/1342/2792 3541/1330/2780 3542/1331/2781
f 3542/1331/2781 3554/1343/2793 3553/1342/2792
f 3554/1343/2793 3542/1331/2781 3543/1332/2782
f 3555/1333/2794 3554/1343/2793 3543/1332/2782
f 3556/1344/2795 3509/1298/2748 3534/1323/2773
f 3534/1323/2773 3508/1297/2747 3512/1301/2751
f 3512/1301/2751 3557/1345/2796 3534/1323/2773
f 3534/1323/2773 3557/1345/2796 3558/1346/2797
f 3559/1346/2798 3560/1344/2798 3534/1323/2773
f 3557/1345/2796 3561/1347/2799 3562/1346/2799
f 3563/1348/2800 3564/1347/2801 3557/1345/2796
f 3512/1301/2751 3565/1349/2802 3557/1345/2796
f 3565/1349/2802 3563/1348/2800 3557/1345/2796
f 3565/1349/2802 3512/1301/2751 3515/1304/2754
f 3516/1305/2755 3565/1349/2802 3515/1304/2754
f 3565/1349/2802 3516/1305/2755 3566/1350/2803
f 3566/1350/2803 3563/1348/2800 3565/1349/2802
f 3566/1350/2803 3567/1347/2804 3563/1348/2800
f 3568/1347/2805 3566/1350/2803 3569/1351/2805
f 3516/1305/2755 3570/1352/2806 3566/1350/2803
f 3570/1352/2806 3516/1305/2755 3521/1310/2760
f 3566/1350/2803 3570/1352/2806 3571/1351/2807
f 3572/1351/2808 3570/1352/2809 3573/1353/2808
f 3521/1310/2760 3536/1325/2775 3570/1352/2806
f 3536/1325/2775 3574/1354/2810 3570/1352/2806
f 3536/1325/2775 3521/1310/2760 3520/1309/2759
f 3536/1325/2775 3535/1324/2774 3574/1354/2810
f 3574/1354/2811 3575/1355/2812 3576/1353/2812
f 3535/1324/2774 3577/1355/2813 3574/1354/2810
f 3578/1355/2814 3535/1324/2815 3579/1356/2814
f 3533/1322/2772 3580/1356/2816 3535/1324/2774
f 3581/1356/2817 3533/1322/2772 3532/1321/2771
f 3523/1312/2762 3533/1322/2772 3535/1324/2774
f 3533/1322/2772 3523/1312/2762 3527/1316/2766
f 3582/1353/2818 3570/1352/2806 3574/1354/2810
f 3522/1311/2761 3521/1310/2760 3517/1306/2756
f 3521/1310/2760 3518/1307/2757 3517/1306/2756
f 3521/1310/2760 3516/1305/2755 3518/1307/2757
s 0
f 3583/1357/2819 3584/1358/2819 3585/1359/2819
f 3586/1359/2820 3587/1360/2820 3588/1357/2820
f 3589/1358/2821 3590/1361/2821 3591/1359/2821
f 3592/1357/2822 3593/1360/2822 3594/1362/2822
f 3595/1362/2823 3596/1363/2823 3597/1357/2823
s 1
f 3598/1364/2824 3599/1365/2825 3600/1366/2826
f 3601/1367/2827 3602/1368/2828 3603/1369/2829
f 3602/1368/2828 3601/1367/2827 3604/1370/2830
f 3605/1371/2831 3606/1372/2832 3607/1373/2833
f 3606/1372/2832 3605/1371/2831 3608/1374/2834
f 3609/1375/2835 3610/1376/2836 3611/1377/2837
f 3610/1376/2836 3609/1375/2835 3612/1378/2838
f 3613/1379/2839 3614/1380/2840 3615/1381/2841
f 3614/1380/2840 3613/1379/2839 3599/1365/2825
f 3616/1382/2842 3617/1383/2843 3618/1384/2844
f 3617/1383/2843 3616/1382/2842 3604/1370/2830
f 3604/1370/2830 3619/1385/2845 3617/1383/2843
f 3619/1385/2845 3604/1370/2830 3601/1367/2827
f 3620/1386/2846 3619/1385/2845 3601/1367/2827
f 3601/1367/2827 3621/1387/2847 3620/1386/2846
f 3622/1388/2848 3620/1386/2846 3621/1387/2847
f 3621/1387/2847 3623/1389/2849 3622/1388/2848
f 3623/1389/2849 3621/1387/2847 3624/1390/2850
f 3624/1390/2850 3625/1391/2851 3623/1389/2849
f 3624/1390/2850 3605/1371/2831 3625/1391/2851
f 3607/1373/2833 3626/1392/2852 3605/1371/2831
f 3627/1393/2853 3628/1394/2854 3629/1395/2855
f 3629/1395/2855 3630/1396/2856 3627/1393/2853
f 3630/1396/2856 3629/1395/2855 3631/1397/2857
f 3631/1397/2857 3632/1398/2858 3630/1396/2856
f 3632/1398/2858 3631/1397/2857 3633/1399/2859
f 3634/1400/2860 3630/1396/2856 3632/1398/2858
f 3631/1397/2857 3635/1401/2861 3633/1399/2859
f 3630/1396/2856 3634/1400/2860 3636/1402/2862
f 3634/1400/2860 3637/1403/2863 3636/1402/2862
f 3637/1403/2863 3634/1400/2860 3638/1404/2864
f 3639/1405/2865 3635/1401/2861 3631/1397/2857
f 3635/1401/2861 3639/1405/2865 3640/1406/2866
f 3641/1407/2867 3640/1406/2866 3639/1405/2865
f 3629/1395/2855 3641/1407/2867 3639/1405/2865
f 3640/1406/2866 3641/1407/2867 3642/1408/2868
f 3641/1407/2867 3629/1395/2855 3643/1409/2869
f 3644/1410/2870 3643/1409/2869 3628/1394/2854
f 3628/1394/2854 3645/1411/2871 3644/1410/2870
f 3646/1412/2872 3642/1408/2868 3641/1407/2867
f 3643/1409/2869 3646/1412/2872 3641/1407/2867
f 3642/1408/2868 3646/1412/2872 3647/1413/2873
f 3646/1412/2872 3648/1414/2874 3647/1413/2873
f 3649/1415/2875 3648/1414/2874 3646/1412/2872
f 3648/1414/2874 3649/1415/2875 3650/1416/2876
f 3651/1417/2877 3650/1416/2876 3649/1415/2875
f 3650/1416/2876 3651/1417/2877 3652/1418/2878
f 3646/1412/2872 3644/1410/2870 3649/1415/2875
f 3644/1410/2870 3646/1412/2872 3643/1409/2869
f 3649/1415/2875 3644/1410/2870 3651/1417/2877
f 3653/1419/2879 3652/1418/2878 3651/1417/2877
f 3644/1410/2870 3653/1419/2879 3651/1417/2877
f 3652/1418/2878 3653/1419/2879 3654/1420/2880
f 3653/1419/2879 3655/1421/2881 3654/1420/2880
f 3656/1422/2882 3655/1421/2881 3653/1419/2879
f 3655/1421/2881 3656/1422/2882 3657/1423/2883
f 3658/1424/2884 3656/1422/2882 3653/1419/2879
f 3653/1419/2879 3644/1410/2870 3658/1424/2884
f 3657/1423/2883 3656/1422/2882 3659/1425/2885
f 3612/1378/2838 3659/1425/2885 3656/1422/2882
f 3659/1425/2885 3612/1378/2838 3609/1375/2835
f 3656/1422/2882 3658/1424/2884 3660/1426/2886
f 3658/1424/2884 3661/1427/2887 3660/1426/2886
f 3661/1427/2887 3658/1424/2884 3645/1411/2871
f 3644/1410/2870 3645/1411/2871 3658/1424/2884
f 3662/1428/2888 3663/1429/2889 3645/1411/2871
f 3645/1411/2871 3628/1394/2854 3662/1428/2888
f 3664/1430/2890 3665/1431/2891 3666/1432/2892
f 3665/1431/2891 3664/1430/2890 3667/1433/2893
f 3667/1433/2893 3668/1434/2894 3665/1431/2891
f 3669/1435/2895 3670/1436/2896 3671/1437/2897
f 3672/1438/2898 3673/1439/2899 3674/1440/2900
f 3673/1439/2899 3672/1438/2898 3675/1441/2901
f 3676/1442/2902 3675/1441/2901 3672/1438/2898
f 3675/1441/2901 3676/1442/2902 3677/1443/2903
f 3618/1384/2844 3619/1385/2845 3678/1444/2904
f 3619/1385/2845 3618/1384/2844 3617/1383/2843
f 3679/1445/2905 3598/1364/2824 3600/1366/2826
f 3680/1446/2906 3637/1403/2863 3681/1447/2907
f 3637/1403/2863 3680/1446/2906 3682/1448/2908
f 3683/1449/2909 3682/1448/2908 3680/1446/2906
f 3682/1448/2908 3683/1449/2909 3684/1450/2910
f 3685/1451/2911 3684/1450/2910 3683/1449/2909
f 3684/1450/2910 3685/1451/2911 3686/1452/2912
f 3685/1451/2911 3687/1453/2913 3686/1452/2912
f 3687/1453/2913 3685/1451/2911 3688/1434/2914
f 3667/1433/2893 3687/1453/2913 3689/1434/2915
f 3664/1430/2890 3690/1454/2916 3667/1433/2893
f 3690/1454/2916 3664/1430/2890 3691/1455/2917
f 3692/1456/2918 3690/1454/2916 3691/1455/2917
f 3691/1455/2917 3693/1457/2919 3692/1456/2918
f 3694/1458/2920 3695/1459/2921 3696/1460/2922
f 3695/1459/2921 3694/1458/2920 3697/1461/2923
f 3695/1459/2921 3697/1461/2923 3698/1462/2924
f 3687/1453/2913 3698/1462/2924 3697/1461/2923
f 3698/1462/2924 3687/1453/2913 3690/1454/2916
f 3667/1433/2893 3690/1454/2916 3687/1453/2913
f 3697/1461/2923 3694/1458/2920 3686/1452/2912
f 3686/1452/2912 3687/1453/2913 3697/1461/2923
f 3662/1428/2888 3628/1394/2854 3686/1452/2912
f 3686/1452/2912 3694/1458/2920 3662/1428/2888
f 3699/1463/2925 3686/1452/2912 3628/1394/2854
f 3628/1394/2854 3627/1393/2853 3699/1463/2925
f 3684/1450/2910 3686/1452/2912 3699/1463/2925
f 3627/1393/2853 3636/1402/2862 3699/1463/2925
f 3636/1402/2862 3684/1450/2910 3699/1463/2925
f 3636/1402/2862 3627/1393/2853 3630/1396/2856
f 3636/1402/2862 3682/1448/2908 3684/1450/2910
f 3636/1402/2862 3637/1403/2863 3682/1448/2908
f 3700/1464/2926 3701/1465/2927 3702/1466/2928
f 3701/1465/2927 3700/1464/2926 3703/1467/2929
f 3704/1468/2930 3703/1467/2929 3700/1464/2926
f 3703/1467/2929 3704/1468/2930 3608/1374/2834
f 3608/1374/2834 3704/1468/2930 3705/1469/2931
f 3606/1372/2832 3608/1374/2834 3706/1469/2932
f 3631/1397/2857 3629/1395/2855 3639/1405/2865
f 3608/1374/2834 3605/1371/2831 3703/1467/2929
f 3605/1371/2831 3701/1465/2927 3703/1467/2929
f 3701/1465/2927 3605/1371/2831 3624/1390/2850
f 3624/1390/2850 3707/1470/2933 3701/1465/2927
f 3707/1470/2933 3624/1390/2850 3708/1471/2934
f 3621/1387/2847 3708/1471/2934 3624/1390/2850
f 3707/1470/2933 3709/1472/2935 3701/1465/2927
f 3701/1465/2927 3709/1472/2935 3702/1466/2928
f 3709/1472/2935 3672/1438/2898 3702/1466/2928
f 3672/1438/2898 3709/1472/2935 3676/1442/2902
f 3709/1472/2935 3710/1473/2936 3676/1442/2902
f 3710/1473/2936 3677/1443/2903 3676/1442/2902
f 3677/1443/2903 3710/1473/2936 3711/1474/2937
f 3710/1473/2936 3712/1475/2938 3711/1474/2937
f 3710/1473/2936 3709/1472/2935 3713/1476/2939
f 3713/1476/2939 3712/1475/2938 3710/1473/2936
f 3707/1470/2933 3713/1476/2939 3709/1472/2935
f 3712/1475/2938 3669/1435/2895 3671/1437/2897
f 3712/1475/2938 3713/1476/2939 3669/1435/2895
f 3713/1476/2939 3707/1470/2933 3714/1477/2940
f 3669/1435/2895 3713/1476/2939 3714/1477/2940
f 3708/1471/2934 3714/1477/2940 3707/1470/2933
f 3603/1369/2829 3669/1435/2895 3714/1477/2940
f 3714/1477/2940 3708/1471/2934 3603/1369/2829
f 3669/1435/2895 3603/1369/2829 3602/1368/2828
f 3602/1368/2828 3670/1436/2896 3669/1435/2895
f 3670/1436/2896 3602/1368/2828 3715/1478/2941
f 3604/1370/2830 3715/1478/2941 3602/1368/2828
f 3715/1478/2941 3604/1370/2830 3716/1479/2942
f 3716/1479/2942 3604/1370/2830 3616/1382/2842
f 3603/1369/2829 3621/1387/2847 3601/1367/2827
f 3603/1369/2829 3708/1471/2934 3621/1387/2847
f 3717/1480/2943 3661/1427/2887 3718/1481/2944
f 3661/1427/2887 3717/1480/2943 3660/1426/2886
f 3719/1482/2945 3660/1426/2886 3717/1480/2943
f 3660/1426/2886 3719/1482/2945 3656/1422/2882
f 3656/1422/2882 3719/1482/2945 3612/1378/2838
f 3612/1378/2838 3719/1482/2945 3610/1376/2836
f 3675/1441/2901 3693/1457/2919 3673/1439/2899
f 3693/1457/2919 3675/1441/2901 3692/1456/2918
f 3677/1443/2903 3692/1456/2918 3675/1441/2901
f 3711/1474/2937 3692/1456/2918 3677/1443/2903
f 3720/1483/2946 3698/1462/2924 3690/1454/2916
f 3690/1454/2916 3692/1456/2918 3720/1483/2946
f 3712/1475/2938 3692/1456/2918 3711/1474/2937
f 3692/1456/2918 3712/1475/2938 3720/1483/2946
f 3721/1484/2947 3720/1483/2946 3712/1475/2938
f 3712/1475/2938 3671/1437/2897 3721/1484/2947
f 3619/1385/2845 3722/1485/2948 3678/1444/2904
f 3620/1386/2846 3723/1486/2949 3619/1385/2845
f 3724/1485/2950 3619/1385/2845 3723/1486/2949
f 3725/1487/2951 3726/1485/2952 3723/1486/2949
f 3727/1485/2953 3725/1487/2954 3728/1488/2953
f 3723/1486/2949 3620/1386/2846 3622/1388/2848
f 3729/1489/2955 3730/1488/2956 3725/1487/2951
f 3731/1488/2957 3729/1489/2955 3732/1490/2958
f 3732/1490/2958 3733/1491/2959 3734/1492/2960
f 3733/1491/2959 3732/1490/2958 3729/1489/2955
f 3725/1487/2951 3735/1493/2961 3729/1489/2955
f 3735/1493/2961 3733/1491/2959 3729/1489/2955
f 3735/1493/2961 3725/1487/2951 3622/1388/2848
f 3733/1491/2959 3735/1493/2961 3736/1494/2962
f 3735/1493/2961 3737/1495/2963 3736/1494/2962
f 3623/1389/2849 3735/1493/2961 3622/1388/2848
f 3735/1493/2961 3623/1389/2849 3738/1496/2964
f 3738/1496/2964 3737/1495/2963 3735/1493/2961
f 3625/1391/2851 3738/1496/2964 3623/1389/2849
f 3737/1495/2963 3738/1496/2964 3739/1497/2965
f 3738/1496/2964 3740/1498/2966 3739/1497/2965
f 3738/1496/2964 3741/1499/2967 3740/1498/2966
f 3741/1499/2967 3738/1496/2964 3742/1500/2968
f 3738/1496/2964 3625/1391/2851 3742/1500/2968
f 3742/1500/2968 3743/1501/2969 3741/1499/2967
f 3625/1391/2851 3600/1366/2826 3742/1500/2968
f 3600/1366/2826 3743/1501/2969 3742/1500/2968
f 3600/1366/2826 3625/1391/2851 3679/1445/2905
f 3743/1501/2969 3600/1366/2826 3744/1502/2970
f 3600/1366/2826 3613/1379/2839 3744/1502/2970
f 3613/1379/2839 3600/1366/2826 3599/1365/2825
f 3745/1503/2971 3746/1504/2972 3747/1505/2973
f 3747/1505/2973 3748/1506/2974 3749/1503/2974
f 3750/1507/2975 3751/1508/2976 3752/1509/2976
f 3753/1508/2977 3750/1507/2975 3754/1510/2977
f 3755/1511/2978 3756/1512/2979 3757/1513/2980
f 3758/1514/2981 3756/1512/2979 3755/1511/2978
f 3756/1512/2979 3758/1514/2981 3759/1515/2982
f 3759/1515/2982 3758/1514/2981 3760/1516/2983
f 3760/1516/2983 3758/1514/2981 3761/1517/2984
f 3762/1518/2985 3760/1516/2983 3761/1517/2984
f 3761/1517/2984 3763/1519/2986 3762/1518/2985
f 3764/1520/2987 3763/1519/2986 3761/1517/2984
f 3764/1520/2987 3765/1521/2988 3763/1519/2986
f 3765/1521/2988 3764/1520/2987 3766/1522/2989
f 3766/1522/2989 3767/1523/2990 3765/1521/2988
f 3767/1523/2990 3766/1522/2989 3768/1524/2991
f 3769/1525/2992 3767/1523/2990 3768/1524/2991
f 3767/1523/2990 3769/1525/2992 3770/1526/2993
f 3769/1525/2994 3771/1527/2995 3772/1526/2995
f 3773/1527/2996 3769/1525/2994 3774/1509/2996
f 3775/1528/2997 3776/1503/2998 3777/1529/2998
f 3778/1503/2999 3775/1528/3000 3746/1504/2972
f 3779/1530/3001 3746/1504/2972 3775/1528/3000
f 3746/1504/2972 3779/1530/3001 3780/1531/3002
f 3781/1532/3003 3780/1531/3002 3779/1530/3001
f 3780/1531/3002 3781/1532/3003 3782/1533/3004
f 3747/1505/2973 3746/1504/2972 3780/1531/3002
f 3780/1531/3002 3783/1534/3005 3747/1505/2973
f 3784/1535/3006 3785/1536/3007 3786/1537/3008
f 3786/1537/3008 3787/1538/3009 3784/1535/3006
f 3787/1538/3009 3786/1537/3008 3788/1539/1597
f 3788/1539/1597 3789/1540/3010 3787/1538/3009
f 3789/1540/3010 3788/1539/1597 3790/1541/3011
f 3790/1541/3011 3791/1542/3012 3789/1540/3010
f 3792/1543/3013 3791/1542/3012 3790/1541/3011
f 3793/1544/3014 3794/1545/3015 3791/1542/3012
f 3792/1543/3013 3793/1544/3014 3791/1542/3012
f 3794/1545/3015 3793/1544/3014 3795/1546/3016
f 3793/1544/3014 3796/1547/3017 3795/1546/3016
f 3796/1547/3017 3793/1544/3014 3797/1548/3018
f 3792/1543/3013 3781/1532/3003 3793/1544/3014
f 3781/1532/3003 3797/1548/3018 3793/1544/3014
f 3797/1548/3018 3781/1532/3003 3779/1530/3001
f 3775/1528/3000 3797/1548/3018 3779/1530/3001
f 3797/1548/3018 3775/1528/3000 3798/1549/3019
f 3799/1529/3020 3798/1549/3019 3775/1528/3000
s 0
f 3800/1550/3021 3801/1529/3021 3802/1551/3021
s 1
f 3803/1529/3022 3804/1550/3022 3798/1549/3023
f 3805/1510/3024 3798/1549/3019 3806/1550/3024
f 3798/1549/3019 3807/1510/3025 3750/1507/3026
f 3790/1541/3011 3808/1552/3027 3792/1543/3013
f 3809/1553/3028 3810/1534/3029 3780/1531/3002
f 3780/1531/3002 3782/1533/3004 3809/1553/3028
f 3811/1554/3030 3809/1553/3028 3782/1533/3004
f 3782/1533/3004 3808/1552/3027 3812/1554/3031
f 3813/1555/3032 3814/1556/3033 3815/1557/3033
f 3816/1556/3034 3813/1555/3035 3817/1558/3036
f 3817/1558/3037 3818/1559/3038 3819/1556/3038
f 3820/1559/3039 3817/1558/3036 3821/1560/3040
f 3808/1552/3027 3822/1561/3041 3823/1554/3041
f 3824/1561/3042 3808/1552/3027 3825/1562/3043
f 3825/1562/3044 3826/1557/3045 3827/1561/3045
f 3828/1557/3046 3825/1562/3043 3813/1555/3035
f 3788/1539/1597 3817/1558/3036 3813/1555/3035
f 3788/1539/1597 3813/1555/3035 3790/1541/3011
f 3790/1541/3011 3813/1555/3035 3825/1562/3043
f 3808/1552/3027 3790/1541/3011 3825/1562/3043
f 3769/1525/2992 3750/1507/3026 3829/1509/3047
f 3768/1524/2991 3750/1507/3026 3769/1525/2992
f 3750/1507/3026 3797/1548/3018 3798/1549/3019
f 3797/1548/3018 3750/1507/3026 3796/1547/3017
f 3750/1507/3026 3768/1524/2991 3796/1547/3017
f 3766/1522/2989 3796/1547/3017 3768/1524/2991
f 3796/1547/3017 3766/1522/2989 3795/1546/3016
f 3766/1522/2989 3764/1520/2987 3795/1546/3016
f 3795/1546/3016 3764/1520/2987 3794/1545/3015
f 3761/1517/2984 3830/1563/3048 3764/1520/2987
f 3794/1545/3015 3764/1520/2987 3830/1563/3048
f 3794/1545/3015 3789/1540/3010 3791/1542/3012
f 3761/1517/2984 3831/1564/3049 3830/1563/3048
f 3758/1514/2981 3831/1564/3049 3761/1517/2984
f 3794/1545/3015 3830/1563/3048 3831/1564/3049
f 3789/1540/3010 3794/1545/3015 3831/1564/3049
f 3832/1565/3050 3789/1540/3010 3831/1564/3049
f 3831/1564/3049 3758/1514/2981 3832/1565/3050
f 3789/1540/3010 3832/1565/3050 3787/1538/3009
f 3755/1511/2978 3832/1565/3050 3758/1514/2981
f 3833/1566/3051 3787/1538/3009 3832/1565/3050
f 3832/1565/3050 3755/1511/2978 3833/1566/3051
f 3787/1538/3009 3833/1566/3051 3784/1535/3006
f 3755/1511/2978 3834/1513/3052 3833/1566/3051
f 3833/1566/3051 3785/1536/3007 3784/1535/3006
f 3785/1536/3007 3833/1566/3051 3835/1513/3053
f 3821/1560/3040 3836/1567/3054 3837/1559/3055
f 3836/1567/3054 3821/1560/3040 3838/1568/3056
f 3838/1568/3056 3821/1560/3040 3786/1537/3008
f 3788/1539/1597 3821/1560/3040 3817/1558/3036
f 3821/1560/3040 3788/1539/1597 3786/1537/3008
f 3792/1543/3013 3782/1533/3004 3781/1532/3003
f 3782/1533/3004 3792/1543/3013 3808/1552/3027
f 3628/1394/2854 3643/1409/2869 3629/1395/2855
f 3740/1498/2966 3839/1569/3057 3840/1570/3057
f 3841/1570/3058 3739/1497/2965 3740/1498/2966
f 3737/1495/3059 3842/1571/3060 3843/1572/3060
f 3844/1572/3061 3736/1494/2962 3737/1495/2963
f 3845/1573/3062 3733/1491/2959 3736/1494/2962
f 3736/1494/2962 3846/1574/3063 3847/1573/3063
f 3848/1572/3064 3849/1574/3064 3736/1494/2962
f 3733/1491/3065 3850/1573/3066 3851/1492/3066
f 3852/1492/3067 3853/1492/3067 3733/1491/2959
f 3854/1575/3068 3855/1576/3068 3737/1495/3069
f 3737/1495/2963 3739/1497/2965 3856/1575/3070
f 3857/1570/3071 3858/1575/3071 3739/1497/3072
f 3859/1576/3073 3860/1571/3073 3737/1495/3069
f 3744/1502/2970 3861/1381/3074 3862/1577/3074
f 3863/1577/3075 3743/1501/2969 3744/1502/2970
f 3615/1381/2841 3864/1381/3076 3744/1502/2970
f 3744/1502/2970 3613/1379/2839 3615/1381/2841
f 3865/1578/3077 3741/1499/2967 3743/1501/2969
f 3743/1501/3078 3866/1579/3079 3867/1578/3079
f 3743/1501/3078 3868/1577/3080 3869/1579/3080
f 3870/1580/3081 3740/1498/2966 3741/1499/2967
f 3741/1499/2967 3871/1581/3082 3872/1580/3082
f 3741/1499/2967 3873/1578/3083 3874/1581/3083
f 3875/1580/3084 3876/1569/3084 3740/1498/3085
f 3679/1445/2905 3626/1392/2852 3598/1364/2824
f 3605/1371/2831 3626/1392/2852 3679/1445/2905
f 3625/1391/2851 3605/1371/2831 3679/1445/2905
f 3723/1486/2949 3622/1388/2848 3725/1487/2951
f 3721/1484/2947 3877/1484/3086 3696/1460/2922
f 3696/1460/2922 3878/1459/3087 3721/1484/2947
f 3671/1437/2897 3670/1436/2896 3877/1484/3086
f 3877/1484/3086 3721/1484/2947 3671/1437/2897
f 3879/1582/3088 3880/1481/3088 3881/1583/3089
f 3881/1583/3089 3882/1481/3090 3661/1427/2887
f 3881/1583/3089 3661/1427/2887 3645/1411/2871
f 3881/1583/3089 3645/1411/2871 3663/1429/2889
f 3883/1297/2702 3884/1298/2703 3885/1299/3091
f 3883/1297/2702 3885/1299/3091 3886/1300/2705
f 3886/1300/2705 3887/1301/2706 3883/1297/2702
f 3886/1300/2705 3888/1302/2707 3887/1301/2706
f 3887/1301/2706 3888/1302/2707 3889/1303/2629
f 3889/1303/2629 3890/1304/2630 3887/1301/2706
f 3889/1303/2629 3891/1305/2631 3890/1304/2630
f 3892/1306/2632 3889/1303/2629 3888/1302/2707
f 3889/1303/2629 3893/1307/3092 3891/1305/2631
f 3889/1303/2629 3892/1306/2632 3893/1307/3092
f 3894/1308/2634 3895/1309/3093 3896/1310/3094
f 3894/1308/2634 3896/1310/3094 3897/1311/2637
f 3894/1308/2634 3898/1312/2638 3895/1309/3093
f 3899/1313/2639 3894/1308/2634 3897/1311/2637
f 3899/1313/2639 3897/1311/2637 3900/1314/2640
f 3899/1313/2639 3898/1312/2638 3894/1308/2634
f 3898/1312/2638 3899/1313/2639 3901/1315/2712
f 3901/1315/2712 3902/1316/2642 3898/1312/2638
f 3902/1316/2642 3903/1317/2643 3904/1318/3095
f 3902/1316/2642 3901/1315/2712 3903/1317/2643
f 3900/1314/2640 3901/1315/2712 3899/1313/2639
f 3901/1315/2712 3905/1319/2645 3903/1317/2643
f 3901/1315/2712 3900/1314/2640 3905/1319/2645
f 3906/1320/2646 3907/1321/2647 3908/1322/2648
f 3909/1323/3096 3884/1298/2703 3883/1297/2702
f 3910/1324/3097 3895/1309/3093 3898/1312/2638
f 3895/1309/3093 3910/1324/3097 3911/1325/2651
f 3905/1319/2645 3912/1326/2652 3913/1327/3098
f 3912/1326/2652 3905/1319/2645 3900/1314/2640
f 3900/1314/2640 3914/1328/2654 3912/1326/2652
f 3914/1328/2654 3900/1314/2640 3897/1311/2637
f 3892/1306/2632 3914/1328/2654 3897/1311/2637
f 3914/1328/2654 3892/1306/2632 3915/1329/2655
f 3892/1306/2632 3916/1330/3099 3915/1329/2655
f 3916/1330/3099 3892/1306/2632 3888/1302/2707
f 3886/1300/2705 3916/1330/3099 3888/1302/2707
f 3916/1330/3099 3886/1300/2705 3917/1331/2719
f 3885/1299/3091 3917/1331/2719 3886/1300/2705
f 3917/1331/2719 3885/1299/3091 3918/1332/3100
f 3918/1332/3100 3885/1299/3091 3919/1333/3101
f 3902/1316/2642 3906/1320/2646 3908/1322/2648
f 3906/1320/2646 3902/1316/2642 3904/1318/3095
f 3920/1334/2660 3921/1335/3102 3922/1336/3103
f 3923/1337/3104 3920/1334/2660 3922/1336/3103
f 3920/1334/2660 3923/1337/3104 3924/1338/2664
f 3925/1339/2665 3924/1338/2664 3923/1337/3104
f 3912/1326/2652 3922/1336/3103 3913/1327/3098
f 3922/1336/3103 3912/1326/2652 3923/1337/3104
f 3914/1328/2654 3923/1337/3104 3912/1326/2652
f 3923/1337/3104 3914/1328/2654 3925/1339/2665
f 3914/1328/2654 3926/1340/2666 3925/1339/2665
f 3926/1340/2666 3914/1328/2654 3915/1329/2655
f 3916/1330/3099 3926/1340/2666 3915/1329/2655
f 3926/1340/2666 3916/1330/3099 3927/1341/2667
f 3916/1330/3099 3928/1342/2668 3927/1341/2667
f 3928/1342/2668 3916/1330/3099 3917/1331/2719
f 3917/1331/2719 3929/1343/2669 3928/1342/2668
f 3929/1343/2669 3917/1331/2719 3918/1332/3100
f 3930/1333/3105 3929/1343/2669 3918/1332/3100
f 3931/1344/2724 3884/1298/2703 3909/1323/3096
f 3909/1323/3096 3883/1297/2702 3887/1301/2706
f 3887/1301/2706 3932/1345/3106 3909/1323/3096
f 3909/1323/3096 3932/1345/3106 3933/1346/3107
f 3934/1346/3108 3935/1344/3108 3909/1323/3109
f 3932/1345/3110 3936/1347/3111 3937/1346/3111
f 3938/1348/3112 3939/1347/3113 3932/1345/3106
f 3887/1301/2706 3940/1349/2733 3932/1345/3106
f 3940/1349/2733 3938/1348/3112 3932/1345/3106
f 3940/1349/2733 3887/1301/2706 3890/1304/2630
f 3891/1305/2631 3940/1349/2733 3890/1304/2630
f 3940/1349/2733 3891/1305/2631 3941/1350/2680
f 3941/1350/2680 3938/1348/3112 3940/1349/2733
f 3941/1350/2680 3942/1347/3114 3938/1348/3112
f 3943/1347/2682 3941/1350/2683 3944/1351/2682
f 3891/1305/2631 3945/1352/2684 3941/1350/2680
f 3945/1352/2684 3891/1305/2631 3896/1310/3094
f 3941/1350/2680 3945/1352/2684 3946/1351/3115
f 3947/1351/3116 3945/1352/3117 3948/1353/3116
f 3896/1310/3094 3911/1325/2651 3945/1352/2684
f 3911/1325/2651 3949/1354/2688 3945/1352/2684
f 3911/1325/2651 3896/1310/3094 3895/1309/3093
f 3911/1325/2651 3910/1324/3097 3949/1354/2688
f 3949/1354/2689 3950/1355/3118 3951/1353/3118
f 3910/1324/3097 3952/1355/3119 3949/1354/2688
f 3953/1355/2692 3910/1324/2693 3954/1356/2692
f 3908/1322/2648 3955/1356/3120 3910/1324/3097
f 3956/1356/3121 3908/1322/2648 3907/1321/2647
f 3898/1312/2638 3908/1322/2648 3910/1324/3097
f 3908/1322/2648 3898/1312/2638 3902/1316/2642
f 3957/1353/2696 3945/1352/2684 3949/1354/2688
f 3897/1311/2637 3896/1310/3094 3892/1306/2632
f 3896/1310/3094 3893/1307/3092 3892/1306/2632
f 3896/1310/3094 3891/1305/2631 3893/1307/3092
s 0
f 3958/1357/3122 3959/1358/3122 3960/1359/3122
f 3961/1359/3123 3962/1360/3123 3963/1357/3123
f 3964/1358/2699 3965/1361/2699 3966/1359/2699
s 1
f 3967/1357/2700 3968/1360/2700 3969/1362/2700
s 0
f 3970/1362/3124 3971/1363/3124 3972/1357/3124
s 1
f 3973/1584/3125 3974/1585/3125 3975/1586/3125
s 0
f 3976/1585/3126 3977/1584/3126 3978/1587/3126
f 3979/1588/3127 3980/1589/3127 3981/1590/3127
f 3982/1589/3128 3983/1588/3128 3984/1586/3128
f 3985/1586/3129 3986/1585/3129 3987/1589/3129
f 3988/1591/3130 3989/1587/3130 3990/1584/3130
f 3991/1587/3131 3992/1591/3131 3993/1592/3131
f 3994/1593/3132 3995/1592/3132 3996/1591/3132
f 3997/1591/3133 3998/1594/3133 3999/1593/3133
s 1
f 3695/1459/2921 3698/1462/2924 3720/1483/2946
f 3695/1459/2921 3720/1483/2946 3721/1484/2947
f 3670/1436/2896 3715/1478/2941 3696/1460/2922
f 3696/1460/2922 3877/1484/3086 3670/1436/2896
f 3662/1428/2888 3694/1458/2920 3696/1460/2922
f 3696/1460/2922 3881/1583/3089 3662/1428/2888
f 3662/1428/2888 3881/1583/3089 3663/1429/2889
f 3616/1382/2842 3618/1384/2844 3881/1583/3089
f 3881/1583/3089 3715/1478/2941 3616/1382/2842
f 3616/1382/2842 3715/1478/2941 3716/1479/2942
f 3696/1460/2922 3715/1478/2941 3881/1583/3089
f 3217/1229/2531 3184/1196/2498 3183/1195/2497
s 0
f 4000/1154/3134 4001/1595/3134 4002/1596/3134
f 4003/1596/3135 4004/1151/3135 4005/1154/3135
f 4006/1597/3136 4007/1598/3136 4008/1596/3136
f 4009/1596/3137 4010/1595/3137 4011/1597/3137
s 1
f 4012/1085/3138 4013/1088/3139 4014/1087/3140
f 4014/1087/3140 4015/1086/3141 4012/1085/3138
f 4016/1089/3142 4013/1088/3139 4012/1085/3138
f 4012/1085/3138 4017/1090/3143 4016/1089/3142
f 4018/1091/3144 4019/1094/3145 4020/1093/3146
f 4020/1093/3146 4021/1092/3147 4018/1091/3144
f 4022/1095/3148 4023/1098/3149 4024/1097/3150
f 4024/1097/3150 4025/1096/3151 4022/1095/3148
f 4026/1099/3152 4027/1102/3153 4028/1101/3154
f 4028/1101/3154 4029/1100/3155 4026/1099/3152
f 4017/1090/3143 4030/1104/3156 4031/1103/3157
f 4031/1103/3157 4016/1089/3142 4017/1090/3143
f 4032/1105/3158 4033/1106/3159 4018/1091/3144
f 4018/1091/3144 4021/1092/3147 4032/1105/3158
f 4025/1096/3151 4034/1108/3160 4035/1107/3161
f 4035/1107/3161 4022/1095/3148 4025/1096/3151
f 4036/1109/3162 4037/1110/3163 4026/1099/3152
f 4026/1099/3152 4029/1100/3155 4036/1109/3162
f 4013/1088/3139 4020/1093/3146 4038/1111/3164
f 4038/1111/3164 4014/1087/3140 4013/1088/3139
f 4012/1085/3138 4015/1086/3141 4039/1112/3165
f 4040/1112/3166 4027/1102/3153 4012/1085/3138
f 4021/1092/3147 4020/1093/3146 4013/1088/3139
f 4013/1088/3139 4016/1089/3142 4021/1092/3147
f 4027/1102/3153 4026/1099/3152 4017/1090/3143
f 4017/1090/3143 4012/1085/3138 4027/1102/3153
f 4029/1100/3155 4028/1101/3154 4041/1098/3167
f 4041/1098/3167 4022/1095/3148 4029/1100/3155
f 4042/1113/3168 4043/1114/3168 4025/1096/3169
f 4025/1096/3151 4044/1097/3170 4045/1113/3170
f 4026/1099/3152 4037/1110/3163 4030/1104/3156
f 4030/1104/3156 4017/1090/3143 4026/1099/3152
f 4031/1103/3157 4032/1105/3158 4021/1092/3147
f 4021/1092/3147 4016/1089/3142 4031/1103/3157
f 4046/1114/3171 4047/1115/3171 4034/1108/3172
f 4034/1108/3160 4025/1096/3151 4048/1114/3173
f 4035/1107/3161 4036/1109/3162 4029/1100/3155
f 4029/1100/3155 4022/1095/3148 4035/1107/3161
f 4049/1116/3174 4050/1119/3175 4051/1118/3176
f 4051/1118/3176 4052/1117/3177 4049/1116/3174
f 4053/1120/3178 4054/1122/3179 4055/1121/3180
f 4056/1123/3181 4057/1126/3182 4058/1125/3183
f 4058/1125/3183 4059/1124/3184 4056/1123/3181
f 4060/1127/3185 4061/1129/3186 4062/1128/3187
f 4053/1120/3178 4049/1116/3174 4052/1117/3177
f 4052/1117/3177 4054/1122/3179 4053/1120/3178
f 4051/1118/3176 4050/1119/3175 4063/1131/3188
f 4063/1131/3188 4064/1130/3189 4051/1118/3176
f 4060/1127/3185 4056/1123/3181 4059/1124/3184
f 4059/1124/3184 4061/1129/3186 4060/1127/3185
f 4058/1125/3183 4057/1126/3182 4065/1133/3190
f 4065/1133/3190 4066/1132/3191 4058/1125/3183
f 4031/1103/3157 4030/1104/3156 4067/1135/3192
f 4067/1135/3192 4068/1134/3193 4031/1103/3157
f 4050/1119/3175 4049/1116/3174 4068/1134/3193
f 4068/1134/3193 4067/1135/3192 4050/1119/3175
f 4069/1136/3194 4070/1138/3195 4055/1121/3180
f 4055/1121/3180 4071/1137/3196 4069/1136/3194
f 4072/1139/3197 4070/1138/3195 4032/1105/3158
f 4035/1107/3161 4034/1108/3160 4073/1141/3198
f 4073/1141/3198 4074/1140/3199 4035/1107/3161
f 4057/1126/3182 4056/1123/3181 4074/1140/3199
f 4074/1140/3199 4073/1141/3198 4057/1126/3182
f 4075/1142/3200 4062/1128/3187 4076/1144/3201
f 4076/1144/3201 4077/1143/3202 4075/1142/3200
f 4078/1145/3203 4075/1142/3200 4036/1109/3162
f 4030/1104/3156 4037/1110/3163 4079/1146/3204
f 4079/1146/3204 4067/1135/3192 4030/1104/3156
f 4079/1146/3204 4063/1131/3188 4050/1119/3175
f 4050/1119/3175 4067/1135/3192 4079/1146/3204
f 4049/1116/3174 4053/1120/3178 4072/1139/3197
f 4072/1139/3197 4068/1134/3193 4049/1116/3174
f 4072/1139/3197 4032/1105/3158 4031/1103/3157
f 4031/1103/3157 4068/1134/3193 4072/1139/3197
f 4034/1108/3160 4080/1115/3205 4081/1147/3206
f 4081/1147/3206 4073/1141/3198 4034/1108/3160
f 4065/1133/3190 4057/1126/3182 4073/1141/3198
f 4073/1141/3198 4081/1147/3206 4065/1133/3190
f 4074/1140/3199 4056/1123/3181 4060/1127/3185
f 4060/1127/3185 4078/1145/3203 4074/1140/3199
f 4078/1145/3203 4036/1109/3162 4035/1107/3161
f 4035/1107/3161 4074/1140/3199 4078/1145/3203
f 4078/1145/3203 4060/1127/3185 4062/1128/3187
f 4062/1128/3187 4075/1142/3200 4078/1145/3203
f 4063/1131/3188 4079/1146/3204 4077/1143/3202
f 4077/1143/3202 4076/1144/3201 4063/1131/3188
f 4070/1138/3195 4072/1139/3197 4053/1120/3178
f 4053/1120/3178 4055/1121/3180 4070/1138/3195
f 4071/1137/3207 4082/1149/3208 4083/1148/3208
f 4084/1148/3209 4069/1136/3194 4071/1137/3196
f 4076/1144/3201 4064/1130/3189 4063/1131/3188
f 4064/1130/3189 4076/1144/3201 4062/1128/3187
f 4062/1128/3187 4061/1129/3186 4064/1130/3189
f 4077/1143/3202 4037/1110/3163 4036/1109/3162
f 4036/1109/3162 4075/1142/3200 4077/1143/3202
f 4037/1110/3163 4077/1143/3202 4079/1146/3204
f 4071/1137/3207 4085/1150/3210 4086/1149/3210
f 4071/1137/3196 4055/1121/3180 4054/1122/3179
f 4054/1122/3179 4087/1150/3211 4071/1137/3196
f 4033/1106/3159 4032/1105/3158 4070/1138/3195
f 4070/1138/3195 4069/1136/3194 4033/1106/3159
f 4033/1106/3159 4069/1136/3194 4088/1148/3212
s 0
f 4089/1151/3213 4090/1154/3213 4091/1153/3213
f 4092/1153/3214 4093/1152/3214 4094/1151/3214
s 1
f 4095/1155/3215 4096/1158/3216 4097/1157/3217
f 4097/1157/3217 4098/1156/3218 4095/1155/3215
f 4099/1159/3219 4100/1162/3220 4101/1161/3221
f 4101/1161/3221 4102/1160/3222 4099/1159/3219
f 4103/1163/3223 4104/1166/3224 4105/1165/3225
f 4105/1165/3225 4106/1164/3226 4103/1163/3223
s 0
f 4107/1167/3227 4108/1170/3227 4109/1169/3227
s 1
f 4109/1169/3228 4110/1168/3229 4107/1167/3228
f 4111/1171/3230 4112/1172/3231 4113/1165/3231
f 4114/1165/3232 4104/1166/3224 4111/1171/3230
f 4115/1167/3233 4110/1168/3229 4116/1172/3234
f 4116/1172/3234 4111/1171/3235 4115/1167/3233
f 4103/1163/3236 4117/1164/3237 4118/1174/3238
f 4118/1174/3238 4119/1173/3239 4103/1163/3236
f 4120/1175/3240 4121/1178/3241 4122/1177/3240
s 0
f 4122/1177/3242 4123/1176/3242 4120/1175/3242
s 1
f 4119/1173/3243 4124/1174/3244 4121/1178/3245
f 4121/1178/3245 4125/1175/3246 4119/1173/3243
f 4126/1179/3247 4127/1182/3248 4128/1181/3249
f 4128/1181/3249 4129/1180/3250 4126/1179/3247
f 4130/1183/3251 4131/1186/3252 4132/1185/3253
f 4132/1185/3253 4133/1184/3254 4130/1183/3251
f 4134/1187/3255 4135/1190/3256 4136/1189/3257
f 4136/1189/3257 4137/1188/3258 4134/1187/3255
f 4138/1191/3259 4139/1194/3260 4140/1193/3261
f 4140/1193/3261 4141/1192/3262 4138/1191/3259
f 4142/1195/3263 4143/1198/3264 4144/1197/3265
f 4144/1197/3265 4145/1196/3266 4142/1195/3263
f 4146/1199/3267 4147/1202/3268 4148/1201/3269
f 4148/1201/3269 4149/1200/3270 4146/1199/3267
f 4150/1203/3271 4151/1206/3272 4152/1205/3273
f 4152/1205/3273 4153/1204/3274 4150/1203/3271
f 4154/1207/3275 4155/1210/3276 4156/1209/3277
f 4156/1209/3277 4157/1208/3278 4154/1207/3275
f 4158/1211/3279 4159/1214/3280 4160/1213/3281
f 4160/1213/3281 4161/1212/3282 4158/1211/3279
f 4162/1215/3283 4163/1218/3284 4164/1217/3285
f 4164/1217/3285 4165/1216/3286 4162/1215/3283
f 4166/1219/3287 4150/1203/3271 4153/1204/3274
f 4153/1204/3274 4167/1220/3288 4166/1219/3287
f 4157/1208/3278 4156/1209/3277 4168/1222/3289
f 4168/1222/3289 4169/1221/3290 4157/1208/3278
f 4133/1184/3254 4159/1214/3280 4158/1211/3279
f 4158/1211/3279 4130/1183/3251 4133/1184/3254
f 4162/1215/3283 4165/1216/3286 4170/1224/3291
f 4170/1224/3291 4171/1223/3292 4162/1215/3283
f 4134/1187/3255 4137/1188/3258 4172/1226/3293
f 4172/1226/3293 4173/1225/3294 4134/1187/3255
f 4141/1192/3262 4174/1228/3295 4175/1227/3296
f 4175/1227/3296 4138/1191/3259 4141/1192/3262
f 4176/1229/3297 4145/1196/3266 4177/1230/3298
f 4178/1231/3299 4179/1232/3300 4146/1199/3267
f 4146/1199/3267 4149/1200/3270 4178/1231/3299
f 4172/1226/3293 4152/1205/3273 4151/1206/3272
f 4151/1206/3272 4173/1225/3294 4172/1226/3293
f 4155/1210/3276 4154/1207/3275 4175/1227/3296
f 4175/1227/3296 4174/1228/3295 4155/1210/3276
f 4177/1230/3298 4161/1212/3282 4160/1213/3281
f 4160/1213/3281 4176/1229/3297 4177/1230/3298
f 4164/1217/3285 4163/1218/3284 4179/1232/3300
f 4179/1232/3300 4178/1231/3299 4164/1217/3285
f 4127/1182/3248 4180/1234/3301 4181/1233/3248
f 4181/1233/3248 4128/1181/3249 4127/1182/3248
f 4129/1180/3250 4182/1236/3302 4183/1235/3303
f 4183/1235/3303 4126/1179/3247 4129/1180/3250
f 4169/1221/3290 4184/1237/3304 4131/1186/3252
f 4131/1186/3252 4130/1183/3251 4169/1221/3290
f 4185/1238/3305 4170/1224/3291 4133/1184/3254
f 4133/1184/3254 4132/1185/3253 4186/1238/3306
f 4187/1239/3307 4188/1240/3307 4135/1190/3256
f 4135/1190/3256 4134/1187/3255 4187/1239/3307
f 4147/1202/3268 4146/1199/3267 4137/1188/3258
f 4137/1188/3258 4136/1189/3257 4147/1202/3268
f 4149/1200/3270 4148/1201/3269 4143/1198/3264
f 4143/1198/3264 4142/1195/3263 4149/1200/3270
f 4139/1194/3260 4138/1191/3259 4145/1196/3266
f 4145/1196/3266 4144/1197/3265 4139/1194/3260
f 4189/1241/3308 4190/1242/3308 4151/1206/3272
f 4151/1206/3272 4150/1203/3271 4191/1241/3309
f 4152/1205/3273 4163/1218/3284 4162/1215/3283
f 4162/1215/3283 4153/1204/3274 4152/1205/3273
f 4165/1216/3286 4164/1217/3285 4160/1213/3281
f 4160/1213/3281 4159/1214/3280 4165/1216/3286
f 4161/1212/3282 4154/1207/3275 4157/1208/3278
f 4157/1208/3278 4158/1211/3279 4161/1212/3282
f 4192/1243/3310 4193/1241/3310 4150/1203/3311
f 4150/1203/3311 4194/1219/3312 4195/1243/3312
f 4153/1204/3274 4162/1215/3283 4171/1223/3292
f 4171/1223/3292 4196/1220/3313 4153/1204/3274
f 4170/1224/3291 4165/1216/3286 4159/1214/3280
f 4159/1214/3280 4133/1184/3254 4170/1224/3291
f 4158/1211/3279 4157/1208/3278 4169/1221/3290
f 4169/1221/3290 4130/1183/3251 4158/1211/3279
f 4146/1199/3267 4179/1232/3300 4172/1226/3293
f 4172/1226/3293 4137/1188/3258 4146/1199/3267
f 4173/1225/3314 4197/1244/3315 4198/1239/3315
f 4199/1239/3316 4134/1187/3255 4173/1225/3294
f 4138/1191/3259 4175/1227/3296 4177/1230/3298
f 4177/1230/3298 4145/1196/3266 4138/1191/3259
f 4176/1229/3297 4178/1231/3299 4149/1200/3270
f 4149/1200/3270 4142/1195/3263 4176/1229/3297
f 4179/1232/3300 4163/1218/3284 4152/1205/3273
f 4152/1205/3273 4172/1226/3293 4179/1232/3300
f 4200/1242/3317 4201/1244/3318 4173/1225/3294
f 4173/1225/3294 4151/1206/3272 4200/1242/3317
f 4175/1227/3296 4154/1207/3275 4161/1212/3282
f 4161/1212/3282 4177/1230/3298 4175/1227/3296
f 4164/1217/3285 4178/1231/3299 4176/1229/3297
f 4176/1229/3297 4160/1213/3281 4164/1217/3285
f 4136/1189/3257 4135/1190/3256 4202/1246/3319
f 4202/1246/3319 4203/1245/3320 4136/1189/3257
f 4144/1197/3265 4143/1198/3264 4204/1248/3321
f 4204/1248/3321 4205/1247/3322 4144/1197/3265
f 4206/1246/3323 4135/1190/3324 4207/1240/3323
s 0
f 4208/1240/3325 4209/1249/3325 4210/1246/3325
s 1
f 4139/1194/3260 4144/1197/3265 4211/1247/3326
f 4212/1247/3327 4213/1250/3327 4139/1194/3260
f 4214/1248/3328 4143/1198/3264 4148/1201/3269
f 4148/1201/3329 4215/1251/3330 4216/1248/3330
f 4147/1202/3268 4136/1189/3257 4217/1245/3331
f 4218/1245/3332 4219/1252/3332 4147/1202/3333
f 4220/1253/3334 4221/1256/3335 4222/1255/3336
f 4222/1255/3336 4223/1254/3337 4220/1253/3334
f 4224/1257/3338 4225/1258/3339 4221/1256/3335
f 4221/1256/3335 4220/1253/3334 4224/1257/3338
f 4226/1259/3340 4227/1260/3341 4225/1258/3339
f 4225/1258/3339 4224/1257/3338 4226/1259/3340
f 4228/1261/3342 4229/1262/3343 4227/1260/3341
f 4227/1260/3341 4226/1259/3340 4228/1261/3342
f 4222/1255/3336 4221/1256/3335 4230/1264/3344
f 4230/1264/3344 4231/1263/3345 4222/1255/3336
f 4225/1258/3339 4227/1260/3341 4232/1266/3346
f 4232/1266/3346 4233/1265/3347 4225/1258/3339
f 4234/1267/3348 4235/1270/3349 4236/1269/3350
f 4236/1269/3350 4237/1268/3351 4234/1267/3348
f 4238/1271/3352 4239/1274/3353 4240/1273/3354
f 4240/1273/3354 4241/1272/3355 4238/1271/3352
f 4242/1275/3356 4243/1276/3357 4235/1270/3349
f 4235/1270/3349 4234/1267/3348 4242/1275/3356
f 4239/1274/3353 4244/1278/3358 4245/1277/3359
f 4245/1277/3359 4240/1273/3354 4239/1274/3353
f 4246/1280/3360 4243/1276/3357 4247/1279/3361
f 4247/1279/3361 4248/1281/3362 4246/1280/3360
f 4237/1268/3351 4236/1269/3350 4249/1283/3363
f 4249/1283/3363 4250/1282/3364 4237/1268/3351
f 4251/1285/3365 4252/1284/3366 4249/1283/3363
f 4249/1283/3363 4253/1286/3367 4251/1285/3365
f 4251/1285/3365 4238/1271/3352 4241/1272/3355
f 4241/1272/3355 4252/1284/3366 4251/1285/3365
f 4233/1265/3347 4230/1264/3344 4221/1256/3335
f 4221/1256/3335 4225/1258/3339 4233/1265/3347
f 4254/1287/3343 4232/1266/3346 4227/1260/3341
f 4227/1260/3341 4229/1262/3343 4254/1287/3343
f 4255/1251/3368 4148/1201/3269 4147/1202/3268
f 4147/1202/3369 4256/1252/3370 4257/1251/3370
f 4258/1288/3371 4140/1193/3261 4139/1194/3260
f 4139/1194/3260 4259/1250/3372 4260/1288/3372
f 4098/1156/3218 4261/1159/3373 4262/1162/3373
f 4263/1162/3374 4095/1155/3215 4098/1156/3218
s 0
f 4264/1159/3375 4265/1160/3375 4266/1161/3375
f 4267/1161/3376 4268/1162/3376 4269/1159/3376
s 1
f 4270/1156/3377 4271/1155/3377 4100/1162/3378
f 4100/1162/3220 4099/1159/3219 4272/1156/3379
s 0
f 4273/1157/3380 4274/1158/3380 4275/1155/3380
f 4276/1155/3381 4277/1156/3381 4278/1157/3381
s 1
f 4279/1289/3382 4280/1291/3383 4281/1290/3384
f 4280/1291/3383 4279/1289/3382 4282/1292/3385
f 4283/1293/3386 4284/1295/3387 4285/1294/3388
f 4284/1295/3387 4283/1293/3386 4286/1296/3389
f 4281/1290/3384 4280/1291/3383 4286/1296/3389
f 4286/1296/3389 4283/1293/3386 4281/1290/3384
f 4287/1297/3390 4288/1299/3391 4289/1298/3392
f 4287/1297/3390 4290/1301/3393 4291/1300/3394
f 4291/1300/3394 4288/1299/3391 4287/1297/3390
f 4291/1300/3394 4290/1301/3393 4292/1302/3395
f 4290/1301/3393 4293/1303/3396 4292/1302/3395
f 4293/1303/3396 4290/1301/3393 4294/1304/3397
f 4293/1303/3396 4294/1304/3397 4295/1305/3398
f 4296/1306/3399 4292/1302/3395 4293/1303/3396
f 4293/1303/3396 4295/1305/3398 4297/1307/3400
f 4293/1303/3396 4297/1307/3400 4296/1306/3399
f 4298/1308/3401 4299/1310/3402 4300/1309/3403
f 4298/1308/3401 4301/1311/3404 4299/1310/3402
f 4298/1308/3401 4300/1309/3403 4302/1312/3405
f 4303/1313/3406 4301/1311/3404 4298/1308/3401
f 4303/1313/3406 4304/1314/3407 4301/1311/3404
f 4303/1313/3406 4298/1308/3401 4302/1312/3405
f 4302/1312/3405 4305/1315/3408 4303/1313/3406
f 4305/1315/3408 4302/1312/3405 4306/1316/3409
f 4306/1316/3409 4307/1318/3410 4308/1317/3411
f 4306/1316/3409 4308/1317/3411 4305/1315/3408
f 4304/1314/3407 4303/1313/3406 4305/1315/3408
f 4305/1315/3408 4308/1317/3411 4309/1319/3412
f 4305/1315/3408 4309/1319/3412 4304/1314/3407
f 4310/1320/3413 4311/1322/3414 4312/1321/3415
f 4313/1323/3416 4287/1297/3390 4289/1298/3392
f 4314/1324/3417 4302/1312/3405 4300/1309/3403
f 4300/1309/3403 4315/1325/3418 4314/1324/3417
f 4309/1319/3412 4316/1327/3419 4317/1326/3420
f 4317/1326/3420 4304/1314/3407 4309/1319/3412
f 4304/1314/3407 4317/1326/3420 4318/1328/3421
f 4318/1328/3421 4301/1311/3404 4304/1314/3407
f 4296/1306/3399 4301/1311/3404 4318/1328/3421
f 4318/1328/3421 4319/1329/3422 4296/1306/3399
f 4296/1306/3399 4319/1329/3422 4320/1330/3423
f 4320/1330/3423 4292/1302/3395 4296/1306/3399
f 4291/1300/3394 4292/1302/3395 4320/1330/3423
f 4320/1330/3423 4321/1331/3424 4291/1300/3394
f 4288/1299/3391 4291/1300/3394 4321/1331/3424
f 4321/1331/3424 4322/1332/3425 4288/1299/3391
f 4322/1332/3425 4323/1333/3426 4288/1299/3391
f 4306/1316/3409 4311/1322/3414 4310/1320/3413
f 4310/1320/3413 4307/1318/3410 4306/1316/3409
f 4324/1334/3427 4325/1336/3428 4326/1335/3429
f 4327/1337/3430 4325/1336/3428 4324/1334/3427
f 4324/1334/3427 4328/1338/3431 4327/1337/3430
f 4329/1339/3432 4327/1337/3430 4328/1338/3431
f 4317/1326/3420 4316/1327/3419 4325/1336/3428
f 4325/1336/3428 4327/1337/3430 4317/1326/3420
f 4318/1328/3421 4317/1326/3420 4327/1337/3430
f 4327/1337/3430 4329/1339/3432 4318/1328/3421
f 4318/1328/3421 4329/1339/3432 4330/1340/3433
f 4330/1340/3433 4319/1329/3422 4318/1328/3421
f 4320/1330/3423 4319/1329/3422 4330/1340/3433
f 4330/1340/3433 4331/1341/3434 4320/1330/3423
f 4320/1330/3423 4331/1341/3434 4332/1342/3435
f 4332/1342/3435 4321/1331/3424 4320/1330/3423
f 4321/1331/3424 4332/1342/3435 4333/1343/3436
f 4333/1343/3436 4322/1332/3425 4321/1331/3424
f 4334/1333/3437 4322/1332/3425 4333/1343/3436
f 4335/1344/3438 4313/1323/3416 4289/1298/3392
f 4313/1323/3416 4336/1345/3439 4290/1301/3393
f 4290/1301/3393 4287/1297/3390 4313/1323/3416
f 4313/1323/3440 4337/1344/3441 4338/1346/3441
f 4339/1346/3442 4336/1345/3439 4313/1323/3416
f 4336/1345/3443 4340/1346/3444 4341/1347/3444
f 4342/1348/3445 4336/1345/3439 4343/1347/3446
f 4290/1301/3393 4336/1345/3439 4344/1349/3447
f 4344/1349/3447 4336/1345/3439 4342/1348/3445
f 4344/1349/3447 4294/1304/3397 4290/1301/3393
f 4295/1305/3398 4294/1304/3397 4344/1349/3447
f 4344/1349/3447 4345/1350/3448 4295/1305/3398
f 4345/1350/3448 4344/1349/3447 4342/1348/3445
f 4345/1350/3448 4342/1348/3445 4346/1347/3449
f 4347/1347/3450 4348/1351/3450 4345/1350/3448
f 4295/1305/3398 4345/1350/3448 4349/1352/3451
f 4349/1352/3451 4299/1310/3402 4295/1305/3398
f 4345/1350/3448 4350/1351/3452 4349/1352/3451
f 4351/1351/3453 4352/1353/3453 4349/1352/3454
f 4299/1310/3402 4349/1352/3451 4315/1325/3418
f 4315/1325/3418 4349/1352/3451 4353/1354/3455
f 4315/1325/3418 4300/1309/3403 4299/1310/3402
f 4315/1325/3418 4353/1354/3455 4314/1324/3417
f 4353/1354/3456 4354/1353/3457 4355/1355/3457
f 4314/1324/3417 4353/1354/3455 4356/1355/3458
f 4357/1355/3459 4358/1356/3459 4314/1324/3460
f 4311/1322/3414 4314/1324/3417 4359/1356/3461
f 4360/1356/3462 4312/1321/3415 4311/1322/3414
f 4302/1312/3405 4314/1324/3417 4311/1322/3414
f 4311/1322/3414 4306/1316/3409 4302/1312/3405
f 4361/1353/3463 4353/1354/3455 4349/1352/3451
f 4301/1311/3404 4296/1306/3399 4299/1310/3402
f 4299/1310/3402 4296/1306/3399 4297/1307/3400
f 4299/1310/3402 4297/1307/3400 4295/1305/3398
s 0
f 4362/1357/3464 4363/1360/3464 4364/1359/3464
f 4365/1359/3465 4366/1358/3465 4367/1357/3465
f 4368/1358/3466 4369/1359/3466 4370/1361/3466
f 4371/1357/3467 4372/1363/3467 4373/1362/3467
f 4374/1362/3468 4375/1360/3468 4376/1357/3468
s 1
f 4377/1297/3469 4378/1299/3470 4379/1298/3471
f 4377/1297/3469 4380/1301/3472 4381/1300/3473
f 4381/1300/3473 4378/1299/3470 4377/1297/3469
f 4381/1300/3473 4380/1301/3472 4382/1302/3474
f 4380/1301/3472 4383/1303/3475 4382/1302/3474
f 4383/1303/3475 4380/1301/3472 4384/1304/3397
f 4383/1303/3475 4384/1304/3397 4385/1305/3476
f 4386/1306/3399 4382/1302/3474 4383/1303/3475
f 4383/1303/3475 4385/1305/3476 4387/1307/3477
f 4383/1303/3475 4387/1307/3477 4386/1306/3399
f 4388/1308/3401 4389/1310/3478 4390/1309/3403
f 4388/1308/3401 4391/1311/3404 4389/1310/3478
f 4388/1308/3401 4390/1309/3403 4392/1312/3479
f 4393/1313/3406 4391/1311/3404 4388/1308/3401
f 4393/1313/3406 4394/1314/3407 4391/1311/3404
f 4393/1313/3406 4388/1308/3401 4392/1312/3479
f 4392/1312/3479 4395/1315/3408 4393/1313/3406
f 4395/1315/3408 4392/1312/3479 4396/1316/3409
f 4396/1316/3409 4397/1318/3410 4398/1317/3411
f 4396/1316/3409 4398/1317/3411 4395/1315/3408
f 4394/1314/3407 4393/1313/3406 4395/1315/3408
f 4395/1315/3408 4398/1317/3411 4399/1319/3412
f 4395/1315/3408 4399/1319/3412 4394/1314/3407
f 4400/1320/3413 4401/1322/3414 4402/1321/3415
f 4403/1323/3480 4377/1297/3469 4379/1298/3471
f 4404/1324/3417 4392/1312/3479 4390/1309/3403
f 4390/1309/3403 4405/1325/3418 4404/1324/3417
f 4399/1319/3412 4406/1327/3481 4407/1326/3482
f 4407/1326/3482 4394/1314/3407 4399/1319/3412
f 4394/1314/3407 4407/1326/3482 4408/1328/3421
f 4408/1328/3421 4391/1311/3404 4394/1314/3407
f 4386/1306/3399 4391/1311/3404 4408/1328/3421
f 4408/1328/3421 4409/1329/3483 4386/1306/3399
f 4386/1306/3399 4409/1329/3483 4410/1330/3484
f 4410/1330/3484 4382/1302/3474 4386/1306/3399
f 4381/1300/3473 4382/1302/3474 4410/1330/3484
f 4410/1330/3484 4411/1331/3485 4381/1300/3473
f 4378/1299/3470 4381/1300/3473 4411/1331/3485
f 4411/1331/3485 4412/1332/3486 4378/1299/3470
f 4412/1332/3486 4413/1333/3487 4378/1299/3470
f 4396/1316/3409 4401/1322/3414 4400/1320/3413
f 4400/1320/3413 4397/1318/3410 4396/1316/3409
f 4414/1334/3427 4415/1336/3428 4416/1335/3429
f 4417/1337/3430 4415/1336/3428 4414/1334/3427
f 4414/1334/3427 4418/1338/3488 4417/1337/3430
f 4419/1339/3489 4417/1337/3430 4418/1338/3488
f 4407/1326/3482 4406/1327/3481 4415/1336/3428
f 4415/1336/3428 4417/1337/3430 4407/1326/3482
f 4408/1328/3421 4407/1326/3482 4417/1337/3430
f 4417/1337/3430 4419/1339/3489 4408/1328/3421
f 4408/1328/3421 4419/1339/3489 4420/1340/3433
f 4420/1340/3433 4409/1329/3483 4408/1328/3421
f 4410/1330/3484 4409/1329/3483 4420/1340/3433
f 4420/1340/3433 4421/1341/3434 4410/1330/3484
f 4410/1330/3484 4421/1341/3434 4422/1342/3435
f 4422/1342/3435 4411/1331/3485 4410/1330/3484
f 4411/1331/3485 4422/1342/3435 4423/1343/3436
f 4423/1343/3436 4412/1332/3486 4411/1331/3485
f 4424/1333/3490 4412/1332/3486 4423/1343/3436
f 4425/1344/3491 4403/1323/3480 4379/1298/3471
f 4403/1323/3480 4426/1345/3492 4380/1301/3472
f 4380/1301/3472 4377/1297/3469 4403/1323/3480
f 4403/1323/3493 4427/1344/3494 4428/1346/3494
f 4429/1346/3495 4426/1345/3492 4403/1323/3480
f 4426/1345/3492 4430/1346/3496 4431/1347/3496
f 4432/1348/3497 4426/1345/3492 4433/1347/3498
f 4380/1301/3472 4426/1345/3492 4434/1349/3499
f 4434/1349/3499 4426/1345/3492 4432/1348/3497
f 4434/1349/3499 4384/1304/3397 4380/1301/3472
f 4385/1305/3476 4384/1304/3397 4434/1349/3499
f 4434/1349/3499 4435/1350/3500 4385/1305/3476
f 4435/1350/3500 4434/1349/3499 4432/1348/3497
f 4435/1350/3500 4432/1348/3497 4436/1347/3501
f 4437/1347/3450 4438/1351/3450 4435/1350/3448
f 4385/1305/3476 4435/1350/3500 4439/1352/3502
f 4439/1352/3502 4389/1310/3478 4385/1305/3476
f 4435/1350/3500 4440/1351/3503 4439/1352/3502
f 4441/1351/3504 4442/1353/3504 4439/1352/3454
f 4389/1310/3478 4439/1352/3502 4405/1325/3418
f 4405/1325/3418 4439/1352/3502 4443/1354/3505
f 4405/1325/3418 4390/1309/3403 4389/1310/3478
f 4405/1325/3418 4443/1354/3505 4404/1324/3417
f 4443/1354/3456 4444/1353/3506 4445/1355/3506
f 4404/1324/3417 4443/1354/3505 4446/1355/3507
f 4447/1355/3508 4448/1356/3508 4404/1324/3460
f 4401/1322/3414 4404/1324/3417 4449/1356/3509
f 4450/1356/3510 4402/1321/3415 4401/1322/3414
f 4392/1312/3479 4404/1324/3417 4401/1322/3414
f 4401/1322/3414 4396/1316/3409 4392/1312/3479
f 4451/1353/3511 4443/1354/3505 4439/1352/3502
f 4391/1311/3404 4386/1306/3399 4389/1310/3478
f 4389/1310/3478 4386/1306/3399 4387/1307/3477
f 4389/1310/3478 4387/1307/3477 4385/1305/3476
f 4452/1357/3512 4453/1360/3512 4454/1359/3512
s 0
f 4455/1359/3513 4456/1358/3513 4457/1357/3513
f 4458/1358/3514 4459/1359/3514 4460/1361/3514
s 1
f 4461/1357/3515 4462/1363/3515 4463/1362/3515
s 0
f 4464/1362/3516 4465/1360/3516 4466/1357/3516
s 1
f 4467/1297/3517 4468/1299/3518 4469/1298/3519
f 4467/1297/3517 4470/1301/3520 4471/1300/3521
f 4471/1300/3521 4468/1299/3518 4467/1297/3517
f 4471/1300/3521 4470/1301/3520 4472/1302/3522
f 4470/1301/3520 4473/1303/3523 4472/1302/3522
f 4473/1303/3523 4470/1301/3520 4474/1304/3524
f 4473/1303/3523 4474/1304/3524 4475/1305/3525
f 4476/1306/3526 4472/1302/3522 4473/1303/3523
f 4473/1303/3523 4475/1305/3525 4477/1307/3527
f 4473/1303/3523 4477/1307/3527 4476/1306/3526
f 4478/1308/3528 4479/1310/3529 4480/1309/3530
f 4478/1308/3528 4481/1311/3531 4479/1310/3529
f 4478/1308/3528 4480/1309/3530 4482/1312/3532
f 4483/1313/3533 4481/1311/3531 4478/1308/3528
f 4483/1313/3533 4484/1314/3534 4481/1311/3531
f 4483/1313/3533 4478/1308/3528 4482/1312/3532
f 4482/1312/3532 4485/1315/3535 4483/1313/3533
f 4485/1315/3535 4482/1312/3532 4486/1316/3536
f 4486/1316/3536 4487/1318/3537 4488/1317/3538
f 4486/1316/3536 4488/1317/3538 4485/1315/3535
f 4484/1314/3534 4483/1313/3533 4485/1315/3535
f 4485/1315/3535 4488/1317/3538 4489/1319/3539
f 4485/1315/3535 4489/1319/3539 4484/1314/3534
f 4490/1320/3540 4491/1322/3541 4492/1321/3542
f 4493/1323/3543 4467/1297/3517 4469/1298/3519
f 4494/1324/3544 4482/1312/3532 4480/1309/3530
f 4480/1309/3530 4495/1325/3545 4494/1324/3544
f 4489/1319/3539 4496/1327/3546 4497/1326/3547
f 4497/1326/3547 4484/1314/3534 4489/1319/3539
f 4484/1314/3534 4497/1326/3547 4498/1328/3548
f 4498/1328/3548 4481/1311/3531 4484/1314/3534
f 4476/1306/3526 4481/1311/3531 4498/1328/3548
f 4498/1328/3548 4499/1329/3549 4476/1306/3526
f 4476/1306/3526 4499/1329/3549 4500/1330/3550
f 4500/1330/3550 4472/1302/3522 4476/1306/3526
f 4471/1300/3521 4472/1302/3522 4500/1330/3550
f 4500/1330/3550 4501/1331/3551 4471/1300/3521
f 4468/1299/3518 4471/1300/3521 4501/1331/3551
f 4501/1331/3551 4502/1332/3552 4468/1299/3518
f 4502/1332/3552 4503/1333/3553 4468/1299/3518
f 4486/1316/3536 4491/1322/3541 4490/1320/3540
f 4490/1320/3540 4487/1318/3537 4486/1316/3536
f 4504/1334/3554 4505/1336/3555 4506/1335/3556
f 4507/1337/3557 4505/1336/3555 4504/1334/3554
f 4504/1334/3554 4508/1338/3558 4507/1337/3557
f 4509/1339/3559 4507/1337/3557 4508/1338/3558
f 4497/1326/3547 4496/1327/3546 4505/1336/3555
f 4505/1336/3555 4507/1337/3557 4497/1326/3547
f 4498/1328/3548 4497/1326/3547 4507/1337/3557
f 4507/1337/3557 4509/1339/3559 4498/1328/3548
f 4498/1328/3548 4509/1339/3559 4510/1340/3560
f 4510/1340/3560 4499/1329/3549 4498/1328/3548
f 4500/1330/3550 4499/1329/3549 4510/1340/3560
f 4510/1340/3560 4511/1341/3561 4500/1330/3550
f 4500/1330/3550 4511/1341/3561 4512/1342/3562
f 4512/1342/3562 4501/1331/3551 4500/1330/3550
f 4501/1331/3551 4512/1342/3562 4513/1343/3563
f 4513/1343/3563 4502/1332/3552 4501/1331/3551
f 4514/1333/3564 4502/1332/3552 4513/1343/3563
f 4515/1344/3565 4493/1323/3543 4469/1298/3519
f 4493/1323/3543 4516/1345/3566 4470/1301/3520
f 4470/1301/3520 4467/1297/3517 4493/1323/3543
f 4493/1323/3567 4517/1344/3568 4518/1346/3568
f 4519/1346/3569 4516/1345/3566 4493/1323/3543
f 4516/1345/3570 4520/1346/3571 4521/1347/3571
f 4522/1348/3572 4516/1345/3566 4523/1347/3573
f 4470/1301/3520 4516/1345/3566 4524/1349/3574
f 4524/1349/3574 4516/1345/3566 4522/1348/3572
f 4524/1349/3574 4474/1304/3524 4470/1301/3520
f 4475/1305/3525 4474/1304/3524 4524/1349/3574
f 4524/1349/3574 4525/1350/3575 4475/1305/3525
f 4525/1350/3575 4524/1349/3574 4522/1348/3572
f 4525/1350/3575 4522/1348/3572 4526/1347/3576
f 4527/1347/3577 4528/1351/3577 4525/1350/3578
f 4475/1305/3525 4525/1350/3575 4529/1352/3579
f 4529/1352/3579 4479/1310/3529 4475/1305/3525
f 4525/1350/3575 4530/1351/3580 4529/1352/3579
f 4531/1351/3581 4532/1353/3581 4529/1352/3582
f 4479/1310/3529 4529/1352/3579 4495/1325/3545
f 4495/1325/3545 4529/1352/3579 4533/1354/3583
f 4495/1325/3545 4480/1309/3530 4479/1310/3529
f 4495/1325/3545 4533/1354/3583 4494/1324/3544
f 4533/1354/3584 4534/1353/3585 4535/1355/3585
f 4494/1324/3544 4533/1354/3583 4536/1355/3586
f 4537/1355/3587 4538/1356/3587 4494/1324/3588
f 4491/1322/3541 4494/1324/3544 4539/1356/3589
f 4540/1356/3590 4492/1321/3542 4491/1322/3541
f 4482/1312/3532 4494/1324/3544 4491/1322/3541
f 4491/1322/3541 4486/1316/3536 4482/1312/3532
f 4541/1353/3591 4533/1354/3583 4529/1352/3579
f 4481/1311/3531 4476/1306/3526 4479/1310/3529
f 4479/1310/3529 4476/1306/3526 4477/1307/3527
f 4479/1310/3529 4477/1307/3527 4475/1305/3525
s 0
f 4542/1357/3592 4543/1360/3592 4544/1359/3592
f 4545/1359/3593 4546/1358/3593 4547/1357/3593
f 4548/1358/3594 4549/1359/3594 4550/1361/3594
f 4551/1357/3595 4552/1363/3595 4553/1362/3595
f 4554/1362/3596 4555/1360/3596 4556/1357/3596
s 1
f 4557/1364/3597 4558/1366/3598 4559/1365/3599
f 4560/1367/3600 4561/1369/3601 4562/1368/3602
f 4562/1368/3602 4563/1370/3603 4560/1367/3600
f 4564/1371/3604 4565/1373/3605 4566/1372/3606
f 4566/1372/3606 4567/1374/3607 4564/1371/3604
f 4568/1375/3608 4569/1377/3609 4570/1376/3610
f 4570/1376/3610 4571/1378/3611 4568/1375/3608
f 4572/1379/3612 4573/1381/3613 4574/1380/3614
f 4574/1380/3614 4559/1365/3599 4572/1379/3612
f 4575/1382/3615 4576/1384/3616 4577/1383/3617
f 4577/1383/3617 4563/1370/3603 4575/1382/3615
f 4563/1370/3603 4577/1383/3617 4578/1385/3618
f 4578/1385/3618 4560/1367/3600 4563/1370/3603
f 4579/1386/3619 4560/1367/3600 4578/1385/3618
f 4560/1367/3600 4579/1386/3619 4580/1387/3620
f 4581/1388/3621 4582/1389/3622 4580/1387/3620
f 4580/1387/3620 4579/1386/3619 4581/1388/3621
f 4582/1389/3622 4583/1391/3623 4584/1390/3624
f 4584/1390/3624 4580/1387/3620 4582/1389/3622
f 4584/1390/3624 4583/1391/3623 4564/1371/3604
f 4565/1373/3605 4564/1371/3604 4585/1392/3625
f 4586/1393/3626 4587/1395/3627 4588/1394/3628
f 4587/1395/3627 4586/1393/3626 4589/1396/3629
f 4589/1396/3629 4590/1397/3630 4587/1395/3627
f 4590/1397/3630 4589/1396/3629 4591/1398/3631
f 4591/1398/3631 4592/1399/3632 4590/1397/3630
f 4593/1400/3633 4591/1398/3631 4589/1396/3629
f 4590/1397/3630 4592/1399/3632 4594/1401/3634
f 4589/1396/3629 4595/1402/3635 4593/1400/3633
f 4593/1400/3633 4595/1402/3635 4596/1403/3636
f 4596/1403/3636 4597/1404/3637 4593/1400/3633
f 4598/1405/3638 4590/1397/3630 4594/1401/3634
f 4594/1401/3634 4599/1406/3639 4598/1405/3638
f 4600/1407/3640 4598/1405/3638 4599/1406/3639
f 4587/1395/3627 4598/1405/3638 4600/1407/3640
f 4599/1406/3639 4601/1408/3641 4600/1407/3640
f 4600/1407/3640 4602/1409/3642 4587/1395/3627
f 4603/1410/3643 4604/1411/3644 4588/1394/3628
f 4588/1394/3628 4602/1409/3642 4603/1410/3643
f 4605/1412/3645 4600/1407/3640 4601/1408/3641
f 4602/1409/3642 4600/1407/3640 4605/1412/3645
f 4601/1408/3641 4606/1413/3646 4605/1412/3645
f 4605/1412/3645 4606/1413/3646 4607/1414/3647
f 4608/1415/3648 4605/1412/3645 4607/1414/3647
f 4607/1414/3647 4609/1416/3649 4608/1415/3648
f 4610/1417/3650 4608/1415/3648 4609/1416/3649
f 4609/1416/3649 4611/1418/3651 4610/1417/3650
f 4605/1412/3645 4608/1415/3648 4603/1410/3643
f 4603/1410/3643 4602/1409/3642 4605/1412/3645
f 4608/1415/3648 4610/1417/3650 4603/1410/3643
f 4612/1419/3652 4610/1417/3650 4611/1418/3651
f 4603/1410/3643 4610/1417/3650 4612/1419/3652
f 4611/1418/3651 4613/1420/3653 4612/1419/3652
f 4612/1419/3652 4613/1420/3653 4614/1421/3654
f 4615/1422/3655 4612/1419/3652 4614/1421/3654
f 4614/1421/3654 4616/1423/3656 4615/1422/3655
f 4617/1424/3657 4612/1419/3652 4615/1422/3655
f 4612/1419/3652 4617/1424/3657 4603/1410/3643
f 4616/1423/3656 4618/1425/3658 4615/1422/3655
f 4571/1378/3611 4615/1422/3655 4618/1425/3658
f 4618/1425/3658 4568/1375/3608 4571/1378/3611
f 4615/1422/3655 4619/1426/3659 4617/1424/3657
f 4617/1424/3657 4619/1426/3659 4620/1427/3660
f 4620/1427/3660 4604/1411/3644 4617/1424/3657
f 4603/1410/3643 4617/1424/3657 4604/1411/3644
f 4621/1428/3661 4588/1394/3628 4604/1411/3644
f 4604/1411/3644 4622/1429/3662 4621/1428/3661
f 4623/1430/3663 4624/1432/3664 4625/1431/3665
f 4625/1431/3665 4626/1433/3666 4623/1430/3663
f 4626/1433/3666 4625/1431/3665 4627/1434/3667
f 4628/1435/3668 4629/1437/3669 4630/1436/3670
f 4631/1438/3671 4632/1440/3672 4633/1439/3673
f 4633/1439/3673 4634/1441/3674 4631/1438/3671
f 4635/1442/3675 4631/1438/3671 4634/1441/3674
f 4634/1441/3674 4636/1443/3676 4635/1442/3675
f 4576/1384/3616 4637/1444/3677 4578/1385/3618
f 4578/1385/3618 4577/1383/3617 4576/1384/3616
f 4638/1445/3678 4558/1366/3598 4557/1364/3597
f 4639/1446/3679 4640/1447/3680 4596/1403/3636
f 4596/1403/3636 4641/1448/3681 4639/1446/3679
f 4642/1449/3682 4639/1446/3679 4641/1448/3681
f 4641/1448/3681 4643/1450/3683 4642/1449/3682
f 4644/1451/3684 4642/1449/3682 4643/1450/3683
f 4643/1450/3683 4645/1452/3685 4644/1451/3684
f 4644/1451/3684 4645/1452/3685 4646/1453/3686
f 4646/1453/3686 4647/1434/3687 4644/1451/3684
f 4626/1433/3666 4648/1434/3688 4646/1453/3686
f 4623/1430/3663 4626/1433/3666 4649/1454/3689
f 4649/1454/3689 4650/1455/3690 4623/1430/3663
f 4651/1456/3691 4652/1457/3692 4650/1455/3690
f 4650/1455/3690 4649/1454/3689 4651/1456/3691
f 4653/1458/3693 4654/1460/3694 4655/1459/3695
f 4655/1459/3695 4656/1461/3696 4653/1458/3693
f 4655/1459/3695 4657/1462/3697 4656/1461/3696
f 4646/1453/3686 4656/1461/3696 4657/1462/3697
f 4657/1462/3697 4649/1454/3689 4646/1453/3686
f 4626/1433/3666 4646/1453/3686 4649/1454/3689
f 4656/1461/3696 4646/1453/3686 4645/1452/3685
f 4645/1452/3685 4653/1458/3693 4656/1461/3696
f 4621/1428/3661 4653/1458/3693 4645/1452/3685
f 4645/1452/3685 4588/1394/3628 4621/1428/3661
f 4658/1463/3698 4586/1393/3626 4588/1394/3628
f 4588/1394/3628 4645/1452/3685 4658/1463/3698
f 4643/1450/3683 4658/1463/3698 4645/1452/3685
f 4586/1393/3626 4658/1463/3698 4595/1402/3635
f 4595/1402/3635 4658/1463/3698 4643/1450/3683
f 4595/1402/3635 4589/1396/3629 4586/1393/3626
f 4595/1402/3635 4643/1450/3683 4641/1448/3681
f 4595/1402/3635 4641/1448/3681 4596/1403/3636
f 4659/1464/3699 4660/1466/3700 4661/1465/3701
f 4661/1465/3701 4662/1467/3702 4659/1464/3699
f 4663/1468/3703 4659/1464/3699 4662/1467/3702
f 4662/1467/3702 4567/1374/3607 4663/1468/3703
f 4567/1374/3607 4664/1469/3704 4663/1468/3703
f 4566/1372/3606 4665/1469/3705 4567/1374/3607
f 4590/1397/3630 4598/1405/3638 4587/1395/3627
f 4567/1374/3607 4662/1467/3702 4564/1371/3604
f 4564/1371/3604 4662/1467/3702 4661/1465/3701
f 4661/1465/3701 4584/1390/3624 4564/1371/3604
f 4584/1390/3624 4661/1465/3701 4666/1470/3706
f 4666/1470/3706 4667/1471/3707 4584/1390/3624
f 4580/1387/3620 4584/1390/3624 4667/1471/3707
f 4666/1470/3706 4661/1465/3701 4668/1472/3708
f 4661/1465/3701 4660/1466/3700 4668/1472/3708
f 4668/1472/3708 4660/1466/3700 4631/1438/3671
f 4631/1438/3671 4635/1442/3675 4668/1472/3708
f 4668/1472/3708 4635/1442/3675 4669/1473/3709
f 4669/1473/3709 4635/1442/3675 4636/1443/3676
f 4636/1443/3676 4670/1474/3710 4669/1473/3709
f 4669/1473/3709 4670/1474/3710 4671/1475/3711
f 4669/1473/3709 4672/1476/3712 4668/1472/3708
f 4672/1476/3712 4669/1473/3709 4671/1475/3711
f 4666/1470/3706 4668/1472/3708 4672/1476/3712
f 4671/1475/3711 4629/1437/3669 4628/1435/3668
f 4671/1475/3711 4628/1435/3668 4672/1476/3712
f 4672/1476/3712 4673/1477/3713 4666/1470/3706
f 4628/1435/3668 4673/1477/3713 4672/1476/3712
f 4667/1471/3707 4666/1470/3706 4673/1477/3713
f 4561/1369/3601 4673/1477/3713 4628/1435/3668
f 4673/1477/3713 4561/1369/3601 4667/1471/3707
f 4628/1435/3668 4562/1368/3602 4561/1369/3601
f 4562/1368/3602 4628/1435/3668 4630/1436/3670
f 4630/1436/3670 4674/1478/3714 4562/1368/3602
f 4563/1370/3603 4562/1368/3602 4674/1478/3714
f 4674/1478/3714 4675/1479/3715 4563/1370/3603
f 4675/1479/3715 4575/1382/3615 4563/1370/3603
f 4561/1369/3601 4560/1367/3600 4580/1387/3620
f 4561/1369/3601 4580/1387/3620 4667/1471/3707
f 4676/1480/3716 4677/1481/3717 4620/1427/3660
f 4620/1427/3660 4619/1426/3659 4676/1480/3716
f 4678/1482/3718 4676/1480/3716 4619/1426/3659
f 4619/1426/3659 4615/1422/3655 4678/1482/3718
f 4615/1422/3655 4571/1378/3611 4678/1482/3718
f 4571/1378/3611 4570/1376/3610 4678/1482/3718
f 4634/1441/3674 4633/1439/3673 4652/1457/3692
f 4652/1457/3692 4651/1456/3691 4634/1441/3674
f 4636/1443/3676 4634/1441/3674 4651/1456/3691
f 4670/1474/3710 4636/1443/3676 4651/1456/3691
f 4679/1483/3719 4651/1456/3691 4649/1454/3689
f 4649/1454/3689 4657/1462/3697 4679/1483/3719
f 4671/1475/3711 4670/1474/3710 4651/1456/3691
f 4651/1456/3691 4679/1483/3719 4671/1475/3711
f 4680/1484/3720 4629/1437/3669 4671/1475/3711
f 4671/1475/3711 4679/1483/3719 4680/1484/3720
f 4578/1385/3618 4637/1444/3677 4681/1485/3721
f 4579/1386/3619 4578/1385/3618 4682/1486/3722
f 4683/1485/3723 4682/1486/3722 4578/1385/3618
f 4684/1487/3724 4682/1486/3722 4685/1485/3725
f 4686/1485/3726 4687/1488/3726 4684/1487/3727
f 4682/1486/3722 4581/1388/3621 4579/1386/3619
f 4688/1489/3728 4684/1487/3724 4689/1488/3729
f 4690/1488/3730 4691/1490/3731 4688/1489/3728
f 4691/1490/3731 4692/1492/3732 4693/1491/3733
f 4693/1491/3733 4688/1489/3728 4691/1490/3731
f 4684/1487/3724 4688/1489/3728 4694/1493/3734
f 4694/1493/3734 4688/1489/3728 4693/1491/3733
f 4694/1493/3734 4581/1388/3621 4684/1487/3724
f 4693/1491/3733 4695/1494/3735 4694/1493/3734
f 4694/1493/3734 4695/1494/3735 4696/1495/3736
f 4582/1389/3622 4581/1388/3621 4694/1493/3734
f 4694/1493/3734 4697/1496/3737 4582/1389/3622
f 4697/1496/3737 4694/1493/3734 4696/1495/3736
f 4583/1391/3623 4582/1389/3622 4697/1496/3737
f 4696/1495/3736 4698/1497/3738 4697/1496/3737
f 4697/1496/3737 4698/1497/3738 4699/1498/3739
f 4697/1496/3737 4699/1498/3739 4700/1499/3740
f 4700/1499/3740 4701/1500/3741 4697/1496/3737
f 4697/1496/3737 4701/1500/3741 4583/1391/3623
f 4701/1500/3741 4700/1499/3740 4702/1501/3742
f 4583/1391/3623 4701/1500/3741 4558/1366/3598
f 4558/1366/3598 4701/1500/3741 4702/1501/3742
f 4558/1366/3598 4638/1445/3678 4583/1391/3623
f 4702/1501/3742 4703/1502/3743 4558/1366/3598
f 4558/1366/3598 4703/1502/3743 4572/1379/3612
f 4572/1379/3612 4559/1365/3599 4558/1366/3598
f 4704/1503/3744 4705/1506/3744 4706/1505/3745
f 4706/1505/3746 4707/1504/3747 4708/1503/3748
f 4709/1507/3749 4710/1509/3750 4711/1508/3750
f 4712/1508/3751 4713/1510/3751 4709/1507/3752
f 4714/1511/3753 4715/1513/3754 4716/1512/3755
f 4717/1514/3756 4714/1511/3753 4716/1512/3755
f 4716/1512/3755 4718/1515/3757 4717/1514/3756
f 4718/1515/3757 4719/1516/3758 4717/1514/3756
f 4719/1516/3758 4720/1517/3759 4717/1514/3756
f 4721/1518/3760 4720/1517/3759 4719/1516/3758
f 4720/1517/3759 4721/1518/3760 4722/1519/3761
f 4723/1520/3762 4720/1517/3759 4722/1519/3761
f 4723/1520/3762 4722/1519/3761 4724/1521/3763
f 4724/1521/3763 4725/1522/3764 4723/1520/3762
f 4725/1522/3764 4724/1521/3763 4726/1523/3765
f 4726/1523/3765 4727/1524/3766 4725/1522/3764
f 4728/1525/3767 4727/1524/3766 4726/1523/3765
f 4726/1523/3765 4729/1526/3768 4728/1525/3767
f 4728/1525/3769 4730/1526/3770 4731/1527/3770
f 4732/1527/3771 4733/1509/3771 4728/1525/3772
f 4734/1528/3773 4735/1529/3774 4736/1503/3774
f 4737/1503/3775 4707/1504/3747 4734/1528/3776
f 4738/1530/3777 4734/1528/3776 4707/1504/3747
f 4707/1504/3747 4739/1531/3778 4738/1530/3777
f 4740/1532/3779 4738/1530/3777 4739/1531/3778
f 4739/1531/3778 4741/1533/3780 4740/1532/3779
f 4706/1505/3746 4742/1534/3781 4739/1531/3778
f 4739/1531/3778 4707/1504/3747 4706/1505/3746
f 4743/1535/3782 4744/1537/3783 4745/1536/3784
f 4744/1537/3783 4743/1535/3782 4746/1538/3785
f 4746/1538/3785 4747/1539/1071 4744/1537/3783
f 4747/1539/1071 4746/1538/3785 4748/1540/3786
f 4748/1540/3786 4749/1541/3787 4747/1539/1071
f 4749/1541/3787 4748/1540/3786 4750/1542/3788
f 4751/1543/3789 4749/1541/3787 4750/1542/3788
f 4752/1544/3790 4750/1542/3788 4753/1545/3791
f 4751/1543/3789 4750/1542/3788 4752/1544/3790
f 4753/1545/3791 4754/1546/3792 4752/1544/3790
f 4752/1544/3790 4754/1546/3792 4755/1547/3793
f 4755/1547/3793 4756/1548/3794 4752/1544/3790
f 4751/1543/3789 4752/1544/3790 4740/1532/3779
f 4740/1532/3779 4752/1544/3790 4756/1548/3794
f 4756/1548/3794 4738/1530/3777 4740/1532/3779
f 4734/1528/3776 4738/1530/3777 4756/1548/3794
f 4756/1548/3794 4757/1549/3795 4734/1528/3776
f 4758/1529/3796 4734/1528/3776 4757/1549/3795
s 0
f 4759/1550/3797 4760/1551/3797 4761/1529/3797
s 1
f 4762/1529/3798 4757/1549/3799 4763/1550/3798
f 4764/1510/3800 4765/1550/3800 4757/1549/3795
f 4757/1549/3795 4709/1507/3801 4766/1510/3802
f 4749/1541/3787 4751/1543/3789 4767/1552/3803
f 4768/1553/3804 4741/1533/3780 4739/1531/3778
f 4739/1531/3778 4769/1534/3805 4768/1553/3804
f 4770/1554/3806 4767/1552/3803 4741/1533/3780
f 4741/1533/3780 4768/1553/3804 4771/1554/3807
f 4772/1555/3808 4773/1557/3809 4774/1556/3809
f 4775/1556/3810 4776/1558/3811 4772/1555/3808
f 4776/1558/3812 4777/1556/3813 4778/1559/3813
f 4779/1559/3814 4780/1560/3815 4776/1558/3811
f 4767/1552/3803 4781/1554/3816 4782/1561/3816
f 4783/1561/3817 4784/1562/3818 4767/1552/3803
f 4784/1562/3819 4785/1561/3045 4786/1557/3045
f 4787/1557/3820 4772/1555/3808 4784/1562/3818
f 4747/1539/1071 4772/1555/3808 4776/1558/3811
f 4747/1539/1071 4749/1541/3787 4772/1555/3808
f 4749/1541/3787 4784/1562/3818 4772/1555/3808
f 4767/1552/3803 4784/1562/3818 4749/1541/3787
f 4728/1525/3767 4788/1509/3821 4709/1507/3801
f 4727/1524/3766 4728/1525/3767 4709/1507/3801
f 4709/1507/3801 4757/1549/3795 4756/1548/3794
f 4756/1548/3794 4755/1547/3793 4709/1507/3801
f 4709/1507/3801 4755/1547/3793 4727/1524/3766
f 4725/1522/3764 4727/1524/3766 4755/1547/3793
f 4755/1547/3793 4754/1546/3792 4725/1522/3764
f 4725/1522/3764 4754/1546/3792 4723/1520/3762
f 4754/1546/3792 4753/1545/3791 4723/1520/3762
f 4720/1517/3759 4723/1520/3762 4789/1563/3822
f 4753/1545/3791 4789/1563/3822 4723/1520/3762
f 4753/1545/3791 4750/1542/3788 4748/1540/3786
f 4720/1517/3759 4789/1563/3822 4790/1564/3823
f 4717/1514/3756 4720/1517/3759 4790/1564/3823
f 4753/1545/3791 4790/1564/3823 4789/1563/3822
f 4748/1540/3786 4790/1564/3823 4753/1545/3791
f 4791/1565/3824 4790/1564/3823 4748/1540/3786
f 4790/1564/3823 4791/1565/3824 4717/1514/3756
f 4748/1540/3786 4746/1538/3785 4791/1565/3824
f 4714/1511/3753 4717/1514/3756 4791/1565/3824
f 4792/1566/3825 4791/1565/3824 4746/1538/3785
f 4791/1565/3824 4792/1566/3825 4714/1511/3753
f 4746/1538/3785 4743/1535/3782 4792/1566/3825
f 4714/1511/3753 4792/1566/3825 4793/1513/3826
f 4792/1566/3825 4743/1535/3782 4745/1536/3784
f 4745/1536/3784 4794/1513/3827 4792/1566/3825
f 4780/1560/3815 4795/1559/3828 4796/1567/3829
f 4796/1567/3829 4797/1568/3830 4780/1560/3815
f 4797/1568/3830 4744/1537/3783 4780/1560/3815
f 4747/1539/1071 4776/1558/3811 4780/1560/3815
f 4780/1560/3815 4744/1537/3783 4747/1539/1071
f 4751/1543/3789 4740/1532/3779 4741/1533/3780
f 4741/1533/3780 4767/1552/3803 4751/1543/3789
f 4588/1394/3628 4587/1395/3627 4602/1409/3642
f 4699/1498/3739 4698/1497/3738 4798/1570/3831
f 4799/1570/3832 4800/1569/3832 4699/1498/3739
f 4696/1495/3736 4695/1494/3735 4801/1572/3833
f 4802/1572/3834 4803/1571/3834 4696/1495/3835
f 4804/1573/3836 4805/1574/3836 4695/1494/3837
f 4695/1494/3735 4693/1491/3733 4806/1573/3838
f 4807/1572/3839 4695/1494/3840 4808/1574/3839
f 4693/1491/3841 4809/1492/3842 4810/1492/3842
f 4811/1492/3843 4812/1573/3843 4693/1491/3844
f 4813/1575/3845 4698/1497/3738 4696/1495/3736
f 4696/1495/3835 4814/1576/3846 4815/1575/3846
f 4816/1570/3847 4698/1497/3848 4817/1575/3847
f 4818/1576/3849 4696/1495/3736 4819/1571/3849
f 4703/1502/3743 4702/1501/3742 4820/1577/3850
f 4821/1577/3851 4822/1381/3851 4703/1502/3852
f 4573/1381/3613 4572/1379/3612 4703/1502/3743
f 4703/1502/3743 4823/1381/3853 4573/1381/3613
f 4824/1578/3854 4825/1579/3854 4702/1501/3855
f 4702/1501/3742 4700/1499/3740 4826/1578/3856
f 4702/1501/3855 4827/1579/3857 4828/1577/3857
f 4829/1580/3858 4830/1581/3858 4700/1499/3740
f 4700/1499/3740 4699/1498/3739 4831/1580/3859
f 4700/1499/3860 4832/1581/3861 4833/1578/3861
f 4834/1580/3862 4699/1498/3863 4835/1569/3862
f 4638/1445/3678 4557/1364/3597 4585/1392/3625
f 4564/1371/3604 4638/1445/3678 4585/1392/3625
f 4583/1391/3623 4638/1445/3678 4564/1371/3604
f 4682/1486/3722 4684/1487/3724 4581/1388/3621
f 4680/1484/3720 4836/1459/3864 4654/1460/3694
f 4654/1460/3694 4837/1484/3865 4680/1484/3720
f 4629/1437/3669 4680/1484/3720 4837/1484/3865
f 4837/1484/3865 4630/1436/3670 4629/1437/3669
f 4838/1582/3866 4839/1583/3867 4840/1481/3866
f 4839/1583/3867 4620/1427/3660 4841/1481/3868
f 4839/1583/3867 4604/1411/3644 4620/1427/3660
f 4839/1583/3867 4622/1429/3662 4604/1411/3644
f 4842/1297/3469 4843/1299/3869 4844/1298/3471
f 4842/1297/3469 4845/1301/3472 4846/1300/3870
f 4846/1300/3870 4843/1299/3869 4842/1297/3469
f 4846/1300/3870 4845/1301/3472 4847/1302/3474
f 4845/1301/3472 4848/1303/3475 4847/1302/3474
f 4848/1303/3475 4845/1301/3472 4849/1304/3397
f 4848/1303/3475 4849/1304/3397 4850/1305/3398
f 4851/1306/3399 4847/1302/3474 4848/1303/3475
f 4848/1303/3475 4850/1305/3398 4852/1307/3871
f 4848/1303/3475 4852/1307/3871 4851/1306/3399
f 4853/1308/3401 4854/1310/3478 4855/1309/3872
f 4853/1308/3401 4856/1311/3404 4854/1310/3478
f 4853/1308/3401 4855/1309/3872 4857/1312/3405
f 4858/1313/3406 4856/1311/3404 4853/1308/3401
f 4858/1313/3406 4859/1314/3407 4856/1311/3404
f 4858/1313/3406 4853/1308/3401 4857/1312/3405
f 4857/1312/3405 4860/1315/3408 4858/1313/3406
f 4860/1315/3408 4857/1312/3405 4861/1316/3409
f 4861/1316/3409 4862/1318/3410 4863/1317/3411
f 4861/1316/3409 4863/1317/3411 4860/1315/3408
f 4859/1314/3407 4858/1313/3406 4860/1315/3408
f 4860/1315/3408 4863/1317/3411 4864/1319/3412
f 4860/1315/3408 4864/1319/3412 4859/1314/3407
f 4865/1320/3413 4866/1322/3414 4867/1321/3415
f 4868/1323/3480 4842/1297/3469 4844/1298/3471
f 4869/1324/3460 4857/1312/3405 4855/1309/3872
f 4855/1309/3872 4870/1325/3418 4869/1324/3460
f 4864/1319/3412 4871/1327/3419 4872/1326/3420
f 4872/1326/3420 4859/1314/3407 4864/1319/3412
f 4859/1314/3407 4872/1326/3420 4873/1328/3421
f 4873/1328/3421 4856/1311/3404 4859/1314/3407
f 4851/1306/3399 4856/1311/3404 4873/1328/3421
f 4873/1328/3421 4874/1329/3873 4851/1306/3399
f 4851/1306/3399 4874/1329/3873 4875/1330/3874
f 4875/1330/3874 4847/1302/3474 4851/1306/3399
f 4846/1300/3870 4847/1302/3474 4875/1330/3874
f 4875/1330/3874 4876/1331/3875 4846/1300/3870
f 4843/1299/3869 4846/1300/3870 4876/1331/3875
f 4876/1331/3875 4877/1332/3876 4843/1299/3869
f 4877/1332/3876 4878/1333/3877 4843/1299/3869
f 4861/1316/3409 4866/1322/3414 4865/1320/3413
f 4865/1320/3413 4862/1318/3410 4861/1316/3409
f 4879/1334/3427 4880/1336/3878 4881/1335/3879
f 4882/1337/3430 4880/1336/3878 4879/1334/3427
f 4879/1334/3427 4883/1338/3488 4882/1337/3430
f 4884/1339/3489 4882/1337/3430 4883/1338/3488
f 4872/1326/3420 4871/1327/3419 4880/1336/3878
f 4880/1336/3878 4882/1337/3430 4872/1326/3420
f 4873/1328/3421 4872/1326/3420 4882/1337/3430
f 4882/1337/3430 4884/1339/3489 4873/1328/3421
f 4873/1328/3421 4884/1339/3489 4885/1340/3433
f 4885/1340/3433 4874/1329/3873 4873/1328/3421
f 4875/1330/3874 4874/1329/3873 4885/1340/3433
f 4885/1340/3433 4886/1341/3434 4875/1330/3874
f 4875/1330/3874 4886/1341/3434 4887/1342/3435
f 4887/1342/3435 4876/1331/3875 4875/1330/3874
f 4876/1331/3875 4887/1342/3435 4888/1343/3436
f 4888/1343/3436 4877/1332/3876 4876/1331/3875
f 4889/1333/3437 4877/1332/3876 4888/1343/3436
f 4890/1344/3491 4868/1323/3480 4844/1298/3471
f 4868/1323/3480 4891/1345/3880 4845/1301/3472
f 4845/1301/3472 4842/1297/3469 4868/1323/3480
f 4868/1323/3881 4892/1344/3882 4893/1346/3882
f 4894/1346/3883 4891/1345/3880 4868/1323/3480
f 4891/1345/3884 4895/1346/3885 4896/1347/3885
f 4897/1348/3886 4891/1345/3880 4898/1347/3887
f 4845/1301/3472 4891/1345/3880 4899/1349/3499
f 4899/1349/3499 4891/1345/3880 4897/1348/3886
f 4899/1349/3499 4849/1304/3397 4845/1301/3472
f 4850/1305/3398 4849/1304/3397 4899/1349/3499
f 4899/1349/3499 4900/1350/3448 4850/1305/3398
f 4900/1350/3448 4899/1349/3499 4897/1348/3886
f 4900/1350/3448 4897/1348/3886 4901/1347/3501
f 4902/1347/3888 4903/1351/3888 4900/1350/3448
f 4850/1305/3398 4900/1350/3448 4904/1352/3451
f 4904/1352/3451 4854/1310/3478 4850/1305/3398
f 4900/1350/3448 4905/1351/3452 4904/1352/3451
f 4906/1351/3889 4907/1353/3889 4904/1352/3454
f 4854/1310/3478 4904/1352/3451 4870/1325/3418
f 4870/1325/3418 4904/1352/3451 4908/1354/3455
f 4870/1325/3418 4855/1309/3872 4854/1310/3478
f 4870/1325/3418 4908/1354/3455 4869/1324/3460
f 4908/1354/3456 4909/1353/3890 4910/1355/3890
f 4869/1324/3460 4908/1354/3455 4911/1355/3891
f 4912/1355/3892 4913/1356/3892 4869/1324/3460
f 4866/1322/3414 4869/1324/3460 4914/1356/3509
f 4915/1356/3893 4867/1321/3415 4866/1322/3414
f 4857/1312/3405 4869/1324/3460 4866/1322/3414
f 4866/1322/3414 4861/1316/3409 4857/1312/3405
f 4916/1353/3894 4908/1354/3455 4904/1352/3451
f 4856/1311/3404 4851/1306/3399 4854/1310/3478
f 4854/1310/3478 4851/1306/3399 4852/1307/3871
f 4854/1310/3478 4852/1307/3871 4850/1305/3398
s 0
f 4917/1357/3512 4918/1360/3512 4919/1359/3512
s 1
f 4920/1359/3895 4921/1358/3895 4922/1357/3895
f 4923/1358/3466 4924/1359/3466 4925/1361/3466
f 4926/1357/3896 4927/1363/3896 4928/1362/3896
s 0
f 4929/1362/3897 4930/1360/3897 4931/1357/3897
f 4932/1584/3898 4933/1586/3898 4934/1585/3898
f 4935/1585/3899 4936/1587/3899 4937/1584/3899
f 4938/1588/3900 4939/1590/3900 4940/1589/3900
f 4941/1589/3901 4942/1586/3901 4943/1588/3901
f 4944/1586/3902 4945/1589/3902 4946/1585/3902
f 4947/1591/3903 4948/1584/3903 4949/1587/3903
f 4950/1587/3904 4951/1592/3904 4952/1591/3904
f 4953/1593/3905 4954/1594/3905 4955/1591/3905
f 4956/1591/3906 4957/1592/3906 4958/1593/3906
s 1
f 4655/1459/3695 4679/1483/3719 4657/1462/3697
f 4655/1459/3695 4680/1484/3720 4679/1483/3719
f 4630/1436/3670 4837/1484/3865 4654/1460/3694
f 4654/1460/3694 4674/1478/3714 4630/1436/3670
f 4621/1428/3661 4839/1583/3867 4654/1460/3694
f 4654/1460/3694 4653/1458/3693 4621/1428/3661
f 4621/1428/3661 4622/1429/3662 4839/1583/3867
f 4575/1382/3615 4674/1478/3714 4839/1583/3867
f 4839/1583/3867 4576/1384/3616 4575/1382/3615
f 4575/1382/3615 4675/1479/3715 4674/1478/3714
f 4654/1460/3694 4839/1583/3867 4674/1478/3714
f 4176/1229/3297 4142/1195/3263 4145/1196/3266
s 0
f 4959/1154/3907 4960/1151/3907 4961/1596/3907
f 4962/1596/3908 4963/1595/3908 4964/1154/3908
f 4965/1597/3909 4966/1595/3909 4967/1596/3909
f 4968/1596/3910 4969/1598/3910 4970/1597/3910
s 1
f 4971/1599/3911 4972/1600/3912 4973/1601/3913
f 4973/1601/3913 4974/1602/3914 4971/1599/3911
f 4975/1603/3915 4976/1604/3916 4977/1605/3917
f 4977/1605/3917 4978/1606/3918 4975/1603/3915
f 4979/1607/3919 4971/1599/3911 4980/1608/3920
f 4981/1609/3921 4982/1610/3922 4983/1611/3923
f 4984/1612/3924 4972/1600/3912 4971/1599/3911
f 4971/1599/3911 4979/1607/3919 4984/1612/3924
f 4985/1613/3925 4984/1612/3924 4979/1607/3919
f 4980/1608/3920 4986/1614/3926 4987/1615/3927
f 4987/1615/3927 4988/1616/3928 4980/1608/3920
f 4987/1615/3927 4986/1614/3926 4989/1617/3929
f 4989/1617/3929 4990/1618/3930 4987/1615/3927
f 4982/1610/3922 4991/1619/3931 4975/1603/3915
f 4975/1603/3915 4978/1606/3918 4982/1610/3922
f 4992/1620/3932 4993/1621/3933 4994/1622/3934
f 4974/1602/3914 4995/1623/3935 4980/1608/3920
f 4980/1608/3920 4971/1599/3911 4974/1602/3914
f 4995/1623/3935 4996/1624/3936 4986/1614/3926
f 4986/1614/3926 4980/1608/3920 4995/1623/3935
f 4989/1617/3929 4986/1614/3926 4996/1624/3936
f 4996/1624/3936 4997/1625/3937 4989/1617/3929
f 4989/1617/3929 4997/1625/3937 4998/1626/3938
f 4998/1626/3938 4999/1627/3939 4989/1617/3929
f 4999/1627/3939 4998/1626/3938 5000/1628/3940
f 5000/1628/3940 4991/1619/3931 4999/1627/3939
f 4991/1619/3931 5000/1628/3940 5001/1629/3941
f 5001/1629/3941 4975/1603/3915 4991/1619/3931
f 4975/1603/3915 5001/1629/3941 5002/1630/3942
f 5002/1630/3942 4976/1604/3916 4975/1603/3915
f 5003/1631/3943 5004/1632/3944 5005/1633/3945
f 5005/1633/3945 5006/1634/3946 5003/1631/3943
f 5007/1635/3947 5008/1636/3948 5009/1637/3949
f 5009/1637/3949 5010/1638/3950 5007/1635/3947
f 5003/1631/3943 5011/1639/3951 5012/1640/3952
f 5012/1640/3952 5004/1632/3944 5003/1631/3943
f 5012/1640/3952 5013/1641/3953 5004/1632/3944
f 5014/1642/3954 5015/1643/3955 5016/1644/3956
f 5013/1641/3953 5012/1640/3952 5017/1645/3957
f 5017/1645/3957 5018/1646/3958 5013/1641/3953
f 5019/1647/3959 5020/1648/3960 5018/1646/3958
f 5018/1646/3958 5017/1645/3957 5019/1647/3959
f 5015/1643/3955 5010/1638/3950 5009/1637/3949
f 5009/1637/3949 5021/1649/3961 5015/1643/3955
f 5022/1650/3962 5020/1648/3960 5019/1647/3959
f 5019/1647/3959 5016/1644/3956 5022/1650/3962
f 5015/1643/3955 5021/1649/3961 5022/1650/3962
f 5022/1650/3962 5016/1644/3956 5015/1643/3955
f 5023/1651/3963 5024/1652/3963 5025/1653/3964
f 5025/1653/3964 5026/1654/3965 5027/1651/3965
s 0
f 5028/1655/3966 5029/1656/3966 5030/1651/3966
f 5031/1651/3967 5032/1654/3967 5033/1655/3967
f 5034/1657/3968 5035/1658/3968 5036/1659/3968
f 5037/1659/3969 5038/1660/3969 5039/1657/3969
s 1
f 5040/1658/3970 5041/1661/3970 5042/1662/3971
f 5042/1662/3971 5043/1659/3972 5044/1658/3972
f 5045/1663/3973 5046/1664/3974 5047/1665/3975
f 5048/1665/3976 5049/1666/3976 5045/1663/3977
f 5050/1667/3978 5051/1668/3978 5045/1663/3979
f 5045/1663/3980 5052/1666/3981 5053/1667/3981
s 0
f 5054/1669/3982 5055/1670/3982 5056/1671/3982
f 5057/1671/3983 5058/1672/3983 5059/1669/3983
f 5060/1673/3984 5061/1674/3984 5062/1675/3984
f 5063/1675/3985 5064/1676/3985 5065/1673/3985
s 1
f 5066/1652/3986 5067/1677/3986 5068/1678/3987
f 5068/1678/3987 5025/1653/3988 5069/1652/3989
s 0
f 5070/1679/3990 5071/1680/3990 5072/1668/3990
f 5073/1668/3991 5074/1667/3991 5075/1679/3991
s 1
f 5046/1664/3992 5076/1681/3993 5077/1682/3994
f 5078/1682/3995 5079/1665/3995 5046/1664/3992
f 5080/1682/3996 5076/1681/3997 5081/1683/3998
f 5081/1683/3998 5082/1684/3999 5083/1682/3999
s 0
f 5084/1670/4000 5085/1657/4000 5086/1660/4000
f 5087/1660/4001 5088/1671/4001 5089/1670/4001
s 1
f 5090/1684/4002 5081/1683/3998 5091/1674/4002
s 0
f 5092/1674/4003 5093/1673/4003 5094/1684/4003
f 5095/1685/4004 5096/1686/4004 5097/1656/4004
f 5098/1656/4005 5099/1655/4005 5100/1685/4005
f 5101/1687/4006 5102/1688/4006 5103/1686/4006
f 5104/1686/4007 5105/1685/4007 5106/1687/4007
f 5107/1689/4008 5108/1688/4008 5109/1687/4008
f 5110/1687/4009 5111/1690/4009 5112/1689/4009
s 1
f 5113/1691/1163 5114/1689/1163 5115/1690/1163
s 0
f 5116/1690/4010 5117/1692/4010 5118/1691/4010
f 5119/1693/4011 5120/1691/4011 5121/1692/4011
f 5122/1692/4012 5123/1694/4012 5124/1693/4012
f 5125/1695/4013 5126/1696/4013 5127/1693/4013
f 5128/1693/4014 5129/1694/4014 5130/1695/4014
f 5131/1697/4015 5132/1696/4015 5133/1695/4015
f 5134/1695/4016 5135/1698/4016 5136/1697/4016
s 1
f 5042/1662/3971 5137/1661/4017 5138/1697/4017
f 5139/1697/4018 5140/1698/4018 5042/1662/4019
f 5141/1680/4020 5142/1679/4020 5068/1678/4021
f 5068/1678/4021 5143/1677/4022 5144/1680/4022
f 5005/1633/3945 5145/1699/4023 5006/1634/3946
f 5007/1635/3947 5146/1700/4024 5008/1636/3948
f 5147/1699/4025 5148/1701/4025 5006/1634/4026
f 4979/1607/3919 4980/1608/3920 4988/1616/3928
f 5149/1702/4027 4988/1616/3928 4987/1615/3927
f 4987/1615/3927 5150/1703/4028 5151/1702/4028
f 4987/1615/3927 4990/1618/3930 5152/1704/4029
f 5153/1704/4030 5154/1703/4030 4987/1615/4031
f 4979/1607/3919 4988/1616/3928 5155/1702/4032
f 5156/1702/4033 5157/1705/4033 4979/1607/4034
f 5158/1706/4035 4989/1617/3929 4999/1627/3939
f 4999/1627/3939 5159/1707/4036 5158/1706/4035
f 5160/1708/4037 4982/1610/3922 4981/1609/3921
f 4981/1609/3921 5161/1709/4038 5160/1708/4037
f 5162/1710/4039 5159/1707/4036 4999/1627/3939
f 4999/1627/3939 4991/1619/3931 5162/1710/4039
f 5162/1710/4039 4991/1619/3931 4982/1610/3922
f 4982/1610/3922 5160/1708/4037 5162/1710/4039
f 5163/1709/4040 4981/1609/4041 5164/1704/4040
s 0
f 5165/1704/4042 5166/1711/4042 5167/1709/4042
s 1
f 5158/1706/4035 4990/1618/3930 4989/1617/3929
f 5168/1712/4043 4993/1621/3933 4992/1620/3932
f 5169/1713/4044 5170/1714/4044 5171/1715/4045
f 5171/1715/4046 5172/1714/4047 5173/1716/4047
f 5174/1717/4048 5175/1718/4048 5171/1715/4049
f 5171/1715/4046 4992/1620/4050 5176/1717/4051
f 5171/1715/4049 5177/1716/4052 5178/1712/4052
f 5179/1712/4053 4992/1620/4050 5171/1715/4046
f 5166/1711/4054 5165/1704/4054 4990/1618/4055
f 5158/1706/4035 5180/1711/4056 4990/1618/3930
f 5181/1599/4057 5182/1602/4058 5183/1601/4059
f 5183/1601/4059 5184/1600/4060 5181/1599/4057
f 5185/1603/4061 5186/1606/4062 5187/1605/4063
f 5187/1605/4063 5188/1604/4064 5185/1603/4061
f 5189/1607/4065 5190/1608/4066 5181/1599/4057
f 5191/1609/4067 5192/1611/4068 5193/1610/4069
f 5194/1612/4070 5189/1607/4065 5181/1599/4057
f 5181/1599/4057 5184/1600/4060 5194/1612/4070
f 5195/1613/4071 5189/1607/4065 5194/1612/4070
f 5190/1608/4066 5196/1616/4072 5197/1615/4073
f 5197/1615/4073 5198/1614/4074 5190/1608/4066
f 5197/1615/4073 5199/1618/4075 5200/1617/4076
f 5200/1617/4076 5198/1614/4074 5197/1615/4073
f 5193/1610/4069 5186/1606/4062 5185/1603/4061
f 5185/1603/4061 5201/1619/4077 5193/1610/4069
f 5202/1620/4078 5203/1622/4079 5204/1621/4080
f 5182/1602/4058 5181/1599/4057 5190/1608/4066
f 5190/1608/4066 5205/1623/4081 5182/1602/4058
f 5205/1623/4081 5190/1608/4066 5198/1614/4074
f 5198/1614/4074 5206/1624/4082 5205/1623/4081
f 5200/1617/4076 5207/1625/4083 5206/1624/4082
f 5206/1624/4082 5198/1614/4074 5200/1617/4076
f 5200/1617/4076 5208/1627/4084 5209/1626/4085
f 5209/1626/4085 5207/1625/4083 5200/1617/4076
f 5208/1627/4084 5201/1619/4077 5210/1628/4086
f 5210/1628/4086 5209/1626/4085 5208/1627/4084
f 5201/1619/4077 5185/1603/4061 5211/1629/4087
f 5211/1629/4087 5210/1628/4086 5201/1619/4077
f 5185/1603/4061 5188/1604/4064 5212/1630/4088
f 5212/1630/4088 5211/1629/4087 5185/1603/4061
f 5213/1631/4089 5214/1634/4090 5215/1633/4091
f 5215/1633/4091 5216/1632/4092 5213/1631/4089
f 5217/1635/4093 5218/1638/4094 5219/1637/4095
f 5219/1637/4095 5220/1636/4096 5217/1635/4093
f 5213/1631/4089 5216/1632/4092 5221/1640/4097
f 5221/1640/4097 5222/1639/4098 5213/1631/4089
f 5221/1640/4097 5216/1632/4092 5223/1641/4099
f 5224/1642/4100 5225/1644/4101 5226/1643/4102
f 5223/1641/4099 5227/1646/4103 5228/1645/4104
f 5228/1645/4104 5221/1640/4097 5223/1641/4099
f 5229/1647/4105 5228/1645/4104 5227/1646/4103
f 5227/1646/4103 5230/1648/4106 5229/1647/4105
f 5226/1643/4102 5231/1649/4107 5219/1637/4095
f 5219/1637/4095 5218/1638/4094 5226/1643/4102
f 5232/1650/4108 5225/1644/4101 5229/1647/4105
f 5229/1647/4105 5230/1648/4106 5232/1650/4108
f 5226/1643/4102 5225/1644/4101 5232/1650/4108
f 5232/1650/4108 5231/1649/4107 5226/1643/4102
f 5233/1651/4109 5234/1654/4109 5235/1653/4110
f 5235/1653/4111 5236/1652/4112 5237/1651/4112
s 0
f 5238/1655/4113 5239/1654/4113 5240/1651/4113
f 5241/1651/4114 5242/1656/4114 5243/1655/4114
f 5244/1657/4115 5245/1660/4115 5246/1659/4115
f 5247/1659/4116 5248/1658/4116 5249/1657/4116
s 1
f 5250/1658/4117 5251/1659/4117 5252/1662/4118
f 5252/1662/4118 5253/1661/4119 5254/1658/4119
f 5255/1663/4120 5256/1666/4121 5257/1665/4121
f 5258/1665/4122 5259/1664/4123 5255/1663/4120
f 5260/1667/4124 5261/1666/4124 5255/1663/4125
f 5255/1663/4125 5262/1668/4126 5263/1667/4126
s 0
f 5264/1669/4127 5265/1672/4127 5266/1671/4127
f 5267/1671/4128 5268/1670/4128 5269/1669/4128
f 5270/1673/4129 5271/1676/4129 5272/1675/4129
f 5273/1675/4130 5274/1674/4130 5275/1673/4130
s 1
f 5276/1652/4131 5235/1653/4110 5277/1678/4132
f 5277/1678/4133 5278/1677/4134 5279/1652/4134
s 0
f 5280/1679/4135 5281/1667/4135 5282/1668/4135
f 5283/1668/4136 5284/1680/4136 5285/1679/4136
s 1
f 5259/1664/4137 5286/1665/4138 5287/1682/4138
f 5288/1682/4139 5289/1681/4140 5259/1664/4137
f 5290/1682/4141 5291/1684/4141 5292/1683/4142
f 5292/1683/4142 5289/1681/4140 5293/1682/4143
s 0
f 5294/1670/4144 5295/1671/4144 5296/1660/4144
f 5297/1660/4145 5298/1657/4145 5299/1670/4145
f 5300/1684/4146 5301/1673/4146 5302/1674/4146
s 1
f 5303/1674/4147 5292/1683/4142 5304/1684/4147
s 0
f 5305/1685/4148 5306/1655/4148 5307/1656/4148
f 5308/1656/4149 5309/1686/4149 5310/1685/4149
f 5311/1687/4150 5312/1685/4150 5313/1686/4150
f 5314/1686/4151 5315/1688/4151 5316/1687/4151
f 5317/1689/4152 5318/1690/4152 5319/1687/4152
f 5320/1687/4153 5321/1688/4153 5322/1689/4153
f 5323/1691/4154 5324/1692/4154 5325/1690/4154
s 1
f 5326/1690/4155 5327/1689/4155 5328/1691/4155
s 0
f 5329/1693/4156 5330/1694/4156 5331/1692/4156
f 5332/1692/4157 5333/1691/4157 5334/1693/4157
f 5335/1695/4158 5336/1694/4158 5337/1693/4158
f 5338/1693/4159 5339/1696/4159 5340/1695/4159
f 5341/1697/4160 5342/1698/4160 5343/1695/4160
f 5344/1695/4161 5345/1696/4161 5346/1697/4161
s 1
f 5252/1662/4162 5347/1698/4163 5348/1697/4163
f 5349/1697/4164 5350/1661/4164 5252/1662/4118
f 5351/1680/4165 5352/1677/4165 5277/1678/4166
f 5277/1678/4167 5353/1679/4168 5354/1680/4168
f 5215/1633/4091 5214/1634/4090 5355/1699/4169
f 5217/1635/4093 5220/1636/4096 5356/1700/4170
f 5357/1699/4171 5214/1634/4090 5358/1701/4171
f 5189/1607/4065 5196/1616/4072 5190/1608/4066
f 5359/1702/4172 5360/1703/4172 5197/1615/4073
f 5197/1615/4073 5196/1616/4072 5361/1702/4173
f 5197/1615/4174 5362/1703/4175 5363/1704/4175
f 5364/1704/4176 5199/1618/4075 5197/1615/4073
f 5189/1607/4177 5365/1705/4178 5366/1702/4178
f 5367/1702/4179 5196/1616/4072 5189/1607/4065
f 5368/1706/4180 5369/1707/4181 5208/1627/4084
f 5208/1627/4084 5200/1617/4076 5368/1706/4180
f 5370/1708/4182 5371/1709/4183 5191/1609/4067
f 5191/1609/4067 5193/1610/4069 5370/1708/4182
f 5372/1710/4184 5201/1619/4077 5208/1627/4084
f 5208/1627/4084 5369/1707/4181 5372/1710/4184
f 5372/1710/4184 5370/1708/4182 5193/1610/4069
f 5193/1610/4069 5201/1619/4077 5372/1710/4184
s 0
f 5373/1709/4185 5374/1711/4185 5375/1704/4185
s 1
f 5376/1704/4186 5191/1609/4187 5377/1709/4186
f 5368/1706/4180 5200/1617/4076 5199/1618/4075
f 5378/1712/4188 5202/1620/4078 5204/1621/4080
f 5379/1713/4189 5380/1715/4190 5381/1714/4189
f 5380/1715/4191 5382/1716/4192 5383/1714/4192
f 5384/1717/4193 5202/1620/4194 5380/1715/4191
f 5380/1715/4195 5385/1718/4196 5386/1717/4196
f 5380/1715/4191 5202/1620/4194 5387/1712/4197
f 5388/1712/4198 5389/1716/4198 5380/1715/4195
f 5374/1711/4185 5199/1618/4199 5375/1704/4185
f 5368/1706/4180 5199/1618/4075 5390/1711/4200
f 4235/1270/3349 5391/1719/4201 5392/1720/4202
f 5392/1720/4202 4236/1269/3350 4235/1270/3349
f 5393/1721/4203 5394/1722/4204 4241/1272/3355
f 4241/1272/3355 4240/1273/3354 5393/1721/4203
f 4243/1276/3357 4246/1280/3360 5391/1719/4201
f 5391/1719/4201 4235/1270/3349 4243/1276/3357
f 5395/1723/3359 5393/1721/4203 4240/1273/3354
f 4240/1273/3354 4245/1277/3359 5395/1723/3359
f 4242/1275/3356 5396/1724/4205 4247/1279/3361
f 4247/1279/3361 4243/1276/3357 4242/1275/3356
f 4236/1269/3350 5392/1720/4202 4253/1286/3367
f 4253/1286/3367 4249/1283/3363 4236/1269/3350
f 5397/1725/4206 4250/1282/3364 4249/1283/3363
f 4249/1283/3363 4252/1284/3366 5397/1725/4206
f 5394/1722/4204 5397/1725/4206 4252/1284/3366
f 4252/1284/3366 4241/1272/3355 5394/1722/4204
f 5398/1720/4207 5399/1719/4208 3278/1270/2583
f 3278/1270/2583 3277/1269/2582 5398/1720/4207
f 3280/1272/2585 5400/1722/4209 5401/1721/4210
f 5401/1721/4210 3281/1273/2586 3280/1272/2585
f 5399/1719/4208 3288/1280/2593 3284/1276/2589
f 3284/1276/2589 3278/1270/2583 5399/1719/4208
f 3281/1273/2586 5401/1721/4210 5402/1723/2590
f 5402/1723/2590 3285/1277/2590 3281/1273/2586
f 5403/1724/2592 3283/1275/2588 3284/1276/2589
f 3284/1276/2589 3287/1279/2592 5403/1724/2592
f 3294/1286/2599 5398/1720/4207 3277/1269/2582
f 3277/1269/2582 3291/1283/2596 3294/1286/2599
f 3290/1282/2595 5404/1725/4211 3292/1284/2597
f 3292/1284/2597 3291/1283/2596 3290/1282/2595
f 3292/1284/2597 5404/1725/4211 5400/1722/4209
f 5400/1722/4209 3280/1272/2585 3292/1284/2597
