# Wavefront OBJ exported by MilkShape 3D

v 5.256042 157.224640 4.451164
v 9.879420 155.871399 4.451118
v 9.879428 155.871429 7.505497
v 5.256037 157.224518 9.034473
v 3.650692 170.716034 4.451141
v 3.650676 170.716125 10.701618
v 6.509804 167.241058 10.286594
v 6.509798 167.241058 4.451118
v 9.879428 155.871429 7.505497
v 9.879420 155.871399 4.451118
v 9.729892 159.107605 4.451134
v 9.729892 159.107727 8.068211
v 9.879428 155.871429 7.505497
v -7.085388 172.557495 10.929432
v -14.297140 177.574677 9.046146
v -13.290420 168.157837 10.007755
v -8.444370 163.593109 9.978962
v -1.938736 159.427002 4.451134
v -1.938740 159.427124 10.294102
v -8.444370 163.593109 9.978962
v -8.444370 163.593109 9.978962
v -8.444370 163.593109 4.451134
v 5.256037 157.224518 9.034473
v 6.509804 167.241058 10.286594
v -1.938740 159.427124 10.294102
v -8.444370 163.593109 9.978962
v -13.290420 168.157837 10.007755
v -13.290420 168.157837 4.451141
v -8.444370 163.593109 9.978962
v 5.256037 157.224518 9.034473
v 9.879428 155.871429 7.505497
v 9.729892 159.107727 8.068211
v 9.729892 159.107727 8.068211
v 6.509804 167.241058 10.286594
v 5.256037 157.224518 9.034473
v 1.163579 167.464386 10.724674
v -1.938740 159.427124 10.294102
v 6.509804 167.241058 10.286594
v 3.650676 170.716125 10.701618
v 3.650676 170.716125 10.701618
v 3.650676 170.716125 10.701618
v -4.976441 176.772522 10.380100
v -13.336970 182.070465 7.450672
v -14.297140 177.574677 9.046146
v -14.343670 177.611420 4.451126
v -13.290420 168.157837 10.007755
v -14.297140 177.574677 9.046146
v -4.976441 176.772614 4.451134
v -4.976441 176.772522 10.380100
v -4.976441 176.772522 10.380100
v -13.336980 182.070435 4.451134
v -13.336970 182.070465 7.450672
v -13.336970 182.070465 7.450672
v -4.976441 176.772522 10.380100
v -14.297140 177.574677 9.046146
v -13.336970 182.070465 7.450672
v -13.336970 182.070465 7.450672
v 3.511706 162.563232 11.977619
v -3.988015 165.757904 13.254719
v -3.664213 161.282837 13.078953
v 1.462485 159.566437 12.251301
v 1.400597 159.282898 8.401066
v 8.705661 156.885040 7.624149
v 8.239116 157.307312 10.545750
v 1.462485 159.566437 12.251301
v 2.399426 165.996033 12.233906
v 3.511706 162.563232 11.977619
v 3.901218 162.738831 8.213551
v 2.718018 166.236237 8.101566
v -1.332280 167.820831 8.305378
v -1.003809 167.399445 12.746281
v -4.445898 161.246033 8.871311
v -3.664213 161.282837 13.078953
v -3.988015 165.757904 13.254719
v -3.988015 165.757904 13.254719
v -4.599894 166.043243 8.504963
v -3.988015 165.757904 13.254719
v 8.003375 160.819611 7.742512
v 7.575979 160.715363 10.789799
v 8.239116 157.307312 10.545750
v 8.239116 157.307312 10.545750
v 8.705661 156.885040 7.624149
v 3.511706 162.563232 11.977619
v 1.462485 159.566437 12.251301
v 1.462485 159.566437 12.251301
v -3.664213 161.282837 13.078953
v 7.575979 160.715363 10.789799
v 8.239116 157.307312 10.545750
v 7.575979 160.715363 10.789799
v 2.399426 165.996033 12.233906
v 2.399426 165.996033 12.233906
v -1.003809 167.399445 12.746281
v 5.256042 157.224640 4.451164
v 5.256034 157.224640 -0.132256
v 9.879430 155.871399 1.396774
v 9.879420 155.871399 4.451118
v 5.256042 157.224640 4.451164
v 3.650692 170.716034 4.451141
v 6.509798 167.241058 4.451118
v 6.509802 167.240936 -1.384377
v 3.650687 170.716064 -1.799347
v 3.650692 170.716034 4.451141
v 9.879430 155.871399 1.396774
v 9.729903 159.107544 0.834007
v 9.729892 159.107605 4.451134
v 9.729892 159.107605 4.451134
v 9.879420 155.871399 4.451118
v 9.879430 155.871399 1.396774
v -7.085390 172.557526 -2.027130
v -8.444372 163.593018 -1.076683
v -13.290410 168.157837 -1.105484
v -14.297140 177.574646 -0.143921
v -1.938736 159.427002 4.451134
v -8.444370 163.593109 4.451134
v -8.444372 163.593018 -1.076683
v -8.444372 163.593018 -1.076683
v -1.938736 159.427032 -1.391815
v -1.938736 159.427002 4.451134
v 1.163575 167.464447 -1.822418
v 6.509802 167.240936 -1.384377
v -1.938736 159.427032 -1.391815
v -13.290420 168.157837 4.451141
v -13.290410 168.157837 -1.105484
v -8.444372 163.593018 -1.076683
v -8.444372 163.593018 -1.076683
v -8.444370 163.593109 4.451134
v -13.290420 168.157837 4.451141
v -1.938736 159.427002 4.451134
v 5.256042 157.224640 4.451164
v -1.938736 159.427002 4.451134
v 5.256034 157.224640 -0.132256
v 6.509802 167.240936 -1.384377
v 9.729903 159.107544 0.834007
v 9.729903 159.107544 0.834007
v 9.879430 155.871399 1.396774
v 5.256034 157.224640 -0.132256
v -1.938736 159.427032 -1.391815
v 6.509802 167.240936 -1.384377
v 3.650687 170.716064 -1.799347
v -4.976431 176.772614 -1.477837
v 3.650687 170.716064 -1.799347
v 3.650687 170.716064 -1.799347
v -13.336990 182.070557 1.451637
v -14.297140 177.574646 -0.143921
v -13.290410 168.157837 -1.105484
v -13.290420 168.157837 4.451141
v -13.290420 168.157837 4.451141
v -14.343670 177.611420 4.451126
v -14.297140 177.574646 -0.143921
v -4.976431 176.772614 -1.477837
v -4.976441 176.772614 4.451134
v 3.650692 170.716034 4.451141
v 3.650692 170.716034 4.451141
v -4.976431 176.772614 -1.477837
v -4.976441 176.772614 4.451134
v -4.976431 176.772614 -1.477837
v -13.336990 182.070557 1.451637
v -13.336990 182.070557 1.451637
v -13.336980 182.070435 4.451134
v -4.976441 176.772614 4.451134
v -14.343670 177.611420 4.451126
v -13.336980 182.070435 4.451134
v -13.336990 182.070557 1.451637
v -13.336990 182.070557 1.451637
v -14.297140 177.574646 -0.143921
v -14.343670 177.611420 4.451126
v 3.511702 162.563232 -3.075371
v 1.462491 159.566406 -3.349052
v -3.664239 161.282806 -4.176720
v -3.988010 165.758026 -4.352463
v 1.400598 159.282928 0.501167
v 1.462491 159.566406 -3.349052
v 8.239114 157.307343 -1.643494
v 8.705662 156.885040 1.278114
v 3.901217 162.738831 0.688721
v 3.511702 162.563232 -3.075371
v 2.399416 165.996124 -3.331657
v 2.718024 166.236237 0.800728
v -1.332294 167.820862 0.596878
v -1.003815 167.399414 -3.843994
v -3.988010 165.758026 -4.352463
v -3.664239 161.282806 -4.176720
v -4.445895 161.246155 0.030945
v -4.599908 166.043213 0.397293
v -3.988010 165.758026 -4.352463
v -3.988010 165.758026 -4.352463
v 8.003381 160.819641 1.159805
v 8.705662 156.885040 1.278114
v 8.239114 157.307343 -1.643494
v 8.239114 157.307343 -1.643494
v 7.575992 160.715210 -1.887535
v 3.511702 162.563232 -3.075371
v -3.664239 161.282806 -4.176720
v 1.462491 159.566406 -3.349052
v 1.462491 159.566406 -3.349052
v 7.575992 160.715210 -1.887535
v 8.239114 157.307343 -1.643494
v 7.575992 160.715210 -1.887535
v 2.399416 165.996124 -3.331657
v -1.003815 167.399414 -3.843994
v 2.399416 165.996124 -3.331657
v 6.509804 167.241058 10.286594
v -1.938740 159.427124 10.294102
v 6.509802 167.240936 -1.384377
v 5.256034 157.224640 -0.132256
v -1.938736 159.427032 -1.391815
v 6.509798 167.241058 4.451118
v 6.509798 167.241058 4.451118
v 9.729892 159.107605 4.451134
v 11.340850 114.583427 1.472855
v 14.685010 107.071922 1.472862
v 9.596167 106.549904 0.605728
v 7.894988 114.641930 0.605759
v 8.126985 106.578819 1.191360
v 8.126986 106.578804 4.451134
v 6.420692 114.676826 4.451134
v 6.420691 114.676826 1.191383
v 15.207410 107.065117 2.783432
v 15.207410 107.065117 1.642159
v 11.870650 114.574409 1.642174
v 11.870650 114.574425 2.783455
v 11.870650 114.574409 1.642174
v 11.340850 114.583427 1.472855
v 11.110010 114.587227 2.682968
v 11.870650 114.574425 2.783455
v 11.870650 114.574409 1.642174
v 11.110010 114.587227 2.682968
v 14.457290 107.075005 2.682930
v 11.340850 114.583427 1.472855
v 7.894988 114.641930 0.605759
v 14.457290 107.074913 4.451141
v 11.110010 114.587227 2.682968
v 11.110010 114.587227 2.682968
v 11.110010 114.587318 4.451118
v 7.894992 114.641930 4.451118
v 11.110010 114.587318 4.451118
v 7.894988 114.641930 0.605759
v 7.894988 114.641930 0.605759
v 1.382802 120.462029 -1.142319
v 1.277100 112.670311 -1.142349
v 1.277101 112.670311 -3.998848
v 1.382805 120.462013 -3.998833
v 0.522470 120.476021 -4.621429
v 0.415090 112.681419 -4.621437
v -3.546016 112.732826 -4.621429
v -3.430913 120.540535 -4.621422
v -4.293275 120.554726 -3.998833
v -4.410061 112.743919 -3.998825
v -4.410058 112.744026 -1.142303
v -4.293265 120.554619 -1.142303
v -3.430906 120.540627 -0.519661
v -3.546031 112.732826 -0.519684
v 0.415093 112.681419 -0.519646
v 0.522462 120.476036 -0.519653
v 0.522462 120.476036 -0.519653
v 0.522462 120.476036 -0.519653
v 0.415093 112.681419 -0.519646
v 9.596171 106.549919 8.296543
v 14.685010 107.071922 7.429432
v 11.340860 114.583412 7.429432
v 7.894987 114.641823 8.296543
v 6.420692 114.676826 4.451134
v 8.126986 106.578804 4.451134
v 8.126987 106.578712 7.710911
v 6.420691 114.676720 7.710926
v 6.420692 114.676826 4.451134
v 11.870650 114.574516 7.260136
v 15.207410 107.065117 7.260151
v 15.207410 107.065117 6.118839
v 11.870650 114.574425 6.118870
v 11.110010 114.587410 6.219334
v 11.340860 114.583412 7.429432
v 11.870650 114.574516 7.260136
v 11.870650 114.574516 7.260136
v 11.870650 114.574425 6.118870
v 14.457290 107.075020 6.219349
v 11.110010 114.587410 6.219334
v 7.894987 114.641823 8.296543
v 11.340860 114.583412 7.429432
v 11.110010 114.587410 6.219334
v 14.457290 107.074913 4.451141
v 14.457290 107.074913 4.451141
v 11.110010 114.587318 4.451118
v 11.110010 114.587410 6.219334
v 7.894992 114.641930 4.451118
v 7.894987 114.641823 8.296543
v 11.110010 114.587318 4.451118
v 7.894992 114.641930 4.451118
v 7.894987 114.641823 8.296543
v 7.894992 114.641930 4.451118
v 7.894992 114.641930 4.451118
v 6.420692 114.676826 4.451134
v 1.277099 112.670311 13.356525
v 1.277120 112.670219 10.500034
v 1.382817 120.461922 10.500034
v 1.382798 120.462029 13.356495
v -3.546018 112.732811 13.979145
v 0.415102 112.681526 13.979115
v 0.522470 120.476036 13.979145
v -3.430909 120.540627 13.979145
v -4.410082 112.743919 10.500050
v -4.410058 112.743919 13.356541
v -4.293278 120.554619 13.356541
v -4.293272 120.554619 10.500034
v 0.415107 112.681419 9.877384
v -3.546029 112.732719 9.877384
v -3.430906 120.540535 9.877369
v 0.522458 120.476021 9.877354
v 0.522458 120.476021 9.877354
v 0.415107 112.681419 9.877384
v 0.522458 120.476021 9.877354
v 4.490081 114.606621 14.512836
v -7.459184 114.810112 4.451149
v -7.085178 114.801918 16.678486
v -2.426702 114.722725 16.678455
v 7.249528 114.560219 7.845081
v 7.247209 114.559319 4.451157
v 4.417385 110.288002 14.512653
v 4.490081 114.606621 14.512836
v -2.426702 114.722725 16.678455
v -2.426702 114.722725 16.678455
v -2.508952 110.384926 16.678257
v -10.235720 110.493904 16.678333
v -10.166980 113.375511 16.678440
v -10.166810 113.377419 4.451126
v -10.235570 110.496010 4.451141
v 7.180755 110.249107 7.845249
v 7.249528 114.560219 7.845081
v 4.490081 114.606621 14.512836
v 4.490081 114.606621 14.512836
v 7.178051 110.248222 4.451149
v 7.247209 114.559319 4.451157
v 7.249528 114.560219 7.845081
v 7.249528 114.560219 7.845081
v -7.085178 114.801918 16.678486
v -7.085178 114.801918 16.678486
v -6.054615 112.222923 17.272011
v -10.672910 110.647728 12.361164
v -10.672920 110.647728 17.272026
v -10.793980 102.135811 11.322102
v -5.520668 97.463142 11.037205
v -5.520668 97.463097 12.256474
v -10.793950 102.135704 12.256458
v -13.130620 110.681526 4.451653
v -13.087130 101.171120 4.451660
v -13.087130 101.171227 10.689060
v -13.130640 110.681709 11.724171
v 0.724217 97.404259 12.256474
v 0.724220 97.404289 10.938114
v -10.793980 102.135811 11.322102
v -10.672910 110.647728 12.361164
v -10.793980 102.135811 11.322102
v -5.520668 97.463142 11.037205
v -10.793980 102.135811 11.322102
v -6.883160 94.661507 10.195942
v -5.520668 97.463142 11.037205
v 0.684222 94.464012 10.189411
v 0.724220 97.404289 10.938114
v -5.520668 97.463142 11.037205
v -5.520668 97.463142 11.037205
v 7.314202 115.714729 10.995655
v 7.092508 97.344292 10.376926
v 16.431391 108.289116 9.441898
v 10.016530 115.660530 10.506077
v 12.509590 96.944344 9.441883
v 7.273805 113.303215 8.101414
v 15.515260 111.049019 7.293232
v 10.016690 115.679329 8.102421
v 10.016530 115.660530 10.506077
v 10.016530 115.660530 10.506077
v 16.431391 108.289116 9.441898
v 7.314364 115.733635 8.101444
v 7.314202 115.714729 10.995655
v 10.016530 115.660530 10.506077
v 10.016530 115.660530 10.506077
v 7.314364 115.733635 8.101444
v 7.314364 115.733635 8.101444
v 10.016690 115.679329 8.102421
v 9.775789 113.266624 8.102436
v 7.273805 113.303215 8.101414
v 7.314364 115.733635 8.101444
v 10.016690 115.679329 8.102421
v 15.515260 111.049019 7.293232
v 15.515260 111.049019 7.293232
v 15.324550 106.349205 7.293232
v 7.717735 90.525291 4.451622
v 12.509600 96.944328 4.451645
v 12.509590 96.944344 9.441883
v 12.509590 96.944344 9.441883
v 7.717741 90.525307 9.577106
v 7.273805 113.303337 4.451653
v 7.092512 97.344276 4.451599
v 5.728189 94.420692 10.202473
v 7.717741 90.525307 9.577106
v 7.092508 97.344292 10.376926
v 0.724220 97.404289 10.938114
v 5.728189 94.420692 10.202473
v 7.092508 97.344292 10.376926
v 7.092508 97.344292 10.376926
v 7.092512 97.344276 4.451599
v 0.724218 97.404289 4.451622
v 0.724220 97.404289 10.938114
v 7.092508 97.344292 10.376926
v 7.717741 90.525307 9.577106
v 4.290993 92.544106 9.823414
v -10.723440 107.023705 12.256474
v -0.269853 110.504219 4.451637
v -6.054609 112.223015 4.451645
v -0.269848 110.504219 17.271996
v 6.740614 101.945702 12.256351
v 0.724217 97.404259 12.256474
v 0.724220 97.404289 10.938114
v 0.724220 97.404289 10.938114
v 0.724218 97.404289 4.451622
v 0.724218 97.404289 4.451622
v 6.740604 101.945824 4.451630
v -10.723430 107.023613 17.271996
v 6.797039 106.805107 17.272026
v 6.836587 110.406212 17.272011
v -10.723430 107.023613 17.271996
v 6.797036 106.805122 12.256367
v -10.723440 107.023705 12.256474
v -10.723440 107.023705 12.256474
v -10.793950 102.135704 12.256458
v -10.793950 102.135704 12.256458
v 6.740614 101.945702 12.256351
v 6.740614 101.945702 12.256351
v -10.793950 102.135704 12.256458
v -5.520668 97.463097 12.256474
v -5.520668 97.463097 12.256474
v 0.724217 97.404259 12.256474
v 6.740614 101.945702 12.256351
v 6.836583 110.406105 4.451622
v 6.797036 106.805122 12.256367
v 6.797036 106.805122 12.256367
v -6.883155 94.661446 4.451660
v 0.684218 94.463966 4.451645
v 4.290993 92.544106 9.823414
v 4.291008 92.544075 4.451637
v 16.431391 108.289116 9.441898
v 12.509590 96.944344 9.441883
v 16.431391 108.289223 4.451653
v 16.431391 108.289116 9.441898
v 16.431391 108.289116 9.441898
v 15.515269 111.049019 4.451630
v 15.515260 111.049019 7.293232
v 15.515269 111.049019 4.451630
v 15.515269 111.049019 4.451630
v 15.324540 106.349220 4.451668
v 7.273805 113.303215 8.101414
v 9.775786 113.266624 4.451630
v 7.273805 113.303337 4.451653
v 7.273805 113.303215 8.101414
v 15.324540 106.349220 4.451668
v 5.728189 94.420692 10.202473
v 5.728184 94.420692 4.451637
v 5.728189 94.420692 10.202473
v 4.290993 92.544106 9.823414
v 5.728189 94.420692 10.202473
v 5.728184 94.420692 4.451637
v 5.728184 94.420692 4.451637
v 4.290993 92.544106 9.823414
v -10.672910 110.647728 12.361164
v -10.531170 111.119118 11.373402
v -12.972740 111.153221 10.852222
v -12.972740 111.153114 4.451630
v -10.772330 112.282524 11.066120
v -13.138360 112.316811 10.554493
v -13.138350 112.316826 4.451630
v -10.772330 112.282524 11.066120
v -10.772330 112.274529 4.451630
v -10.772330 112.282524 11.066120
v -10.531170 111.119118 11.373402
v -10.772330 110.638130 4.451653
v -10.772330 112.282524 11.066120
v 6.797036 106.805122 12.256367
v 6.797039 106.805107 17.272026
v 6.797036 106.805122 12.256367
v -10.531170 111.119118 11.373402
v -10.772330 110.638130 4.451653
v -10.531170 111.119118 11.373402
v -10.531170 111.119118 11.373402
v 7.247209 114.559319 4.451157
v 7.249533 114.560326 1.057175
v 4.490091 114.606728 -5.610542
v -7.459184 114.810112 4.451149
v 7.247209 114.559319 4.451157
v -7.085178 114.801933 -7.776207
v -7.459184 114.810112 4.451149
v -2.426712 114.722816 -7.776123
v -2.426712 114.722816 -7.776123
v 4.490091 114.606728 -5.610542
v 4.417387 110.288017 -5.610367
v -2.508959 110.385124 -7.775986
v -2.426712 114.722816 -7.776123
v -10.166810 113.377419 4.451126
v -10.166980 113.375420 -7.776184
v -10.235740 110.494011 -7.776047
v -10.235570 110.496010 4.451141
v -10.166810 113.377419 4.451126
v 4.490091 114.606728 -5.610542
v 7.249533 114.560326 1.057175
v 7.180755 110.249123 1.057060
v 4.490091 114.606728 -5.610542
v 7.249533 114.560326 1.057175
v 7.247209 114.559319 4.451157
v 7.178051 110.248222 4.451149
v 7.178051 110.248222 4.451149
v 7.249533 114.560326 1.057175
v -2.426712 114.722816 -7.776123
v -7.085178 114.801933 -7.776207
v -6.054623 112.222923 -8.368759
v -10.672900 110.647713 -8.368744
v -10.672910 110.647728 -3.457893
v -5.520658 97.463158 -3.353218
v -5.520674 97.463158 -2.133919
v -10.793950 102.135811 -2.418808
v -10.793970 102.135704 -3.353195
v -13.130620 110.681526 4.451653
v -13.130640 110.681618 -2.820892
v -13.087140 101.171227 -1.785759
v -13.087130 101.171120 4.451660
v -13.130620 110.681526 4.451653
v 0.724220 97.404274 -3.353203
v 0.724216 97.404259 -2.034866
v -10.672910 110.647728 -3.457893
v -10.793950 102.135811 -2.418808
v -10.793950 102.135811 -2.418808
v -10.793950 102.135811 -2.418808
v -5.520674 97.463158 -2.133919
v -5.520674 97.463158 -2.133919
v -6.883162 94.661507 -1.292702
v 0.684214 94.463982 -1.286133
v -5.520674 97.463158 -2.133919
v -5.520674 97.463158 -2.133919
v 0.724216 97.404259 -2.034866
v 16.431391 108.289116 -0.538574
v 7.092512 97.344231 -1.473625
v 7.314193 115.714729 -2.092361
v 10.016530 115.660423 -1.602791
v 12.509590 96.944420 -0.538635
v 7.273803 113.303322 0.801849
v 15.515260 111.049004 1.610054
v 16.431391 108.289116 -0.538574
v 10.016530 115.660423 -1.602791
v 10.016530 115.660423 -1.602791
v 10.016700 115.679222 0.800835
v 7.314370 115.733528 0.801857
v 10.016530 115.660423 -1.602791
v 10.016530 115.660423 -1.602791
v 7.314193 115.714729 -2.092361
v 7.314370 115.733528 0.801857
v 9.775792 113.266518 0.800850
v 10.016700 115.679222 0.800835
v 7.314370 115.733528 0.801857
v 7.314370 115.733528 0.801857
v 7.273803 113.303322 0.801849
v 15.324550 106.349205 1.610062
v 15.515260 111.049004 1.610054
v 15.515260 111.049004 1.610054
v 10.016700 115.679222 0.800835
v 7.717735 90.525291 4.451622
v 7.717746 90.525215 -0.673759
v 12.509590 96.944420 -0.538635
v 12.509590 96.944420 -0.538635
v 12.509600 96.944328 4.451645
v 7.717735 90.525291 4.451622
v 7.092512 97.344276 4.451599
v 7.092512 97.344276 4.451599
v 7.273805 113.303337 4.451653
v 7.717746 90.525215 -0.673759
v 5.728192 94.420647 -1.299210
v 7.092512 97.344231 -1.473625
v 5.728192 94.420647 -1.299210
v 0.724216 97.404259 -2.034866
v 7.092512 97.344231 -1.473625
v 7.092512 97.344231 -1.473625
v 0.724216 97.404259 -2.034866
v 0.724218 97.404289 4.451622
v 0.724218 97.404289 4.451622
v 7.092512 97.344276 4.451599
v 7.092512 97.344231 -1.473625
v 7.717746 90.525215 -0.673759
v 4.291000 92.544106 -0.920174
v -10.723450 107.023613 -3.353203
v -6.054609 112.223015 4.451645
v -0.269853 110.504219 4.451637
v -0.269853 110.504219 4.451637
v -0.269852 110.504219 -8.368736
v 0.724216 97.404259 -2.034866
v 6.740602 101.945702 -3.353096
v 6.740604 101.945824 4.451630
v 6.740604 101.945824 4.451630
v 0.724218 97.404289 4.451622
v 0.724216 97.404259 -2.034866
v 0.724216 97.404259 -2.034866
v 0.724220 97.404274 -3.353203
v -10.723460 107.023720 -8.368713
v 6.797037 106.805016 -8.368706
v 6.836578 110.406227 -8.368752
v -10.723460 107.023720 -8.368713
v 6.797037 106.805016 -3.353096
v -10.723450 107.023613 -3.353203
v -10.793970 102.135704 -3.353195
v -10.723450 107.023613 -3.353203
v 6.740602 101.945702 -3.353096
v -10.793970 102.135704 -3.353195
v -5.520658 97.463158 -3.353218
v -10.793970 102.135704 -3.353195
v 6.740602 101.945702 -3.353096
v 6.740602 101.945702 -3.353096
v 0.724220 97.404274 -3.353203
v -5.520658 97.463158 -3.353218
v 6.836583 110.406105 4.451622
v -0.269853 110.504219 4.451637
v 6.836583 110.406105 4.451622
v 6.797037 106.805016 -3.353096
v 6.836583 110.406105 4.451622
v 6.740604 101.945824 4.451630
v 6.740604 101.945824 4.451630
v 6.797037 106.805016 -3.353096
v -6.883155 94.661446 4.451660
v -13.087130 101.171120 4.451660
v -13.087130 101.171120 4.451660
v -6.883155 94.661446 4.451660
v 0.684218 94.463966 4.451645
v -6.883155 94.661446 4.451660
v 4.291008 92.544075 4.451637
v 4.291000 92.544106 -0.920174
v 7.717735 90.525291 4.451622
v 4.291008 92.544075 4.451637
v 12.509600 96.944328 4.451645
v 12.509590 96.944420 -0.538635
v 16.431391 108.289116 -0.538574
v 16.431391 108.289116 -0.538574
v 16.431391 108.289223 4.451653
v 12.509600 96.944328 4.451645
v 15.515269 111.049019 4.451630
v 16.431391 108.289223 4.451653
v 16.431391 108.289223 4.451653
v 16.431391 108.289116 -0.538574
v 15.515269 111.049019 4.451630
v 15.515260 111.049004 1.610054
v 15.324540 106.349220 4.451668
v 15.515269 111.049019 4.451630
v 9.775786 113.266624 4.451630
v 7.273803 113.303322 0.801849
v 7.273803 113.303322 0.801849
v 7.273805 113.303337 4.451653
v 9.775786 113.266624 4.451630
v 9.775786 113.266624 4.451630
v 15.324540 106.349220 4.451668
v 9.775786 113.266624 4.451630
v 0.684218 94.463966 4.451645
v 5.728192 94.420647 -1.299210
v 5.728192 94.420647 -1.299210
v 5.728184 94.420692 4.451637
v 0.684218 94.463966 4.451645
v 5.728184 94.420692 4.451637
v 5.728192 94.420647 -1.299210
v 4.291000 92.544106 -0.920174
v 4.291000 92.544106 -0.920174
v 4.291008 92.544075 4.451637
v 5.728184 94.420692 4.451637
v -10.531180 111.119011 -2.470123
v -10.672910 110.647728 -3.457893
v -12.972750 111.153221 -1.948929
v -13.130620 110.681526 4.451653
v -13.130620 110.681526 4.451653
v -12.972740 111.153114 4.451630
v -10.772320 112.282417 -2.162842
v -13.138370 112.316933 -1.651245
v -12.972740 111.153114 4.451630
v -12.972740 111.153114 4.451630
v -13.138350 112.316826 4.451630
v -13.138350 112.316826 4.451630
v -10.772330 112.274529 4.451630
v -10.772330 112.274529 4.451630
v -10.772320 112.282417 -2.162842
v -10.772320 112.282417 -2.162842
v -10.772330 112.274529 4.451630
v -10.772330 110.638130 4.451653
v -10.772330 110.638130 4.451653
v -10.531180 111.119011 -2.470123
v -10.772320 112.282417 -2.162842
v 6.797037 106.805016 -3.353096
v 6.797037 106.805016 -8.368706
v 6.836583 110.406105 4.451622
v 6.797037 106.805016 -3.353096
v -10.531180 111.119011 -2.470123
v -10.772330 110.638130 4.451653
v -6.054609 112.223015 4.451645
v -6.054609 112.223015 4.451645
v -10.531180 111.119011 -2.470123
v -10.531180 111.119011 -2.470123
v -7.459184 114.810112 4.451149
v -7.085178 114.801918 16.678486
v -7.459184 114.810112 4.451149
v -7.085178 114.801933 -7.776207
v -10.166810 113.377419 4.451126
v -10.166810 113.377419 4.451126
v -7.459184 114.810112 4.451149
v -7.085178 114.801933 -7.776207
v 7.409289 115.729927 -0.179749
v 8.699809 115.699333 0.481133
v 8.150345 132.596649 -2.680504
v 6.861749 132.634918 -3.388229
v 7.428839 115.726936 -1.501534
v 6.881278 132.632141 -4.803474
v 8.738774 115.693428 -2.162399
v 7.428839 115.726936 -1.501534
v 6.881278 132.632141 -4.803474
v 6.881278 132.632141 -4.803474
v 8.189274 132.591034 -5.511177
v 9.473342 132.552826 -4.803505
v 10.024130 115.663017 -1.501549
v 9.453952 132.555634 -3.388222
v 10.004730 115.665916 -0.179710
v 7.428839 115.726936 -1.501534
v 10.024130 115.663017 -1.501549
v 8.699809 115.699333 0.481133
v 8.699809 115.699333 0.481133
v 7.409289 115.729927 -0.179749
v 7.428839 115.726936 -1.501534
v 7.428839 115.726936 -1.501534
v 8.738774 115.693428 -2.162399
v 10.024130 115.663017 -1.501549
v 10.004730 115.665916 -0.179710
v 8.699809 115.699333 0.481133
v 10.024130 115.663017 -1.501549
v 8.150352 132.596527 11.582783
v 8.699806 115.699318 8.421162
v 7.409287 115.729927 9.082020
v 6.861753 132.634918 12.290440
v 7.428857 115.726830 10.403843
v 6.881276 132.632111 13.705738
v 6.881276 132.632111 13.705738
v 7.428857 115.726830 10.403843
v 8.738774 115.693520 11.064671
v 8.189281 132.590942 14.413425
v 6.881276 132.632111 13.705738
v 9.473341 132.552826 13.705753
v 10.024140 115.662926 10.403828
v 9.453953 132.555634 12.290470
v 10.004730 115.665932 9.082020
v 7.428857 115.726830 10.403843
v 8.699806 115.699318 8.421162
v 10.024140 115.662926 10.403828
v 10.024140 115.662926 10.403828
v 8.738774 115.693520 11.064671
v 7.428857 115.726830 10.403843
v 7.428857 115.726830 10.403843
v 7.409287 115.729927 9.082020
v 8.699806 115.699318 8.421162
v 10.004730 115.665932 9.082020
v 10.024140 115.662926 10.403828
v 8.699806 115.699318 8.421162
v -7.641827 159.653046 6.141560
v -7.358663 160.327942 6.342579
v -5.502548 157.771606 5.694981
v -5.750108 157.071259 5.485645
v -7.232367 160.305847 6.819218
v -5.388299 157.758820 6.174519
v -5.388299 157.758820 6.174519
v -7.232367 160.305847 6.819218
v -7.389163 159.608917 7.094837
v -5.521512 157.045929 6.444752
v -5.388299 157.758820 6.174519
v -7.672563 158.933899 6.893848
v -5.769267 156.345428 6.235401
v -7.798918 158.955963 6.417255
v -5.883616 156.358032 5.755863
v -8.874100 161.358124 6.925053
v -8.541750 161.978058 7.110905
v -8.401897 161.939728 7.583210
v -7.232367 160.305847 6.819218
v -8.401897 161.939728 7.583210
v -8.594315 161.281830 7.869678
v -7.232367 160.305847 6.819218
v -8.926884 160.661743 7.683872
v -9.066828 160.699921 7.211552
v -10.340710 163.282135 7.444569
v -9.855591 163.686157 7.578709
v -9.711567 163.639862 8.049397
v -8.401897 161.939728 7.583210
v -9.711567 163.639862 8.049397
v -10.052740 163.189331 8.386021
v -8.401897 161.939728 7.583210
v -10.538030 162.785034 8.251911
v -10.682000 162.831268 7.781193
v -11.158730 165.676910 7.374180
v -10.659730 165.423218 7.483067
v -10.528590 165.461945 7.961201
v -10.528590 165.461945 7.961201
v -10.896590 165.754120 8.330479
v -9.711567 163.639862 8.049397
v -10.528590 165.461945 7.961201
v -11.395310 166.007935 8.221577
v -11.526280 165.969238 7.743473
v -10.831680 168.142609 6.901157
v -10.465210 167.654114 7.067631
v -10.297170 167.758514 7.529545
v -10.297170 167.758514 7.529545
v -10.495820 168.351105 7.824970
v -10.528590 165.461945 7.961201
v -10.297170 167.758514 7.529545
v -10.862040 168.839630 7.658466
v -11.029880 168.735535 7.196552
v -10.490000 168.225922 0.978462
v -10.779170 165.489716 0.677231
v -11.354910 165.488342 0.667023
v -10.848160 168.770935 1.097122
v -11.577500 165.337128 1.083649
v -11.021760 168.791840 1.558830
v -11.224480 165.187714 1.510597
v -10.837460 168.267700 1.901848
v -10.648500 165.189240 1.520851
v -10.479150 167.722900 1.783195
v -10.425780 165.340240 1.104187
v -10.305290 167.702118 1.321495
v -10.305290 167.702118 1.321495
v -10.425780 165.340240 1.104187
v -10.305290 167.702118 1.321495
v -10.013410 163.254028 0.516289
v -10.508750 162.781647 0.551170
v -10.711200 162.585419 0.995277
v -10.418230 162.862152 1.404533
v -9.922918 163.334747 1.369606
v -9.720564 163.530426 0.925484
v -9.720564 163.530426 0.925484
v -10.425780 165.340240 1.104187
v -9.720564 163.530426 0.925484
v -8.469347 161.458557 0.679138
v -8.791336 160.743805 0.735573
v -8.965076 160.517700 1.184151
v -8.816612 161.006622 1.576324
v -8.494690 161.721344 1.519875
v -8.321175 161.947205 1.071205
v -8.321175 161.947205 1.071205
v -9.720564 163.530426 0.925484
v -8.321175 161.947205 1.071205
v -7.152656 159.818115 1.031258
v -7.424671 159.047607 1.097672
v -7.591994 158.811646 1.547394
v -7.487063 159.346222 1.930710
v -7.215114 160.116730 1.864243
v -7.048028 160.352539 1.414551
v -7.048028 160.352539 1.414551
v -8.321175 161.947205 1.071205
v -7.048028 160.352539 1.414551
v -5.491786 157.311523 1.456627
v -5.726695 156.514618 1.528732
v -5.870880 156.261536 1.982025
v -5.779900 156.805511 2.363243
v -5.545029 157.602539 2.291153
v -5.401089 157.855408 1.837807
v -5.401089 157.855408 1.837807
v -7.048028 160.352539 1.414551
v -5.401089 157.855408 1.837807
v -7.634662 159.718750 3.728470
v -7.397744 160.412018 3.955772
v -5.469337 157.766510 3.637787
v -5.693686 157.064941 3.408966
v -7.381521 160.436432 4.449562
v -5.411494 157.760040 4.126709
v -5.411494 157.760040 4.126709
v -7.381521 160.436432 4.449562
v -7.602171 159.767548 4.716064
v -5.577940 157.052124 4.386894
v -5.411494 157.760040 4.126709
v -7.839331 159.074005 4.488670
v -5.802510 156.350494 4.158073
v -7.855575 159.049622 3.994888
v -5.860401 156.356934 3.669136
v -8.966045 161.135132 3.587532
v -8.721054 161.819122 3.816513
v -8.785133 161.932068 4.302711
v -7.381521 160.436432 4.449562
v -8.785133 161.932068 4.302711
v -9.094204 161.360657 4.559952
v -7.381521 160.436432 4.449562
v -9.339449 160.676422 4.331001
v -9.275385 160.563538 3.844742
v -10.850870 163.062042 2.939384
v -10.465730 163.561249 3.210869
v -10.547340 163.724121 3.687271
v -8.785133 161.932068 4.302711
v -10.547340 163.724121 3.687271
v -11.013940 163.387848 3.892250
v -8.785133 161.932068 4.302711
v -11.399140 162.888214 3.620804
v -11.317670 162.725220 3.144409
v -11.409840 165.931305 2.646034
v -10.969220 165.833313 2.984947
v -11.062910 165.911407 3.467850
v -10.547340 163.724121 3.687271
v -11.062910 165.911407 3.467850
v -11.597010 166.087830 3.611893
v -10.547340 163.724121 3.687271
v -12.037140 166.185944 3.272995
v -11.943650 166.107727 2.790031
v -10.566070 168.194733 2.785721
v -10.323390 167.700928 3.105087
v -10.421150 167.752991 3.586655
v -10.421150 167.752991 3.586655
v -10.761420 168.298889 3.748909
v -11.062910 165.911407 3.467850
v -10.421150 167.752991 3.586655
v -11.003660 168.793121 3.429588
v -10.906080 168.741058 2.947975
v -5.487152 139.694794 -14.609550
v -5.487142 139.694794 -20.322250
v -2.647289 139.612213 -20.322273
v -2.647273 139.612305 -14.609566
v -6.888019 142.089905 -20.322273
v -5.487142 139.694794 -20.322250
v -5.487152 139.694794 -14.609550
v -5.487152 139.694794 -14.609550
v -6.888010 142.090027 -14.609558
v -5.453481 144.399323 -20.322205
v -5.453481 144.399414 -14.609543
v -2.618231 144.310333 -20.322243
v -2.618236 144.310333 -14.609535
v -1.213474 141.918427 -14.609596
v -1.213479 141.918427 -20.322227
v -5.487140 139.694916 22.126747
v -2.647280 139.612213 22.126793
v -2.647271 139.612213 27.839531
v -5.487137 139.694916 27.839485
v -6.888032 142.089905 27.839485
v -6.887999 142.089905 22.126839
v -5.487140 139.694916 22.126747
v -5.487140 139.694916 22.126747
v -5.487137 139.694916 27.839485
v -5.453475 144.399414 27.839470
v -5.453472 144.399414 22.126808
v -2.618229 144.310211 27.839485
v -2.618234 144.310211 22.126778
v -1.213471 141.918304 22.126793
v -1.213483 141.918427 27.839516
v -7.085178 114.801933 -7.776207
v -7.085178 114.801933 -7.776207
v -2.426702 114.722725 16.678455
v -7.085178 114.801918 16.678486
v 0.380531 99.091331 -8.087173
v 0.380516 99.091438 -2.576073
v -2.804065 99.124138 -2.576103
v -2.804065 99.124229 -8.087204
v -2.804065 99.124138 -2.576103
v -4.363972 101.751015 -2.576103
v -4.363976 101.751015 -8.087204
v -2.804065 99.124229 -8.087204
v -2.804065 99.124138 -2.576103
v -2.735898 104.343010 -2.576073
v -2.735889 104.343010 -8.087181
v 0.446710 104.306511 -2.576073
v 0.446707 104.306511 -8.087212
v 2.002259 101.681801 -2.576080
v 2.002275 101.681816 -8.087181
v 0.380530 99.091377 16.990437
v -2.804064 99.124184 16.990482
v -2.804071 99.124092 11.479359
v 0.380515 99.091438 11.479343
v -2.804071 99.124092 11.479359
v -2.804064 99.124184 16.990482
v -4.363969 101.751015 16.990498
v -4.363961 101.750923 11.479359
v -2.804071 99.124092 11.479359
v -2.735888 104.343010 16.990498
v -2.735907 104.343010 11.479359
v 0.446714 104.306511 16.990482
v 0.446712 104.306511 11.479359
v 2.002275 101.681816 16.990452
v 2.002264 101.681801 11.479343
v 6.602653 105.504814 -6.674858
v 6.602654 105.504707 -9.292656
v -9.092459 105.693611 -9.292618
v -9.092476 105.693611 -6.674812
v 6.236154 83.555710 -6.725014
v 6.236150 83.555779 -9.612167
v 6.572780 103.456306 -9.312569
v 6.572793 103.456322 -6.691704
v -9.213396 83.647545 -6.725029
v -9.107792 103.634102 -6.691734
v 6.572786 103.456413 -11.002777
v 6.602648 105.504829 -10.980888
v 6.602654 105.504707 -9.292656
v -9.107788 103.634209 -11.002754
v -9.092480 105.693626 -10.980865
v 6.602648 105.504829 -10.980888
v 6.602648 105.504829 -10.980888
v 6.572786 103.456413 -11.002777
v -9.092459 105.693611 -9.292618
v -9.092459 105.693611 -9.292618
v -9.107786 103.634209 -9.312576
v 6.602648 105.504829 -10.980888
v -9.213419 83.647514 -9.612213
v 6.602654 105.504707 -9.292656
v 6.602654 105.504707 -9.292656
v -9.092459 105.693611 -9.292618
v -9.092480 105.693626 -10.980865
v -9.092480 105.693626 -10.980865
v -9.107788 103.634209 -11.002754
v 6.572780 103.456306 -9.312569
v -9.107786 103.634209 -9.312576
v 6.572786 103.456413 -11.002777
v 6.572780 103.456306 -9.312569
v -9.213419 83.647514 -9.612213
v -9.107786 103.634209 -9.312576
v 6.572780 103.456306 -9.312569
v 6.572780 103.456306 -9.312569
v 6.236150 83.555779 -9.612167
v -9.213419 83.647514 -9.612213
v -8.428642 103.737114 -9.211586
v 5.905682 103.574013 -9.211578
v 5.905674 103.574013 -12.445824
v -8.428627 103.737129 -12.445793
v 5.905682 103.574013 -9.211578
v 5.581223 83.559639 -9.510696
v 5.625034 85.973503 -13.007393
v 5.905682 103.574013 -9.211578
v -8.533768 86.065224 -13.007408
v -8.428642 103.737114 -9.211586
v -8.541206 83.643555 -9.510742
v -8.428642 103.737114 -9.211586
v -3.217568 91.356041 -7.200729
v -3.217579 91.356087 -5.340172
v -6.234116 102.525108 -5.292473
v -6.234107 102.525108 -7.138893
v -4.103694 105.397713 -5.282227
v -4.103697 105.397713 -7.125587
v 1.675950 105.328606 -5.282265
v 1.675946 105.328819 -7.125595
v 3.723157 102.415611 -5.292435
v 3.723155 102.415703 -7.138939
v 0.481941 91.327400 -5.340210
v 0.481953 91.327309 -7.200760
v -4.103694 105.397713 -5.282227
v -3.217579 91.356087 -5.340172
v 3.723157 102.415611 -5.292435
v 3.723157 102.415611 -5.292435
v 1.675950 105.328606 -5.282265
v -4.103694 105.397713 -5.282227
v -4.103694 105.397713 -5.282227
v -6.234116 102.525108 -5.292473
v -3.217579 91.356087 -5.340172
v 0.481941 91.327400 -5.340210
v 3.723157 102.415611 -5.292435
v -3.217579 91.356087 -5.340172
v 14.412440 0.130937 -17.555603
v 5.874020 0.130922 -16.501579
v 5.453671 0.130922 -19.410011
v 14.017459 0.130937 -20.463966
v -3.137908 18.540527 -15.807335
v -4.349524 18.540588 -24.192314
v -5.401540 18.540665 -24.066170
v -4.189539 18.540588 -15.681213
v 14.412440 0.130937 -17.555603
v 14.017459 0.130937 -20.463966
v 13.582730 0.910189 -20.379318
v 13.979079 0.910158 -17.471001
v 14.412440 0.130937 -17.555603
v 7.902658 3.479250 -27.520569
v 12.948690 0.130968 -28.277206
v 4.320487 0.130907 -27.223198
v 4.349226 3.482073 -27.091171
v 12.510550 0.910143 -28.192436
v -13.952070 8.926575 -23.513268
v -14.205460 0.130892 -23.877754
v -12.982200 0.130907 -15.435356
v -12.740130 8.926559 -15.084801
v -0.761287 8.926483 -16.510498
v -12.740130 8.926559 -15.084801
v 5.874020 0.130922 -16.501579
v 5.874020 0.130922 -16.501579
v 5.894756 3.482088 -16.372238
v -12.982200 0.130907 -15.435356
v 5.874020 0.130922 -16.501579
v -12.740130 8.926559 -15.084801
v -0.761287 8.926483 -16.510498
v -1.990155 8.926468 -24.938957
v -4.382042 16.916275 -24.270180
v -3.166965 16.916245 -15.875992
v -0.761287 8.926483 -16.510498
v -5.434267 16.916367 -24.144226
v -13.768860 16.916733 -23.141167
v -12.569530 16.916672 -14.747002
v -4.218866 16.916321 -15.750008
v -4.349524 18.540588 -24.192314
v -4.382042 16.916275 -24.270180
v -5.434267 16.916367 -24.144226
v -5.434267 16.916367 -24.144226
v -5.401540 18.540665 -24.066170
v -4.349524 18.540588 -24.192314
v -4.189539 18.540588 -15.681213
v -4.218866 16.916321 -15.750008
v -3.166965 16.916245 -15.875992
v -3.166965 16.916245 -15.875992
v -3.137908 18.540527 -15.807335
v -4.189539 18.540588 -15.681213
v 4.769500 3.482042 -24.183510
v -0.761287 8.926483 -16.510498
v -0.761287 8.926483 -16.510498
v 5.894756 3.482088 -16.372238
v 5.894756 3.482088 -16.372238
v 5.476550 3.482058 -19.279892
v 4.349226 3.482073 -27.091171
v 12.910900 0.910173 -25.284065
v 12.510550 0.910143 -28.192436
v 7.902658 3.479250 -27.520569
v 7.902658 3.479250 -27.520569
v 8.315484 3.479250 -24.612953
v 4.320487 0.130907 -27.223198
v 4.320487 0.130907 -27.223198
v 4.742955 0.130907 -24.314827
v -1.990155 8.926468 -24.938957
v -14.205460 0.130892 -23.877754
v -14.205460 0.130892 -23.877754
v -13.952070 8.926575 -23.513268
v -1.990155 8.926468 -24.938957
v -14.205460 0.130892 -23.877754
v 9.419312 3.479250 -16.801605
v 5.874020 0.130922 -16.501579
v 14.412440 0.130937 -17.555603
v 14.412440 0.130937 -17.555603
v 13.979079 0.910158 -17.471001
v 5.874020 0.130922 -16.501579
v 4.320487 0.130907 -27.223198
v 12.948690 0.130968 -28.277206
v 12.948690 0.130968 -28.277206
v 13.347820 0.130922 -25.368805
v 13.347820 0.130922 -25.368805
v 12.948690 0.130968 -28.277206
v 12.510550 0.910143 -28.192436
v 12.510550 0.910143 -28.192436
v 12.910900 0.910173 -25.284065
v 13.347820 0.130922 -25.368805
v 5.894756 3.482088 -16.372238
v 9.419312 3.479250 -16.801605
v 9.419312 3.479250 -16.801605
v 9.009343 3.479250 -19.709290
v 4.742955 0.130907 -24.314827
v 12.910900 0.910173 -25.284065
v 8.315484 3.479250 -24.612953
v 8.315484 3.479250 -24.612953
v 4.769500 3.482042 -24.183510
v 4.742955 0.130907 -24.314827
v 12.910900 0.910173 -25.284065
v 4.742955 0.130907 -24.314827
v 13.347820 0.130922 -25.368805
v 5.453671 0.130922 -19.410011
v 4.742955 0.130907 -24.314827
v 4.769500 3.482042 -24.183510
v 4.769500 3.482042 -24.183510
v 5.476550 3.482058 -19.279892
v 5.453671 0.130922 -19.410011
v 14.017459 0.130937 -20.463966
v 5.476550 3.482058 -19.279892
v 9.009343 3.479250 -19.709290
v 9.009343 3.479250 -19.709290
v 14.017459 0.130937 -20.463966
v 5.476550 3.482058 -19.279892
v 14.017459 0.130937 -20.463966
v 5.453671 0.130922 -19.410011
v 7.902658 3.479250 -27.520569
v 4.349226 3.482073 -27.091171
v 7.902658 3.479250 -27.520569
v 9.419312 3.479250 -16.801605
v 13.979079 0.910158 -17.471001
v 13.979079 0.910158 -17.471001
v 13.582730 0.910189 -20.379318
v -3.166965 16.916245 -15.875992
v -4.218866 16.916321 -15.750008
v -4.218866 16.916321 -15.750008
v -12.569530 16.916672 -14.747002
v -12.569530 16.916672 -14.747002
v -12.740130 8.926559 -15.084801
v -13.952070 8.926575 -23.513268
v -13.768860 16.916733 -23.141167
v -5.434267 16.916367 -24.144226
v -5.434267 16.916367 -24.144226
v -4.382042 16.916275 -24.270180
v -13.952070 8.926575 -23.513268
v -13.952070 8.926575 -23.513268
v -4.382042 16.916275 -24.270180
v -1.990155 8.926468 -24.938957
v -12.855450 8.734512 -13.812195
v -5.869090 8.734467 -14.645256
v -5.835928 10.397949 -14.577835
v -12.816360 10.398010 -13.744041
v -6.046708 10.397934 -16.023224
v -13.024230 10.397995 -15.189430
v -6.080409 8.734436 -16.091629
v -13.063750 8.734497 -15.258545
v -13.063750 8.734497 -15.258545
v -6.080409 8.734436 -16.091629
v -13.063750 8.734497 -15.258545
v -14.212840 8.734497 -23.257408
v -7.248589 8.734482 -24.090508
v -7.211830 10.397934 -24.016899
v -14.171010 10.398056 -23.183083
v -7.422390 10.397949 -25.462288
v -14.377800 10.398056 -24.628502
v -7.459661 8.734467 -25.536850
v -14.420050 8.734512 -24.703743
v -7.248589 8.734482 -24.090508
v -7.248589 8.734482 -24.090508
v -14.212840 8.734497 -23.257408
v -17.459419 11.481873 -13.131027
v -17.497971 9.818298 -13.200127
v -16.704611 11.256027 -14.703682
v -16.743971 9.592484 -14.773643
v -16.743971 9.592484 -14.773643
v -13.063750 8.734497 -15.258545
v -16.743971 9.592484 -14.773643
v -17.830709 11.256042 -22.694344
v -17.871811 9.592484 -22.769966
v -18.983860 11.481918 -24.010292
v -19.024630 9.818329 -24.087189
v -17.871811 9.592484 -22.769966
v -14.212840 8.734497 -23.257408
v -17.871811 9.592484 -22.769966
v -16.743971 9.592484 -14.773643
v -16.743971 9.592484 -14.773643
v -17.871811 9.592484 -22.769966
v -17.871811 9.592484 -22.769966
v -16.743971 9.592484 -14.773643
v -17.871811 9.592484 -22.769966
v -17.600861 0.130861 -13.688332
v -6.065561 0.130876 -15.062408
v -6.003683 2.884966 -14.955917
v -17.510160 2.884935 -13.581528
v -16.069651 2.884981 -15.230675
v -6.216878 2.884966 -16.404297
v -6.279570 0.130892 -16.511047
v -16.158470 0.130907 -15.337677
v -16.158470 0.130907 -15.337677
v -6.279570 0.130892 -16.511047
v -16.158470 0.130907 -15.337677
v -17.289101 0.130846 -23.270943
v -7.450783 0.130876 -24.444283
v -7.383654 2.884966 -24.336220
v -17.198259 2.885012 -23.162613
v -7.596544 2.884951 -25.784592
v -19.034960 2.884966 -24.410225
v -7.664456 0.130892 -25.892921
v -19.127590 0.130876 -24.518852
v -17.289101 0.130846 -23.270943
v -7.450783 0.130876 -24.444283
v -17.289101 0.130846 -23.270943
v -16.158470 0.130907 -15.337677
v -16.158470 0.130907 -15.337677
v -17.289101 0.130846 -23.270943
v -17.289101 0.130846 -23.270943
v -16.158470 0.130907 -15.337677
v -17.289101 0.130846 -23.270943
v -5.869090 8.734467 -14.645256
v -5.869090 8.734467 -14.645256
v -6.080409 8.734436 -16.091629
v -7.248589 8.734482 -24.090508
v -7.248589 8.734482 -24.090508
v -7.459661 8.734467 -25.536850
v -6.216878 2.884966 -16.404297
v -6.279570 0.130892 -16.511047
v -6.216878 2.884966 -16.404297
v -7.596544 2.884951 -25.784592
v -7.664456 0.130892 -25.892921
v -7.596544 2.884951 -25.784592
v 3.570403 87.319427 -20.287903
v 5.070380 87.309250 -20.287880
v 5.070382 87.309235 -21.499741
v 3.570400 87.319473 -21.499779
v 4.935995 79.685905 -20.549690
v 4.936000 79.685875 -21.772652
v 5.070380 87.309250 -20.287880
v 5.457038 115.458824 -15.454094
v 5.457546 115.512810 -16.870750
v 3.937299 115.482826 -15.454079
v -0.944892 79.716133 -21.772667
v 3.472192 79.693413 -20.549675
v -0.944891 79.716148 -20.549667
v -0.836097 87.349342 -21.499748
v -0.836101 87.349373 -20.287918
v 5.070380 87.309250 -20.287880
v 3.570403 87.319427 -20.287903
v 3.622076 90.780403 -18.493576
v 5.126123 90.768944 -18.493637
v 5.070380 87.309250 -20.287880
v 5.096051 88.804131 -15.555534
v 4.935995 79.685905 -20.549690
v 5.070380 87.309250 -20.287880
v 5.070380 87.309250 -20.287880
v 3.593649 88.814827 -15.555527
v 3.472192 79.693413 -20.549675
v 3.472192 79.693413 -20.549675
v 4.935995 79.685905 -20.549690
v 3.774618 101.504005 -17.551155
v 5.290316 101.487923 -17.551201
v 5.260669 99.419945 -14.746559
v 3.746718 99.435173 -14.746574
v 3.593649 88.814827 -15.555527
v 3.746718 99.435173 -14.746574
v 3.746718 99.435173 -14.746574
v 3.799188 103.381920 -15.386452
v 5.316255 103.364815 -15.386459
v 5.290504 101.500816 -12.893097
v 3.774775 101.517006 -12.893105
v 3.746718 99.435173 -14.746574
v 3.746718 99.435173 -14.746574
v 3.774775 101.517006 -12.893105
v 3.879363 109.992729 -15.318840
v 5.399288 109.972130 -15.318832
v 5.398668 109.918037 -12.805939
v 3.878758 109.938728 -12.805977
v 3.774775 101.517006 -12.893105
v 3.878758 109.938728 -12.805977
v 3.878758 109.938728 -12.805977
v 5.399288 109.972130 -15.318832
v 3.879363 109.992729 -15.318840
v 3.893193 111.232903 -16.904724
v 5.413284 111.211510 -16.904755
v 5.399288 109.972130 -15.318832
v 5.457038 115.458824 -15.454094
v 5.399288 109.972130 -15.318832
v 5.457038 115.458824 -15.454094
v 5.457038 115.458824 -15.454094
v 5.457038 115.458824 -15.454094
v 3.937299 115.482826 -15.454079
v 3.878758 109.938728 -12.805977
v 3.937299 115.482826 -15.454079
v 5.457038 115.458824 -15.454094
v -0.527378 111.295311 -16.904762
v 3.879363 109.992729 -15.318840
v 3.879363 109.992729 -15.318840
v -0.541581 110.053108 -15.318848
v 3.879363 109.992729 -15.318840
v 3.937299 115.482826 -15.454079
v 3.937299 115.482826 -15.454079
v -0.480639 115.552620 -15.454071
v -0.480071 115.606728 -16.870705
v -0.480639 115.552620 -15.454071
v 3.472192 79.693413 -20.549675
v -0.944891 79.716148 -20.549667
v 3.472192 79.693413 -20.549675
v 3.570403 87.319427 -20.287903
v 3.472192 79.693413 -20.549675
v 3.593649 88.814827 -15.555527
v 3.593649 88.814827 -15.555527
v 3.570403 87.319427 -20.287903
v 4.935995 79.685905 -20.549690
v -6.792546 87.389717 -21.499741
v -6.792555 87.389732 -20.287926
v -5.270319 87.379402 -20.287918
v -5.270318 87.379402 -21.499779
v -6.875174 79.746635 -21.772682
v -6.875168 79.746635 -20.549652
v -6.792555 87.389732 -20.287926
v -6.467955 115.647316 -15.454117
v -4.925970 115.622932 -15.454041
v -6.467319 115.701622 -16.870766
v -0.944892 79.716133 -21.772667
v -0.944891 79.716148 -20.549667
v -5.389744 79.739029 -20.549728
v -0.944892 79.716133 -21.772667
v -0.836097 87.349342 -21.499748
v -0.836101 87.349373 -20.287918
v -0.836097 87.349342 -21.499748
v -5.225526 90.847878 -18.493629
v -5.270319 87.379402 -20.287918
v -6.792555 87.389732 -20.287926
v -6.792555 87.389732 -20.287926
v -6.751951 90.859566 -18.493668
v -6.776422 88.888924 -15.555550
v -6.792555 87.389732 -20.287926
v -6.792555 87.389732 -20.287926
v -6.875168 79.746635 -20.549652
v -5.389744 79.739029 -20.549728
v -5.251693 88.877983 -15.555580
v -6.875168 79.746635 -20.549652
v -5.389744 79.739029 -20.549728
v -5.092405 101.598930 -17.551186
v -6.630678 101.615318 -17.551132
v -6.654296 99.539680 -14.746590
v -5.117775 99.524284 -14.746582
v -5.117775 99.524284 -14.746582
v -5.251693 88.877983 -15.555580
v -5.117775 99.524284 -14.746582
v -5.069529 103.482216 -15.386444
v -6.609169 103.499611 -15.386467
v -6.630537 101.628319 -12.893112
v -5.092243 101.611794 -12.893127
v -5.092243 101.611794 -12.893127
v -5.117775 99.524284 -14.746582
v -5.117775 99.524284 -14.746582
v -4.990188 110.113716 -15.318848
v -6.532592 110.134819 -15.318848
v -6.533219 110.080513 -12.805931
v -4.990834 110.059517 -12.805931
v -4.990834 110.059517 -12.805931
v -5.092243 101.611794 -12.893127
v -4.990834 110.059517 -12.805931
v -4.975536 111.358009 -16.904747
v -4.990188 110.113716 -15.318848
v -6.532592 110.134819 -15.318848
v -6.532592 110.134819 -15.318848
v -6.518075 111.379814 -16.904709
v -6.467955 115.647316 -15.454117
v -6.532592 110.134819 -15.318848
v -6.467955 115.647316 -15.454117
v -6.467955 115.647316 -15.454117
v -4.925970 115.622932 -15.454041
v -6.467955 115.647316 -15.454117
v -4.990834 110.059517 -12.805931
v -4.925970 115.622932 -15.454041
v -6.467955 115.647316 -15.454117
v -0.944892 79.716133 -21.772667
v -0.836097 87.349342 -21.499748
v -0.944892 79.716133 -21.772667
v -4.990188 110.113716 -15.318848
v -0.527378 111.295311 -16.904762
v -0.527378 111.295311 -16.904762
v -0.541581 110.053108 -15.318848
v -4.990188 110.113716 -15.318848
v -4.925970 115.622932 -15.454041
v -4.990188 110.113716 -15.318848
v -0.541581 110.053108 -15.318848
v -0.541581 110.053108 -15.318848
v -0.480639 115.552620 -15.454071
v -4.925970 115.622932 -15.454041
v -0.480071 115.606728 -16.870705
v -0.480639 115.552620 -15.454071
v -0.480071 115.606728 -16.870705
v -0.480071 115.606728 -16.870705
v -0.480071 115.606728 -16.870705
v -0.527378 111.295311 -16.904762
v -0.836101 87.349373 -20.287918
v -5.389744 79.739029 -20.549728
v -5.389744 79.739029 -20.549728
v -0.944891 79.716148 -20.549667
v -0.836101 87.349373 -20.287918
v -5.270319 87.379402 -20.287918
v -5.251693 88.877983 -15.555580
v -5.251693 88.877983 -15.555580
v -5.389744 79.739029 -20.549728
v -5.270319 87.379402 -20.287918
v -6.875168 79.746635 -20.549652
v 6.243903 63.771271 -7.097420
v 2.500218 63.781036 -7.097458
v 2.522786 65.219231 -17.323097
v 6.272736 65.208733 -17.323143
v -9.541897 90.382515 -2.781281
v 6.771875 90.260139 -2.781288
v 6.906953 98.527229 -14.436516
v -9.485937 98.687538 -14.436493
v 6.345937 68.724670 -4.964180
v 6.371312 69.984291 -18.739525
v 2.522786 65.219231 -17.323097
v 2.598192 69.997368 -18.739479
v 6.654092 84.297234 -2.813591
v 6.633327 83.189064 -17.958305
v 6.741518 88.698174 -15.180061
v -9.553129 83.337891 -17.986382
v -9.582159 70.133102 -18.674934
v -9.553129 83.337891 -17.986382
v -9.582159 70.133102 -18.674934
v -9.549433 84.406334 -2.812225
v -9.543335 88.824196 -15.178719
v -9.553129 83.337891 -17.986382
v -9.584276 68.807587 -4.977158
v -9.582159 70.133102 -18.674934
v 2.578254 68.737106 -4.964203
v 2.500218 63.781036 -7.097458
v 2.500218 63.781036 -7.097458
v 2.522786 65.219231 -17.323097
v 2.500218 63.781036 -7.097458
v 2.578254 68.737106 -4.964203
v 2.578254 68.737106 -4.964203
v 2.598192 69.997368 -18.739479
v 2.522786 65.219231 -17.323097
v 2.578254 68.737106 -4.964203
v -9.582159 70.133102 -18.674934
v -9.582159 70.133102 -18.674934
v 2.598192 69.997368 -18.739479
v 2.578254 68.737106 -4.964203
v 6.771875 90.260139 -2.781288
v 6.906953 98.527229 -14.436516
v 6.771875 90.260139 -2.781288
v -9.543335 88.824196 -15.178719
v -9.485937 98.687538 -14.436493
v -9.485937 98.687538 -14.436493
v 6.906953 98.527229 -14.436516
v -9.541897 90.382515 -2.781281
v -9.541897 90.382515 -2.781281
v -9.485937 98.687538 -14.436493
v 6.771875 90.260139 -2.781288
v -9.541897 90.382515 -2.781281
v -9.541897 90.382515 -2.781281
v 4.818287 60.735085 -9.525703
v 1.672979 46.210815 -10.746834
v 0.588665 47.485260 -18.134048
v 3.774666 62.056946 -16.779442
v -6.800519 62.078102 -15.389923
v -7.115360 47.490448 -17.130714
v -5.725889 60.754570 -8.138710
v -6.800519 62.078102 -15.389923
v -7.115360 47.490448 -17.130714
v -7.115360 47.490448 -17.130714
v -6.013906 46.215340 -9.745316
v 4.628880 58.484398 -18.853523
v 6.022502 56.900879 -9.151085
v 3.634471 56.904350 -8.833786
v 2.226591 58.488220 -18.535439
v 0.587925 60.316162 -18.009506
v 1.999797 58.727104 -8.330315
v 0.685128 62.905266 -17.586777
v 0.587925 60.316162 -18.009506
v 1.999797 58.727104 -8.330315
v 1.999797 58.727104 -8.330315
v 2.090632 61.310844 -7.938370
v 3.865534 63.139427 -7.889809
v 2.473071 64.736343 -17.517250
v 6.270017 63.134300 -8.210266
v 4.891948 64.730728 -17.838409
v 7.881760 61.299728 -8.709724
v 6.510942 62.893066 -18.359871
v 7.774442 58.717705 -9.098648
v 6.397169 60.305695 -18.779572
v 3.865534 63.139427 -7.889809
v 6.022502 56.900879 -9.151085
v 7.881760 61.299728 -8.709724
v 7.881760 61.299728 -8.709724
v 6.270017 63.134300 -8.210266
v 3.865534 63.139427 -7.889809
v 1.999797 58.727104 -8.330315
v 6.022502 56.900879 -9.151085
v 3.865534 63.139427 -7.889809
v 3.865534 63.139427 -7.889809
v 2.090632 61.310844 -7.938370
v 1.999797 58.727104 -8.330315
v 1.999797 58.727104 -8.330315
v 3.634471 56.904350 -8.833786
v 6.022502 56.900879 -9.151085
v 7.774442 58.717705 -9.098648
v 7.881760 61.299728 -8.709724
v 6.022502 56.900879 -9.151085
v 0.685128 62.905266 -17.586777
v 6.397169 60.305695 -18.779572
v 2.226591 58.488220 -18.535439
v 2.226591 58.488220 -18.535439
v 0.587925 60.316162 -18.009506
v 0.685128 62.905266 -17.586777
v 4.891948 64.730728 -17.838409
v 6.397169 60.305695 -18.779572
v 0.685128 62.905266 -17.586777
v 0.685128 62.905266 -17.586777
v 2.473071 64.736343 -17.517250
v 4.891948 64.730728 -17.838409
v 4.891948 64.730728 -17.838409
v 6.510942 62.893066 -18.359871
v 6.397169 60.305695 -18.779572
v 4.628880 58.484398 -18.853523
v 2.226591 58.488220 -18.535439
v 6.397169 60.305695 -18.779572
v -7.501152 58.166374 -7.268738
v -7.400949 62.375275 -6.622810
v -8.798189 63.933636 -16.038261
v -8.907701 59.716248 -16.733063
v 2.967387 58.149956 -8.641014
v 3.118260 62.353859 -8.004036
v -7.400949 62.375275 -6.622810
v 3.118260 62.353859 -8.004036
v 1.751238 63.910221 -17.422401
v -8.798189 63.933636 -16.038261
v 1.751238 63.910221 -17.422401
v 1.590253 59.698029 -18.108215
v -8.798189 63.933636 -16.038261
v 3.125277 57.971504 -9.687218
v 2.083735 59.176918 -16.857819
v 2.657909 72.192398 -14.285393
v 3.565713 71.840988 -8.068565
v -7.022168 59.192146 -15.664375
v -6.624515 72.360306 -13.305260
v -5.958109 57.985626 -8.495773
v -5.668753 71.871796 -6.851196
v -6.624515 72.360306 -13.305260
v -7.022168 59.192146 -15.664375
v -6.624515 72.360306 -13.305260
v 5.096433 51.838547 -13.129677
v 7.252481 51.215431 -13.471855
v 7.156331 51.105667 -12.360847
v 5.155004 51.529541 -10.818169
v 10.034660 65.538712 -12.461906
v 10.151840 65.365753 -11.437675
v 10.770070 65.246681 -12.034088
v 10.709030 65.337135 -12.569954
v 8.643289 56.210228 -11.655968
v 7.156331 51.105667 -12.360847
v 7.252481 51.215431 -13.471855
v 7.252481 51.215431 -13.471855
v 8.789493 56.380852 -13.341530
v 8.018234 57.101021 -17.042892
v 6.519989 51.985451 -17.782753
v 4.227138 52.802277 -18.639412
v 5.717995 57.932114 -17.889488
v 5.717995 57.932114 -17.889488
v 4.227138 52.802277 -18.639412
v 4.708852 52.370483 -16.399940
v 6.247440 57.405891 -15.100273
v 5.717995 57.932114 -17.889488
v 8.643289 56.210228 -11.655968
v 8.643289 56.210228 -11.655968
v 6.630604 56.644081 -10.118835
v 10.446970 64.271111 -13.893745
v 10.576150 64.080238 -12.761421
v 10.361370 64.397514 -14.643608
v 10.661730 63.953777 -12.011040
v 8.543342 56.732201 -15.467247
v 8.018234 57.101021 -17.042892
v 9.406070 64.760902 -15.084259
v 10.361370 64.397514 -14.643608
v 9.689053 64.345009 -12.619316
v 9.559136 64.535950 -13.751289
v 5.717995 57.932114 -17.889488
v 5.717995 57.932114 -17.889488
v 9.842095 64.120171 -11.285110
v 9.406070 64.760902 -15.084259
v 5.717995 57.932114 -17.889488
v 5.717995 57.932114 -17.889488
v 6.496640 57.053947 -12.976204
v 6.630604 56.644081 -10.118835
v 8.643289 56.210228 -11.655968
v 10.661730 63.953777 -12.011040
v 9.842095 64.120171 -11.285110
v 9.842095 64.120171 -11.285110
v 8.643289 56.210228 -11.655968
v 6.868854 51.746246 -16.744537
v 4.708852 52.370483 -16.399940
v 4.708852 52.370483 -16.399940
v 6.868854 51.746246 -16.744537
v 6.519989 51.985451 -17.782753
v 8.018234 57.101021 -17.042892
v 8.018234 57.101021 -17.042892
v 6.868854 51.746246 -16.744537
v 5.096433 51.838547 -13.129677
v 5.155004 51.529541 -10.818169
v 6.630604 56.644081 -10.118835
v 6.630604 56.644081 -10.118835
v 5.096433 51.838547 -13.129677
v 6.496640 57.053947 -12.976204
v 8.789493 56.380852 -13.341530
v 8.789493 56.380852 -13.341530
v 4.708852 52.370483 -16.399940
v 8.543342 56.732201 -15.467247
v 8.543342 56.732201 -15.467247
v 6.247440 57.405891 -15.100273
v 4.708852 52.370483 -16.399940
v 6.247440 57.405891 -15.100273
v 8.543342 56.732201 -15.467247
v 8.789493 56.380852 -13.341530
v 8.789493 56.380852 -13.341530
v 6.496640 57.053947 -12.976204
v 6.247440 57.405891 -15.100273
v 10.519160 65.618675 -14.236092
v 10.580200 65.528168 -13.700516
v 10.361370 64.397514 -14.643608
v 9.788043 65.902832 -14.615623
v 10.519160 65.618675 -14.236092
v 10.361370 64.397514 -14.643608
v 10.151840 65.365753 -11.437675
v 10.151840 65.365753 -11.437675
v 10.034660 65.538712 -12.461906
v 10.661730 63.953777 -12.011040
v 9.842095 64.120171 -11.285110
v 10.661730 63.953777 -12.011040
v 9.905259 65.729759 -13.592247
v 10.580200 65.528168 -13.700516
v 10.519160 65.618675 -14.236092
v 10.519160 65.618675 -14.236092
v 10.709030 65.337135 -12.569954
v 10.770070 65.246681 -12.034088
v 10.770070 65.246681 -12.034088
v 9.905259 65.729759 -13.592247
v 9.788043 65.902832 -14.615623
v 9.788043 65.902832 -14.615623
v 9.406070 64.760902 -15.084259
v 10.576150 64.080238 -12.761421
v 9.689053 64.345009 -12.619316
v 9.689053 64.345009 -12.619316
v 10.580200 65.528168 -13.700516
v 9.559136 64.535950 -13.751289
v 9.559136 64.535950 -13.751289
v 10.446970 64.271111 -13.893745
v 10.580200 65.528168 -13.700516
v 10.446970 64.271111 -13.893745
v 9.559136 64.535950 -13.751289
v 9.689053 64.345009 -12.619316
v 9.689053 64.345009 -12.619316
v 10.576150 64.080238 -12.761421
v 10.446970 64.271111 -13.893745
v 2.827297 39.685562 -14.550468
v 4.529461 39.461311 -14.794006
v 4.610435 39.368126 -14.178787
v 3.022627 39.461983 -13.076622
v 4.655719 56.873093 -18.708092
v 5.853419 55.355743 -9.515640
v 8.450595 49.234108 -11.788536
v 7.486637 50.440170 -19.282700
v 4.610435 39.368126 -14.178787
v 4.529461 39.461311 -14.794006
v 5.241504 41.171059 -14.352104
v 5.330770 41.066666 -13.671013
v 4.610435 39.368126 -14.178787
v 4.026392 40.041634 -18.613762
v 2.207233 40.397552 -19.226501
v 2.443975 42.128876 -19.326447
v 4.680143 41.828957 -18.631744
v 2.207233 40.397552 -19.226501
v 2.402407 40.173088 -17.755066
v 2.662770 41.873833 -17.674011
v 2.443975 42.128876 -19.326447
v 2.207233 40.397552 -19.226501
v 3.357996 41.066246 -12.419319
v 5.330770 41.066666 -13.671013
v 4.769390 41.724190 -17.951683
v 4.680143 41.828957 -18.631744
v 3.570068 50.983246 -20.342102
v 7.486637 50.440170 -19.282700
v 4.960918 49.272888 -9.732849
v 3.570068 50.983246 -20.342102
v 3.570068 50.983246 -20.342102
v 2.443975 42.128876 -19.326447
v 3.357996 41.066246 -12.419319
v 3.139048 41.320129 -14.074837
v 3.357996 41.066246 -12.419319
v 5.330770 41.066666 -13.671013
v 8.450595 49.234108 -11.788536
v 4.960918 49.272888 -9.732849
v 4.960918 49.272888 -9.732849
v 5.330770 41.066666 -13.671013
v 4.107357 39.948105 -17.999268
v 2.402407 40.173088 -17.755066
v 2.402407 40.173088 -17.755066
v 4.107357 39.948105 -17.999268
v 4.026392 40.041634 -18.613762
v 4.026392 40.041634 -18.613762
v 4.680143 41.828957 -18.631744
v 2.827297 39.685562 -14.550468
v 3.022627 39.461983 -13.076622
v 3.022627 39.461983 -13.076622
v 3.357996 41.066246 -12.419319
v 5.241504 41.171059 -14.352104
v 3.139048 41.320129 -14.074837
v 2.662770 41.873833 -17.674011
v 2.662770 41.873833 -17.674011
v 4.769390 41.724190 -17.951683
v 5.241504 41.171059 -14.352104
v 4.769390 41.724190 -17.951683
v 2.662770 41.873833 -17.674011
v 2.662770 41.873833 -17.674011
v 2.402407 40.173088 -17.755066
v 3.139048 41.320129 -14.074837
v 3.139048 41.320129 -14.074837
v 5.241504 41.171059 -14.352104
v 5.853419 55.355743 -9.515640
v 4.655719 56.873093 -18.708092
v 4.655719 56.873093 -18.708092
v 3.570068 50.983246 -20.342102
v 4.655719 56.873093 -18.708092
v 7.486637 50.440170 -19.282700
v 8.450595 49.234108 -11.788536
v 5.853419 55.355743 -9.515640
v 4.960918 49.272888 -9.732849
v -9.543335 88.824196 -15.178719
v -6.212738 54.615433 -7.920387
v 6.184111 54.044235 -9.346443
v 5.030132 55.366913 -18.993401
v -7.406226 55.942581 -17.564636
v -4.035625 21.808670 -22.041069
v -3.292653 21.138748 -16.031456
v -4.007232 15.413574 -17.302010
v -4.711443 15.993698 -22.951767
v -12.704900 22.213093 -22.119942
v -13.327370 16.347321 -22.842400
v -12.402630 15.593857 -15.556831
v -11.682920 21.330917 -14.149666
v -12.402630 15.593857 -15.556831
v -11.682920 21.330917 -14.149666
v -12.402630 15.593857 -15.556831
v 2.656170 39.139420 -12.830460
v 1.857058 39.984665 -19.363327
v 5.030132 55.366913 -18.993401
v 5.030132 55.366913 -18.993401
v 6.184111 54.044235 -9.346443
v -5.481483 46.681732 -21.479210
v -12.472830 46.990814 -20.786507
v -7.406226 55.942581 -17.564636
v -7.406226 55.942581 -17.564636
v 5.030132 55.366913 -18.993401
v -10.757570 44.955750 -6.956375
v -6.212738 54.615433 -7.920387
v -7.406226 55.942581 -17.564636
v -7.406226 55.942581 -17.564636
v 6.184111 54.044235 -9.346443
v -3.713061 44.643829 -7.135056
v -1.811742 32.939575 -13.771416
v -2.622235 33.656593 -20.247856
v -7.027315 38.699905 -22.110649
v -12.506080 38.923500 -20.912727
v -11.008300 37.347435 -8.880089
v -2.568783 28.380024 -14.772774
v -3.346750 29.001595 -20.943214
v -12.246500 29.611351 -21.475479
v -11.112650 28.580875 -12.492516
v -11.112650 28.580875 -12.492516
v -5.373853 37.108582 -8.748734
v -11.008300 37.347435 -8.880089
v -11.112650 28.580875 -12.492516
v -11.682920 21.330917 -14.149666
v -11.112650 28.580875 -12.492516
v -11.682920 21.330917 -14.149666
v 6.184111 54.044235 -9.346443
v -6.212738 54.615433 -7.920387
v -6.212738 54.615433 -7.920387
v -10.757570 44.955750 -6.956375
v 5.030132 55.366913 -18.993401
v -10.757570 44.955750 -6.956375
v -11.008300 37.347435 -8.880089
v -10.757570 44.955750 -6.956375
v 6.602656 105.504723 15.578114
v -9.092474 105.693611 15.578098
v -9.092463 105.693596 18.195900
v 6.602652 105.504814 18.195885
v 6.236150 83.555717 15.628300
v 6.572795 103.456413 15.595020
v 6.572786 103.456413 18.215858
v 6.236147 83.555763 18.515434
v -9.213396 83.647552 15.628239
v -9.107801 103.634224 15.595066
v 6.602652 105.504814 18.195885
v 6.602649 105.504814 19.884148
v 6.572786 103.456413 19.906044
v -9.107767 103.634117 19.906059
v 6.572786 103.456413 19.906044
v 6.602649 105.504814 19.884148
v 6.602649 105.504814 19.884148
v -9.092470 105.693611 19.884163
v -9.107784 103.634102 18.215858
v -9.092463 105.693596 18.195900
v -9.092463 105.693596 18.195900
v 6.602649 105.504814 19.884148
v -9.213415 83.647552 18.515465
v 6.602652 105.504814 18.195885
v 6.602652 105.504814 18.195885
v -9.107767 103.634117 19.906059
v -9.092470 105.693611 19.884163
v -9.092470 105.693611 19.884163
v -9.092463 105.693596 18.195900
v 6.572786 103.456413 18.215858
v 6.572786 103.456413 19.906044
v -9.107784 103.634102 18.215858
v 6.572786 103.456413 18.215858
v -9.213415 83.647552 18.515465
v 6.236147 83.555763 18.515434
v 6.572786 103.456413 18.215858
v 6.572786 103.456413 18.215858
v -9.107784 103.634102 18.215858
v -9.213415 83.647552 18.515465
v -8.428621 103.737114 18.114891
v -8.428629 103.737007 21.349052
v 5.905676 103.573997 21.349083
v 5.905681 103.574013 18.114876
v 5.905681 103.574013 18.114876
v 5.625042 85.973534 21.910667
v 5.581220 83.559639 18.414009
v 5.905681 103.574013 18.114876
v -8.533760 86.065224 21.910667
v -8.428621 103.737114 18.114891
v -8.541199 83.643532 18.414024
v -8.428621 103.737114 18.114891
v -3.217565 91.356026 16.103992
v -6.234103 102.525108 16.042194
v -6.234107 102.525108 14.195759
v -3.217574 91.356041 14.243458
v -4.103684 105.397713 16.028873
v -4.103701 105.397713 14.185520
v 1.675955 105.328712 16.028858
v 1.675957 105.328621 14.185505
v 3.723155 102.415810 16.042225
v 3.723162 102.415627 14.195713
v 0.481950 91.327309 16.104069
v 0.481942 91.327415 14.243473
v -4.103701 105.397713 14.185520
v 1.675957 105.328621 14.185505
v 3.723162 102.415627 14.195713
v 3.723162 102.415627 14.195713
v -3.217574 91.356041 14.243458
v -4.103701 105.397713 14.185520
v -4.103701 105.397713 14.185520
v -3.217574 91.356041 14.243458
v -6.234107 102.525108 14.195759
v 0.481942 91.327415 14.243473
v -3.217574 91.356041 14.243458
v 3.723162 102.415627 14.195713
v 14.412440 0.130953 26.458870
v 14.017459 0.130922 29.367241
v 5.453673 0.130937 28.313255
v 5.874016 0.130922 25.404854
v -3.137897 18.540512 24.710625
v -4.189524 18.540604 24.584480
v -5.401536 18.540649 32.969440
v -4.349522 18.540604 33.095600
v 14.412440 0.130953 26.458870
v 13.979079 0.910143 26.374214
v 13.582730 0.910173 29.282570
v 14.017459 0.130922 29.367241
v 14.412440 0.130953 26.458870
v 7.902668 3.479250 36.423817
v 4.349233 3.482058 35.994465
v 4.320498 0.130907 36.126453
v 12.948700 0.130968 37.180439
v 12.510550 0.910158 37.095692
v -13.952070 8.926559 32.416523
v -12.740140 8.926544 23.988029
v -12.982190 0.130907 24.338615
v -14.205460 0.130922 32.780994
v -0.761287 8.926483 25.413750
v 5.894756 3.482073 25.275475
v 5.874016 0.130922 25.404854
v 5.874016 0.130922 25.404854
v -12.740140 8.926544 23.988029
v -12.982190 0.130907 24.338615
v -12.740140 8.926544 23.988029
v 5.874016 0.130922 25.404854
v -0.761287 8.926483 25.413750
v -3.166971 16.916260 24.779289
v -4.382038 16.916275 33.173450
v -1.990151 8.926483 33.842213
v -0.761287 8.926483 25.413750
v -5.434262 16.916351 33.047474
v -4.218874 16.916336 24.653297
v -12.569530 16.916702 23.650276
v -13.768860 16.916748 32.044453
v -4.349522 18.540604 33.095600
v -5.401536 18.540649 32.969440
v -5.434262 16.916351 33.047474
v -5.434262 16.916351 33.047474
v -4.382038 16.916275 33.173450
v -4.349522 18.540604 33.095600
v -4.189524 18.540604 24.584480
v -3.137897 18.540512 24.710625
v -3.166971 16.916260 24.779289
v -3.166971 16.916260 24.779289
v -4.218874 16.916336 24.653297
v -4.189524 18.540604 24.584480
v 4.769500 3.482027 33.086781
v 5.894756 3.482073 25.275475
v -0.761287 8.926483 25.413750
v -0.761287 8.926483 25.413750
v 5.894756 3.482073 25.275475
v 5.476563 3.482073 28.183174
v 4.349233 3.482058 35.994465
v 12.910900 0.910189 34.187366
v 8.315492 3.479235 33.516163
v 7.902668 3.479250 36.423817
v 7.902668 3.479250 36.423817
v 12.510550 0.910158 37.095692
v 4.320498 0.130907 36.126453
v 4.320498 0.130907 36.126453
v 4.742960 0.130922 33.218067
v -1.990151 8.926483 33.842213
v -13.952070 8.926559 32.416523
v -14.205460 0.130922 32.780994
v -14.205460 0.130922 32.780994
v -1.990151 8.926483 33.842213
v -14.205460 0.130922 32.780994
v 9.419309 3.479265 25.704857
v 13.979079 0.910143 26.374214
v 14.412440 0.130953 26.458870
v 14.412440 0.130953 26.458870
v 5.874016 0.130922 25.404854
v 5.874016 0.130922 25.404854
v 13.347820 0.130937 34.272083
v 12.948700 0.130968 37.180439
v 12.948700 0.130968 37.180439
v 4.320498 0.130907 36.126453
v 13.347820 0.130937 34.272083
v 12.910900 0.910189 34.187366
v 12.510550 0.910158 37.095692
v 12.510550 0.910158 37.095692
v 12.948700 0.130968 37.180439
v 13.347820 0.130937 34.272083
v 9.009345 3.479265 28.612556
v 9.419309 3.479265 25.704857
v 9.419309 3.479265 25.704857
v 5.894756 3.482073 25.275475
v 4.742960 0.130922 33.218067
v 4.769500 3.482027 33.086781
v 8.315492 3.479235 33.516163
v 8.315492 3.479235 33.516163
v 12.910900 0.910189 34.187366
v 4.742960 0.130922 33.218067
v 12.910900 0.910189 34.187366
v 13.347820 0.130937 34.272083
v 4.742960 0.130922 33.218067
v 5.453673 0.130937 28.313255
v 5.476563 3.482073 28.183174
v 4.769500 3.482027 33.086781
v 4.769500 3.482027 33.086781
v 4.742960 0.130922 33.218067
v 5.453673 0.130937 28.313255
v 14.017459 0.130922 29.367241
v 9.009345 3.479265 28.612556
v 9.009345 3.479265 28.612556
v 5.476563 3.482073 28.183174
v 14.017459 0.130922 29.367241
v 5.476563 3.482073 28.183174
v 5.453673 0.130937 28.313255
v 14.017459 0.130922 29.367241
v 7.902668 3.479250 36.423817
v 4.349233 3.482058 35.994465
v 7.902668 3.479250 36.423817
v 13.582730 0.910173 29.282570
v 13.979079 0.910143 26.374214
v 13.979079 0.910143 26.374214
v 9.419309 3.479265 25.704857
v -12.569530 16.916702 23.650276
v -4.218874 16.916336 24.653297
v -4.218874 16.916336 24.653297
v -3.166971 16.916260 24.779289
v -12.740140 8.926544 23.988029
v -12.569530 16.916702 23.650276
v -13.952070 8.926559 32.416523
v -4.382038 16.916275 33.173450
v -5.434262 16.916351 33.047474
v -5.434262 16.916351 33.047474
v -13.768860 16.916748 32.044453
v -13.952070 8.926559 32.416523
v -13.952070 8.926559 32.416523
v -1.990151 8.926483 33.842213
v -4.382038 16.916275 33.173450
v -12.855450 8.734482 22.715446
v -12.816370 10.398010 22.647270
v -5.835915 10.397949 23.481071
v -5.869106 8.734451 23.548531
v -13.024230 10.398026 24.092690
v -6.046692 10.397934 24.926491
v -13.063750 8.734497 24.161781
v -6.080407 8.734451 24.994850
v -13.063750 8.734497 24.161781
v -6.080407 8.734451 24.994850
v -13.063750 8.734497 24.161781
v -14.212830 8.734512 32.160664
v -14.170980 10.398056 32.086384
v -7.211837 10.397949 32.920185
v -7.248579 8.734482 32.993732
v -14.377800 10.398026 33.531727
v -7.422383 10.397919 34.365559
v -14.420030 8.734512 33.607014
v -7.459654 8.734482 34.440052
v -14.212830 8.734512 32.160664
v -7.248579 8.734482 32.993732
v -7.248579 8.734482 32.993732
v -17.497959 9.818314 22.103386
v -17.459419 11.481888 22.034279
v -16.704611 11.256042 23.606941
v -16.743980 9.592484 23.676903
v -16.743980 9.592484 23.676903
v -13.063750 8.734497 24.161781
v -16.743980 9.592484 23.676903
v -17.871811 9.592499 31.673176
v -17.830709 11.256042 31.597614
v -18.983860 11.481903 32.913563
v -19.024590 9.818329 32.990467
v -17.871811 9.592499 31.673176
v -14.212830 8.734512 32.160664
v -17.871811 9.592499 31.673176
v -17.871811 9.592499 31.673176
v -16.743980 9.592484 23.676903
v -16.743980 9.592484 23.676903
v -17.871811 9.592499 31.673176
v -16.743980 9.592484 23.676903
v -17.871811 9.592499 31.673176
v -17.600861 0.130892 22.591560
v -17.510180 2.884981 22.484810
v -6.003676 2.884996 23.859169
v -6.065562 0.130892 23.965645
v -16.069651 2.884996 24.133949
v -6.216881 2.884996 25.307564
v -16.158480 0.130892 24.240929
v -6.279571 0.130892 25.414314
v -16.158480 0.130892 24.240929
v -6.279571 0.130892 25.414314
v -16.158480 0.130892 24.240929
v -17.289089 0.130892 32.174152
v -17.198259 2.885027 32.065845
v -7.383648 2.884981 33.239460
v -7.450783 0.130892 33.347553
v -19.034941 2.884981 33.313526
v -7.596556 2.884966 34.687855
v -19.127590 0.130892 33.422108
v -7.664454 0.130907 34.796162
v -17.289089 0.130892 32.174152
v -7.450783 0.130892 33.347553
v -17.289089 0.130892 32.174152
v -17.289089 0.130892 32.174152
v -16.158480 0.130892 24.240929
v -16.158480 0.130892 24.240929
v -17.289089 0.130892 32.174152
v -16.158480 0.130892 24.240929
v -17.289089 0.130892 32.174152
v -6.080407 8.734451 24.994850
v -5.869106 8.734451 23.548531
v -5.869106 8.734451 23.548531
v -7.459654 8.734482 34.440052
v -7.248579 8.734482 32.993732
v -7.248579 8.734482 32.993732
v -6.216881 2.884996 25.307564
v -6.279571 0.130892 25.414314
v -6.216881 2.884996 25.307564
v -7.596556 2.884966 34.687855
v -7.664454 0.130907 34.796162
v -7.596556 2.884966 34.687855
v 3.570402 87.319466 29.191185
v 3.570396 87.319420 30.403034
v 5.070393 87.309174 30.403004
v 5.070374 87.309273 29.191200
v 4.936003 79.685844 29.452965
v 5.070374 87.309273 29.191200
v 4.935991 79.685905 30.675922
v 5.457039 115.458809 24.357368
v 3.937303 115.482811 24.357353
v 5.457554 115.512810 25.774025
v -0.944884 79.716118 30.675922
v -0.944887 79.716095 29.452950
v 3.472200 79.693375 29.452934
v -0.836112 87.349403 29.191185
v -0.836093 87.349281 30.403049
v 5.070374 87.309273 29.191200
v 5.126119 90.768959 27.396889
v 3.622071 90.780373 27.396904
v 3.570402 87.319466 29.191185
v 5.070374 87.309273 29.191200
v 5.096059 88.804085 24.458824
v 5.070374 87.309273 29.191200
v 5.070374 87.309273 29.191200
v 4.936003 79.685844 29.452965
v 4.936003 79.685844 29.452965
v 3.472200 79.693375 29.452934
v 3.472200 79.693375 29.452934
v 3.593648 88.814842 24.458809
v 5.290315 101.487801 26.454430
v 3.774612 101.504005 26.454460
v 5.260660 99.419945 23.649788
v 3.746723 99.435204 23.649849
v 3.746723 99.435204 23.649849
v 3.746723 99.435204 23.649849
v 3.593648 88.814842 24.458809
v 5.316254 103.364708 24.289711
v 3.799192 103.381813 24.289757
v 5.290505 101.500710 21.796364
v 3.774770 101.517021 21.796379
v 3.774770 101.517021 21.796379
v 3.746723 99.435204 23.649849
v 3.746723 99.435204 23.649849
v 5.399292 109.972130 24.222130
v 3.879360 109.992714 24.222084
v 5.398671 109.918022 21.709236
v 3.878755 109.938713 21.709206
v 3.878755 109.938713 21.709206
v 3.878755 109.938713 21.709206
v 3.774770 101.517021 21.796379
v 5.399292 109.972130 24.222130
v 5.413287 111.211525 25.807991
v 3.893196 111.232918 25.807991
v 3.879360 109.992714 24.222084
v 5.399292 109.972130 24.222130
v 5.457039 115.458809 24.357368
v 5.399292 109.972130 24.222130
v 5.457039 115.458809 24.357368
v 3.937303 115.482811 24.357353
v 5.457039 115.458809 24.357368
v 5.457039 115.458809 24.357368
v 3.878755 109.938713 21.709206
v 3.937303 115.482811 24.357353
v 5.457039 115.458809 24.357368
v -0.527366 111.295219 25.807991
v -0.541574 110.053108 24.222115
v 3.879360 109.992714 24.222084
v 3.879360 109.992714 24.222084
v -0.480635 115.552635 24.357353
v 3.937303 115.482811 24.357353
v 3.937303 115.482811 24.357353
v 3.879360 109.992714 24.222084
v -0.480063 115.606819 25.774010
v -0.480635 115.552635 24.357353
v 3.472200 79.693375 29.452934
v -0.944887 79.716095 29.452950
v 3.472200 79.693375 29.452934
v 3.570402 87.319466 29.191185
v 3.593648 88.814842 24.458809
v 3.593648 88.814842 24.458809
v 3.472200 79.693375 29.452934
v 3.570402 87.319466 29.191185
v 4.936003 79.685844 29.452965
v -6.792532 87.389679 30.403034
v -5.270316 87.379356 30.403019
v -5.270318 87.379372 29.191170
v -6.792547 87.389748 29.191170
v -6.792547 87.389748 29.191170
v -6.875154 79.746613 29.452950
v -6.875165 79.746635 30.675953
v -6.467956 115.647316 24.357399
v -6.467323 115.701637 25.774010
v -4.925963 115.623009 24.357338
v -0.944884 79.716118 30.675922
v -5.389744 79.739059 29.452950
v -0.944887 79.716095 29.452950
v -0.944884 79.716118 30.675922
v -0.836093 87.349281 30.403049
v -0.836112 87.349403 29.191185
v -0.836093 87.349281 30.403049
v -5.225522 90.847862 27.396873
v -6.751937 90.859566 27.396873
v -6.792547 87.389748 29.191170
v -6.792547 87.389748 29.191170
v -5.270318 87.379372 29.191170
v -6.776417 88.888954 24.458809
v -6.875154 79.746613 29.452950
v -6.792547 87.389748 29.191170
v -6.792547 87.389748 29.191170
v -5.389744 79.739059 29.452950
v -6.875154 79.746613 29.452950
v -5.251688 88.878014 24.458809
v -5.389744 79.739059 29.452950
v -5.092398 101.598915 26.454475
v -6.630676 101.615303 26.454445
v -6.654290 99.539711 23.649834
v -5.117780 99.524284 23.649849
v -5.117780 99.524284 23.649849
v -5.251688 88.878014 24.458809
v -5.117780 99.524284 23.649849
v -5.069532 103.482109 24.289742
v -6.609174 103.499611 24.289726
v -6.630535 101.628304 21.796379
v -5.092246 101.611916 21.796379
v -5.117780 99.524284 23.649849
v -5.117780 99.524284 23.649849
v -5.092246 101.611916 21.796379
v -4.990180 110.113823 24.222145
v -6.532586 110.134712 24.222099
v -6.533210 110.080421 21.709206
v -4.990839 110.059517 21.709236
v -4.990839 110.059517 21.709236
v -5.092246 101.611916 21.796379
v -4.990839 110.059517 21.709236
v -4.975538 111.358116 25.807991
v -6.518063 111.379829 25.808006
v -6.532586 110.134712 24.222099
v -6.532586 110.134712 24.222099
v -4.990180 110.113823 24.222145
v -6.467956 115.647316 24.357399
v -6.532586 110.134712 24.222099
v -6.467956 115.647316 24.357399
v -6.467956 115.647316 24.357399
v -4.925963 115.623009 24.357338
v -6.467956 115.647316 24.357399
v -4.990839 110.059517 21.709236
v -4.925963 115.623009 24.357338
v -6.467956 115.647316 24.357399
v -0.944884 79.716118 30.675922
v -0.836093 87.349281 30.403049
v -0.944884 79.716118 30.675922
v -4.990180 110.113823 24.222145
v -0.541574 110.053108 24.222115
v -0.527366 111.295219 25.807991
v -0.527366 111.295219 25.807991
v -4.990180 110.113823 24.222145
v -4.925963 115.623009 24.357338
v -0.480635 115.552635 24.357353
v -0.541574 110.053108 24.222115
v -0.541574 110.053108 24.222115
v -4.990180 110.113823 24.222145
v -4.925963 115.623009 24.357338
v -0.480063 115.606819 25.774010
v -0.480635 115.552635 24.357353
v -0.480063 115.606819 25.774010
v -0.527366 111.295219 25.807991
v -0.480063 115.606819 25.774010
v -0.480063 115.606819 25.774010
v -0.836112 87.349403 29.191185
v -0.944887 79.716095 29.452950
v -5.389744 79.739059 29.452950
v -5.389744 79.739059 29.452950
v -0.836112 87.349403 29.191185
v -5.270318 87.379372 29.191170
v -5.389744 79.739059 29.452950
v -5.251688 88.878014 24.458809
v -5.251688 88.878014 24.458809
v -5.270318 87.379372 29.191170
v -6.875154 79.746613 29.452950
v 6.243902 63.771294 16.000645
v 6.272738 65.208740 26.226387
v 2.522794 65.219238 26.226372
v 2.500218 63.781036 16.000660
v -9.541887 90.382454 11.684513
v -9.485941 98.687569 23.339775
v 6.906959 98.527199 23.339745
v 6.771874 90.260139 11.684498
v 6.345935 68.724640 13.867420
v 6.371313 69.984314 27.642784
v 2.598205 69.997360 27.642754
v 2.522794 65.219238 26.226372
v 6.654089 84.297234 11.716816
v 6.741529 88.698166 24.083351
v 6.633333 83.189064 26.861580
v -9.553112 83.337868 26.889671
v -9.582165 70.133125 27.578209
v -9.553112 83.337868 26.889671
v -9.543327 88.824196 24.081932
v -9.549427 84.406334 11.715504
v -9.582165 70.133125 27.578209
v -9.553112 83.337868 26.889671
v -9.584278 68.807594 13.880405
v -9.582165 70.133125 27.578209
v 2.578253 68.737091 13.867420
v 2.500218 63.781036 16.000660
v 2.500218 63.781036 16.000660
v 2.522794 65.219238 26.226372
v 2.598205 69.997360 27.642754
v 2.578253 68.737091 13.867420
v 2.578253 68.737091 13.867420
v 2.500218 63.781036 16.000660
v 2.522794 65.219238 26.226372
v 2.578253 68.737091 13.867420
v 2.598205 69.997360 27.642754
v -9.582165 70.133125 27.578209
v -9.582165 70.133125 27.578209
v 2.578253 68.737091 13.867420
v 6.771874 90.260139 11.684498
v 6.906959 98.527199 23.339745
v 6.771874 90.260139 11.684498
v 6.906959 98.527199 23.339745
v -9.485941 98.687569 23.339775
v -9.485941 98.687569 23.339775
v -9.543327 88.824196 24.081932
v -9.485941 98.687569 23.339775
v -9.541887 90.382454 11.684513
v -9.541887 90.382454 11.684513
v -9.541887 90.382454 11.684513
v -9.541887 90.382454 11.684513
v 6.771874 90.260139 11.684498
v 4.818291 60.735100 18.428978
v 3.774666 62.056969 25.682686
v 0.588676 47.485245 27.037300
v 1.672980 46.210823 19.650093
v -6.800531 62.078110 24.293159
v -7.115356 47.490433 26.033974
v -5.725875 60.754517 17.041965
v -6.013899 46.215347 18.648582
v -7.115356 47.490433 26.033974
v -7.115356 47.490433 26.033974
v -6.800531 62.078110 24.293159
v 4.628878 58.484421 27.756798
v 2.226585 58.488243 27.438667
v 3.634478 56.904343 17.737022
v 6.022500 56.900917 18.054405
v 0.587933 60.316177 26.912788
v 1.999798 58.727104 17.233543
v 0.685136 62.905273 26.490013
v 2.090637 61.310852 16.841602
v 1.999798 58.727104 17.233543
v 1.999798 58.727104 17.233543
v 0.587933 60.316177 26.912788
v 2.473070 64.736320 26.420525
v 3.865536 63.139427 16.793064
v 4.891947 64.730713 26.741631
v 6.270013 63.134338 17.113518
v 6.510947 62.893089 27.263100
v 7.881763 61.299736 17.612968
v 6.397175 60.305717 27.682777
v 7.774438 58.717690 18.001884
v 3.865536 63.139427 16.793064
v 6.270013 63.134338 17.113518
v 7.881763 61.299736 17.612968
v 7.881763 61.299736 17.612968
v 6.022500 56.900917 18.054405
v 3.865536 63.139427 16.793064
v 1.999798 58.727104 17.233543
v 2.090637 61.310852 16.841602
v 3.865536 63.139427 16.793064
v 3.865536 63.139427 16.793064
v 6.022500 56.900917 18.054405
v 1.999798 58.727104 17.233543
v 1.999798 58.727104 17.233543
v 6.022500 56.900917 18.054405
v 3.634478 56.904343 17.737022
v 7.774438 58.717690 18.001884
v 6.022500 56.900917 18.054405
v 7.881763 61.299736 17.612968
v 0.685136 62.905273 26.490013
v 0.587933 60.316177 26.912788
v 2.226585 58.488243 27.438667
v 2.226585 58.488243 27.438667
v 6.397175 60.305717 27.682777
v 0.685136 62.905273 26.490013
v 4.891947 64.730713 26.741631
v 2.473070 64.736320 26.420525
v 0.685136 62.905273 26.490013
v 0.685136 62.905273 26.490013
v 6.397175 60.305717 27.682777
v 4.891947 64.730713 26.741631
v 4.891947 64.730713 26.741631
v 6.397175 60.305717 27.682777
v 6.510947 62.893089 27.263100
v 4.628878 58.484421 27.756798
v 6.397175 60.305717 27.682777
v 2.226585 58.488243 27.438667
v -7.501146 58.166389 16.172031
v -8.907690 59.716240 25.636314
v -8.798187 63.933659 24.941490
v -7.400938 62.375244 15.526051
v -7.400938 62.375244 15.526051
v 3.118268 62.353836 16.907291
v 2.967385 58.149948 17.544243
v 1.751251 63.910213 26.325630
v 3.118268 62.353836 16.907291
v -8.798187 63.933659 24.941490
v 1.590257 59.698006 27.011467
v 1.751251 63.910213 26.325630
v -8.798187 63.933659 24.941490
v 3.125285 57.971481 18.590462
v 3.565711 71.841003 16.971775
v 2.657907 72.192398 23.188622
v 2.083738 59.176872 25.761070
v -6.624528 72.360306 22.208565
v -7.022178 59.192169 24.567635
v -5.958101 57.985619 17.399010
v -5.668758 71.871780 15.754475
v -6.624528 72.360306 22.208565
v -7.022178 59.192169 24.567635
v -6.624528 72.360306 22.208565
v 5.096438 51.838547 22.032890
v 5.155000 51.529556 19.721458
v 7.156337 51.105652 21.264091
v 7.252473 51.215424 22.375145
v 10.034660 65.538689 21.365150
v 10.709030 65.337181 21.473183
v 10.770080 65.246681 20.937340
v 10.151840 65.365730 20.340950
v 8.643296 56.210205 20.559227
v 8.789495 56.380836 22.244789
v 7.252473 51.215424 22.375145
v 7.252473 51.215424 22.375145
v 7.156337 51.105652 21.264091
v 8.018239 57.101006 25.946129
v 5.718002 57.932106 26.792747
v 4.227154 52.802223 27.542671
v 6.519991 51.985428 26.686043
v 5.718002 57.932106 26.792747
v 6.247440 57.405869 24.003548
v 4.708852 52.370491 25.303185
v 4.227154 52.802223 27.542671
v 5.718002 57.932106 26.792747
v 6.630607 56.644066 19.022072
v 8.643296 56.210205 20.559227
v 8.643296 56.210205 20.559227
v 10.446970 64.271049 22.797005
v 10.361370 64.397560 23.546867
v 10.576150 64.080231 21.664726
v 10.661730 63.953770 20.914314
v 8.543342 56.732201 24.370537
v 8.018239 57.101006 25.946129
v 10.361370 64.397560 23.546867
v 9.406072 64.760902 23.987495
v 9.689050 64.345078 21.522575
v 9.842098 64.120102 20.188332
v 5.718002 57.932106 26.792747
v 5.718002 57.932106 26.792747
v 9.559136 64.535889 22.654533
v 5.718002 57.932106 26.792747
v 9.406072 64.760902 23.987495
v 6.496645 57.053947 21.879448
v 5.718002 57.932106 26.792747
v 6.630607 56.644066 19.022072
v 8.643296 56.210205 20.559227
v 9.842098 64.120102 20.188332
v 9.842098 64.120102 20.188332
v 10.661730 63.953770 20.914314
v 8.643296 56.210205 20.559227
v 4.708852 52.370491 25.303185
v 4.708852 52.370491 25.303185
v 6.868856 51.746269 25.647850
v 6.868856 51.746269 25.647850
v 8.018239 57.101006 25.946129
v 8.018239 57.101006 25.946129
v 6.519991 51.985428 26.686043
v 6.868856 51.746269 25.647850
v 5.096438 51.838547 22.032890
v 6.630607 56.644066 19.022072
v 6.630607 56.644066 19.022072
v 5.155000 51.529556 19.721458
v 5.096438 51.838547 22.032890
v 8.789495 56.380836 22.244789
v 8.789495 56.380836 22.244789
v 6.496645 57.053947 21.879448
v 4.708852 52.370491 25.303185
v 6.247440 57.405869 24.003548
v 8.543342 56.732201 24.370537
v 8.543342 56.732201 24.370537
v 4.708852 52.370491 25.303185
v 6.247440 57.405869 24.003548
v 6.496645 57.053947 21.879448
v 8.789495 56.380836 22.244789
v 8.789495 56.380836 22.244789
v 8.543342 56.732201 24.370537
v 6.247440 57.405869 24.003548
v 10.580210 65.528175 22.603767
v 10.519160 65.618713 23.139305
v 10.361370 64.397560 23.546867
v 10.519160 65.618713 23.139305
v 9.788047 65.902771 23.518898
v 10.361370 64.397560 23.546867
v 10.034660 65.538689 21.365150
v 10.151840 65.365730 20.340950
v 10.151840 65.365730 20.340950
v 10.661730 63.953770 20.914314
v 9.842098 64.120102 20.188332
v 10.661730 63.953770 20.914314
v 9.905254 65.729790 22.495506
v 10.519160 65.618713 23.139305
v 10.519160 65.618713 23.139305
v 10.580210 65.528175 22.603767
v 10.770080 65.246681 20.937340
v 10.770080 65.246681 20.937340
v 10.709030 65.337181 21.473183
v 9.406072 64.760902 23.987495
v 9.788047 65.902771 23.518898
v 9.788047 65.902771 23.518898
v 9.905254 65.729790 22.495506
v 9.689050 64.345078 21.522575
v 9.689050 64.345078 21.522575
v 10.576150 64.080231 21.664726
v 10.580210 65.528175 22.603767
v 10.446970 64.271049 22.797005
v 9.559136 64.535889 22.654533
v 9.559136 64.535889 22.654533
v 10.580210 65.528175 22.603767
v 10.446970 64.271049 22.797005
v 10.576150 64.080231 21.664726
v 9.689050 64.345078 21.522575
v 9.689050 64.345078 21.522575
v 9.559136 64.535889 22.654533
v 10.446970 64.271049 22.797005
v 2.827303 39.685562 23.453728
v 3.022628 39.461983 21.979927
v 4.610435 39.368095 23.082008
v 4.529469 39.461288 23.697289
v 4.655736 56.873062 27.611336
v 7.486632 50.440170 28.185936
v 8.450601 49.234100 20.691795
v 5.853421 55.355736 18.418892
v 4.610435 39.368095 23.082008
v 5.330773 41.066628 22.574257
v 5.241505 41.171028 23.255348
v 4.529469 39.461288 23.697289
v 4.610435 39.368095 23.082008
v 4.026396 40.041664 27.517021
v 4.680151 41.828972 27.534996
v 2.443979 42.128883 28.229668
v 2.207241 40.397530 28.129784
v 2.207241 40.397530 28.129784
v 2.443979 42.128883 28.229668
v 2.662765 41.873863 26.577248
v 2.402413 40.173042 26.658333
v 2.207241 40.397530 28.129784
v 3.357989 41.066246 21.322563
v 5.330773 41.066628 22.574257
v 4.769392 41.724213 26.854973
v 4.680151 41.828972 27.534996
v 7.486632 50.440170 28.185936
v 3.570074 50.983231 29.245369
v 2.443979 42.128883 28.229668
v 3.570074 50.983231 29.245369
v 3.570074 50.983231 29.245369
v 4.960918 49.272911 18.636147
v 3.357989 41.066246 21.322563
v 3.139051 41.320122 22.978111
v 3.357989 41.066246 21.322563
v 5.330773 41.066628 22.574257
v 4.960918 49.272911 18.636147
v 4.960918 49.272911 18.636147
v 8.450601 49.234100 20.691795
v 5.330773 41.066628 22.574257
v 2.402413 40.173042 26.658333
v 2.402413 40.173042 26.658333
v 4.107360 39.948097 26.902550
v 4.680151 41.828972 27.534996
v 4.026396 40.041664 27.517021
v 4.026396 40.041664 27.517021
v 4.107360 39.948097 26.902550
v 3.357989 41.066246 21.322563
v 3.022628 39.461983 21.979927
v 3.022628 39.461983 21.979927
v 2.827303 39.685562 23.453728
v 5.241505 41.171028 23.255348
v 4.769392 41.724213 26.854973
v 2.662765 41.873863 26.577248
v 2.662765 41.873863 26.577248
v 3.139051 41.320122 22.978111
v 5.241505 41.171028 23.255348
v 2.402413 40.173042 26.658333
v 2.662765 41.873863 26.577248
v 2.662765 41.873863 26.577248
v 4.769392 41.724213 26.854973
v 5.241505 41.171028 23.255348
v 3.139051 41.320122 22.978111
v 3.139051 41.320122 22.978111
v 3.570074 50.983231 29.245369
v 4.655736 56.873062 27.611336
v 4.655736 56.873062 27.611336
v 5.853421 55.355736 18.418892
v 7.486632 50.440170 28.185936
v 4.655736 56.873062 27.611336
v 8.450601 49.234100 20.691795
v 4.960918 49.272911 18.636147
v 5.853421 55.355736 18.418892
v -9.543327 88.824196 24.081932
v -6.212729 54.615440 16.823673
v -7.406212 55.942566 26.467949
v 5.030135 55.366936 27.896706
v 6.184114 54.044197 18.249687
v -4.035642 21.808640 30.944294
v -4.711434 15.993698 31.855030
v -4.007237 15.413559 26.205238
v -3.292660 21.138702 24.934731
v -12.704900 22.213078 31.023182
v -13.327360 16.347336 31.745686
v -11.682920 21.330902 23.052956
v -12.402630 15.593842 24.460091
v -12.402630 15.593842 24.460091
v -11.682920 21.330902 23.052956
v -12.402630 15.593842 24.460091
v 2.656172 39.139397 21.733696
v 6.184114 54.044197 18.249687
v 5.030135 55.366936 27.896706
v 5.030135 55.366936 27.896706
v 1.857064 39.984642 28.266640
v -5.481474 46.681702 30.382481
v 5.030135 55.366936 27.896706
v -7.406212 55.942566 26.467949
v -7.406212 55.942566 26.467949
v -12.472830 46.990837 29.689796
v -10.757590 44.955757 15.859684
v -7.406212 55.942566 26.467949
v -7.406212 55.942566 26.467949
v -6.212729 54.615440 16.823673
v -3.713051 44.643799 16.038288
v 6.184114 54.044197 18.249687
v -1.811740 32.939590 22.674675
v -2.622238 33.656593 29.151100
v -7.027315 38.699913 31.013935
v -12.506080 38.923523 29.815983
v -11.008300 37.347458 17.783348
v -2.568781 28.379993 23.676048
v -3.346746 29.001587 29.846470
v -12.246490 29.611382 30.378742
v -11.112650 28.580906 21.395790
v -11.112650 28.580906 21.395790
v -11.008300 37.347458 17.783348
v -5.373856 37.108612 17.651970
v -11.112650 28.580906 21.395790
v -11.682920 21.330902 23.052956
v -11.112650 28.580906 21.395790
v -11.682920 21.330902 23.052956
v -10.757590 44.955757 15.859684
v -6.212729 54.615440 16.823673
v -6.212729 54.615440 16.823673
v 6.184114 54.044197 18.249687
v 5.030135 55.366936 27.896706
v -10.757590 44.955757 15.859684
v -11.008300 37.347458 17.783348
v -10.757590 44.955757 15.859684
v 3.395668 158.610626 -6.902451
v 3.455568 158.247742 -8.703659
v -5.275128 159.883514 -7.637650
v -8.444527 160.760559 -5.239922
v 10.582150 146.786316 -4.158539
v 13.648050 148.547791 -2.705811
v 16.518120 135.265717 1.402275
v 15.348859 133.244110 0.556236
v 10.770620 148.699036 -4.167328
v 5.568046 156.566528 -8.406288
v 5.384843 156.913940 -6.779793
v 7.244703 144.757050 -16.214478
v 1.894600 151.319519 -8.873283
v 4.978207 147.419647 -8.225975
v 1.894600 151.319519 -8.873283
v 5.825541 150.073029 -8.329559
v 4.978207 147.419647 -8.225975
v 1.894600 151.319519 -8.873283
v -6.627069 152.488129 -8.277245
v 1.894600 151.319519 -8.873283
v 13.913480 134.488708 -1.224632
v 15.348859 133.244110 0.556236
v 13.744650 130.463348 -0.075447
v 12.583250 132.358032 -2.984215
v 5.488606 126.963722 -7.052292
v 0.779481 135.766205 -15.941086
v 9.310176 128.774231 -6.091599
v 15.831100 133.111938 4.451134
v 15.348859 133.244110 0.556236
v 16.518120 135.265717 1.402275
v 16.518120 135.265717 1.402275
v 16.542240 135.086914 4.451149
v -12.675430 150.194946 -12.739693
v -10.661060 153.221832 -8.233810
v -6.627069 152.488129 -8.277245
v -6.627069 152.488129 -8.277245
v -7.641057 150.239624 -16.485863
v -13.981230 147.170807 -16.301476
v -10.347370 135.663635 -15.931541
v -11.875030 139.993408 -16.037796
v -3.585397 141.708923 -16.070480
v -3.339442 134.038025 -15.905891
v 4.898923 141.429932 -16.068840
v 0.779481 135.766205 -15.941086
v 0.779481 135.766205 -15.941086
v 1.092263 149.095215 -16.435020
v 7.244703 144.757050 -16.214478
v -0.564421 127.798309 -10.294342
v -3.339442 134.038025 -15.905891
v 1.092263 149.095215 -16.435020
v 7.506436 145.537811 -6.788368
v -0.610651 123.105339 -8.433151
v -0.553260 127.258629 -8.931427
v 5.488606 126.963722 -7.052292
v 5.488606 126.963722 -7.052292
v 5.366419 122.899010 -6.624733
v -0.588353 118.378517 -8.053932
v 5.284389 118.276802 -6.298843
v -7.029685 128.102203 -10.412506
v -0.553260 127.258629 -8.931427
v -0.553260 127.258629 -8.931427
v -7.322253 127.545326 -7.537567
v -6.122100 123.325035 -7.092163
v -6.050725 118.479240 -6.752380
v -6.077530 118.480522 4.451118
v -6.149965 122.986320 4.451126
v -9.275490 160.632050 -6.801674
v -10.948600 160.889343 -4.927605
v -10.661060 153.221832 -8.233810
v -10.661060 153.221832 -8.233810
v -12.482870 153.316742 -6.475449
v -10.661060 153.221832 -8.233810
v -12.482870 153.316742 -6.475449
v -16.176060 149.928741 -8.345497
v -18.014410 150.012329 -6.477409
v -13.925540 150.012115 -9.143387
v 1.092263 149.095215 -16.435020
v -7.641057 150.239624 -16.485863
v -7.641057 150.239624 -16.485863
v -6.627069 152.488129 -8.277245
v -15.176810 144.230621 -9.353500
v 5.519271 150.305542 -6.848557
v 9.512970 149.171997 -2.985283
v 8.276336 149.441406 -6.958717
v -13.981230 147.170807 -16.301476
v -7.641057 150.239624 -16.485863
v -11.875030 139.993408 -16.037796
v -11.677390 131.494446 -5.232903
v -12.829280 137.362946 -8.282288
v -10.347370 135.663635 -15.931541
v -10.347370 135.663635 -15.931541
v -3.339442 134.038025 -15.905891
v -3.339442 134.038025 -15.905891
v 5.519271 150.305542 -6.848557
v -4.623375 152.672638 -7.100113
v 5.519271 150.305542 -6.848557
v 10.120890 147.764740 4.451157
v 9.699104 147.692017 -1.006737
v 5.680363 149.386536 -0.731377
v 5.934649 149.405518 4.451134
v 13.699210 148.450134 4.451134
v 16.542240 135.086914 4.451149
v 14.420070 129.171417 4.451149
v 14.362769 129.312012 1.331673
v 16.606880 131.567627 1.373421
v 16.681391 131.413910 4.451118
v -11.875030 139.993408 -16.037796
v -11.875030 139.993408 -16.037796
v -10.347370 135.663635 -15.931541
v -4.760535 151.314117 -5.906570
v 3.775585 149.121124 -5.016930
v 5.519271 150.305542 -6.848557
v 5.519271 150.305542 -6.848557
v -4.623375 152.672638 -7.100113
v -8.156893 152.094910 -4.723808
v -4.623375 152.672638 -7.100113
v -4.623375 152.672638 -7.100113
v -9.122633 152.907013 -5.845634
v -12.256210 153.593719 -0.114990
v -11.173520 152.606537 0.462997
v -7.641057 150.239624 -16.485863
v -17.566509 137.063690 -0.465164
v -16.554630 137.095215 -8.036461
v -15.087630 133.157532 -5.188812
v -15.420640 133.106720 -2.573746
v -8.558117 157.806824 0.283165
v -9.822918 157.920929 4.451157
v -8.172762 158.500824 4.451141
v -7.314751 158.331635 0.951469
v -16.940350 154.537506 -0.584740
v -16.236271 152.810120 -0.555771
v -16.438160 152.835236 4.451126
v -17.295259 154.575531 4.451149
v 11.341480 148.947754 -1.686485
v 11.576450 148.988495 4.451118
v 5.934649 149.405518 4.451134
v 5.680363 149.386536 -0.731377
v 4.357419 154.675934 -0.541557
v 3.556860 157.208038 4.451126
v 5.934649 149.405518 4.451134
v 9.512970 149.171997 -2.985283
v 5.519271 150.305542 -6.848557
v 9.512970 149.171997 -2.985283
v 11.341480 148.947754 -1.686485
v 9.512970 149.171997 -2.985283
v -11.720380 161.778748 -0.364838
v -13.558090 161.765320 -0.569946
v -11.972030 161.784546 4.451134
v -13.914530 161.846924 4.451096
v -12.256210 153.593719 -0.114990
v -9.122633 152.907013 -5.845634
v -12.256210 153.593719 -0.114990
v -12.507970 153.780457 4.451187
v -12.256210 153.593719 -0.114990
v 5.519271 150.305542 -6.848557
v 5.825541 150.073029 -8.329559
v 5.519271 150.305542 -6.848557
v 1.894600 151.319519 -8.873283
v 7.565578 147.316132 -7.106758
v 10.770620 148.699036 -4.167328
v 10.770620 148.699036 -4.167328
v 10.582150 146.786316 -4.158539
v 7.506436 145.537811 -6.788368
v 10.582150 146.786316 -4.158539
v 10.582150 146.786316 -4.158539
v 9.499465 144.860748 -4.222893
v 7.506436 145.537811 -6.788368
v 10.768070 150.077820 -2.039619
v 12.685930 150.058716 -3.207108
v 10.983410 150.209930 -4.224907
v 9.638474 150.252350 -2.880096
v 11.097740 126.130043 1.223656
v 16.606880 131.567627 1.373421
v 15.348859 133.244110 0.556236
v 16.681391 131.413910 4.451118
v 16.606880 131.567627 1.373421
v 4.978207 147.419647 -8.225975
v 5.825541 150.073029 -8.329559
v 4.978207 147.419647 -8.225975
v 7.506436 145.537811 -6.788368
v 4.978207 147.419647 -8.225975
v 15.348859 133.244110 0.556236
v 13.913480 134.488708 -1.224632
v 9.499465 144.860748 -4.222893
v 7.244703 144.757050 -16.214478
v 13.913480 134.488708 -1.224632
v 12.583250 132.358032 -2.984215
v 12.583250 132.358032 -2.984215
v 4.898923 141.429932 -16.068840
v 7.244703 144.757050 -16.214478
v 9.499465 144.860748 -4.222893
v 9.499465 144.860748 -4.222893
v 13.913480 134.488708 -1.224632
v 9.499465 144.860748 -4.222893
v 10.768070 150.077820 -2.039619
v 10.768070 150.077820 -2.039619
v 9.638474 150.252350 -2.880096
v 9.512970 149.171997 -2.985283
v 9.512970 149.171997 -2.985283
v 11.341480 148.947754 -1.686485
v 10.768070 150.077820 -2.039619
v 9.512970 149.171997 -2.985283
v 9.512970 149.171997 -2.985283
v 9.638474 150.252350 -2.880096
v 5.825541 150.073029 -8.329559
v 10.770620 148.699036 -4.167328
v -9.122633 152.907013 -5.845634
v 11.576450 148.988495 4.451118
v 11.341480 148.947754 -1.686485
v 11.576450 148.988495 4.451118
v 5.559072 149.077393 -2.776390
v -3.988715 151.682434 -2.819244
v -8.069983 152.602020 0.363060
v -12.507970 153.780457 4.451187
v -12.507970 153.780457 4.451187
v -11.420020 152.872833 4.451103
v -4.579748 157.572937 -0.508705
v 4.357419 154.675934 -0.541557
v 4.010620 154.398743 -2.675507
v -4.784586 156.914429 -2.719376
v 5.680363 149.386536 -0.731377
v 5.559072 149.077393 -2.776390
v 4.357419 154.675934 -0.541557
v 5.680363 149.386536 -0.731377
v 5.559072 149.077393 -2.776390
v -3.988715 151.682434 -2.819244
v -3.988715 151.682434 -2.819244
v -7.314751 158.331635 0.951469
v -7.110741 161.498932 0.915810
v -4.399445 160.735046 -0.515312
v -4.579748 157.572937 -0.508705
v -7.314751 158.331635 0.951469
v -4.579748 157.572937 -0.508705
v 3.595469 157.483337 -0.066826
v -4.579748 157.572937 -0.508705
v -8.172762 158.500824 4.451141
v -7.962681 161.669708 4.451111
v -7.314751 158.331635 0.951469
v -8.172762 158.500824 4.451141
v -9.348528 152.712036 4.451134
v -8.069983 152.602020 0.363060
v -9.348528 152.712036 4.451134
v -9.348528 152.712036 4.451134
v -3.988715 151.682434 -2.819244
v -8.069983 152.602020 0.363060
v -8.069983 152.602020 0.363060
v -7.641057 150.239624 -16.485863
v -17.963850 150.073425 -0.299568
v -21.338940 145.458008 -0.830353
v -17.733431 144.692932 0.564774
v -21.773849 148.277313 -6.974129
v -20.147810 145.324432 -8.986252
v -14.485740 138.035797 0.758026
v -22.185921 148.270538 -3.265259
v 11.394520 119.316933 0.990829
v 11.802620 118.854546 1.114426
v 9.043792 118.210426 0.137276
v 9.102534 119.370918 0.153275
v 11.144980 126.053734 4.451149
v 15.348859 133.244110 0.556236
v 11.434060 129.741425 -2.644554
v -0.553260 127.258629 -8.931427
v -7.322253 127.545326 -7.537567
v -20.217291 150.650330 0.073769
v -16.236271 152.810120 -0.555771
v -17.963850 150.073425 -0.299568
v -20.161739 150.682343 4.451164
v -16.438160 152.835236 4.451126
v -16.438160 152.835236 4.451126
v -16.236271 152.810120 -0.555771
v -17.733431 144.692932 0.564774
v -17.733431 144.692932 0.564774
v -17.737101 144.688507 4.451149
v -7.419030 127.182121 4.451118
v -7.322253 127.545326 -7.537567
v -10.661060 153.221832 -8.233810
v -13.925540 150.012115 -9.143387
v -15.176810 144.230621 -9.353500
v -13.925540 150.012115 -9.143387
v -15.176810 144.230621 -9.353500
v -15.176810 144.230621 -9.353500
v -15.176810 144.230621 -9.353500
v -12.829280 137.362946 -8.282288
v -18.716539 150.055817 -2.740639
v -16.236271 152.810120 -0.555771
v -16.236271 152.810120 -0.555771
v -12.482870 153.316742 -6.475449
v -16.236271 152.810120 -0.555771
v -14.485740 138.035797 0.758026
v -14.364190 138.009735 4.451149
v -17.733431 144.692932 0.564774
v -14.485740 138.035797 0.758026
v -17.963850 150.073425 -0.299568
v -17.733431 144.692932 0.564774
v -7.029685 128.102203 -10.412506
v -7.322253 127.545326 -7.537567
v -12.829280 137.362946 -8.282288
v -12.829280 137.362946 -8.282288
v -11.677390 131.494446 -5.232903
v -11.465280 131.482330 -1.378014
v -7.419030 127.182121 4.451118
v -14.485740 138.035797 0.758026
v -11.677390 131.494446 -5.232903
v -11.465280 131.482330 -1.378014
v -11.677390 131.494446 -5.232903
v -7.322253 127.545326 -7.537567
v -7.322253 127.545326 -7.537567
v -7.419030 127.182121 4.451118
v 9.124615 126.266716 0.201614
v 5.488606 126.963722 -7.052292
v 9.102534 119.370918 0.153275
v 12.212270 117.437126 1.050598
v 12.148420 117.435936 4.451157
v 9.257195 117.486824 4.451164
v 9.257207 117.488029 0.098145
v 5.284389 118.276802 -6.298843
v 9.043792 118.210426 0.137276
v -6.050725 118.479240 -6.752380
v -6.050725 118.479240 -6.752380
v -0.588353 118.378517 -8.053932
v 5.284389 118.276802 -6.298843
v 9.859714 129.774628 -3.090157
v 4.898923 141.429932 -16.068840
v 4.898923 141.429932 -16.068840
v 12.583250 132.358032 -2.984215
v 5.488606 126.963722 -7.052292
v 9.310176 128.774231 -6.091599
v 9.859714 129.774628 -3.090157
v 12.583250 132.358032 -2.984215
v 9.859714 129.774628 -3.090157
v 9.310176 128.774231 -6.091599
v 5.488606 126.963722 -7.052292
v 9.859714 129.774628 -3.090157
v 9.124615 126.266716 0.201614
v 9.124615 126.266716 0.201614
v -10.661060 153.221832 -8.233810
v -12.482870 153.316742 -6.475449
v -10.347370 135.663635 -15.931541
v -7.029685 128.102203 -10.412506
v -11.465280 131.482330 -1.378014
v 11.627670 120.110924 4.451118
v 11.658670 120.125633 1.143433
v 9.124615 126.266716 0.201614
v 9.102534 119.370918 0.153275
v 9.124615 126.266716 0.201614
v 9.102534 119.370918 0.153275
v 9.102534 119.370918 0.153275
v 9.043792 118.210426 0.137276
v 9.102536 119.370918 4.451118
v 9.102534 119.370918 0.153275
v 11.328880 119.309029 4.451157
v 9.102534 119.370918 0.153275
v 11.758790 118.843422 4.451134
v -6.077530 118.480522 4.451118
v -6.050725 118.479240 -6.752380
v 9.043792 118.210426 0.137276
v 9.043792 118.210426 0.137276
v 9.043965 118.217323 4.451149
v -6.077530 118.480522 4.451118
v 9.257207 117.488029 0.098145
v 9.257195 117.486824 4.451164
v 9.043792 118.210426 0.137276
v 9.043792 118.210426 0.137276
v 9.257207 117.488029 0.098145
v 9.257195 117.486824 4.451164
v -5.275112 159.883545 16.539951
v 3.447496 158.244141 17.883949
v 3.385199 158.605530 16.082752
v -8.444523 160.760559 14.142185
v 10.582150 146.786285 13.060795
v 16.518120 135.265717 7.500004
v 13.648040 148.547791 11.608067
v 10.770600 148.698914 13.069599
v 15.348859 133.244110 8.346043
v 5.568057 156.566620 17.308540
v 5.384850 156.913940 15.682026
v 7.244703 144.757019 25.116783
v 4.978209 147.419647 17.128258
v 1.856076 151.301025 18.053642
v 1.856076 151.301025 18.053642
v 4.978209 147.419647 17.128258
v 5.825540 150.073120 17.231880
v 1.856076 151.301025 18.053642
v -6.627052 152.488007 17.179527
v 1.856076 151.301025 18.053642
v 13.744650 130.463409 8.977757
v 15.348859 133.244110 8.346043
v 13.913480 134.488708 10.126896
v 12.583250 132.357910 11.886463
v 5.488614 126.963631 15.954609
v 9.310184 128.774231 14.993885
v 0.779496 135.766205 24.843346
v 15.831100 133.111938 4.451134
v 16.542240 135.086914 4.451149
v 16.518120 135.265717 7.500004
v 16.518120 135.265717 7.500004
v 15.348859 133.244110 8.346043
v 15.831100 133.111938 4.451134
v -6.627052 152.488007 17.179527
v -10.661060 153.221832 17.136070
v -12.675470 150.194824 21.641945
v -7.641064 150.239624 25.388161
v -6.627052 152.488007 17.179527
v -13.981220 147.170807 25.203743
v -10.347350 135.663483 24.833778
v -3.339452 134.038086 24.808144
v -3.585390 141.709015 24.972710
v -11.875030 139.993317 24.940056
v 0.779496 135.766205 24.843346
v 0.779496 135.766205 24.843346
v 4.898924 141.429993 24.971107
v 7.244703 144.757019 25.116783
v 1.092269 149.095093 25.337242
v -0.564412 127.798218 19.196571
v -3.339452 134.038086 24.808144
v 1.092269 149.095093 25.337242
v 7.506445 145.538025 15.690678
v 5.488614 126.963631 15.954609
v -0.553258 127.258522 17.833885
v -0.610646 123.105446 17.335915
v 5.366409 122.899132 15.527088
v 5.488614 126.963631 15.954609
v -0.588355 118.378410 16.956043
v 5.284389 118.276711 15.200947
v -0.553258 127.258522 17.833885
v -7.029686 128.102219 19.314751
v -7.322247 127.545219 16.439945
v -0.553258 127.258522 17.833885
v -6.122084 123.325020 15.994373
v -6.149965 122.986320 4.451126
v -6.077530 118.480522 4.451118
v -6.077530 118.480522 4.451118
v -6.050717 118.479225 15.654072
v -10.948590 160.889313 13.829884
v -9.275494 160.632019 15.703922
v -10.661060 153.221832 17.136070
v -10.661060 153.221832 17.136070
v -12.482860 153.316711 15.377720
v -10.661060 153.221832 17.136070
v -12.482860 153.316711 15.377720
v -18.014400 150.012329 15.379704
v -16.176069 149.928833 17.247780
v -13.925550 150.012146 18.045692
v -6.627052 152.488007 17.179527
v -7.641064 150.239624 25.388161
v -7.641064 150.239624 25.388161
v 1.092269 149.095093 25.337242
v -15.176800 144.230621 18.255806
v 5.519267 150.305389 15.750828
v 8.276315 149.441315 15.860950
v 9.512959 149.171936 11.887516
v -7.641064 150.239624 25.388161
v -13.981220 147.170807 25.203743
v -11.875030 139.993317 24.940056
v -11.677410 131.494415 14.135151
v -10.347350 135.663483 24.833778
v -12.829280 137.362793 17.184547
v -3.339452 134.038086 24.808144
v -10.347350 135.663483 24.833778
v -3.339452 134.038086 24.808144
v 5.519267 150.305389 15.750828
v -4.623376 152.672607 16.002354
v 5.519267 150.305389 15.750828
v 10.120890 147.764740 4.451157
v 5.934649 149.405518 4.451134
v 5.680356 149.386627 9.633656
v 9.699100 147.692108 9.909046
v 10.120890 147.764740 4.451157
v 13.699210 148.450134 4.451134
v 16.542240 135.086914 4.451149
v 14.420070 129.171417 4.451149
v 16.681391 131.413910 4.451118
v 16.606880 131.567719 7.528843
v 14.362769 129.312012 7.570591
v 14.420070 129.171417 4.451149
v -10.347350 135.663483 24.833778
v -11.875030 139.993317 24.940056
v -11.875030 139.993317 24.940056
v -4.760551 151.314209 14.808811
v -4.623376 152.672607 16.002354
v 5.519267 150.305389 15.750828
v 5.519267 150.305389 15.750828
v 3.775583 149.121216 13.919163
v -8.156883 152.094940 13.626087
v -9.122625 152.907013 14.747898
v -4.623376 152.672607 16.002354
v -4.623376 152.672607 16.002354
v -11.173550 152.606445 8.439289
v -12.256200 153.593719 9.017262
v -7.641064 150.239624 25.388161
v -15.087630 133.157532 14.091084
v -16.554661 137.095215 16.938679
v -17.566500 137.063690 9.367420
v -15.420630 133.106812 11.475971
v -8.558115 157.806915 8.619114
v -7.314764 158.331726 7.950703
v -8.172762 158.500824 4.451141
v -8.172762 158.500824 4.451141
v -9.822918 157.920929 4.451157
v -16.940350 154.537445 9.487034
v -17.295259 154.575531 4.451149
v -16.438160 152.835236 4.451126
v -16.438160 152.835236 4.451126
v -16.236280 152.810120 9.457996
v 11.341460 148.947723 10.588764
v 13.699210 148.450134 4.451134
v 13.699210 148.450134 4.451134
v 11.576450 148.988495 4.451118
v 4.357419 154.675842 9.443913
v 5.680356 149.386627 9.633656
v 5.934649 149.405518 4.451134
v 5.934649 149.405518 4.451134
v 3.556860 157.208038 4.451126
v 9.512959 149.171936 11.887516
v 11.341460 148.947723 10.588764
v 5.519267 150.305389 15.750828
v 9.512959 149.171936 11.887516
v 5.519267 150.305389 15.750828
v -11.720370 161.778717 9.267170
v -13.558080 161.765320 9.472187
v -11.972030 161.784546 4.451134
v -11.972030 161.784546 4.451134
v -13.914530 161.846924 4.451096
v -9.122625 152.907013 14.747898
v -12.256200 153.593719 9.017262
v -12.256200 153.593719 9.017262
v -12.256200 153.593719 9.017262
v -12.507970 153.780457 4.451187
v -12.507970 153.780457 4.451187
v -11.972030 161.784546 4.451134
v -13.914530 161.846924 4.451096
v -17.295259 154.575531 4.451149
v -13.914530 161.846924 4.451096
v 5.825540 150.073120 17.231880
v 5.519267 150.305389 15.750828
v 5.519267 150.305389 15.750828
v 1.856076 151.301025 18.053642
v 10.770600 148.698914 13.069599
v 7.565580 147.316132 16.009037
v 10.582150 146.786285 13.060795
v 10.770600 148.698914 13.069599
v 7.506445 145.538025 15.690678
v 9.499475 144.860809 13.125156
v 10.582150 146.786285 13.060795
v 10.582150 146.786285 13.060795
v 7.506445 145.538025 15.690678
v 10.983410 150.210114 13.127140
v 12.685920 150.058807 12.109303
v 10.768060 150.077820 10.941883
v 9.638459 150.252319 11.782383
v 11.097740 126.130135 7.678608
v 16.606880 131.567719 7.528843
v 16.681391 131.413910 4.451118
v 15.831100 133.111938 4.451134
v 15.831100 133.111938 4.451134
v 15.348859 133.244110 8.346043
v 16.606880 131.567719 7.528843
v 4.978209 147.419647 17.128258
v 5.825540 150.073120 17.231880
v 4.978209 147.419647 17.128258
v 4.978209 147.419647 17.128258
v 7.506445 145.538025 15.690678
v 15.348859 133.244110 8.346043
v 9.499475 144.860809 13.125156
v 13.913480 134.488708 10.126896
v 12.583250 132.357910 11.886463
v 13.913480 134.488708 10.126896
v 7.244703 144.757019 25.116783
v 7.244703 144.757019 25.116783
v 4.898924 141.429993 24.971107
v 12.583250 132.357910 11.886463
v 13.913480 134.488708 10.126896
v 9.499475 144.860809 13.125156
v 9.499475 144.860809 13.125156
v 9.499475 144.860809 13.125156
v 10.768060 150.077820 10.941883
v 10.768060 150.077820 10.941883
v 11.341460 148.947723 10.588764
v 9.512959 149.171936 11.887516
v 9.512959 149.171936 11.887516
v 9.638459 150.252319 11.782383
v 10.768060 150.077820 10.941883
v 9.638459 150.252319 11.782383
v 9.512959 149.171936 11.887516
v 9.512959 149.171936 11.887516
v 5.825540 150.073120 17.231880
v 10.770600 148.698914 13.069599
v -9.122625 152.907013 14.747898
v 11.576450 148.988495 4.451118
v 10.120890 147.764740 4.451157
v 11.341460 148.947723 10.588764
v 11.576450 148.988495 4.451118
v 5.559055 149.077393 11.678562
v -3.988733 151.682556 11.721516
v -8.069981 152.602020 8.539188
v -11.420020 152.872833 4.451103
v -12.507970 153.780457 4.451187
v -12.507970 153.780457 4.451187
v 4.010612 154.398743 11.577747
v 4.357419 154.675842 9.443913
v -4.579733 157.572906 9.410984
v -4.784586 156.914307 11.621616
v 5.559055 149.077393 11.678562
v 5.680356 149.386627 9.633656
v 5.680356 149.386627 9.633656
v 4.357419 154.675842 9.443913
v -3.988733 151.682556 11.721516
v -3.988733 151.682556 11.721516
v 5.559055 149.077393 11.678562
v -7.314764 158.331726 7.950703
v -4.579733 157.572906 9.410984
v -4.399452 160.735046 9.417561
v -7.110734 161.499023 7.986408
v -7.314764 158.331726 7.950703
v -4.579733 157.572906 9.410984
v 3.595449 157.483459 8.969074
v -4.579733 157.572906 9.410984
v 3.556860 157.208038 4.451126
v -8.172762 158.500824 4.451141
v -7.314764 158.331726 7.950703
v -7.962681 161.669708 4.451111
v -8.172762 158.500824 4.451141
v -9.348528 152.712036 4.451134
v -11.420020 152.872833 4.451103
v -9.348528 152.712036 4.451134
v -9.822918 157.920929 4.451157
v -9.348528 152.712036 4.451134
v -9.348528 152.712036 4.451134
v -8.069981 152.602020 8.539188
v -8.069981 152.602020 8.539188
v -8.069981 152.602020 8.539188
v -3.988733 151.682556 11.721516
v -7.641064 150.239624 25.388161
v -17.963840 150.073425 9.201847
v -17.733431 144.692932 8.337498
v -21.338949 145.458008 9.732563
v -21.773830 148.277405 15.876377
v -20.147820 145.324310 17.888573
v -14.485730 138.035797 8.144245
v -22.185909 148.270416 12.167515
v 11.394520 119.317009 7.911427
v 9.102540 119.370811 8.748981
v 9.043794 118.210335 8.765034
v 11.802620 118.854607 7.787800
v 11.144980 126.053734 4.451149
v 14.420070 129.171417 4.451149
v 11.144980 126.053734 4.451149
v 15.348859 133.244110 8.346043
v 11.434060 129.741333 11.546787
v -0.553258 127.258522 17.833885
v -7.322247 127.545219 16.439945
v -20.217291 150.650421 8.828510
v -17.963840 150.073425 9.201847
v -16.236280 152.810120 9.457996
v -16.438160 152.835236 4.451126
v -20.161739 150.682343 4.451164
v -16.236280 152.810120 9.457996
v -16.438160 152.835236 4.451126
v -17.733431 144.692932 8.337498
v -20.161739 150.682343 4.451164
v -20.161739 150.682343 4.451164
v -17.737101 144.688507 4.451149
v -17.733431 144.692932 8.337498
v -7.322247 127.545219 16.439945
v -7.419030 127.182121 4.451118
v -7.419030 127.182121 4.451118
v -6.149965 122.986320 4.451126
v -10.661060 153.221832 17.136070
v -13.925550 150.012146 18.045692
v -15.176800 144.230621 18.255806
v -13.925550 150.012146 18.045692
v -15.176800 144.230621 18.255806
v -12.829280 137.362793 17.184547
v -15.176800 144.230621 18.255806
v -15.176800 144.230621 18.255806
v -18.716539 150.055725 11.642902
v -12.482860 153.316711 15.377720
v -16.236280 152.810120 9.457996
v -16.236280 152.810120 9.457996
v -16.236280 152.810120 9.457996
v -14.485730 138.035797 8.144245
v -17.733431 144.692932 8.337498
v -17.737101 144.688507 4.451149
v -17.737101 144.688507 4.451149
v -14.364190 138.009735 4.451149
v -14.485730 138.035797 8.144245
v -17.963840 150.073425 9.201847
v -17.733431 144.692932 8.337498
v -7.029686 128.102219 19.314751
v -7.322247 127.545219 16.439945
v -11.677410 131.494415 14.135151
v -12.829280 137.362793 17.184547
v -12.829280 137.362793 17.184547
v -11.465280 131.482422 10.280231
v -14.485730 138.035797 8.144245
v -14.364190 138.009735 4.451149
v -14.364190 138.009735 4.451149
v -7.419030 127.182121 4.451118
v -11.465280 131.482422 10.280231
v -11.677410 131.494415 14.135151
v -11.677410 131.494415 14.135151
v -7.419030 127.182121 4.451118
v -7.322247 127.545219 16.439945
v -7.322247 127.545219 16.439945
v 9.124618 126.266731 8.700611
v 5.488614 126.963631 15.954609
v 9.102540 119.370811 8.748981
v 12.212270 117.437126 7.851658
v 9.257211 117.487923 8.804127
v 9.257195 117.486824 4.451164
v 9.257195 117.486824 4.451164
v 12.148420 117.435936 4.451157
v -6.050717 118.479225 15.654072
v 9.043794 118.210335 8.765034
v 5.284389 118.276711 15.200947
v 5.284389 118.276711 15.200947
v -0.588355 118.378410 16.956043
v -6.050717 118.479225 15.654072
v 9.859715 129.774597 11.992435
v 12.583250 132.357910 11.886463
v 4.898924 141.429993 24.971107
v 4.898924 141.429993 24.971107
v 5.488614 126.963631 15.954609
v 9.859715 129.774597 11.992435
v 9.310184 128.774231 14.993885
v 12.583250 132.357910 11.886463
v 9.310184 128.774231 14.993885
v 9.859715 129.774597 11.992435
v 5.488614 126.963631 15.954609
v 9.859715 129.774597 11.992435
v 9.124618 126.266731 8.700611
v 9.124618 126.266731 8.700611
v -10.661060 153.221832 17.136070
v -12.482860 153.316711 15.377720
v -7.029686 128.102219 19.314751
v -10.347350 135.663483 24.833778
v -11.465280 131.482422 10.280231
v 11.627670 120.110924 4.451118
v 11.144980 126.053734 4.451149
v 11.658670 120.125618 7.758823
v 11.627670 120.110924 4.451118
v 9.124618 126.266731 8.700611
v 9.124618 126.266731 8.700611
v 9.102540 119.370811 8.748981
v 9.102540 119.370811 8.748981
v 9.043794 118.210335 8.765034
v 9.102540 119.370811 8.748981
v 9.102536 119.370918 4.451118
v 11.627670 120.110924 4.451118
v 9.102540 119.370811 8.748981
v 9.102536 119.370918 4.451118
v 9.102536 119.370918 4.451118
v 9.102540 119.370811 8.748981
v 11.328880 119.309029 4.451157
v 9.102536 119.370918 4.451118
v 11.758790 118.843422 4.451134
v 11.328880 119.309029 4.451157
v 11.328880 119.309029 4.451157
v -6.077530 118.480522 4.451118
v 9.043965 118.217323 4.451149
v 9.043794 118.210335 8.765034
v 9.043794 118.210335 8.765034
v -6.050717 118.479225 15.654072
v -6.077530 118.480522 4.451118
v 12.148420 117.435936 4.451157
v 11.758790 118.843422 4.451134
v 12.148420 117.435936 4.451157
v 9.257211 117.487923 8.804127
v 9.257195 117.486824 4.451164
v 9.257211 117.487923 8.804127
v 9.043794 118.210335 8.765034
v 9.043794 118.210335 8.765034
v 9.043965 118.217323 4.451149
v 9.257195 117.486824 4.451164
v -6.886586 166.303009 0.915817
v -4.184290 165.528229 -0.515350
v 3.520897 162.107513 -0.066826
v 3.689473 161.944458 4.451149
v -7.735675 166.477234 4.451149
v -4.184289 165.528198 9.417545
v -6.886590 166.303040 7.986439
v 3.520902 162.107513 8.969105
v 3.556860 157.208038 4.451126
v 3.689473 161.944458 4.451149
v 3.689473 161.944458 4.451149
v -7.962681 161.669708 4.451111
v -7.735675 166.477234 4.451149
v -7.962681 161.669708 4.451111
v 16.542240 135.086914 4.451149
v 16.542240 135.086914 4.451149
v -1.254944 103.791039 42.485096
v -8.699492 102.635399 42.514545
v -8.569191 102.019020 40.217884
v -1.123157 103.176308 40.188282
v -2.035690 108.410118 38.621815
v -2.167739 109.025230 40.918598
v -8.914013 107.101326 37.813526
v -2.516582 108.086403 37.788349
v -1.604490 102.851707 39.354786
v -8.011189 101.855812 39.380238
v -9.601141 107.882713 40.947803
v -9.470871 107.265511 38.651112
v -8.569191 102.019020 40.217884
v -8.569191 102.019020 40.217884
v -8.699492 102.635399 42.514545
v -2.727008 109.189507 41.756153
v -9.122034 108.207298 41.781269
v -8.219242 102.960716 43.348103
v -1.814541 103.954338 43.322681
v -2.262949 109.773430 37.630604
v -2.473218 110.718330 41.024403
v -2.737424 109.330498 36.381519
v -9.132334 108.348320 36.406696
v -9.913738 109.727623 41.581745
v -9.682507 108.472527 37.106403
v -9.428679 110.011497 42.277363
v -3.037327 110.989723 42.252399
v -8.011189 101.855812 39.380238
v -8.011189 101.855812 39.380238
v -8.219242 102.960716 43.348103
v -8.219242 102.960716 43.348103
v -8.699492 102.635399 42.514545
v -8.699492 102.635399 42.514545
v -8.011189 101.855812 39.380238
v -8.569191 102.019020 40.217884
v -8.914013 107.101326 37.813526
v -8.011189 101.855812 39.380238
v -8.914013 107.101326 37.813526
v -9.132334 108.348320 36.406696
v -8.914013 107.101326 37.813526
v -2.005568 120.136711 34.087788
v -3.768631 121.583733 33.583637
v -4.042666 122.763237 37.916859
v -2.269803 121.293251 38.389027
v -2.778220 119.806938 32.611134
v -5.329566 119.742744 31.451344
v -4.335571 121.238075 32.131489
v -15.972070 122.816933 38.297047
v -14.725720 124.263832 37.926807
v -14.444180 122.828011 32.508015
v -15.692040 121.380638 32.878223
v -15.202830 123.044014 39.176411
v -12.671290 122.979210 40.330036
v -14.170170 124.532036 38.785511
v -4.704518 123.157921 39.232685
v -3.147708 121.725105 39.712299
v -13.810640 122.602638 31.684620
v -14.844900 121.114311 32.075459
v -1.075585 115.691734 35.259998
v -1.308632 116.873741 39.809620
v -9.748547 113.695137 32.518085
v -12.213860 120.441826 31.149311
v -4.314417 114.520821 32.496998
v -1.830685 115.208534 33.740986
v -13.431060 115.321831 40.665943
v -13.152610 113.737099 34.412037
v -10.204690 116.379631 42.533924
v -4.776205 117.199516 42.512959
v -5.795409 122.271812 40.632252
v -12.679360 115.689827 41.503925
v -2.162499 117.183708 41.273823
v -12.322650 113.612526 33.567890
v -9.132334 108.348320 36.406696
v -12.322650 113.612526 33.567890
v -12.322650 113.612526 33.567890
v -14.844900 121.114311 32.075459
v -14.844900 121.114311 32.075459
v -13.810640 122.602638 31.684620
v -13.810640 122.602638 31.684620
v -12.322650 113.612526 33.567890
v -14.725720 124.263832 37.926807
v -14.170170 124.532036 38.785511
v -4.704518 123.157921 39.232685
v -4.704518 123.157921 39.232685
v -4.042666 122.763237 37.916859
v -14.725720 124.263832 37.926807
v -17.705320 124.489235 34.745777
v -19.621571 118.284508 35.566334
v -23.313009 133.451385 31.980579
v -19.569151 132.134216 32.511982
v -18.038900 114.833519 38.313068
v -11.835510 113.214607 39.223621
v -13.886790 121.889030 36.622089
v -16.584221 122.503624 36.273121
v -19.628370 132.524414 33.834705
v -19.569151 132.134216 32.511982
v -23.313009 133.451385 31.980579
v -23.313009 133.451385 31.980579
v -23.371130 133.842407 33.303272
v -18.038900 114.833519 38.313068
v -17.979340 114.444939 36.990376
v -11.774470 112.827003 37.900867
v -11.835510 113.214607 39.223621
v -18.038900 114.833519 38.313068
v -19.680861 118.673531 36.889118
v -23.313009 133.451385 31.980579
v -23.313009 133.451385 31.980579
v -19.621571 118.284508 35.566334
v -18.038900 114.833519 38.313068
v -19.621571 118.284508 35.566334
v -19.621571 118.284508 35.566334
v -18.038900 114.833519 38.313068
v -17.765051 124.878532 36.068562
v -17.705320 124.489235 34.745777
v -17.705320 124.489235 34.745777
v -19.569151 132.134216 32.511982
v -16.584221 122.503624 36.273121
v -13.886790 121.889030 36.622089
v -13.826000 121.500648 35.299305
v -16.524120 122.114815 34.950306
v -16.584221 122.503624 36.273121
v -16.584221 122.503624 36.273121
v -17.705320 124.489235 34.745777
v -5.227149 122.909035 37.100574
v -11.505810 124.792519 37.063343
v -11.765020 123.811104 33.629963
v -5.487319 121.929634 33.667164
v -6.213621 145.907532 26.757088
v -5.938907 146.961731 30.465137
v 2.407853 144.409515 30.519367
v 2.136395 143.359528 26.811272
v -1.496180 128.310608 31.596546
v -1.238219 129.287292 35.029987
v -2.689717 124.576393 36.443928
v -2.949289 123.598427 33.010517
v -10.983470 130.808929 30.574421
v -2.202354 128.212540 30.629902
v -3.656541 123.498131 32.043873
v -12.433720 126.074638 31.988941
v -11.281620 132.241516 34.965443
v -11.539680 131.260712 31.532154
v -12.988520 126.524925 32.946644
v -12.730160 127.506737 36.379993
v -1.799539 129.737030 35.987812
v -10.580500 132.338928 35.932240
v -12.030110 127.606346 37.346729
v -3.251349 125.024818 37.401783
v 0.446376 137.826904 28.638405
v 0.720947 138.878906 32.346485
v 1.498561 138.227203 33.776081
v 1.033680 136.446228 27.496803
v -8.510784 139.038696 26.586296
v -7.482519 139.907623 27.549477
v -0.145621 137.677765 27.595375
v 0.333276 136.385315 26.643211
v -7.918603 140.350494 28.584877
v -9.082533 139.462219 27.430626
v -8.613493 141.251831 33.709736
v -7.641874 141.406647 32.292866
v 0.283259 139.319946 33.382008
v -7.050748 141.555206 33.335773
v -7.914962 141.311340 34.563313
v 0.924544 138.648651 34.620502
v 2.136395 143.359528 26.811272
v 2.407853 144.409515 30.519367
v 2.136395 143.359528 26.811272
v -6.099051 144.359436 26.067863
v 1.228180 142.113098 26.114235
v 1.653275 143.752533 31.900867
v -5.669876 146.004700 31.854206
v -1.208259 128.985718 29.739983
v -0.737252 130.771332 36.019215
v -10.763930 131.541016 28.830589
v -1.911512 128.921631 28.886604
v -10.862860 133.755432 35.953876
v -11.334560 131.962219 29.674950
v -10.164340 133.818298 36.807362
v -1.312682 131.190613 36.863667
v -11.213770 123.363228 32.672199
v -6.188639 121.827324 32.700550
v -5.782650 123.355919 38.058399
v -10.808950 124.894417 38.030018
v 1.228180 142.113098 26.114235
v 1.653275 143.752533 31.900867
v 1.653275 143.752533 31.900867
v -2.202354 128.212540 30.629902
v -3.656541 123.498131 32.043873
v -2.202354 128.212540 30.629902
v -0.145621 137.677765 27.595375
v 0.333276 136.385315 26.643211
v -0.145621 137.677765 27.595375
v 1.228180 142.113098 26.114235
v 2.136395 143.359528 26.811272
v -0.145621 137.677765 27.595375
v 1.228180 142.113098 26.114235
v 2.407853 144.409515 30.519367
v -2.202354 128.212540 30.629902
v -2.202354 128.212540 30.629902
v -1.911512 128.921631 28.886604
v 0.333276 136.385315 26.643211
v -1.911512 128.921631 28.886604
v 0.333276 136.385315 26.643211
v -5.227149 122.909035 37.100574
v -5.487319 121.929634 33.667164
v -5.487319 121.929634 33.667164
v -11.765020 123.811104 33.629963
v -11.505810 124.792519 37.063343
v -11.505810 124.792519 37.063343
v -5.487319 121.929634 33.667164
v -6.188639 121.827324 32.700550
v -3.656541 123.498131 32.043873
v -3.656541 123.498131 32.043873
v -5.487319 121.929634 33.667164
v -11.213770 123.363228 32.672199
v -11.765020 123.811104 33.629963
v -11.765020 123.811104 33.629963
v -11.505810 124.792519 37.063343
v -10.808950 124.894417 38.030018
v -11.505810 124.792519 37.063343
v -5.782650 123.355919 38.058399
v -5.227149 122.909035 37.100574
v -5.227149 122.909035 37.100574
v -12.054370 120.390129 35.302601
v -11.887370 121.021324 37.510670
v -10.954050 124.178017 36.545765
v -11.120940 123.547203 34.337666
v -6.973987 118.998146 35.338184
v -6.037529 122.148125 34.373463
v -6.806347 119.628044 37.546284
v -5.870303 122.777733 36.581562
v -11.887370 121.021324 37.510670
v -10.954050 124.178017 36.545765
v -11.887370 121.021324 37.510670
v -8.972359 126.733635 35.675892
v -9.139153 126.103523 33.467762
v -6.325753 125.325844 33.487659
v -6.158875 125.955132 35.695789
v -2.503772 103.198402 40.627918
v -2.499600 103.640923 42.125538
v -2.516361 102.408684 42.393970
v -2.520586 101.966316 40.896442
v -7.464382 101.228996 42.661213
v -7.446635 102.463203 42.392689
v -7.451171 102.020088 40.895039
v -7.468966 100.785896 41.163563
v -3.593821 102.982903 39.856647
v -3.610898 101.750313 40.125202
v -6.367239 101.780098 40.124409
v -6.384847 100.546303 40.392933
v -6.367239 101.780098 40.124409
v -3.627975 100.517708 40.393696
v -6.384847 100.546303 40.392933
v -6.367239 101.780098 40.124409
v -3.585227 103.881111 42.896107
v -3.602191 102.648521 43.164722
v -6.358170 102.679131 43.163929
v -6.375684 101.445488 43.432484
v -3.619156 101.415916 43.433247
v -8.972359 126.733635 35.675892
v -10.954050 124.178017 36.545765
v -8.972359 126.733635 35.675892
v -10.808950 124.894417 38.030018
v -5.782650 123.355919 38.058399
v -10.808950 124.894417 38.030018
v -6.188639 121.827324 32.700550
v -11.213770 123.363228 32.672199
v -6.188639 121.827324 32.700550
v -16.524120 122.114815 34.950306
v -16.524120 122.114815 34.950306
v -17.979340 114.444939 36.990376
v -17.979340 114.444939 36.990376
v -16.524120 122.114815 34.950306
v -13.826000 121.500648 35.299305
v -13.826000 121.500648 35.299305
v -11.774470 112.827003 37.900867
v -17.979340 114.444939 36.990376
v -19.680861 118.673531 36.889118
v -17.765051 124.878532 36.068562
v -19.680861 118.673531 36.889118
v -23.371130 133.842407 33.303272
v -19.680861 118.673531 36.889118
v -17.765051 124.878532 36.068562
v -17.765051 124.878532 36.068562
v -19.628370 132.524414 33.834705
v -23.371130 133.842407 33.303272
v 2.226712 98.169838 39.955738
v 1.703391 97.954277 39.531422
v 1.629090 97.672859 41.175159
v 2.163505 98.125435 40.876057
v 1.612117 97.509789 39.017658
v 0.277639 97.250587 38.986927
v 0.124500 96.977013 41.418934
v 1.477566 97.186333 41.514088
v -4.341404 86.296684 38.984058
v -4.576179 86.578522 38.714924
v -4.021548 86.900757 39.435169
v -4.010428 86.985748 40.835072
v -4.281380 86.292137 41.354115
v -4.008769 87.140350 41.605915
v -4.184269 86.528908 42.000782
v -4.512516 86.239342 42.203175
v -4.495835 86.867744 42.951801
v -4.063562 87.656609 42.398273
v -4.215441 86.978508 42.874439
v -4.251149 88.449799 44.696491
v -4.641199 88.490608 45.181843
v -4.442909 87.897079 44.357868
v -3.931540 88.615425 44.074879
v -4.620425 90.376167 45.536701
v -4.070214 90.372261 44.927174
v -3.897616 90.599876 43.956226
v -4.062252 92.011299 45.380512
v -4.616034 92.459877 46.513111
v -4.114203 92.813591 45.648457
v -4.606518 93.423637 46.339222
v -3.880120 92.259041 44.291370
v -5.484249 93.443047 46.306629
v -5.935295 92.822258 45.538563
v -5.530930 92.450813 46.465473
v -4.942104 86.304710 38.971180
v -5.492449 90.373558 45.492695
v -5.401002 88.500175 45.111774
v -4.910223 90.771324 43.426319
v -4.930737 92.375191 43.725636
v -4.910196 89.051842 43.383930
v -4.808958 88.143425 42.037739
v -4.768578 87.610458 41.429066
v -4.734479 87.542152 40.730091
v -4.614402 87.298210 39.137928
v -4.576179 86.578522 38.714924
v -6.044341 92.094276 45.163807
v -5.935295 92.822258 45.538563
v -5.943310 92.267021 44.150745
v -5.936864 90.665550 43.808186
v -5.979181 90.424019 44.752583
v -5.989396 88.576363 44.008076
v -5.627223 87.795364 42.291462
v -5.571237 87.243462 41.494526
v -5.493664 87.026604 40.736561
v -5.240777 86.931068 39.367390
v -4.576179 86.578522 38.714924
v -5.240777 86.931068 39.367390
v -5.358915 86.307228 41.288258
v -5.493664 87.026604 40.736561
v -5.493664 87.026604 40.736561
v -5.240777 86.931068 39.367390
v -5.571237 87.243462 41.494526
v -5.493664 87.026604 40.736561
v -5.561940 86.591942 41.896076
v -5.571237 87.243462 41.494526
v -5.306373 86.262672 42.150105
v -5.482461 86.977486 42.864094
v -5.571237 87.243462 41.494526
v -5.571237 87.243462 41.494526
v -5.627223 87.795364 42.291462
v -5.563154 87.946358 44.280750
v -5.627223 87.795364 42.291462
v -5.627223 87.795364 42.291462
v -5.989396 88.576363 44.008076
v -5.765562 88.550545 44.653461
v -5.979181 90.424019 44.752583
v -5.989396 88.576363 44.008076
v -5.979181 90.424019 44.752583
v -5.979181 90.424019 44.752583
v -6.044341 92.094276 45.163807
v -6.044341 92.094276 45.163807
v -6.044341 92.094276 45.163807
v -5.989396 88.576363 44.008076
v -4.114203 92.813591 45.648457
v -3.880120 92.259041 44.291370
v -5.943310 92.267021 44.150745
v -5.943310 92.267021 44.150745
v -5.935295 92.822258 45.538563
v -4.114203 92.813591 45.648457
v -3.880120 92.259041 44.291370
v -4.930737 92.375191 43.725636
v -5.943310 92.267021 44.150745
v -4.114203 92.813591 45.648457
v -5.935295 92.822258 45.538563
v -5.484249 93.443047 46.306629
v -5.484249 93.443047 46.306629
v -4.606518 93.423637 46.339222
v -4.114203 92.813591 45.648457
v -6.758980 87.305496 39.047871
v -6.970106 87.559685 38.805347
v -6.452471 87.850578 39.449574
v -6.442461 87.927246 40.711231
v -6.704994 87.301323 41.183796
v -6.459433 88.066170 41.410725
v -6.617527 87.514763 41.766438
v -6.912984 87.253754 41.949055
v -6.897791 87.820374 42.623676
v -6.508579 88.531700 42.124805
v -6.645466 87.920204 42.553974
v -6.677133 89.246910 44.195942
v -7.028051 89.283768 44.633381
v -6.849847 88.748581 43.890919
v -6.389482 89.396240 43.635822
v -7.008776 90.984093 44.953114
v -6.513702 90.980476 44.403889
v -6.358274 91.185707 43.528828
v -6.505974 92.458488 44.812336
v -7.004154 92.863091 45.832996
v -6.552458 93.182014 45.053761
v -6.995287 93.732124 45.676228
v -6.341974 92.681908 43.830738
v -7.784844 93.749702 45.646900
v -8.190567 93.189980 44.954700
v -7.827098 92.854973 45.790119
v -7.280859 87.313286 39.031452
v -7.793106 90.981743 44.913441
v -7.711417 89.292534 44.570210
v -7.269333 91.340431 43.051167
v -7.287291 92.786736 43.320881
v -7.269842 89.789940 43.012989
v -7.179026 88.970741 41.799824
v -7.142899 88.490105 41.251362
v -7.112254 88.428627 40.621510
v -7.004283 88.208672 39.186604
v -6.970106 87.559685 38.805347
v -8.288843 92.533379 44.617085
v -8.190567 93.189980 44.954700
v -8.197952 92.689262 43.704090
v -8.192623 91.245171 43.395374
v -8.230745 91.027275 44.246418
v -8.240435 89.361305 43.575581
v -7.915051 88.657028 42.028553
v -7.864878 88.159462 41.310352
v -7.795177 87.963921 40.627186
v -7.567778 87.877663 39.393421
v -6.970106 87.559685 38.805347
v -7.567778 87.877663 39.393421
v -7.655713 87.315575 41.119617
v -7.795177 87.963921 40.627186
v -7.795177 87.963921 40.627186
v -7.567778 87.877663 39.393421
v -7.864878 88.159462 41.310352
v -7.795177 87.963921 40.627186
v -7.856685 87.571915 41.672138
v -7.864878 88.159462 41.310352
v -7.626976 87.274971 41.901173
v -7.785150 87.919548 42.544636
v -7.864878 88.159462 41.310352
v -7.864878 88.159462 41.310352
v -7.915051 88.657028 42.028553
v -7.857447 88.793190 43.821308
v -7.915051 88.657028 42.028553
v -7.915051 88.657028 42.028553
v -8.240435 89.361305 43.575581
v -8.039221 89.337959 44.157093
v -8.230745 91.027275 44.246418
v -8.240435 89.361305 43.575581
v -8.230745 91.027275 44.246418
v -8.230745 91.027275 44.246418
v -8.288843 92.533379 44.617085
v -8.288843 92.533379 44.617085
v -8.288843 92.533379 44.617085
v -8.240435 89.361305 43.575581
v -6.552458 93.182014 45.053761
v -6.341974 92.681908 43.830738
v -8.197952 92.689262 43.704090
v -8.197952 92.689262 43.704090
v -8.190567 93.189980 44.954700
v -6.552458 93.182014 45.053761
v -6.341974 92.681908 43.830738
v -7.287291 92.786736 43.320881
v -8.197952 92.689262 43.704090
v -6.552458 93.182014 45.053761
v -8.190567 93.189980 44.954700
v -7.784844 93.749702 45.646900
v -7.784844 93.749702 45.646900
v -6.995287 93.732124 45.676228
v -6.552458 93.182014 45.053761
v -9.009550 88.535706 38.657948
v -9.174988 88.760872 38.450214
v -8.729275 88.986031 39.003468
v -8.727858 89.047783 40.077229
v -8.981762 88.524742 40.475758
v -8.741833 89.164742 40.672413
v -8.903078 88.701263 40.972614
v -9.166239 88.490646 41.124866
v -9.133839 88.970177 41.700092
v -8.768690 89.560783 41.280445
v -8.915262 89.045204 41.643177
v -8.896799 90.170601 43.042530
v -9.195879 90.214806 43.411732
v -9.062576 89.754509 42.780506
v -8.642033 90.287605 42.568806
v -9.106817 91.659157 43.687244
v -8.683229 91.637718 43.224354
v -8.535276 91.808311 42.481617
v -8.614538 92.893333 43.574970
v -9.026936 93.254509 44.439777
v -8.623810 93.509804 43.781422
v -8.979578 93.993660 44.308216
v -8.457573 93.079170 42.741657
v -9.647121 94.039864 44.276264
v -10.009690 93.581734 43.682697
v -9.723688 93.280403 44.395985
v -9.450745 88.563126 38.639362
v -9.770544 91.688423 43.646626
v -9.773293 90.249626 43.351948
v -9.295876 91.977242 42.067585
v -9.249250 93.207161 42.299732
v -9.364668 90.658821 42.032032
v -9.314066 89.961662 40.998981
v -9.300230 89.552940 40.531727
v -9.271795 89.500893 39.995777
v -9.178268 89.313133 38.775593
v -9.174988 88.760872 38.450214
v -10.119090 93.028221 43.393116
v -10.009690 93.581734 43.682697
v -10.027710 93.159386 42.617542
v -10.084470 91.932060 42.352009
v -10.133410 91.746239 43.075428
v -10.209700 90.331673 42.501179
v -9.952709 89.723640 41.186451
v -9.926327 89.300262 40.574818
v -9.870359 89.132874 39.993793
v -9.671560 89.053619 38.945942
v -9.174988 88.760872 38.450214
v -9.671560 89.053619 38.945942
v -9.785130 88.574875 40.412647
v -9.870359 89.132874 39.993793
v -9.870359 89.132874 39.993793
v -9.671560 89.053619 38.945942
v -9.926327 89.300262 40.574818
v -9.870359 89.132874 39.993793
v -9.948391 88.799446 40.881550
v -9.926327 89.300262 40.574818
v -9.769075 88.537155 41.077900
v -9.879667 89.090111 41.625172
v -9.926327 89.300262 40.574818
v -9.926327 89.300262 40.574818
v -9.952709 89.723640 41.186451
v -9.912743 89.832619 42.712482
v -9.952709 89.723640 41.186451
v -9.952709 89.723640 41.186451
v -10.209700 90.331673 42.501179
v -10.045280 90.302315 42.997700
v -10.133410 91.746239 43.075428
v -10.209700 90.331673 42.501179
v -10.133410 91.746239 43.075428
v -10.133410 91.746239 43.075428
v -10.119090 93.028221 43.393116
v -10.119090 93.028221 43.393116
v -10.119090 93.028221 43.393116
v -10.209700 90.331673 42.501179
v -8.623810 93.509804 43.781422
v -8.457573 93.079170 42.741657
v -10.027710 93.159386 42.617542
v -10.027710 93.159386 42.617542
v -10.009690 93.581734 43.682697
v -8.623810 93.509804 43.781422
v -8.457573 93.079170 42.741657
v -9.249250 93.207161 42.299732
v -10.027710 93.159386 42.617542
v -8.623810 93.509804 43.781422
v -10.009690 93.581734 43.682697
v -9.647121 94.039864 44.276264
v -9.647121 94.039864 44.276264
v -8.979578 93.993660 44.308216
v -8.623810 93.509804 43.781422
v -0.938265 93.116890 44.303974
v -0.947805 92.261940 44.590565
v -1.752699 92.983452 43.749073
v -6.868730 99.073326 40.471394
v -5.226462 100.752327 40.085590
v -5.019335 99.092918 40.792072
v -6.892282 100.818214 40.237202
v -1.747117 96.001656 42.272419
v -0.081939 96.991737 42.402576
v -0.981297 96.463051 43.290760
v -0.324092 96.316536 41.789692
v -10.138540 92.971336 42.850819
v -10.125490 92.932945 42.122791
v -9.984915 92.896736 42.215076
v -10.353230 93.088600 42.855488
v -1.353866 92.298058 44.614399
v -0.980597 92.545067 45.295551
v -1.435076 92.533897 45.297535
v -7.780011 101.615501 40.488239
v -8.009695 100.820122 40.221760
v -8.485807 101.588707 41.058155
v -8.872412 97.954384 40.461597
v -7.569825 96.958305 40.973408
v -5.143556 96.828377 41.333973
v -7.758291 93.734657 41.504414
v -5.366904 93.589455 42.028400
v -3.198993 96.190529 41.968586
v -3.164327 93.455299 42.547443
v -0.929495 94.244835 43.948078
v -2.859846 94.783165 45.829884
v -3.471582 97.704720 45.189960
v -4.064113 94.614281 45.757557
v -2.715260 93.728310 46.048145
v -3.524535 92.555336 45.404285
v -2.572994 93.269066 45.768909
v -3.309471 92.228294 45.093403
v -2.038990 93.283775 45.715229
v -3.722784 92.258232 45.059376
v -1.890796 93.725731 45.942188
v -0.980597 92.545067 45.295551
v -1.435076 92.533897 45.297535
v -4.543073 93.387642 46.089375
v -4.678388 92.969429 45.649677
v -5.356966 93.471748 45.914051
v -5.112607 93.000084 45.564564
v -5.844158 94.615425 45.610462
v -7.409112 94.667000 45.269764
v -8.444181 98.690315 44.151936
v -6.059397 92.670937 44.735249
v -5.593399 92.391426 44.494160
v -6.258015 92.400215 44.332539
v -7.064801 93.420067 45.455280
v -7.127666 93.054298 45.000080
v -7.839224 93.523109 45.227558
v -7.666147 93.114296 44.855366
v -8.330221 92.749489 43.822437
v -7.982884 92.592216 43.596394
v -8.371828 92.692818 43.445148
v -9.607361 93.998863 44.001423
v -9.144567 93.601601 43.811970
v -8.495121 94.786324 44.528553
v -9.698725 93.649284 43.539509
v -9.603203 94.994621 43.969776
v -9.513037 98.399223 43.191364
v -4.313414 102.003609 43.984669
v -8.005512 101.729210 43.664021
v 1.265130 96.434181 42.227894
v 0.415615 96.251183 42.077381
v 0.713969 95.694771 42.035542
v 0.800125 97.448875 42.334644
v -0.081939 96.991737 42.402576
v -3.442558 101.113106 39.483967
v -3.656516 101.872017 39.627155
v -2.651280 101.540627 38.779102
v 0.035177 96.820015 38.324421
v 0.992086 96.642769 38.070484
v 0.434909 95.965263 38.159046
v 0.566580 97.614052 38.134724
v -0.650415 98.212975 38.498859
v -0.155714 98.637398 38.337666
v -9.520782 98.005760 41.264576
v -1.687975 93.366875 42.931843
v -0.938265 93.116890 44.303974
v -0.947805 92.261940 44.590565
v -1.016565 93.498985 45.100208
v -0.929495 94.244835 43.948078
v -1.017724 94.581413 44.789783
v -0.981297 96.463051 43.290760
v -1.903422 97.838966 44.347462
v -0.418039 98.665108 42.513050
v -0.081939 96.991737 42.402576
v -0.081939 96.991737 42.402576
v 1.337984 99.233299 41.347309
v 1.967603 98.032265 41.269947
v 1.180535 99.422447 39.337635
v 1.795201 98.133095 39.009266
v -2.544087 102.095512 43.435963
v -1.251579 101.899910 41.693287
v -2.020472 102.047813 41.105762
v -1.512310 100.731606 42.462971
v -0.578758 101.565636 41.664021
v -1.918764 94.888313 45.668720
v -0.453597 96.106651 40.915424
v -1.096375 96.813377 40.344868
v -0.413005 96.335503 39.697376
v -0.578052 96.334221 41.076191
v -0.111381 96.101891 41.585682
v 0.415615 96.251183 42.077381
v 0.415615 96.251183 42.077381
v -1.909280 97.649712 39.673359
v -4.242914 97.412727 41.233021
v -1.363928 97.845039 39.190907
v -1.564328 99.572899 38.633411
v -1.138373 99.764427 38.527424
v -2.361373 100.973412 38.734089
v -2.194700 99.347359 39.018085
v -2.587322 99.221764 39.301472
v -5.426996 101.753212 39.779102
v -6.366508 101.688988 39.834736
v -9.976204 94.837074 41.883930
v -9.520782 98.005760 41.264576
v -10.092450 93.806358 42.079731
v -0.521689 101.521309 39.708973
v -1.682014 101.776009 39.434437
v -9.976204 94.837074 41.883930
v -9.302555 94.724052 41.317310
v -9.976204 94.837074 41.883930
v -9.336666 93.814568 41.493885
v -9.976204 94.837074 41.883930
v -9.976204 94.837074 41.883930
v -10.092450 93.806358 42.079731
v -9.466768 93.446541 41.726063
v -10.092450 93.806358 42.079731
v -10.092450 93.806358 42.079731
v -10.125490 92.932945 42.122791
v -9.324207 93.202171 42.049000
v -9.984915 92.896736 42.215076
v -7.927169 93.410606 42.198048
v -8.480618 93.145287 42.331837
v -7.572710 92.860161 42.596821
v -5.571441 93.245720 42.737751
v -5.947128 92.784431 43.003193
v -5.285591 92.800896 43.205524
v -3.912678 92.853081 43.542591
v -3.323701 93.135399 43.412037
v -3.106332 92.689308 43.786732
v -2.061166 92.601112 44.008137
v 0.277639 97.250587 38.986927
v 0.380677 96.515404 38.934681
v 0.251847 96.241600 41.288837
v 0.124500 96.977013 41.418934
v 0.277639 97.250587 38.986927
v 2.342123 97.008247 40.734272
v 1.629090 97.672859 41.175159
v 1.477566 97.186333 41.514088
v 1.629090 97.672859 41.175159
v 2.163505 98.125435 40.876057
v 1.373596 90.446114 39.956440
v 0.994698 90.482964 39.804859
v 1.403668 89.985237 39.584736
v 1.461775 91.067116 40.275623
v 0.711878 91.088570 39.925800
v 0.762562 91.874870 40.093830
v 1.798337 92.539696 40.756153
v 0.975944 92.722099 40.306690
v 0.913758 93.332848 40.454395
v 2.057753 93.433830 40.815327
v 0.826655 94.189842 40.661762
v 1.929913 94.295219 40.863239
v 0.453585 95.704445 41.104877
v 1.695068 95.859962 41.210163
v 1.594433 96.430244 41.376972
v 0.251847 96.241600 41.288837
v 0.124500 96.977013 41.418934
v 0.251847 96.241600 41.288837
v 0.124500 96.977013 41.418934
v 1.477566 97.186333 41.514088
v 1.703476 96.737328 38.991840
v 0.277639 97.250587 38.986927
v 1.612117 97.509789 39.017658
v 0.277639 97.250587 38.986927
v 1.811745 96.133430 39.005360
v 0.577902 95.943855 39.016956
v 2.053062 94.503975 38.908131
v 0.905203 94.320061 39.019550
v 0.453585 95.704445 41.104877
v 1.764099 90.223061 39.013966
v 1.432794 90.054314 38.972462
v 1.428558 90.526970 38.768970
v 2.010585 91.118065 39.064747
v 1.587800 91.245705 38.539722
v 2.474229 92.189461 39.134571
v 2.054974 92.808067 38.582478
v 2.796029 93.301674 39.275349
v 2.219398 93.675194 38.722675
v 2.497855 94.447426 39.418568
v 2.753528 93.200783 40.167500
v 2.457438 94.338371 40.398579
v 2.216412 95.899757 40.594929
v 2.246161 96.037865 39.615864
v 2.384501 97.128609 39.778522
v 1.612117 97.509789 39.017658
v 2.226712 98.169838 39.955738
v 1.612117 97.509789 39.017658
v 1.703391 97.954277 39.531422
v 1.612117 97.509789 39.017658
v 2.226712 98.169838 39.955738
v 2.163505 98.125435 40.876057
v 2.226712 98.169838 39.955738
v 2.163505 98.125435 40.876057
v 1.015793 93.412575 39.018604
v 0.826655 94.189842 40.661762
v 0.453585 95.704445 41.104877
v 0.913758 93.332848 40.454395
v 0.913758 93.332848 40.454395
v 0.792728 92.002846 38.971943
v 0.711878 91.088570 39.925800
v 0.762562 91.874870 40.093830
v 0.711878 91.088570 39.925800
v 0.743038 91.173347 38.928974
v 0.994698 90.482964 39.804859
v 0.711878 91.088570 39.925800
v 0.994698 90.482964 39.804859
v 1.029278 90.540230 38.867146
v 0.975944 92.722099 40.306690
v 0.913758 93.332848 40.454395
v 0.975944 92.722099 40.306690
v 1.011729 92.864250 39.000904
v 0.762562 91.874870 40.093830
v 0.975944 92.722099 40.306690
v 0.762562 91.874870 40.093830
v 1.477566 97.186333 41.514088
v 2.186872 92.603569 40.502705
v 2.426461 92.087639 40.052906
v 1.986283 91.008308 39.839771
v 1.748263 90.184456 39.604755
v 1.403668 89.985237 39.584736
v 1.403668 89.985237 39.584736
v 1.403668 89.985237 39.584736
v 0.994698 90.482964 39.804859
v 1.432794 90.054314 38.972462
v -5.593399 92.391426 44.494160
v -6.258015 92.400215 44.332539
v -6.258015 92.400215 44.332539
v -7.982884 92.592216 43.596394
v -8.371828 92.692818 43.445148
v -8.371828 92.692818 43.445148
v -9.698725 93.649284 43.539509
v -9.144567 93.601601 43.811970
v -9.698725 93.649284 43.539509
v -8.371828 92.692818 43.445148
v -9.144567 93.601601 43.811970
v -9.698725 93.649284 43.539509
v -10.138540 92.971336 42.850819
v -10.138540 92.971336 42.850819
v -9.984915 92.896736 42.215076
v -7.127666 93.054298 45.000080
v -7.666147 93.114296 44.855366
v -7.127666 93.054298 45.000080
v -6.258015 92.400215 44.332539
v -7.127666 93.054298 45.000080
v -7.666147 93.114296 44.855366
v -7.982884 92.592216 43.596394
v -2.038990 93.283775 45.715229
v -2.572994 93.269066 45.768909
v -2.572994 93.269066 45.768909
v -2.038990 93.283775 45.715229
v -3.722784 92.258232 45.059376
v -3.309471 92.228294 45.093403
v -3.722784 92.258232 45.059376
v -2.572994 93.269066 45.768909
v -3.309471 92.228294 45.093403
v -5.112607 93.000084 45.564564
v -4.678388 92.969429 45.649677
v -5.112607 93.000084 45.564564
v -3.722784 92.258232 45.059376
v -4.678388 92.969429 45.649677
v -5.112607 93.000084 45.564564
v -5.593399 92.391426 44.494160
v -2.073462 101.976723 39.453785
v -1.251579 101.899910 41.693287
v -8.485807 101.588707 41.058155
v -9.520782 98.005760 41.264576
v -8.506287 101.647301 42.528217
v -9.520782 98.005760 41.264576
v -1.592928 86.505745 39.120075
v -1.819076 86.776894 38.861042
v -1.265600 87.087395 39.549213
v -1.254947 87.169167 40.897114
v -1.535146 86.501411 41.401936
v -1.273193 87.317513 41.644367
v -1.441763 86.729149 42.024311
v -1.757595 86.450630 42.219379
v -1.741833 87.055206 42.940052
v -1.326177 87.814247 42.407185
v -1.472005 87.161766 42.865589
v -1.507040 88.577385 44.619709
v -1.882537 88.616646 45.087116
v -1.691365 88.045631 44.293964
v -1.199555 88.736725 44.021412
v -1.863424 90.430748 45.428699
v -1.333838 90.426949 44.841999
v -1.167864 90.645897 43.907124
v -1.326909 92.003777 45.278431
v -1.860158 92.435539 46.368855
v -1.377273 92.775719 45.536366
v -1.851429 93.362633 46.201405
v -1.151781 92.242134 44.229755
v -2.696716 93.381172 46.169941
v -3.131004 92.784096 45.430531
v -2.741233 92.426735 46.322926
v -2.151464 86.513954 39.102558
v -2.703206 90.428230 45.386402
v -2.614207 88.625893 45.019581
v -2.142676 90.810921 43.397022
v -2.163182 92.353966 43.685108
v -2.141843 89.156593 43.356129
v -2.043918 88.282585 42.059986
v -2.004803 87.769798 41.474140
v -1.971944 87.704033 40.801228
v -1.856228 87.469414 39.268391
v -1.819076 86.776894 38.861042
v -3.235779 92.083549 45.069660
v -3.131004 92.784096 45.430531
v -3.138515 92.249748 44.094501
v -3.131568 90.709206 43.764637
v -3.172195 90.476753 44.673878
v -3.181143 88.699196 43.957020
v -2.831852 87.947746 42.304371
v -2.777662 87.416786 41.537067
v -2.702816 87.208153 40.807423
v -2.459193 87.116127 39.489246
v -1.819076 86.776894 38.861042
v -2.459193 87.116127 39.489246
v -2.552864 86.516518 41.333302
v -2.702816 87.208153 40.807423
v -2.702816 87.208153 40.807423
v -2.459193 87.116127 39.489246
v -2.777662 87.416786 41.537067
v -2.702816 87.208153 40.807423
v -2.768344 86.789925 41.923573
v -2.777662 87.416786 41.537067
v -2.521999 86.473114 42.168324
v -2.691997 87.160912 42.855671
v -2.777662 87.416786 41.537067
v -2.777662 87.416786 41.537067
v -2.831852 87.947746 42.304371
v -2.770209 88.093056 44.219501
v -2.831852 87.947746 42.304371
v -2.831852 87.947746 42.304371
v -3.181143 88.699196 43.957020
v -2.965468 88.674355 44.578266
v -3.172195 90.476753 44.673878
v -3.181143 88.699196 43.957020
v -3.172195 90.476753 44.673878
v -3.172195 90.476753 44.673878
v -3.235779 92.083549 45.069660
v -3.235779 92.083549 45.069660
v -3.235779 92.083549 45.069660
v -3.181143 88.699196 43.957020
v -1.377273 92.775719 45.536366
v -1.151781 92.242134 44.229755
v -3.138515 92.249748 44.094501
v -3.138515 92.249748 44.094501
v -3.131004 92.784096 45.430531
v -1.377273 92.775719 45.536366
v -1.151781 92.242134 44.229755
v -2.163182 92.353966 43.685108
v -3.138515 92.249748 44.094501
v -1.377273 92.775719 45.536366
v -3.131004 92.784096 45.430531
v -2.696716 93.381172 46.169941
v -2.696716 93.381172 46.169941
v -1.851429 93.362633 46.201405
v -1.377273 92.775719 45.536366
v 0.434909 95.965263 38.159046
v 0.415615 96.251183 42.077381
v 0.035177 96.820015 38.324421
v 0.415615 96.251183 42.077381
v 0.434909 95.965263 38.159046
v 0.713969 95.694771 42.035542
v -0.413005 96.335503 39.697376
v -0.111381 96.101891 41.585682
v -0.453597 96.106651 40.915424
v -0.111381 96.101891 41.585682
v -0.413005 96.335503 39.697376
v 0.035177 96.820015 38.324421
v 0.035177 96.820015 38.324421
v 0.415615 96.251183 42.077381
v -0.111381 96.101891 41.585682
v 0.992086 96.642769 38.070484
v 0.713969 95.694771 42.035542
v 0.434909 95.965263 38.159046
v 0.713969 95.694771 42.035542
v 0.992086 96.642769 38.070484
v 1.265130 96.434181 42.227894
v 1.967603 98.032265 41.269947
v 1.265130 96.434181 42.227894
v 0.992086 96.642769 38.070484
v 0.992086 96.642769 38.070484
v 1.795201 98.133095 39.009266
v 1.967603 98.032265 41.269947
v -4.042666 122.763237 37.916859
v -3.768631 121.583733 33.583637
v -14.444180 122.828011 32.508015
v -14.444180 122.828011 32.508015
v -14.725720 124.263832 37.926807
v -4.042666 122.763237 37.916859
v -4.335571 121.238075 32.131489
v -13.810640 122.602638 31.684620
v -14.444180 122.828011 32.508015
v -14.444180 122.828011 32.508015
v -3.768631 121.583733 33.583637
v -4.335571 121.238075 32.131489
v -1.254947 103.791008 -33.581970
v -1.123160 103.176308 -31.285210
v -8.569195 102.019005 -31.314812
v -8.699495 102.635414 -33.611504
v -2.035693 108.410118 -29.718773
v -2.167742 109.025215 -32.015526
v -8.914017 107.101326 -28.910439
v -8.011192 101.855827 -30.477165
v -1.604493 102.851723 -30.451698
v -2.516584 108.086418 -28.885277
v -9.601145 107.882713 -32.044716
v -8.699495 102.635414 -33.611504
v -8.569195 102.019005 -31.314812
v -8.569195 102.019005 -31.314812
v -9.470875 107.265526 -29.748032
v -2.727011 109.189522 -32.853096
v -1.814545 103.954323 -34.419598
v -8.219246 102.960701 -34.445000
v -9.122038 108.207314 -32.878242
v -2.473221 110.718330 -32.121330
v -2.262951 109.773430 -28.727486
v -2.737427 109.330513 -27.478485
v -9.132336 108.348320 -27.503601
v -9.682508 108.472511 -28.203278
v -9.913742 109.727608 -32.678688
v -9.428682 110.011513 -33.374283
v -3.037330 110.989723 -33.349274
v -8.011192 101.855827 -30.477165
v -8.011192 101.855827 -30.477165
v -8.219246 102.960701 -34.445000
v -8.219246 102.960701 -34.445000
v -8.699495 102.635414 -33.611504
v -8.699495 102.635414 -33.611504
v -8.011192 101.855827 -30.477165
v -8.914017 107.101326 -28.910439
v -8.569195 102.019005 -31.314812
v -8.011192 101.855827 -30.477165
v -8.914017 107.101326 -28.910439
v -9.132336 108.348320 -27.503601
v -8.914017 107.101326 -28.910439
v -2.005571 120.136726 -25.184708
v -2.269805 121.293251 -29.485855
v -4.042669 122.763222 -29.013756
v -3.768634 121.583717 -24.680573
v -2.778223 119.806938 -23.708023
v -4.335573 121.238136 -23.228447
v -5.329568 119.742729 -22.548264
v -15.972070 122.816933 -29.393944
v -15.692040 121.380623 -23.975128
v -14.444180 122.828011 -23.604958
v -14.725730 124.263832 -29.023735
v -15.202830 123.044029 -30.273376
v -14.170180 124.532021 -29.882477
v -12.671290 122.979210 -31.426964
v -3.147711 121.725121 -30.809227
v -4.704522 123.157921 -30.329628
v -14.844900 121.114326 -23.172440
v -13.810640 122.602623 -22.781517
v -1.308635 116.873711 -30.906494
v -1.075588 115.691734 -26.356873
v -9.748549 113.695137 -23.614983
v -4.314419 114.520836 -23.593895
v -12.213860 120.441826 -22.246239
v -1.830688 115.208534 -24.837852
v -13.152610 113.737144 -25.509010
v -13.431070 115.321815 -31.762871
v -10.204690 116.379616 -33.630852
v -5.795413 122.271812 -31.729195
v -4.776208 117.199516 -33.609932
v -12.679360 115.689812 -32.600838
v -2.162502 117.183708 -32.370750
v -9.132336 108.348320 -27.503601
v -12.322660 113.612526 -24.664772
v -14.844900 121.114326 -23.172440
v -12.322660 113.612526 -24.664772
v -12.322660 113.612526 -24.664772
v -13.810640 122.602623 -22.781517
v -14.844900 121.114326 -23.172440
v -13.810640 122.602623 -22.781517
v -12.322660 113.612526 -24.664772
v -14.725730 124.263832 -29.023735
v -4.042669 122.763222 -29.013756
v -4.704522 123.157921 -30.329628
v -4.704522 123.157921 -30.329628
v -14.170180 124.532021 -29.882477
v -14.725730 124.263832 -29.023735
v -17.705330 124.489220 -25.842720
v -19.569151 132.134216 -23.608910
v -23.313021 133.451447 -23.077507
v -19.621580 118.284523 -26.663277
v -18.038900 114.833519 -29.410011
v -16.584221 122.503609 -27.370041
v -13.886790 121.889030 -27.719017
v -11.835510 113.214622 -30.320572
v -19.628380 132.524445 -24.931618
v -23.371130 133.842407 -24.400200
v -23.313021 133.451447 -23.077507
v -23.313021 133.451447 -23.077507
v -19.569151 132.134216 -23.608910
v -18.038900 114.833519 -29.410011
v -11.835510 113.214622 -30.320572
v -11.774480 112.827034 -28.997818
v -17.979349 114.444908 -28.087288
v -18.038900 114.833519 -29.410011
v -19.680861 118.673531 -27.985985
v -19.621580 118.284523 -26.663277
v -23.313021 133.451447 -23.077507
v -23.313021 133.451447 -23.077507
v -18.038900 114.833519 -29.410011
v -19.621580 118.284523 -26.663277
v -19.621580 118.284523 -26.663277
v -18.038900 114.833519 -29.410011
v -19.569151 132.134216 -23.608910
v -17.705330 124.489220 -25.842720
v -17.705330 124.489220 -25.842720
v -17.765060 124.878532 -27.165474
v -16.584221 122.503609 -27.370041
v -16.524130 122.114830 -26.047249
v -13.826010 121.500633 -26.396179
v -13.886790 121.889030 -27.719017
v -16.584221 122.503609 -27.370041
v -17.705330 124.489220 -25.842720
v -16.584221 122.503609 -27.370041
v -5.227150 122.909035 -28.197487
v -5.487320 121.929619 -24.764107
v -11.765020 123.811119 -24.726936
v -11.505820 124.792534 -28.160271
v -6.213623 145.907532 -17.854042
v 2.136393 143.359528 -17.908195
v 2.407851 144.409515 -21.616318
v -5.938909 146.961731 -21.562027
v -1.496181 128.310623 -22.693512
v -2.949292 123.598427 -24.107430
v -2.689720 124.576424 -27.540901
v -1.238222 129.287323 -26.126953
v -10.983470 130.808929 -21.671326
v -12.433730 126.074638 -23.085846
v -3.656544 123.498131 -23.140770
v -2.202356 128.212509 -21.726776
v -11.281620 132.241486 -26.062431
v -12.730170 127.506721 -27.476921
v -12.988530 126.524925 -24.043571
v -11.539680 131.260712 -22.629051
v -1.799542 129.737030 -27.084763
v -3.251352 125.024834 -28.498665
v -12.030120 127.606346 -28.443634
v -10.580500 132.338928 -27.029182
v 0.446374 137.826935 -19.735367
v 1.033678 136.446228 -18.593712
v 1.498559 138.227234 -24.872971
v 0.720944 138.878906 -23.443420
v -8.510786 139.038727 -17.683281
v 0.333274 136.385315 -17.740128
v -0.145623 137.677826 -18.692360
v -7.482521 139.907623 -18.646393
v -7.918605 140.350494 -19.681831
v -7.641876 141.406647 -23.389763
v -8.613495 141.251831 -24.806618
v -9.082535 139.462250 -18.527596
v 0.283256 139.319946 -24.478920
v 0.924541 138.648590 -25.717346
v -7.914965 141.311310 -25.660240
v -7.050750 141.555206 -24.432709
v 2.136393 143.359528 -17.908195
v 2.407851 144.409515 -21.616318
v 2.136393 143.359528 -17.908195
v 1.228178 142.113129 -17.211182
v -6.099053 144.359406 -17.164780
v -5.669878 146.004730 -22.951164
v 1.653273 143.752502 -22.997772
v -0.737255 130.771332 -27.116096
v -1.208261 128.985718 -20.836952
v -1.911514 128.921631 -19.983528
v -10.763940 131.541046 -19.927498
v -10.862870 133.755432 -27.050789
v -11.334560 131.962219 -20.771851
v -10.164340 133.818329 -27.904350
v -1.312685 131.190613 -27.960579
v -6.188641 121.827309 -23.797447
v -11.213770 123.363228 -23.769135
v -10.808950 124.894417 -29.126938
v -5.782653 123.355934 -29.155312
v 1.228178 142.113129 -17.211182
v 1.653273 143.752502 -22.997772
v 1.653273 143.752502 -22.997772
v -2.202356 128.212509 -21.726776
v -3.656544 123.498131 -23.140770
v -2.202356 128.212509 -21.726776
v -0.145623 137.677826 -18.692360
v 0.333274 136.385315 -17.740128
v -0.145623 137.677826 -18.692360
v 1.228178 142.113129 -17.211182
v -0.145623 137.677826 -18.692360
v 2.136393 143.359528 -17.908195
v 1.228178 142.113129 -17.211182
v 2.407851 144.409515 -21.616318
v -1.911514 128.921631 -19.983528
v -2.202356 128.212509 -21.726776
v -2.202356 128.212509 -21.726776
v 0.333274 136.385315 -17.740128
v -1.911514 128.921631 -19.983528
v 0.333274 136.385315 -17.740128
v -5.487320 121.929619 -24.764107
v -5.487320 121.929619 -24.764107
v -5.227150 122.909035 -28.197487
v -11.505820 124.792534 -28.160271
v -11.505820 124.792534 -28.160271
v -11.765020 123.811119 -24.726936
v -5.487320 121.929619 -24.764107
v -3.656544 123.498131 -23.140770
v -3.656544 123.498131 -23.140770
v -6.188641 121.827309 -23.797447
v -5.487320 121.929619 -24.764107
v -11.765020 123.811119 -24.726936
v -11.765020 123.811119 -24.726936
v -11.213770 123.363228 -23.769135
v -11.505820 124.792534 -28.160271
v -10.808950 124.894417 -29.126938
v -11.505820 124.792534 -28.160271
v -5.227150 122.909035 -28.197487
v -5.227150 122.909035 -28.197487
v -5.782653 123.355934 -29.155312
v -12.054370 120.390129 -26.399529
v -11.120940 123.547218 -25.434624
v -10.954050 124.178001 -27.642677
v -11.887370 121.021324 -28.607582
v -6.973989 118.998131 -26.435081
v -6.037530 122.148125 -25.470375
v -6.806352 119.628044 -28.643166
v -5.870305 122.777733 -27.678474
v -11.887370 121.021324 -28.607582
v -10.954050 124.178001 -27.642677
v -11.887370 121.021324 -28.607582
v -9.139154 126.103523 -24.564705
v -8.972361 126.733635 -26.772804
v -6.158877 125.955132 -26.792679
v -6.325755 125.325829 -24.584557
v -2.503775 103.198402 -31.724831
v -2.520589 101.966316 -31.993370
v -2.516365 102.408714 -33.490982
v -2.499603 103.640923 -33.222435
v -7.464386 101.229012 -33.758179
v -7.468969 100.785912 -32.260521
v -7.451176 102.020119 -31.991951
v -7.446639 102.463219 -33.489594
v -3.593824 102.982918 -30.953621
v -3.610901 101.750328 -31.222115
v -6.384851 100.546318 -31.489853
v -6.367243 101.780113 -31.221352
v -3.627978 100.517723 -31.490616
v -6.367243 101.780113 -31.221352
v -6.367243 101.780113 -31.221352
v -6.384851 100.546318 -31.489853
v -3.602195 102.648506 -34.261608
v -3.585230 103.881111 -33.993069
v -6.375689 101.445518 -34.529404
v -6.358173 102.679115 -34.260826
v -3.619160 101.415901 -34.530167
v -8.972361 126.733635 -26.772804
v -10.954050 124.178001 -27.642677
v -8.972361 126.733635 -26.772804
v -10.808950 124.894417 -29.126938
v -5.782653 123.355934 -29.155312
v -10.808950 124.894417 -29.126938
v -6.188641 121.827309 -23.797447
v -11.213770 123.363228 -23.769135
v -6.188641 121.827309 -23.797447
v -17.979349 114.444908 -28.087288
v -16.524130 122.114830 -26.047249
v -16.524130 122.114830 -26.047249
v -17.979349 114.444908 -28.087288
v -11.774480 112.827034 -28.997818
v -13.826010 121.500633 -26.396179
v -13.826010 121.500633 -26.396179
v -16.524130 122.114830 -26.047249
v -17.979349 114.444908 -28.087288
v -19.680861 118.673531 -27.985985
v -17.765060 124.878532 -27.165474
v -19.680861 118.673531 -27.985985
v -23.371130 133.842407 -24.400200
v -19.628380 132.524445 -24.931618
v -17.765060 124.878532 -27.165474
v -17.765060 124.878532 -27.165474
v -19.680861 118.673531 -27.985985
v -23.371130 133.842407 -24.400200
v 2.226709 98.169838 -31.052681
v 1.629086 97.672859 -32.272102
v 1.703388 97.954262 -30.628334
v 2.163502 98.125450 -31.972961
v 1.612114 97.509773 -30.114555
v 0.124496 96.977013 -32.515869
v 0.277636 97.250587 -30.083916
v 1.477563 97.186317 -32.611046
v -4.341408 86.296684 -30.080956
v -4.021551 86.900772 -30.532097
v -4.576183 86.578514 -29.811829
v -4.281384 86.292152 -32.451057
v -4.010431 86.985764 -31.931969
v -4.008772 87.140358 -32.702888
v -4.184273 86.528893 -33.097672
v -4.512519 86.239357 -33.300133
v -4.495839 86.867744 -34.048717
v -4.063565 87.656624 -33.495201
v -4.215445 86.978508 -33.971363
v -4.251153 88.449791 -35.793419
v -4.442913 87.897102 -35.454926
v -4.641202 88.490616 -36.278824
v -3.931543 88.615433 -35.171829
v -4.620429 90.376167 -36.633640
v -4.070218 90.372276 -36.024143
v -3.897620 90.599861 -35.053123
v -4.062255 92.011314 -36.477486
v -4.616038 92.459877 -37.610054
v -4.606522 93.423637 -37.436111
v -4.114207 92.813591 -36.745403
v -3.880124 92.259041 -35.388298
v -5.484252 93.443031 -37.403511
v -5.530934 92.450829 -37.562431
v -5.935298 92.822289 -36.635532
v -4.942108 86.304680 -30.068092
v -5.492453 90.373573 -36.589645
v -5.401006 88.500175 -36.208694
v -4.930741 92.375191 -34.822544
v -4.910227 90.771324 -34.523254
v -4.910200 89.051842 -34.480804
v -4.808961 88.143425 -33.134651
v -4.768582 87.610466 -32.526047
v -4.734483 87.542160 -31.827003
v -4.614406 87.298225 -30.234879
v -4.576183 86.578514 -29.811829
v -6.044344 92.094276 -36.260681
v -5.943314 92.267036 -35.247700
v -5.935298 92.822289 -36.635532
v -5.936868 90.665565 -34.905117
v -5.979185 90.424019 -35.849529
v -5.989399 88.576347 -35.105003
v -5.627227 87.795372 -33.388397
v -5.571241 87.243462 -32.591408
v -5.493668 87.026604 -31.833488
v -5.240781 86.931084 -30.464302
v -4.576183 86.578514 -29.811829
v -5.240781 86.931084 -30.464302
v -5.358919 86.307243 -32.385162
v -5.240781 86.931084 -30.464302
v -5.493668 87.026604 -31.833488
v -5.493668 87.026604 -31.833488
v -5.493668 87.026604 -31.833488
v -5.571241 87.243462 -32.591408
v -5.561944 86.591927 -32.992973
v -5.571241 87.243462 -32.591408
v -5.306377 86.262672 -33.247040
v -5.482465 86.977478 -33.961060
v -5.571241 87.243462 -32.591408
v -5.571241 87.243462 -32.591408
v -5.627227 87.795372 -33.388397
v -5.563158 87.946342 -35.377655
v -5.627227 87.795372 -33.388397
v -5.627227 87.795372 -33.388397
v -5.989399 88.576347 -35.105003
v -5.765565 88.550537 -35.750347
v -5.989399 88.576347 -35.105003
v -5.979185 90.424019 -35.849529
v -5.979185 90.424019 -35.849529
v -5.979185 90.424019 -35.849529
v -6.044344 92.094276 -36.260681
v -6.044344 92.094276 -36.260681
v -6.044344 92.094276 -36.260681
v -5.989399 88.576347 -35.105003
v -4.114207 92.813591 -36.745403
v -5.935298 92.822289 -36.635532
v -5.943314 92.267036 -35.247700
v -5.943314 92.267036 -35.247700
v -3.880124 92.259041 -35.388298
v -4.114207 92.813591 -36.745403
v -3.880124 92.259041 -35.388298
v -5.943314 92.267036 -35.247700
v -4.930741 92.375191 -34.822544
v -4.114207 92.813591 -36.745403
v -4.606522 93.423637 -37.436111
v -5.484252 93.443031 -37.403511
v -5.484252 93.443031 -37.403511
v -5.935298 92.822289 -36.635532
v -4.114207 92.813591 -36.745403
v -6.758985 87.305481 -30.144798
v -6.452476 87.850578 -30.546516
v -6.970109 87.559677 -29.902245
v -6.704998 87.301323 -32.280724
v -6.442464 87.927254 -31.808167
v -6.459436 88.066170 -32.507614
v -6.617531 87.514786 -32.863350
v -6.912989 87.253754 -33.045975
v -6.897796 87.820351 -33.720528
v -6.508583 88.531685 -33.221687
v -6.645471 87.920189 -33.650871
v -6.677136 89.246910 -35.292831
v -6.849852 88.748573 -34.987843
v -7.028055 89.283775 -35.730328
v -6.389485 89.396233 -34.732754
v -7.008780 90.984093 -36.050064
v -6.513706 90.980476 -35.500786
v -6.358277 91.185722 -34.625713
v -6.505979 92.458488 -35.909290
v -7.004158 92.863106 -36.929943
v -6.995292 93.732140 -36.773167
v -6.552463 93.182030 -36.150711
v -6.341978 92.681908 -34.927704
v -7.784848 93.749733 -36.743851
v -7.827103 92.854973 -36.887032
v -8.190571 93.189995 -36.051651
v -7.280862 87.313271 -30.128365
v -7.793109 90.981743 -36.010376
v -7.711421 89.292534 -35.667099
v -7.287294 92.786751 -34.417824
v -7.269338 91.340446 -34.148109
v -7.269845 89.789940 -34.109913
v -7.179029 88.970734 -32.896767
v -7.142902 88.490105 -32.348289
v -7.112257 88.428596 -31.718399
v -7.004287 88.208679 -30.283546
v -6.970109 87.559677 -29.902245
v -8.288847 92.533363 -35.713970
v -8.197956 92.689247 -34.801025
v -8.190571 93.189995 -36.051651
v -8.192627 91.245186 -34.492313
v -8.230749 91.027290 -35.343349
v -8.240438 89.361305 -34.672512
v -7.915055 88.657013 -33.125443
v -7.864882 88.159454 -32.407280
v -7.795181 87.963928 -31.724144
v -7.567781 87.877632 -30.490395
v -6.970109 87.559677 -29.902245
v -7.567781 87.877632 -30.490395
v -7.655716 87.315582 -32.216545
v -7.567781 87.877632 -30.490395
v -7.795181 87.963928 -31.724144
v -7.795181 87.963928 -31.724144
v -7.795181 87.963928 -31.724144
v -7.864882 88.159454 -32.407280
v -7.856688 87.571915 -32.769096
v -7.864882 88.159454 -32.407280
v -7.626980 87.274979 -32.998108
v -7.785153 87.919548 -33.641541
v -7.864882 88.159454 -32.407280
v -7.864882 88.159454 -32.407280
v -7.915055 88.657013 -33.125443
v -7.857450 88.793182 -34.918236
v -7.915055 88.657013 -33.125443
v -7.915055 88.657013 -33.125443
v -8.240438 89.361305 -34.672512
v -8.039225 89.337959 -35.254002
v -8.240438 89.361305 -34.672512
v -8.230749 91.027290 -35.343349
v -8.230749 91.027290 -35.343349
v -8.230749 91.027290 -35.343349
v -8.288847 92.533363 -35.713970
v -8.288847 92.533363 -35.713970
v -8.288847 92.533363 -35.713970
v -8.240438 89.361305 -34.672512
v -6.552463 93.182030 -36.150711
v -8.190571 93.189995 -36.051651
v -8.197956 92.689247 -34.801025
v -8.197956 92.689247 -34.801025
v -6.341978 92.681908 -34.927704
v -6.552463 93.182030 -36.150711
v -6.341978 92.681908 -34.927704
v -8.197956 92.689247 -34.801025
v -7.287294 92.786751 -34.417824
v -6.552463 93.182030 -36.150711
v -6.995292 93.732140 -36.773167
v -7.784848 93.749733 -36.743851
v -7.784848 93.749733 -36.743851
v -8.190571 93.189995 -36.051651
v -6.552463 93.182030 -36.150711
v -9.009554 88.535713 -29.754875
v -8.729279 88.986046 -30.100388
v -9.174992 88.760872 -29.547134
v -8.981766 88.524742 -31.572632
v -8.727861 89.047768 -31.174126
v -8.741837 89.164742 -31.769363
v -8.903082 88.701256 -32.069534
v -9.166243 88.490623 -32.221771
v -9.133842 88.970184 -32.796989
v -8.768694 89.560768 -32.377373
v -8.915266 89.045204 -32.740082
v -8.896803 90.170601 -34.139477
v -9.062580 89.754509 -33.877434
v -9.195883 90.214821 -34.508659
v -8.642036 90.287590 -33.665749
v -9.106821 91.659187 -34.784218
v -8.683233 91.637749 -34.321270
v -8.535280 91.808311 -33.578529
v -8.614542 92.893333 -34.671890
v -9.026939 93.254509 -35.536694
v -8.979582 93.993645 -35.405132
v -8.623814 93.509819 -34.878326
v -8.457577 93.079185 -33.838623
v -9.647125 94.039879 -35.373203
v -9.723692 93.280403 -35.492889
v -10.009700 93.581749 -34.779644
v -9.450748 88.563133 -29.736305
v -9.770548 91.688423 -34.743561
v -9.773296 90.249611 -34.448853
v -9.249254 93.207161 -33.396660
v -9.295879 91.977242 -33.164482
v -9.364672 90.658806 -33.128929
v -9.314070 89.961647 -32.095894
v -9.300234 89.552940 -31.628624
v -9.271799 89.500923 -31.092751
v -9.178272 89.313148 -29.872543
v -9.174992 88.760872 -29.547134
v -10.119100 93.028236 -34.490067
v -10.027710 93.159386 -33.714432
v -10.009700 93.581749 -34.779644
v -10.084470 91.932091 -33.448967
v -10.133410 91.746239 -34.172371
v -10.209700 90.331673 -33.598076
v -9.952713 89.723625 -32.283318
v -9.926331 89.300255 -31.671753
v -9.870363 89.132874 -31.090744
v -9.671564 89.053612 -30.042839
v -9.174992 88.760872 -29.547134
v -9.671564 89.053612 -30.042839
v -9.785133 88.574883 -31.509590
v -9.671564 89.053612 -30.042839
v -9.870363 89.132874 -31.090744
v -9.870363 89.132874 -31.090744
v -9.870363 89.132874 -31.090744
v -9.926331 89.300255 -31.671753
v -9.948395 88.799461 -31.978539
v -9.926331 89.300255 -31.671753
v -9.769079 88.537170 -32.174828
v -9.879671 89.090096 -32.722099
v -9.926331 89.300255 -31.671753
v -9.926331 89.300255 -31.671753
v -9.952713 89.723625 -32.283318
v -9.912746 89.832619 -33.809387
v -9.952713 89.723625 -32.283318
v -9.952713 89.723625 -32.283318
v -10.209700 90.331673 -33.598076
v -10.045280 90.302299 -34.094643
v -10.209700 90.331673 -33.598076
v -10.133410 91.746239 -34.172371
v -10.133410 91.746239 -34.172371
v -10.133410 91.746239 -34.172371
v -10.119100 93.028236 -34.490067
v -10.119100 93.028236 -34.490067
v -10.119100 93.028236 -34.490067
v -10.209700 90.331673 -33.598076
v -8.623814 93.509819 -34.878326
v -10.009700 93.581749 -34.779644
v -10.027710 93.159386 -33.714432
v -10.027710 93.159386 -33.714432
v -8.457577 93.079185 -33.838623
v -8.623814 93.509819 -34.878326
v -8.457577 93.079185 -33.838623
v -10.027710 93.159386 -33.714432
v -9.249254 93.207161 -33.396660
v -8.623814 93.509819 -34.878326
v -8.979582 93.993645 -35.405132
v -9.647125 94.039879 -35.373203
v -9.647125 94.039879 -35.373203
v -10.009700 93.581749 -34.779644
v -8.623814 93.509819 -34.878326
v -0.938269 93.116875 -35.400894
v -1.752703 92.983452 -34.845997
v -0.947809 92.261925 -35.687458
v -6.868733 99.073311 -31.568306
v -5.019339 99.092918 -31.888985
v -5.226466 100.752312 -31.182487
v -6.892286 100.818199 -31.334183
v -1.747119 96.001656 -33.369293
v -0.981301 96.463036 -34.387676
v -0.081942 96.991753 -33.499512
v -0.324095 96.316551 -32.886650
v -10.138550 92.971321 -33.947708
v -9.984919 92.896721 -33.311958
v -10.125490 92.932961 -33.219666
v -10.353240 93.088615 -33.952461
v -1.353869 92.298073 -35.711327
v -1.435080 92.533913 -36.394501
v -0.980601 92.545097 -36.392502
v -7.780015 101.615501 -31.585190
v -8.485811 101.588722 -32.155136
v -8.009699 100.820122 -31.318672
v -8.872416 97.954384 -31.558510
v -7.569829 96.958305 -32.070343
v -5.143560 96.828392 -32.430939
v -7.758295 93.734657 -32.601341
v -5.366908 93.589470 -33.125351
v -3.164330 93.455299 -33.644394
v -3.198996 96.190544 -33.065559
v -0.929499 94.244850 -35.045025
v -2.859850 94.783165 -36.926823
v -4.064117 94.614296 -36.854511
v -3.471586 97.704735 -36.286911
v -2.715263 93.728325 -37.145073
v -3.524539 92.555336 -36.501213
v -2.572998 93.269081 -36.865856
v -3.309475 92.228294 -36.190292
v -2.038994 93.283791 -36.812191
v -3.722787 92.258217 -36.156307
v -1.890800 93.725731 -37.039120
v -0.980601 92.545097 -36.392502
v -1.435080 92.533913 -36.394501
v -4.543077 93.387642 -37.186264
v -4.678392 92.969429 -36.746571
v -5.356969 93.471748 -37.010994
v -5.112610 93.000084 -36.661449
v -5.844162 94.615425 -36.707355
v -7.409116 94.666985 -36.366688
v -8.444185 98.690315 -35.248871
v -6.059401 92.670952 -35.832230
v -5.593402 92.391441 -35.591084
v -6.258018 92.400215 -35.429436
v -7.064805 93.420082 -36.552223
v -7.127670 93.054298 -36.096996
v -7.839229 93.523125 -36.324512
v -7.666151 93.114265 -35.952255
v -8.330225 92.749504 -34.919388
v -7.982888 92.592247 -34.693325
v -8.371832 92.692833 -34.542099
v -9.607365 93.998878 -35.098362
v -9.144571 93.601616 -34.908897
v -8.495125 94.786308 -35.625446
v -9.698729 93.649300 -34.636456
v -9.603207 94.994621 -35.066650
v -9.513041 98.399239 -34.288288
v -4.313418 102.003609 -35.081577
v -8.005516 101.729225 -34.760956
v 1.265126 96.434196 -33.324799
v 0.713966 95.694771 -33.132500
v 0.415612 96.251183 -33.174309
v 0.800121 97.448891 -33.431557
v -0.081942 96.991753 -33.499512
v -3.442561 101.113121 -30.580894
v -2.651283 101.540611 -29.876015
v -3.656519 101.872017 -30.724083
v 0.035174 96.820015 -29.421364
v 0.434906 95.965263 -29.255989
v 0.992083 96.642769 -29.167381
v 0.566577 97.614052 -29.231667
v -0.650417 98.212975 -29.595810
v -0.155717 98.637398 -29.434563
v -9.520786 98.005760 -32.361458
v -1.687979 93.366890 -34.028782
v -0.938269 93.116875 -35.400894
v -0.947809 92.261925 -35.687458
v -1.016569 93.498985 -36.197094
v -0.929499 94.244850 -35.045025
v -1.017728 94.581413 -35.886726
v -0.981301 96.463036 -34.387676
v -1.903426 97.838997 -35.444439
v -0.418042 98.665123 -33.609978
v -0.081942 96.991753 -33.499512
v -0.081942 96.991753 -33.499512
v 1.337981 99.233299 -32.444191
v 1.967600 98.032249 -32.366920
v 1.180532 99.422462 -30.434532
v 1.795198 98.133080 -30.106178
v -2.544091 102.095512 -34.532856
v -2.020474 102.047813 -32.202698
v -1.251582 101.899910 -32.790169
v -1.512312 100.731621 -33.559883
v -0.578761 101.565605 -32.760918
v -1.918768 94.888313 -36.765659
v -0.453600 96.106651 -32.012360
v -0.413008 96.335487 -30.794296
v -1.096378 96.813393 -31.441811
v -0.578055 96.334206 -32.173149
v -0.111384 96.101875 -32.682594
v 0.415612 96.251183 -33.174309
v 0.415612 96.251183 -33.174309
v -1.909283 97.649712 -30.770309
v -4.242918 97.412712 -32.329948
v -1.363931 97.845024 -30.287827
v -1.564331 99.572884 -29.730324
v -1.138376 99.764427 -29.624367
v -2.361376 100.973412 -29.831024
v -2.194703 99.347343 -30.115021
v -2.587325 99.221779 -30.398369
v -5.427000 101.753212 -30.876015
v -6.366511 101.689003 -30.931709
v -9.976208 94.837105 -32.980865
v -9.520786 98.005760 -32.361458
v -10.092450 93.806374 -33.176628
v -0.521692 101.521294 -30.805893
v -1.682017 101.776009 -30.531364
v -9.976208 94.837105 -32.980865
v -9.302559 94.724068 -32.414230
v -9.976208 94.837105 -32.980865
v -9.336670 93.814583 -32.590813
v -9.976208 94.837105 -32.980865
v -9.976208 94.837105 -32.980865
v -10.092450 93.806374 -33.176628
v -9.466772 93.446541 -32.822952
v -10.092450 93.806374 -33.176628
v -10.092450 93.806374 -33.176628
v -10.125490 92.932961 -33.219666
v -9.984919 92.896721 -33.311958
v -9.324211 93.202171 -33.145958
v -7.927174 93.410622 -33.294945
v -8.480621 93.145287 -33.428772
v -7.572713 92.860161 -33.693703
v -5.571445 93.245750 -33.834671
v -5.947132 92.784431 -34.100086
v -5.285594 92.800911 -34.302448
v -3.912682 92.853096 -34.639500
v -3.323705 93.135399 -34.508896
v -3.106336 92.689308 -34.883617
v -2.061170 92.601112 -35.105022
v 0.277636 97.250587 -30.083916
v 0.124496 96.977013 -32.515869
v 0.251843 96.241615 -32.385796
v 0.380674 96.515404 -30.031593
v 0.277636 97.250587 -30.083916
v 2.342120 97.008232 -31.831184
v 1.477563 97.186317 -32.611046
v 1.629086 97.672859 -32.272102
v 1.629086 97.672859 -32.272102
v 2.163502 98.125450 -31.972961
v 1.373593 90.446098 -31.053352
v 1.403666 89.985252 -30.681602
v 0.994695 90.482964 -30.901802
v 1.461772 91.067101 -31.372498
v 0.711875 91.088585 -31.022751
v 0.762558 91.874855 -31.190735
v 1.798334 92.539726 -31.853073
v 0.975941 92.722099 -31.403694
v 0.913755 93.332863 -31.551308
v 2.057750 93.433846 -31.912239
v 0.826652 94.189842 -31.758690
v 1.929909 94.295219 -31.960159
v 0.453582 95.704445 -32.201820
v 1.695065 95.859962 -32.307076
v 1.594429 96.430260 -32.473930
v 0.251843 96.241615 -32.385796
v 0.251843 96.241615 -32.385796
v 0.124496 96.977013 -32.515869
v 0.124496 96.977013 -32.515869
v 1.477563 97.186317 -32.611046
v 1.703473 96.737328 -30.088753
v 1.612114 97.509773 -30.114555
v 0.277636 97.250587 -30.083916
v 0.277636 97.250587 -30.083916
v 1.811742 96.133446 -30.102318
v 0.577900 95.943840 -30.113884
v 2.053060 94.503975 -30.005028
v 0.905200 94.320061 -30.116493
v 0.453582 95.704445 -32.201820
v 1.764096 90.223061 -30.110916
v 1.428555 90.526955 -29.865822
v 1.432791 90.054329 -30.069366
v 2.010582 91.118065 -30.161705
v 1.587797 91.245705 -29.636642
v 2.474226 92.189476 -30.231529
v 2.054971 92.808067 -29.679420
v 2.796026 93.301674 -30.372261
v 2.219395 93.675209 -29.819603
v 2.497852 94.447441 -30.515541
v 2.753524 93.200783 -31.264427
v 2.457435 94.338371 -31.495415
v 2.216409 95.899757 -31.691872
v 2.246158 96.037880 -30.712791
v 2.384499 97.128609 -30.875412
v 1.612114 97.509773 -30.114555
v 2.226709 98.169838 -31.052681
v 1.703388 97.954262 -30.628334
v 1.612114 97.509773 -30.114555
v 1.612114 97.509773 -30.114555
v 2.226709 98.169838 -31.052681
v 2.163502 98.125450 -31.972961
v 2.226709 98.169838 -31.052681
v 2.163502 98.125450 -31.972961
v 1.015790 93.412575 -30.115509
v 0.826652 94.189842 -31.758690
v 0.453582 95.704445 -32.201820
v 0.913755 93.332863 -31.551308
v 0.913755 93.332863 -31.551308
v 0.792726 92.002846 -30.068855
v 0.762558 91.874855 -31.190735
v 0.711875 91.088585 -31.022751
v 0.711875 91.088585 -31.022751
v 0.743035 91.173363 -30.025909
v 0.711875 91.088585 -31.022751
v 0.994695 90.482964 -30.901802
v 0.994695 90.482964 -30.901802
v 1.029275 90.540245 -29.964073
v 0.913755 93.332863 -31.551308
v 0.975941 92.722099 -31.403694
v 0.975941 92.722099 -31.403694
v 1.011726 92.864250 -30.097816
v 0.975941 92.722099 -31.403694
v 0.762558 91.874855 -31.190735
v 0.762558 91.874855 -31.190735
v 1.477563 97.186317 -32.611046
v 2.186869 92.603569 -31.599648
v 2.426458 92.087654 -31.149841
v 1.986280 91.008308 -30.936668
v 1.748260 90.184456 -30.701668
v 1.403666 89.985252 -30.681602
v 1.403666 89.985252 -30.681602
v 0.994695 90.482964 -30.901802
v 1.403666 89.985252 -30.681602
v 1.432791 90.054329 -30.069366
v -6.258018 92.400215 -35.429436
v -6.258018 92.400215 -35.429436
v -5.593402 92.391441 -35.591084
v -8.371832 92.692833 -34.542099
v -8.371832 92.692833 -34.542099
v -7.982888 92.592247 -34.693325
v -9.698729 93.649300 -34.636456
v -9.144571 93.601616 -34.908897
v -9.698729 93.649300 -34.636456
v -8.371832 92.692833 -34.542099
v -9.144571 93.601616 -34.908897
v -9.984919 92.896721 -33.311958
v -10.138550 92.971321 -33.947708
v -10.138550 92.971321 -33.947708
v -9.698729 93.649300 -34.636456
v -7.127670 93.054298 -36.096996
v -7.666151 93.114265 -35.952255
v -7.127670 93.054298 -36.096996
v -6.258018 92.400215 -35.429436
v -7.127670 93.054298 -36.096996
v -7.666151 93.114265 -35.952255
v -7.982888 92.592247 -34.693325
v -2.572998 93.269081 -36.865856
v -2.572998 93.269081 -36.865856
v -2.038994 93.283791 -36.812191
v -2.038994 93.283791 -36.812191
v -3.722787 92.258217 -36.156307
v -3.309475 92.228294 -36.190292
v -3.722787 92.258217 -36.156307
v -3.309475 92.228294 -36.190292
v -2.572998 93.269081 -36.865856
v -5.112610 93.000084 -36.661449
v -4.678392 92.969429 -36.746571
v -5.112610 93.000084 -36.661449
v -4.678392 92.969429 -36.746571
v -3.722787 92.258217 -36.156307
v -5.112610 93.000084 -36.661449
v -5.593402 92.391441 -35.591084
v -1.251582 101.899910 -32.790169
v -2.073465 101.976723 -30.550667
v -8.485811 101.588722 -32.155136
v -8.506290 101.647316 -33.625137
v -9.520786 98.005760 -32.361458
v -9.520786 98.005760 -32.361458
v -1.592931 86.505753 -30.217018
v -1.265603 87.087395 -30.646164
v -1.819078 86.776909 -29.957932
v -1.535149 86.501411 -32.498909
v -1.254950 87.169151 -31.994041
v -1.273196 87.317513 -32.741287
v -1.441766 86.729134 -33.121277
v -1.757598 86.450630 -33.316345
v -1.741837 87.055206 -34.037014
v -1.326180 87.814247 -33.504120
v -1.472009 87.161743 -33.962547
v -1.507043 88.577370 -35.716648
v -1.691369 88.045631 -35.390854
v -1.882541 88.616631 -36.184044
v -1.199559 88.736725 -35.118317
v -1.863428 90.430748 -36.525681
v -1.333842 90.426964 -35.938889
v -1.167868 90.645882 -35.004036
v -1.326912 92.003792 -36.375374
v -1.860162 92.435524 -37.465755
v -1.851432 93.362617 -37.298317
v -1.377277 92.775703 -36.633297
v -1.151785 92.242149 -35.326717
v -2.696720 93.381203 -37.266895
v -2.741237 92.426735 -37.419849
v -3.131008 92.784096 -36.527508
v -2.151467 86.513969 -30.199501
v -2.703210 90.428246 -36.483311
v -2.614211 88.625877 -36.116535
v -2.163186 92.353966 -34.782028
v -2.142680 90.810921 -34.493938
v -2.141847 89.156609 -34.453049
v -2.043921 88.282585 -33.156929
v -2.004806 87.769783 -32.571083
v -1.971947 87.704048 -31.898094
v -1.856231 87.469414 -30.365326
v -1.819078 86.776909 -29.957932
v -3.235783 92.083565 -36.166641
v -3.138519 92.249733 -35.191422
v -3.131008 92.784096 -36.527508
v -3.131572 90.709206 -34.861549
v -3.172199 90.476753 -35.770809
v -3.181147 88.699181 -35.053970
v -2.831855 87.947731 -33.401291
v -2.777665 87.416801 -32.634003
v -2.702819 87.208160 -31.904327
v -2.459196 87.116127 -30.586174
v -1.819078 86.776909 -29.957932
v -2.459196 87.116127 -30.586174
v -2.552867 86.516525 -32.430290
v -2.459196 87.116127 -30.586174
v -2.702819 87.208160 -31.904327
v -2.702819 87.208160 -31.904327
v -2.702819 87.208160 -31.904327
v -2.777665 87.416801 -32.634003
v -2.768347 86.789940 -33.020531
v -2.777665 87.416801 -32.634003
v -2.522002 86.473114 -33.265244
v -2.692001 87.160927 -33.952602
v -2.777665 87.416801 -32.634003
v -2.777665 87.416801 -32.634003
v -2.831855 87.947731 -33.401291
v -2.770213 88.093056 -35.316433
v -2.831855 87.947731 -33.401291
v -2.831855 87.947731 -33.401291
v -3.181147 88.699181 -35.053970
v -2.965472 88.674355 -35.675213
v -3.181147 88.699181 -35.053970
v -3.172199 90.476753 -35.770809
v -3.172199 90.476753 -35.770809
v -3.172199 90.476753 -35.770809
v -3.235783 92.083565 -36.166641
v -3.235783 92.083565 -36.166641
v -3.235783 92.083565 -36.166641
v -3.181147 88.699181 -35.053970
v -1.377277 92.775703 -36.633297
v -3.131008 92.784096 -36.527508
v -3.138519 92.249733 -35.191422
v -3.138519 92.249733 -35.191422
v -1.151785 92.242149 -35.326717
v -1.377277 92.775703 -36.633297
v -1.151785 92.242149 -35.326717
v -3.138519 92.249733 -35.191422
v -2.163186 92.353966 -34.782028
v -1.377277 92.775703 -36.633297
v -1.851432 93.362617 -37.298317
v -2.696720 93.381203 -37.266895
v -2.696720 93.381203 -37.266895
v -3.131008 92.784096 -36.527508
v -1.377277 92.775703 -36.633297
v 0.434906 95.965263 -29.255989
v 0.035174 96.820015 -29.421364
v 0.415612 96.251183 -33.174309
v 0.415612 96.251183 -33.174309
v 0.713966 95.694771 -33.132500
v 0.434906 95.965263 -29.255989
v -0.413008 96.335487 -30.794296
v -0.453600 96.106651 -32.012360
v -0.111384 96.101875 -32.682594
v -0.111384 96.101875 -32.682594
v 0.035174 96.820015 -29.421364
v -0.413008 96.335487 -30.794296
v 0.035174 96.820015 -29.421364
v -0.111384 96.101875 -32.682594
v 0.415612 96.251183 -33.174309
v 0.992083 96.642769 -29.167381
v 0.434906 95.965263 -29.255989
v 0.713966 95.694771 -33.132500
v 0.713966 95.694771 -33.132500
v 1.265126 96.434196 -33.324799
v 0.992083 96.642769 -29.167381
v 1.967600 98.032249 -32.366920
v 1.795198 98.133080 -30.106178
v 0.992083 96.642769 -29.167381
v 0.992083 96.642769 -29.167381
v 1.265126 96.434196 -33.324799
v 1.967600 98.032249 -32.366920
v -4.042669 122.763222 -29.013756
v -14.725730 124.263832 -29.023735
v -14.444180 122.828011 -23.604958
v -14.444180 122.828011 -23.604958
v -3.768634 121.583717 -24.680573
v -4.042669 122.763222 -29.013756
v -4.335573 121.238136 -23.228447
v -3.768634 121.583717 -24.680573
v -14.444180 122.828011 -23.604958
v -14.444180 122.828011 -23.604958
v -13.810640 122.602623 -22.781517
v -4.335573 121.238136 -23.228447
v -14.606630 146.945190 28.660637
v -15.957410 144.151520 26.592430
v -15.473520 144.073822 27.972633
v -13.989870 145.193512 30.399158
v 8.263645 142.264923 28.509285
v 8.783782 140.900696 27.842659
v 9.733304 141.771545 21.256691
v 9.314237 143.807007 19.433342
v -15.228690 149.793732 18.518700
v -11.850140 149.924927 31.288502
v 4.079882 152.279724 17.709862
v 8.226682 146.219208 19.253929
v 8.212338 146.701996 16.899708
v -17.333389 145.134827 20.501320
v -16.872520 146.762451 18.848549
v -7.530601 152.021729 33.223072
v -7.001585 155.267120 24.950417
v -11.240420 153.400513 24.129143
v -1.876135 150.508331 32.351063
v -1.272068 153.730042 24.908714
v 6.724236 144.315247 29.514275
v 2.923370 149.133240 23.273140
v 3.626897 150.518921 23.420448
v 1.644108 151.977905 23.526573
v -10.893140 146.897430 32.958149
v -7.675917 147.795227 34.593678
v -2.710513 147.199097 34.192005
v 1.252168 146.287231 32.635487
v 2.456571 147.698029 30.873249
v 5.613200 143.388824 30.642231
v 7.015417 142.080292 29.500160
v 7.702221 141.214844 28.844368
v -14.186950 149.355194 18.372810
v -12.902630 144.454529 30.308582
v -14.288050 143.458618 27.868858
v -15.521780 146.567841 18.535149
v 7.475280 143.593719 21.137856
v 6.612247 140.924713 28.711983
v 5.922704 141.902008 29.612587
v 7.995284 143.376404 19.315468
v -10.124920 152.181610 16.324116
v -9.619612 153.938507 16.822239
v -10.076620 146.065735 32.719166
v 6.932796 146.065948 16.878895
v 6.969024 145.651428 19.155937
v 3.068407 151.210815 17.623558
v -6.245329 155.542023 17.142769
v -7.385083 146.999298 34.027210
v -1.509133 154.540924 17.547905
v -3.130915 146.469421 33.852772
v 4.481472 143.041199 30.626240
v 0.374254 145.574615 32.478687
v -15.473520 144.073822 27.972633
v -15.957410 144.151520 26.592430
v -14.648950 143.622681 26.553596
v -14.288050 143.458618 27.868858
v -15.473520 144.073822 27.972633
v -12.902630 144.454529 30.308582
v -13.989870 145.193512 30.399158
v -15.473520 144.073822 27.972633
v -15.473520 144.073822 27.972633
v -14.288050 143.458618 27.868858
v -12.902630 144.454529 30.308582
v 9.314237 143.807007 19.433342
v 9.733304 141.771545 21.256691
v 7.475280 143.593719 21.137856
v 7.475280 143.593719 21.137856
v 7.995284 143.376404 19.315468
v 9.314237 143.807007 19.433342
v 9.733304 141.771545 21.256691
v 8.783782 140.900696 27.842659
v 6.473280 142.528229 27.759575
v 7.475280 143.593719 21.137856
v 9.733304 141.771545 21.256691
v -10.863270 153.022736 16.401920
v -10.252840 154.876526 16.955952
v -9.619612 153.938507 16.822239
v -9.619612 153.938507 16.822239
v -10.124920 152.181610 16.324116
v -14.186950 149.355194 18.372810
v -15.228690 149.793732 18.518700
v -10.124920 152.181610 16.324116
v -14.186950 149.355194 18.372810
v 8.212338 146.701996 16.899708
v 8.226682 146.219208 19.253929
v 6.969024 145.651428 19.155937
v 6.969024 145.651428 19.155937
v 6.932796 146.065948 16.878895
v 8.212338 146.701996 16.899708
v 3.068407 151.210815 17.623558
v 4.079882 152.279724 17.709862
v 8.212338 146.701996 16.899708
v 8.212338 146.701996 16.899708
v 6.932796 146.065948 16.878895
v 3.068407 151.210815 17.623558
v -15.957410 144.151520 26.592430
v -17.333389 145.134827 20.501320
v -15.989320 144.561890 20.510704
v -15.957410 144.151520 26.592430
v -15.521780 146.567841 18.535149
v -16.872520 146.762451 18.848549
v -15.228690 149.793732 18.518700
v -15.228690 149.793732 18.518700
v -14.186950 149.355194 18.372810
v -15.521780 146.567841 18.535149
v -6.482382 156.963318 17.283546
v -6.245329 155.542023 17.142769
v -6.245329 155.542023 17.142769
v -9.619612 153.938507 16.822239
v -6.245329 155.542023 17.142769
v -0.958839 155.826691 17.646614
v -1.509133 154.540924 17.547905
v -6.245329 155.542023 17.142769
v 8.226682 146.219208 19.253929
v 9.314237 143.807007 19.433342
v 7.995284 143.376404 19.315468
v 7.995284 143.376404 19.315468
v 6.969024 145.651428 19.155937
v 8.226682 146.219208 19.253929
v -1.509133 154.540924 17.547905
v 4.079882 152.279724 17.709862
v 4.079882 152.279724 17.709862
v 3.068407 151.210815 17.623558
v -1.509133 154.540924 17.547905
v -10.076620 146.065735 32.719166
v -10.893140 146.897430 32.958149
v -13.989870 145.193512 30.399158
v -13.989870 145.193512 30.399158
v -12.902630 144.454529 30.308582
v -10.076620 146.065735 32.719166
v -7.385083 146.999298 34.027210
v -7.675917 147.795227 34.593678
v -10.893140 146.897430 32.958149
v -10.893140 146.897430 32.958149
v -10.076620 146.065735 32.719166
v -7.385083 146.999298 34.027210
v -2.710513 147.199097 34.192005
v -7.675917 147.795227 34.593678
v -7.385083 146.999298 34.027210
v -7.385083 146.999298 34.027210
v -3.130915 146.469421 33.852772
v -2.710513 147.199097 34.192005
v 1.252168 146.287231 32.635487
v -2.710513 147.199097 34.192005
v -3.130915 146.469421 33.852772
v -3.130915 146.469421 33.852772
v 0.374254 145.574615 32.478687
v 1.252168 146.287231 32.635487
v 5.613200 143.388824 30.642231
v 1.252168 146.287231 32.635487
v 0.374254 145.574615 32.478687
v 0.374254 145.574615 32.478687
v 4.481472 143.041199 30.626240
v 5.613200 143.388824 30.642231
v 5.922704 141.902008 29.612587
v 7.015417 142.080292 29.500160
v 5.613200 143.388824 30.642231
v 5.613200 143.388824 30.642231
v 4.481472 143.041199 30.626240
v 5.922704 141.902008 29.612587
v 7.702221 141.214844 28.844368
v 7.015417 142.080292 29.500160
v 5.922704 141.902008 29.612587
v 5.922704 141.902008 29.612587
v 6.612247 140.924713 28.711983
v 7.702221 141.214844 28.844368
v 8.783782 140.900696 27.842659
v 7.702221 141.214844 28.844368
v 7.702221 141.214844 28.844368
v 6.612247 140.924713 28.711983
v -16.872520 146.762451 18.848549
v -15.521780 146.567841 18.535149
v -17.333389 145.134827 20.501320
v -16.872520 146.762451 18.848549
v -14.648950 143.622681 26.553596
v 6.473280 142.528229 27.759575
v -14.648950 143.622681 26.553596
v -15.989320 144.561890 20.510704
v -10.252840 154.876526 16.955952
v -6.482382 156.963318 17.283546
v -10.252840 154.876526 16.955952
v -0.958839 155.826691 17.646614
v -0.958839 155.826691 17.646614
v -6.482382 156.963318 17.283546
v -10.252840 154.876526 16.955952
v -10.252840 154.876526 16.955952
v -10.863270 153.022736 16.401920
v 1.381854 150.970612 26.240761
v 3.259143 149.530090 26.194603
v 5.084999 148.822235 23.194969
v 3.626897 150.518921 23.420448
v 4.711392 147.971100 25.995659
v 3.626897 150.518921 23.420448
v -0.958839 155.826691 17.646614
v -0.958839 155.826691 17.646614
v 1.644108 151.977905 23.526573
v 3.626897 150.518921 23.420448
v 5.084999 148.822235 23.194969
v 1.381854 150.970612 26.240761
v 3.259143 149.530090 26.194603
v 2.645329 148.385742 25.754402
v 3.259143 149.530090 26.194603
v 4.711392 147.971100 25.995659
v 1.644108 151.977905 23.526573
v 1.381854 150.970612 26.240761
v 1.644108 151.977905 23.526573
v 4.711392 147.971100 25.995659
v 5.084999 148.822235 23.194969
v 5.084999 148.822235 23.194969
v 1.644108 151.977905 23.526573
v -0.958839 155.826691 17.646614
v 1.644108 151.977905 23.526573
v -14.606630 146.945221 -19.757576
v -13.989880 145.193512 -21.496071
v -15.473530 144.073822 -19.069565
v -15.957410 144.151520 -17.689384
v 8.263643 142.264893 -19.606178
v 9.314236 143.807007 -10.530304
v 9.733302 141.771515 -12.353600
v 8.783780 140.900726 -18.939598
v -15.228690 149.793732 -9.615631
v -11.850150 149.924957 -22.385368
v 4.079881 152.279694 -8.806770
v 8.212337 146.702026 -7.996628
v 8.226680 146.219238 -10.350861
v -17.333389 145.134827 -11.598213
v -16.872520 146.762421 -9.945457
v -11.240420 153.400513 -15.226105
v -7.001586 155.267090 -16.047371
v -7.530602 152.021698 -24.320007
v -1.272070 153.730042 -16.005585
v -1.876138 150.508331 -23.447975
v 6.724235 144.315216 -20.611176
v 2.923368 149.133209 -14.370018
v 1.644107 151.977905 -14.623512
v 3.626895 150.518921 -14.517365
v -10.893140 146.897430 -24.055069
v -7.675919 147.795227 -25.690605
v -2.710516 147.199097 -25.288956
v 2.456568 147.698029 -21.970123
v 1.252166 146.287231 -23.732391
v 5.613196 143.388794 -21.739143
v 7.015414 142.080292 -20.597084
v 7.702219 141.214844 -19.941292
v -14.186950 149.355225 -9.469742
v -15.521780 146.567810 -9.632080
v -14.288060 143.458649 -18.965797
v -12.902630 144.454529 -21.405502
v 7.475279 143.593750 -12.234795
v 7.995282 143.376434 -10.412422
v 5.922701 141.902008 -20.709526
v 6.612246 140.924713 -19.808968
v -9.619614 153.938507 -7.919182
v -10.124920 152.181641 -7.421036
v -10.076620 146.065735 -23.816086
v 6.932795 146.065979 -7.975800
v 3.068406 151.210815 -8.720490
v 6.969023 145.651398 -10.252838
v -7.385085 146.999298 -25.124214
v -6.245331 155.542023 -8.239708
v -1.509134 154.540924 -8.644852
v -3.130918 146.469391 -24.949707
v 4.481470 143.041260 -21.723183
v 0.374252 145.574646 -23.575645
v -15.473530 144.073822 -19.069565
v -14.288060 143.458649 -18.965797
v -14.648950 143.622742 -17.650551
v -15.957410 144.151520 -17.689384
v -15.473530 144.073822 -19.069565
v -12.902630 144.454529 -21.405502
v -14.288060 143.458649 -18.965797
v -15.473530 144.073822 -19.069565
v -15.473530 144.073822 -19.069565
v -13.989880 145.193512 -21.496071
v -12.902630 144.454529 -21.405502
v 9.314236 143.807007 -10.530304
v 7.995282 143.376434 -10.412422
v 7.475279 143.593750 -12.234795
v 7.475279 143.593750 -12.234795
v 9.733302 141.771515 -12.353600
v 9.314236 143.807007 -10.530304
v 9.733302 141.771515 -12.353600
v 7.475279 143.593750 -12.234795
v 6.473278 142.528229 -18.856483
v 8.783780 140.900726 -18.939598
v 9.733302 141.771515 -12.353600
v -10.863270 153.022736 -7.498848
v -10.124920 152.181641 -7.421036
v -9.619614 153.938507 -7.919182
v -9.619614 153.938507 -7.919182
v -10.252840 154.876526 -8.052856
v -14.186950 149.355225 -9.469742
v -10.124920 152.181641 -7.421036
v -15.228690 149.793732 -9.615631
v -14.186950 149.355225 -9.469742
v 8.212337 146.702026 -7.996628
v 6.932795 146.065979 -7.975800
v 6.969023 145.651398 -10.252838
v 6.969023 145.651398 -10.252838
v 8.226680 146.219238 -10.350861
v 8.212337 146.702026 -7.996628
v 3.068406 151.210815 -8.720490
v 6.932795 146.065979 -7.975800
v 8.212337 146.702026 -7.996628
v 8.212337 146.702026 -7.996628
v 4.079881 152.279694 -8.806770
v 3.068406 151.210815 -8.720490
v -15.957410 144.151520 -17.689384
v -15.989320 144.561920 -11.607658
v -17.333389 145.134827 -11.598213
v -15.957410 144.151520 -17.689384
v -15.521780 146.567810 -9.632080
v -14.186950 149.355225 -9.469742
v -15.228690 149.793732 -9.615631
v -15.228690 149.793732 -9.615631
v -16.872520 146.762421 -9.945457
v -15.521780 146.567810 -9.632080
v -9.619614 153.938507 -7.919182
v -6.245331 155.542023 -8.239708
v -6.245331 155.542023 -8.239708
v -6.482385 156.963348 -8.380478
v -6.245331 155.542023 -8.239708
v -1.509134 154.540924 -8.644852
v -0.958839 155.826721 -8.743561
v -6.245331 155.542023 -8.239708
v 8.226680 146.219238 -10.350861
v 6.969023 145.651398 -10.252838
v 7.995282 143.376434 -10.412422
v 7.995282 143.376434 -10.412422
v 9.314236 143.807007 -10.530304
v 8.226680 146.219238 -10.350861
v -1.509134 154.540924 -8.644852
v 3.068406 151.210815 -8.720490
v 4.079881 152.279694 -8.806770
v 4.079881 152.279694 -8.806770
v -1.509134 154.540924 -8.644852
v -10.076620 146.065735 -23.816086
v -12.902630 144.454529 -21.405502
v -13.989880 145.193512 -21.496071
v -13.989880 145.193512 -21.496071
v -10.893140 146.897430 -24.055069
v -10.076620 146.065735 -23.816086
v -7.385085 146.999298 -25.124214
v -10.076620 146.065735 -23.816086
v -10.893140 146.897430 -24.055069
v -10.893140 146.897430 -24.055069
v -7.675919 147.795227 -25.690605
v -7.385085 146.999298 -25.124214
v -2.710516 147.199097 -25.288956
v -3.130918 146.469391 -24.949707
v -7.385085 146.999298 -25.124214
v -7.385085 146.999298 -25.124214
v -7.675919 147.795227 -25.690605
v -2.710516 147.199097 -25.288956
v 1.252166 146.287231 -23.732391
v 0.374252 145.574646 -23.575645
v -3.130918 146.469391 -24.949707
v -3.130918 146.469391 -24.949707
v -2.710516 147.199097 -25.288956
v 1.252166 146.287231 -23.732391
v 5.613196 143.388794 -21.739143
v 4.481470 143.041260 -21.723183
v 0.374252 145.574646 -23.575645
v 0.374252 145.574646 -23.575645
v 1.252166 146.287231 -23.732391
v 5.613196 143.388794 -21.739143
v 5.922701 141.902008 -20.709526
v 4.481470 143.041260 -21.723183
v 5.613196 143.388794 -21.739143
v 5.613196 143.388794 -21.739143
v 7.015414 142.080292 -20.597084
v 5.922701 141.902008 -20.709526
v 7.702219 141.214844 -19.941292
v 6.612246 140.924713 -19.808968
v 5.922701 141.902008 -20.709526
v 5.922701 141.902008 -20.709526
v 7.015414 142.080292 -20.597084
v 7.702219 141.214844 -19.941292
v 6.612246 140.924713 -19.808968
v 7.702219 141.214844 -19.941292
v 7.702219 141.214844 -19.941292
v 8.783780 140.900726 -18.939598
v -16.872520 146.762421 -9.945457
v -17.333389 145.134827 -11.598213
v -15.521780 146.567810 -9.632080
v -16.872520 146.762421 -9.945457
v -14.648950 143.622742 -17.650551
v 6.473278 142.528229 -18.856483
v -14.648950 143.622742 -17.650551
v -15.989320 144.561920 -11.607658
v -10.252840 154.876526 -8.052856
v -6.482385 156.963348 -8.380478
v -10.252840 154.876526 -8.052856
v -6.482385 156.963348 -8.380478
v -0.958839 155.826721 -8.743561
v -0.958839 155.826721 -8.743561
v -10.863270 153.022736 -7.498848
v -10.252840 154.876526 -8.052856
v -10.252840 154.876526 -8.052856
v 1.381852 150.970642 -17.337654
v 3.259141 149.530121 -17.291580
v 5.084998 148.822205 -14.291893
v 3.626895 150.518921 -14.517365
v 4.711390 147.971130 -17.092590
v 3.626895 150.518921 -14.517365
v 1.644107 151.977905 -14.623512
v -0.958839 155.826721 -8.743561
v -0.958839 155.826721 -8.743561
v 3.626895 150.518921 -14.517365
v 5.084998 148.822205 -14.291893
v 1.381852 150.970642 -17.337654
v 2.645328 148.385742 -16.851295
v 3.259141 149.530121 -17.291580
v 4.711390 147.971130 -17.092590
v 3.259141 149.530121 -17.291580
v 1.644107 151.977905 -14.623512
v 1.381852 150.970642 -17.337654
v 1.644107 151.977905 -14.623512
v 5.084998 148.822205 -14.291893
v 5.084998 148.822205 -14.291893
v 4.711390 147.971130 -17.092590
v 1.644107 151.977905 -14.623512
v -0.958839 155.826721 -8.743561
v 1.644107 151.977905 -14.623512
v -2.537403 100.734108 -32.261848
v -2.533126 101.176521 -33.759499
v -7.433381 103.254204 -31.723404
v -7.428892 103.697334 -33.221016
v -6.349637 103.013908 -30.952843
v -6.349637 103.013908 -30.952843
v -6.367243 101.780113 -31.221352
v -6.367243 101.780113 -31.221352
v -6.340658 103.912819 -33.992245
v -2.533123 101.176521 42.662617
v -2.537400 100.734108 41.164936
v -7.428888 103.697304 42.124104
v -7.433377 103.254204 40.626484
v -6.349633 103.013893 39.855854
v -6.349633 103.013893 39.855854
v -6.367239 101.780098 40.124409
v -6.349633 103.013893 39.855854
v -6.340654 103.912804 42.895344
# 5868 vertices

vt 0.059905 -0.070987
vt 0.059905 -0.016799
vt 0.012416 -0.016799
vt 0.012416 -0.070987
vt 0.059905 -0.563518
vt 0.012416 -0.563516
vt 0.012416 -0.602104
vt 0.059905 -0.602109
vt 0.012416 -0.715798
vt 0.059905 -0.715801
vt 0.059904 -0.680785
vt 0.015868 -0.680781
vt 0.135618 -0.349969
vt 0.137808 -0.287160
vt 0.073315 -0.287160
vt 0.073315 -0.352039
vt 0.059905 -0.136856
vt 0.012416 -0.136856
vt 0.012416 -0.204693
vt 0.059905 -0.204688
vt 0.073315 -0.475804
vt 0.167440 -0.475804
vt 0.073315 -0.414157
vt 0.012416 -0.263211
vt 0.059905 -0.263191
vt 0.073315 -0.524611
vt 0.102305 -0.509579
vt 0.138470 -0.429143
vt 0.167440 -0.440598
vt 0.167440 -0.352039
vt 0.167440 -0.287160
vt 0.012416 -0.344453
vt 0.059905 -0.344774
vt 0.059905 -0.470993
vt 0.012416 -0.470993
vt 0.059905 -0.383814
vt 0.012416 -0.383787
vt 0.271645 -0.174754
vt 0.196602 -0.174754
vt 0.213528 -0.205146
vt 0.263239 -0.205146
vt 0.057842 -0.787678
vt 0.057842 -0.735351
vt 0.012156 -0.735351
vt 0.012156 -0.787678
vt 0.012157 -0.912048
vt 0.012157 -0.936260
vt 0.057842 -0.936260
vt 0.057842 -0.912048
vt 0.057842 -0.884299
vt 0.012157 -0.884299
vt 0.057842 -0.828029
vt 0.012156 -0.828029
vt 0.012156 -0.859791
vt 0.057842 -0.859791
vt 0.057842 -0.968146
vt 0.012157 -0.968146
vt 0.012157 -0.990336
vt 0.057842 -0.990336
vt 0.313801 -0.174754
vt 0.330288 -0.205146
vt 0.251276 -0.149922
vt 0.217445 -0.149922
vt 0.274387 -0.396934
vt 0.274387 -0.353815
vt 0.253869 -0.353815
vt 0.253869 -0.396934
vt 0.246861 -0.353815
vt 0.230519 -0.353815
vt 0.230519 -0.396934
vt 0.246861 -0.396934
vt 0.283006 -0.353815
vt 0.276856 -0.353815
vt 0.276856 -0.396934
vt 0.283006 -0.396934
vt 0.251492 -0.422503
vt 0.251492 -0.419886
vt 0.243487 -0.419886
vt 0.243487 -0.422503
vt 0.286164 -0.396934
vt 0.286164 -0.353815
vt 0.251492 -0.404906
vt 0.295691 -0.353815
vt 0.295691 -0.396934
vt 0.230519 -0.404906
vt 0.230519 -0.419886
vt 0.600687 -0.560123
vt 0.600687 -0.595641
vt 0.615878 -0.595641
vt 0.615878 -0.560123
vt 0.620561 -0.560123
vt 0.620561 -0.595641
vt 0.635752 -0.595641
vt 0.635752 -0.560123
vt 0.640434 -0.560123
vt 0.640434 -0.595641
vt 0.655625 -0.595641
vt 0.655625 -0.560123
vt 0.660308 -0.560123
vt 0.660308 -0.595641
vt 0.675499 -0.595641
vt 0.675499 -0.560123
vt 0.596004 -0.560123
vt 0.596004 -0.595641
vt 0.419772 -0.296186
vt 0.390025 -0.325878
vt 0.435012 -0.326392
vt 0.428383 -0.308276
vt 0.401571 -0.283544
vt 0.387503 -0.279726
vt 0.463475 -0.552533
vt 0.463475 -0.522378
vt 0.430083 -0.522378
vt 0.430083 -0.552533
vt 0.392864 -0.552533
vt 0.392864 -0.528869
vt 0.320944 -0.528869
vt 0.320944 -0.552533
vt 0.500898 -0.552533
vt 0.500898 -0.522378
vt 0.521963 -0.552533
vt 0.521963 -0.522378
vt 0.400247 -0.522378
vt 0.310282 -0.318667
vt 0.330993 -0.340027
vt 0.310282 -0.340027
vt 0.360328 -0.340027
vt 0.388347 -0.340027
vt 0.388347 -0.346869
vt 0.360328 -0.346869
vt 0.725658 -0.653947
vt 0.725658 -0.615152
vt 0.692928 -0.615152
vt 0.692928 -0.653947
vt 0.412230 -0.346869
vt 0.412230 -0.340027
vt 0.684024 -0.615152
vt 0.684024 -0.653947
vt 0.684024 -0.579732
vt 0.692928 -0.579732
vt 0.692928 -0.551218
vt 0.684024 -0.551218
vt 0.555290 -0.337005
vt 0.469654 -0.337005
vt 0.512955 -0.294519
vt 0.555290 -0.327031
vt 0.469654 -0.313879
vt 0.537777 -0.347705
vt 0.352592 -0.656466
vt 0.352592 -0.580257
vt 0.379054 -0.580257
vt 0.379054 -0.679864
vt 0.352592 -0.566963
vt 0.379054 -0.566963
vt 0.555290 -0.347705
vt 0.302901 -0.500733
vt 0.293249 -0.500733
vt 0.293249 -0.524862
vt 0.302901 -0.524862
vt 0.241169 -0.500733
vt 0.241169 -0.524862
vt 0.319977 -0.830904
vt 0.319977 -0.768254
vt 0.379054 -0.768254
vt 0.379054 -0.830904
vt 0.537869 -0.367181
vt 0.469654 -0.367181
vt 0.453885 -0.337005
vt 0.447229 -0.323597
vt 0.684024 -0.530983
vt 0.692928 -0.530983
vt 0.656566 -0.530983
vt 0.656566 -0.551218
vt 0.447410 -0.337005
vt 0.330993 -0.346869
vt 0.370339 -0.294944
vt 0.370339 -0.318667
vt 0.310282 -0.294944
vt 0.330993 -0.239838
vt 0.330993 -0.213822
vt 0.336606 -0.213822
vt 0.370339 -0.213822
vt 0.370339 -0.239838
vt 0.294018 -0.340027
vt 0.294018 -0.273063
vt 0.310282 -0.273063
vt 0.310282 -0.346869
vt 0.274795 -0.273063
vt 0.274795 -0.340027
vt 0.254598 -0.340027
vt 0.254598 -0.273063
vt 0.235528 -0.311984
vt 0.235528 -0.288108
vt 0.370339 -0.273063
vt 0.330993 -0.257437
vt 0.725658 -0.579732
vt 0.725658 -0.551218
vt 0.379054 -0.854845
vt 0.319977 -0.854845
vt 0.319977 -0.679864
vt 0.319977 -0.656466
vt 0.227952 -0.500733
vt 0.227952 -0.524862
vt 0.293249 -0.554022
vt 0.302901 -0.554022
vt 0.241169 -0.554022
vt 0.725658 -0.530983
vt 0.379054 -0.867042
vt 0.319977 -0.867042
vt 0.684024 -0.657243
vt 0.692928 -0.657243
vt 0.725658 -0.657243
vt 0.684024 -0.663869
vt 0.692928 -0.663869
vt 0.725658 -0.663869
vt 0.692928 -0.675176
vt 0.725658 -0.675176
vt 0.692928 -0.682411
vt 0.725658 -0.682411
vt 0.310282 -0.257437
vt 0.330993 -0.334174
vt 0.370339 -0.334174
vt 0.320944 -0.518029
vt 0.392864 -0.518029
vt 0.242604 -0.938239
vt 0.255082 -0.938239
vt 0.255082 -0.800742
vt 0.242604 -0.800742
vt 0.230362 -0.938239
vt 0.230362 -0.800742
vt 0.292633 -0.938239
vt 0.305365 -0.938239
vt 0.305365 -0.800742
vt 0.292633 -0.800742
vt 0.280118 -0.800742
vt 0.280118 -0.938239
vt 0.267827 -0.800742
vt 0.267827 -0.938239
vt 0.682370 -0.478966
vt 0.708048 -0.479135
vt 0.695062 -0.457286
vt 0.682272 -0.464456
vt 0.695258 -0.486304
vt 0.707950 -0.464625
vt 0.421752 -0.630081
vt 0.427181 -0.630081
vt 0.427181 -0.564529
vt 0.421752 -0.564529
vt 0.433206 -0.630081
vt 0.433206 -0.564529
vt 0.394428 -0.564529
vt 0.394428 -0.630081
vt 0.401743 -0.630081
vt 0.401743 -0.564529
vt 0.408925 -0.630081
vt 0.408925 -0.564529
vt 0.415390 -0.630081
vt 0.415390 -0.564529
vt 0.421752 -0.674869
vt 0.427181 -0.674869
vt 0.433206 -0.674869
vt 0.394428 -0.674869
vt 0.401743 -0.674869
vt 0.408925 -0.674869
vt 0.415390 -0.674869
vt 0.421752 -0.724861
vt 0.427181 -0.724861
vt 0.433206 -0.724861
vt 0.394428 -0.724861
vt 0.401743 -0.724861
vt 0.408925 -0.724861
vt 0.415390 -0.724861
vt 0.421752 -0.775836
vt 0.427181 -0.775836
vt 0.433206 -0.775836
vt 0.394428 -0.775836
vt 0.401743 -0.775836
vt 0.408925 -0.775836
vt 0.415390 -0.775836
vt 0.421752 -0.829343
vt 0.427181 -0.829343
vt 0.433206 -0.829343
vt 0.394428 -0.829343
vt 0.401743 -0.829343
vt 0.408925 -0.829343
vt 0.415390 -0.829343
vt 0.426760 -0.768208
vt 0.419973 -0.768208
vt 0.419973 -0.829529
vt 0.414007 -0.768208
vt 0.414007 -0.829529
vt 0.407148 -0.768208
vt 0.407148 -0.829529
vt 0.400426 -0.768208
vt 0.400426 -0.829529
vt 0.394488 -0.768208
vt 0.433215 -0.768208
vt 0.426760 -0.718996
vt 0.419973 -0.718996
vt 0.414007 -0.718996
vt 0.407148 -0.718996
vt 0.400426 -0.718996
vt 0.394488 -0.718996
vt 0.433215 -0.718996
vt 0.426760 -0.670286
vt 0.419973 -0.670286
vt 0.414007 -0.670286
vt 0.407148 -0.670286
vt 0.400426 -0.670286
vt 0.394488 -0.670286
vt 0.433215 -0.670286
vt 0.426760 -0.626712
vt 0.419973 -0.626712
vt 0.414007 -0.626712
vt 0.407148 -0.626712
vt 0.400426 -0.626712
vt 0.394488 -0.626712
vt 0.433215 -0.626712
vt 0.419973 -0.564308
vt 0.414007 -0.564308
vt 0.407148 -0.564308
vt 0.400426 -0.564308
vt 0.402050 -0.670780
vt 0.409385 -0.670780
vt 0.420865 -0.781708
vt 0.427437 -0.781708
vt 0.433031 -0.781708
vt 0.394465 -0.781708
vt 0.402050 -0.781708
vt 0.409385 -0.781708
vt 0.414591 -0.781708
vt 0.440521 -0.661133
vt 0.488318 -0.661133
vt 0.488318 -0.683470
vt 0.440521 -0.683470
vt 0.488318 -0.772815
vt 0.488318 -0.795152
vt 0.440521 -0.795152
vt 0.440521 -0.772815
vt 0.488318 -0.750479
vt 0.440521 -0.750479
vt 0.488318 -0.728143
vt 0.440521 -0.728143
vt 0.440521 -0.705806
vt 0.488318 -0.705806
vt 0.885923 -0.310718
vt 0.872509 -0.310718
vt 0.872509 -0.386495
vt 0.885923 -0.386495
vt 0.990340 -0.310718
vt 0.990340 -0.296538
vt 0.896468 -0.296538
vt 0.896468 -0.310718
vt 0.990340 -0.386495
vt 0.896468 -0.386495
vt 0.896468 -0.288593
vt 0.885923 -0.288593
vt 0.885923 -0.296538
vt 0.853313 -0.386495
vt 0.863857 -0.386495
vt 0.863857 -0.310718
vt 0.853312 -0.310718
vt 0.885923 -0.400892
vt 0.896468 -0.400892
vt 0.990340 -0.400892
vt 0.885923 -0.408840
vt 0.896468 -0.408840
vt 0.844651 -0.310718
vt 0.844652 -0.386495
vt 0.750770 -0.386495
vt 0.750766 -0.310718
vt 0.357848 -0.122688
vt 0.425731 -0.122688
vt 0.425731 -0.106785
vt 0.357848 -0.106785
vt 0.442942 -0.106785
vt 0.442942 -0.020109
vt 0.425731 -0.020109
vt 0.357848 -0.020109
vt 0.340939 -0.106785
vt 0.340939 -0.020109
vt 0.656384 -0.785441
vt 0.640413 -0.785441
vt 0.640413 -0.848163
vt 0.656384 -0.848163
vt 0.640413 -0.870275
vt 0.656384 -0.870275
vt 0.640413 -0.904843
vt 0.656384 -0.904843
vt 0.640413 -0.926989
vt 0.656384 -0.926989
vt 0.640413 -0.989630
vt 0.656384 -0.989630
vt 0.729928 -0.391368
vt 0.723954 -0.318653
vt 0.686064 -0.374358
vt 0.697733 -0.391363
vt 0.741542 -0.374358
vt 0.703401 -0.318653
vt 0.343635 -0.190284
vt 0.383563 -0.190284
vt 0.383563 -0.176987
vt 0.343635 -0.176987
vt 0.600997 -0.190284
vt 0.600997 -0.141001
vt 0.596219 -0.141001
vt 0.596219 -0.190284
vt 0.453830 -0.126838
vt 0.480841 -0.126838
vt 0.480841 -0.118648
vt 0.453830 -0.118648
vt 0.961577 -0.175392
vt 0.984751 -0.158955
vt 0.944572 -0.158955
vt 0.944572 -0.175392
vt 0.984751 -0.161682
vt 0.510648 -0.141001
vt 0.467128 -0.141001
vt 0.467128 -0.190284
vt 0.510648 -0.190284
vt 0.931207 -0.235221
vt 0.987283 -0.235221
vt 0.900009 -0.280058
vt 0.900009 -0.262651
vt 0.987283 -0.280058
vt 0.650136 -0.190284
vt 0.650136 -0.141001
vt 0.609021 -0.141001
vt 0.609021 -0.190284
vt 0.588181 -0.141001
vt 0.550184 -0.141001
vt 0.550184 -0.190284
vt 0.588181 -0.190284
vt 0.902997 -0.253976
vt 0.902997 -0.245947
vt 0.898049 -0.245947
vt 0.898049 -0.253976
vt 0.948463 -0.185799
vt 0.948463 -0.194288
vt 0.943514 -0.194288
vt 0.943514 -0.185799
vt 0.690182 -0.152527
vt 0.690182 -0.190284
vt 0.690182 -0.176987
vt 0.690182 -0.141001
vt 0.731471 -0.152527
vt 0.731471 -0.141001
vt 0.706442 -0.141001
vt 0.706442 -0.152527
vt 0.383563 -0.141001
vt 0.383563 -0.152527
vt 0.914244 -0.204873
vt 0.858135 -0.158955
vt 0.858135 -0.204873
vt 0.883202 -0.262651
vt 0.859663 -0.280058
vt 0.859663 -0.275638
vt 0.343635 -0.141001
vt 0.343635 -0.152527
vt 0.669167 -0.126838
vt 0.696488 -0.126838
vt 0.696488 -0.118648
vt 0.669167 -0.118648
vt 0.706442 -0.190284
vt 0.706442 -0.176987
vt 0.598075 -0.126838
vt 0.628288 -0.096109
vt 0.598075 -0.096109
vt 0.552279 -0.126838
vt 0.552279 -0.096109
vt 0.521590 -0.096109
vt 0.731471 -0.190284
vt 0.731471 -0.176987
vt 0.987283 -0.194288
vt 0.858135 -0.245947
vt 0.763894 -0.680303
vt 0.763894 -0.641432
vt 0.753577 -0.641432
vt 0.753577 -0.680303
vt 0.744716 -0.641432
vt 0.744716 -0.680303
vt 0.734886 -0.641432
vt 0.734886 -0.680303
vt 0.772598 -0.680303
vt 0.772598 -0.641432
vt 0.734886 -0.788786
vt 0.734886 -0.827552
vt 0.744716 -0.827552
vt 0.744716 -0.788786
vt 0.753577 -0.827552
vt 0.753577 -0.788786
vt 0.763894 -0.827552
vt 0.763894 -0.788786
vt 0.772598 -0.827552
vt 0.772598 -0.788786
vt 0.753577 -0.705971
vt 0.763894 -0.705971
vt 0.744716 -0.705971
vt 0.734886 -0.701752
vt 0.772598 -0.701752
vt 0.744716 -0.763073
vt 0.734886 -0.767247
vt 0.753577 -0.763073
vt 0.763894 -0.763073
vt 0.772598 -0.767247
vt 0.734886 -0.710316
vt 0.734886 -0.758461
vt 0.772598 -0.758461
vt 0.772598 -0.710316
vt 0.782997 -0.197010
vt 0.782997 -0.149547
vt 0.768106 -0.149547
vt 0.768106 -0.197010
vt 0.758119 -0.197010
vt 0.758119 -0.149547
vt 0.742780 -0.149547
vt 0.742780 -0.192762
vt 0.791159 -0.192762
vt 0.791159 -0.149547
vt 0.742780 -0.249248
vt 0.742780 -0.292408
vt 0.758119 -0.292408
vt 0.758119 -0.245041
vt 0.768106 -0.292408
vt 0.768106 -0.245041
vt 0.782997 -0.292408
vt 0.782997 -0.245041
vt 0.791159 -0.249248
vt 0.791159 -0.292408
vt 0.742780 -0.202044
vt 0.742780 -0.240344
vt 0.791159 -0.240344
vt 0.791159 -0.202044
vt 0.753577 -0.631881
vt 0.744716 -0.631881
vt 0.744716 -0.837632
vt 0.753577 -0.837632
vt 0.768106 -0.141315
vt 0.782997 -0.141315
vt 0.758119 -0.298432
vt 0.742780 -0.298432
vt 0.822703 -0.655801
vt 0.835961 -0.655801
vt 0.835961 -0.660606
vt 0.822703 -0.660606
vt 0.846337 -0.707315
vt 0.835961 -0.707315
vt 0.846337 -0.660606
vt 0.866967 -0.146912
vt 0.866967 -0.140345
vt 0.874430 -0.146912
vt 0.783392 -0.707315
vt 0.822703 -0.712263
vt 0.783392 -0.712263
vt 0.783392 -0.660606
vt 0.783392 -0.655801
vt 0.626367 -0.058760
vt 0.626367 -0.051542
vt 0.609378 -0.051542
vt 0.609378 -0.058760
vt 0.609378 -0.073149
vt 0.666835 -0.073150
vt 0.609378 -0.078775
vt 0.666835 -0.078775
vt 0.554753 -0.051542
vt 0.554753 -0.058760
vt 0.554753 -0.073149
vt 0.554753 -0.078775
vt 0.609378 -0.038057
vt 0.554753 -0.038057
vt 0.540758 -0.051542
vt 0.540758 -0.058760
vt 0.540758 -0.073149
vt 0.540758 -0.078775
vt 0.540758 -0.038057
vt 0.500621 -0.051542
vt 0.500621 -0.058760
vt 0.500621 -0.073149
vt 0.500621 -0.078775
vt 0.500621 -0.038057
vt 0.866967 -0.108273
vt 0.874430 -0.108273
vt 0.874430 -0.117650
vt 0.866967 -0.117650
vt 0.860465 -0.140345
vt 0.860465 -0.117650
vt 0.471620 -0.073149
vt 0.471620 -0.078775
vt 0.471620 -0.038057
vt 0.896232 -0.117650
vt 0.896232 -0.108273
vt 0.874430 -0.079764
vt 0.896232 -0.079764
vt 0.896232 -0.140345
vt 0.896232 -0.146912
vt 0.822703 -0.633942
vt 0.783392 -0.633942
vt 0.666409 -0.038057
vt 0.835961 -0.712263
vt 0.831560 -0.559307
vt 0.818357 -0.559307
vt 0.818357 -0.626317
vt 0.831560 -0.626317
vt 0.687138 -0.919389
vt 0.763358 -0.919389
vt 0.763358 -0.986400
vt 0.687138 -0.986400
vt 0.855686 -0.559307
vt 0.855686 -0.626317
vt 0.831560 -0.644411
vt 0.855686 -0.644411
vt 0.945582 -0.559307
vt 0.916383 -0.626317
vt 0.945582 -0.626317
vt 0.916383 -0.703770
vt 0.855686 -0.703770
vt 0.910953 -0.423133
vt 0.855686 -0.423133
vt 0.945582 -0.483629
vt 0.945582 -0.423133
vt 0.855686 -0.483629
vt 0.855686 -0.536650
vt 0.831560 -0.536650
vt 0.790107 -0.423133
vt 0.790107 -0.483629
vt 0.811826 -0.483629
vt 0.811826 -0.423133
vt 0.986896 -0.559307
vt 0.986896 -0.626317
vt 0.945582 -0.703770
vt 0.986896 -0.703770
vt 0.986896 -0.483629
vt 0.986896 -0.423133
vt 0.887557 -0.718253
vt 0.887557 -0.769357
vt 0.933347 -0.769357
vt 0.933347 -0.718253
vt 0.990055 -0.718253
vt 0.990055 -0.769357
vt 0.830509 -0.718253
vt 0.782127 -0.718253
vt 0.782127 -0.769357
vt 0.830509 -0.769357
vt 0.419107 -0.462940
vt 0.419107 -0.378686
vt 0.399868 -0.378686
vt 0.399868 -0.462940
vt 0.380013 -0.462940
vt 0.380013 -0.378686
vt 0.518827 -0.462940
vt 0.539297 -0.462940
vt 0.539297 -0.378686
vt 0.518827 -0.378686
vt 0.498870 -0.378686
vt 0.498870 -0.462940
vt 0.479444 -0.378686
vt 0.479444 -0.462940
vt 0.459574 -0.378686
vt 0.459574 -0.462940
vt 0.439083 -0.378686
vt 0.439083 -0.462940
vt 0.781440 -0.547402
vt 0.798038 -0.590247
vt 0.810082 -0.559914
vt 0.798278 -0.547377
vt 0.769560 -0.577729
vt 0.769544 -0.559972
vt 0.781362 -0.590271
vt 0.809934 -0.577671
vt 0.904714 -0.069516
vt 0.904714 -0.089908
vt 0.961708 -0.089908
vt 0.961708 -0.069516
vt 0.904714 -0.010835
vt 0.876077 -0.010835
vt 0.876077 -0.069516
vt 0.904714 -0.148957
vt 0.961708 -0.148957
vt 0.989710 -0.069516
vt 0.989710 -0.010835
vt 0.961708 -0.010835
vt 0.779469 -0.082986
vt 0.815438 -0.082986
vt 0.815438 -0.019373
vt 0.779469 -0.019373
vt 0.859982 -0.082986
vt 0.859982 -0.019373
vt 0.734657 -0.082986
vt 0.734657 -0.019373
vt 0.696652 -0.019373
vt 0.696652 -0.082986
vt 0.674788 -0.811638
vt 0.662754 -0.811638
vt 0.662754 -0.818542
vt 0.674788 -0.818542
vt 0.674788 -0.880948
vt 0.674788 -0.872084
vt 0.662754 -0.872084
vt 0.662754 -0.880948
vt 0.800174 -0.131815
vt 0.845011 -0.131815
vt 0.845011 -0.122256
vt 0.800174 -0.122256
vt 0.662754 -0.940922
vt 0.662754 -0.960693
vt 0.674788 -0.960693
vt 0.674788 -0.940922
vt 0.968634 -0.123227
vt 0.968634 -0.147505
vt 0.976573 -0.147505
vt 0.976573 -0.123227
vt 0.662754 -0.838290
vt 0.674788 -0.838290
vt 0.734414 -0.101425
vt 0.734414 -0.122256
vt 0.734414 -0.092739
vt 0.734414 -0.131815
vt 0.800174 -0.101425
vt 0.800174 -0.092739
vt 0.674788 -0.911544
vt 0.662754 -0.911544
vt 0.986060 -0.090064
vt 0.976573 -0.090064
vt 0.995319 -0.090064
vt 0.968634 -0.090064
vt 0.986060 -0.123227
vt 0.995319 -0.123227
vt 0.662754 -0.867446
vt 0.674788 -0.867446
vt 0.662754 -0.968029
vt 0.674788 -0.968029
vt 0.845011 -0.101425
vt 0.845011 -0.092739
vt 0.986060 -0.147505
vt 0.995319 -0.147505
vt 0.674788 -0.791791
vt 0.662754 -0.791791
vt 0.662754 -0.987984
vt 0.674788 -0.987984
vt 0.674788 -0.783357
vt 0.662754 -0.783357
vt 0.714609 -0.092739
vt 0.714609 -0.101425
vt 0.674788 -0.906902
vt 0.662754 -0.906902
vt 0.995319 -0.079227
vt 0.986060 -0.079227
vt 0.674788 -0.894556
vt 0.662754 -0.894556
vt 0.714609 -0.122256
vt 0.714609 -0.131815
vt 0.976573 -0.079227
vt 0.968634 -0.079227
vt 0.662754 -0.885515
vt 0.674788 -0.885515
vt 0.674788 -0.890005
vt 0.662754 -0.890005
vt 0.583845 -0.015265
vt 0.583845 -0.029990
vt 0.591832 -0.029990
vt 0.591832 -0.015265
vt 0.722902 -0.743992
vt 0.689246 -0.743992
vt 0.689246 -0.778541
vt 0.722902 -0.778541
vt 0.689246 -0.835384
vt 0.695391 -0.835384
vt 0.695391 -0.820678
vt 0.689246 -0.820678
vt 0.542184 -0.029990
vt 0.542184 -0.015265
vt 0.533458 -0.015265
vt 0.533458 -0.029990
vt 0.849137 -0.290892
vt 0.834668 -0.290868
vt 0.834668 -0.276113
vt 0.849137 -0.276113
vt 0.600654 -0.015265
vt 0.600654 -0.029990
vt 0.717122 -0.820678
vt 0.722902 -0.820678
vt 0.491153 -0.015265
vt 0.491153 -0.029990
vt 0.800681 -0.203303
vt 0.849137 -0.203332
vt 0.800681 -0.276113
vt 0.815006 -0.276113
vt 0.642379 -0.029990
vt 0.642379 -0.015265
vt 0.550292 -0.029990
vt 0.550292 -0.015265
vt 0.717122 -0.835384
vt 0.722902 -0.835384
vt 0.815006 -0.290812
vt 0.800681 -0.290784
vt 0.575132 -0.029990
vt 0.575132 -0.015265
vt 0.558855 -0.015265
vt 0.558855 -0.029990
vt 0.800681 -0.153049
vt 0.849137 -0.153049
vt 0.463010 -0.015265
vt 0.670105 -0.015266
vt 0.689082 -0.845287
vt 0.689082 -0.907989
vt 0.759489 -0.907989
vt 0.759489 -0.845287
vt 0.890335 -0.954017
vt 0.853660 -0.954017
vt 0.853660 -0.988297
vt 0.890335 -0.988297
vt 0.943033 -0.954017
vt 0.943033 -0.988297
vt 0.991940 -0.988297
vt 0.991940 -0.954017
vt 0.779969 -0.988297
vt 0.779969 -0.954017
vt 0.853660 -0.849104
vt 0.890335 -0.850805
vt 0.890335 -0.783524
vt 0.853660 -0.783524
vt 0.919926 -0.834331
vt 0.943033 -0.834331
vt 0.943033 -0.783524
vt 0.991940 -0.834331
vt 0.991940 -0.783524
vt 0.819789 -0.832332
vt 0.853660 -0.885816
vt 0.890335 -0.888416
vt 0.919926 -0.871764
vt 0.943033 -0.871764
vt 0.991940 -0.871764
vt 0.853660 -0.914594
vt 0.890335 -0.914594
vt 0.943033 -0.914594
vt 0.991940 -0.914594
vt 0.779969 -0.914594
vt 0.819789 -0.868921
vt 0.779969 -0.868921
vt 0.779969 -0.783524
vt 0.779969 -0.832332
vt 0.274193 -0.127395
vt 0.282752 -0.127395
vt 0.282752 -0.084127
vt 0.274193 -0.076876
vt 0.148635 -0.654366
vt 0.172060 -0.644292
vt 0.205080 -0.721722
vt 0.192840 -0.734403
vt 0.148635 -0.644292
vt 0.282752 -0.137756
vt 0.274193 -0.137756
vt 0.216672 -0.779566
vt 0.155032 -0.822742
vt 0.155032 -0.793467
vt 0.311810 -0.137756
vt 0.311810 -0.147268
vt 0.323655 -0.161692
vt 0.311810 -0.084127
vt 0.233534 -0.954730
vt 0.233534 -0.966016
vt 0.248355 -0.966016
vt 0.248355 -0.948407
vt 0.234762 -0.636397
vt 0.309385 -0.614354
vt 0.234762 -0.614354
vt 0.265586 -0.486093
vt 0.265586 -0.433109
vt 0.231196 -0.433109
vt 0.231196 -0.486093
vt 0.193603 -0.547174
vt 0.211727 -0.566208
vt 0.219798 -0.561135
vt 0.205887 -0.522358
vt 0.174248 -0.529920
vt 0.730125 -0.481821
vt 0.748744 -0.482345
vt 0.740056 -0.446079
vt 0.713095 -0.454691
vt 0.726951 -0.410481
vt 0.714907 -0.434566
vt 0.766104 -0.414520
vt 0.738364 -0.395122
vt 0.254913 -0.652455
vt 0.309385 -0.652455
vt 0.216672 -0.822546
vt 0.155032 -0.773604
vt 0.102843 -0.169628
vt 0.127463 -0.169628
vt 0.127463 -0.214167
vt 0.102843 -0.214167
vt 0.075629 -0.169628
vt 0.075629 -0.214167
vt 0.254913 -0.677293
vt 0.234762 -0.652455
vt 0.234762 -0.692578
vt 0.102843 -0.116350
vt 0.075629 -0.116350
vt 0.075629 -0.021809
vt 0.102843 -0.021809
vt 0.282752 -0.076876
vt 0.282752 -0.062560
vt 0.311810 -0.076876
vt 0.311810 -0.062560
vt 0.211582 -0.013585
vt 0.216172 -0.033902
vt 0.203497 -0.033902
vt 0.190229 -0.563977
vt 0.216672 -0.877491
vt 0.155032 -0.877491
vt 0.163541 -0.560135
vt 0.365538 -0.358810
vt 0.305330 -0.358810
vt 0.335753 -0.376538
vt 0.778569 -0.481904
vt 0.783190 -0.449970
vt 0.144716 -0.526007
vt 0.099570 -0.568468
vt 0.130702 -0.559493
vt 0.126178 -0.523436
vt 0.309385 -0.689019
vt 0.237069 -0.137756
vt 0.237069 -0.103157
vt 0.801827 -0.505445
vt 0.774877 -0.505808
vt 0.775327 -0.532212
vt 0.801827 -0.532347
vt 0.226826 -0.644292
vt 0.226826 -0.721722
vt 0.248355 -0.992195
vt 0.248355 -0.974813
vt 0.233534 -0.974813
vt 0.233534 -0.992195
vt 0.741586 -0.568794
vt 0.753351 -0.530318
vt 0.741613 -0.529865
vt 0.732583 -0.568062
vt 0.737841 -0.584717
vt 0.735522 -0.590061
vt 0.757983 -0.616862
vt 0.764211 -0.607820
vt 0.177730 -0.098126
vt 0.213621 -0.096150
vt 0.201962 -0.111339
vt 0.189932 -0.111955
vt 0.184013 -0.912102
vt 0.184013 -0.888904
vt 0.169252 -0.888904
vt 0.169252 -0.912102
vt 0.311810 -0.040077
vt 0.321005 -0.040077
vt 0.321005 -0.018438
vt 0.311810 -0.018438
vt 0.179536 -0.633688
vt 0.226826 -0.633688
vt 0.316055 -0.419547
vt 0.366037 -0.419547
vt 0.366037 -0.478548
vt 0.316055 -0.510627
vt 0.763345 -0.506086
vt 0.770201 -0.496830
vt 0.274193 -0.040077
vt 0.282752 -0.040077
vt 0.274193 -0.018438
vt 0.282752 -0.018438
vt 0.237069 -0.040077
vt 0.237069 -0.076876
vt 0.237069 -0.018438
vt 0.274193 -0.161692
vt 0.282752 -0.161692
vt 0.335753 -0.394194
vt 0.305330 -0.376538
vt 0.305330 -0.394194
vt 0.335753 -0.409613
vt 0.305330 -0.409613
vt 0.159832 -0.622953
vt 0.164663 -0.633688
vt 0.148635 -0.633688
vt 0.148635 -0.622341
vt 0.274692 -0.974813
vt 0.293497 -0.433109
vt 0.293497 -0.486093
vt 0.360629 -0.394194
vt 0.369500 -0.376538
vt 0.136317 -0.681791
vt 0.146498 -0.695212
vt 0.136317 -0.759428
vt 0.309385 -0.564755
vt 0.234762 -0.564755
vt 0.234762 -0.583232
vt 0.309385 -0.583232
vt 0.139477 -0.665418
vt 0.174082 -0.624996
vt 0.763758 -0.497233
vt 0.759425 -0.502929
vt 0.134998 -0.644292
vt 0.134998 -0.633688
vt 0.801827 -0.495487
vt 0.764582 -0.531644
vt 0.757705 -0.573880
vt 0.768288 -0.596726
vt 0.779295 -0.625501
vt 0.782732 -0.615671
vt 0.169252 -0.937463
vt 0.169252 -0.979402
vt 0.184013 -0.979402
vt 0.184013 -0.937463
vt 0.216963 -0.991361
vt 0.216963 -0.979402
vt 0.184013 -0.991361
vt 0.216963 -0.937463
vt 0.489304 -0.478548
vt 0.489304 -0.510627
vt 0.456047 -0.510627
vt 0.456047 -0.478548
vt 0.366037 -0.510627
vt 0.532103 -0.478548
vt 0.532103 -0.510627
vt 0.785577 -0.609196
vt 0.216963 -0.912102
vt 0.216963 -0.888904
vt 0.171261 -0.033902
vt 0.177736 -0.064368
vt 0.163937 -0.066145
vt 0.200930 -0.054067
vt 0.210237 -0.064308
vt 0.163937 -0.106745
vt 0.186848 -0.053924
vt 0.323737 -0.975084
vt 0.327659 -0.975084
vt 0.330176 -0.968377
vt 0.323737 -0.968377
vt 0.274692 -0.992195
vt 0.258490 -0.953922
vt 0.127463 -0.116350
vt 0.198204 -0.591428
vt 0.198204 -0.577481
vt 0.190136 -0.586412
vt 0.198204 -0.613792
vt 0.213476 -0.613792
vt 0.213476 -0.591428
vt 0.167353 -0.591428
vt 0.167353 -0.613792
vt 0.127463 -0.021809
vt 0.227820 -0.013585
vt 0.227820 -0.033902
vt 0.227820 -0.064718
vt 0.227820 -0.105922
vt 0.184644 -0.033902
vt 0.176271 -0.013585
vt 0.133732 -0.591428
vt 0.133732 -0.613792
vt 0.083266 -0.540381
vt 0.083266 -0.556515
vt 0.210151 -0.142253
vt 0.099570 -0.591428
vt 0.083266 -0.613792
vt 0.186152 -0.142253
vt 0.127463 -0.274920
vt 0.075629 -0.274920
vt 0.339788 -0.975084
vt 0.339788 -0.992195
vt 0.351464 -0.992195
vt 0.351562 -0.975084
vt 0.313853 -0.950402
vt 0.365601 -0.971631
vt 0.313853 -0.880719
vt 0.313853 -0.913884
vt 0.263559 -0.947907
vt 0.153844 -0.242105
vt 0.153844 -0.274920
vt 0.180923 -0.274920
vt 0.279493 -0.963981
vt 0.300291 -0.992195
vt 0.300291 -0.974813
vt 0.309956 -0.970152
vt 0.309956 -0.992195
vt 0.323738 -0.992195
vt 0.327659 -0.992195
vt 0.392148 -0.880719
vt 0.392148 -0.971631
vt 0.339788 -0.968377
vt 0.392148 -0.989749
vt 0.365601 -0.989748
vt 0.500745 -0.845868
vt 0.500745 -0.805223
vt 0.468495 -0.805223
vt 0.468495 -0.845868
vt 0.468495 -0.883451
vt 0.500745 -0.883451
vt 0.402822 -0.883451
vt 0.461755 -0.883451
vt 0.461755 -0.845868
vt 0.402822 -0.845868
vt 0.585304 -0.883451
vt 0.621730 -0.883451
vt 0.621730 -0.845868
vt 0.585304 -0.845868
vt 0.511970 -0.883451
vt 0.576410 -0.883451
vt 0.576410 -0.845868
vt 0.511970 -0.845868
vt 0.468495 -0.896103
vt 0.500745 -0.896103
vt 0.461427 -0.896103
vt 0.402822 -0.896103
vt 0.585304 -0.896103
vt 0.621730 -0.896103
vt 0.576410 -0.896103
vt 0.511970 -0.896103
vt 0.461755 -0.805223
vt 0.511970 -0.805223
vt 0.631036 -0.845868
vt 0.631036 -0.883451
vt 0.631036 -0.896103
vt 0.468495 -0.977096
vt 0.468495 -0.990105
vt 0.500745 -0.990105
vt 0.500745 -0.977096
vt 0.461427 -0.977096
vt 0.446649 -0.977096
vt 0.461427 -0.990105
vt 0.585304 -0.977096
vt 0.585304 -0.990105
vt 0.621730 -0.990105
vt 0.621730 -0.977096
vt 0.576410 -0.977096
vt 0.561506 -0.977096
vt 0.576410 -0.990105
vt 0.511970 -0.990105
vt 0.511970 -0.977096
vt 0.631036 -0.990105
vt 0.631036 -0.977096
vt 0.468495 -0.930427
vt 0.500745 -0.930427
vt 0.414934 -0.930427
vt 0.414934 -0.977096
vt 0.446649 -0.930427
vt 0.461427 -0.930427
vt 0.585304 -0.930427
vt 0.621730 -0.930427
vt 0.561506 -0.930427
vt 0.528883 -0.930427
vt 0.529953 -0.977096
vt 0.576410 -0.930427
vt 0.511970 -0.930427
vt 0.631036 -0.930427
vt 0.402822 -0.930427
vt 0.402822 -0.977096
vt 0.402822 -0.990105
vt 0.585175 -0.779910
vt 0.579950 -0.779910
vt 0.579950 -0.837952
vt 0.585175 -0.837952
vt 0.493289 -0.594065
vt 0.470334 -0.562426
vt 0.534011 -0.562426
vt 0.534011 -0.594065
vt 0.439344 -0.587708
vt 0.439344 -0.646638
vt 0.487032 -0.646638
vt 0.487032 -0.608085
vt 0.203598 -0.447187
vt 0.220656 -0.447187
vt 0.220656 -0.426836
vt 0.203598 -0.426836
vt 0.203598 -0.334398
vt 0.220656 -0.334398
vt 0.220656 -0.290242
vt 0.203598 -0.290242
vt 0.203598 -0.363207
vt 0.220656 -0.363207
vt 0.203598 -0.484645
vt 0.220656 -0.484645
vt 0.203598 -0.493360
vt 0.203598 -0.511720
vt 0.220656 -0.511720
vt 0.220656 -0.493360
vt 0.688771 -0.727184
vt 0.721932 -0.727184
vt 0.721932 -0.697178
vt 0.688771 -0.697178
vt 0.546900 -0.603985
vt 0.576907 -0.603985
vt 0.576907 -0.557472
vt 0.546900 -0.557472
vt 0.667317 -0.715126
vt 0.639572 -0.715126
vt 0.639572 -0.754740
vt 0.667317 -0.754740
vt 0.540859 -0.715126
vt 0.498010 -0.715126
vt 0.498010 -0.754740
vt 0.540859 -0.754740
vt 0.576907 -0.715126
vt 0.546900 -0.715126
vt 0.546900 -0.754740
vt 0.576907 -0.754740
vt 0.629103 -0.715126
vt 0.585963 -0.715126
vt 0.585963 -0.754740
vt 0.629103 -0.754740
vt 0.667317 -0.630430
vt 0.639572 -0.630430
vt 0.639572 -0.640634
vt 0.667317 -0.640634
vt 0.540859 -0.640634
vt 0.540859 -0.630430
vt 0.498010 -0.630430
vt 0.498010 -0.640634
vt 0.546900 -0.630430
vt 0.546900 -0.640634
vt 0.576907 -0.640634
vt 0.576907 -0.630430
vt 0.629103 -0.630430
vt 0.585963 -0.630430
vt 0.585963 -0.640634
vt 0.629103 -0.640634
vt 0.667317 -0.603985
vt 0.639572 -0.603985
vt 0.540859 -0.603985
vt 0.498010 -0.603985
vt 0.629103 -0.603985
vt 0.585963 -0.603985
vt 0.667317 -0.701971
vt 0.639572 -0.701971
vt 0.540859 -0.701971
vt 0.498010 -0.701971
vt 0.576907 -0.701971
vt 0.546900 -0.701971
vt 0.585963 -0.701971
vt 0.629103 -0.701971
vt 0.721932 -0.691136
vt 0.688771 -0.691136
vt 0.688771 -0.736241
vt 0.721932 -0.736241
vt 0.540859 -0.557472
vt 0.585963 -0.557472
vt 0.678085 -0.715126
vt 0.678085 -0.754740
vt 0.678085 -0.630430
vt 0.678085 -0.640634
vt 0.678085 -0.603985
vt 0.678085 -0.701971
vt 0.639572 -0.770744
vt 0.667317 -0.770744
vt 0.546900 -0.770744
vt 0.576907 -0.770744
vt 0.678085 -0.770744
vt 0.540859 -0.770744
vt 0.585963 -0.770744
vt 0.629103 -0.770744
vt 0.522764 -0.826243
vt 0.522764 -0.835699
vt 0.548486 -0.835699
vt 0.548486 -0.826243
vt 0.522764 -0.808575
vt 0.548486 -0.808575
vt 0.522764 -0.798638
vt 0.548486 -0.798638
vt 0.522764 -0.781601
vt 0.548486 -0.781601
vt 0.572686 -0.835699
vt 0.572686 -0.826243
vt 0.572686 -0.808575
vt 0.572686 -0.798638
vt 0.319399 -0.589251
vt 0.319399 -0.599220
vt 0.333616 -0.599220
vt 0.333616 -0.589251
vt 0.347832 -0.632479
vt 0.333616 -0.632479
vt 0.333616 -0.642374
vt 0.347832 -0.642374
vt 0.319399 -0.580915
vt 0.333616 -0.580915
vt 0.333616 -0.650672
vt 0.347832 -0.650672
vt 0.333616 -0.564290
vt 0.347832 -0.580915
vt 0.347832 -0.564290
vt 0.319399 -0.607556
vt 0.333616 -0.607556
vt 0.333616 -0.624180
vt 0.347832 -0.624180
vt 0.347832 -0.607556
vt 0.572686 -0.781601
vt 0.498010 -0.770744
vt 0.621991 -0.353854
vt 0.621992 -0.349353
vt 0.630692 -0.354266
vt 0.626846 -0.356599
vt 0.620997 -0.342919
vt 0.625863 -0.337194
vt 0.638749 -0.344128
vt 0.636784 -0.351484
vt 0.640862 -0.455202
vt 0.639355 -0.453090
vt 0.645744 -0.458215
vt 0.646729 -0.467175
vt 0.641339 -0.469937
vt 0.647644 -0.472347
vt 0.642492 -0.473784
vt 0.639665 -0.474524
vt 0.640506 -0.479670
vt 0.648815 -0.478917
vt 0.642674 -0.479451
vt 0.644643 -0.493957
vt 0.641537 -0.495815
vt 0.642924 -0.489872
vt 0.648912 -0.491964
vt 0.643912 -0.507691
vt 0.648915 -0.505652
vt 0.655322 -0.504017
vt 0.651211 -0.516990
vt 0.646001 -0.522964
vt 0.652186 -0.523321
vt 0.647309 -0.529123
vt 0.658407 -0.515159
vt 0.641645 -0.530069
vt 0.635247 -0.525860
vt 0.640990 -0.523623
vt 0.637208 -0.455040
vt 0.638176 -0.508481
vt 0.636896 -0.496306
vt 0.662805 -0.502189
vt 0.666194 -0.512864
vt 0.658883 -0.489455
vt 0.655797 -0.477857
vt 0.654294 -0.471448
vt 0.653229 -0.466262
vt 0.650542 -0.456607
vt 0.648797 -0.452105
vt 0.678650 -0.509022
vt 0.680787 -0.512935
vt 0.673092 -0.510550
vt 0.669561 -0.499971
vt 0.674619 -0.497963
vt 0.668717 -0.487385
vt 0.662011 -0.475908
vt 0.660380 -0.469344
vt 0.659382 -0.464053
vt 0.655202 -0.455517
vt 0.633102 -0.457282
vt 0.633470 -0.469600
vt 0.630042 -0.466129
vt 0.628199 -0.473105
vt 0.631815 -0.473800
vt 0.634769 -0.474522
vt 0.633485 -0.480188
vt 0.628034 -0.480709
vt 0.634199 -0.490614
vt 0.629385 -0.494212
vt 0.633218 -0.495484
vt 0.632971 -0.508195
vt 0.634191 -0.519809
vt 0.655595 -0.379376
vt 0.651842 -0.370562
vt 0.639941 -0.376751
vt 0.645137 -0.384912
vt 0.644026 -0.370991
vt 0.651038 -0.389022
vt 0.655992 -0.386212
vt 0.619763 -0.523069
vt 0.621560 -0.528644
vt 0.613958 -0.524359
vt 0.565369 -0.495235
vt 0.569012 -0.480720
vt 0.575929 -0.489486
vt 0.559403 -0.485412
vt 0.607087 -0.502960
vt 0.616745 -0.494987
vt 0.616434 -0.502501
vt 0.610779 -0.494340
vt 0.586875 -0.348305
vt 0.583021 -0.345266
vt 0.584134 -0.344923
vt 0.585740 -0.349146
vt 0.617984 -0.527272
vt 0.622765 -0.532561
vt 0.620033 -0.533210
vt 0.551890 -0.481214
vt 0.550435 -0.490173
vt 0.547765 -0.490701
vt 0.557876 -0.507413
vt 0.568112 -0.509622
vt 0.582429 -0.503838
vt 0.575203 -0.529238
vt 0.589261 -0.524690
vt 0.596405 -0.503615
vt 0.602405 -0.521439
vt 0.618376 -0.515829
vt 0.614851 -0.399835
vt 0.596799 -0.407500
vt 0.611556 -0.392540
vt 0.621526 -0.397079
vt 0.625073 -0.387851
vt 0.625040 -0.395904
vt 0.628281 -0.387200
vt 0.626768 -0.399217
vt 0.627057 -0.385131
vt 0.623970 -0.401512
vt 0.633735 -0.404632
vt 0.633118 -0.401503
vt 0.616470 -0.385195
vt 0.619114 -0.382182
vt 0.613166 -0.381400
vt 0.616900 -0.379481
vt 0.604886 -0.382538
vt 0.597794 -0.374465
vt 0.571928 -0.385347
vt 0.614088 -0.371645
vt 0.617934 -0.371353
vt 0.615534 -0.368419
vt 0.605432 -0.370813
vt 0.607542 -0.367644
vt 0.601645 -0.367618
vt 0.604114 -0.364793
vt 0.600193 -0.357417
vt 0.602650 -0.355984
vt 0.600270 -0.355149
vt 0.588783 -0.359127
vt 0.592801 -0.357805
vt 0.591193 -0.368437
vt 0.589360 -0.355178
vt 0.584195 -0.363932
vt 0.566502 -0.378039
vt 0.567578 -0.423159
vt 0.550797 -0.402310
vt 0.621743 -0.438497
vt 0.620518 -0.432958
vt 0.624529 -0.432921
vt 0.614563 -0.438862
vt 0.614648 -0.432657
vt 0.576152 -0.470079
vt 0.572247 -0.466317
vt 0.577737 -0.466109
vt 0.608634 -0.478982
vt 0.614053 -0.476767
vt 0.613977 -0.482268
vt 0.607996 -0.473682
vt 0.599429 -0.475351
vt 0.600272 -0.471527
vt 0.554176 -0.509531
vt 0.610828 -0.520150
vt 0.632082 -0.411792
vt 0.636812 -0.408404
vt 0.628192 -0.407937
vt 0.625680 -0.416078
vt 0.622083 -0.411806
vt 0.613482 -0.424170
vt 0.601424 -0.418940
vt 0.603805 -0.436157
vt 0.606371 -0.449285
vt 0.614984 -0.449874
vt 0.603564 -0.460915
vt 0.612017 -0.464664
vt 0.574063 -0.437242
vt 0.577860 -0.444676
vt 0.574824 -0.445528
vt 0.587236 -0.436700
vt 0.583746 -0.446542
vt 0.617229 -0.405417
vt 0.607037 -0.492111
vt 0.601608 -0.489562
vt 0.606776 -0.486057
vt 0.606515 -0.493139
vt 0.610251 -0.492473
vt 0.613614 -0.490668
vt 0.594319 -0.485547
vt 0.586004 -0.497294
vt 0.596644 -0.481173
vt 0.589564 -0.471889
vt 0.591000 -0.469606
vt 0.580365 -0.467301
vt 0.586981 -0.475796
vt 0.585346 -0.478512
vt 0.564466 -0.475126
vt 0.559373 -0.475190
vt 0.574708 -0.354898
vt 0.559210 -0.369827
vt 0.579660 -0.350623
vt 0.581527 -0.456006
vt 0.576188 -0.455834
vt 0.560797 -0.528771
vt 0.564383 -0.527358
vt 0.566585 -0.532797
vt 0.563060 -0.535456
vt 0.566652 -0.535623
vt 0.564217 -0.540587
vt 0.569840 -0.535949
vt 0.566276 -0.540720
vt 0.576227 -0.533663
vt 0.574983 -0.536459
vt 0.580335 -0.535962
vt 0.590416 -0.529543
vt 0.589923 -0.533296
vt 0.593868 -0.532373
vt 0.602329 -0.530743
vt 0.604351 -0.526787
vt 0.607172 -0.529293
vt 0.612922 -0.527119
vt 0.677542 -0.401003
vt 0.673709 -0.403304
vt 0.664074 -0.390600
vt 0.667588 -0.387637
vt 0.685495 -0.421747
vt 0.691516 -0.424466
vt 0.688886 -0.427939
vt 0.691789 -0.419664
vt 0.643377 -0.438586
vt 0.643024 -0.440766
vt 0.639584 -0.436870
vt 0.648171 -0.439096
vt 0.646900 -0.443634
vt 0.652871 -0.444383
vt 0.658855 -0.438019
vt 0.659541 -0.443383
vt 0.665096 -0.442951
vt 0.664766 -0.434890
vt 0.672230 -0.440883
vt 0.670371 -0.433105
vt 0.682885 -0.438566
vt 0.680746 -0.429617
vt 0.684741 -0.428905
vt 0.686817 -0.438250
vt 0.691270 -0.437344
vt 0.678331 -0.411335
vt 0.682128 -0.409377
vt 0.674666 -0.413297
vt 0.670283 -0.405500
vt 0.664593 -0.417892
vt 0.660388 -0.410881
vt 0.661217 -0.393442
vt 0.640115 -0.432151
vt 0.637929 -0.432491
vt 0.639593 -0.428623
vt 0.645788 -0.430160
vt 0.644361 -0.426153
vt 0.652948 -0.427706
vt 0.654117 -0.422038
vt 0.659792 -0.425405
vt 0.659585 -0.420434
vt 0.666410 -0.422516
vt 0.661546 -0.430391
vt 0.668673 -0.428663
vt 0.678566 -0.424695
vt 0.676396 -0.418469
vt 0.683444 -0.416200
vt 0.689699 -0.413953
vt 0.686417 -0.410431
vt 0.654457 -0.413469
vt 0.653589 -0.401146
vt 0.649236 -0.406075
vt 0.645217 -0.418559
vt 0.636769 -0.417662
vt 0.640739 -0.413251
vt 0.640913 -0.421913
vt 0.633948 -0.421910
vt 0.638527 -0.425771
vt 0.645702 -0.409055
vt 0.650424 -0.415652
vt 0.658844 -0.435208
vt 0.654696 -0.433029
vt 0.647193 -0.434891
vt 0.641506 -0.435513
vt 0.631952 -0.426011
vt 0.635493 -0.428666
vt 0.595008 -0.539675
vt 0.591236 -0.540737
vt 0.580623 -0.541453
vt 0.578607 -0.541763
vt 0.569674 -0.543022
vt 0.572632 -0.544322
vt 0.589592 -0.546630
vt 0.586393 -0.547284
vt 0.617117 -0.536075
vt 0.608254 -0.538139
vt 0.610168 -0.536601
vt 0.601389 -0.544113
vt 0.603709 -0.543357
vt 0.546350 -0.385910
vt 0.547186 -0.392900
vt 0.675165 -0.354512
vt 0.667183 -0.330488
vt 0.680770 -0.351049
vt 0.663266 -0.332381
vt 0.679490 -0.341328
vt 0.671971 -0.331391
vt 0.676047 -0.334127
vt 0.670205 -0.357774
vt 0.657163 -0.334248
vt 0.649848 -0.345431
vt 0.657075 -0.358172
vt 0.625636 -0.837952
vt 0.625636 -0.779910
vt 0.632968 -0.837952
vt 0.632968 -0.779910
vt 0.567547 -0.303030
vt 0.539819 -0.296261
vt 0.539819 -0.302140
vt 0.567547 -0.311449
vt 0.721479 -0.289772
vt 0.731701 -0.289472
vt 0.731701 -0.242883
vt 0.721479 -0.228910
vt 0.567547 -0.231006
vt 0.593874 -0.309035
vt 0.675081 -0.210053
vt 0.705007 -0.225345
vt 0.705007 -0.209337
vt 0.539819 -0.255127
vt 0.545536 -0.238813
vt 0.615270 -0.312344
vt 0.615270 -0.258991
vt 0.593874 -0.259076
vt 0.647823 -0.309716
vt 0.647649 -0.258542
vt 0.705007 -0.294141
vt 0.541725 -0.206485
vt 0.541725 -0.200305
vt 0.531529 -0.200305
vt 0.593874 -0.318787
vt 0.615270 -0.325931
vt 0.647649 -0.324933
vt 0.675081 -0.314722
vt 0.675081 -0.302417
vt 0.705007 -0.304518
vt 0.721479 -0.298990
vt 0.731701 -0.296772
vt 0.510401 -0.227910
vt 0.493369 -0.283589
vt 0.512043 -0.279017
vt 0.524072 -0.235014
vt 0.389666 -0.231377
vt 0.397365 -0.269183
vt 0.405310 -0.271634
vt 0.398004 -0.221189
vt 0.503236 -0.212896
vt 0.492204 -0.211012
vt 0.480976 -0.288835
vt 0.410420 -0.207519
vt 0.410087 -0.219299
vt 0.436562 -0.208957
vt 0.477871 -0.207903
vt 0.468397 -0.294484
vt 0.456900 -0.207096
vt 0.448386 -0.292909
vt 0.416398 -0.275794
vt 0.431151 -0.284832
vt 0.192821 -0.393069
vt 0.192821 -0.388064
vt 0.177570 -0.388064
vt 0.177570 -0.393069
vt 0.177570 -0.403490
vt 0.192821 -0.403490
vt 0.192821 -0.500088
vt 0.192821 -0.493252
vt 0.177570 -0.493252
vt 0.177570 -0.500088
vt 0.192821 -0.475068
vt 0.177570 -0.475068
vt 0.192821 -0.342490
vt 0.192821 -0.336373
vt 0.177570 -0.336373
vt 0.177570 -0.342490
vt 0.177570 -0.354956
vt 0.192821 -0.354956
vt 0.192821 -0.512743
vt 0.192821 -0.506597
vt 0.177570 -0.506597
vt 0.177570 -0.512743
vt 0.177570 -0.302171
vt 0.192821 -0.302171
vt 0.192821 -0.288575
vt 0.177570 -0.288575
vt 0.192821 -0.371408
vt 0.177570 -0.371408
vt 0.177570 -0.363433
vt 0.192821 -0.363433
vt 0.192821 -0.325447
vt 0.177570 -0.325447
vt 0.192821 -0.313341
vt 0.177570 -0.313341
vt 0.177570 -0.411020
vt 0.192821 -0.411020
vt 0.177570 -0.418587
vt 0.192821 -0.418587
vt 0.192821 -0.442842
vt 0.177570 -0.442842
vt 0.192821 -0.453264
vt 0.177570 -0.453264
vt 0.192821 -0.461634
vt 0.177570 -0.461634
vt 0.177570 -0.467863
vt 0.192821 -0.467863
vt 0.192821 -0.471974
vt 0.177570 -0.471974
vt 0.514416 -0.276680
vt 0.393035 -0.265413
vt 0.528413 -0.248263
vt 0.593874 -0.209117
vt 0.615270 -0.205638
vt 0.647649 -0.206326
vt 0.573820 -0.210322
vt 0.664177 -0.267897
vt 0.675081 -0.268012
vt 0.685096 -0.248586
vt 0.675081 -0.248368
vt 0.686382 -0.267909
vt 0.663814 -0.249190
vt 0.551094 -0.206485
vt 0.531529 -0.225566
vt 0.541725 -0.225566
vt 0.541725 -0.219015
vt 0.551094 -0.219015
vt 0.526393 -0.206485
vt 0.526393 -0.219015
vt 0.347832 -0.589251
vt 0.347832 -0.599220
vt 0.319399 -0.642374
vt 0.319399 -0.632479
vt 0.319399 -0.650672
vt 0.319399 -0.564290
vt 0.319399 -0.624180
# 1725 texture coordinates

vn -0.284837 -0.958576 -0.000014
vn -0.280910 -0.959734 0.000010
vn -0.288776 -0.957397 -0.000011
vn 0.679593 0.733589 -0.000001
vn 0.833704 0.552211 -0.000003
vn 0.886796 0.462162 -0.000005
vn 0.998934 0.046156 -0.000003
vn 0.987858 0.155357 -0.000006
vn 0.964525 0.263992 -0.000005
vn -0.064352 0.029544 0.997490
vn -0.143270 0.207889 0.967603
vn -0.141838 -0.007325 0.989863
vn -0.061607 -0.073572 0.995385
vn -0.419887 -0.907576 0.000003
vn -0.539273 -0.842131 0.000017
vn -0.615129 -0.788426 0.000000
vn 0.129362 -0.138925 0.981817
vn -0.685663 -0.727920 0.000000
vn -0.895156 -0.445747 0.002446
vn 0.269681 -0.152850 0.950741
vn 0.014825 -0.054668 0.998394
vn -0.066176 -0.027890 0.997418
vn 0.079326 -0.053615 0.995406
vn 0.019829 -0.008078 0.999771
vn 0.039855 0.109498 0.993188
vn -0.062570 0.218515 0.973826
vn -0.102838 0.352107 0.930293
vn -0.993809 -0.110723 0.009178
vn -0.994046 0.108734 0.007009
vn -0.994334 -0.106301 0.000000
vn 0.548502 0.836149 0.000005
vn 0.574582 0.818447 0.000013
vn -0.382012 0.924158 -0.000008
vn 0.535255 0.844691 -0.000010
vn -0.977031 0.212780 0.011595
vn -0.975450 0.220223 0.000001
vn 0.179032 -0.036308 0.983173
vn 0.157387 -0.009814 0.987488
vn 0.155394 -0.021394 0.987621
vn 0.212589 -0.039655 0.976337
vn -0.304167 -0.949293 0.079527
vn -0.302086 -0.949122 0.088941
vn -0.300233 -0.950343 0.081906
vn -0.298363 -0.951512 0.074867
vn 0.728000 0.679005 0.094704
vn 0.947744 0.298721 0.112010
vn 0.747750 0.655865 0.103492
vn 0.720363 0.686996 0.095472
vn 0.103970 0.990127 0.094019
vn -0.198621 0.974405 0.105282
vn -0.784719 -0.604729 0.136083
vn -0.980052 -0.078092 0.182755
vn -0.991728 -0.022181 0.126425
vn -0.736454 0.662575 0.136492
vn -0.464114 0.878593 0.112570
vn 0.877690 0.459938 0.134605
vn 0.676483 0.726945 0.117992
vn 0.973417 0.179191 0.142656
vn 0.976591 0.170362 0.131327
vn 0.433216 0.897112 0.086681
vn -0.312014 -0.947131 0.074764
vn -0.307288 -0.949367 0.065391
vn 0.245957 -0.079969 0.965976
vn 0.236624 -0.023514 0.971317
vn 0.158585 -0.022311 0.987093
vn 0.157041 0.020335 0.987383
vn 0.772218 0.635358 -0.000013
vn -0.064351 0.029542 -0.997490
vn -0.061607 -0.073571 -0.995385
vn -0.141833 -0.007325 -0.989864
vn -0.143268 0.207886 -0.967604
vn 0.014821 -0.054665 -0.998395
vn 0.077917 -0.083300 -0.993474
vn -0.292703 -0.956203 -0.000005
vn 0.269581 -0.152603 -0.950809
vn -0.066177 -0.027893 -0.997418
vn 0.079317 -0.053606 -0.995407
vn -0.062571 0.218511 -0.973826
vn 0.039852 0.109489 -0.993189
vn 0.019827 -0.008072 -0.999771
vn -0.102838 0.352114 -0.930290
vn -0.993809 -0.110723 -0.009177
vn -0.977033 0.212771 -0.011596
vn 0.179032 -0.036306 -0.983173
vn 0.212590 -0.039655 -0.976337
vn 0.155395 -0.021392 -0.987621
vn 0.157387 -0.009804 -0.987488
vn -0.304171 -0.949293 -0.079521
vn -0.298359 -0.951514 -0.074853
vn -0.300232 -0.950343 -0.081904
vn -0.302089 -0.949121 -0.088950
vn 0.747756 0.655857 -0.103505
vn 0.947746 0.298715 -0.112010
vn 0.727997 0.679008 -0.094702
vn 0.720365 0.686994 -0.095458
vn 0.103958 0.990128 -0.094022
vn -0.198623 0.974405 -0.105281
vn -0.980055 -0.078081 -0.182745
vn -0.784725 -0.604726 -0.136066
vn -0.736450 0.662580 -0.136488
vn -0.991727 -0.022185 -0.126429
vn -0.464085 0.878612 -0.112541
vn 0.877687 0.459937 -0.134625
vn 0.976591 0.170361 -0.131326
vn 0.973415 0.179196 -0.142662
vn 0.676488 0.726937 -0.118014
vn 0.433243 0.897099 -0.086683
vn -0.307292 -0.949368 -0.065355
vn -0.312029 -0.947127 -0.074749
vn 0.236625 -0.023513 -0.971316
vn 0.245957 -0.079967 -0.965976
vn 0.158584 -0.022310 -0.987093
vn 0.157039 0.020359 -0.987382
vn 0.077927 -0.083302 0.993473
vn 0.129356 -0.138927 -0.981818
vn 0.929783 0.368109 -0.000007
vn 0.236817 0.086232 -0.967720
vn 0.257824 0.114697 -0.959360
vn 0.011975 0.015614 -0.999806
vn -0.172987 -0.036425 -0.984250
vn -0.812285 -0.171098 -0.557601
vn -0.978515 -0.206178 -0.000001
vn -0.956819 0.290685 -0.000000
vn -0.555078 0.731975 -0.395096
vn 0.806253 0.358258 0.470751
vn 0.746884 0.331880 -0.576211
vn 0.308611 0.137050 0.941263
vn 0.016987 0.999856 0.000101
vn -0.131715 -0.058694 0.989548
vn 0.913429 0.406999 -0.000000
vn 0.020331 0.999793 -0.000013
vn 0.023664 0.999720 -0.000000
vn 0.954189 -0.012946 0.298923
vn 0.801355 -0.010917 0.598090
vn 0.954105 -0.012943 -0.299192
vn 0.801325 -0.010916 -0.598129
vn 0.204187 -0.002812 -0.978928
vn 0.408095 -0.005578 -0.912922
vn -0.203560 0.003002 -0.979058
vn -0.407395 0.006049 -0.913232
vn -0.954067 0.014265 -0.299253
vn -0.800841 0.011929 -0.598759
vn -0.953990 0.014265 0.299500
vn -0.800854 0.011929 0.598741
vn -0.203853 0.003004 0.978997
vn -0.407417 0.006048 0.913222
vn -0.000006 -0.000001 1.000000
vn 0.586197 -0.007955 0.810130
vn 0.011976 0.015611 0.999806
vn 0.257794 0.114683 0.959370
vn 0.236796 0.086222 0.967726
vn -0.172983 -0.036428 0.984251
vn -0.812285 -0.171101 0.557600
vn -0.555075 0.731966 0.395116
vn 0.746358 0.331722 0.576984
vn 0.806246 0.358255 -0.470767
vn 0.308607 0.137054 -0.941264
vn -0.131700 -0.058683 -0.989551
vn 0.408114 -0.005580 0.912914
vn 0.204205 -0.002815 0.978924
vn -0.000002 -0.000003 -1.000000
vn 0.586197 -0.007952 -0.810130
vn 0.552891 -0.009574 0.833199
vn 0.298712 -0.005069 0.954330
vn 0.100473 -0.001949 0.994938
vn -0.706907 0.016838 0.707106
vn -0.672177 0.646434 0.360972
vn -0.935526 0.353258 0.000043
vn -0.999715 0.023857 -0.000008
vn 0.965671 -0.015681 0.259294
vn 0.923862 -0.014723 0.382442
vn 0.999872 -0.015995 -0.000736
vn -0.108369 0.890418 0.442054
vn -0.852868 0.515084 0.085471
vn -0.857068 0.359538 0.369009
vn -0.914798 -0.403912 0.000811
vn -0.240858 -0.970560 -0.000031
vn -0.471731 -0.881742 -0.000046
vn -0.987345 0.158585 -0.000005
vn -0.870434 -0.492285 0.000007
vn -0.718586 -0.278586 0.637200
vn -0.610235 0.440419 0.658517
vn -0.009423 -0.999956 -0.000030
vn -0.250734 -0.113787 0.961345
vn -0.222720 -0.106489 0.969049
vn -0.162446 -0.241656 0.956668
vn -0.426016 -0.752422 0.502366
vn -0.150472 -0.216475 0.964623
vn 0.004640 -0.702008 0.712154
vn 0.013048 -0.246908 0.968951
vn -0.006601 -0.284638 0.958612
vn -0.647722 0.002663 0.761872
vn -0.459956 -0.060417 0.885884
vn 0.161534 -0.026345 0.986515
vn 0.178510 0.013312 0.983848
vn 0.155825 -0.091868 0.983503
vn -0.999917 0.012834 0.001017
vn 0.852021 0.511691 0.110603
vn 0.352573 0.935755 0.007342
vn 0.644637 0.764465 0.006022
vn 0.714643 0.561732 0.416825
vn 0.020662 0.999761 0.007176
vn -0.999861 0.016686 0.000053
vn 0.120629 0.378996 -0.917502
vn -0.134509 0.013424 -0.990821
vn -0.137492 0.005579 -0.990487
vn -0.326839 0.759616 -0.562281
vn 0.469748 -0.882801 0.000003
vn 0.906754 -0.421660 -0.000000
vn 0.801341 -0.598208 0.000003
vn -0.091729 -0.995784 0.000003
vn -0.999936 0.011359 0.000000
vn 0.090250 -0.131409 0.987211
vn 0.142439 -0.085558 0.986099
vn 0.082754 -0.246973 0.965482
vn -0.003084 -0.058130 0.998304
vn 0.009423 0.999956 -0.000003
vn -0.031958 -0.174321 0.984170
vn -0.999901 0.014039 0.000761
vn 0.196120 0.980580 0.000002
vn -0.094334 0.995361 -0.018924
vn 0.073942 0.700232 0.710076
vn 0.759294 -0.650748 -0.000009
vn 0.602472 -0.798140 -0.000017
vn 0.953657 -0.300896 -0.000067
vn -0.006917 -0.554661 0.832048
vn -0.005579 -0.447176 0.894429
vn 0.821309 0.398872 0.407864
vn -0.008815 -0.707057 0.707102
vn -0.012475 -0.999922 -0.000018
vn 0.715877 0.698227 -0.000062
vn 0.999933 -0.011610 -0.000001
vn -0.277272 -0.960791 0.000009
vn -0.014419 -0.999896 0.000005
vn -0.507592 -0.861597 0.000003
vn -0.851263 -0.524740 0.000000
vn 0.945121 -0.326721 0.000003
vn 0.994356 0.106097 0.000001
vn 0.949077 0.315045 0.000007
vn -0.999178 0.040545 -0.000003
vn 0.014623 0.999893 -0.000000
vn 0.439192 0.898393 0.000009
vn 0.780052 0.625714 0.000001
vn -0.793917 0.608026 0.000001
vn -0.095714 0.903622 0.417501
vn -0.139862 0.729014 0.670057
vn -0.749766 0.400308 0.526881
vn -0.202325 0.213183 0.955833
vn -0.706279 0.634866 0.313235
vn -0.749391 0.662128 0.000000
vn 0.014751 0.999890 -0.001209
vn 0.458820 0.888529 -0.000536
vn 0.980498 0.190722 -0.047415
vn 0.995113 0.095830 -0.023824
vn 1.000000 0.000000 0.000000
vn -0.239413 0.970918 0.000007
vn -0.317977 0.946520 -0.054694
vn -0.567981 0.771500 0.286680
vn 0.298706 -0.005067 -0.954332
vn 0.552890 -0.009569 -0.833199
vn 0.100477 -0.001940 -0.994937
vn -0.720468 0.472595 -0.507523
vn -0.706906 0.016837 -0.707108
vn 0.923862 -0.014729 -0.382444
vn 0.965671 -0.015684 -0.259294
vn 0.999871 -0.016040 0.000680
vn -0.108368 0.890423 -0.442044
vn -0.857066 0.359541 -0.369009
vn -0.852861 0.515101 -0.085441
vn -0.914797 -0.403912 -0.000780
vn -0.999990 -0.004574 0.000003
vn -0.610242 0.440406 -0.658519
vn -0.718586 -0.278584 -0.637201
vn -0.250733 -0.113790 -0.961345
vn -0.222718 -0.106492 -0.969049
vn -0.162447 -0.241655 -0.956668
vn -0.150467 -0.216462 -0.964626
vn -0.426017 -0.752419 -0.502370
vn 0.004638 -0.702008 -0.712154
vn -0.006597 -0.284624 -0.958617
vn 0.013040 -0.246918 -0.968949
vn 0.161532 -0.026345 -0.986516
vn -0.459958 -0.060411 -0.885883
vn -0.647724 0.002661 -0.761871
vn 0.178507 0.013304 -0.983849
vn 0.155822 -0.091866 -0.983504
vn -0.999917 0.012835 -0.001015
vn 0.852019 0.511694 -0.110606
vn 0.714638 0.561733 -0.416832
vn 0.644631 0.764470 -0.006024
vn 0.352569 0.935757 -0.007343
vn 0.020678 0.999761 -0.007158
vn 0.120651 0.379001 0.917497
vn -0.326841 0.759621 0.562273
vn -0.137492 0.005581 0.990487
vn -0.134504 0.013436 0.990822
vn 0.142444 -0.085575 -0.986097
vn 0.090258 -0.131413 -0.987210
vn -0.003087 -0.058116 -0.998305
vn 0.082760 -0.246983 -0.965479
vn -0.031937 -0.174329 -0.984169
vn -0.999901 0.014045 -0.000732
vn 0.284819 0.958581 -0.000007
vn 0.073942 0.700228 -0.710080
vn 0.807978 -0.589212 0.000002
vn -0.006922 -0.554659 -0.832049
vn -0.005583 -0.447186 -0.894424
vn 0.821310 0.398868 -0.407865
vn -0.008820 -0.707048 -0.707110
vn -0.723900 -0.689905 -0.000006
vn -0.026093 -0.999660 -0.000011
vn -0.139858 0.729018 -0.670054
vn -0.095727 0.903659 -0.417417
vn -0.749764 0.400281 -0.526904
vn -0.948270 0.317464 0.000007
vn -0.202309 0.213160 -0.955842
vn -0.706263 0.634875 -0.313250
vn -0.990024 -0.140900 -0.000001
vn 0.014844 0.999889 0.001193
vn 0.980502 0.190707 0.047409
vn -0.317977 0.946520 0.054680
vn -0.567944 0.771547 -0.286628
vn -0.467695 0.883890 0.000131
vn -0.420000 0.907424 0.013455
vn -0.420064 0.907495 -0.000143
vn -0.467643 0.883792 -0.014895
vn -0.737992 0.101775 0.667090
vn 0.000206 0.183924 0.982941
vn 0.000434 0.185265 0.982688
vn -0.946346 0.030381 0.321723
vn -0.999283 -0.035101 -0.014210
vn 0.000926 -0.193026 -0.981193
vn -0.446391 -0.185445 -0.875412
vn -0.472073 -0.186121 -0.861688
vn 0.000613 -0.194381 -0.980926
vn 0.738222 -0.107041 -0.666011
vn 0.943923 -0.033464 -0.328466
vn 0.936613 0.094655 0.337338
vn 0.730447 0.149450 0.666417
vn -0.024621 -0.999695 0.001865
vn 0.000445 0.185264 -0.982689
vn 0.000216 0.183924 -0.982940
vn -0.737978 0.101778 -0.667106
vn -0.946342 0.030382 -0.321735
vn -0.999283 -0.035102 0.014214
vn -0.446353 -0.185445 0.875431
vn 0.000934 -0.193025 0.981193
vn 0.000621 -0.194381 0.980926
vn -0.472069 -0.186122 0.861690
vn 0.738218 -0.107041 0.666016
vn 0.943921 -0.033464 0.328472
vn 0.936609 0.094656 -0.337347
vn 0.730440 0.149450 -0.666425
vn -0.024616 -0.999695 -0.001907
vn -0.348388 0.073571 -0.934459
vn 0.433545 0.576984 -0.692191
vn 0.336721 0.453864 -0.825001
vn -0.380823 -0.045148 -0.923545
vn 0.765481 0.619273 -0.174756
vn 0.776021 0.606486 -0.173105
vn 0.553351 0.195697 0.809633
vn 0.357935 -0.073810 0.930825
vn 0.172161 -0.122799 0.977385
vn 0.556867 0.201400 0.805815
vn -0.456264 -0.561409 0.690394
vn -0.623172 -0.589546 0.513899
vn -0.802521 -0.473080 -0.363533
vn -0.788051 -0.484199 -0.380166
vn -0.354704 0.077411 -0.931769
vn 0.515924 0.594966 -0.616310
vn 0.758539 0.628067 -0.173637
vn 0.661656 0.128167 0.738772
vn 0.352050 -0.079408 0.932607
vn 0.665706 0.140091 0.732946
vn -0.316846 -0.541144 0.778956
vn -0.822945 -0.500106 -0.269548
vn -0.224053 0.003433 -0.974571
vn 0.663430 0.416075 -0.621886
vn 0.809267 0.554403 -0.194228
vn 0.545004 0.196323 0.815124
vn 0.387390 0.107647 0.915610
vn -0.514008 -0.373030 0.772428
vn -0.872582 -0.339954 -0.350760
vn -0.228758 -0.153984 -0.961228
vn 0.574260 0.041282 -0.817631
vn 0.952180 0.129022 -0.276959
vn 0.780221 0.268933 0.564739
vn 0.345927 0.080580 0.934795
vn 0.484501 0.257715 0.835968
vn -0.728146 0.056352 0.683101
vn -0.909190 -0.092980 -0.405867
vn -0.516898 -0.081965 -0.852114
vn 0.643247 -0.201365 -0.738706
vn 0.939337 -0.152409 -0.307275
vn 0.816758 -0.013765 0.576816
vn 0.215848 0.157716 0.963605
vn 0.728643 0.054892 0.682690
vn -0.629144 0.263874 0.731128
vn -0.984275 0.174939 -0.024465
vn 0.294098 0.083564 -0.952115
vn 0.578050 0.149187 -0.802248
vn -0.466803 0.083746 -0.880387
vn -0.595637 0.194079 -0.779455
vn -0.993371 -0.094937 0.064820
vn -0.982870 0.166045 -0.079972
vn -0.331869 -0.138085 0.933164
vn -0.567066 -0.024284 0.823314
vn 0.583189 0.058263 0.810245
vn 0.565052 -0.125433 0.815465
vn 0.893506 0.026340 0.448277
vn 0.931642 -0.080137 0.354430
vn 0.773446 0.018837 -0.633583
vn 0.857328 -0.034058 -0.513642
vn 0.316824 0.207372 -0.925537
vn -0.446723 -0.229193 -0.864817
vn -0.844353 -0.498167 0.197224
vn -0.262148 -0.119941 0.957545
vn 0.401900 0.275368 0.873298
vn 0.757723 0.382773 0.528527
vn 0.680034 0.281653 -0.676923
vn 0.777541 0.354278 -0.519536
vn 0.354570 0.153273 -0.922381
vn -0.307140 -0.393564 -0.866471
vn -0.778545 -0.618797 0.104684
vn -0.360598 -0.156301 0.919532
vn 0.317834 0.390842 0.863843
vn 0.606224 0.590094 0.533181
vn 0.554969 0.411698 -0.722851
vn 0.566096 0.435971 -0.699618
vn 0.417022 0.123398 -0.900481
vn -0.302192 -0.395062 -0.867528
vn -0.818103 -0.568395 0.087379
vn -0.401214 -0.129379 0.906801
vn 0.314345 0.386412 0.867106
vn 0.623846 0.573218 0.531260
vn 0.635525 0.363942 -0.680921
vn 0.633551 0.358152 -0.685813
vn 0.305382 0.040960 -0.951349
vn -0.469143 -0.445454 -0.762545
vn -0.832547 -0.547189 0.086315
vn -0.516336 -0.206116 0.831212
vn 0.192112 0.286899 0.938500
vn 0.670011 0.531421 0.518340
vn 0.680644 0.340955 -0.648440
vn 0.677831 0.336229 -0.653831
vn -0.033694 -0.019159 -0.999249
vn 0.624225 0.501299 -0.599202
vn 0.458554 0.428113 -0.778748
vn -0.243573 -0.062940 -0.967838
vn 0.754937 0.653189 -0.058426
vn 0.800558 0.594998 -0.071303
vn 0.428122 0.209072 0.879204
vn 0.051368 0.013924 0.998583
vn 0.025914 -0.101452 0.994503
vn 0.435304 0.218633 0.873333
vn -0.589742 -0.535351 0.604652
vn -0.698253 -0.572233 0.430107
vn -0.687658 -0.525816 -0.500644
vn -0.735594 -0.488235 -0.469604
vn 0.118894 -0.097641 -0.988094
vn 0.660652 0.494912 -0.564448
vn 0.724990 0.684259 -0.078602
vn 0.220924 0.298496 0.928490
vn -0.124830 0.090724 0.988022
vn 0.220378 0.297427 0.928962
vn -0.642966 -0.499450 0.580641
vn -0.564009 -0.624039 -0.540804
vn 0.134564 -0.076801 -0.987924
vn 0.787073 0.354603 -0.504750
vn 0.917682 0.394787 0.044749
vn 0.101687 0.411104 0.905899
vn -0.211185 0.136329 0.967892
vn 0.075014 0.375329 0.923851
vn -0.829859 -0.269341 0.488660
vn -0.625673 -0.524108 -0.577792
vn 0.342908 -0.049643 -0.938056
vn 0.963868 0.010147 -0.266188
vn 0.967025 -0.146917 0.208033
vn 0.307650 0.166495 0.936819
vn -0.027385 0.030178 0.999169
vn 0.296816 0.161822 0.941124
vn -0.884922 0.142937 0.443263
vn -0.670722 -0.008626 -0.741659
vn 0.068091 0.037293 -0.996982
vn 0.897551 -0.295629 -0.327119
vn 0.916188 -0.333601 0.222056
vn 0.226312 -0.145213 0.963170
vn -0.354401 0.080902 0.931587
vn 0.215353 -0.137419 0.966819
vn -0.887380 0.332578 0.319293
vn -0.770984 0.337015 -0.540375
vn -0.029051 -0.999578 0.000008
vn 0.298762 -0.954328 0.000008
vn 0.630434 -0.776243 0.000008
vn -0.982935 -0.183954 0.000000
vn -0.863193 -0.504873 -0.000002
vn -0.977690 0.210055 -0.000002
vn -0.630137 0.776484 -0.000013
vn -0.297275 0.954792 -0.000009
vn 0.510341 0.859972 -0.000005
vn 0.982717 0.185115 -0.000000
vn 0.977737 -0.209836 0.000002
vn 0.310643 -0.950527 0.000006
vn 0.632893 -0.774240 0.000012
vn -0.859826 -0.510587 0.000001
vn -0.977326 0.211739 -0.000000
vn -0.982307 -0.187275 -0.000003
vn -0.309443 0.950918 -0.000001
vn -0.631807 0.775126 -0.000000
vn 0.500028 0.866009 -0.000000
vn 0.982347 0.187066 0.000002
vn 0.977501 -0.210931 0.000007
vn 0.419499 0.810045 0.409692
vn 0.012033 0.999928 0.000013
vn -0.404822 0.405966 0.819336
vn 0.894289 -0.015876 0.447207
vn 0.599882 -0.013169 0.799980
vn -0.447219 0.000870 0.894424
vn -0.894427 0.003481 0.447201
vn 0.999894 -0.014576 0.000003
vn -0.007975 -0.703273 -0.710875
vn 0.010772 0.895331 -0.445270
vn 0.000126 0.010627 -0.999943
vn -0.999972 0.007437 -0.000007
vn -0.999986 0.005284 0.000003
vn -0.011345 -0.999936 0.000000
vn 0.000171 0.014989 -0.999888
vn 0.336690 0.673770 -0.657780
vn -0.565651 0.593928 -0.572091
vn 0.894750 -0.000127 -0.446568
vn -0.707235 0.026591 -0.706478
vn -0.999983 0.005576 0.001734
vn -0.965410 -0.260738 -0.000002
vn -0.999632 0.027135 -0.000003
vn -0.940329 0.340266 -0.000003
vn -0.588363 0.808597 -0.000001
vn -0.287577 0.957758 0.000043
vn 0.466276 0.884640 0.000059
vn 0.999987 0.005060 0.000012
vn 0.948243 0.317546 0.000028
vn 0.959833 -0.280571 0.000020
vn -0.000275 -0.004144 0.999991
vn 0.000002 -1.000000 -0.000000
vn -0.001449 -0.999999 0.000211
vn 0.444712 0.893366 -0.064253
vn 0.889545 0.438360 -0.128647
vn -0.695434 0.711511 0.100613
vn 0.861828 0.493511 -0.117044
vn 0.707725 0.453049 -0.542100
vn 0.862407 0.492385 -0.117525
vn -0.121332 0.040121 -0.991801
vn -0.139570 0.040650 -0.989377
vn -0.164699 0.078597 -0.983207
vn -0.123002 0.038721 -0.991651
vn -0.989569 0.020064 0.142655
vn -0.446526 -0.892428 0.064701
vn -0.707532 -0.699263 0.102128
vn -0.989709 0.017595 0.142010
vn 0.084666 -0.015803 0.996284
vn 0.117707 0.089800 0.988980
vn -0.051970 -0.038194 0.997918
vn 0.034547 -0.038758 0.998651
vn 0.056407 -0.041310 0.997553
vn 0.945615 0.294626 -0.137871
vn 0.764100 0.635454 -0.111128
vn 0.970735 0.194514 -0.140850
vn 0.985564 0.091301 -0.142578
vn 0.945475 0.295546 -0.136858
vn -0.440237 0.895616 0.063748
vn -0.879790 0.458331 0.126107
vn -0.880770 0.456078 0.127421
vn -0.118701 0.049915 -0.991675
vn 0.118799 -0.044157 0.991936
vn 0.338858 0.939557 -0.049062
vn 0.630826 0.770454 -0.091976
vn 0.020501 0.999785 -0.002959
vn 0.007358 0.999972 -0.001065
vn 0.478910 0.875306 -0.066965
vn 0.478566 0.875576 -0.065886
vn 0.479253 0.875035 -0.068045
vn 0.247858 0.968157 -0.035191
vn -0.008698 -0.999961 0.001263
vn -0.002897 -0.999996 0.000416
vn -0.195689 0.154939 -0.968349
vn -0.118230 0.044513 -0.991988
vn -0.177563 0.040261 -0.983285
vn 0.122292 -0.039558 0.991706
vn 0.122413 -0.040758 0.991642
vn 0.123657 -0.038886 0.991563
vn 0.120805 -0.039031 0.991909
vn 0.860013 0.496437 -0.118015
vn 0.860555 0.495389 -0.118465
vn 0.000790 1.000000 -0.000124
vn 0.330822 0.942578 -0.045863
vn 0.989662 -0.002220 -0.143404
vn 0.989763 -0.001216 -0.142714
vn -0.120511 0.043285 -0.991768
vn 0.482145 0.873450 -0.067980
vn 0.481382 0.874053 -0.065594
vn 0.118805 -0.043007 0.991986
vn -0.118711 0.048237 -0.991756
vn -0.020478 -0.711238 0.702653
vn 0.052019 -0.898291 0.436311
vn 0.513674 0.377068 0.770687
vn 0.165534 0.784276 0.597921
vn 0.614580 0.665756 -0.423155
vn -0.056038 0.472767 -0.879404
vn -0.119370 0.044046 -0.991872
vn 0.119489 -0.047051 0.991720
vn 0.514698 0.373649 0.771669
vn 0.141823 0.686328 0.713330
vn -0.006155 0.614699 -0.788738
vn -0.108338 -0.412650 -0.904424
vn -0.158165 -0.883631 -0.440659
vn -0.188151 0.858788 0.476532
vn -0.536807 -0.661142 0.524146
vn 0.394406 0.874924 -0.280984
vn -0.120450 0.044312 -0.991730
vn -0.222914 -0.974309 0.032114
vn 0.691202 0.706102 0.153817
vn 0.121064 -0.047703 0.991498
vn -0.416181 0.878124 -0.235991
vn -0.550471 -0.598537 -0.582009
vn -0.225191 -0.973849 0.030112
vn -0.224123 -0.974032 0.032099
vn 0.990063 -0.017557 -0.139526
vn -0.225313 -0.973768 0.031779
vn -0.227066 -0.973359 0.031838
vn -0.418685 -0.727453 0.543614
vn 0.691601 -0.684330 0.231041
vn 0.420640 0.651954 0.630887
vn -0.356367 0.811717 0.462729
vn 0.162364 0.874084 -0.457837
vn -0.081897 0.721508 -0.687546
vn -0.118010 0.041747 -0.992135
vn 0.947820 -0.035654 0.316807
vn 0.514092 0.376027 0.770918
vn 0.574479 0.795086 0.194454
vn -0.052430 0.898233 -0.436381
vn -0.527371 0.746660 -0.405437
vn -0.086029 -0.691897 -0.716853
vn -0.465329 -0.809613 -0.357766
vn 0.989682 -0.026446 -0.140819
vn 0.989438 -0.013877 -0.144289
vn 0.989436 -0.015486 -0.144138
vn 0.989203 -0.016595 -0.145606
vn 0.989202 -0.018406 -0.145399
vn 0.006589 0.969657 0.244382
vn 0.006785 0.999977 -0.000013
vn 0.669148 0.664796 -0.332096
vn 0.003901 0.575033 -0.818121
vn 0.999845 -0.017625 0.000003
vn 0.334459 -0.657438 -0.675213
vn 0.015781 0.999150 0.038081
vn 0.348182 0.676226 -0.649220
vn -0.003554 -0.694349 -0.719630
vn -0.005140 -0.999987 0.000014
vn 0.006089 0.897649 -0.440670
vn 0.002895 0.422375 0.906417
vn 0.003136 0.460227 -0.887796
vn -0.710502 0.249659 -0.657919
vn 0.714656 0.140044 -0.685313
vn 0.711348 -0.257988 0.653778
vn -0.001607 -0.214999 0.976613
vn -0.003414 -0.480209 0.877147
vn -0.577274 0.277821 -0.767835
vn 0.585899 0.455731 -0.670098
vn 0.811263 -0.178023 0.556920
vn -0.005096 -0.491533 0.870844
vn -0.818574 0.323083 -0.474926
vn 0.824512 0.148580 -0.545989
vn 0.572474 -0.394145 0.718974
vn -0.002609 -0.242162 0.970232
vn -0.706976 0.015251 -0.707073
vn 0.894422 -0.005750 -0.447187
vn 0.716393 0.089275 0.691962
vn 0.004263 0.290594 0.956837
vn -0.010672 -0.787645 -0.616037
vn -0.006048 -0.434609 -0.900599
vn 0.740924 -0.298299 -0.601705
vn 0.999945 -0.010510 0.000611
vn 0.005847 0.431161 0.902256
vn -0.007971 -0.574437 -0.818510
vn -0.006396 -0.470827 0.882202
vn 0.000335 0.024622 0.999697
vn 0.011426 0.723107 -0.690642
vn -0.000237 -0.034303 0.999411
vn -0.655666 0.679156 -0.329922
vn -0.342505 -0.650475 -0.677918
vn -0.327454 0.685214 -0.650581
vn 0.715481 0.230329 -0.659573
vn -0.711424 0.158828 -0.684580
vn -0.716415 -0.238410 0.655676
vn -0.002410 -0.479378 0.877605
vn 0.583194 0.262489 -0.768755
vn -0.575108 0.469543 -0.669910
vn -0.815184 -0.156540 0.557646
vn 0.999920 -0.012612 0.000449
vn 0.826013 0.302409 -0.475659
vn -0.820527 0.168676 -0.546154
vn -0.580997 -0.379390 0.720073
vn 0.707148 -0.001145 -0.707064
vn -0.894312 0.014961 -0.447193
vn -0.713926 0.105785 0.692184
vn 0.004249 0.289575 0.957146
vn -0.010763 -0.786651 -0.617304
vn -0.747858 -0.280840 -0.601528
vn 0.005847 0.429517 0.903040
vn 0.000186 0.035692 -0.999363
vn 0.000135 0.007869 -0.999969
vn 0.371769 -0.896906 0.239474
vn -0.002582 -0.990250 -0.139280
vn 0.607888 -0.487529 -0.626727
vn 0.007041 0.814979 0.579448
vn 0.707249 -0.233344 0.667345
vn 0.834792 -0.079498 -0.544795
vn -0.000807 -0.284194 -0.958766
vn -0.000823 -0.080944 -0.996718
vn 0.707107 -0.064227 0.704184
vn 0.564321 0.148447 -0.812099
vn 0.610202 0.202731 -0.765868
vn 0.001711 0.259628 -0.965707
vn -0.004711 0.052083 -0.998632
vn -0.999998 0.002194 0.000089
vn -0.800793 -0.054406 0.596465
vn -0.572880 -0.642854 0.508476
vn -0.001122 -0.202949 0.979189
vn -0.001041 -0.395522 0.918456
vn -0.005665 -0.995335 -0.096318
vn -0.011579 -0.995773 -0.091117
vn 0.999805 -0.019749 0.000040
vn 0.000498 0.075036 -0.997181
vn -0.000040 -0.005416 0.999985
vn 0.930806 -0.225938 0.287318
vn 0.552831 -0.188324 0.811734
vn 0.584414 -0.052091 -0.809782
vn -0.128615 0.119989 -0.984409
vn -0.602925 -0.075457 0.794222
vn -0.989089 0.003773 0.147272
vn 0.237427 -0.952722 -0.189601
vn 0.499551 -0.840739 -0.208822
vn -0.419026 -0.903820 -0.086758
vn -0.744668 -0.667434 -0.000926
vn -0.908358 0.370708 0.193548
vn -0.989129 0.013223 0.146452
vn -0.496955 0.841587 0.211584
vn -0.235632 0.952669 0.192092
vn 0.288223 0.950468 0.116352
vn 0.550627 0.832637 0.059373
vn 0.885356 0.462263 -0.049566
vn 0.970049 0.220722 -0.101421
vn 0.951124 -0.253205 -0.176779
vn 0.850622 -0.485898 -0.200863
vn 0.129832 -0.153168 0.979634
vn 0.131024 -0.153189 0.979472
vn -0.129120 0.164948 -0.977814
vn -0.130273 0.164528 -0.977732
vn -0.578136 -0.428032 0.694657
vn -0.421440 0.882555 0.208531
vn -0.873708 0.442104 0.202925
vn -0.476792 -0.742238 -0.470906
vn 0.037432 -0.953994 0.297481
vn 0.128273 -0.153246 0.979827
vn 0.022985 0.986891 0.159745
vn -0.127968 0.164142 -0.978101
vn -0.124660 -0.295066 -0.947310
vn 0.947835 -0.066656 0.311714
vn 0.605528 0.128513 -0.785379
vn 0.611003 0.121029 -0.782321
vn 0.560988 -0.113641 0.819987
vn -0.113612 0.188077 -0.975561
vn -0.100130 0.178388 -0.978852
vn -0.603094 -0.081202 0.793526
vn -0.291110 -0.596248 -0.748160
vn -0.015472 -0.969047 0.246392
vn 0.360862 -0.664347 0.654540
vn 0.222113 0.918429 -0.327343
vn 0.673752 0.339911 0.656139
vn 0.527184 0.751586 0.396479
vn 0.037767 0.567344 -0.822615
vn 0.993753 -0.101526 -0.046344
vn 0.956621 -0.286191 0.054514
vn 0.878418 0.461809 0.122940
vn 0.392363 0.091496 -0.915248
vn -0.102533 -0.842392 -0.529020
vn 0.190334 -0.399725 -0.896656
vn 0.374492 0.097166 -0.922125
vn -0.939441 0.236809 0.247735
vn -0.943200 0.234240 0.235598
vn -0.922142 0.324078 0.211252
vn -0.946800 0.231632 0.223421
vn 0.551420 -0.269642 0.789449
vn 0.548057 -0.266529 0.792840
vn 0.567919 -0.196883 0.799190
vn 0.975221 -0.171194 -0.140130
vn 0.966867 -0.188166 -0.172517
vn 0.974412 0.102383 -0.200096
vn 0.919636 -0.180641 -0.348766
vn 0.440824 0.165985 -0.882113
vn 0.458467 0.141288 -0.877409
vn -0.927843 0.335493 0.162948
vn -0.894572 0.412403 0.172234
vn -0.916450 0.363497 0.167300
vn -0.906069 0.349854 0.237994
vn -0.928819 0.351193 0.118147
vn -0.908333 0.405918 0.100811
vn 0.641923 -0.132695 0.755200
vn 0.584780 -0.126197 0.801316
vn -0.145968 -0.814803 0.561061
vn -0.293251 -0.948476 -0.119989
vn 0.909704 -0.215057 -0.355231
vn 0.910285 -0.215097 -0.353715
vn -0.961228 0.269076 0.060327
vn -0.963155 0.256173 0.081902
vn -0.138039 0.066140 -0.988216
vn 0.074794 -0.270967 0.959678
vn -0.297371 -0.946925 -0.122078
vn 0.988221 -0.085230 -0.127104
vn 0.471101 0.195418 -0.860160
vn 0.528231 0.554656 -0.642906
vn 0.513733 0.211124 -0.831568
vn -0.954532 0.256064 0.152643
vn 0.689107 -0.044851 0.723270
vn 0.653367 -0.070149 0.753784
vn 0.318768 0.771898 0.550055
vn 0.302324 0.944943 0.125231
vn -0.109092 0.160959 -0.980913
vn 0.108869 -0.162220 0.980730
vn -0.187267 -0.795081 -0.576869
vn -0.166641 -0.188643 -0.967804
vn 0.218562 -0.890194 0.399732
vn 0.225376 -0.888228 0.400322
vn 0.912307 0.406205 -0.051896
vn 0.991639 0.047972 -0.119795
vn 0.986833 -0.080915 -0.140045
vn 0.924281 -0.340168 -0.173176
vn 0.976286 -0.154534 -0.151606
vn 0.977714 -0.146247 -0.150620
vn 0.092936 -0.705273 -0.702818
vn 0.099753 -0.702781 -0.704378
vn 0.285994 -0.117493 -0.951001
vn 0.265285 -0.135639 -0.954582
vn -0.978131 0.142520 0.151483
vn -0.985059 0.093312 0.144743
vn 0.495572 -0.401681 0.770104
vn 0.483119 -0.432472 0.761291
vn 0.957599 -0.238079 -0.162243
vn 0.932846 -0.316971 -0.171252
vn 0.269441 -0.029280 -0.962572
vn 0.238668 -0.150309 -0.959398
vn -0.978590 0.140042 0.150833
vn -0.989491 0.044234 0.137659
vn -0.982378 -0.153699 0.106352
vn 0.469589 -0.364695 0.804042
vn 0.500685 -0.356076 0.789002
vn 0.050810 -0.517884 0.853940
vn -0.147961 -0.980447 -0.129733
vn -0.088390 -0.986195 -0.140021
vn 0.125217 -0.073183 0.989427
vn 0.132734 -0.067447 0.988854
vn -0.097117 0.295107 -0.950516
vn -0.104933 0.289595 -0.951380
vn -0.978915 0.138261 0.150366
vn 0.282157 0.207827 -0.936587
vn 0.503914 -0.104553 0.857403
vn 0.003452 0.455560 -0.890198
vn 0.060498 0.989849 0.128603
vn 0.783745 0.010424 -0.620995
vn 0.805502 -0.208519 0.554695
vn 0.937060 -0.183027 0.297355
vn 0.424815 0.077683 -0.901941
vn -0.620122 0.158847 -0.768255
vn -0.747576 0.158764 -0.644922
vn -0.986759 0.089233 0.135443
vn -0.989106 0.062727 0.133173
vn 0.192950 -0.235473 0.952535
vn 0.205855 -0.257396 0.944124
vn 0.834183 -0.397914 0.381842
vn 0.688409 -0.280216 -0.669008
vn 0.969842 -0.196596 -0.144069
vn 0.970088 -0.196205 -0.142944
vn 0.059389 0.172149 -0.983279
vn -0.633646 0.260246 -0.728536
vn -0.074971 0.374991 -0.923992
vn -0.088925 0.372067 -0.923936
vn -0.962712 0.224211 0.151378
vn -0.885197 0.433364 0.169180
vn -0.882535 0.436969 0.173754
vn 0.474452 -0.305297 0.825644
vn 0.235770 -0.127346 0.963429
vn 0.864193 -0.452841 0.219328
vn 0.824214 -0.195950 -0.531295
vn 0.086117 0.009573 -0.996239
vn -0.948580 0.000168 -0.316539
vn -0.992468 -0.017833 0.121203
vn 0.784561 -0.280823 0.552813
vn 0.638509 -0.015750 -0.769453
vn -0.764893 0.024681 -0.643684
vn -0.992306 -0.008005 0.123554
vn 0.210869 -0.508432 0.834884
vn 0.271518 -0.354353 0.894825
vn -0.037666 -0.380337 0.924081
vn 0.210853 -0.187824 0.959303
vn 0.245538 -0.234319 0.940641
vn 0.118503 0.107449 0.987123
vn 0.029056 0.085717 0.995896
vn 0.252540 -0.028835 -0.967157
vn -0.032938 -0.243976 0.969222
vn 0.015367 -0.212615 0.977015
vn 0.419497 0.810032 -0.409720
vn -0.404825 0.405950 -0.819342
vn 0.894289 -0.015876 -0.447207
vn 0.599882 -0.013178 -0.799980
vn -0.447218 0.000873 -0.894425
vn -0.894428 0.003478 -0.447199
vn -0.007966 -0.703281 0.710867
vn 0.000122 0.010687 0.999943
vn 0.010770 0.895319 0.445296
vn 0.000091 0.015050 0.999887
vn -0.565648 0.593921 0.572102
vn 0.336684 0.673764 0.657788
vn 0.894750 -0.000127 0.446566
vn -0.707237 0.026591 0.706476
vn -0.999983 0.005577 -0.001735
vn -0.000045 -0.003536 -0.999994
vn 0.001003 -0.999999 0.000144
vn 0.444714 0.893365 0.064254
vn -0.695654 0.711304 -0.100558
vn 0.889544 0.438362 0.128646
vn 0.862395 0.492405 0.117522
vn 0.707718 0.453070 0.542091
vn 0.861826 0.493514 0.117048
vn -0.121336 0.040101 0.991801
vn -0.164696 0.078590 0.983208
vn -0.139565 0.040642 0.989378
vn -0.123030 0.038673 0.991649
vn -0.989569 0.020064 -0.142655
vn -0.989709 0.017595 -0.142009
vn -0.707531 -0.699264 -0.102125
vn -0.446527 -0.892428 -0.064701
vn 0.084666 -0.015801 -0.996284
vn 0.034543 -0.038769 -0.998651
vn -0.051982 -0.038205 -0.997917
vn 0.117709 0.089799 -0.988980
vn 0.056407 -0.041314 -0.997553
vn 0.945475 0.295546 0.136858
vn 0.985564 0.091298 0.142578
vn 0.970735 0.194514 0.140849
vn 0.764101 0.635453 0.111127
vn 0.945615 0.294627 0.137870
vn -0.440235 0.895617 -0.063745
vn -0.880768 0.456083 -0.127420
vn -0.879789 0.458333 -0.126105
vn -0.118918 0.050036 0.991643
vn 0.118978 -0.044063 -0.991919
vn 0.331688 0.942166 0.048028
vn 0.631642 0.769901 0.090996
vn -0.025258 0.999674 -0.003633
vn -0.007898 0.999968 -0.001137
vn 0.478907 0.875308 0.066963
vn 0.247856 0.968158 0.035185
vn 0.479249 0.875038 0.068038
vn 0.478565 0.875577 0.065887
vn 0.006014 -0.999982 0.000868
vn 0.002007 -0.999998 0.000292
vn -0.118231 0.044512 0.991988
vn -0.195691 0.154942 0.968348
vn -0.177564 0.040250 0.983286
vn 0.122270 -0.039600 -0.991707
vn 0.123588 -0.038994 -0.991567
vn 0.122412 -0.040764 -0.991642
vn 0.120809 -0.039043 -0.991908
vn 0.860557 0.495387 0.118467
vn 0.860014 0.496435 0.118017
vn 0.330826 0.942577 0.045862
vn 0.989763 -0.001221 0.142716
vn -0.120507 0.043292 0.991768
vn 0.481387 0.874050 0.065594
vn 0.482150 0.873448 0.067979
vn 0.119144 -0.042852 -0.991952
vn -0.118733 0.048262 0.991753
vn -0.020481 -0.711248 -0.702643
vn 0.165534 0.784269 -0.597930
vn 0.513679 0.377049 -0.770693
vn 0.052020 -0.898301 -0.436291
vn -0.056036 0.472762 0.879407
vn 0.614591 0.665748 0.423151
vn -0.119367 0.044032 0.991873
vn 0.119494 -0.047022 -0.991721
vn 0.141827 0.686348 -0.713310
vn 0.514692 0.373676 -0.771659
vn -0.006152 0.614695 0.788741
vn -0.158163 -0.883630 0.440662
vn -0.108336 -0.412653 0.904423
vn -0.536810 -0.661144 -0.524141
vn -0.188154 0.858786 -0.476534
vn 0.394404 0.874926 0.280979
vn -0.120448 0.044305 0.991730
vn -0.223104 -0.974239 -0.032918
vn 0.121080 -0.047673 -0.991497
vn 0.691199 0.706107 -0.153807
vn -0.416185 0.878120 0.235998
vn -0.550467 -0.598538 0.582011
vn -0.224121 -0.974032 -0.032107
vn -0.225191 -0.973849 -0.030116
vn 0.990037 -0.018118 0.139639
vn -0.227064 -0.973359 -0.031838
vn -0.225335 -0.973763 -0.031780
vn -0.418689 -0.727446 -0.543620
vn -0.356363 0.811725 -0.462718
vn 0.420638 0.651962 -0.630880
vn 0.691600 -0.684327 -0.231053
vn 0.162366 0.874081 0.457843
vn -0.081897 0.721507 0.687546
vn -0.117842 0.042339 0.992129
vn 0.574478 0.795086 -0.194454
vn 0.514095 0.376026 -0.770915
vn 0.947821 -0.035657 -0.316802
vn -0.527368 0.746659 0.405441
vn -0.052429 0.898232 0.436383
vn -0.465322 -0.809619 0.357760
vn -0.086027 -0.691905 0.716845
vn 0.989633 -0.027091 0.141038
vn 0.989397 -0.014113 0.144547
vn 0.989396 -0.015702 0.144392
vn 0.989123 -0.016851 0.146121
vn 0.989124 -0.018648 0.145897
vn 0.006593 0.969674 -0.244314
vn 0.003902 0.575013 0.818135
vn 0.669139 0.664784 0.332138
vn 0.334444 -0.657418 0.675239
vn 0.015781 0.999150 -0.038092
vn 0.348198 0.676227 0.649211
vn -0.003547 -0.694336 0.719643
vn 0.002894 0.422388 -0.906410
vn 0.006092 0.897622 0.440725
vn 0.003502 0.460351 0.887730
vn 0.714672 0.140046 0.685296
vn -0.710496 0.249665 0.657923
vn 0.711348 -0.257988 -0.653778
vn -0.002453 -0.480341 -0.877079
vn -0.001622 -0.214999 -0.976613
vn 0.585934 0.455722 0.670074
vn -0.577238 0.277838 0.767855
vn 0.811259 -0.178029 -0.556924
vn -0.005140 -0.491538 -0.870841
vn 0.824513 0.148577 0.545988
vn -0.818563 0.323095 0.474936
vn 0.572456 -0.394155 -0.718982
vn -0.002616 -0.242164 -0.970232
vn 0.894419 -0.005753 0.447193
vn -0.706976 0.015252 0.707073
vn 0.716402 0.089272 -0.691953
vn 0.004293 0.290593 -0.956837
vn -0.011087 -0.787822 0.615803
vn 0.740927 -0.298293 0.601704
vn -0.006043 -0.434609 0.900599
vn 0.999945 -0.010509 -0.000611
vn 0.006815 0.430939 -0.902355
vn -0.007970 -0.574447 0.818503
vn -0.006400 -0.470825 -0.882203
vn 0.000388 0.024579 -0.999698
vn 0.011433 0.723117 0.690631
vn -0.000180 -0.034270 -0.999413
vn -0.655650 0.679162 0.329944
vn -0.342485 -0.650483 0.677921
vn -0.327464 0.685210 0.650580
vn 0.715478 0.230331 0.659575
vn -0.711427 0.158827 0.684577
vn 0.003522 0.459299 0.888275
vn -0.716423 -0.238407 -0.655668
vn 0.583197 0.262490 0.768752
vn -0.575098 0.469551 0.669913
vn -0.815185 -0.156541 -0.557645
vn -0.005061 -0.490530 -0.871410
vn 0.826016 0.302412 0.475651
vn -0.820529 0.168676 0.546151
vn -0.580988 -0.379388 -0.720081
vn 0.707140 -0.001145 0.707072
vn -0.894316 0.014962 0.447186
vn -0.713925 0.105786 -0.692186
vn 0.004249 0.289573 -0.957146
vn -0.747839 -0.280837 0.601554
vn -0.011064 -0.786450 0.617554
vn 0.006738 0.429704 -0.902945
vn 0.000235 0.035722 0.999362
vn 0.000111 0.007880 0.999969
vn 0.371773 -0.896904 -0.239474
vn 0.607891 -0.487529 0.626725
vn -0.002675 -0.990254 0.139245
vn 0.007040 0.814979 -0.579448
vn 0.707251 -0.233344 -0.667343
vn 0.834793 -0.079498 0.544794
vn -0.000819 -0.080945 0.996718
vn -0.000800 -0.284195 0.958766
vn 0.707106 -0.064229 -0.704184
vn 0.610202 0.202733 0.765867
vn 0.564322 0.148446 0.812099
vn 0.001710 0.259629 0.965707
vn -0.004711 0.052082 0.998632
vn -0.800794 -0.054406 -0.596464
vn -0.572882 -0.642852 -0.508475
vn -0.001121 -0.202948 -0.979189
vn -0.001307 -0.395344 -0.918532
vn -0.011582 -0.995773 0.091117
vn -0.005667 -0.995334 0.096319
vn 0.000740 0.075426 0.997151
vn 0.000046 -0.005186 -0.999987
vn 0.930807 -0.225937 -0.287318
vn 0.584333 -0.052478 0.809815
vn 0.552831 -0.188324 -0.811734
vn -0.128615 0.119990 0.984409
vn -0.602924 -0.075458 -0.794222
vn -0.988974 0.003231 -0.148054
vn 0.237432 -0.952721 0.189602
vn -0.419087 -0.903794 0.086737
vn 0.499554 -0.840737 0.208822
vn -0.744669 -0.667433 0.000927
vn -0.908358 0.370710 -0.193547
vn -0.989178 0.012603 -0.146178
vn -0.235638 0.952668 -0.192089
vn -0.496956 0.841586 -0.211582
vn 0.550623 0.832640 -0.059371
vn 0.288217 0.950470 -0.116349
vn 0.970049 0.220724 0.101420
vn 0.885356 0.462264 0.049566
vn 0.850621 -0.485899 0.200864
vn 0.951123 -0.253208 0.176780
vn 0.130248 -0.152290 -0.979716
vn 0.129959 -0.154002 -0.979487
vn 0.129233 -0.152944 -0.979748
vn -0.130226 0.164544 0.977735
vn -0.129115 0.164949 0.977815
vn -0.129452 0.163519 0.978010
vn -0.578136 -0.428035 -0.694655
vn -0.476793 -0.742238 0.470905
vn -0.873708 0.442103 -0.202928
vn -0.421439 0.882554 -0.208535
vn 0.037428 -0.953993 -0.297484
vn 0.023079 0.986875 -0.159825
vn -0.127834 0.164457 0.978066
vn -0.124661 -0.295063 0.947311
vn 0.947835 -0.066656 -0.311714
vn 0.560986 -0.113640 -0.819988
vn 0.611005 0.121028 0.782320
vn 0.605529 0.128513 0.785379
vn -0.100122 0.178385 0.978854
vn -0.113607 0.188076 0.975562
vn -0.603094 -0.081202 -0.793526
vn -0.989172 0.003234 -0.146729
vn -0.291129 -0.596242 0.748157
vn 0.360852 -0.664348 -0.654544
vn -0.015486 -0.969045 -0.246399
vn 0.222069 0.918456 0.327299
vn 0.037728 0.567393 0.822582
vn 0.527133 0.751594 -0.396530
vn 0.673746 0.339919 -0.656141
vn 0.993752 -0.101527 0.046352
vn 0.878420 0.461805 -0.122940
vn 0.956694 -0.286038 -0.054024
vn 0.392361 0.091499 0.915249
vn 0.374500 0.097163 0.922122
vn 0.190337 -0.399727 0.896655
vn -0.102534 -0.842404 0.529002
vn -0.946799 0.231635 -0.223421
vn -0.922141 0.324080 -0.211251
vn -0.943201 0.234241 -0.235591
vn -0.939445 0.236808 -0.247720
vn 0.567922 -0.196891 -0.799186
vn 0.548058 -0.266539 -0.792836
vn 0.551405 -0.269638 -0.789461
vn 0.975219 -0.171193 0.140148
vn 0.966864 -0.188165 0.172531
vn 0.974411 0.102385 0.200099
vn 0.919635 -0.180637 0.348772
vn 0.458446 0.141294 0.877418
vn 0.440812 0.165984 0.882119
vn -0.927841 0.335495 -0.162955
vn -0.916450 0.363491 -0.167312
vn -0.894564 0.412452 -0.172160
vn -0.928818 0.351196 -0.118146
vn -0.906069 0.349855 -0.237994
vn -0.908331 0.405920 -0.100813
vn 0.584783 -0.126202 -0.801312
vn 0.641956 -0.132703 -0.755170
vn -0.293142 -0.948533 0.119807
vn -0.145942 -0.814801 -0.561070
vn 0.910284 -0.215094 0.353721
vn 0.909705 -0.215054 0.355230
vn -0.963155 0.256174 -0.081903
vn -0.961227 0.269078 -0.060323
vn -0.137819 0.065949 0.988259
vn 0.074096 -0.270391 -0.959895
vn -0.297425 -0.946920 0.121991
vn 0.988228 -0.085209 0.127060
vn 0.513769 0.211142 0.831541
vn 0.528195 0.554671 0.642923
vn 0.471077 0.195413 0.860175
vn -0.954504 0.256266 -0.152482
vn 0.653403 -0.070125 -0.753756
vn 0.689087 -0.044866 -0.723289
vn 0.318736 0.771916 -0.550048
vn 0.302195 0.944999 -0.125121
vn -0.109048 0.160948 0.980920
vn 0.108962 -0.162297 -0.980707
vn -0.187285 -0.795078 0.576867
vn 0.225341 -0.888235 -0.400326
vn 0.218538 -0.890197 -0.399738
vn -0.166644 -0.188638 0.967804
vn 0.912307 0.406205 0.051896
vn 0.986833 -0.080915 0.140046
vn 0.991639 0.047972 0.119797
vn 0.924259 -0.340173 0.173283
vn 0.976854 -0.151237 0.151276
vn 0.975386 -0.159509 0.152245
vn 0.092954 -0.705250 0.702838
vn 0.265280 -0.135639 0.954583
vn 0.285993 -0.117481 0.951003
vn 0.099791 -0.702763 0.704390
vn -0.978134 0.142486 -0.151498
vn -0.985380 0.090496 -0.144351
vn 0.495555 -0.401685 -0.770113
vn 0.483113 -0.432465 -0.761299
vn 0.956974 -0.240391 0.162521
vn 0.932847 -0.316970 0.171250
vn 0.238676 -0.150310 0.959396
vn 0.269442 -0.029281 0.962571
vn -0.978590 0.140043 -0.150832
vn -0.979855 -0.170874 -0.103378
vn -0.989847 0.038496 -0.136821
vn 0.500679 -0.356071 -0.789008
vn 0.469581 -0.364691 -0.804049
vn -0.148020 -0.980411 0.129940
vn 0.050832 -0.517902 -0.853928
vn -0.088507 -0.986195 0.139949
vn 0.132743 -0.067462 -0.988852
vn 0.125241 -0.073186 -0.989423
vn -0.104915 0.289609 0.951378
vn -0.097126 0.295101 0.950517
vn -0.978817 0.138623 -0.150668
vn 0.282164 0.207829 0.936585
vn 0.503905 -0.104559 -0.857407
vn 0.003448 0.455569 0.890194
vn 0.060498 0.989849 -0.128604
vn 0.783745 0.010424 0.620995
vn 0.424818 0.077691 0.901939
vn 0.937060 -0.183023 -0.297357
vn 0.805502 -0.208518 -0.554696
vn -0.620121 0.158848 0.768256
vn -0.747574 0.158768 0.644923
vn -0.989106 0.062727 -0.133174
vn -0.986759 0.089233 -0.135442
vn 0.205853 -0.257391 -0.944126
vn 0.192947 -0.235467 -0.952537
vn 0.834182 -0.397915 -0.381843
vn 0.970088 -0.196205 0.142944
vn 0.969843 -0.196595 0.144067
vn 0.688408 -0.280219 0.669008
vn 0.059389 0.172149 0.983279
vn -0.088926 0.372063 0.923938
vn -0.074966 0.374988 0.923994
vn -0.633645 0.260245 0.728537
vn -0.962712 0.224212 -0.151377
vn -0.882533 0.436972 -0.173753
vn -0.885196 0.433366 -0.169178
vn 0.235765 -0.127345 -0.963430
vn 0.474453 -0.305297 -0.825644
vn 0.864192 -0.452843 -0.219328
vn 0.824215 -0.195952 0.531293
vn 0.086116 0.009571 0.996239
vn -0.948580 0.000167 0.316538
vn -0.992468 -0.017834 -0.121203
vn 0.784561 -0.280823 -0.552813
vn 0.638510 -0.015752 0.769452
vn -0.764893 0.024679 0.643684
vn -0.992306 -0.008006 -0.123553
vn -0.037669 -0.380338 -0.924080
vn 0.271515 -0.354354 -0.894826
vn 0.210865 -0.508433 -0.834884
vn 0.245536 -0.234320 -0.940641
vn 0.210851 -0.187824 -0.959304
vn 0.029045 0.085720 -0.995896
vn 0.118501 0.107453 -0.987123
vn 0.252537 -0.028834 0.967158
vn 0.015355 -0.212615 -0.977015
vn -0.032941 -0.243971 -0.969223
vn 0.366075 0.749493 0.551588
vn 0.195348 0.483829 -0.853082
vn 0.043021 0.693552 -0.719121
vn 0.497120 0.717084 0.488531
vn 0.493699 -0.109127 -0.862759
vn 0.841297 0.363610 -0.400010
vn 0.792728 0.003968 -0.609563
vn 0.513677 -0.115197 -0.850215
vn 0.212761 -0.027041 -0.976730
vn 0.819384 0.365125 -0.441921
vn 0.777580 0.377146 0.503120
vn 0.689239 0.713008 -0.128720
vn 0.420529 0.879237 -0.223824
vn 0.709043 0.704364 -0.033597
vn 0.135035 -0.006353 -0.990820
vn 0.124248 -0.040632 -0.991419
vn 0.113300 -0.074858 -0.990737
vn -0.053714 0.076205 -0.995644
vn -0.064408 0.038925 -0.997164
vn 0.783632 -0.200707 -0.587910
vn 0.673525 -0.228897 -0.702830
vn 0.668153 -0.365563 -0.648024
vn 0.664473 -0.283574 -0.691420
vn 0.285831 -0.707056 -0.646818
vn 0.383748 -0.527396 -0.758018
vn 0.593622 -0.380569 -0.709069
vn 0.995836 0.063269 -0.065631
vn 0.880600 -0.457201 -0.124545
vn 0.940514 -0.338656 -0.027301
vn -0.568303 0.742100 -0.355414
vn -0.292142 0.849216 -0.439869
vn 0.137758 0.792576 -0.594009
vn -0.185701 0.953300 -0.238189
vn -0.291640 0.877172 -0.381466
vn -0.884450 0.348766 -0.310018
vn -0.000134 -0.022827 -0.999739
vn -0.001083 -0.036588 -0.999330
vn 0.000462 -0.033227 -0.999448
vn -0.000437 -0.021465 -0.999770
vn 0.000463 -0.038883 -0.999244
vn 0.000443 -0.047799 -0.998857
vn 0.003324 -0.046070 -0.998933
vn 0.119657 -0.771833 -0.624465
vn 0.240077 -0.587929 -0.772465
vn 0.558713 0.777730 -0.288054
vn 0.525394 0.846631 -0.084715
vn 0.025980 -0.097535 -0.994893
vn -0.053285 -0.134255 -0.989513
vn 0.289659 -0.117955 -0.949834
vn 0.284436 -0.108743 -0.952508
vn 0.627858 -0.068669 -0.775292
vn 0.116317 -0.077890 -0.990153
vn 0.714427 -0.056821 -0.697400
vn -0.072918 -0.837181 -0.542043
vn -0.036958 -0.929230 -0.367649
vn -0.082057 -0.976849 -0.197567
vn -0.831221 -0.169754 -0.529392
vn -0.602704 -0.067690 -0.795088
vn -0.999877 -0.015485 -0.002638
vn -0.988005 -0.154268 -0.006912
vn -0.334835 0.682985 -0.649167
vn -0.427144 0.778476 -0.459916
vn -0.160796 0.216184 -0.963021
vn 0.004786 0.085295 -0.996344
vn -0.749192 0.125436 -0.650366
vn -0.663607 0.259670 -0.701568
vn -0.450568 0.754527 -0.477156
vn -0.345115 0.551313 -0.759572
vn -0.481657 0.844607 -0.233764
vn -0.830388 0.490836 -0.263697
vn 0.125930 0.948022 -0.292225
vn 0.111682 0.954836 -0.275345
vn -0.976504 -0.006612 -0.215397
vn 0.296451 0.953269 -0.058263
vn 0.309956 0.950211 -0.032040
vn 0.567286 0.557583 -0.606043
vn -0.009887 -0.039608 -0.999166
vn -0.919296 -0.279930 -0.276647
vn -0.787726 -0.587864 -0.184129
vn -0.917185 -0.326120 -0.228949
vn -0.924339 -0.302370 -0.232743
vn -0.141803 -0.623438 -0.768907
vn -0.018121 -0.673022 -0.739400
vn -0.071594 -0.011834 0.997364
vn 0.115618 -0.091480 0.989072
vn -0.024758 0.000157 0.999693
vn 0.041053 0.999115 -0.009123
vn -0.104321 0.986858 0.123400
vn 0.375637 0.923751 -0.074702
vn 0.364834 0.930829 -0.021310
vn 0.543601 0.839338 -0.003038
vn 0.978101 0.208091 -0.004152
vn 0.700243 -0.712323 -0.047489
vn 0.670677 -0.675766 -0.305831
vn 0.682689 -0.566235 -0.461858
vn 0.703175 -0.709080 -0.052439
vn -0.909479 -0.346676 -0.229487
vn -0.917214 -0.329127 -0.224486
vn 0.253291 0.921254 0.295187
vn 0.099746 0.960797 0.258689
vn 0.132736 0.769895 0.624214
vn 0.132283 0.646647 0.751232
vn 0.245482 0.951438 0.185753
vn 0.383259 0.587479 0.712727
vn 0.176782 0.863280 0.472753
vn 0.426527 0.850800 0.306944
vn 0.633878 0.764361 0.118118
vn 0.372474 0.927368 0.035372
vn 0.005579 -0.045988 -0.998926
vn -0.807744 -0.443364 0.388559
vn -0.674515 -0.457997 -0.579023
vn -0.587640 -0.663370 -0.463270
vn -0.546919 -0.764371 0.341492
vn -0.612761 0.643317 -0.458986
vn -0.805432 0.533099 -0.259007
vn -0.328322 0.936188 -0.125527
vn -0.200179 0.916226 -0.347072
vn -0.950509 0.053235 -0.306102
vn -0.884465 -0.365373 -0.290213
vn -0.910995 -0.409658 -0.047630
vn -0.997468 -0.011294 -0.070212
vn 0.367764 0.828727 0.421854
vn 0.245800 0.969191 -0.015844
vn 0.968569 0.243989 -0.048418
vn 0.903564 0.298906 -0.306966
vn 0.990727 0.135869 0.000193
vn 0.956553 0.291506 0.005539
vn -0.158505 0.891061 0.425308
vn -0.218458 0.771453 0.597609
vn -0.325104 0.742340 0.585865
vn 0.712120 0.698187 0.073617
vn -0.390172 0.900278 -0.193042
vn 0.467181 0.884003 0.016743
vn -0.692703 0.718785 -0.059248
vn 0.866111 -0.112349 0.487062
vn 0.825869 -0.036890 0.562654
vn 0.996371 -0.065093 0.054838
vn 0.996324 -0.063468 0.057529
vn 0.979711 0.041168 0.196141
vn 0.993981 0.019097 0.107879
vn 0.580912 -0.133260 -0.802984
vn 0.706764 -0.188874 -0.681770
vn 0.690736 -0.071368 -0.719576
vn 0.677164 -0.151443 -0.720079
vn 0.686187 -0.364788 -0.629347
vn 0.075449 0.994857 0.067578
vn 0.708694 0.702092 -0.069424
vn -0.229907 0.677977 -0.698205
vn 0.101268 0.992395 0.069974
vn 0.797555 -0.391073 -0.459312
vn 0.815869 0.572452 -0.081590
vn 0.894158 0.447751 0.000716
vn 0.445461 -0.176519 -0.877728
vn 0.393814 -0.067850 -0.916683
vn 0.384980 -0.175044 -0.906173
vn 0.826350 0.199425 -0.526665
vn 0.864675 -0.141886 -0.481877
vn 0.597659 -0.450412 -0.663274
vn 0.418487 0.904094 -0.086506
vn 0.923048 0.341795 -0.176515
vn 0.378685 -0.182599 -0.907334
vn 0.462469 0.469663 0.752024
vn -0.597774 -0.008605 0.801618
vn -0.581966 -0.041507 0.812153
vn -0.670034 0.066188 -0.739374
vn -0.696796 0.149254 -0.701569
vn 0.294689 0.951492 -0.088440
vn 0.321916 0.946082 -0.036042
vn 0.262637 -0.096721 0.960035
vn -0.602641 0.797815 0.017775
vn -0.643023 0.764827 0.039502
vn 0.330987 0.919304 -0.212903
vn 0.190935 0.970694 -0.145935
vn 0.047554 0.995995 -0.075716
vn 0.671778 0.740722 0.006747
vn 0.640556 0.767823 -0.011678
vn 0.376824 0.925484 -0.038506
vn 0.129822 0.934040 -0.332738
vn 0.303243 0.937436 -0.171051
vn 0.562514 0.546063 -0.620801
vn -0.263884 0.469496 -0.842579
vn 0.954960 0.279758 -0.098930
vn 0.951516 0.244676 -0.186418
vn 0.010491 0.022005 -0.999703
vn 0.010920 0.020744 -0.999725
vn -0.462340 0.019799 -0.886482
vn -0.869124 0.046396 -0.492414
vn -0.300221 0.013633 -0.953772
vn -0.465484 0.024693 -0.884712
vn 0.053915 -0.005161 -0.998532
vn 0.482786 0.098955 -0.870130
vn 0.055059 0.180990 -0.981943
vn -0.969449 0.064267 -0.236723
vn -0.970087 0.055053 -0.236432
vn -0.968833 0.059697 -0.240414
vn 0.038954 0.998262 -0.044233
vn -0.950928 -0.093710 -0.294881
vn -0.953952 -0.086878 -0.287104
vn -0.624087 -0.080098 -0.777238
vn -0.631296 -0.071061 -0.772280
vn -0.000595 -0.048917 -0.998803
vn -0.630036 0.541057 0.557056
vn -0.690312 -0.005856 0.723489
vn -0.350721 -0.043546 0.935467
vn -0.819837 0.381404 -0.427081
vn -0.422357 0.000100 -0.906430
vn -0.311908 -0.380553 0.870570
vn -0.929489 0.364534 0.056266
vn 0.408889 0.750316 -0.519456
vn 0.826577 0.420120 -0.374526
vn 0.320447 0.075843 -0.944225
vn 0.343133 -0.004420 -0.939276
vn 0.868450 -0.494806 -0.030995
vn 0.472778 -0.073266 -0.878130
vn 0.456569 -0.551251 -0.698332
vn 0.069120 -0.927344 -0.367771
vn -0.205588 -0.160353 -0.965412
vn -0.701583 0.372892 -0.607234
vn -0.161117 0.009317 -0.986891
vn -0.998951 0.045444 0.005627
vn -0.500538 0.865715 0.000021
vn -0.479628 0.877151 -0.023740
vn -0.923316 -0.383767 0.014524
vn -0.927023 -0.375001 -0.001302
vn -0.906705 -0.421692 0.007852
vn -0.959235 -0.282288 -0.013450
vn -0.961290 -0.275067 -0.016093
vn -0.300666 0.530413 -0.792630
vn -0.035816 0.167991 -0.985138
vn -0.335758 0.106679 -0.935888
vn -0.107758 -0.160295 -0.981170
vn -0.052598 -0.171430 -0.983791
vn -0.622528 0.781578 0.039933
vn -0.680054 0.720407 -0.136164
vn -0.497269 0.832566 -0.244043
vn -0.809153 0.533787 0.245647
vn -0.892322 -0.450640 0.026188
vn -0.878570 -0.471045 0.078940
vn -0.898736 -0.438488 -0.001348
vn -0.201904 -0.163767 -0.965617
vn -0.714449 -0.669762 -0.202439
vn -0.011033 -0.588660 -0.808306
vn -0.247146 -0.484539 -0.839131
vn -0.788580 -0.612464 0.055044
vn -0.827534 -0.530806 0.182846
vn -0.904511 -0.425609 0.026766
vn -0.384547 -0.922925 0.018259
vn -0.437918 -0.896032 -0.073176
vn -0.661398 -0.749262 0.034038
vn -0.709450 -0.704236 -0.027062
vn 0.858832 -0.212862 -0.465936
vn 0.888629 -0.074317 -0.452565
vn 0.875894 0.000578 -0.482502
vn 0.544531 -0.514539 -0.662371
vn 0.972428 -0.232665 0.015811
vn -0.017366 -0.999849 -0.000479
vn -0.017940 -0.999837 0.002084
vn 0.229370 -0.480945 -0.846216
vn 0.530749 -0.402854 -0.745663
vn 0.779746 -0.196787 -0.594366
vn 0.368007 -0.900240 0.232676
vn 0.681148 -0.722862 0.116222
vn 0.728000 -0.544034 -0.417184
vn 0.182814 -0.692852 -0.697521
vn 0.282785 -0.713262 -0.641319
vn -0.438194 0.750623 -0.494521
vn -0.762965 -0.564577 -0.314861
vn -0.422846 -0.451065 0.785965
vn 0.945135 -0.326676 -0.001896
vn 0.685740 -0.508219 -0.521031
vn 0.462246 0.055008 -0.885044
vn 0.359823 0.005388 -0.933005
vn 0.863242 -0.050730 -0.502235
vn 0.862740 -0.036718 -0.504314
vn 0.991534 0.129831 0.001898
vn 0.283171 -0.959069 -0.000000
vn 0.541863 0.840396 0.010916
vn 0.873735 0.486226 0.013098
vn -0.606854 -0.794812 0.001295
vn 0.305896 0.141370 -0.941511
vn -0.959941 -0.280203 0.000487
vn -0.959026 -0.283317 -0.000081
vn 0.034852 0.694383 0.718762
vn 0.208480 0.482466 0.850742
vn 0.344713 0.761235 -0.549267
vn 0.499797 0.717142 -0.485706
vn 0.493699 -0.109128 0.862758
vn 0.792728 0.003969 0.609563
vn 0.841300 0.363609 0.400003
vn 0.212767 -0.027017 0.976729
vn 0.513675 -0.115197 0.850216
vn 0.837606 0.347681 0.421348
vn 0.754207 0.396462 -0.523441
vn 0.687868 0.713982 0.130642
vn 0.705976 0.707348 0.035465
vn 0.416976 0.879854 0.228011
vn 0.173917 -0.093818 0.980281
vn 0.188000 -0.048747 0.980959
vn 0.201663 -0.003567 0.979448
vn -0.074312 0.080429 0.993986
vn -0.095976 0.046300 0.994306
vn 0.668156 -0.365564 0.648020
vn 0.673524 -0.228893 0.702833
vn 0.783632 -0.200703 0.587910
vn 0.664479 -0.283580 0.691412
vn 0.285841 -0.707035 0.646836
vn 0.593626 -0.380562 0.709070
vn 0.383747 -0.527391 0.758022
vn 0.940514 -0.338656 0.027301
vn 0.880600 -0.457201 0.124545
vn 0.137775 0.792558 0.594028
vn -0.292126 0.849209 0.439893
vn -0.568301 0.742100 0.355417
vn -0.291650 0.877176 0.381448
vn -0.185713 0.953302 0.238173
vn -0.884451 0.348771 0.310010
vn -0.000132 -0.022827 0.999739
vn -0.000440 -0.021462 0.999770
vn 0.000462 -0.033227 0.999448
vn -0.001081 -0.036591 0.999330
vn 0.000455 -0.038882 0.999244
vn 0.003309 -0.046072 0.998933
vn 0.000439 -0.047801 0.998857
vn 0.119654 -0.771814 0.624489
vn 0.240065 -0.587927 0.772471
vn 0.557863 0.776264 0.293603
vn 0.525415 0.846616 0.084737
vn 0.289684 -0.117892 0.949834
vn -0.053311 -0.134226 0.989516
vn 0.025961 -0.097575 0.994889
vn 0.627874 -0.068703 0.775277
vn 0.284497 -0.108741 0.952490
vn 0.116312 -0.077995 0.990146
vn 0.714421 -0.056839 0.697404
vn -0.036970 -0.929205 0.367712
vn -0.072922 -0.837164 0.542069
vn -0.082069 -0.976838 0.197616
vn -0.831233 -0.169765 0.529369
vn -0.999867 -0.016074 0.002887
vn -0.999886 -0.014894 0.002391
vn -0.602755 -0.067782 0.795042
vn -0.427146 0.778474 0.459918
vn -0.334843 0.682981 0.649167
vn -0.160809 0.216188 0.963018
vn 0.004782 0.085291 0.996345
vn -0.749192 0.125430 0.650368
vn -0.663608 0.259672 0.701566
vn -0.450572 0.754545 0.477123
vn -0.481661 0.844612 0.233736
vn -0.345118 0.551325 0.759562
vn -0.830382 0.490837 0.263713
vn 0.105410 0.955708 0.274794
vn 0.125690 0.945746 0.299612
vn -0.976504 -0.006610 0.215398
vn 0.296439 0.953278 0.058186
vn 0.567297 0.557599 0.606018
vn 0.309961 0.950209 0.032049
vn -0.009891 -0.039610 0.999166
vn -0.919298 -0.279926 0.276647
vn -0.787727 -0.587863 0.184131
vn -0.924338 -0.302374 0.232744
vn -0.917185 -0.326119 0.228951
vn -0.141787 -0.623443 0.768906
vn -0.018130 -0.673017 0.739405
vn -0.016440 0.035732 -0.999226
vn 0.126910 -0.075479 -0.989038
vn -0.208181 -0.014416 -0.977984
vn 0.364834 0.930829 0.021294
vn 0.375636 0.923751 0.074708
vn -0.125761 0.976788 -0.173407
vn 0.385734 0.921650 0.042075
vn 0.978101 0.208091 0.004154
vn 0.703175 -0.709079 0.052460
vn 0.682697 -0.566225 0.461860
vn 0.670677 -0.675764 0.305835
vn 0.708630 -0.704159 0.044753
vn -0.917213 -0.329127 0.224489
vn -0.909481 -0.346669 0.229488
vn 0.253289 0.921261 -0.295166
vn 0.132301 0.646677 -0.751203
vn 0.132755 0.769945 -0.624148
vn 0.199506 0.966139 -0.163624
vn 0.245462 0.951444 -0.185749
vn 0.426533 0.850794 -0.306952
vn 0.176783 0.863287 -0.472740
vn 0.383245 0.587512 -0.712708
vn 0.372478 0.927367 -0.035372
vn 0.633922 0.764321 -0.118134
vn 0.005584 -0.045994 0.998926
vn -0.587647 -0.663375 0.463254
vn -0.674522 -0.457999 0.579013
vn -0.807737 -0.443368 -0.388568
vn -0.546916 -0.764366 -0.341508
vn -0.612755 0.643321 0.458987
vn -0.200166 0.916236 0.347052
vn -0.327725 0.936388 0.125595
vn -0.328923 0.935991 0.125418
vn -0.950510 0.053229 0.306101
vn -0.895497 -0.441035 0.059776
vn -0.925239 -0.377729 0.035411
vn -0.884460 -0.365390 0.290209
vn 0.367756 0.828718 -0.421880
vn 0.176046 0.984307 -0.012172
vn 0.245800 0.969191 0.015849
vn 0.903563 0.298910 0.306964
vn 0.968567 0.243995 0.048415
vn 0.956553 0.291506 -0.005533
vn -0.325087 0.742362 -0.585847
vn -0.354367 0.732519 -0.581240
vn -0.104828 0.877685 -0.467632
vn 0.712121 0.698186 -0.073617
vn -0.390167 0.900280 0.193044
vn -0.007113 0.999973 0.001582
vn 0.032092 0.999387 0.013964
vn 0.866111 -0.112348 -0.487062
vn 0.825866 -0.036886 -0.562658
vn 0.996324 -0.063468 -0.057532
vn 0.996408 -0.066718 -0.052148
vn -0.904749 0.420651 0.066945
vn -0.903396 0.422888 0.071005
vn 0.979711 0.041163 -0.196143
vn 0.993980 0.019094 -0.107883
vn 0.238823 -0.031019 0.970568
vn 0.706763 -0.188858 0.681776
vn 0.580913 -0.133255 0.802984
vn 0.690739 -0.071370 0.719574
vn 0.686178 -0.364794 0.629353
vn 0.677166 -0.151446 0.720077
vn -0.229938 0.678000 0.698173
vn 0.708697 0.702095 0.069361
vn 0.075407 0.994855 -0.067659
vn 0.101183 0.992399 -0.070050
vn 0.797552 -0.391080 0.459312
vn 0.894158 0.447751 -0.000729
vn 0.815854 0.572473 0.081587
vn 0.393816 -0.067830 0.916683
vn 0.445475 -0.176529 0.877719
vn 0.384980 -0.175048 0.906172
vn 0.826347 0.199420 0.526671
vn 0.864677 -0.141885 0.481875
vn 0.597645 -0.450423 0.663279
vn 0.923049 0.341792 0.176518
vn 0.418573 0.904052 0.086529
vn 0.378681 -0.182600 0.907336
vn 0.462441 0.469633 -0.752059
vn -0.581953 -0.041503 -0.812162
vn -0.597779 -0.008566 -0.801615
vn -0.696795 0.149213 0.701578
vn -0.670043 0.066204 0.739364
vn 0.294682 0.951509 0.088284
vn 0.321943 0.946072 0.036059
vn 0.262633 -0.096720 -0.960036
vn -0.643024 0.764826 -0.039515
vn -0.602608 0.797839 -0.017772
vn 0.330974 0.919313 0.212884
vn 0.190926 0.970695 0.145940
vn 0.047527 0.995996 0.075714
vn 0.640557 0.767822 0.011700
vn 0.671825 0.740680 -0.006753
vn 0.562511 0.546059 0.620807
vn 0.303250 0.937439 0.171022
vn 0.129832 0.934036 0.332746
vn -0.263878 0.469484 0.842587
vn 0.954958 0.279755 0.098952
vn 0.951514 0.244680 0.186421
vn 0.010922 0.020751 0.999725
vn 0.010499 0.021995 0.999703
vn -0.465505 0.024699 0.884701
vn -0.211394 0.010103 0.977349
vn -0.785921 0.042327 0.616876
vn -0.462351 0.019790 0.886476
vn 0.055059 0.181013 0.981938
vn 0.720258 0.097328 0.686845
vn 0.053919 -0.005151 0.998532
vn 0.965830 0.258065 -0.023981
vn -0.968832 0.059700 0.240416
vn -0.969449 0.064272 0.236724
vn 0.077243 0.995102 0.061693
vn 0.000565 0.999643 0.026725
vn -0.953950 -0.086880 0.287108
vn -0.950927 -0.093710 0.294883
vn -0.631294 -0.071064 0.772281
vn -0.624090 -0.080095 0.777236
vn -0.000588 -0.048922 0.998802
vn -0.630040 0.541065 -0.557044
vn -0.350710 -0.043544 -0.935471
vn -0.690306 -0.005850 -0.723494
vn -0.819848 0.381416 0.427050
vn -0.422366 0.000094 0.906425
vn -0.311906 -0.380554 -0.870571
vn -0.929487 0.364538 -0.056270
vn 0.408883 0.750321 0.519454
vn 0.343135 -0.004378 0.939276
vn 0.320460 0.075837 0.944222
vn 0.826587 0.420111 0.374515
vn 0.688780 -0.723556 0.045263
vn 0.698132 -0.715454 0.027155
vn 0.472790 -0.073266 0.878124
vn 0.456573 -0.551262 0.698320
vn 0.069151 -0.927317 0.367833
vn -0.205599 -0.160397 0.965402
vn -0.701580 0.372901 0.607231
vn -0.161112 0.009332 0.986892
vn -0.479613 0.877159 0.023738
vn -0.923317 -0.383763 -0.014516
vn -0.927023 -0.375001 0.001302
vn -0.961288 -0.275075 0.016091
vn -0.957120 -0.289491 0.010806
vn -0.300659 0.530422 0.792627
vn -0.335764 0.106679 0.935886
vn -0.035816 0.167992 0.985137
vn -0.052615 -0.171438 0.983789
vn -0.107753 -0.160307 0.981168
vn -0.622538 0.781570 -0.039931
vn -0.497265 0.832569 0.244044
vn -0.680075 0.720390 0.136151
vn -0.809161 0.533780 -0.245634
vn -0.898735 -0.438489 0.001348
vn -0.892322 -0.450640 -0.026186
vn -0.201909 -0.163768 0.965615
vn -0.714460 -0.669740 0.202472
vn -0.247150 -0.484548 0.839125
vn -0.011066 -0.588660 0.808305
vn -0.788581 -0.612461 -0.055050
vn -0.904510 -0.425612 -0.026764
vn -0.827536 -0.530806 -0.182839
vn -0.384556 -0.922921 -0.018290
vn -0.437927 -0.896030 0.073143
vn -0.709463 -0.704224 0.027056
vn -0.661394 -0.749264 -0.034064
vn 0.858836 -0.212864 0.465929
vn 0.888632 -0.074320 0.452559
vn 0.875897 0.000580 0.482497
vn 0.544542 -0.514549 0.662354
vn -0.017598 -0.999845 0.000680
vn -0.017948 -0.999837 -0.002120
vn 0.229373 -0.480957 0.846208
vn 0.779746 -0.196785 0.594366
vn 0.530751 -0.402850 0.745664
vn 0.368028 -0.900236 -0.232662
vn 0.681135 -0.722875 -0.116222
vn 0.728004 -0.544038 0.417172
vn 0.282791 -0.713275 0.641302
vn 0.182805 -0.692863 0.697513
vn -0.438188 0.750638 0.494503
vn -0.762960 -0.564584 0.314860
vn -0.422848 -0.451065 -0.785964
vn 0.996638 0.080949 0.012672
vn 0.685744 -0.508219 0.521026
vn 0.995630 0.092880 -0.009744
vn 0.462231 0.055004 0.885052
vn 0.359822 0.005392 0.933005
vn 0.863237 -0.050754 0.502241
vn 0.862733 -0.036698 0.504326
vn 0.281228 -0.959640 0.001627
vn 0.027788 0.999610 -0.002833
vn 0.734657 0.678333 -0.011924
vn 0.747579 0.663988 -0.015713
vn 0.963665 0.266769 -0.013553
vn 0.960746 0.276837 -0.018136
vn 0.305897 0.141319 0.941518
vn -0.686195 0.031718 -0.726726
vn -0.120433 0.006631 -0.992699
vn 0.894691 -0.004740 -0.446660
vn 0.998876 -0.027967 -0.038280
vn -0.970742 0.045567 -0.235761
vn -0.298961 0.013702 0.954167
vn -0.870070 0.040789 0.491237
vn 0.479963 0.006237 0.877267
vn 0.999585 -0.027987 -0.006831
vn 0.999196 0.016108 0.036700
vn -0.970672 0.045288 0.236102
vn 0.977126 0.212609 0.004738
vn 0.977126 0.212609 -0.004738
vn 0.690425 -0.644836 0.327871
vn 0.148573 -0.950108 0.274266
vn 0.148846 -0.951163 0.270434
vn 0.763388 -0.644778 -0.038726
vn 0.979154 0.072656 -0.189681
vn 0.939867 0.211314 0.268323
vn 0.077948 -0.527698 -0.845848
vn 0.714183 -0.261628 -0.649225
vn 0.385926 -0.531718 -0.753881
vn 0.039665 -0.279685 -0.959272
vn -0.960812 -0.173914 0.215855
vn -0.926289 -0.291955 -0.238224
vn -0.985022 -0.172158 -0.009606
vn 0.436766 0.083947 0.895649
vn -0.611999 -0.113412 0.782684
vn -0.355976 0.210810 0.910407
vn 0.617849 -0.030638 0.785700
vn 0.982586 -0.115992 -0.145159
vn 0.939029 0.009166 0.343715
vn 0.509194 -0.552254 -0.660104
vn -0.002325 -0.631178 -0.775635
vn -0.866893 -0.345604 0.359242
vn -0.786998 -0.550388 -0.278761
vn -0.261389 -0.199826 0.944323
vn 0.526103 -0.053033 0.848766
vn 0.148381 -0.947440 0.283445
vn -0.866942 -0.000152 0.498409
vn -0.821926 -0.288011 -0.491413
vn -0.822530 -0.288036 -0.490387
vn -0.720364 -0.590971 -0.363082
vn -0.677441 -0.599488 -0.426248
vn 0.844517 0.436998 -0.309553
vn 0.664755 0.659657 -0.350648
vn 0.649798 0.759931 -0.016353
vn 0.873523 0.462044 0.153207
vn 0.637895 0.219969 -0.738040
vn 0.197833 0.005575 -0.980220
vn 0.338583 0.381582 -0.860091
vn -0.918407 0.360325 0.163382
vn -0.746317 0.643686 0.169348
vn -0.740394 0.488021 -0.462226
vn -0.936169 -0.010004 -0.351408
vn -0.659576 0.322301 0.679030
vn -0.189189 0.471571 0.861294
vn -0.376973 0.658348 0.651514
vn 0.308830 0.782853 0.540153
vn 0.586581 0.589607 0.555235
vn -0.704828 0.324088 -0.631018
vn -0.717220 -0.017398 -0.696629
vn 0.988859 0.001328 -0.148851
vn 0.971107 0.030556 0.236680
vn -0.105320 -0.384973 -0.916899
vn -0.156493 -0.025873 -0.987340
vn 0.275095 -0.346758 -0.896706
vn 0.807665 -0.174534 -0.563218
vn -0.876637 -0.271497 0.397237
vn -0.832487 -0.483576 -0.270406
vn -0.170696 0.140004 0.975327
vn 0.203789 0.192122 0.959979
vn 0.156280 0.523588 0.837516
vn -0.567136 -0.076271 0.820085
vn 0.756844 0.175623 0.629558
vn -0.658352 -0.548096 -0.515910
vn -0.664103 -0.624303 -0.411356
vn -0.350839 -0.307640 -0.884460
vn -0.384375 -0.302738 -0.872127
vn -0.335273 -0.014388 -0.942011
vn 0.088049 0.300353 -0.949755
vn -0.290255 -0.584506 -0.757697
vn 0.150415 0.911797 -0.382100
vn 0.135441 0.965700 -0.221537
vn 0.055944 -0.190878 -0.980018
vn 0.096204 -0.194886 -0.976096
vn 0.112076 -0.228272 -0.967125
vn 0.041174 -0.270965 -0.961708
vn -0.098154 0.273971 0.956716
vn -0.070096 0.271316 0.959934
vn -0.066739 0.269519 0.960680
vn -0.056170 0.222708 0.973266
vn 0.751335 0.641306 -0.155637
vn 0.352734 0.901655 -0.250192
vn -0.658824 0.713071 -0.239752
vn -0.279120 -0.924647 0.259074
vn -0.669765 -0.720079 0.181385
vn -0.959706 -0.278256 0.039222
vn -0.972710 -0.230627 0.025437
vn -0.972654 -0.230980 0.024333
vn -0.926183 -0.370967 0.067586
vn 0.926382 0.370561 -0.067087
vn 0.972867 0.230137 -0.023800
vn 0.246523 0.932888 -0.262576
vn 0.738255 0.655451 -0.159262
vn 0.894955 0.437410 -0.087905
vn -0.277409 -0.919533 0.278394
vn -0.278751 -0.917522 0.283641
vn -0.278388 -0.917313 0.284669
vn -0.331170 0.766470 -0.550318
vn -0.465767 0.840385 0.277153
vn 0.292274 0.956229 -0.014230
vn 0.196611 0.627775 -0.753156
vn 0.888033 -0.443273 -0.122096
vn 0.881584 -0.299926 0.364491
vn 0.807011 -0.521634 0.276823
vn 0.770585 -0.590109 -0.240768
vn -0.576021 -0.450322 -0.682209
vn -0.213808 -0.736590 -0.641655
vn -0.072321 -0.266283 -0.961178
vn -0.603893 -0.254628 -0.755300
vn -0.945952 0.228343 0.230290
vn -0.965133 0.099544 -0.242091
vn -0.991687 -0.093371 -0.088541
vn -0.914766 0.107634 0.389382
vn 0.297416 -0.278711 0.913162
vn -0.610382 0.046609 0.790735
vn -0.414473 0.153977 0.896941
vn 0.499850 -0.096056 0.860769
vn 0.940022 0.119031 -0.319672
vn 0.989264 0.080357 0.122060
vn 0.925899 0.353625 0.132891
vn 0.925699 0.160303 -0.342614
vn -0.166759 0.454255 -0.875125
vn -0.269959 0.396735 -0.877339
vn 0.113581 0.357494 -0.926983
vn 0.017418 0.035382 -0.999222
vn -0.778378 0.557815 -0.288044
vn -0.668075 0.580683 -0.465278
vn -0.643288 0.765134 0.027403
vn -0.736492 0.663259 0.132913
vn 0.516544 0.659436 0.546193
vn -0.207927 0.874187 0.438820
vn -0.165759 0.717779 0.676252
vn 0.556467 0.570177 0.604354
vn 0.957489 -0.288239 0.011523
vn -0.396162 0.195708 -0.897081
vn -0.083098 -0.291873 -0.952841
vn 0.718377 0.011165 0.695564
vn -0.297551 0.531768 0.792897
vn 0.768282 -0.567645 -0.295842
vn 0.878566 -0.378418 0.291414
vn -0.529777 -0.451768 -0.717804
vn -0.182593 -0.633173 -0.752164
vn -0.911205 0.196921 0.361838
vn -0.976380 -0.008555 -0.215889
vn -0.398393 -0.106140 0.911053
vn 0.419800 -0.124483 0.899040
vn -0.280385 -0.911822 0.299942
vn -0.280872 -0.912105 0.298622
vn 0.131203 0.409327 -0.902905
vn 0.246188 0.816237 0.522636
vn 0.248719 0.819434 0.516397
vn 0.761909 -0.390096 -0.517030
vn 0.627785 0.636966 -0.447392
vn 0.591486 0.608721 -0.528775
vn 0.833233 -0.385443 -0.396431
vn 0.822965 -0.392162 -0.411020
vn 0.895021 -0.132271 0.425960
vn 0.451074 -0.858942 -0.242387
vn 0.419682 -0.863067 -0.281038
vn 0.725666 -0.388759 -0.567694
vn 0.572628 -0.798792 0.184469
vn -0.913395 -0.367949 0.174135
vn 0.483204 -0.835333 -0.262170
vn 0.480902 -0.835723 -0.265143
vn -0.848189 -0.451448 -0.277074
vn -0.847414 -0.452130 -0.278330
vn -0.783573 -0.205069 0.586481
vn -0.782582 -0.205019 0.587821
vn 0.544827 -0.593162 0.592725
vn 0.543081 -0.591933 0.595549
vn -0.890148 0.129670 -0.436832
vn -0.959583 0.281317 -0.007842
vn -0.895676 0.440881 -0.058217
vn -0.457445 -0.050747 -0.887789
vn 0.367227 -0.370276 -0.853252
vn 0.852558 -0.222674 -0.472822
vn 0.889975 -0.130723 0.436871
vn 0.500424 0.196683 0.843144
vn 0.068291 0.273568 0.959425
vn -0.802998 0.586358 -0.106668
vn -0.749772 0.402631 -0.525100
vn 0.382350 -0.215574 -0.898519
vn 0.920823 0.180018 0.345946
vn 0.954422 -0.075916 -0.288643
vn 0.806304 0.115400 0.580135
vn 0.893280 0.084045 0.441574
vn 0.891608 -0.108004 -0.439738
vn -0.954443 0.076490 0.288424
vn -0.891752 0.108426 0.439344
vn -0.893500 -0.083173 -0.441294
vn -0.806612 -0.114585 -0.579868
vn 0.411947 -0.199403 -0.889122
vn 0.310258 -0.206412 -0.927973
vn -0.595360 -0.162705 -0.786812
vn -0.002018 -0.212808 -0.977092
vn 0.204929 -0.210967 -0.955770
vn 0.208945 0.205413 0.956110
vn 0.314130 0.197965 0.928511
vn -0.310626 0.206452 0.927841
vn 0.415549 0.188224 0.889883
vn 0.075377 0.263996 0.961574
vn 0.074924 0.275227 0.958455
vn -0.079251 -0.276968 -0.957605
vn -0.072556 -0.267656 -0.960779
vn -0.056722 -0.113658 -0.991899
vn 0.160694 -0.282068 -0.945841
vn 0.063409 -0.267748 -0.961400
vn 0.070106 -0.271338 -0.959928
vn -0.160682 0.282034 0.945853
vn 0.056745 0.113650 0.991899
vn -0.182237 0.183996 0.965886
vn -0.041139 0.270953 0.961713
vn -0.561640 0.825127 0.061031
vn -0.861466 0.506135 0.041265
vn -0.728463 0.683555 0.045759
vn -0.648791 0.760926 -0.007846
vn -0.517516 0.852349 0.075353
vn -0.191926 0.976528 0.097764
vn -0.175961 0.978446 0.108080
vn -0.809542 0.585673 0.040360
vn 0.671814 -0.651059 -0.353253
vn 0.065287 -0.218458 -0.973660
vn 0.853270 0.391827 -0.344097
vn 0.964754 0.259487 -0.043778
vn 0.520260 -0.853997 0.004418
vn 0.977627 0.186540 -0.097207
vn 0.854077 -0.469562 0.223749
vn 0.387734 -0.860085 0.331535
vn 0.179534 -0.789125 0.587409
vn 0.948945 0.271480 -0.160629
vn 0.795092 -0.493268 0.352868
vn 0.794914 -0.296334 0.529433
vn 0.274937 -0.435643 0.857103
vn 0.505850 -0.694941 0.511050
vn 0.993826 -0.107106 -0.028952
vn 0.468460 -0.276888 0.838975
vn 0.895666 -0.108874 0.431195
vn 0.906240 0.006790 -0.422710
vn 0.926078 -0.103903 0.362744
vn 0.484594 -0.066919 0.872176
vn 0.919083 -0.001664 0.394060
vn 0.468673 0.152368 0.870132
vn 0.898727 0.092500 -0.428642
vn -0.371714 0.170705 0.912518
vn -0.912180 0.027300 0.408879
vn -0.569933 -0.168366 0.804257
vn -0.569975 -0.715858 -0.403330
vn -0.563464 -0.234918 0.792037
vn -0.384259 -0.573010 0.723881
vn 0.059179 0.136173 -0.988916
vn 0.047327 0.183834 -0.981817
vn 0.067592 0.447713 -0.891619
vn 0.099096 0.791659 -0.602873
vn 0.077228 0.911095 -0.404896
vn 0.030806 0.991597 -0.125643
vn 0.046579 0.828727 -0.557711
vn 0.616530 0.423033 -0.664028
vn -0.995754 0.057493 -0.071898
vn -0.981128 0.181411 -0.066913
vn -0.799094 0.162401 -0.578857
vn -0.819913 0.030739 -0.571662
vn -0.998966 -0.002460 -0.045391
vn -0.804760 0.257214 -0.534979
vn -0.471205 0.706878 -0.527532
vn -0.405409 0.811662 -0.420533
vn -0.513439 0.837628 -0.186439
vn -0.571989 0.726398 -0.381018
vn -0.516856 0.413217 -0.749741
vn -0.645326 0.164204 -0.746050
vn -0.743514 -0.661536 -0.097762
vn -0.937467 -0.304677 -0.168307
vn -0.925709 -0.348650 -0.146652
vn -0.976313 -0.212812 -0.039033
vn -0.948172 -0.316688 0.026034
vn -0.956205 -0.163340 -0.242883
vn -0.367289 -0.884547 0.287532
vn -0.826296 -0.456496 0.329919
vn -0.997103 0.029089 0.070282
vn -0.987997 -0.150497 0.034815
vn -0.601107 -0.676950 0.424747
vn -0.988508 -0.144969 0.042840
vn -0.839733 -0.538733 0.067937
vn -0.841097 -0.287009 0.458456
vn -0.939020 -0.124038 0.320711
vn -0.832960 -0.123513 0.539372
vn -0.829309 -0.163880 0.534219
vn -0.889327 -0.207337 0.407565
vn -0.923278 -0.057239 0.379843
vn -0.847308 -0.453933 0.275706
vn 0.029064 0.927050 -0.373810
vn 0.026832 0.928064 -0.371454
vn -0.011305 0.975162 0.221203
vn 0.042441 0.764698 -0.642989
vn 0.040823 0.763176 -0.644900
vn 0.660429 -0.662222 -0.353972
vn 0.059855 -0.233374 -0.970543
vn 0.848978 0.391925 -0.354444
vn 0.966119 0.255647 -0.035476
vn 0.516608 -0.856183 0.008123
vn 0.978635 0.186122 -0.087359
vn -0.562576 -0.724334 -0.398559
vn 0.075507 0.912238 -0.402642
vn 0.023444 0.991770 -0.125868
vn 0.036063 0.828377 -0.559009
vn 0.600005 0.428474 -0.675577
vn -0.654197 0.143664 -0.742554
vn -0.734550 -0.670562 -0.103838
vn -0.930323 -0.326692 -0.166648
vn -0.916267 -0.374283 -0.142713
vn -0.971803 -0.233571 -0.032294
vn -0.946483 -0.322397 0.015149
vn -0.948533 -0.175528 -0.263580
vn -0.366648 -0.886090 0.283572
vn -0.840622 -0.537359 0.067824
vn -0.848116 -0.452675 0.275290
vn 0.631137 -0.692793 -0.348861
vn 0.058853 -0.234705 -0.970283
vn 0.871732 0.348513 -0.344417
vn 0.978040 0.206846 -0.025531
vn 0.474796 -0.880039 0.010011
vn 0.987604 0.136337 -0.077778
vn 0.828204 -0.511373 0.229294
vn 0.343740 -0.878434 0.331959
vn 0.136224 -0.798140 0.586869
vn 0.963238 0.222032 -0.151240
vn 0.767059 -0.532762 0.357470
vn 0.775416 -0.337047 0.533975
vn 0.245700 -0.450657 0.858219
vn 0.467396 -0.719994 0.512981
vn 0.987330 -0.157337 -0.020601
vn 0.447084 -0.302202 0.841897
vn 0.885450 -0.156017 0.437764
vn 0.909790 -0.039984 -0.413139
vn 0.916526 -0.152488 0.369767
vn 0.472613 -0.093685 0.876276
vn 0.914507 -0.050589 0.401394
vn 0.467411 0.125802 0.875044
vn 0.906726 0.045683 -0.419238
vn -0.373160 0.187955 0.908529
vn -0.914419 0.074060 0.397935
vn -0.586631 -0.139670 0.797720
vn -0.593957 -0.694201 -0.406571
vn -0.583882 -0.206018 0.785263
vn -0.420508 -0.553628 0.718797
vn 0.075915 0.134488 -0.988003
vn 0.066183 0.182645 -0.980949
vn 0.098567 0.445060 -0.890060
vn 0.143905 0.786825 -0.600165
vn 0.123805 0.908418 -0.399310
vn 0.072879 0.989808 -0.122349
vn 0.082036 0.826883 -0.556358
vn 0.628769 0.397491 -0.668319
vn -0.990745 0.109097 -0.080756
vn -0.970025 0.231071 -0.075212
vn -0.784940 0.204285 -0.584925
vn -0.812255 0.074537 -0.578521
vn -0.997261 0.049829 -0.054667
vn -0.786788 0.298518 -0.540233
vn -0.433847 0.729569 -0.528684
vn -0.364221 0.830671 -0.421105
vn -0.473205 0.860642 -0.188077
vn -0.534933 0.753078 -0.383040
vn -0.491107 0.440021 -0.751795
vn -0.640424 0.178577 -0.746972
vn -0.766850 -0.631783 -0.113101
vn -0.944667 -0.276628 -0.176301
vn -0.933380 -0.324874 -0.152510
vn -0.982430 -0.181782 -0.042263
vn -0.962247 -0.272131 0.005045
vn -0.954053 -0.124807 -0.272406
vn -0.412769 -0.867484 0.277658
vn -0.852374 -0.412964 0.320811
vn -0.994901 0.080802 0.060363
vn -0.994917 -0.097628 0.024664
vn -0.639761 -0.645356 0.417399
vn -0.995211 -0.092135 0.032644
vn -0.868508 -0.492281 0.057901
vn -0.860660 -0.242290 0.447839
vn -0.947972 -0.074521 0.309508
vn -0.845017 -0.080037 0.528715
vn -0.843412 -0.120336 0.523617
vn -0.903905 -0.160099 0.396642
vn -0.929469 -0.009230 0.368784
vn -0.873777 -0.407626 0.265243
vn 0.076609 0.925451 -0.371041
vn 0.074354 0.926585 -0.368661
vn 0.031988 0.973890 0.224755
vn 0.085249 0.762886 -0.640888
vn 0.083471 0.761361 -0.642932
vn 0.657899 -0.462730 -0.594180
vn 0.178938 -0.880879 -0.438216
vn 0.186235 -0.753882 -0.630062
vn 0.101061 -0.238490 -0.965872
vn -0.110091 -0.246128 -0.962965
vn -0.142113 -0.317314 -0.937612
vn -0.076974 -0.136654 -0.987624
vn 0.434944 -0.753162 -0.493529
vn 0.206268 -0.819516 0.534647
vn 0.758787 -0.572056 -0.311439
vn -0.154116 -0.872711 0.463275
vn -0.381185 -0.872849 0.304683
vn -0.682762 -0.725454 -0.086906
vn -0.277170 -0.959736 0.045642
vn -0.760635 -0.526749 0.379435
vn -0.093898 -0.992236 -0.081557
vn -0.018093 -0.936723 0.349603
vn -0.412892 -0.862464 0.292705
vn -0.258803 0.770774 -0.582175
vn -0.368318 0.225188 -0.902016
vn -0.636357 0.513988 -0.575209
vn -0.364114 -0.075473 -0.928291
vn 0.120745 -0.231035 -0.965424
vn 0.153475 -0.251399 -0.955638
vn 0.062440 -0.472403 -0.879168
vn 0.141867 -0.624220 -0.768259
vn 0.021919 -0.528231 -0.848818
vn 0.122479 -0.695427 -0.708082
vn 0.838782 -0.140446 -0.526041
vn 0.046396 0.215960 0.975299
vn 0.039887 0.266823 0.962920
vn -0.044729 0.132747 0.990140
vn -0.009987 -0.236559 0.971566
vn 0.035088 -0.510102 0.859398
vn 0.107345 -0.541844 0.833596
vn 0.030856 -0.677913 0.734495
vn 0.063425 -0.479944 0.875003
vn -0.108150 -0.714886 0.690827
vn 0.404229 0.006337 0.914636
vn 0.716947 -0.187335 0.671486
vn 0.015558 -0.476967 0.878783
vn -0.010552 -0.417421 0.908652
vn -0.168747 -0.676252 0.717083
vn -0.345022 -0.312160 0.885165
vn -0.247650 -0.713800 0.655103
vn -0.294832 0.029697 0.955088
vn -0.333187 0.091391 0.938421
vn -0.494943 0.205758 0.844213
vn -0.201523 -0.575162 0.792828
vn -0.179076 -0.796583 0.577397
vn -0.134699 -0.778857 0.612566
vn -0.027714 -0.483902 0.874683
vn -0.211019 -0.738308 0.640603
vn -0.545227 -0.425090 0.722514
vn -0.293911 -0.782886 0.548366
vn -0.569341 -0.616048 0.544368
vn -0.228074 -0.927845 0.295103
vn -0.608779 -0.733593 -0.302042
vn -0.750263 -0.375580 0.544100
vn -0.684957 -0.602759 -0.409286
vn -0.491789 -0.040905 0.869753
vn -0.202442 -0.713904 0.670342
vn -0.843769 0.103116 0.526708
vn -0.873570 0.209222 0.439434
vn 0.046398 0.739447 0.671614
vn -0.491569 0.624078 0.607361
vn 0.252454 0.038150 0.966857
vn -0.022469 -0.198011 0.979942
vn -0.141227 -0.149318 0.978652
vn 0.271098 0.012971 0.962464
vn 0.212196 -0.269868 0.939225
vn -0.497625 -0.161699 -0.852187
vn -0.299823 0.602562 -0.739612
vn -0.141724 0.403622 -0.903883
vn -0.455439 -0.171488 -0.873594
vn -0.009537 0.103324 -0.994602
vn -0.243067 0.073463 -0.967224
vn 0.073777 0.182466 -0.980440
vn -0.418403 -0.131713 -0.898660
vn -0.011100 0.161741 -0.986771
vn -0.772389 0.086635 -0.629214
vn 0.553580 -0.527917 -0.644091
vn 0.997313 0.025500 0.068676
vn 0.998984 0.003904 0.044899
vn 0.933656 0.098425 0.344383
vn 0.995530 0.032111 0.088824
vn 0.876375 0.178524 0.447321
vn 0.868034 0.118719 0.482102
vn 0.643285 0.276731 0.713866
vn 0.531358 0.192266 0.825041
vn 0.673700 0.086864 0.733882
vn 0.100132 -0.045506 0.993933
vn 0.731556 0.447820 0.514085
vn 0.864896 0.423715 0.269112
vn 0.615120 0.523307 -0.589726
vn 0.661065 0.410139 -0.628314
vn 0.514277 0.683109 0.518538
vn 0.456067 0.834073 0.310364
vn 0.069759 0.996657 -0.042522
vn 0.622297 0.320221 0.714286
vn 0.562720 0.590271 0.578728
vn 0.445977 0.271910 0.852742
vn -0.738518 -0.661409 0.130878
vn -0.460746 -0.806551 -0.370389
vn -0.703439 -0.636760 -0.315769
vn -0.480332 -0.875788 0.047719
vn -0.540391 -0.754391 0.372656
vn -0.280576 -0.792590 0.541367
vn -0.342631 -0.561089 0.753514
vn -0.401257 -0.570047 -0.716965
vn -0.230961 -0.451781 -0.861714
vn -0.572175 -0.468354 -0.673246
vn -0.362835 -0.168902 -0.916418
vn 0.070466 0.231108 -0.970373
vn -0.054340 0.147885 -0.987511
vn -0.498174 -0.277125 -0.821599
vn -0.493866 -0.304853 -0.814347
vn -0.110687 0.702208 -0.703315
vn -0.256119 0.214185 -0.942618
vn -0.987878 0.115197 0.104055
vn -0.990194 0.137602 -0.024119
vn -0.982148 0.173985 0.071509
vn 0.545417 0.766319 -0.339523
vn 0.378157 0.790735 -0.481389
vn -0.778324 -0.010839 -0.627770
vn -0.242718 -0.185452 -0.952206
vn -0.650591 -0.112328 -0.751075
vn -0.317294 -0.407791 -0.856172
vn -0.650778 -0.121115 -0.749546
vn -0.610087 -0.080922 -0.788191
vn -0.111725 -0.534181 -0.837955
vn -0.587539 -0.272891 -0.761793
vn -0.502203 -0.023620 -0.864427
vn -0.042358 -0.585665 -0.809446
vn 0.269535 -0.918214 -0.290232
vn 0.201814 -0.767438 -0.608531
vn 0.108187 -0.750416 -0.652052
vn -0.208637 -0.927994 -0.308702
vn 0.086487 -0.906882 -0.412413
vn 0.140329 -0.750155 -0.646200
vn -0.063799 -0.878580 -0.473314
vn 0.263756 -0.893721 -0.362898
vn -0.049073 -0.901135 -0.430752
vn 0.091503 -0.783871 -0.614144
vn 0.151668 -0.870166 -0.468836
vn -0.185830 -0.981026 -0.055274
vn -0.988585 -0.133604 -0.069639
vn -0.498846 -0.148625 -0.853852
vn -0.967612 -0.238215 -0.083553
vn -0.984483 -0.156398 -0.079584
vn 0.857832 -0.019338 0.513567
vn 0.675097 0.268440 0.687156
vn 0.506409 -0.028410 0.861825
vn 0.133151 -0.524163 0.841145
vn -0.377983 -0.450417 0.808859
vn -0.346267 -0.602531 0.719065
vn 0.004976 -0.374019 0.927408
vn -0.414190 -0.261401 0.871846
vn -0.452733 -0.147484 0.879364
vn -0.012951 -0.247271 0.968860
vn -0.501587 -0.172632 0.847708
vn -0.365742 -0.162055 0.916499
vn 0.289703 -0.099969 0.951881
vn -0.196137 -0.215555 0.956591
vn 0.319832 -0.108111 0.941286
vn -0.064461 -0.288308 0.955366
vn 0.465961 -0.175518 0.867222
vn 0.217527 -0.197843 0.955793
vn -0.015717 -0.329235 0.944117
vn -0.039134 -0.180632 0.982772
vn -0.040541 -0.184355 0.982023
vn 0.438050 0.062418 -0.896781
vn 0.016153 0.035308 -0.999246
vn 0.030469 0.075102 -0.996710
vn 0.377064 0.043350 -0.925172
vn -0.745482 -0.222524 -0.628283
vn 0.392494 0.164259 -0.904968
vn -0.735467 -0.056196 -0.675227
vn -0.942163 -0.321989 -0.093018
vn 0.684815 -0.494823 -0.534957
vn 0.473448 -0.797511 -0.373928
vn 0.228491 -0.320383 -0.919318
vn 0.869128 -0.301845 -0.391799
vn 0.903432 -0.293722 -0.312309
vn 0.119336 0.030509 -0.992385
vn 0.904611 0.021915 -0.425674
vn 0.299927 0.177256 -0.937350
vn 0.941067 0.233966 -0.244241
vn 0.926671 -0.079797 0.367306
vn 0.855263 0.103314 0.507791
vn 0.922863 -0.000959 0.385128
vn 0.933658 0.059986 -0.353107
vn 0.940409 0.088484 -0.328331
vn 0.724280 0.108419 -0.680929
vn 0.241000 0.712368 -0.659129
vn 0.737557 0.220408 -0.638303
vn 0.987767 0.137016 0.074450
vn 0.986729 0.149814 0.062618
vn -0.787904 0.002896 -0.615791
vn -0.983671 -0.167179 -0.066656
vn -0.973003 -0.215488 -0.082642
vn -0.994635 -0.087895 -0.054544
vn -0.989717 -0.120531 -0.077027
vn -0.819937 0.140729 -0.554887
vn -0.997479 0.068361 -0.019023
vn -0.997792 0.061118 -0.025992
vn -0.865927 -0.185431 -0.464527
vn -0.909039 -0.411854 -0.063443
vn -0.911772 -0.406515 -0.058449
vn -0.657103 -0.473590 -0.586455
vn -0.993707 -0.082986 -0.075226
vn -0.999615 0.008264 -0.026495
vn -0.879526 0.156865 -0.449252
vn -0.969718 0.244229 0.000012
vn -0.969183 0.246334 0.002040
vn 0.665753 -0.032286 0.745473
vn 0.610258 -0.266611 0.745991
vn 0.765037 -0.373029 0.524945
vn 0.813887 -0.413363 0.408313
vn 0.719208 -0.636114 0.279461
vn 0.296113 -0.587848 0.752830
vn 0.502344 -0.861555 -0.073304
vn -0.769454 -0.632634 -0.087837
vn -0.785157 -0.615710 -0.066556
vn -0.564555 -0.593208 -0.573918
vn 0.057829 -0.955352 -0.289754
vn 0.101685 -0.961791 -0.254203
vn -0.125725 -0.944123 -0.304672
vn -0.184405 -0.916679 -0.354534
vn -0.148271 -0.956882 0.249783
vn -0.186756 -0.959268 0.211961
vn -0.783363 -0.598766 -0.166801
vn 0.567799 -0.738252 0.364126
vn 0.453390 -0.865935 0.211172
vn -0.137978 -0.984842 0.105108
vn -0.069547 -0.993224 0.093113
vn -0.718420 -0.605203 -0.342933
vn 0.713812 -0.692053 0.107402
vn 0.062715 -0.926962 0.369876
vn -0.145616 -0.938315 0.313624
vn -0.662439 -0.692555 0.285557
vn -0.081662 -0.931290 -0.355007
vn -0.040281 -0.940281 -0.338008
vn 0.833716 -0.548484 -0.063902
vn 0.017534 -0.996408 0.082847
vn -0.075760 -0.996747 0.027507
vn -0.661612 -0.722535 -0.200531
vn 0.789930 -0.613166 -0.006151
vn 0.156696 0.927462 -0.339500
vn 0.263037 0.959300 -0.102742
vn -0.960809 0.276135 -0.024391
vn -0.532218 0.840200 0.103964
vn -0.956843 0.285460 -0.054446
vn 0.848344 0.393020 -0.354751
vn 0.599109 0.429578 -0.675671
vn -0.733554 -0.671631 -0.103970
vn -0.929654 -0.328461 -0.166905
vn -0.915504 -0.376056 -0.142948
vn -0.971400 -0.235230 -0.032384
vn -0.945911 -0.324072 0.015160
vn -0.948110 -0.176958 -0.264145
vn -0.903517 -0.427715 0.026761
vn -0.879945 -0.474111 0.030263
vn 0.311065 -0.935873 -0.165469
vn 0.419656 -0.890225 -0.177167
vn 0.417935 -0.890985 -0.177412
vn 0.762107 -0.639759 -0.099503
vn 0.809187 -0.581754 -0.082333
vn 0.893708 -0.441306 -0.080837
vn 0.898948 -0.429188 -0.087697
vn 0.137052 0.957950 -0.252087
vn 0.134554 0.959560 -0.247264
vn 0.147947 0.976998 -0.153581
vn 0.138947 0.949795 -0.280328
vn 0.690426 -0.644838 -0.327866
vn 0.763389 -0.644776 0.038734
vn 0.148847 -0.951165 -0.270425
vn 0.148570 -0.950108 -0.274264
vn 0.979155 0.072655 0.189674
vn 0.939869 0.211311 -0.268316
vn 0.077951 -0.527696 0.845849
vn 0.039663 -0.279689 0.959271
vn 0.385925 -0.531717 0.753883
vn 0.714185 -0.261628 0.649223
vn -0.960815 -0.173916 -0.215844
vn -0.985023 -0.172148 0.009681
vn -0.926289 -0.291957 0.238222
vn 0.436768 0.083955 -0.895648
vn 0.617857 -0.030645 -0.785693
vn -0.355966 0.210802 -0.910412
vn -0.611999 -0.113408 -0.782685
vn 0.939029 0.009168 -0.343716
vn 0.982585 -0.115996 0.145161
vn 0.509190 -0.552255 0.660106
vn -0.002319 -0.631179 0.775633
vn -0.786998 -0.550389 0.278756
vn -0.866893 -0.345601 -0.359245
vn -0.261384 -0.199814 -0.944327
vn 0.526101 -0.053028 -0.848767
vn 0.148409 -0.947489 -0.283267
vn 0.148162 -0.947218 -0.284300
vn -0.866460 -0.000007 -0.499246
vn -0.822534 -0.288037 0.490380
vn -0.821921 -0.288012 0.491421
vn -0.677420 -0.599502 0.426262
vn -0.720365 -0.590979 0.363067
vn 0.844515 0.437004 0.309552
vn 0.873526 0.462043 -0.153196
vn 0.649794 0.759934 0.016363
vn 0.664751 0.659665 0.350640
vn 0.637893 0.219979 0.738039
vn 0.338583 0.381590 0.860088
vn 0.197829 0.005583 0.980221
vn -0.918412 0.360320 -0.163368
vn -0.936162 -0.010008 0.351426
vn -0.740394 0.488016 0.462230
vn -0.746321 0.643684 -0.169336
vn -0.659580 0.322300 -0.679026
vn -0.376968 0.658348 -0.651516
vn -0.189186 0.471569 -0.861296
vn 0.586589 0.589609 -0.555225
vn 0.308830 0.782854 -0.540152
vn -0.717222 -0.017404 0.696628
vn -0.704848 0.324078 0.631001
vn 0.971109 0.030555 -0.236673
vn 0.988859 0.001329 0.148850
vn -0.105318 -0.384971 0.916900
vn 0.275092 -0.346760 0.896706
vn -0.156500 -0.025877 0.987339
vn 0.807663 -0.174537 0.563221
vn -0.832493 -0.483572 0.270395
vn -0.876638 -0.271498 -0.397234
vn -0.170701 0.140003 -0.975326
vn 0.156278 0.523589 -0.837515
vn 0.203793 0.192119 -0.959979
vn -0.567128 -0.076268 -0.820091
vn 0.756853 0.175619 -0.629549
vn -0.664087 -0.624306 0.411375
vn -0.658378 -0.548092 0.515882
vn -0.384391 -0.302730 0.872123
vn -0.350834 -0.307635 0.884464
vn -0.335298 -0.014422 0.942002
vn 0.088051 0.300344 0.949758
vn -0.290250 -0.584507 0.757698
vn 0.135441 0.965700 0.221540
vn 0.150413 0.911811 0.382070
vn 0.055943 -0.190880 0.980018
vn 0.041168 -0.270967 0.961708
vn 0.112073 -0.228273 0.967125
vn 0.096201 -0.194884 0.976097
vn -0.098163 0.273975 -0.956714
vn -0.056183 0.222710 -0.973264
vn -0.066741 0.269522 -0.960679
vn -0.070097 0.271319 -0.959934
vn 0.751336 0.641305 0.155633
vn -0.658828 0.713080 0.239716
vn 0.353022 0.901343 0.250909
vn -0.279252 -0.924875 -0.258119
vn -0.669765 -0.720076 -0.181401
vn -0.959706 -0.278255 -0.039225
vn -0.972655 -0.230978 -0.024339
vn -0.972710 -0.230627 -0.025435
vn -0.926133 -0.371138 -0.067343
vn 0.972869 0.230077 0.024314
vn 0.926381 0.370562 0.067090
vn 0.246355 0.932821 0.262972
vn 0.738254 0.655453 0.159259
vn 0.894841 0.437549 0.088372
vn -0.277410 -0.919530 -0.278401
vn -0.278391 -0.917313 -0.284668
vn -0.278750 -0.917521 -0.283643
vn -0.331171 0.766473 0.550314
vn 0.196610 0.627777 0.753153
vn 0.292273 0.956229 0.014222
vn -0.465770 0.840387 -0.277144
vn 0.888039 -0.443265 0.122082
vn 0.770593 -0.590105 0.240755
vn 0.807010 -0.521628 -0.276837
vn 0.881582 -0.299921 -0.364499
vn -0.576020 -0.450321 0.682211
vn -0.603897 -0.254632 0.755295
vn -0.072323 -0.266284 0.961178
vn -0.213809 -0.736582 0.641664
vn -0.945950 0.228343 -0.230299
vn -0.914763 0.107634 -0.389389
vn -0.991687 -0.093372 0.088537
vn -0.965134 0.099542 0.242089
vn 0.297423 -0.278709 -0.913160
vn 0.499842 -0.096048 -0.860775
vn -0.414469 0.153976 -0.896943
vn -0.610382 0.046607 -0.790735
vn 0.940020 0.119032 0.319678
vn 0.925699 0.160302 0.342614
vn 0.925894 0.353634 -0.132900
vn 0.989264 0.080363 -0.122062
vn -0.166759 0.454252 0.875127
vn 0.017415 0.035388 0.999222
vn 0.113582 0.357485 0.926986
vn -0.269960 0.396731 0.877340
vn -0.778377 0.557819 0.288039
vn -0.736497 0.663256 -0.132904
vn -0.643286 0.765135 -0.027404
vn -0.668072 0.580686 0.465278
vn 0.516534 0.659428 -0.546212
vn 0.556448 0.570168 -0.604379
vn -0.165760 0.717774 -0.676258
vn -0.207928 0.874182 -0.438831
vn 0.957330 -0.288785 -0.011041
vn -0.083091 -0.291880 0.952839
vn -0.396165 0.195713 0.897079
vn -0.297555 0.531776 -0.792891
vn 0.718375 0.011168 -0.695567
vn 0.878569 -0.378413 -0.291409
vn 0.768293 -0.567634 0.295835
vn -0.182591 -0.633164 0.752172
vn -0.529774 -0.451761 0.717810
vn -0.911209 0.196921 -0.361830
vn -0.976380 -0.008556 0.215890
vn -0.398404 -0.106137 -0.911048
vn 0.419810 -0.124474 -0.899036
vn -0.280387 -0.911825 -0.299930
vn -0.280870 -0.912109 -0.298612
vn 0.131202 0.409322 0.902907
vn 0.248735 0.819451 -0.516362
vn 0.246180 0.816224 -0.522660
vn 0.761937 -0.390089 0.516994
vn 0.591483 0.608721 0.528778
vn 0.627789 0.636966 0.447386
vn 0.822955 -0.392169 0.411033
vn 0.833225 -0.385449 0.396441
vn 0.895017 -0.132267 -0.425970
vn 0.419712 -0.863049 0.281048
vn 0.451127 -0.858920 0.242364
vn 0.725106 -0.388904 0.568310
vn 0.572828 -0.798710 -0.184200
vn -0.913324 -0.368183 -0.174013
vn 0.480904 -0.835722 0.265141
vn 0.483210 -0.835332 0.262163
vn -0.847414 -0.452137 0.278320
vn -0.848193 -0.451452 0.277057
vn -0.782574 -0.205015 -0.587833
vn -0.783569 -0.205065 -0.586488
vn 0.543069 -0.591913 -0.595580
vn 0.544829 -0.593152 -0.592732
vn -0.890148 0.129675 0.436831
vn -0.457452 -0.050742 0.887785
vn -0.895676 0.440881 0.058215
vn -0.959583 0.281318 0.007842
vn 0.367224 -0.370269 0.853257
vn 0.852557 -0.222675 0.472823
vn 0.889973 -0.130726 -0.436873
vn 0.500426 0.196682 -0.843143
vn 0.068457 0.273068 -0.959556
vn -0.749776 0.402631 0.525095
vn -0.803000 0.586355 0.106668
vn 0.920823 0.180020 -0.345944
vn 0.382340 -0.215576 0.898523
vn 0.954419 -0.075922 0.288652
vn 0.891607 -0.107997 0.439743
vn 0.893270 0.084051 -0.441594
vn 0.806295 0.115411 -0.580145
vn -0.954440 0.076505 -0.288427
vn -0.806613 -0.114590 0.579866
vn -0.893494 -0.083175 0.441305
vn -0.891748 0.108437 -0.439347
vn 0.310265 -0.206381 0.927978
vn 0.371947 -0.202470 0.905904
vn -0.595309 -0.162739 0.786843
vn 0.204924 -0.210965 0.955772
vn -0.002029 -0.212814 0.977091
vn 0.269266 0.201452 -0.941760
vn 0.314201 0.197959 -0.928488
vn -0.310639 0.206466 -0.927834
vn -0.372396 0.202481 -0.905717
vn 0.415530 0.188214 -0.889893
vn 0.074928 0.275234 -0.958453
vn 0.075381 0.264007 -0.961571
vn -0.072557 -0.267654 0.960779
vn -0.079264 -0.276983 0.957600
vn 0.160686 -0.282062 0.945844
vn -0.056721 -0.113659 0.991899
vn 0.070112 -0.271345 0.959925
vn 0.063384 -0.267739 0.961404
vn 0.056732 0.113647 -0.991900
vn -0.160706 0.282040 -0.945847
vn -0.041137 0.270952 -0.961713
vn -0.182244 0.183991 -0.965885
vn -0.561659 0.825116 -0.061017
vn -0.728477 0.683542 -0.045747
vn -0.861472 0.506126 -0.041258
vn -0.648808 0.760912 0.007860
vn -0.517507 0.852354 -0.075354
vn -0.175948 0.978448 -0.108081
vn -0.191909 0.976531 -0.097767
vn -0.809544 0.585671 -0.040357
vn 0.671830 -0.651045 0.353249
vn 0.853264 0.391842 0.344094
vn 0.065292 -0.218451 0.973661
vn 0.520264 -0.853994 -0.004416
vn 0.964753 0.259492 0.043774
vn 0.977627 0.186537 0.097210
vn 0.854077 -0.469564 -0.223746
vn 0.387739 -0.860083 -0.331537
vn 0.179536 -0.789129 -0.587403
vn 0.948946 0.271473 0.160638
vn 0.795089 -0.493280 -0.352859
vn 0.794926 -0.296309 -0.529428
vn 0.505849 -0.694939 -0.511053
vn 0.274941 -0.435624 -0.857111
vn 0.993827 -0.107103 0.028944
vn 0.468462 -0.276885 -0.838974
vn 0.895663 -0.108879 -0.431200
vn 0.906238 0.006796 0.422714
vn 0.926077 -0.103901 -0.362747
vn 0.484595 -0.066885 -0.872178
vn 0.468661 0.152416 -0.870130
vn 0.919081 -0.001646 -0.394064
vn 0.898724 0.092503 0.428648
vn -0.371704 0.170769 -0.912510
vn -0.569934 -0.168351 -0.804259
vn -0.912178 0.027300 -0.408883
vn -0.569971 -0.715862 0.403330
vn -0.563478 -0.234916 -0.792027
vn -0.384302 -0.572998 -0.723868
vn 0.047317 0.183818 0.981821
vn 0.059169 0.136184 0.988915
vn 0.067586 0.447718 0.891617
vn 0.099091 0.791641 0.602898
vn 0.077233 0.911091 0.404904
vn 0.030801 0.991598 0.125638
vn 0.046584 0.828735 0.557699
vn 0.616518 0.423059 0.664023
vn -0.995753 0.057494 0.071900
vn -0.799097 0.162400 0.578852
vn -0.981128 0.181413 0.066914
vn -0.819916 0.030749 0.571657
vn -0.998966 -0.002462 0.045391
vn -0.804773 0.257208 0.534962
vn -0.471203 0.706874 0.527538
vn -0.405373 0.811679 0.420535
vn -0.513437 0.837629 0.186438
vn -0.571979 0.726408 0.381014
vn -0.516831 0.413252 0.749739
vn -0.645335 0.164186 0.746046
vn -0.743509 -0.661541 0.097764
vn -0.925717 -0.348624 0.146658
vn -0.937469 -0.304674 0.168302
vn -0.976312 -0.212816 0.039034
vn -0.948169 -0.316698 -0.026024
vn -0.956202 -0.163346 0.242890
vn -0.367276 -0.884555 -0.287526
vn -0.826292 -0.456503 -0.329920
vn -0.997103 0.029087 -0.070277
vn -0.987998 -0.150494 -0.034813
vn -0.601117 -0.676942 -0.424744
vn -0.988509 -0.144965 -0.042839
vn -0.839731 -0.538736 -0.067932
vn -0.841098 -0.287008 -0.458454
vn -0.939012 -0.124049 -0.320730
vn -0.832959 -0.123531 -0.539370
vn -0.829311 -0.163857 -0.534222
vn -0.889339 -0.207329 -0.407543
vn -0.923281 -0.057279 -0.379831
vn -0.847303 -0.453929 -0.275728
vn 0.026843 0.928061 0.371459
vn 0.029066 0.927052 0.373805
vn -0.011293 0.975169 -0.221175
vn 0.040816 0.763148 0.644934
vn 0.042446 0.764682 0.643008
vn 0.660437 -0.662225 0.353951
vn 0.848983 0.391932 0.354426
vn 0.059862 -0.233391 0.970539
vn 0.516611 -0.856181 -0.008130
vn 0.966115 0.255661 0.035485
vn 0.978635 0.186127 0.087356
vn -0.562587 -0.724335 0.398540
vn 0.075502 0.912236 0.402647
vn 0.023435 0.991769 0.125881
vn 0.036034 0.828395 0.558984
vn 0.600016 0.428498 0.675552
vn -0.654236 0.143700 0.742513
vn -0.734550 -0.670563 0.103834
vn -0.916268 -0.374286 0.142703
vn -0.930327 -0.326683 0.166643
vn -0.971802 -0.233574 0.032299
vn -0.946481 -0.322403 -0.015157
vn -0.948536 -0.175536 0.263567
vn -0.366644 -0.886089 -0.283582
vn -0.840625 -0.537354 -0.067824
vn -0.848117 -0.452667 -0.275301
vn 0.631129 -0.692803 0.348856
vn 0.871733 0.348511 0.344415
vn 0.058836 -0.234761 0.970271
vn 0.474786 -0.880044 -0.010000
vn 0.978044 0.206829 0.025521
vn 0.987606 0.136328 0.077775
vn 0.828203 -0.511373 -0.229299
vn 0.343728 -0.878439 -0.331958
vn 0.136221 -0.798136 -0.586875
vn 0.963242 0.222023 0.151230
vn 0.767043 -0.532778 -0.357481
vn 0.775411 -0.337053 -0.533979
vn 0.467378 -0.720004 -0.512983
vn 0.245669 -0.450670 -0.858221
vn 0.987329 -0.157344 0.020590
vn 0.447084 -0.302202 -0.841897
vn 0.885461 -0.156009 -0.437745
vn 0.909796 -0.039983 0.413126
vn 0.916529 -0.152483 -0.369760
vn 0.472616 -0.093683 -0.876275
vn 0.467433 0.125801 -0.875032
vn 0.914508 -0.050583 -0.401394
vn 0.906734 0.045696 0.419220
vn -0.373147 0.187930 -0.908539
vn -0.586628 -0.139675 -0.797721
vn -0.914411 0.074045 -0.397958
vn -0.593953 -0.694215 0.406553
vn -0.583885 -0.206023 -0.785259
vn -0.420494 -0.553638 -0.718797
vn 0.066220 0.182667 0.980942
vn 0.075911 0.134494 0.988002
vn 0.098572 0.445066 0.890056
vn 0.143928 0.786831 0.600151
vn 0.123811 0.908421 0.399301
vn 0.072879 0.989809 0.122335
vn 0.082034 0.826885 0.556356
vn 0.628747 0.397520 0.668323
vn -0.990745 0.109095 0.080761
vn -0.784941 0.204278 0.584926
vn -0.970024 0.231075 0.075222
vn -0.812267 0.074533 0.578504
vn -0.997261 0.049826 0.054667
vn -0.786786 0.298534 0.540227
vn -0.433835 0.729572 0.528690
vn -0.364250 0.830651 0.421118
vn -0.473232 0.860629 0.188065
vn -0.534932 0.753077 0.383044
vn -0.491066 0.440055 0.751802
vn -0.640436 0.178510 0.746977
vn -0.766852 -0.631782 0.113091
vn -0.933372 -0.324903 0.152496
vn -0.944666 -0.276629 0.176301
vn -0.982429 -0.181786 0.042265
vn -0.962245 -0.272139 -0.005060
vn -0.954061 -0.124821 0.272374
vn -0.412774 -0.867482 -0.277657
vn -0.852364 -0.412976 -0.320822
vn -0.994900 0.080814 -0.060366
vn -0.994918 -0.097626 -0.024664
vn -0.639754 -0.645365 -0.417394
vn -0.995212 -0.092132 -0.032644
vn -0.868512 -0.492274 -0.057904
vn -0.860656 -0.242305 -0.447838
vn -0.947982 -0.074519 -0.309480
vn -0.845017 -0.080036 -0.528717
vn -0.843411 -0.120344 -0.523617
vn -0.903897 -0.160100 -0.396660
vn -0.929461 -0.009241 -0.368805
vn -0.873784 -0.407635 -0.265208
vn 0.074342 0.926589 0.368655
vn 0.076620 0.925443 0.371058
vn 0.031969 0.973895 -0.224736
vn 0.083484 0.761392 0.642894
vn 0.085230 0.762889 0.640887
vn 0.657896 -0.462716 0.594195
vn 0.186237 -0.753875 0.630070
vn 0.178877 -0.880899 0.438201
vn 0.101053 -0.238488 0.965874
vn -0.142115 -0.317324 0.937608
vn -0.110100 -0.246119 0.962966
vn -0.076981 -0.136636 0.987626
vn 0.434935 -0.753166 0.493531
vn 0.758791 -0.572051 0.311438
vn 0.206268 -0.819510 -0.534656
vn -0.154113 -0.872699 -0.463298
vn -0.381221 -0.872850 -0.304637
vn -0.277343 -0.959689 -0.045591
vn -0.682838 -0.725380 0.086932
vn -0.760624 -0.526770 -0.379426
vn -0.093906 -0.992236 0.081544
vn -0.412878 -0.862473 -0.292697
vn -0.018090 -0.936721 -0.349610
vn -0.258783 0.770790 0.582164
vn -0.636355 0.514002 0.575199
vn -0.368299 0.225205 0.902019
vn -0.364109 -0.075472 0.928293
vn 0.120755 -0.231041 0.965421
vn 0.153473 -0.251413 0.955634
vn 0.062445 -0.472404 0.879167
vn 0.141873 -0.624219 0.768260
vn 0.122469 -0.695419 0.708092
vn 0.021905 -0.528236 0.848815
vn 0.838786 -0.140447 0.526034
vn 0.046403 0.215955 -0.975300
vn -0.044731 0.132736 -0.990142
vn 0.039882 0.266819 -0.962921
vn -0.009993 -0.236548 -0.971568
vn 0.035103 -0.510105 -0.859395
vn 0.107339 -0.541844 -0.833596
vn 0.030921 -0.677934 -0.734472
vn 0.063437 -0.479915 -0.875018
vn -0.108126 -0.714881 -0.690835
vn 0.404237 0.006346 -0.914632
vn 0.716964 -0.187304 -0.671476
vn 0.015603 -0.476936 -0.878800
vn -0.010544 -0.417427 -0.908649
vn -0.168744 -0.676269 -0.717067
vn -0.345000 -0.312185 -0.885164
vn -0.247609 -0.713835 -0.655080
vn -0.294839 0.029709 -0.955085
vn -0.333186 0.091399 -0.938421
vn -0.494947 0.205756 -0.844211
vn -0.201513 -0.575179 -0.792819
vn -0.179044 -0.796617 -0.577360
vn -0.134718 -0.778885 -0.612527
vn -0.027728 -0.483907 -0.874680
vn -0.211011 -0.738317 -0.640595
vn -0.545222 -0.425093 -0.722516
vn -0.293895 -0.782901 -0.548353
vn -0.569334 -0.616054 -0.544368
vn -0.228035 -0.927860 -0.295085
vn -0.608777 -0.733608 0.302010
vn -0.750270 -0.375583 -0.544088
vn -0.684973 -0.602816 0.409176
vn -0.491796 -0.040894 -0.869750
vn -0.202376 -0.713933 -0.670331
vn -0.843769 0.103126 -0.526706
vn -0.873571 0.209218 -0.439433
vn 0.046399 0.739450 -0.671611
vn -0.491566 0.624079 -0.607361
vn 0.252449 0.038174 -0.966857
vn -0.141213 -0.149257 -0.978663
vn -0.022448 -0.197986 -0.979948
vn 0.271118 0.012978 -0.962458
vn 0.212216 -0.269859 -0.939223
vn -0.497617 -0.161699 0.852192
vn -0.141715 0.403589 0.903899
vn -0.299822 0.602561 0.739613
vn -0.455451 -0.171482 0.873589
vn -0.243115 0.073439 0.967214
vn -0.009577 0.103336 0.994600
vn 0.073760 0.182456 0.980443
vn -0.418410 -0.131737 0.898654
vn -0.011111 0.161728 0.986773
vn -0.772377 0.086633 0.629228
vn 0.553577 -0.527915 0.644094
vn 0.997313 0.025501 -0.068676
vn 0.998984 0.003901 -0.044897
vn 0.933659 0.098427 -0.344374
vn 0.995529 0.032110 -0.088826
vn 0.876379 0.178513 -0.447318
vn 0.868038 0.118715 -0.482097
vn 0.643287 0.276733 -0.713863
vn 0.531368 0.192271 -0.825034
vn 0.673690 0.086865 -0.733891
vn 0.100153 -0.045498 -0.993931
vn 0.731550 0.447827 -0.514087
vn 0.864886 0.423723 -0.269131
vn 0.615119 0.523303 0.589731
vn 0.661058 0.410141 0.628321
vn 0.514274 0.683116 -0.518532
vn 0.069760 0.996657 0.042522
vn 0.456077 0.834069 -0.310358
vn 0.622302 0.320234 -0.714276
vn 0.562730 0.590272 -0.578718
vn 0.445974 0.271903 -0.852746
vn -0.738507 -0.661425 -0.130860
vn -0.703447 -0.636755 0.315760
vn -0.460756 -0.806546 0.370389
vn -0.480320 -0.875795 -0.047716
vn -0.540380 -0.754396 -0.372661
vn -0.280571 -0.792590 -0.541369
vn -0.342616 -0.561080 -0.753527
vn -0.401255 -0.570060 0.716956
vn -0.230964 -0.451802 0.861702
vn -0.572182 -0.468356 0.673239
vn -0.362833 -0.168894 0.916421
vn 0.070479 0.231136 0.970365
vn -0.054337 0.147881 0.987511
vn -0.498175 -0.277123 0.821599
vn -0.493851 -0.304851 0.814357
vn -0.110709 0.702218 0.703302
vn -0.256140 0.214203 0.942608
vn -0.987878 0.115194 -0.104060
vn -0.990194 0.137603 0.024119
vn -0.982147 0.173993 -0.071512
vn 0.545422 0.766317 0.339520
vn 0.378172 0.790722 0.481400
vn -0.778312 -0.010854 0.627783
vn -0.242721 -0.185455 0.952204
vn -0.650602 -0.112327 0.751066
vn -0.317290 -0.407763 0.856187
vn -0.650790 -0.121119 0.749535
vn -0.610071 -0.080899 0.788206
vn -0.111708 -0.534184 0.837955
vn -0.587535 -0.272820 0.761821
vn -0.502204 -0.023597 0.864427
vn -0.042330 -0.585628 0.809474
vn 0.201812 -0.767323 0.608677
vn 0.269538 -0.918215 0.290225
vn 0.108183 -0.750417 0.652052
vn -0.208654 -0.927994 0.308692
vn 0.086485 -0.906881 0.412417
vn 0.140333 -0.750146 0.646210
vn -0.063778 -0.878573 0.473331
vn 0.263775 -0.893715 0.362900
vn -0.049093 -0.901139 0.430741
vn 0.091490 -0.783882 0.614132
vn 0.151662 -0.870168 0.468835
vn -0.185818 -0.981027 0.055287
vn -0.984482 -0.156403 0.079587
vn -0.967613 -0.238211 0.083552
vn -0.498845 -0.148619 0.853854
vn -0.988586 -0.133597 0.069636
vn 0.857840 -0.019340 -0.513553
vn 0.675117 0.268436 -0.687138
vn 0.506445 -0.028395 -0.861804
vn 0.133158 -0.524180 -0.841133
vn -0.346223 -0.602607 -0.719023
vn -0.377938 -0.450430 -0.808873
vn 0.004999 -0.374002 -0.927414
vn -0.414129 -0.261376 -0.871883
vn -0.452688 -0.147520 -0.879381
vn -0.012948 -0.247276 -0.968859
vn -0.501517 -0.172630 -0.847750
vn -0.365713 -0.162018 -0.916518
vn 0.289710 -0.099955 -0.951881
vn -0.196131 -0.215567 -0.956589
vn 0.319864 -0.108119 -0.941274
vn -0.064445 -0.288326 -0.955361
vn 0.465971 -0.175534 -0.867213
vn 0.217541 -0.197860 -0.955786
vn -0.015714 -0.329250 -0.944112
vn -0.039138 -0.180606 -0.982776
vn -0.040558 -0.184364 -0.982021
vn 0.438035 0.062405 0.896789
vn 0.016090 0.035282 0.999248
vn 0.030452 0.075202 0.996703
vn 0.377068 0.043334 0.925171
vn -0.745484 -0.222520 0.628282
vn 0.392504 0.164255 0.904965
vn -0.735472 -0.056198 0.675220
vn -0.942166 -0.321982 0.093015
vn 0.684862 -0.494843 0.534879
vn 0.228497 -0.320405 0.919309
vn 0.473464 -0.797522 0.373887
vn 0.869148 -0.301833 0.391764
vn 0.903434 -0.293725 0.312302
vn 0.119348 0.030499 0.992384
vn 0.904610 0.021911 0.425677
vn 0.299933 0.177253 0.937348
vn 0.941073 0.233962 0.244220
vn 0.926672 -0.079785 -0.367307
vn 0.855280 0.103319 -0.507762
vn 0.922864 -0.000964 -0.385124
vn 0.933659 0.059977 0.353106
vn 0.940409 0.088483 0.328333
vn 0.724273 0.108407 0.680938
vn 0.241006 0.712376 0.659118
vn 0.737554 0.220440 0.638295
vn 0.987767 0.137013 -0.074450
vn 0.986730 0.149809 -0.062620
vn -0.787899 0.002896 0.615798
vn -0.983671 -0.167180 0.066655
vn -0.973003 -0.215487 0.082641
vn -0.989717 -0.120527 0.077026
vn -0.994635 -0.087895 0.054544
vn -0.819935 0.140725 0.554891
vn -0.997479 0.068362 0.019024
vn -0.997792 0.061119 0.025992
vn -0.865929 -0.185431 0.464523
vn -0.909043 -0.411845 0.063442
vn -0.911773 -0.406514 0.058455
vn -0.657156 -0.473562 0.586417
vn -0.993707 -0.082995 0.075225
vn -0.999615 0.008263 0.026493
vn -0.879523 0.156861 0.449260
vn -0.969183 0.246333 -0.002041
vn 0.665776 -0.032281 -0.745453
vn 0.610238 -0.266618 -0.746005
vn 0.765025 -0.373046 -0.524950
vn 0.813888 -0.413356 -0.408317
vn 0.719192 -0.636136 -0.279452
vn 0.296040 -0.587934 -0.752791
vn 0.502324 -0.861566 0.073311
vn -0.785153 -0.615714 0.066565
vn -0.769453 -0.632634 0.087844
vn -0.564624 -0.593222 0.573836
vn 0.101716 -0.961790 0.254194
vn 0.057860 -0.955353 0.289747
vn -0.184432 -0.916681 0.354515
vn -0.125722 -0.944137 0.304630
vn -0.186755 -0.959266 -0.211972
vn -0.148268 -0.956880 -0.249795
vn -0.783360 -0.598772 0.166793
vn 0.453386 -0.865937 -0.211173
vn 0.567788 -0.738257 -0.364135
vn -0.069547 -0.993224 -0.093111
vn -0.137926 -0.984851 -0.105097
vn -0.718423 -0.605199 0.342931
vn 0.713779 -0.692088 -0.107395
vn -0.145616 -0.938316 -0.313622
vn 0.062704 -0.926966 -0.369869
vn -0.662444 -0.692553 -0.285550
vn -0.040280 -0.940281 0.338007
vn -0.081686 -0.931285 0.355015
vn 0.833720 -0.548477 0.063899
vn -0.075759 -0.996747 -0.027500
vn 0.017536 -0.996408 -0.082842
vn -0.661615 -0.722529 0.200540
vn 0.789925 -0.613172 0.006154
vn 0.263031 0.959301 0.102743
vn 0.156707 0.927453 0.339521
vn -0.960809 0.276135 0.024392
vn -0.532216 0.840201 -0.103961
vn -0.956843 0.285460 0.054447
vn 0.848359 0.393007 0.354728
vn 0.599130 0.429611 0.675631
vn -0.733554 -0.671631 0.103973
vn -0.915499 -0.376068 0.142947
vn -0.929649 -0.328478 0.166901
vn -0.971400 -0.235231 0.032379
vn -0.945911 -0.324070 -0.015159
vn -0.948107 -0.176970 0.264150
vn -0.903517 -0.427715 -0.026761
vn -0.879945 -0.474110 -0.030263
vn 0.310998 -0.935897 0.165462
vn 0.419677 -0.890215 0.177170
vn 0.417964 -0.890972 0.177413
vn 0.762103 -0.639764 0.099503
vn 0.809190 -0.581750 0.082330
vn 0.898946 -0.429192 0.087695
vn 0.893707 -0.441310 0.080835
vn 0.134555 0.959560 0.247265
vn 0.137054 0.957950 0.252089
vn 0.138945 0.949808 0.280285
vn 0.147940 0.976996 0.153596
vn -0.883686 0.323742 0.338068
vn -0.927529 0.230893 0.293901
vn -0.899571 0.175783 0.399841
vn -0.792065 0.197417 0.577633
vn 0.853740 0.220545 0.471686
vn 0.864397 0.087631 0.495114
vn 0.936497 0.307342 0.168863
vn 0.910478 0.377231 0.169488
vn -0.823536 0.565950 0.038584
vn -0.696500 0.533753 0.479578
vn 0.728086 0.648651 0.221681
vn 0.810558 0.548163 0.206185
vn 0.806108 0.580651 0.114165
vn -0.884464 0.407418 0.227452
vn -0.842012 0.482802 0.240664
vn -0.237666 0.604841 0.760054
vn -0.120475 0.947506 0.296174
vn -0.607603 0.770775 0.191636
vn 0.402292 0.641017 0.653650
vn 0.458091 0.825147 0.330583
vn 0.721849 0.415878 0.553154
vn 0.356252 0.379898 0.853675
vn 0.000709 -0.106068 0.994359
vn -0.017895 -0.096706 0.995152
vn -0.564798 0.250835 0.786184
vn -0.052309 0.365593 0.929304
vn 0.272133 0.414488 0.868414
vn 0.512372 0.400396 0.759709
vn 0.611986 0.576721 0.541170
vn 0.599236 0.273237 0.752501
vn 0.640854 0.023333 0.767308
vn 0.642413 -0.101054 0.759666
vn 0.824179 -0.563440 -0.057135
vn 0.705995 -0.629910 -0.323705
vn 0.832480 -0.480722 -0.275469
vn 0.837957 -0.475555 -0.267724
vn 0.983710 0.082726 0.159599
vn 0.347841 -0.895979 -0.276095
vn -0.771801 -0.574221 -0.273117
vn 0.377838 -0.924160 -0.056276
vn 0.611673 -0.373633 0.697319
vn 0.659607 -0.743982 -0.106818
vn 0.519322 -0.772850 -0.364703
vn -0.802514 -0.589106 -0.094475
vn -0.751785 -0.605564 -0.260980
vn -0.697829 -0.657961 -0.283056
vn 0.256958 -0.868158 -0.424587
vn 0.064713 -0.892944 -0.445492
vn -0.303811 -0.845469 -0.439182
vn -0.256599 -0.855802 -0.449176
vn -0.655766 -0.692850 -0.299883
vn -0.564074 -0.736081 -0.374173
vn -0.371577 -0.925103 0.078194
vn -0.403263 -0.915017 0.011054
vn -0.459511 -0.888040 0.015315
vn -0.424226 -0.695265 0.580206
vn -0.357259 -0.776083 0.519675
vn -0.482747 -0.637384 -0.600580
vn 0.288720 -0.937515 0.194181
vn -0.561148 -0.806198 -0.187505
vn -0.413294 -0.794879 -0.444247
vn -0.606446 -0.765521 -0.214946
vn -0.070196 -0.003187 -0.997528
vn 0.066540 0.165749 -0.983921
vn 0.149380 0.237659 -0.959794
vn 0.157522 0.227170 -0.961031
vn -0.246312 -0.276041 -0.929049
vn -0.326140 -0.200844 -0.923739
vn 0.416303 -0.890187 -0.185090
vn 0.441020 -0.881723 -0.167528
vn -0.037949 0.116046 -0.992519
vn -0.040249 0.113455 -0.992728
vn -0.391072 -0.918408 -0.059918
vn -0.347599 -0.840527 -0.415558
vn -0.375577 -0.924819 -0.060432
vn -0.223888 0.015372 -0.974494
vn -0.135682 0.007276 -0.990726
vn 0.058747 0.108095 -0.992403
vn 0.029186 0.103344 -0.994217
vn 0.020380 0.154563 -0.987773
vn 0.088255 0.112748 -0.989696
vn 0.077437 0.068084 -0.994670
vn 0.092859 0.036645 -0.995005
vn 0.098544 -0.029554 -0.994694
vn 0.090621 -0.028925 -0.995465
vn 0.051033 0.054714 -0.997197
vn 0.044500 0.038491 -0.998268
vn -0.333055 -0.547553 0.767633
vn -0.322618 -0.567507 0.757531
vn -0.212958 -0.617003 0.757599
vn -0.242845 -0.480551 0.842672
vn -0.003875 -0.580781 0.814051
vn -0.014349 -0.414724 0.909834
vn 0.219790 -0.460057 0.860255
vn 0.155066 -0.390687 0.907369
vn 0.124520 -0.446156 0.886250
vn 0.172505 -0.536269 0.826231
vn 0.154362 -0.540583 0.827008
vn 0.169586 -0.506169 0.845596
vn 0.079266 -0.644713 0.760304
vn -0.534759 -0.776211 -0.333959
vn 0.230951 -0.481987 -0.845193
vn -0.259611 -0.646237 -0.717621
vn -0.270841 -0.647046 -0.712725
vn 0.791801 -0.540383 -0.284671
vn 0.966064 0.188571 0.176528
vn 0.852167 -0.454316 -0.259630
vn -0.420259 0.898471 0.127017
vn -0.488645 0.858279 0.156792
vn 0.250751 0.927129 0.278488
vn 0.182271 0.957359 0.224147
vn -0.706329 0.706249 0.048079
vn -0.623785 0.405161 -0.668384
vn 0.583448 0.727360 0.361296
vn 0.639353 0.672399 0.372972
vn 0.773420 0.582589 0.249823
vn 0.750731 0.612166 0.248306
vn 0.725803 0.619033 0.300012
vn 0.549229 0.785313 0.285711
vn 0.582665 0.773774 0.248547
vn 0.019314 -0.115383 0.993133
vn 0.181439 0.266781 -0.946524
vn 0.592672 0.779093 -0.204337
vn 0.165829 0.275316 -0.946943
vn 0.890501 0.391730 0.231423
vn 0.897487 0.384330 0.216351
vn 0.152860 0.939691 0.305965
vn 0.146466 0.942516 0.300352
vn 0.596074 0.732271 0.329356
vn -0.883686 0.323743 -0.338068
vn -0.792063 0.197419 -0.577635
vn -0.899570 0.175782 -0.399842
vn -0.927530 0.230894 -0.293899
vn 0.853740 0.220551 -0.471683
vn 0.910480 0.377226 -0.169490
vn 0.936495 0.307347 -0.168863
vn 0.864395 0.087651 -0.495115
vn -0.823538 0.565948 -0.038580
vn -0.696499 0.533756 -0.479578
vn 0.728087 0.648650 -0.221680
vn 0.806105 0.580656 -0.114165
vn 0.810557 0.548166 -0.206185
vn -0.884466 0.407416 -0.227447
vn -0.842018 0.482797 -0.240651
vn -0.607600 0.770777 -0.191636
vn -0.120474 0.947505 -0.296177
vn -0.237666 0.604843 -0.760053
vn 0.458088 0.825148 -0.330585
vn 0.402292 0.641019 -0.653648
vn 0.721850 0.415878 -0.553153
vn 0.356248 0.379891 -0.853680
vn -0.017901 -0.096729 -0.995150
vn 0.000695 -0.106086 -0.994357
vn -0.564801 0.250839 -0.786181
vn -0.052310 0.365597 -0.929302
vn 0.272136 0.414495 -0.868410
vn 0.611985 0.576720 -0.541172
vn 0.512378 0.400401 -0.759703
vn 0.599237 0.273243 -0.752498
vn 0.640861 0.023343 -0.767302
vn 0.642418 -0.101039 -0.759664
vn 0.824177 -0.563443 0.057139
vn 0.837946 -0.475573 0.267724
vn 0.832470 -0.480739 0.275471
vn 0.705991 -0.629913 0.323707
vn 0.983709 0.082729 -0.159600
vn 0.377845 -0.924157 0.056277
vn -0.771801 -0.574223 0.273115
vn 0.347851 -0.895975 0.276094
vn 0.659605 -0.743983 0.106822
vn 0.611679 -0.373646 -0.697308
vn 0.519325 -0.772848 0.364702
vn -0.802512 -0.589106 0.094491
vn -0.697830 -0.657959 0.283060
vn -0.751786 -0.605564 0.260980
vn 0.064712 -0.892944 0.445492
vn 0.256961 -0.868158 0.424585
vn -0.303811 -0.845469 0.439182
vn -0.256598 -0.855802 0.449178
vn -0.655771 -0.692848 0.299877
vn -0.564072 -0.736083 0.374172
vn -0.459495 -0.888049 -0.015286
vn -0.403234 -0.915031 -0.011037
vn -0.371541 -0.925119 -0.078179
vn -0.357248 -0.776092 -0.519668
vn -0.424225 -0.695263 -0.580209
vn 0.288700 -0.937522 -0.194177
vn -0.482759 -0.637368 0.600588
vn -0.606459 -0.765508 0.214951
vn -0.413298 -0.794880 0.444242
vn -0.561141 -0.806205 0.187496
vn -0.070189 -0.003190 0.997529
vn 0.157521 0.227186 0.961027
vn 0.149408 0.237638 0.959794
vn 0.066557 0.165730 0.983923
vn -0.326142 -0.200844 0.923739
vn -0.246306 -0.276049 0.929048
vn 0.441021 -0.881718 0.167552
vn 0.416343 -0.890169 0.185086
vn -0.040243 0.113465 0.992727
vn -0.037959 0.116037 0.992519
vn -0.375540 -0.924834 0.060438
vn -0.347569 -0.840541 0.415557
vn -0.391052 -0.918416 0.059924
vn -0.135682 0.007276 0.990726
vn -0.223873 0.015371 0.974497
vn 0.020393 0.154532 0.987777
vn 0.029195 0.103338 0.994218
vn 0.058752 0.108088 0.992404
vn 0.092860 0.036643 0.995005
vn 0.077436 0.068081 0.994670
vn 0.088256 0.112741 0.989697
vn 0.090652 -0.028936 0.995462
vn 0.098551 -0.029562 0.994693
vn 0.044490 0.038481 0.998268
vn 0.051027 0.054715 0.997197
vn -0.322620 -0.567505 -0.757532
vn -0.333055 -0.547553 -0.767633
vn -0.242862 -0.480564 -0.842660
vn -0.212985 -0.616960 -0.757626
vn -0.014338 -0.414731 -0.909831
vn -0.003869 -0.580727 -0.814089
vn 0.219803 -0.460031 -0.860266
vn 0.124514 -0.446173 -0.886243
vn 0.155084 -0.390659 -0.907378
vn 0.154341 -0.540585 -0.827010
vn 0.172516 -0.536263 -0.826232
vn 0.079297 -0.644680 -0.760329
vn 0.169597 -0.506162 -0.845599
vn 0.230912 -0.482024 0.845182
vn -0.534746 -0.776214 0.333973
vn -0.270801 -0.647063 0.712725
vn -0.259599 -0.646256 0.717608
vn 0.791767 -0.540429 0.284677
vn 0.966061 0.188582 -0.176531
vn 0.852161 -0.454330 0.259629
vn -0.488651 0.858274 -0.156797
vn -0.420253 0.898473 -0.127017
vn 0.182269 0.957357 -0.224153
vn 0.250750 0.927127 -0.278494
vn -0.623784 0.405153 0.668390
vn -0.706329 0.706249 -0.048078
vn 0.583443 0.727363 -0.361300
vn 0.639348 0.672397 -0.372983
vn 0.773417 0.582594 -0.249820
vn 0.750736 0.612162 -0.248302
vn 0.725803 0.619032 -0.300015
vn 0.582667 0.773772 -0.248549
vn 0.549238 0.785309 -0.285705
vn 0.019291 -0.115396 -0.993132
vn 0.181500 0.266804 0.946506
vn 0.592674 0.779092 0.204334
vn 0.165850 0.275360 0.946927
vn 0.897492 0.384324 -0.216343
vn 0.890502 0.391727 -0.231421
vn 0.146460 0.942521 -0.300339
vn 0.152845 0.939700 -0.305945
vn 0.596068 0.732276 -0.329355
vn 0.803997 -0.137073 0.578619
vn 0.955480 0.050342 -0.290729
vn -0.955581 -0.049462 0.290550
vn -0.804334 0.137355 -0.578083
vn -0.205113 0.211030 -0.955717
vn 0.955479 0.050373 0.290727
vn 0.803997 -0.137075 -0.578618
vn -0.804338 0.137359 0.578077
vn -0.955584 -0.049460 -0.290538
# 3452 normals

g default
# 0 triangles in group

g MESH-0
s 1
f 1/1/1 2/2/2 3/3/2
f 3/3/2 4/4/3 1/1/1
f 5/5/4 6/6/4 7/7/5
f 7/7/5 8/8/6 5/5/4
f 9/9/7 10/10/7 11/11/8
f 11/11/8 12/12/9 13/9/7
f 14/13/10 15/14/11 16/15/12
f 16/15/12 17/16/13 14/13/10
f 18/17/14 19/18/14 20/19/15
f 21/19/15 22/20/16 18/17/14
f 23/21/17 24/22/17 25/23/17
f 26/19/18 27/24/18 28/25/19
f 28/25/19 22/20/16 29/19/18
f 18/17/14 1/1/1 4/4/3
f 4/4/3 19/18/14 18/17/14
f 30/21/20 31/26/20 32/27/20
f 33/27/20 34/22/20 35/21/20
f 36/28/21 14/13/10 17/16/13
f 17/16/13 37/23/22 36/28/21
f 38/22/23 39/29/23 36/28/21
f 14/13/10 36/28/21 40/29/24
f 41/29/25 42/30/26 14/13/10
f 15/14/11 14/13/10 42/30/26
f 42/30/26 43/31/27 15/14/11
f 44/32/28 45/33/29 28/25/19
f 28/25/19 46/24/30 47/32/30
f 5/5/4 48/34/31 49/35/32
f 50/35/32 6/6/4 5/5/4
f 48/34/31 51/36/33 52/37/34
f 53/37/34 54/35/34 48/34/31
f 45/33/29 55/32/35 56/37/35
f 57/37/36 51/36/33 45/33/29
f 58/38/37 59/39/38 60/40/39
f 60/40/39 61/41/40 58/38/37
f 62/42/41 63/43/42 64/44/43
f 64/44/43 65/45/44 62/42/41
f 66/46/45 67/47/46 68/48/47
f 68/48/47 69/49/48 66/46/45
f 66/46/45 69/49/48 70/50/49
f 70/50/49 71/51/50 66/46/45
f 72/52/51 73/53/52 74/54/52
f 75/54/53 76/55/54 72/52/51
f 76/55/54 77/54/55 71/51/50
f 71/51/50 70/50/49 76/55/54
f 78/56/56 79/57/57 80/58/58
f 81/58/59 82/59/59 78/56/56
f 68/48/47 83/47/60 79/57/57
f 79/57/57 78/56/56 68/48/47
f 72/52/51 62/42/41 84/45/61
f 85/45/62 86/53/62 72/52/51
f 87/60/63 58/38/37 61/41/40
f 61/41/40 88/61/64 89/60/64
f 59/39/38 58/38/37 90/62/65
f 91/62/66 92/63/66 59/39/38
f 93/1/2 94/4/3 95/3/2
f 95/3/2 96/2/2 97/1/2
f 98/5/67 99/8/67 100/7/5
f 100/7/5 101/6/4 102/5/67
f 103/9/7 104/12/9 105/11/7
f 106/11/7 107/10/7 108/9/7
f 109/13/68 110/16/69 111/15/70
f 111/15/70 112/14/71 109/13/68
f 113/17/15 114/20/15 115/19/15
f 116/19/15 117/18/14 118/17/15
f 119/28/72 120/22/73 121/23/73
f 122/25/18 123/24/18 124/19/18
f 125/19/18 126/20/18 127/25/18
f 128/17/74 117/18/14 94/4/3
f 94/4/3 129/1/74 130/17/74
f 131/21/75 132/22/75 133/27/75
f 134/27/75 135/26/75 136/21/75
f 119/28/72 137/23/76 110/16/69
f 110/16/69 109/13/68 119/28/72
f 138/22/77 119/28/72 139/29/77
f 109/13/68 140/30/78 141/29/79
f 142/29/80 119/28/72 109/13/68
f 112/14/71 143/31/81 140/30/78
f 140/30/78 109/13/68 112/14/71
f 144/32/30 145/24/30 146/25/30
f 147/25/82 148/33/82 149/32/82
f 150/35/32 151/34/32 152/5/32
f 153/5/32 101/6/4 154/35/32
f 155/34/34 156/35/34 157/37/34
f 158/37/34 159/36/34 160/34/34
f 161/33/36 162/36/36 163/37/36
f 164/37/83 165/32/83 166/33/83
f 167/38/84 168/41/85 169/40/86
f 169/40/86 170/39/87 167/38/84
f 171/42/88 172/45/89 173/44/90
f 173/44/90 174/43/91 171/42/88
f 175/48/92 176/47/93 177/46/94
f 177/46/94 178/49/95 175/48/92
f 179/50/96 178/49/95 177/46/94
f 177/46/94 180/51/97 179/50/96
f 181/54/98 182/53/98 183/52/99
f 183/52/99 184/55/100 185/54/101
f 180/51/97 186/54/102 184/55/100
f 184/55/100 179/50/96 180/51/97
f 187/56/103 188/59/104 189/58/104
f 190/58/105 191/57/106 187/56/103
f 175/48/92 187/56/103 191/57/106
f 191/57/106 192/47/107 175/48/92
f 183/52/99 193/53/108 194/45/108
f 195/45/109 171/42/88 183/52/99
f 196/60/110 197/61/110 168/41/85
f 168/41/85 167/38/84 198/60/111
f 199/62/112 167/38/84 170/39/87
f 170/39/87 200/63/113 201/62/113
f 202/22/114 36/28/21 203/23/114
f 204/22/115 205/21/115 206/23/115
f 8/8/6 7/7/5 12/12/9
f 12/12/9 11/11/8 8/8/6
f 104/12/9 100/7/5 207/8/116
f 208/8/116 209/11/116 104/12/9
f 210/64/117 211/65/118 212/66/119
f 212/66/119 213/67/120 210/64/117
f 214/68/121 215/69/122 216/70/123
f 216/70/123 217/71/124 214/68/121
f 218/72/125 219/73/126 220/74/126
f 220/74/126 221/75/127 218/72/125
f 220/74/126 219/73/126 211/65/118
f 211/65/118 210/64/117 220/74/126
f 222/76/128 223/77/128 224/78/128
f 224/78/128 225/79/128 226/76/128
f 221/75/127 227/80/129 228/81/127
f 228/81/127 218/72/125 221/75/127
f 224/78/128 229/77/128 230/82/128
f 214/68/121 217/71/124 213/67/120
f 213/67/120 212/66/119 214/68/121
f 231/83/130 228/81/127 232/80/130
f 233/80/130 234/84/130 231/83/130
f 235/85/131 236/86/128 224/78/128
f 224/78/128 237/82/128 235/85/131
f 217/71/124 216/70/123 235/85/131
f 235/85/131 238/82/132 217/71/124
f 239/87/133 240/88/134 241/89/135
f 241/89/135 242/90/136 239/87/133
f 243/91/137 244/92/138 245/93/139
f 245/93/139 246/94/140 243/91/137
f 247/95/141 248/96/142 249/97/143
f 249/97/143 250/98/144 247/95/141
f 251/99/145 252/100/146 253/101/147
f 253/101/147 254/102/147 251/99/145
f 242/90/136 241/89/135 244/92/138
f 244/92/138 243/91/137 242/90/136
f 240/88/134 239/87/133 255/103/148
f 256/103/148 257/104/148 240/88/134
f 246/94/140 245/93/139 248/96/142
f 248/96/142 247/95/141 246/94/140
f 250/98/144 249/97/143 252/100/146
f 252/100/146 251/99/145 250/98/144
f 258/66/149 259/65/150 260/64/151
f 260/64/151 261/67/152 258/66/149
f 262/70/122 263/69/122 264/68/153
f 264/68/153 265/71/154 266/70/122
f 267/74/155 268/73/155 269/72/156
f 269/72/156 270/75/157 267/74/155
f 267/74/155 260/64/151 259/65/150
f 259/65/150 268/73/155 267/74/155
f 271/78/128 272/77/128 273/76/128
f 274/76/128 275/79/128 271/78/128
f 276/81/157 277/80/158 270/75/157
f 270/75/157 269/72/156 276/81/157
f 271/78/128 278/82/128 279/77/128
f 264/68/153 258/66/149 261/67/152
f 261/67/152 265/71/154 264/68/153
f 280/80/130 276/81/157 281/83/130
f 282/83/130 283/84/130 284/80/130
f 285/85/128 286/82/128 271/78/128
f 271/78/128 287/86/128 288/85/128
f 265/71/154 289/82/132 290/85/132
f 291/85/132 292/70/132 265/71/154
f 293/89/133 294/88/136 295/87/135
f 295/87/135 296/90/134 293/89/133
f 297/93/145 298/92/159 299/91/160
f 299/91/160 300/94/146 297/93/145
f 301/97/141 302/96/144 303/95/143
f 303/95/143 304/98/142 301/97/141
f 305/101/161 306/100/140 307/99/139
f 307/99/139 308/102/161 305/101/161
f 298/92/159 293/89/133 296/90/134
f 296/90/134 299/91/160 298/92/159
f 309/103/162 295/87/135 294/88/136
f 294/88/136 310/104/162 311/103/162
f 302/96/144 297/93/145 300/94/146
f 300/94/146 303/95/143 302/96/144
f 306/100/140 301/97/141 304/98/142
f 304/98/142 307/99/139 306/100/140
f 312/105/128 313/106/128 314/107/128
f 314/107/128 315/108/128 312/105/128
f 312/105/128 316/109/128 317/110/128
f 317/110/128 313/106/128 312/105/128
f 318/111/163 319/112/164 320/113/164
f 321/113/164 322/114/165 318/111/163
f 323/115/166 324/116/167 325/117/168
f 325/117/168 326/118/169 323/115/166
f 327/119/170 328/120/171 329/112/171
f 330/112/171 318/111/163 327/119/170
f 331/121/172 332/122/172 333/120/172
f 334/120/172 327/119/170 331/121/172
f 323/115/166 322/114/165 335/123/147
f 336/123/147 324/116/167 323/115/166
f 337/124/173 338/125/174 339/126/175
f 340/127/176 341/128/177 342/129/178
f 342/129/178 343/130/176 340/127/176
f 344/131/179 345/132/180 346/133/181
f 346/133/181 347/134/182 344/131/179
f 348/135/183 342/129/178 341/128/177
f 341/128/177 349/136/183 348/135/183
f 350/137/184 351/138/184 347/134/182
f 347/134/182 346/133/181 352/137/185
f 353/139/186 354/137/186 346/133/181
f 346/133/181 355/140/187 356/139/188
f 357/141/189 358/142/190 359/139/190
f 360/139/191 355/140/187 357/141/189
f 361/143/192 362/144/193 363/145/194
f 363/145/194 364/146/195 361/143/192
f 365/147/196 363/145/194 362/144/193
f 362/144/193 361/143/192 366/148/197
f 367/149/198 368/150/199 369/151/200
f 370/151/201 371/152/201 367/149/198
f 372/153/202 373/154/202 374/151/202
f 375/151/202 368/150/199 372/153/202
f 366/148/197 361/143/192 376/155/203
f 377/156/161 378/157/161 379/158/204
f 379/158/204 380/159/161 381/156/161
f 379/158/204 382/157/205 383/160/205
f 384/160/206 385/161/207 379/158/204
f 386/162/208 387/163/209 388/164/210
f 389/164/210 390/165/211 386/162/208
f 366/148/197 391/166/212 392/167/212
f 392/167/212 362/144/193 366/148/197
f 365/147/196 393/168/213 394/169/214
f 395/170/215 396/142/215 357/141/189
f 357/141/189 397/171/216 398/170/216
f 399/170/217 400/172/217 401/173/217
f 401/173/217 402/142/217 403/170/217
f 404/169/218 393/168/213 405/174/218
f 340/127/176 343/130/176 406/175/219
f 406/175/219 338/125/174 340/127/176
f 407/176/220 408/177/221 337/124/173
f 337/124/173 409/178/222 407/176/220
f 410/179/223 411/180/224 412/181/224
f 413/181/224 414/182/224 410/179/223
f 410/179/223 415/182/224 416/183/225
f 409/178/222 417/184/226 418/185/227
f 418/185/227 419/186/228 409/178/222
f 337/124/173 339/126/175 417/184/226
f 417/184/226 409/178/222 337/124/173
f 339/126/175 338/125/174 406/175/219
f 406/175/219 420/187/219 339/126/175
f 421/188/229 418/185/227 417/184/226
f 417/184/226 422/189/230 421/188/229
f 421/188/229 423/189/147 424/190/147
f 425/190/147 426/191/147 421/188/229
f 427/191/147 428/190/147 429/192/147
f 430/192/147 431/193/147 432/191/147
f 409/178/222 419/186/228 433/194/231
f 433/194/231 407/176/220 409/178/222
f 434/195/232 410/179/223 416/183/225
f 416/183/225 433/194/231 435/195/232
f 355/140/187 346/133/181 345/132/180
f 345/132/180 436/196/233 355/140/187
f 357/141/189 355/140/187 436/196/233
f 436/196/233 437/197/234 357/141/189
f 390/165/211 438/198/235 439/199/236
f 439/199/236 386/162/208 390/165/211
f 440/152/237 441/164/237 387/163/209
f 387/163/209 442/200/238 443/152/237
f 367/149/198 444/152/239 442/200/238
f 442/200/238 445/201/239 367/149/198
f 385/161/207 446/160/240 447/202/240
f 448/202/240 449/203/240 385/161/207
f 450/159/241 379/158/204 451/204/242
f 451/204/242 452/205/241 453/159/241
f 451/204/242 379/158/204 385/161/207
f 385/161/207 454/206/243 451/204/242
f 455/171/183 357/141/189 437/197/234
f 437/197/234 456/207/183 457/171/183
f 458/198/244 459/208/244 460/209/244
f 461/209/244 439/199/236 462/198/244
f 347/134/182 463/138/245 464/210/246
f 464/210/246 465/211/247 347/134/182
f 465/211/247 466/212/212 344/131/179
f 344/131/179 347/134/182 465/211/247
f 465/211/247 464/210/246 467/213/248
f 467/213/248 468/214/249 465/211/247
f 468/214/249 469/215/250 466/212/212
f 466/212/212 465/211/247 468/214/249
f 468/214/249 470/216/251 471/217/252
f 471/217/252 469/215/250 468/214/249
f 472/216/253 473/218/253 474/219/254
f 474/219/254 471/217/252 475/216/255
f 476/195/232 433/194/231 419/186/228
f 419/186/228 477/220/232 478/195/232
f 479/221/256 337/124/173 408/177/221
f 408/177/221 480/222/257 481/221/257
f 337/124/173 482/221/258 338/125/174
f 365/147/196 362/144/193 393/168/213
f 483/110/128 484/109/128 485/105/128
f 485/105/128 486/106/128 487/110/128
f 488/107/128 489/106/128 485/105/128
f 485/105/128 490/108/128 488/107/128
f 491/113/259 492/112/259 493/111/260
f 493/111/260 494/114/261 495/113/259
f 496/117/169 497/116/262 498/115/263
f 498/115/263 499/118/169 500/117/169
f 501/112/264 502/120/264 503/119/265
f 503/119/265 493/111/260 504/112/264
f 505/120/266 506/122/266 507/121/266
f 508/121/266 503/119/265 509/120/266
f 510/113/161 494/114/261 511/123/161
f 512/124/267 513/126/268 514/125/269
f 515/129/178 516/128/177 517/127/270
f 517/127/270 518/130/176 515/129/178
f 519/131/271 520/134/272 521/133/273
f 521/133/273 522/132/271 523/131/271
f 516/128/177 515/129/178 524/135/183
f 524/135/183 525/136/183 516/128/177
f 520/134/272 526/138/274 527/137/274
f 528/137/275 521/133/273 520/134/272
f 521/133/273 529/137/276 530/139/276
f 531/139/277 532/140/278 521/133/273
f 533/141/279 532/140/278 534/139/280
f 535/139/281 536/142/281 533/141/279
f 537/145/282 538/144/283 539/143/284
f 539/143/284 540/146/285 537/145/282
f 541/147/286 538/144/283 537/145/282
f 538/144/283 542/148/287 539/143/284
f 543/149/288 544/152/289 545/151/289
f 546/151/290 547/150/291 543/149/288
f 548/153/292 547/150/291 549/151/292
f 550/151/292 551/154/292 548/153/292
f 542/148/287 552/155/203 539/143/284
f 553/158/293 554/157/147 555/156/147
f 556/156/147 557/159/147 553/158/293
f 553/158/293 558/161/294 559/160/295
f 560/160/296 561/157/296 553/158/293
f 562/162/210 563/165/211 564/164/210
f 565/164/210 566/163/210 567/162/210
f 542/148/287 538/144/283 568/167/212
f 569/167/212 570/166/212 542/148/287
f 541/147/286 571/169/297 572/168/298
f 573/170/299 574/171/299 533/141/279
f 533/141/279 575/142/300 576/170/300
f 577/170/217 578/142/217 579/173/217
f 580/173/217 581/172/217 582/170/217
f 583/169/301 584/174/301 572/168/298
f 585/175/302 518/130/176 517/127/270
f 517/127/270 514/125/269 585/175/302
f 512/124/267 586/177/303 587/176/303
f 588/176/303 589/178/304 512/124/267
f 590/181/224 591/179/305 592/183/224
f 593/183/224 594/182/224 595/181/224
f 591/179/305 596/181/224 597/180/224
f 512/124/267 589/178/304 598/184/306
f 598/184/306 513/126/268 512/124/267
f 599/185/307 598/184/306 589/178/304
f 589/178/304 600/186/308 599/185/307
f 585/175/302 514/125/269 513/126/268
f 513/126/268 601/187/219 585/175/302
f 598/184/306 599/185/307 602/188/309
f 602/188/309 603/189/230 598/184/306
f 604/190/161 605/189/161 602/188/309
f 602/188/309 606/191/161 607/190/161
f 608/192/161 609/190/161 610/191/161
f 611/191/161 612/193/161 613/192/161
f 614/194/241 600/186/308 589/178/304
f 589/178/304 615/176/241 616/194/241
f 617/195/232 618/194/232 619/183/232
f 620/183/232 591/179/305 621/195/232
f 532/140/278 622/196/310 623/132/310
f 624/132/310 521/133/273 532/140/278
f 625/196/311 532/140/278 533/141/279
f 533/141/279 626/197/311 627/196/311
f 628/199/235 629/198/235 563/165/211
f 563/165/211 630/162/235 631/199/235
f 632/163/237 633/164/237 634/152/237
f 635/152/237 636/200/237 637/163/237
f 543/149/288 638/201/239 639/200/239
f 640/200/239 641/152/239 543/149/288
f 642/202/240 643/160/240 558/161/294
f 558/161/294 644/203/240 645/202/240
f 646/204/241 553/158/293 647/159/241
f 648/159/241 649/205/241 650/204/241
f 651/204/243 652/206/243 558/161/294
f 558/161/294 553/158/293 653/204/243
f 654/197/183 533/141/279 655/171/183
f 656/171/183 657/207/183 658/197/183
f 659/209/244 660/208/244 661/198/244
f 662/198/244 663/199/244 664/209/244
f 665/210/312 666/138/313 520/134/272
f 520/134/272 667/211/314 665/210/312
f 667/211/314 520/134/272 668/131/315
f 669/131/315 670/212/315 667/211/314
f 671/213/316 665/210/312 667/211/314
f 667/211/314 672/214/317 671/213/316
f 672/214/317 667/211/314 673/212/318
f 674/212/318 675/215/318 672/214/317
f 672/214/317 676/215/128 677/217/128
f 678/217/319 679/216/319 672/214/317
f 680/216/255 681/217/255 682/219/255
f 683/219/320 684/218/320 685/216/320
f 686/195/232 687/220/232 600/186/308
f 600/186/308 688/194/232 689/195/232
f 690/221/321 691/222/321 692/177/321
f 693/177/256 512/124/267 694/221/256
f 512/124/267 514/125/269 695/221/322
f 541/147/286 572/168/298 538/144/283
f 696/223/323 325/117/168 324/116/167
f 324/116/167 697/224/324 698/223/324
f 699/224/325 497/116/262 700/117/325
f 701/117/326 702/223/326 703/224/326
f 704/225/327 705/226/328 706/227/329
f 706/227/329 707/228/330 704/225/327
f 708/229/331 704/225/327 707/228/330
f 707/228/330 709/230/331 708/229/331
f 710/231/332 711/232/333 712/233/333
f 713/233/334 714/234/335 710/231/332
f 715/235/336 716/236/337 710/231/332
f 710/231/332 714/234/335 715/235/336
f 717/237/338 718/238/339 716/236/337
f 716/236/337 715/235/336 717/237/338
f 706/227/329 705/226/328 718/238/339
f 718/238/339 717/237/338 706/227/329
f 719/239/340 720/240/340 721/241/340
f 722/241/340 723/242/340 724/239/340
f 725/239/340 726/243/340 727/240/340
f 728/244/340 729/241/340 730/240/340
f 731/227/341 732/226/342 733/225/343
f 733/225/343 734/228/344 731/227/341
f 734/228/344 733/225/343 735/229/345
f 735/229/345 736/230/345 734/228/344
f 737/233/346 738/232/346 739/231/347
f 739/231/347 740/234/348 741/233/349
f 742/235/350 740/234/348 739/231/347
f 739/231/347 743/236/351 742/235/350
f 744/237/352 742/235/350 743/236/351
f 743/236/351 745/238/353 744/237/352
f 731/227/341 744/237/352 745/238/353
f 745/238/353 732/226/342 731/227/341
f 746/239/354 747/241/354 748/240/354
f 749/240/354 750/243/354 751/239/354
f 752/239/354 753/242/354 754/241/354
f 755/244/354 756/240/354 757/241/354
f 758/245/355 759/246/356 760/247/357
f 760/247/357 761/248/358 758/245/355
f 759/246/356 762/249/359 763/250/360
f 763/250/360 760/247/357 759/246/356
f 764/251/361 765/252/361 766/253/362
f 766/253/362 767/254/363 768/251/364
f 767/254/363 766/253/362 769/255/365
f 769/255/365 770/256/366 767/254/363
f 770/256/366 769/255/365 771/257/367
f 771/257/367 772/258/368 770/256/366
f 771/257/367 758/245/355 761/248/358
f 761/248/358 772/258/368 771/257/367
f 773/259/369 774/260/370 759/246/356
f 759/246/356 758/245/355 773/259/369
f 774/260/370 775/261/371 762/249/359
f 762/249/359 759/246/356 774/260/370
f 776/252/372 777/262/372 778/263/373
f 778/263/373 766/253/362 779/252/374
f 766/253/362 778/263/373 780/264/375
f 780/264/375 769/255/365 766/253/362
f 769/255/365 780/264/375 781/265/376
f 781/265/376 771/257/367 769/255/365
f 781/265/376 773/259/369 758/245/355
f 758/245/355 771/257/367 781/265/376
f 782/266/377 783/267/378 774/260/370
f 774/260/370 773/259/369 782/266/377
f 774/260/370 783/267/378 784/268/379
f 784/268/379 775/261/371 774/260/370
f 785/262/380 786/269/380 787/270/381
f 787/270/381 778/263/373 788/262/380
f 778/263/373 787/270/381 789/271/382
f 789/271/382 780/264/375 778/263/373
f 789/271/382 790/272/383 781/265/376
f 781/265/376 780/264/375 789/271/382
f 790/272/383 782/266/377 773/259/369
f 773/259/369 781/265/376 790/272/383
f 782/266/377 791/273/384 792/274/385
f 792/274/385 783/267/378 782/266/377
f 783/267/378 792/274/385 793/275/386
f 793/275/386 784/268/379 783/267/378
f 794/276/387 795/277/388 787/270/381
f 787/270/381 796/269/389 797/276/389
f 795/277/388 798/278/390 789/271/382
f 789/271/382 787/270/381 795/277/388
f 798/278/390 799/279/391 790/272/383
f 790/272/383 789/271/382 798/278/390
f 799/279/391 791/273/384 782/266/377
f 782/266/377 790/272/383 799/279/391
f 791/273/384 800/280/392 801/281/393
f 801/281/393 792/274/385 791/273/384
f 801/281/393 802/282/394 793/275/386
f 793/275/386 792/274/385 801/281/393
f 803/283/395 804/284/396 795/277/388
f 795/277/388 805/276/397 806/283/397
f 804/284/396 807/285/398 798/278/390
f 798/278/390 795/277/388 804/284/396
f 798/278/390 807/285/398 808/286/399
f 808/286/399 799/279/391 798/278/390
f 799/279/391 808/286/399 800/280/392
f 800/280/392 791/273/384 799/279/391
f 809/281/400 810/287/401 811/288/402
f 811/288/402 812/289/403 809/281/400
f 811/288/402 813/290/404 814/291/405
f 814/291/405 812/289/403 811/288/402
f 813/290/404 815/292/406 816/293/407
f 816/293/407 814/291/405 813/290/404
f 815/292/406 817/294/408 818/295/409
f 818/295/409 816/293/407 815/292/406
f 818/295/409 817/294/408 819/296/410
f 819/296/410 820/283/411 818/295/409
f 821/282/412 822/297/412 810/287/401
f 810/287/401 809/281/400 823/282/413
f 824/298/414 825/299/415 811/288/402
f 811/288/402 810/287/401 824/298/414
f 825/299/415 826/300/416 813/290/404
f 813/290/404 811/288/402 825/299/415
f 826/300/416 827/301/417 815/292/406
f 815/292/406 813/290/404 826/300/416
f 815/292/406 827/301/417 828/302/418
f 828/302/418 817/294/408 815/292/406
f 817/294/408 828/302/418 829/303/419
f 829/303/419 819/296/410 817/294/408
f 830/304/420 824/298/414 810/287/401
f 810/287/401 831/297/421 832/304/421
f 833/305/422 834/306/423 825/299/415
f 825/299/415 824/298/414 833/305/422
f 834/306/423 835/307/424 826/300/416
f 826/300/416 825/299/415 834/306/423
f 826/300/416 835/307/424 836/308/425
f 836/308/425 827/301/417 826/300/416
f 827/301/417 836/308/425 837/309/426
f 837/309/426 828/302/418 827/301/417
f 828/302/418 837/309/426 838/310/427
f 838/310/427 829/303/419 828/302/418
f 839/311/428 833/305/422 824/298/414
f 824/298/414 840/304/429 841/311/429
f 842/312/430 843/313/431 834/306/423
f 834/306/423 833/305/422 842/312/430
f 843/313/431 844/314/432 835/307/424
f 835/307/424 834/306/423 843/313/431
f 835/307/424 844/314/432 845/315/433
f 845/315/433 836/308/425 835/307/424
f 836/308/425 845/315/433 846/316/434
f 846/316/434 837/309/426 836/308/425
f 837/309/426 846/316/434 847/317/435
f 847/317/435 838/310/427 837/309/426
f 848/318/436 842/312/430 833/305/422
f 833/305/422 849/311/437 850/318/437
f 851/247/438 852/319/439 843/313/431
f 843/313/431 842/312/430 851/247/438
f 852/319/439 853/320/440 844/314/432
f 844/314/432 843/313/431 852/319/439
f 844/314/432 853/320/440 854/321/441
f 854/321/441 845/315/433 844/314/432
f 845/315/433 854/321/441 855/322/442
f 855/322/442 846/316/434 845/315/433
f 846/316/434 855/322/442 856/251/443
f 856/251/443 847/317/435 846/316/434
f 857/250/444 851/247/438 842/312/430
f 842/312/430 858/318/445 859/250/445
f 860/245/446 861/246/447 862/247/448
f 862/247/448 863/248/449 860/245/446
f 861/246/447 864/249/450 865/250/451
f 865/250/451 862/247/448 861/246/447
f 866/251/452 867/252/452 868/253/453
f 868/253/453 869/254/454 870/251/455
f 869/254/454 868/253/453 871/255/456
f 871/255/456 872/256/457 869/254/454
f 872/256/457 871/255/456 873/257/458
f 873/257/458 874/258/459 872/256/457
f 873/257/458 860/245/446 863/248/449
f 863/248/449 874/258/459 873/257/458
f 875/306/460 876/305/461 861/246/447
f 861/246/447 860/245/446 875/306/460
f 876/305/461 877/311/462 864/249/450
f 864/249/450 861/246/447 876/305/461
f 878/252/463 879/310/463 880/323/464
f 880/323/464 868/253/453 881/252/465
f 868/253/453 880/323/464 882/324/466
f 882/324/466 871/255/456 868/253/453
f 871/255/456 882/324/466 883/307/467
f 883/307/467 873/257/458 871/255/456
f 883/307/467 875/306/460 860/245/446
f 860/245/446 873/257/458 883/307/467
f 884/266/468 885/267/469 876/305/461
f 876/305/461 875/306/460 884/266/468
f 885/267/469 886/268/470 877/311/462
f 877/311/462 876/305/461 885/267/469
f 887/310/471 888/269/471 889/270/472
f 889/270/472 880/323/464 890/310/473
f 880/323/464 889/270/472 891/271/474
f 891/271/474 882/324/466 880/323/464
f 882/324/466 891/271/474 892/272/475
f 892/272/475 883/307/467 882/324/466
f 892/272/475 884/266/468 875/306/460
f 875/306/460 883/307/467 892/272/475
f 893/325/476 894/326/477 885/267/469
f 885/267/469 884/266/468 893/325/476
f 894/326/477 895/327/478 886/268/470
f 886/268/470 885/267/469 894/326/477
f 896/269/479 897/328/479 898/329/480
f 898/329/480 889/270/472 899/269/481
f 889/270/472 898/329/480 900/330/482
f 900/330/482 891/271/474 889/270/472
f 891/271/474 900/330/482 901/331/483
f 901/331/483 892/272/475 891/271/474
f 901/331/483 893/325/476 884/266/468
f 884/266/468 892/272/475 901/331/483
f 893/325/476 902/280/484 903/281/485
f 903/281/485 894/326/477 893/325/476
f 903/281/485 904/282/486 895/327/478
f 895/327/478 894/326/477 903/281/485
f 905/283/487 906/284/488 898/329/480
f 898/329/480 907/328/489 908/283/489
f 906/284/488 909/285/490 900/330/482
f 900/330/482 898/329/480 906/284/488
f 900/330/482 909/285/490 910/286/491
f 910/286/491 901/331/483 900/330/482
f 901/331/483 910/286/491 902/280/484
f 902/280/484 893/325/476 901/331/483
f 911/332/492 912/333/492 913/334/493
f 913/334/493 914/335/494 911/332/492
f 915/336/495 916/337/496 917/338/496
f 918/338/496 919/339/497 915/336/495
f 920/340/498 915/336/495 919/339/497
f 919/339/497 921/341/499 920/340/498
f 922/342/500 920/340/498 921/341/499
f 921/341/499 923/343/500 922/342/500
f 924/344/501 925/345/502 922/342/500
f 922/342/500 923/343/500 924/344/501
f 914/335/494 913/334/493 925/345/502
f 925/345/502 924/344/501 914/335/494
f 926/332/492 927/335/494 928/334/493
f 928/334/493 929/333/492 926/332/492
f 930/336/495 931/339/497 932/338/496
f 933/338/496 934/337/496 930/336/495
f 935/340/498 936/341/499 931/339/497
f 931/339/497 930/336/495 935/340/498
f 937/342/500 938/343/500 936/341/499
f 936/341/499 935/340/498 937/342/500
f 939/344/501 938/343/500 937/342/500
f 937/342/500 940/345/502 939/344/501
f 927/335/494 939/344/501 940/345/502
f 940/345/502 928/334/493 927/335/494
f 498/115/263 497/116/262 941/123/161
f 942/123/161 494/114/261 498/115/263
f 322/114/165 943/113/147 944/123/147
f 945/334/503 946/335/504 947/332/183
f 947/332/183 948/333/183 945/334/503
f 949/338/505 950/339/506 951/336/507
f 951/336/507 952/337/505 953/338/505
f 950/339/506 954/341/508 955/340/509
f 955/340/509 951/336/507 950/339/506
f 954/341/508 956/343/510 957/342/510
f 957/342/510 955/340/509 954/341/508
f 957/342/510 956/343/510 958/344/511
f 958/344/511 959/345/512 957/342/510
f 959/345/512 958/344/511 946/335/504
f 946/335/504 945/334/503 959/345/512
f 960/334/503 961/333/183 962/332/183
f 962/332/183 963/335/504 960/334/503
f 964/338/505 965/337/505 966/336/507
f 966/336/507 967/339/506 968/338/505
f 967/339/506 966/336/507 969/340/509
f 969/340/509 970/341/508 967/339/506
f 970/341/508 969/340/509 971/342/510
f 971/342/510 972/343/510 970/341/508
f 971/342/510 973/345/512 974/344/511
f 974/344/511 972/343/510 971/342/510
f 973/345/512 960/334/503 963/335/504
f 963/335/504 974/344/511 973/345/512
f 975/346/513 976/347/514 977/348/514
f 977/348/514 978/349/515 975/346/513
f 979/350/516 980/351/172 981/352/172
f 981/352/172 982/353/517 979/350/516
f 983/354/518 979/350/516 982/353/517
f 982/353/517 984/355/519 983/354/518
f 981/352/172 985/356/520 986/357/520
f 986/357/520 987/358/520 981/352/172
f 988/359/521 989/360/522 990/361/523
f 991/361/523 992/362/523 988/359/521
f 984/355/519 978/349/515 993/363/524
f 994/363/524 995/364/524 984/355/519
f 982/353/517 975/346/513 978/349/515
f 978/349/515 984/355/519 982/353/517
f 976/347/514 996/361/514 989/360/522
f 989/360/522 977/348/514 976/347/514
f 997/365/525 983/354/518 984/355/519
f 984/355/519 995/364/524 997/365/525
f 998/358/520 975/346/513 982/353/517
f 982/353/517 981/352/172 999/358/520
f 995/364/524 1000/363/524 1001/366/524
f 1002/366/524 1003/367/524 995/364/524
f 1004/368/526 1005/369/526 988/359/521
f 988/359/521 1006/362/526 1007/368/526
f 1008/370/527 1009/369/527 1010/368/527
f 1011/368/527 1012/371/527 1013/370/527
f 1014/372/514 1015/373/514 1016/374/528
f 1016/374/528 1017/375/529 1014/372/514
f 1018/376/266 1019/377/266 1020/378/530
f 1020/378/530 1016/374/528 1021/376/172
f 1016/374/528 1020/378/530 1022/379/531
f 1022/379/531 1017/375/529 1016/374/528
f 1023/380/525 1017/375/529 1022/379/531
f 1022/379/531 1024/381/532 1025/380/532
f 1026/382/533 1027/383/533 1028/384/534
f 1028/384/534 1029/385/535 1026/382/533
f 1029/385/535 1028/384/534 1030/386/536
f 1030/386/536 1031/387/537 1029/385/535
f 1031/387/537 1030/386/536 1032/388/538
f 1032/388/538 1033/389/538 1031/387/537
f 1032/388/538 1034/390/539 1035/391/540
f 1035/391/540 1033/389/538 1032/388/538
f 1034/390/539 1036/392/541 1037/393/541
f 1037/393/541 1035/391/540 1034/390/539
f 1038/394/542 1039/395/542 1040/396/542
f 1041/396/542 1042/397/542 1043/394/542
f 1044/394/542 1045/398/542 1046/395/542
f 1047/399/542 1048/396/542 1049/395/542
f 1050/400/543 1051/401/543 1052/402/544
f 1052/402/544 1053/403/543 1050/400/543
f 1054/404/545 1055/405/546 1056/406/547
f 1056/406/547 1057/407/547 1054/404/545
f 1058/408/548 1059/409/548 1060/410/549
f 1060/410/549 1061/411/550 1062/408/550
f 1063/412/551 1064/413/551 1065/414/552
f 1065/414/552 1066/415/553 1063/412/551
f 1064/413/551 1063/412/551 1067/416/554
f 1068/417/555 1069/418/556 1070/419/557
f 1070/419/557 1071/420/558 1068/417/555
f 1072/421/559 1073/422/560 1074/423/560
f 1075/423/561 1076/424/562 1072/421/559
f 1077/425/563 1078/423/563 1079/422/563
f 1080/426/564 1081/427/565 1082/428/566
f 1082/428/566 1083/429/567 1084/426/568
f 1085/430/569 1086/431/570 1087/432/569
f 1087/432/569 1088/433/571 1085/430/569
f 1055/405/546 1054/404/545 1083/429/567
f 1083/429/567 1082/428/566 1055/405/546
f 1089/434/572 1090/435/572 1091/436/572
f 1092/436/572 1093/437/572 1094/434/572
f 1056/406/547 1085/430/569 1088/433/571
f 1088/433/571 1057/407/547 1056/406/547
f 1095/438/573 1096/439/573 1097/440/573
f 1098/440/573 1099/441/573 1100/438/573
f 1101/442/574 1081/427/565 1102/426/575
f 1103/426/575 1104/443/575 1101/442/574
f 1105/443/576 1106/444/577 1101/442/574
f 1107/445/575 1081/427/565 1101/442/574
f 1108/446/578 1109/447/579 1110/448/579
f 1111/448/580 1112/449/581 1108/446/578
f 1052/402/544 1070/419/557 1069/418/556
f 1069/418/556 1113/450/543 1052/402/544
f 1114/450/582 1115/451/583 1052/402/544
f 1051/401/543 1070/419/557 1052/402/544
f 1116/452/584 1066/415/553 1117/453/584
f 1118/453/585 1119/454/585 1120/452/585
f 1065/414/552 1121/453/586 1066/415/553
f 1122/455/587 1123/423/588 1124/456/588
f 1125/456/589 1126/457/589 1122/455/587
f 1127/423/590 1122/455/587 1076/424/562
f 1115/451/583 1128/450/543 1129/458/543
f 1130/458/543 1131/459/543 1115/451/583
f 1132/460/591 1133/461/591 1134/462/591
f 1135/462/592 1136/463/592 1137/460/592
f 1106/444/577 1138/443/593 1139/464/593
f 1140/464/593 1141/465/594 1106/444/577
f 1142/466/588 1143/463/588 1144/467/588
f 1145/467/590 1146/468/590 1147/466/590
f 1148/463/587 1149/466/587 1150/460/587
f 1151/469/595 1152/466/595 1153/468/595
f 1154/468/596 1155/470/596 1156/469/596
f 1157/409/597 1158/470/597 1159/471/597
f 1160/471/554 1060/410/549 1161/409/554
f 1162/470/551 1163/409/551 1164/469/551
f 1165/448/593 1166/445/593 1101/442/574
f 1101/442/574 1112/449/581 1167/448/593
f 1141/465/594 1168/464/598 1169/472/598
f 1170/472/599 1171/473/599 1141/465/594
f 1071/420/558 1087/432/569 1086/431/570
f 1086/431/570 1068/417/555 1071/420/558
f 1072/421/559 1172/440/600 1173/439/600
f 1174/439/600 1175/474/600 1072/421/559
f 1072/421/559 1176/474/573 1177/422/573
f 1178/454/572 1179/475/572 1180/436/572
f 1181/436/601 1182/435/601 1183/454/601
f 1184/454/601 1185/435/601 1186/452/601
f 1187/476/602 1188/477/603 1189/478/604
f 1189/478/604 1190/479/605 1187/476/602
f 1190/479/605 1189/478/604 1191/480/606
f 1191/480/606 1192/481/607 1190/479/605
f 1192/481/607 1191/480/606 1193/482/585
f 1193/482/585 1194/483/608 1192/481/607
f 1195/484/543 1196/485/543 1188/477/603
f 1188/477/603 1187/476/602 1197/484/543
f 1198/486/609 1199/487/609 1200/488/610
f 1200/488/610 1201/489/611 1198/486/609
f 1201/489/611 1200/488/610 1202/490/606
f 1202/490/606 1203/491/612 1201/489/611
f 1203/491/612 1202/490/606 1204/492/613
f 1204/492/613 1205/493/614 1203/491/612
f 1205/493/614 1204/492/613 1206/494/543
f 1207/494/543 1208/495/543 1205/493/614
f 1190/479/605 1209/496/615 1210/497/616
f 1210/497/616 1187/476/602 1190/479/605
f 1211/498/617 1209/496/615 1190/479/605
f 1190/479/605 1192/481/607 1211/498/617
f 1212/499/618 1211/498/617 1192/481/607
f 1192/481/607 1194/483/608 1212/499/618
f 1213/500/619 1214/484/619 1187/476/602
f 1187/476/602 1210/497/616 1215/500/619
f 1201/489/611 1216/501/620 1217/502/621
f 1217/502/621 1198/486/609 1201/489/611
f 1216/501/620 1201/489/611 1203/491/612
f 1203/491/612 1218/503/622 1216/501/620
f 1219/504/623 1218/503/622 1203/491/612
f 1203/491/612 1205/493/614 1219/504/623
f 1220/505/624 1219/504/623 1205/493/614
f 1205/493/614 1221/495/625 1222/505/625
f 1218/503/622 1209/496/615 1211/498/617
f 1211/498/617 1216/501/620 1218/503/622
f 1216/501/620 1211/498/617 1223/506/626
f 1224/506/626 1225/507/626 1216/501/620
f 1226/508/627 1227/509/627 1210/497/616
f 1210/497/616 1219/504/623 1228/508/628
f 1218/503/622 1219/504/623 1210/497/616
f 1210/497/616 1209/496/615 1218/503/622
f 1229/510/629 1230/511/630 1231/512/631
f 1231/512/631 1232/513/632 1229/510/629
f 1233/514/633 1232/513/632 1231/512/631
f 1231/512/631 1234/515/634 1233/514/633
f 1233/514/633 1234/515/634 1235/516/635
f 1235/516/635 1236/517/635 1233/514/633
f 1237/518/543 1238/519/543 1230/511/630
f 1230/511/630 1229/510/629 1239/518/543
f 1240/520/600 1241/521/636 1242/522/637
f 1242/522/637 1243/523/638 1240/520/600
f 1243/523/638 1242/522/637 1244/524/639
f 1244/524/639 1245/525/640 1243/523/638
f 1245/525/640 1244/524/639 1246/526/641
f 1246/526/641 1247/527/642 1245/525/640
f 1248/528/543 1247/527/642 1246/526/641
f 1246/526/641 1249/529/543 1250/528/543
f 1245/525/640 1247/527/642 1229/510/629
f 1229/510/629 1232/513/632 1245/525/640
f 1245/525/640 1232/513/632 1233/514/633
f 1233/514/633 1243/523/638 1245/525/640
f 1243/523/638 1233/514/633 1251/530/643
f 1252/530/643 1253/531/643 1243/523/638
f 1254/532/543 1255/533/543 1229/510/629
f 1229/510/629 1247/527/642 1256/532/543
f 1191/480/606 1189/478/604 1257/534/644
f 1258/534/644 1259/535/644 1191/480/606
f 1202/490/606 1200/488/610 1260/536/645
f 1261/536/645 1262/537/645 1202/490/606
f 1263/538/646 1231/512/631 1230/511/630
f 1230/511/630 1264/539/646 1265/538/646
f 1266/540/647 1242/522/637 1241/521/636
f 1241/521/636 1267/541/647 1268/540/647
f 1269/542/648 1270/543/649 1271/544/650
f 1271/544/650 1272/545/651 1269/542/648
f 1273/546/652 1274/547/653 1271/544/650
f 1271/544/650 1275/548/652 1273/546/652
f 1276/549/654 1277/550/655 1278/551/654
f 1274/547/653 1272/545/651 1271/544/650
f 1279/552/656 1274/547/653 1280/553/657
f 1280/553/657 1281/554/657 1279/552/656
f 1269/542/648 1272/545/651 1282/555/658
f 1282/555/658 1283/556/659 1269/542/648
f 1284/557/660 1285/558/660 1286/559/661
f 1286/559/661 1287/560/662 1288/557/660
f 1289/561/663 1290/562/652 1291/557/652
f 1292/557/172 1287/560/662 1289/561/663
f 1289/561/663 1293/563/664 1294/564/665
f 1295/564/665 1296/562/665 1289/561/663
f 1287/560/662 1286/559/661 1297/565/666
f 1297/565/666 1298/566/667 1287/560/662
f 1299/567/668 1289/561/663 1287/560/662
f 1287/560/662 1298/566/667 1299/567/668
f 1293/563/664 1289/561/663 1299/567/668
f 1299/567/668 1300/568/669 1293/563/664
f 1286/559/661 1301/569/219 1302/570/219
f 1303/570/219 1297/565/666 1286/559/661
f 1298/566/667 1297/565/666 1304/571/670
f 1304/571/670 1305/572/671 1298/566/667
f 1299/567/668 1298/566/667 1305/572/671
f 1305/572/671 1306/573/672 1299/567/668
f 1300/568/669 1299/567/668 1306/573/672
f 1306/573/672 1307/574/673 1300/568/669
f 1304/571/670 1297/565/666 1308/570/219
f 1309/570/197 1310/575/197 1304/571/670
f 1305/572/671 1304/571/670 1311/576/674
f 1311/576/674 1312/577/675 1305/572/671
f 1313/578/676 1306/573/672 1305/572/671
f 1305/572/671 1312/577/675 1313/578/676
f 1307/574/673 1306/573/672 1313/578/676
f 1313/578/676 1314/579/677 1307/574/673
f 1304/571/670 1315/575/212 1316/580/212
f 1317/580/197 1311/576/674 1304/571/670
f 1318/581/678 1319/582/678 1320/583/679
f 1320/583/679 1321/584/680 1322/581/678
f 1320/583/679 1277/550/655 1321/584/680
f 1323/585/681 1324/586/681 1321/584/680
f 1321/584/680 1277/550/655 1325/585/681
f 1314/579/677 1313/578/676 1326/587/682
f 1327/587/682 1328/588/682 1314/579/677
f 1329/580/212 1330/589/212 1311/576/674
f 1312/577/675 1331/587/681 1313/578/676
f 1279/552/656 1282/555/658 1272/545/651
f 1272/545/651 1274/547/653 1279/552/656
f 1332/590/683 1320/583/679 1333/582/678
f 1334/582/678 1335/591/684 1332/590/683
f 1335/591/684 1336/582/685 1337/592/685
f 1338/592/685 1339/593/685 1335/591/684
f 1340/594/686 1341/595/654 1278/551/654
f 1278/551/654 1277/550/655 1340/594/686
f 1340/594/686 1277/550/655 1320/583/679
f 1320/583/679 1332/590/683 1340/594/686
f 1342/596/687 1269/542/648 1283/556/659
f 1283/556/659 1343/597/687 1344/596/687
f 1345/558/197 1346/598/197 1347/569/197
f 1348/569/219 1286/559/661 1349/558/219
f 1274/547/653 1350/599/657 1280/553/657
f 1351/544/688 1352/543/649 1353/542/648
f 1353/542/648 1354/545/651 1351/544/688
f 1351/544/688 1355/547/689 1356/546/212
f 1356/546/212 1357/548/212 1351/544/688
f 1358/549/654 1359/551/654 1360/550/690
f 1355/547/689 1351/544/688 1354/545/651
f 1361/552/657 1362/554/657 1363/553/657
f 1363/553/657 1355/547/689 1364/552/657
f 1365/555/649 1354/545/651 1353/542/648
f 1353/542/648 1366/556/649 1367/555/649
f 1368/559/691 1369/558/660 1370/557/660
f 1371/557/660 1372/560/692 1368/559/691
f 1373/561/693 1372/560/692 1374/557/212
f 1375/557/212 1376/562/212 1373/561/693
f 1377/564/665 1378/563/664 1373/561/693
f 1373/561/693 1379/562/694 1380/564/694
f 1381/565/695 1368/559/691 1372/560/692
f 1372/560/692 1382/566/696 1381/565/695
f 1383/567/697 1382/566/696 1372/560/692
f 1372/560/692 1373/561/693 1383/567/697
f 1383/567/697 1373/561/693 1378/563/664
f 1378/563/664 1384/568/669 1383/567/697
f 1385/570/698 1386/569/698 1368/559/691
f 1368/559/691 1381/565/695 1387/570/232
f 1388/571/699 1381/565/695 1382/566/696
f 1382/566/696 1389/572/700 1388/571/699
f 1389/572/700 1382/566/696 1383/567/697
f 1383/567/697 1390/573/701 1389/572/700
f 1390/573/701 1383/567/697 1384/568/669
f 1384/568/669 1391/574/673 1390/573/701
f 1388/571/699 1392/575/232 1393/570/232
f 1394/570/232 1381/565/695 1388/571/699
f 1395/576/702 1388/571/699 1389/572/700
f 1389/572/700 1396/577/703 1395/576/702
f 1397/578/704 1396/577/703 1389/572/700
f 1389/572/700 1390/573/701 1397/578/704
f 1397/578/704 1390/573/701 1391/574/673
f 1391/574/673 1398/579/705 1397/578/704
f 1399/580/232 1400/575/232 1388/571/699
f 1388/571/699 1395/576/702 1401/580/232
f 1402/583/679 1403/582/706 1404/581/706
f 1405/581/706 1406/584/707 1402/583/679
f 1402/583/679 1406/584/707 1360/550/690
f 1407/585/212 1360/550/690 1406/584/707
f 1406/584/707 1408/586/212 1409/585/212
f 1410/587/708 1397/578/704 1398/579/705
f 1398/579/705 1411/588/708 1412/587/708
f 1413/580/232 1395/576/702 1414/589/232
f 1396/577/703 1397/578/704 1415/587/212
f 1416/552/709 1355/547/689 1354/545/651
f 1354/545/651 1417/555/709 1418/552/709
f 1419/582/706 1402/583/679 1420/590/706
f 1421/590/678 1422/591/678 1423/582/678
f 1424/592/685 1425/582/685 1426/591/685
f 1427/591/685 1428/593/685 1429/592/685
f 1430/594/654 1360/550/690 1359/551/654
f 1359/551/654 1431/595/654 1432/594/654
f 1402/583/679 1360/550/690 1433/594/710
f 1434/594/710 1435/590/710 1402/583/679
f 1436/556/687 1353/542/648 1437/596/687
f 1438/596/687 1439/597/687 1440/556/687
f 1441/558/698 1368/559/691 1442/569/698
f 1443/569/266 1444/598/266 1445/558/266
f 1355/547/689 1363/553/657 1446/599/657
f 1447/600/711 1448/601/712 1449/602/712
f 1449/602/712 1450/603/713 1447/600/711
f 1451/604/714 1452/605/714 1453/606/714
f 1453/606/714 1454/607/714 1451/604/714
f 1455/608/715 1447/600/711 1450/603/713
f 1450/603/713 1456/609/716 1455/608/715
f 1450/603/713 1457/610/717 1458/611/718
f 1458/611/718 1456/609/716 1450/603/713
f 1459/612/719 1456/609/716 1460/613/720
f 1460/613/720 1461/614/721 1459/612/719
f 1456/609/716 1459/612/719 1455/608/715
f 1458/611/718 1462/615/722 1460/613/720
f 1460/613/720 1456/609/716 1458/611/718
f 1463/616/723 1462/615/722 1458/611/718
f 1464/617/724 1465/618/724 1466/619/725
f 1466/619/725 1467/620/724 1468/617/724
f 1469/621/726 1466/619/725 1470/618/724
f 1471/622/727 1459/612/719 1466/619/725
f 1466/619/725 1469/621/726 1471/622/727
f 1455/608/715 1459/612/719 1471/622/727
f 1472/623/728 1447/600/711 1455/608/715
f 1455/608/715 1471/622/727 1473/623/728
f 1474/624/203 1475/625/203 1476/626/203
f 1477/626/203 1478/627/203 1479/624/203
f 1480/626/729 1469/621/726 1481/618/729
f 1482/618/730 1483/627/730 1484/626/730
f 1485/628/731 1459/612/719 1461/614/721
f 1461/614/721 1486/629/172 1487/628/172
f 1461/614/721 1488/630/732 1489/631/732
f 1490/631/732 1491/629/732 1461/614/721
f 1467/620/724 1466/619/725 1492/632/724
f 1493/632/525 1494/633/525 1467/620/724
f 1459/612/719 1495/628/733 1496/632/733
f 1497/632/733 1466/619/725 1459/612/719
f 1498/634/734 1499/635/735 1500/636/736
f 1500/636/736 1501/637/736 1498/634/734
f 1502/638/737 1501/637/736 1500/636/736
f 1500/636/736 1503/639/737 1502/638/737
f 1504/640/738 1505/641/739 1506/642/739
f 1507/642/739 1508/643/738 1504/640/738
f 1504/640/738 1508/643/738 1499/635/735
f 1499/635/735 1498/634/734 1504/640/738
f 1509/644/740 1510/645/741 1511/646/742
f 1511/646/742 1512/647/742 1509/644/740
f 1513/648/743 1512/647/742 1511/646/742
f 1511/646/742 1514/649/743 1513/648/743
f 1515/650/744 1516/651/745 1517/652/745
f 1518/652/745 1519/653/744 1515/650/744
f 1515/650/744 1519/653/744 1520/654/746
f 1520/654/746 1521/655/747 1515/650/744
f 1521/655/747 1520/654/746 1522/656/748
f 1522/656/748 1523/657/749 1521/655/747
f 1523/657/749 1522/656/748 1524/658/750
f 1524/658/750 1525/659/751 1523/657/749
f 1525/659/751 1524/658/750 1526/660/752
f 1526/660/752 1527/661/753 1525/659/751
f 1527/661/753 1526/660/752 1510/645/741
f 1510/645/741 1509/644/740 1527/661/753
f 1528/662/754 1529/663/754 1530/664/754
f 1531/664/754 1532/665/754 1533/662/754
f 1534/666/754 1535/663/754 1536/662/754
f 1537/662/755 1538/667/755 1539/666/755
f 1540/666/754 1541/668/754 1542/663/754
f 1543/669/754 1544/664/754 1545/663/754
f 1546/664/756 1547/666/756 1548/663/756
f 1549/663/757 1550/669/757 1551/664/757
f 1552/662/757 1553/666/757 1554/664/757
f 1555/664/757 1556/665/757 1557/662/757
f 1558/662/756 1559/667/756 1560/666/756
f 1561/668/756 1562/663/756 1563/666/756
f 1564/670/758 1565/671/759 1566/672/760
f 1566/672/760 1567/673/761 1564/670/758
f 1564/670/758 1568/674/762 1569/675/763
f 1569/675/763 1570/676/763 1564/670/758
f 1565/671/759 1571/677/764 1572/678/764
f 1572/678/764 1566/672/760 1565/671/759
f 1573/679/765 1574/680/765 1575/681/766
f 1575/681/766 1567/673/761 1576/679/765
f 1567/673/761 1575/681/766 1568/674/762
f 1568/674/762 1564/670/758 1567/673/761
f 1577/682/767 1578/683/768 1579/684/769
f 1579/684/769 1580/685/770 1577/682/767
f 1579/684/769 1578/683/768 1581/686/771
f 1581/686/771 1582/687/772 1579/684/769
f 1583/688/773 1577/682/767 1580/685/770
f 1580/685/770 1584/689/773 1583/688/773
f 1585/690/739 1586/691/739 1583/688/773
f 1583/688/773 1584/689/773 1587/690/739
f 1588/692/774 1589/693/774 1590/694/775
f 1590/694/775 1591/695/776 1588/692/774
f 1592/696/777 1593/697/778 1594/698/779
f 1594/698/779 1595/699/780 1592/696/777
f 1596/700/781 1597/701/782 1598/702/782
f 1599/702/782 1600/703/783 1596/700/781
f 1601/704/784 1602/705/785 1603/706/786
f 1603/706/786 1604/707/787 1601/704/784
f 1605/708/788 1606/709/788 1607/710/789
f 1607/710/789 1608/711/790 1609/708/791
f 1591/695/776 1590/694/775 1610/712/792
f 1611/712/793 1612/713/794 1591/695/776
f 1613/714/795 1614/715/795 1596/700/781
f 1596/700/781 1615/716/796 1613/714/795
f 1614/715/795 1616/717/795 1596/700/781
f 1617/718/797 1615/716/796 1596/700/781
f 1596/700/781 1600/703/783 1617/718/797
f 1618/719/798 1615/716/796 1617/718/797
f 1601/704/784 1604/707/787 1619/720/799
f 1619/720/799 1620/721/800 1601/704/784
f 1621/722/801 1622/723/801 1623/708/802
f 1624/708/802 1625/724/803 1621/722/801
f 1622/723/801 1626/725/802 1627/708/802
f 1625/724/803 1628/708/804 1608/711/790
f 1608/711/790 1629/726/805 1625/724/803
f 1630/727/806 1625/724/803 1629/726/805
f 1631/712/807 1632/728/807 1633/729/807
f 1634/729/808 1612/713/794 1635/712/808
f 1602/705/785 1636/730/809 1637/731/810
f 1638/731/810 1603/706/786 1602/705/785
f 1639/732/811 1640/733/811 1641/719/811
f 1642/719/812 1617/718/797 1643/732/812
f 1644/734/813 1645/735/813 1646/727/813
f 1647/727/814 1629/726/805 1648/734/814
f 1588/692/774 1649/736/815 1650/737/815
f 1651/737/815 1589/693/774 1588/692/774
f 1652/731/816 1636/730/809 1653/738/816
f 1654/738/816 1655/739/816 1656/731/816
f 1657/740/817 1658/741/817 1659/737/817
f 1660/737/817 1661/736/817 1662/740/817
f 1613/714/795 1615/716/796 1663/742/818
f 1663/742/818 1664/743/818 1613/714/795
f 1665/721/819 1619/720/799 1666/744/820
f 1666/744/820 1667/745/821 1668/721/821
f 1621/722/801 1625/724/803 1669/746/822
f 1670/746/822 1671/747/822 1621/722/801
f 1672/728/823 1594/698/779 1593/697/778
f 1593/697/778 1673/729/824 1674/728/824
f 1675/748/825 1676/749/826 1677/745/826
f 1678/745/826 1666/744/820 1675/748/825
f 1614/715/795 1679/750/818 1680/751/818
f 1681/751/818 1616/717/795 1614/715/795
f 1622/723/801 1682/752/822 1683/753/822
f 1684/753/822 1685/725/822 1622/723/801
f 1595/699/780 1686/754/827 1687/755/827
f 1688/755/827 1592/696/777 1595/699/780
f 1689/749/828 1675/748/825 1690/756/828
f 1691/756/828 1692/757/828 1693/749/828
f 1694/757/826 1695/756/826 1696/755/826
f 1697/755/826 1698/754/826 1699/757/826
f 1700/758/829 1701/759/830 1702/760/831
f 1702/760/831 1703/761/832 1700/758/829
f 1704/762/833 1705/763/833 1706/764/834
f 1706/764/834 1707/765/835 1704/762/833
f 1708/766/836 1709/767/836 1710/768/837
f 1710/768/837 1711/769/838 1712/766/836
f 1713/770/839 1714/771/840 1715/772/841
f 1715/772/841 1716/773/842 1713/770/839
f 1717/774/843 1718/775/843 1719/776/844
f 1719/776/844 1720/777/843 1721/774/843
f 1722/778/845 1703/761/832 1702/760/831
f 1702/760/831 1723/779/846 1722/778/845
f 1724/780/847 1707/765/835 1706/764/834
f 1706/764/834 1711/769/838 1724/780/847
f 1711/769/838 1710/768/837 1724/780/847
f 1725/781/848 1707/765/835 1724/780/847
f 1716/773/842 1715/772/841 1726/782/849
f 1726/782/849 1727/783/850 1716/773/842
f 1719/776/844 1728/784/851 1729/785/843
f 1730/785/843 1731/777/843 1719/776/844
f 1732/786/843 1728/784/851 1719/776/844
f 1719/776/844 1733/787/852 1734/786/853
f 1735/779/854 1736/788/854 1737/789/854
f 1738/789/855 1722/778/845 1739/779/855
f 1713/770/839 1740/790/856 1741/791/857
f 1742/791/857 1714/771/840 1713/770/839
f 1724/780/847 1743/792/836 1744/793/836
f 1745/793/836 1746/781/836 1724/780/847
f 1733/787/852 1747/794/843 1748/795/843
f 1749/795/843 1750/786/843 1733/787/852
f 1751/796/858 1752/797/858 1753/798/858
f 1754/798/858 1755/799/858 1756/796/858
f 1740/790/856 1757/799/859 1758/798/859
f 1759/798/860 1760/791/860 1740/790/856
f 1701/759/830 1700/758/829 1761/797/861
f 1762/797/862 1763/796/862 1701/759/830
f 1728/784/851 1764/800/863 1765/801/863
f 1766/801/863 1767/785/863 1728/784/851
f 1726/782/849 1768/802/864 1769/783/864
f 1770/788/865 1771/803/865 1772/789/865
f 1462/615/722 1773/630/866 1461/614/721
f 1461/614/721 1460/613/720 1462/615/722
f 1774/804/867 1775/805/867 1776/806/867
f 1776/806/867 1777/807/867 1774/804/867
f 1778/808/868 1779/809/869 1780/810/870
f 1780/810/870 1781/811/871 1778/808/868
f 1782/812/872 1778/808/868 1781/811/871
f 1781/811/871 1783/813/873 1782/812/872
f 1782/812/872 1783/813/873 1784/814/874
f 1784/814/874 1785/815/875 1782/812/872
f 1786/816/876 1780/810/870 1779/809/869
f 1779/809/869 1787/817/877 1788/816/877
f 1789/818/878 1790/819/879 1791/820/880
f 1792/820/881 1793/821/881 1789/818/878
f 1794/822/882 1795/823/883 1796/824/884
f 1797/824/885 1798/820/885 1794/822/882
f 1799/825/886 1800/826/887 1801/824/887
f 1802/824/888 1795/823/883 1799/825/886
f 1789/818/878 1803/821/889 1804/827/890
f 1805/828/891 1806/829/892 1790/819/879
f 1790/819/879 1789/818/878 1805/828/891
f 1807/830/893 1808/831/894 1795/823/883
f 1795/823/883 1794/822/882 1807/830/893
f 1808/831/894 1809/832/895 1799/825/886
f 1799/825/886 1795/823/883 1808/831/894
f 1810/833/896 1811/834/897 1806/829/892
f 1806/829/892 1805/828/891 1810/833/896
f 1807/830/893 1811/834/897 1812/835/898
f 1812/835/898 1808/831/894 1807/830/893
f 1808/831/894 1812/835/898 1813/836/899
f 1813/836/899 1809/832/895 1808/831/894
f 1814/837/900 1810/833/896 1815/838/901
f 1815/838/901 1816/839/902 1817/837/902
f 1779/809/869 1778/808/868 1811/834/897
f 1811/834/897 1810/833/896 1779/809/869
f 1782/812/872 1812/835/898 1811/834/897
f 1811/834/897 1778/808/868 1782/812/872
f 1812/835/898 1782/812/872 1785/815/875
f 1785/815/875 1813/836/899 1812/835/898
f 1818/817/903 1779/809/869 1810/833/896
f 1810/833/896 1819/837/904 1820/817/904
f 1804/827/890 1821/821/905 1822/840/905
f 1823/840/906 1824/841/906 1804/827/890
f 1815/838/901 1805/828/891 1789/818/878
f 1789/818/878 1804/827/890 1815/838/901
f 1825/820/907 1790/819/879 1794/822/882
f 1807/830/893 1794/822/882 1790/819/879
f 1790/819/879 1806/829/892 1807/830/893
f 1826/841/908 1827/839/908 1815/838/901
f 1815/838/901 1804/827/890 1828/841/909
f 1810/833/896 1805/828/891 1815/838/901
f 1807/830/893 1806/829/892 1811/834/897
f 1829/346/910 1830/349/911 1831/348/514
f 1831/348/514 1832/347/514 1829/346/910
f 1833/350/912 1834/353/913 1835/352/172
f 1835/352/172 1836/351/172 1833/350/912
f 1837/354/914 1838/355/915 1834/353/913
f 1834/353/913 1833/350/912 1837/354/914
f 1835/352/172 1839/358/520 1840/357/520
f 1840/357/520 1841/356/520 1835/352/172
f 1842/359/916 1843/362/917 1844/361/917
f 1845/361/917 1846/360/918 1842/359/916
f 1838/355/915 1847/364/524 1848/363/524
f 1849/363/524 1830/349/911 1838/355/915
f 1834/353/913 1838/355/915 1830/349/911
f 1830/349/911 1829/346/910 1834/353/913
f 1832/347/514 1831/348/514 1846/360/918
f 1846/360/918 1850/361/514 1832/347/514
f 1851/365/525 1847/364/524 1838/355/915
f 1838/355/915 1837/354/914 1851/365/525
f 1852/358/520 1835/352/172 1834/353/913
f 1834/353/913 1829/346/910 1853/358/520
f 1847/364/524 1854/367/524 1855/366/524
f 1856/366/524 1857/363/524 1847/364/524
f 1858/368/526 1859/362/526 1842/359/916
f 1842/359/916 1860/369/526 1861/368/526
f 1862/370/919 1863/371/919 1864/368/919
f 1865/368/919 1866/369/919 1867/370/919
f 1868/372/514 1869/375/920 1870/374/921
f 1870/374/921 1871/373/514 1868/372/514
f 1872/376/172 1870/374/921 1873/378/922
f 1873/378/922 1874/377/172 1875/376/172
f 1870/374/921 1869/375/920 1876/379/923
f 1876/379/923 1873/378/922 1870/374/921
f 1877/380/924 1878/381/924 1876/379/923
f 1876/379/923 1869/375/920 1879/380/525
f 1880/382/533 1881/385/535 1882/384/534
f 1882/384/534 1883/383/533 1880/382/533
f 1881/385/535 1884/387/537 1885/386/536
f 1885/386/536 1882/384/534 1881/385/535
f 1884/387/537 1886/389/538 1887/388/538
f 1887/388/538 1885/386/536 1884/387/537
f 1887/388/538 1886/389/538 1888/391/540
f 1888/391/540 1889/390/539 1887/388/538
f 1889/390/539 1888/391/540 1890/393/541
f 1890/393/541 1891/392/541 1889/390/539
f 1892/394/925 1893/397/925 1894/396/925
f 1895/396/925 1896/395/925 1897/394/925
f 1898/394/925 1899/395/925 1900/398/925
f 1901/399/925 1902/395/925 1903/396/925
f 1904/400/543 1905/403/543 1906/402/926
f 1906/402/926 1907/401/543 1904/400/543
f 1908/404/927 1909/407/928 1910/406/928
f 1910/406/928 1911/405/929 1908/404/927
f 1912/408/930 1913/411/930 1914/410/931
f 1914/410/931 1915/409/932 1916/408/932
f 1917/412/933 1918/415/934 1919/414/935
f 1919/414/935 1920/413/933 1917/412/933
f 1920/413/933 1921/416/936 1917/412/933
f 1922/417/937 1923/420/938 1924/419/939
f 1924/419/939 1925/418/940 1922/417/937
f 1926/421/941 1927/424/942 1928/423/943
f 1929/423/944 1930/422/944 1926/421/941
f 1931/425/945 1932/422/945 1933/423/945
f 1934/426/946 1935/429/947 1936/428/948
f 1936/428/948 1937/427/949 1938/426/950
f 1939/430/951 1940/433/952 1941/432/951
f 1941/432/951 1942/431/953 1939/430/951
f 1911/405/929 1936/428/948 1935/429/947
f 1935/429/947 1908/404/927 1911/405/929
f 1943/434/954 1944/437/954 1945/436/954
f 1946/436/954 1947/435/954 1948/434/954
f 1910/406/928 1909/407/928 1940/433/952
f 1940/433/952 1939/430/951 1910/406/928
f 1949/438/955 1950/441/955 1951/440/955
f 1952/440/955 1953/439/955 1954/438/955
f 1955/442/956 1956/443/957 1957/426/957
f 1958/426/957 1937/427/949 1955/442/956
f 1959/443/958 1955/442/956 1960/444/959
f 1961/445/957 1955/442/956 1937/427/949
f 1962/446/960 1963/449/961 1964/448/962
f 1965/448/963 1966/447/963 1962/446/960
f 1906/402/926 1967/450/543 1925/418/940
f 1925/418/940 1924/419/939 1906/402/926
f 1968/450/964 1906/402/926 1969/451/965
f 1907/401/543 1906/402/926 1924/419/939
f 1970/452/966 1971/454/966 1972/453/966
f 1973/453/967 1918/415/934 1974/452/967
f 1919/414/935 1918/415/934 1975/453/968
f 1976/455/969 1977/457/970 1978/456/970
f 1979/456/971 1980/423/971 1976/455/969
f 1981/423/972 1927/424/942 1976/455/969
f 1969/451/965 1982/459/543 1983/458/543
f 1984/458/543 1985/450/543 1969/451/965
f 1986/460/973 1987/463/973 1988/462/973
f 1989/462/974 1990/461/974 1991/460/974
f 1960/444/959 1992/465/975 1993/464/593
f 1994/464/593 1995/443/593 1960/444/959
f 1996/466/972 1997/468/972 1998/467/972
f 1999/467/971 2000/463/971 2001/466/971
f 2002/463/969 2003/460/969 2004/466/969
f 2005/469/976 2006/470/976 2007/468/976
f 2008/468/976 2009/466/976 2010/469/976
f 2011/409/936 1914/410/931 2012/471/936
f 2013/471/977 2014/470/977 2015/409/977
f 2016/470/933 2017/469/933 2018/409/933
f 2019/448/593 1963/449/961 1955/442/956
f 1955/442/956 2020/445/593 2021/448/593
f 1992/465/975 2022/473/978 2023/472/978
f 2024/472/979 2025/464/979 1992/465/975
f 1923/420/938 1922/417/937 1942/431/953
f 1942/431/953 1941/432/951 1923/420/938
f 1926/421/941 2026/474/980 2027/439/980
f 2028/439/980 2029/440/980 1926/421/941
f 1926/421/941 2030/422/955 2031/474/955
f 2032/454/981 2033/435/981 2034/436/981
f 2035/436/981 2036/475/981 2037/454/981
f 2038/454/981 2039/452/981 2040/435/981
f 2041/476/982 2042/479/983 2043/478/984
f 2043/478/984 2044/477/985 2041/476/982
f 2042/479/983 2045/481/986 2046/480/987
f 2046/480/987 2043/478/984 2042/479/983
f 2045/481/986 2047/483/988 2048/482/966
f 2048/482/966 2046/480/987 2045/481/986
f 2049/484/543 2041/476/982 2044/477/985
f 2044/477/985 2050/485/543 2051/484/543
f 2052/486/989 2053/489/990 2054/488/991
f 2054/488/991 2055/487/989 2052/486/989
f 2053/489/990 2056/491/992 2057/490/987
f 2057/490/987 2054/488/991 2053/489/990
f 2056/491/992 2058/493/993 2059/492/994
f 2059/492/994 2057/490/987 2056/491/992
f 2058/493/993 2060/495/543 2061/494/543
f 2062/494/543 2059/492/994 2058/493/993
f 2042/479/983 2041/476/982 2063/497/995
f 2063/497/995 2064/496/996 2042/479/983
f 2065/498/997 2045/481/986 2042/479/983
f 2042/479/983 2064/496/996 2065/498/997
f 2066/499/998 2047/483/988 2045/481/986
f 2045/481/986 2065/498/997 2066/499/998
f 2067/500/999 2063/497/995 2041/476/982
f 2041/476/982 2068/484/999 2069/500/999
f 2053/489/990 2052/486/989 2070/502/1000
f 2070/502/1000 2071/501/1001 2053/489/990
f 2071/501/1001 2072/503/1002 2056/491/992
f 2056/491/992 2053/489/990 2071/501/1001
f 2073/504/1003 2058/493/993 2056/491/992
f 2056/491/992 2072/503/1002 2073/504/1003
f 2074/505/1004 2075/495/1004 2058/493/993
f 2058/493/993 2073/504/1003 2076/505/1005
f 2072/503/1002 2071/501/1001 2065/498/997
f 2065/498/997 2064/496/996 2072/503/1002
f 2071/501/1001 2077/507/1006 2078/506/1006
f 2079/506/1006 2065/498/997 2071/501/1001
f 2080/508/1007 2073/504/1003 2063/497/995
f 2063/497/995 2081/509/1008 2082/508/1008
f 2072/503/1002 2064/496/996 2063/497/995
f 2063/497/995 2073/504/1003 2072/503/1002
f 2083/510/1009 2084/513/1010 2085/512/1011
f 2085/512/1011 2086/511/1012 2083/510/1009
f 2087/514/1013 2088/515/1014 2085/512/1011
f 2085/512/1011 2084/513/1010 2087/514/1013
f 2087/514/1013 2089/517/1015 2090/516/1015
f 2090/516/1015 2088/515/1014 2087/514/1013
f 2091/518/543 2083/510/1009 2086/511/1012
f 2086/511/1012 2092/519/543 2093/518/543
f 2094/520/980 2095/523/1016 2096/522/1017
f 2096/522/1017 2097/521/1018 2094/520/980
f 2095/523/1016 2098/525/1019 2099/524/1020
f 2099/524/1020 2096/522/1017 2095/523/1016
f 2098/525/1019 2100/527/1021 2101/526/1022
f 2101/526/1022 2099/524/1020 2098/525/1019
f 2102/528/543 2103/529/543 2101/526/1022
f 2101/526/1022 2100/527/1021 2104/528/543
f 2098/525/1019 2084/513/1010 2083/510/1009
f 2083/510/1009 2100/527/1021 2098/525/1019
f 2098/525/1019 2095/523/1016 2087/514/1013
f 2087/514/1013 2084/513/1010 2098/525/1019
f 2095/523/1016 2105/531/1023 2106/530/1023
f 2107/530/1023 2087/514/1013 2095/523/1016
f 2108/532/543 2100/527/1021 2083/510/1009
f 2083/510/1009 2109/533/543 2110/532/543
f 2046/480/987 2111/535/1024 2112/534/1024
f 2113/534/1024 2043/478/984 2046/480/987
f 2057/490/987 2114/537/1025 2115/536/1025
f 2116/536/1025 2054/488/991 2057/490/987
f 2117/538/1026 2118/539/1026 2086/511/1012
f 2086/511/1012 2085/512/1011 2119/538/1026
f 2120/540/1027 2121/541/1027 2097/521/1018
f 2097/521/1018 2096/522/1017 2122/540/1027
f 2123/542/1028 2124/545/1029 2125/544/1030
f 2125/544/1030 2126/543/649 2123/542/1028
f 2127/546/652 2128/548/652 2125/544/1030
f 2125/544/1030 2129/547/1031 2127/546/652
f 2130/549/1032 2131/551/1032 2132/550/1033
f 2129/547/1031 2125/544/1030 2124/545/1029
f 2133/552/1034 2134/554/657 2135/553/657
f 2135/553/657 2129/547/1031 2133/552/1034
f 2123/542/1028 2136/556/1035 2137/555/1036
f 2137/555/1036 2124/545/1029 2123/542/1028
f 2138/557/1037 2139/560/1038 2140/559/1039
f 2140/559/1039 2141/558/1037 2142/557/1037
f 2143/561/1040 2139/560/1038 2144/557/266
f 2145/557/652 2146/562/652 2143/561/1040
f 2143/561/1040 2147/562/1041 2148/564/1041
f 2149/564/1041 2150/563/1042 2143/561/1040
f 2139/560/1038 2151/566/1043 2152/565/1044
f 2152/565/1044 2140/559/1039 2139/560/1038
f 2153/567/1045 2151/566/1043 2139/560/1038
f 2139/560/1038 2143/561/1040 2153/567/1045
f 2150/563/1042 2154/568/1046 2153/567/1045
f 2153/567/1045 2143/561/1040 2150/563/1042
f 2140/559/1039 2152/565/1044 2155/570/302
f 2156/570/219 2157/569/219 2140/559/1039
f 2151/566/1043 2158/572/1047 2159/571/1048
f 2159/571/1048 2152/565/1044 2151/566/1043
f 2153/567/1045 2160/573/1049 2158/572/1047
f 2158/572/1047 2151/566/1043 2153/567/1045
f 2154/568/1046 2161/574/1050 2160/573/1049
f 2160/573/1049 2153/567/1045 2154/568/1046
f 2159/571/1048 2162/575/219 2163/570/219
f 2164/570/197 2152/565/1044 2159/571/1048
f 2158/572/1047 2165/577/1051 2166/576/1052
f 2166/576/1052 2159/571/1048 2158/572/1047
f 2167/578/1053 2165/577/1051 2158/572/1047
f 2158/572/1047 2160/573/1049 2167/578/1053
f 2161/574/1050 2168/579/1054 2167/578/1053
f 2167/578/1053 2160/573/1049 2161/574/1050
f 2159/571/1048 2166/576/1052 2169/580/212
f 2170/580/197 2171/575/197 2159/571/1048
f 2172/581/1055 2173/584/1056 2174/583/1057
f 2174/583/1057 2175/582/1055 2176/581/1055
f 2174/583/1057 2173/584/1056 2132/550/1033
f 2177/585/681 2132/550/1033 2173/584/1056
f 2173/584/1056 2178/586/1058 2179/585/1058
f 2168/579/1054 2180/588/1059 2181/587/1059
f 2182/587/1059 2167/578/1053 2168/579/1054
f 2183/580/212 2166/576/1052 2184/589/212
f 2165/577/1051 2167/578/1053 2185/587/681
f 2133/552/1034 2129/547/1031 2124/545/1029
f 2124/545/1029 2137/555/1036 2133/552/1034
f 2186/590/1060 2187/591/1061 2188/582/1055
f 2189/582/1055 2174/583/1057 2186/590/1060
f 2187/591/1061 2190/593/1062 2191/592/1062
f 2192/592/1062 2193/582/1062 2187/591/1061
f 2194/594/1063 2132/550/1033 2131/551/1032
f 2131/551/1032 2195/595/1032 2194/594/1063
f 2194/594/1063 2186/590/1060 2174/583/1057
f 2174/583/1057 2132/550/1033 2194/594/1063
f 2196/596/1064 2197/597/1064 2136/556/1035
f 2136/556/1035 2123/542/1028 2198/596/1064
f 2199/558/219 2140/559/1039 2200/569/219
f 2201/569/287 2202/598/287 2203/558/287
f 2129/547/1031 2135/553/657 2204/599/657
f 2205/544/1065 2206/545/1029 2207/542/1028
f 2207/542/1028 2208/543/649 2205/544/1065
f 2205/544/1065 2209/548/212 2210/546/212
f 2210/546/212 2211/547/1066 2205/544/1065
f 2212/549/1032 2213/550/1067 2214/551/1032
f 2211/547/1066 2206/545/1029 2205/544/1065
f 2215/552/657 2211/547/1066 2216/553/657
f 2216/553/657 2217/554/657 2218/552/657
f 2219/555/649 2220/556/649 2207/542/1028
f 2207/542/1028 2206/545/1029 2221/555/649
f 2222/559/1068 2223/560/1069 2224/557/1070
f 2225/557/1037 2226/558/1037 2222/559/1068
f 2227/561/1071 2228/562/212 2229/557/212
f 2230/557/197 2223/560/1069 2227/561/1071
f 2231/564/1041 2232/562/1041 2227/561/1071
f 2227/561/1071 2233/563/1042 2234/564/1041
f 2235/565/1072 2236/566/1073 2223/560/1069
f 2223/560/1069 2222/559/1068 2235/565/1072
f 2237/567/1074 2227/561/1071 2223/560/1069
f 2223/560/1069 2236/566/1073 2237/567/1074
f 2237/567/1074 2238/568/1075 2233/563/1042
f 2233/563/1042 2227/561/1071 2237/567/1074
f 2239/570/232 2235/565/1072 2222/559/1068
f 2222/559/1068 2240/569/698 2241/570/698
f 2242/571/1076 2243/572/1077 2236/566/1073
f 2236/566/1073 2235/565/1072 2242/571/1076
f 2243/572/1077 2244/573/1078 2237/567/1074
f 2237/567/1074 2236/566/1073 2243/572/1077
f 2244/573/1078 2245/574/1050 2238/568/1075
f 2238/568/1075 2237/567/1074 2244/573/1078
f 2242/571/1076 2235/565/1072 2246/570/232
f 2247/570/232 2248/575/232 2242/571/1076
f 2249/576/1079 2250/577/1080 2243/572/1077
f 2243/572/1077 2242/571/1076 2249/576/1079
f 2251/578/1081 2244/573/1078 2243/572/1077
f 2243/572/1077 2250/577/1080 2251/578/1081
f 2251/578/1081 2252/579/1082 2245/574/1050
f 2245/574/1050 2244/573/1078 2251/578/1081
f 2253/580/232 2249/576/1079 2242/571/1076
f 2242/571/1076 2254/575/232 2255/580/232
f 2256/583/1057 2257/584/1083 2258/581/1084
f 2259/581/1084 2260/582/1084 2256/583/1057
f 2256/583/1057 2213/550/1067 2257/584/1083
f 2261/585/212 2262/586/212 2257/584/1083
f 2257/584/1083 2213/550/1067 2263/585/212
f 2264/587/1085 2265/588/1085 2252/579/1082
f 2252/579/1082 2251/578/1081 2266/587/1085
f 2267/580/232 2268/589/232 2249/576/1079
f 2250/577/1080 2269/587/212 2251/578/1081
f 2270/552/1086 2271/555/1086 2206/545/1029
f 2206/545/1029 2211/547/1066 2272/552/1086
f 2273/582/1055 2274/591/1055 2275/590/1055
f 2276/590/1084 2256/583/1057 2277/582/1084
f 2278/592/1062 2279/593/1062 2280/591/1062
f 2281/591/1062 2282/582/1062 2283/592/1062
f 2284/594/1032 2285/595/1032 2214/551/1032
f 2214/551/1032 2213/550/1067 2286/594/1032
f 2256/583/1057 2287/590/1087 2288/594/1087
f 2289/594/1087 2213/550/1067 2256/583/1057
f 2290/556/1064 2291/597/1064 2292/596/1064
f 2293/596/1064 2207/542/1028 2294/556/1064
f 2295/558/172 2296/598/172 2297/569/172
f 2298/569/698 2222/559/1068 2299/558/698
f 2211/547/1066 2300/599/657 2216/553/657
f 2301/600/1088 2302/603/1089 2303/602/1090
f 2303/602/1090 2304/601/1090 2301/600/1088
f 2305/604/1091 2306/607/1091 2307/606/1091
f 2307/606/1091 2308/605/1091 2305/604/1091
f 2309/608/1092 2310/609/1093 2302/603/1089
f 2302/603/1089 2301/600/1088 2309/608/1092
f 2302/603/1089 2310/609/1093 2311/611/1094
f 2311/611/1094 2312/610/1095 2302/603/1089
f 2313/612/1096 2314/614/1097 2315/613/1098
f 2315/613/1098 2310/609/1093 2313/612/1096
f 2310/609/1093 2309/608/1092 2313/612/1096
f 2311/611/1094 2310/609/1093 2315/613/1098
f 2315/613/1098 2316/615/1099 2311/611/1094
f 2317/616/1100 2311/611/1094 2316/615/1099
f 2318/617/724 2319/620/724 2320/619/1101
f 2320/619/1101 2321/618/724 2322/617/724
f 2323/621/1102 2324/618/724 2320/619/1101
f 2325/622/1103 2323/621/1102 2320/619/1101
f 2320/619/1101 2313/612/1096 2325/622/1103
f 2309/608/1092 2325/622/1103 2313/612/1096
f 2326/623/1104 2325/622/1103 2309/608/1092
f 2309/608/1092 2301/600/1088 2327/623/1104
f 2328/624/203 2329/627/203 2330/626/203
f 2331/626/203 2332/625/203 2333/624/203
f 2334/626/1105 2335/627/1105 2336/618/1105
f 2337/618/1106 2323/621/1102 2338/626/1106
f 2339/628/266 2340/629/266 2314/614/1097
f 2314/614/1097 2313/612/1096 2341/628/731
f 2314/614/1097 2342/629/1107 2343/631/1107
f 2344/631/1107 2345/630/1107 2314/614/1097
f 2319/620/724 2346/633/525 2347/632/525
f 2348/632/724 2320/619/1101 2319/620/724
f 2313/612/1096 2320/619/1101 2349/632/1108
f 2350/632/1108 2351/628/1108 2313/612/1096
f 2352/634/1109 2353/637/1110 2354/636/1110
f 2354/636/1110 2355/635/1111 2352/634/1109
f 2356/638/1112 2357/639/1112 2354/636/1110
f 2354/636/1110 2353/637/1110 2356/638/1112
f 2358/640/1113 2359/643/1113 2360/642/1114
f 2361/642/1114 2362/641/1114 2358/640/1113
f 2358/640/1113 2352/634/1109 2355/635/1111
f 2355/635/1111 2359/643/1113 2358/640/1113
f 2363/644/1115 2364/647/1116 2365/646/1116
f 2365/646/1116 2366/645/1117 2363/644/1115
f 2367/648/1118 2368/649/1118 2365/646/1116
f 2365/646/1116 2364/647/1116 2367/648/1118
f 2369/650/1119 2370/653/1119 2371/652/1120
f 2372/652/1120 2373/651/1120 2369/650/1119
f 2369/650/1119 2374/655/1121 2375/654/1122
f 2375/654/1122 2370/653/1119 2369/650/1119
f 2374/655/1121 2376/657/1123 2377/656/1124
f 2377/656/1124 2375/654/1122 2374/655/1121
f 2376/657/1123 2378/659/1125 2379/658/1126
f 2379/658/1126 2377/656/1124 2376/657/1123
f 2378/659/1125 2380/661/1127 2381/660/1128
f 2381/660/1128 2379/658/1126 2378/659/1125
f 2380/661/1127 2363/644/1115 2366/645/1117
f 2366/645/1117 2381/660/1128 2380/661/1127
f 2382/662/1129 2383/665/1129 2384/664/1129
f 2385/664/1129 2386/663/1129 2387/662/1129
f 2388/666/1129 2389/667/1129 2390/662/1129
f 2391/662/1129 2392/663/1129 2393/666/1129
f 2394/666/1130 2395/663/1130 2396/668/1130
f 2397/669/1131 2398/663/1131 2399/664/1131
f 2400/664/1132 2401/669/1132 2402/663/1132
f 2403/663/1133 2404/666/1133 2405/664/1133
f 2406/662/1134 2407/665/1134 2408/664/1134
f 2409/664/1132 2410/666/1132 2411/662/1132
f 2412/662/1133 2413/666/1133 2414/667/1133
f 2415/668/1133 2416/666/1133 2417/663/1133
f 2418/670/1135 2419/673/1136 2420/672/1137
f 2420/672/1137 2421/671/1138 2418/670/1135
f 2418/670/1135 2422/676/1131 2423/675/1131
f 2423/675/1131 2424/674/1139 2418/670/1135
f 2421/671/1138 2420/672/1137 2425/678/1140
f 2425/678/1140 2426/677/1140 2421/671/1138
f 2427/679/1141 2419/673/1136 2428/681/1142
f 2428/681/1142 2429/680/1141 2430/679/1141
f 2419/673/1136 2418/670/1135 2424/674/1139
f 2424/674/1139 2428/681/1142 2419/673/1136
f 2431/682/1143 2432/685/1144 2433/684/1145
f 2433/684/1145 2434/683/1146 2431/682/1143
f 2433/684/1145 2435/687/1147 2436/686/1148
f 2436/686/1148 2434/683/1146 2433/684/1145
f 2437/688/1149 2438/689/1149 2432/685/1144
f 2432/685/1144 2431/682/1143 2437/688/1149
f 2439/690/1150 2438/689/1149 2437/688/1149
f 2437/688/1149 2440/691/1114 2441/690/1114
f 2442/692/1151 2443/695/1152 2444/694/1153
f 2444/694/1153 2445/693/1151 2442/692/1151
f 2446/696/1154 2447/699/1155 2448/698/1156
f 2448/698/1156 2449/697/1157 2446/696/1154
f 2450/700/1158 2451/703/1159 2452/702/1160
f 2453/702/1160 2454/701/1160 2450/700/1158
f 2455/704/1161 2456/707/1162 2457/706/1163
f 2457/706/1163 2458/705/1164 2455/704/1161
f 2459/708/1165 2460/711/1166 2461/710/1167
f 2461/710/1167 2462/709/1168 2463/708/1168
f 2443/695/1152 2464/713/1169 2465/712/1170
f 2466/712/1171 2444/694/1153 2443/695/1152
f 2467/714/1172 2468/716/1173 2450/700/1158
f 2450/700/1158 2469/715/1172 2467/714/1172
f 2469/715/1172 2450/700/1158 2470/717/1172
f 2471/718/1174 2451/703/1159 2450/700/1158
f 2450/700/1158 2468/716/1173 2471/718/1174
f 2472/719/1175 2471/718/1174 2468/716/1173
f 2455/704/1161 2473/721/1176 2474/720/1177
f 2474/720/1177 2456/707/1162 2455/704/1161
f 2475/722/1178 2476/724/1179 2477/708/1180
f 2478/708/1180 2479/723/1178 2475/722/1178
f 2479/723/1178 2480/708/1180 2481/725/1180
f 2476/724/1179 2482/726/1181 2460/711/1166
f 2460/711/1166 2483/708/1182 2476/724/1179
f 2484/727/1183 2482/726/1181 2476/724/1179
f 2485/712/1184 2464/713/1169 2486/729/1184
f 2487/729/1185 2488/728/1185 2489/712/1185
f 2458/705/1164 2457/706/1163 2490/731/1186
f 2491/731/1186 2492/730/1187 2458/705/1164
f 2493/732/1188 2471/718/1174 2494/719/1188
f 2495/719/1189 2496/733/1189 2497/732/1189
f 2498/734/1190 2482/726/1181 2499/727/1190
f 2500/727/1191 2501/735/1191 2502/734/1191
f 2442/692/1151 2445/693/1151 2503/737/1192
f 2504/737/1192 2505/736/1192 2442/692/1151
f 2506/731/1193 2507/739/1193 2508/738/1193
f 2509/738/1193 2492/730/1187 2510/731/1193
f 2511/740/1194 2512/736/1194 2513/737/1194
f 2514/737/1194 2515/741/1194 2516/740/1194
f 2467/714/1172 2517/743/1195 2518/742/1195
f 2518/742/1195 2468/716/1173 2467/714/1172
f 2519/721/1196 2520/745/1196 2521/744/1197
f 2521/744/1197 2474/720/1177 2522/721/1198
f 2475/722/1178 2523/747/1199 2524/746/1199
f 2525/746/1199 2476/724/1179 2475/722/1178
f 2526/728/1200 2527/729/1200 2449/697/1157
f 2449/697/1157 2448/698/1156 2528/728/1201
f 2529/748/1202 2521/744/1197 2530/745/1203
f 2531/745/1203 2532/749/1203 2529/748/1202
f 2469/715/1172 2470/717/1172 2533/751/1195
f 2534/751/1195 2535/750/1195 2469/715/1172
f 2479/723/1178 2536/725/1199 2537/753/1199
f 2538/753/1199 2539/752/1199 2479/723/1178
f 2447/699/1155 2446/696/1154 2540/755/1204
f 2541/755/1204 2542/754/1204 2447/699/1155
f 2543/749/1205 2544/757/1205 2545/756/1205
f 2546/756/1205 2529/748/1202 2547/749/1205
f 2548/757/1203 2549/754/1203 2550/755/1203
f 2551/755/1203 2552/756/1203 2553/757/1203
f 2554/758/1206 2555/761/1207 2556/760/1208
f 2556/760/1208 2557/759/1209 2554/758/1206
f 2558/762/1210 2559/765/1211 2560/764/1212
f 2560/764/1212 2561/763/1210 2558/762/1210
f 2562/766/1213 2563/769/1214 2564/768/1215
f 2564/768/1215 2565/767/1213 2566/766/1213
f 2567/770/1216 2568/773/1217 2569/772/1218
f 2569/772/1218 2570/771/1219 2567/770/1216
f 2571/774/1220 2572/777/1220 2573/776/1221
f 2573/776/1221 2574/775/1220 2575/774/1220
f 2576/778/1222 2577/779/1223 2556/760/1208
f 2556/760/1208 2555/761/1207 2576/778/1222
f 2578/780/1224 2563/769/1214 2560/764/1212
f 2560/764/1212 2559/765/1211 2578/780/1224
f 2563/769/1214 2578/780/1224 2564/768/1215
f 2579/781/1225 2578/780/1224 2559/765/1211
f 2568/773/1217 2580/783/1226 2581/782/1227
f 2581/782/1227 2569/772/1218 2568/773/1217
f 2573/776/1221 2582/777/1220 2583/785/1220
f 2584/785/1220 2585/784/1228 2573/776/1221
f 2586/786/1229 2587/787/1230 2573/776/1221
f 2573/776/1221 2585/784/1228 2588/786/1220
f 2589/779/1231 2576/778/1222 2590/789/1231
f 2591/789/1232 2592/788/1232 2593/779/1232
f 2567/770/1216 2570/771/1219 2594/791/1233
f 2595/791/1233 2596/790/1234 2567/770/1216
f 2578/780/1224 2597/781/1213 2598/793/1213
f 2599/793/1213 2600/792/1213 2578/780/1224
f 2587/787/1230 2601/786/1220 2602/795/1220
f 2603/795/1220 2604/794/1220 2587/787/1230
f 2605/796/1235 2606/799/1235 2607/798/1235
f 2608/798/1235 2609/797/1235 2610/796/1235
f 2596/790/1234 2611/791/1236 2612/798/1236
f 2613/798/1237 2614/799/1237 2596/790/1234
f 2557/759/1209 2615/796/1238 2616/797/1238
f 2617/797/1239 2554/758/1206 2557/759/1209
f 2585/784/1228 2618/785/1240 2619/801/1240
f 2620/801/1240 2621/800/1240 2585/784/1228
f 2581/782/1227 2622/783/1241 2623/802/1241
f 2624/788/1242 2625/789/1242 2626/803/1242
f 2316/615/1099 2315/613/1098 2314/614/1097
f 2314/614/1097 2627/630/1243 2316/615/1099
f 2628/804/1244 2629/807/1244 2630/806/1244
f 2630/806/1244 2631/805/1244 2628/804/1244
f 2632/808/1245 2633/811/1246 2634/810/1247
f 2634/810/1247 2635/809/1248 2632/808/1245
f 2636/812/1249 2637/813/1250 2633/811/1246
f 2633/811/1246 2632/808/1245 2636/812/1249
f 2636/812/1249 2638/815/1251 2639/814/1252
f 2639/814/1252 2637/813/1250 2636/812/1249
f 2640/816/1253 2641/817/1253 2635/809/1248
f 2635/809/1248 2634/810/1247 2642/816/1254
f 2643/818/1255 2644/821/1256 2645/820/1256
f 2646/820/1257 2647/819/1258 2643/818/1255
f 2648/822/1259 2649/820/1260 2650/824/1260
f 2651/824/1261 2652/823/1262 2648/822/1259
f 2653/825/1263 2652/823/1262 2654/824/1264
f 2655/824/1265 2656/826/1265 2653/825/1263
f 2643/818/1255 2657/827/1266 2658/821/1267
f 2659/828/1268 2643/818/1255 2647/819/1258
f 2647/819/1258 2660/829/1269 2659/828/1268
f 2661/830/1270 2648/822/1259 2652/823/1262
f 2652/823/1262 2662/831/1271 2661/830/1270
f 2662/831/1271 2652/823/1262 2653/825/1263
f 2653/825/1263 2663/832/1272 2662/831/1271
f 2664/833/1273 2659/828/1268 2660/829/1269
f 2660/829/1269 2665/834/1274 2664/833/1273
f 2661/830/1270 2662/831/1271 2666/835/1275
f 2666/835/1275 2665/834/1274 2661/830/1270
f 2662/831/1271 2663/832/1272 2667/836/1276
f 2667/836/1276 2666/835/1275 2662/831/1271
f 2668/837/1277 2669/839/1277 2670/838/1278
f 2670/838/1278 2664/833/1273 2671/837/1279
f 2635/809/1248 2664/833/1273 2665/834/1274
f 2665/834/1274 2632/808/1245 2635/809/1248
f 2636/812/1249 2632/808/1245 2665/834/1274
f 2665/834/1274 2666/835/1275 2636/812/1249
f 2666/835/1275 2667/836/1276 2638/815/1251
f 2638/815/1251 2636/812/1249 2666/835/1275
f 2672/817/1280 2673/837/1280 2664/833/1273
f 2664/833/1273 2635/809/1248 2674/817/1281
f 2657/827/1266 2675/841/1282 2676/840/1282
f 2677/840/1283 2678/821/1283 2657/827/1266
f 2670/838/1278 2657/827/1266 2643/818/1255
f 2643/818/1255 2659/828/1268 2670/838/1278
f 2679/820/1284 2648/822/1259 2647/819/1258
f 2661/830/1270 2660/829/1269 2647/819/1258
f 2647/819/1258 2648/822/1259 2661/830/1270
f 2680/841/1285 2657/827/1266 2670/838/1278
f 2670/838/1278 2681/839/1286 2682/841/1286
f 2664/833/1273 2670/838/1278 2659/828/1268
f 2661/830/1270 2665/834/1274 2660/829/1269
f 2683/842/1287 2684/843/1288 2685/844/1289
f 2685/844/1289 2686/845/1290 2683/842/1287
f 2687/846/1291 2688/847/1292 2689/848/1293
f 2689/848/1293 2690/849/1294 2687/846/1291
f 2687/846/1291 2691/850/1295 2688/847/1292
f 2692/851/1296 2684/843/1288 2683/842/1287
f 2683/842/1287 2693/852/1297 2692/851/1296
f 2694/853/1298 2695/854/1299 2696/855/1300
f 2697/856/1301 2692/851/1296 2698/857/1302
f 2698/857/1302 2699/858/1303 2700/856/1303
f 2701/859/1304 2685/844/1289 2684/843/1288
f 2684/843/1288 2702/856/1305 2701/859/1304
f 2703/860/1306 2704/861/1307 2705/862/1308
f 2705/862/1308 2706/863/1309 2703/860/1306
f 2707/864/1310 2708/865/1311 2709/866/1312
f 2710/867/1313 2711/868/1314 2712/869/1314
f 2713/869/1315 2714/870/1315 2710/867/1313
f 2715/871/1316 2716/872/1317 2717/873/1318
f 2718/873/1319 2719/874/1320 2715/871/1316
f 2720/875/1321 2715/871/1316 2719/874/1320
f 2721/876/1322 2722/877/1323 2723/878/1324
f 2723/878/1324 2724/879/1325 2721/876/1322
f 2723/878/1324 2725/880/1326 2726/881/1322
f 2727/881/1325 2724/879/1325 2723/878/1324
f 2728/882/1327 2729/883/1328 2725/880/1326
f 2725/880/1326 2723/878/1324 2728/882/1327
f 2730/884/1329 2731/885/1330 2708/865/1311
f 2708/865/1311 2707/864/1310 2730/884/1329
f 2694/853/1298 2732/886/1331 2695/854/1299
f 2696/855/1300 2733/887/1332 2694/853/1298
f 2734/888/1333 2735/889/1334 2736/890/1335
f 2737/890/1336 2738/891/1337 2734/888/1333
f 2739/892/1338 2734/888/1333 2738/891/1337
f 2738/891/1337 2740/893/1339 2739/892/1338
f 2741/894/1340 2730/884/1329 2742/895/1341
f 2743/895/1342 2744/896/1342 2741/894/1340
f 2745/897/1343 2746/898/1344 2747/899/1345
f 2747/899/1345 2748/900/1346 2745/897/1343
f 2749/901/1347 2750/902/1348 2686/845/1290
f 2686/845/1290 2685/844/1289 2749/901/1347
f 2751/903/1349 2749/901/1347 2685/844/1289
f 2685/844/1289 2701/859/1304 2752/903/1350
f 2753/904/1351 2750/902/1348 2749/901/1347
f 2749/901/1347 2754/903/1352 2753/904/1351
f 2755/905/1353 2756/906/1354 2757/907/1355
f 2716/872/1317 2715/871/1316 2758/908/1356
f 2695/854/1299 2759/886/1357 2760/909/1357
f 2761/909/1358 2762/910/1358 2695/854/1299
f 2763/911/1359 2758/908/1356 2715/871/1316
f 2715/871/1316 2720/875/1321 2763/911/1359
f 2764/912/1360 2765/913/1361 2766/914/1362
f 2722/877/1323 2767/915/1363 2768/916/1363
f 2720/875/1321 2769/917/1364 2763/911/1359
f 2770/918/1365 2771/919/1366 2772/920/1367
f 2741/894/1340 2773/921/1368 2774/885/1368
f 2775/885/1369 2730/884/1329 2741/894/1340
f 2776/922/1370 2693/852/1297 2683/842/1287
f 2683/842/1287 2777/923/1371 2778/922/1372
f 2779/924/1373 2780/925/1374 2781/926/1375
f 2781/926/1375 2782/927/1376 2779/924/1373
f 2783/928/1377 2784/929/1378 2688/847/1292
f 2785/930/1379 2786/931/1380 2787/932/1381
f 2787/932/1381 2788/933/1382 2785/930/1379
f 2771/919/1366 2763/911/1359 2789/917/1383
f 2790/917/1384 2791/920/1384 2771/919/1366
f 2792/934/1385 2793/935/1386 2794/936/1387
f 2795/936/1388 2796/937/1388 2792/934/1385
f 2797/938/1389 2792/934/1385 2798/937/1390
f 2799/937/1391 2800/939/1392 2797/938/1389
f 2800/939/1392 2801/940/1393 2802/941/1394
f 2802/941/1394 2797/938/1389 2800/939/1392
f 2722/877/1323 2803/916/1395 2723/878/1324
f 2804/942/1396 2805/943/1397 2806/944/1398
f 2806/944/1398 2807/945/1399 2804/942/1396
f 2808/946/1400 2809/947/1401 2810/948/1402
f 2810/948/1402 2811/949/1403 2808/946/1400
f 2812/950/1404 2813/951/1405 2814/952/1406
f 2814/952/1406 2815/953/1407 2812/950/1404
f 2816/954/1408 2817/955/1409 2783/928/1377
f 2783/928/1377 2688/847/1292 2816/954/1408
f 2818/956/1410 2819/957/1410 2820/958/1411
f 2820/958/1411 2821/959/1412 2822/956/1413
f 2823/960/1414 2824/936/1414 2793/935/1386
f 2793/935/1386 2780/925/1374 2825/960/1415
f 2780/925/1374 2826/961/1416 2827/960/1416
f 2828/962/1417 2686/845/1290 2750/902/1348
f 2750/902/1348 2829/963/1418 2828/962/1417
f 2830/964/1419 2828/962/1417 2829/963/1418
f 2829/963/1418 2831/965/1420 2830/964/1419
f 2832/966/1421 2833/967/1421 2686/845/1290
f 2686/845/1290 2828/962/1417 2834/966/1422
f 2835/968/1423 2836/966/1424 2828/962/1417
f 2828/962/1417 2830/964/1419 2835/968/1423
f 2812/950/1404 2815/953/1407 2831/965/1420
f 2831/965/1420 2829/963/1418 2812/950/1404
f 2750/902/1348 2753/904/1351 2812/950/1404
f 2812/950/1404 2829/963/1418 2750/902/1348
f 2837/969/1425 2838/970/1425 2692/851/1296
f 2692/851/1296 2693/852/1297 2839/969/1426
f 2692/851/1296 2840/856/1301 2684/843/1288
f 2841/971/1427 2766/914/1362 2842/972/1428
f 2843/972/1429 2844/973/1429 2841/971/1427
f 2845/974/1430 2841/971/1427 2846/973/1430
f 2847/973/1431 2848/975/1431 2849/974/1431
f 2850/976/1432 2851/977/1433 2852/978/1434
f 2852/978/1434 2853/979/1435 2850/976/1432
f 2705/862/1308 2786/931/1380 2854/980/1436
f 2855/981/1437 2856/868/1437 2710/867/1313
f 2710/867/1313 2857/982/1438 2858/981/1438
f 2859/983/1439 2860/984/1439 2766/914/1362
f 2766/914/1362 2841/971/1427 2861/983/1440
f 2841/971/1427 2862/974/1441 2863/983/1441
f 2864/985/1442 2865/986/1442 2866/987/1442
f 2867/988/1443 2868/989/1443 2869/990/1443
f 2870/990/1444 2871/991/1444 2872/988/1444
f 2694/853/1298 2733/887/1332 2873/987/1445
f 2874/987/1446 2875/986/1446 2694/853/1298
f 2687/846/1291 2690/849/1294 2876/992/1447
f 2816/954/1408 2688/847/1292 2851/977/1433
f 2851/977/1433 2877/993/1448 2816/954/1408
f 2878/994/1449 2879/995/1449 2880/960/1449
f 2881/960/1450 2882/961/1450 2883/994/1450
f 2852/978/1434 2691/850/1295 2884/996/1451
f 2885/996/1452 2886/997/1452 2852/978/1434
f 2851/977/1433 2688/847/1292 2691/850/1295
f 2691/850/1295 2852/978/1434 2851/977/1433
f 2764/912/1360 2766/914/1362 2887/984/1453
f 2766/914/1362 2765/913/1361 2888/972/1454
f 2686/845/1290 2889/967/1455 2777/923/1371
f 2777/923/1371 2683/842/1287 2686/845/1290
f 2890/998/1456 2891/961/1456 2780/925/1374
f 2780/925/1374 2779/924/1373 2892/998/1457
f 2893/999/1458 2793/935/1386 2792/934/1385
f 2792/934/1385 2894/1000/1459 2893/999/1458
f 2797/938/1389 2895/1001/1460 2894/1000/1459
f 2894/1000/1459 2792/934/1385 2797/938/1389
f 2797/938/1389 2802/941/1394 2895/1001/1460
f 2802/941/1394 2801/940/1393 2896/1002/1461
f 2897/1002/1462 2898/1003/1463 2802/941/1394
f 2780/925/1374 2793/935/1386 2893/999/1458
f 2899/1004/1464 2900/1005/1465 2901/1006/1466
f 2901/1006/1466 2902/1007/1467 2899/1004/1464
f 2780/925/1374 2893/999/1458 2781/926/1375
f 2903/1008/1468 2904/1009/1468 2901/1006/1466
f 2901/1006/1466 2905/1010/1469 2906/1008/1469
f 2901/1006/1466 2907/1009/1470 2908/1011/1470
f 2909/1011/1471 2902/1007/1467 2901/1006/1466
f 2910/1012/1472 2911/1013/1473 2912/1014/1474
f 2912/1014/1474 2913/1015/1475 2914/1012/1475
f 2915/1015/1476 2912/1014/1474 2916/1016/1477
f 2916/1016/1477 2820/958/1411 2917/1015/1478
f 2821/959/1412 2820/958/1411 2916/1016/1477
f 2918/1017/1479 2919/1018/1480 2911/1013/1473
f 2911/1013/1473 2920/1012/1481 2921/1017/1481
f 2802/941/1394 2898/1003/1463 2922/1019/1482
f 2922/1019/1482 2895/1001/1460 2802/941/1394
f 2808/946/1400 2811/949/1403 2899/1004/1464
f 2899/1004/1464 2902/1007/1467 2808/946/1400
f 2808/946/1400 2923/1020/1483 2924/1021/1483
f 2925/1021/1484 2809/947/1401 2808/946/1400
f 2902/1007/1467 2926/1011/1485 2927/1020/1485
f 2928/1020/1486 2808/946/1400 2902/1007/1467
f 2929/916/1487 2728/882/1327 2723/878/1324
f 2930/1022/1488 2931/1023/1489 2932/1024/1490
f 2933/1025/1491 2757/907/1355 2756/906/1354
f 2756/906/1354 2934/1026/1492 2933/1025/1491
f 2932/1024/1490 2931/1023/1489 2804/942/1396
f 2804/942/1396 2935/1027/1493 2932/1024/1490
f 2931/1023/1489 2936/1028/1494 2804/942/1396
f 2937/1029/1495 2938/1030/1496 2939/1031/1497
f 2939/1031/1497 2940/1032/1498 2937/1029/1495
f 2941/1033/1499 2854/980/1436 2786/931/1380
f 2786/931/1380 2785/930/1379 2941/1033/1499
f 2705/862/1308 2942/861/1500 2787/932/1381
f 2787/932/1381 2786/931/1380 2705/862/1308
f 2706/863/1309 2705/862/1308 2943/1034/1501
f 2707/864/1310 2944/895/1502 2730/884/1329
f 2745/897/1343 2945/1035/1503 2735/889/1334
f 2735/889/1334 2734/888/1333 2745/897/1343
f 2734/888/1333 2739/892/1338 2746/898/1344
f 2746/898/1344 2745/897/1343 2734/888/1333
f 2946/1036/1504 2947/1037/1505 2948/1038/1505
f 2753/904/1351 2813/951/1405 2812/950/1404
f 2946/1036/1504 2949/1039/1506 2950/1040/1507
f 2951/1040/1508 2952/1041/1508 2946/1036/1504
f 2949/1039/1506 2946/1036/1504 2953/1042/1509
f 2954/1042/1510 2955/1043/1511 2949/1039/1506
f 2956/1044/1512 2957/1035/1513 2745/897/1343
f 2745/897/1343 2748/900/1346 2956/1044/1512
f 2958/1045/1514 2959/1046/1514 2756/906/1354
f 2960/1047/1515 2934/1026/1492 2756/906/1354
f 2756/906/1354 2961/1046/1516 2962/1047/1516
f 2805/943/1397 2934/1026/1492 2963/1047/1517
f 2964/1047/1518 2965/1048/1518 2805/943/1397
f 2930/1022/1488 2966/1049/1519 2936/1028/1494
f 2936/1028/1494 2931/1023/1489 2930/1022/1488
f 2936/1028/1494 2966/1049/1519 2757/907/1355
f 2757/907/1355 2933/1025/1491 2936/1028/1494
f 2757/907/1355 2966/1049/1519 2967/1050/1520
f 2968/1050/1521 2969/905/1521 2757/907/1355
f 2970/1050/1522 2966/1049/1519 2930/1022/1488
f 2971/1051/1523 2972/1052/1524 2955/1043/1511
f 2955/1043/1511 2973/1042/1525 2974/1051/1525
f 2975/1038/1526 2976/1042/1526 2946/1036/1504
f 2977/1053/1527 2978/1054/1527 2770/918/1365
f 2806/944/1398 2805/943/1397 2979/1048/1528
f 2980/1048/1529 2981/1055/1529 2806/944/1398
f 2982/1056/1530 2983/1057/1531 2972/1052/1524
f 2972/1052/1524 2984/1051/1532 2982/1056/1530
f 2985/1055/1533 2986/1058/1533 2807/945/1399
f 2807/945/1399 2806/944/1398 2987/1055/1534
f 2982/1056/1530 2770/918/1365 2988/1054/1535
f 2989/1054/1536 2990/1057/1536 2982/1056/1530
f 2805/943/1397 2804/942/1396 2936/1028/1494
f 2936/1028/1494 2933/1025/1491 2805/943/1397
f 2805/943/1397 2933/1025/1491 2934/1026/1492
f 2991/1059/1537 2738/891/1337 2992/890/1538
f 2991/1059/1537 2993/1060/1539 2738/891/1337
f 2994/1061/1540 2995/1062/1541 2996/1063/1542
f 2996/1063/1542 2997/1064/1542 2994/1061/1540
f 2998/1065/1542 2999/1066/1542 3000/1067/1542
f 3001/1067/1543 3002/1068/1543 3003/1065/1543
f 2943/1034/1501 3004/1069/1544 2706/863/1309
f 2709/866/1312 2708/865/1311 3005/991/1545
f 3006/991/1546 3007/990/1546 2709/866/1312
f 3008/890/1547 3009/1070/1547 3010/1071/1547
f 3011/1072/1548 3012/1071/1548 3013/1070/1548
f 2943/1034/1501 2705/862/1308 2854/980/1436
f 3014/890/1549 3015/1071/1549 2991/1059/1537
f 3016/1073/1550 3004/1069/1544 2943/1034/1501
f 2943/1034/1501 2854/980/1436 3017/1073/1551
f 3018/1045/1552 2756/906/1354 3019/905/1552
f 2770/918/1365 3020/920/1553 3021/1053/1553
f 2935/1027/1493 2804/942/1396 2807/945/1399
f 2807/945/1399 3022/1058/1554 2935/1027/1493
f 2854/980/1436 2941/1033/1499 3023/1074/1555
f 3023/1074/1555 3024/1075/1556 2854/980/1436
f 3025/1073/1557 2854/980/1436 3024/1075/1556
f 3024/1075/1556 3026/1076/1558 3027/1073/1558
f 2740/893/1339 2738/891/1337 3028/1060/1559
f 3029/1060/1560 3030/1060/1560 2740/893/1339
f 3024/1075/1556 3023/1074/1555 3031/1077/1561
f 3031/1077/1561 3032/1076/1562 3024/1075/1556
f 3031/1077/1561 3033/1078/1563 2937/1029/1495
f 2937/1029/1495 3034/1076/132 3031/1077/1561
f 3033/1078/1563 3035/1079/1564 2938/1030/1496
f 2938/1030/1496 2937/1029/1495 3033/1078/1563
f 3036/1080/1542 3037/1067/1542 3038/1066/1542
f 3039/1066/1543 3040/1081/1565 3041/1080/1543
f 2938/1030/1496 3035/1079/1564 2995/1062/1541
f 2995/1062/1541 2994/1061/1540 2938/1030/1496
f 2939/1031/1497 2938/1030/1496 2994/1061/1540
f 2994/1061/1540 3042/1082/1566 2939/1031/1497
f 3043/1083/1567 3040/1081/1565 3044/1066/1567
f 3045/1066/1568 3046/1084/1568 3047/1083/1568
f 3048/844/1569 3049/843/1570 3050/842/1571
f 3050/842/1571 3051/845/1572 3048/844/1569
f 3052/846/1573 3053/848/1574 3054/847/1575
f 3054/847/1575 3055/850/1576 3052/846/1573
f 3053/848/1574 3052/846/1573 3056/849/1577
f 3057/851/1578 3058/852/1579 3050/842/1571
f 3050/842/1571 3049/843/1570 3057/851/1578
f 3059/853/1580 3060/855/1581 3061/854/1582
f 3062/856/1583 3063/858/1583 3064/857/1584
f 3064/857/1584 3057/851/1578 3065/856/1585
f 3049/843/1570 3048/844/1569 3066/859/1586
f 3066/859/1586 3067/856/1587 3049/843/1570
f 3068/862/1588 3069/861/1589 3070/860/1590
f 3070/860/1590 3071/863/1591 3068/862/1588
f 3072/864/1592 3073/866/1593 3074/865/1594
f 3075/867/1595 3076/870/1595 3077/869/1595
f 3078/869/1596 3079/868/1596 3080/867/1596
f 3081/873/1597 3082/872/1598 3083/871/1599
f 3083/871/1599 3084/874/1600 3085/873/1601
f 3086/875/1602 3084/874/1600 3083/871/1599
f 3087/876/1603 3088/879/1604 3089/878/1605
f 3089/878/1605 3090/877/1606 3087/876/1603
f 3089/878/1605 3088/879/1604 3091/881/1604
f 3092/881/1603 3093/880/1607 3089/878/1605
f 3093/880/1607 3094/883/1608 3095/882/1609
f 3095/882/1609 3089/878/1605 3093/880/1607
f 3096/884/1610 3072/864/1592 3074/865/1594
f 3074/865/1594 3097/885/1611 3096/884/1610
f 3059/853/1580 3061/854/1582 3098/886/1612
f 3060/855/1581 3059/853/1580 3099/887/1613
f 3100/890/1614 3101/889/1615 3102/888/1616
f 3102/888/1616 3103/891/1617 3104/890/1618
f 3105/892/1619 3106/893/1620 3103/891/1617
f 3103/891/1617 3102/888/1616 3105/892/1619
f 3107/895/1621 3096/884/1610 3108/894/1622
f 3108/894/1622 3109/896/1623 3110/895/1623
f 3111/897/1624 3112/900/1625 3113/899/1625
f 3114/899/1626 3115/898/1627 3111/897/1624
f 3051/845/1572 3116/902/1628 3117/901/1629
f 3117/901/1629 3048/844/1569 3051/845/1572
f 3048/844/1569 3117/901/1629 3118/903/1630
f 3119/903/1631 3066/859/1586 3048/844/1569
f 3117/901/1629 3116/902/1628 3120/904/1632
f 3120/904/1632 3121/903/1633 3117/901/1629
f 3122/905/1634 3123/907/1635 3124/906/1636
f 3082/872/1598 3125/908/1637 3083/871/1599
f 3061/854/1582 3126/910/1638 3127/909/1638
f 3128/909/1639 3129/886/1639 3061/854/1582
f 3130/911/1640 3086/875/1602 3083/871/1599
f 3083/871/1599 3125/908/1637 3130/911/1640
f 3131/912/1641 3132/914/1642 3133/913/1643
f 3090/877/1606 3134/916/1644 3135/915/1644
f 3086/875/1602 3130/911/1640 3136/917/1645
f 3137/918/1646 3138/920/1647 3139/919/1648
f 3140/885/1649 3141/921/1649 3108/894/1622
f 3108/894/1622 3096/884/1610 3142/885/1650
f 3143/922/1651 3144/923/1652 3050/842/1571
f 3050/842/1571 3058/852/1579 3145/922/1653
f 3146/924/1654 3147/927/1654 3148/926/1655
f 3148/926/1655 3149/925/1656 3150/924/1657
f 3151/928/1658 3054/847/1575 3152/929/1658
f 3153/930/1659 3154/933/1659 3155/932/1660
f 3155/932/1660 3156/931/1661 3157/930/1662
f 3139/919/1648 3158/920/1663 3159/917/1663
f 3160/917/1664 3130/911/1640 3139/919/1648
f 3161/934/1665 3162/937/1666 3163/936/1666
f 3164/936/1667 3165/935/1668 3161/934/1665
f 3166/938/1669 3167/939/1670 3168/937/1671
f 3169/937/1672 3161/934/1665 3166/938/1669
f 3170/941/1673 3171/940/1674 3167/939/1670
f 3167/939/1670 3166/938/1669 3170/941/1673
f 3090/877/1606 3089/878/1605 3172/916/1675
f 3173/944/1676 3174/943/1677 3175/942/1678
f 3175/942/1678 3176/945/1679 3173/944/1676
f 3177/946/1680 3178/949/1681 3179/948/1682
f 3180/948/1683 3181/947/1683 3177/946/1680
f 3182/950/1684 3183/953/1685 3184/952/1685
f 3185/952/1686 3186/951/1687 3182/950/1684
f 3187/954/1688 3054/847/1575 3188/928/1689
f 3189/928/1690 3190/955/1690 3187/954/1688
f 3191/958/1691 3192/957/1692 3193/956/1692
f 3194/956/1693 3195/959/1693 3191/958/1691
f 3196/960/1694 3197/961/1694 3149/925/1656
f 3149/925/1656 3198/936/1695 3199/960/1695
f 3200/936/1696 3149/925/1656 3165/935/1668
f 3201/962/1697 3202/963/1698 3116/902/1628
f 3116/902/1628 3051/845/1572 3201/962/1697
f 3202/963/1698 3201/962/1697 3203/964/1699
f 3204/964/1700 3205/965/1700 3202/963/1698
f 3051/845/1572 3206/967/1701 3207/966/1701
f 3208/966/1702 3201/962/1697 3051/845/1572
f 3201/962/1697 3209/966/1703 3210/968/1703
f 3211/968/1704 3212/964/1704 3201/962/1697
f 3213/965/1705 3214/953/1705 3182/950/1684
f 3182/950/1684 3202/963/1698 3215/965/1706
f 3116/902/1628 3202/963/1698 3182/950/1684
f 3182/950/1684 3120/904/1632 3116/902/1628
f 3057/851/1578 3216/970/1707 3217/969/1707
f 3218/969/1708 3058/852/1579 3057/851/1578
f 3057/851/1578 3049/843/1570 3219/856/1709
f 3220/972/1710 3132/914/1642 3221/971/1711
f 3221/971/1711 3222/973/1712 3223/972/1712
f 3224/974/1713 3225/975/1713 3226/973/1713
f 3227/973/1714 3221/971/1711 3228/974/1714
f 3229/978/1715 3230/977/1716 3231/976/1717
f 3231/976/1717 3232/979/1718 3229/978/1715
f 3068/862/1588 3233/980/1719 3156/931/1661
f 3234/981/1720 3235/982/1720 3236/867/1720
f 3237/867/1721 3238/868/1721 3239/981/1721
f 3240/983/1722 3221/971/1711 3132/914/1642
f 3132/914/1642 3241/984/1723 3242/983/1723
f 3221/971/1711 3243/983/1724 3244/974/1724
f 3245/985/1725 3246/987/1725 3247/986/1725
f 3248/990/1726 3249/989/1726 3250/988/1726
f 3251/988/1727 3252/991/1727 3253/990/1727
f 3059/853/1580 3254/986/1728 3255/987/1728
f 3256/987/1729 3099/887/1613 3059/853/1580
f 3052/846/1573 3257/992/1730 3056/849/1577
f 3230/977/1716 3054/847/1575 3187/954/1688
f 3187/954/1688 3258/993/1731 3230/977/1716
f 3259/994/1732 3260/961/1732 3261/960/1732
f 3262/960/1733 3263/995/1733 3264/994/1733
f 3229/978/1715 3265/997/1734 3266/996/1734
f 3267/996/1735 3055/850/1576 3229/978/1715
f 3230/977/1716 3229/978/1715 3055/850/1576
f 3055/850/1576 3054/847/1575 3230/977/1716
f 3131/912/1641 3268/984/1736 3132/914/1642
f 3132/914/1642 3269/972/1737 3133/913/1643
f 3051/845/1572 3050/842/1571 3144/923/1652
f 3144/923/1652 3270/967/1738 3051/845/1572
f 3271/998/1739 3272/924/1739 3149/925/1656
f 3149/925/1656 3273/961/1740 3274/998/1740
f 3161/934/1665 3165/935/1668 3275/999/1741
f 3275/999/1741 3276/1000/1742 3161/934/1665
f 3166/938/1669 3161/934/1665 3276/1000/1742
f 3276/1000/1742 3277/1001/1743 3166/938/1669
f 3166/938/1669 3277/1001/1743 3170/941/1673
f 3170/941/1673 3278/1003/1744 3279/1002/1744
f 3280/1002/1745 3171/940/1674 3170/941/1673
f 3149/925/1656 3275/999/1741 3165/935/1668
f 3281/1006/1746 3282/1005/1747 3283/1004/1748
f 3283/1004/1748 3284/1007/1749 3281/1006/1746
f 3149/925/1656 3148/926/1655 3275/999/1741
f 3281/1006/1746 3285/1009/1750 3286/1008/1750
f 3287/1008/1751 3288/1010/1751 3281/1006/1746
f 3281/1006/1746 3284/1007/1749 3289/1011/1752
f 3290/1011/1753 3291/1009/1753 3281/1006/1746
f 3292/1012/1754 3293/1015/1754 3294/1014/1755
f 3294/1014/1755 3295/1013/1756 3296/1012/1757
f 3297/1015/1758 3191/958/1691 3298/1016/1759
f 3298/1016/1759 3294/1014/1755 3299/1015/1760
f 3300/959/1761 3298/1016/1759 3191/958/1691
f 3301/1017/1762 3302/1012/1762 3295/1013/1756
f 3295/1013/1756 3303/1018/1763 3304/1017/1763
f 3305/1019/1764 3306/1003/1764 3170/941/1673
f 3170/941/1673 3277/1001/1743 3307/1019/1765
f 3177/946/1680 3284/1007/1749 3283/1004/1748
f 3283/1004/1748 3178/949/1681 3177/946/1680
f 3177/946/1680 3308/947/1766 3309/1021/1766
f 3310/1021/1767 3311/1020/1767 3177/946/1680
f 3284/1007/1749 3177/946/1680 3312/1020/1768
f 3313/1020/1769 3314/1011/1769 3284/1007/1749
f 3315/916/1770 3089/878/1605 3095/882/1609
f 3316/1022/1771 3317/1024/1772 3318/1023/1773
f 3319/1025/1774 3320/1026/1775 3124/906/1636
f 3124/906/1636 3123/907/1635 3319/1025/1774
f 3317/1024/1772 3321/1027/1776 3175/942/1678
f 3175/942/1678 3318/1023/1773 3317/1024/1772
f 3318/1023/1773 3175/942/1678 3322/1028/1777
f 3323/1029/1778 3324/1032/1779 3325/1031/1780
f 3325/1031/1780 3326/1030/1781 3323/1029/1778
f 3327/1033/1782 3328/930/1782 3156/931/1661
f 3156/931/1661 3233/980/1719 3329/1033/1783
f 3155/932/1660 3330/861/1784 3068/862/1588
f 3068/862/1588 3156/931/1661 3155/932/1660
f 3071/863/1591 3331/1034/1785 3068/862/1588
f 3072/864/1592 3096/884/1610 3332/895/1786
f 3111/897/1624 3102/888/1616 3101/889/1615
f 3101/889/1615 3333/1035/1787 3111/897/1624
f 3115/898/1627 3105/892/1619 3102/888/1616
f 3102/888/1616 3111/897/1624 3115/898/1627
f 3334/1036/1788 3335/1038/1789 3336/1037/1789
f 3120/904/1632 3182/950/1684 3186/951/1687
f 3337/1040/1507 3338/1039/1507 3334/1036/1788
f 3334/1036/1788 3339/1041/1790 3340/1040/1790
f 3341/1042/1791 3334/1036/1788 3342/1039/1791
f 3343/1039/1792 3344/1043/1792 3345/1042/1792
f 3111/897/1624 3346/1035/1793 3347/1044/1793
f 3348/1044/1794 3349/900/1794 3111/897/1624
f 3350/1045/1795 3124/906/1636 3351/1046/1795
f 3352/1047/1796 3353/1046/1796 3124/906/1636
f 3124/906/1636 3320/1026/1775 3354/1047/1797
f 3174/943/1677 3355/1048/1798 3356/1047/1798
f 3357/1047/1799 3320/1026/1775 3174/943/1677
f 3322/1028/1777 3358/1049/1800 3316/1022/1771
f 3316/1022/1771 3318/1023/1773 3322/1028/1777
f 3322/1028/1777 3319/1025/1774 3123/907/1635
f 3123/907/1635 3358/1049/1800 3322/1028/1777
f 3123/907/1635 3359/905/1801 3360/1050/1801
f 3361/1050/1802 3358/1049/1800 3123/907/1635
f 3362/1050/1803 3316/1022/1771 3358/1049/1800
f 3363/1051/1804 3364/1042/1804 3365/1043/1804
f 3366/1043/1805 3367/1052/1805 3368/1051/1805
f 3369/1038/1806 3334/1036/1788 3370/1042/1806
f 3371/1053/1807 3137/918/1646 3372/1054/1807
f 3173/944/1676 3373/1055/1808 3374/1048/1808
f 3375/1048/1809 3174/943/1677 3173/944/1676
f 3376/1056/1810 3377/1051/1811 3378/1052/1811
f 3379/1052/1812 3380/1057/1812 3376/1056/1810
f 3176/945/1679 3381/1058/1813 3382/1055/1813
f 3383/1055/1814 3173/944/1676 3176/945/1679
f 3376/1056/1810 3384/1057/1815 3385/1054/1815
f 3386/1054/1816 3137/918/1646 3376/1056/1810
f 3322/1028/1777 3175/942/1678 3174/943/1677
f 3174/943/1677 3319/1025/1774 3322/1028/1777
f 3174/943/1677 3320/1026/1775 3319/1025/1774
f 3387/1059/1817 3388/890/1818 3103/891/1617
f 3387/1059/1817 3103/891/1617 3389/1060/1819
f 3390/1061/1820 3391/1064/1542 3392/1063/1542
f 3393/1063/1821 3394/1062/1821 3390/1061/1820
f 3395/1067/1542 3396/1066/1542 3397/1065/1542
f 3398/1065/1822 3399/1068/1822 3400/1067/1822
f 3331/1034/1785 3071/863/1591 3401/1069/1823
f 3073/866/1593 3402/990/1824 3403/991/1824
f 3404/991/1825 3074/865/1594 3073/866/1593
f 3405/890/1826 3406/1071/1826 3407/1070/1826
f 3408/1072/1827 3409/1070/1827 3410/1071/1827
f 3331/1034/1785 3233/980/1719 3068/862/1588
f 3411/890/1828 3387/1059/1817 3412/1071/1828
f 3413/1073/1829 3233/980/1719 3331/1034/1785
f 3331/1034/1785 3401/1069/1823 3414/1073/1830
f 3415/1045/1831 3416/905/1831 3124/906/1636
f 3137/918/1646 3417/1053/1832 3418/920/1832
f 3321/1027/1776 3419/1058/1833 3176/945/1679
f 3176/945/1679 3175/942/1678 3321/1027/1776
f 3420/1074/1834 3421/1033/1834 3233/980/1719
f 3233/980/1719 3422/1075/1835 3423/1074/1836
f 3422/1075/1835 3233/980/1719 3424/1073/1837
f 3425/1073/1838 3426/1076/1838 3422/1075/1835
f 3427/1060/1839 3103/891/1617 3106/893/1620
f 3106/893/1620 3428/1060/1840 3429/1060/1840
f 3430/1077/1841 3431/1074/1841 3422/1075/1835
f 3422/1075/1835 3432/1076/1562 3433/1077/1562
f 3434/1077/132 3435/1076/132 3323/1029/1778
f 3323/1029/1778 3436/1078/1842 3437/1077/1842
f 3326/1030/1781 3438/1079/1843 3439/1078/1843
f 3440/1078/1844 3323/1029/1778 3326/1030/1781
f 3441/1080/1822 3442/1081/1822 3443/1066/1822
f 3444/1066/1542 3445/1067/1542 3446/1080/1542
f 3447/1062/1845 3448/1079/1845 3326/1030/1781
f 3326/1030/1781 3390/1061/1820 3449/1062/1846
f 3390/1061/1820 3326/1030/1781 3325/1031/1780
f 3325/1031/1780 3450/1082/1847 3390/1061/1820
f 3451/1083/1568 3452/1084/1568 3453/1066/1568
f 3454/1066/1567 3455/1081/1567 3456/1083/1567
f 2912/1014/1474 2911/1013/1473 3457/1013/1848
f 3457/1013/1848 3458/1014/1849 2912/1014/1474
f 2916/1016/1477 2912/1014/1474 3458/1014/1849
f 3458/1014/1849 3459/1016/1850 2916/1016/1477
f 2821/959/1412 2916/1016/1477 3459/1016/1850
f 3459/1016/1850 3460/959/1851 2821/959/1412
f 2911/1013/1473 2919/1018/1480 3461/1018/1852
f 3461/1018/1852 3457/1013/1848 2911/1013/1473
f 3295/1013/1756 3294/1014/1755 3462/1014/1853
f 3462/1014/1853 3463/1013/1854 3295/1013/1756
f 3294/1014/1755 3298/1016/1759 3464/1016/1855
f 3464/1016/1855 3462/1014/1853 3294/1014/1755
f 3298/1016/1759 3465/959/1856 3466/959/1856
f 3467/959/1857 3464/1016/1855 3298/1016/1759
f 3468/1018/1858 3295/1013/1756 3463/1013/1854
f 3463/1013/1854 3469/1018/1858 3470/1018/1858
f 3471/929/1859 2689/848/1293 2688/847/1292
f 3054/847/1575 3053/848/1574 3472/929/1860
f 3473/1085/1861 3474/1086/1862 3475/1087/1863
f 3475/1087/1863 3476/1088/1864 3473/1085/1861
f 3477/1089/1865 3478/1090/1866 3473/1085/1861
f 3473/1085/1861 3476/1088/1864 3477/1089/1865
f 3479/1091/1867 3480/1092/1868 3481/1093/1869
f 3481/1093/1869 3482/1094/1870 3479/1091/1867
f 3483/1095/1871 3484/1096/1872 3485/1097/1873
f 3486/1097/1873 3487/1098/1873 3483/1095/1871
f 3488/1099/1874 3489/1100/1875 3490/1101/1876
f 3490/1101/1876 3491/1102/1877 3488/1099/1874
f 3478/1090/1866 3477/1089/1865 3492/1103/1878
f 3492/1103/1878 3493/1104/1879 3478/1090/1866
f 3494/1105/1880 3480/1092/1868 3479/1091/1867
f 3479/1091/1867 3495/1106/1881 3494/1105/1880
f 3484/1096/1872 3483/1095/1871 3496/1107/1882
f 3496/1107/1882 3497/1108/1883 3484/1096/1872
f 3498/1109/1884 3489/1100/1875 3488/1099/1874
f 3488/1099/1874 3499/1110/1885 3498/1109/1884
f 3476/1088/1864 3475/1087/1863 3500/1111/1886
f 3501/1111/1886 3481/1093/1869 3476/1088/1864
f 3473/1085/1861 3491/1102/1877 3502/1112/1886
f 3503/1112/1886 3474/1086/1862 3473/1085/1861
f 3480/1092/1868 3477/1089/1865 3476/1088/1864
f 3476/1088/1864 3481/1093/1869 3480/1092/1868
f 3491/1102/1877 3473/1085/1861 3478/1090/1866
f 3478/1090/1866 3488/1099/1874 3491/1102/1877
f 3489/1100/1875 3483/1095/1871 3504/1098/1887
f 3505/1098/1887 3490/1101/1876 3489/1100/1875
f 3506/1113/1888 3507/1097/1888 3484/1096/1872
f 3484/1096/1872 3508/1114/1889 3509/1113/1889
f 3488/1099/1874 3478/1090/1866 3493/1104/1879
f 3493/1104/1879 3499/1110/1885 3488/1099/1874
f 3492/1103/1878 3477/1089/1865 3480/1092/1868
f 3480/1092/1868 3494/1105/1880 3492/1103/1878
f 3510/1114/1890 3484/1096/1872 3497/1108/1883
f 3497/1108/1883 3511/1115/1891 3512/1114/1891
f 3496/1107/1882 3483/1095/1871 3489/1100/1875
f 3489/1100/1875 3498/1109/1884 3496/1107/1882
f 3513/1116/1892 3514/1117/1893 3515/1118/1894
f 3515/1118/1894 3516/1119/1895 3513/1116/1892
f 3517/1120/1896 3518/1121/1897 3519/1122/1898
f 3520/1123/1899 3521/1124/1900 3522/1125/1901
f 3522/1125/1901 3523/1126/1902 3520/1123/1899
f 3524/1127/1903 3525/1128/1904 3526/1129/1905
f 3517/1120/1896 3519/1122/1898 3514/1117/1893
f 3514/1117/1893 3513/1116/1892 3517/1120/1896
f 3515/1118/1894 3527/1130/1906 3528/1131/1907
f 3528/1131/1907 3516/1119/1895 3515/1118/1894
f 3524/1127/1903 3526/1129/1905 3521/1124/1900
f 3521/1124/1900 3520/1123/1899 3524/1127/1903
f 3522/1125/1901 3529/1132/1908 3530/1133/1909
f 3530/1133/1909 3523/1126/1902 3522/1125/1901
f 3492/1103/1878 3531/1134/1910 3532/1135/1911
f 3532/1135/1911 3493/1104/1879 3492/1103/1878
f 3516/1119/1895 3532/1135/1911 3531/1134/1910
f 3531/1134/1910 3513/1116/1892 3516/1119/1895
f 3533/1136/1912 3534/1137/1913 3518/1121/1897
f 3518/1121/1897 3535/1138/1914 3533/1136/1912
f 3536/1139/1915 3494/1105/1880 3535/1138/1914
f 3496/1107/1882 3537/1140/1916 3538/1141/1917
f 3538/1141/1917 3497/1108/1883 3496/1107/1882
f 3523/1126/1902 3538/1141/1917 3537/1140/1916
f 3537/1140/1916 3520/1123/1899 3523/1126/1902
f 3539/1142/1918 3540/1143/1919 3541/1144/1920
f 3541/1144/1920 3525/1128/1904 3539/1142/1918
f 3542/1145/1921 3498/1109/1884 3539/1142/1918
f 3493/1104/1879 3532/1135/1911 3543/1146/1922
f 3543/1146/1922 3499/1110/1885 3493/1104/1879
f 3543/1146/1922 3532/1135/1911 3516/1119/1895
f 3516/1119/1895 3528/1131/1907 3543/1146/1922
f 3513/1116/1892 3531/1134/1910 3536/1139/1915
f 3536/1139/1915 3517/1120/1896 3513/1116/1892
f 3536/1139/1915 3531/1134/1910 3492/1103/1878
f 3492/1103/1878 3494/1105/1880 3536/1139/1915
f 3497/1108/1883 3538/1141/1917 3544/1147/1923
f 3544/1147/1923 3545/1115/1924 3497/1108/1883
f 3530/1133/1909 3544/1147/1923 3538/1141/1917
f 3538/1141/1917 3523/1126/1902 3530/1133/1909
f 3537/1140/1916 3542/1145/1921 3524/1127/1903
f 3524/1127/1903 3520/1123/1899 3537/1140/1916
f 3542/1145/1921 3537/1140/1916 3496/1107/1882
f 3496/1107/1882 3498/1109/1884 3542/1145/1921
f 3542/1145/1921 3539/1142/1918 3525/1128/1904
f 3525/1128/1904 3524/1127/1903 3542/1145/1921
f 3528/1131/1907 3541/1144/1920 3540/1143/1919
f 3540/1143/1919 3543/1146/1922 3528/1131/1907
f 3535/1138/1914 3518/1121/1897 3517/1120/1896
f 3517/1120/1896 3536/1139/1915 3535/1138/1914
f 3534/1137/1913 3533/1136/1912 3546/1148/1925
f 3547/1148/1926 3548/1149/1926 3534/1137/1913
f 3541/1144/1920 3528/1131/1907 3527/1130/1906
f 3527/1130/1906 3526/1129/1905 3525/1128/1904
f 3525/1128/1904 3541/1144/1920 3527/1130/1906
f 3540/1143/1919 3539/1142/1918 3498/1109/1884
f 3498/1109/1884 3499/1110/1885 3540/1143/1919
f 3499/1110/1885 3543/1146/1922 3540/1143/1919
f 3534/1137/1913 3549/1149/1927 3550/1150/1927
f 3534/1137/1913 3551/1150/1928 3519/1122/1898
f 3519/1122/1898 3518/1121/1897 3534/1137/1913
f 3495/1106/1881 3533/1136/1912 3535/1138/1914
f 3535/1138/1914 3494/1105/1880 3495/1106/1881
f 3495/1106/1881 3552/1148/1929 3533/1136/1912
f 3553/1151/1930 3554/1152/1930 3555/1153/1930
f 3556/1153/1931 3557/1154/1931 3558/1151/1931
f 3559/1155/1932 3560/1156/1933 3561/1157/1934
f 3561/1157/1934 3562/1158/1935 3559/1155/1932
f 3563/1159/1936 3564/1160/1937 3565/1161/1938
f 3565/1161/1938 3566/1162/1939 3563/1159/1936
f 3567/1163/1940 3568/1164/1941 3569/1165/1941
f 3570/1165/1941 3571/1166/1942 3567/1163/1940
f 3572/1167/1943 3573/1168/1944 3574/1169/1943
f 3574/1169/1943 3575/1170/1943 3576/1167/1943
f 3577/1171/1945 3571/1166/1942 3578/1165/1946
f 3579/1165/1947 3580/1172/1947 3577/1171/1945
f 3581/1167/1948 3577/1171/1945 3582/1172/1948
f 3583/1172/1948 3573/1168/1944 3584/1167/1948
f 3567/1163/1940 3585/1173/1949 3586/1174/1950
f 3587/1174/1950 3588/1164/1950 3567/1163/1940
f 3589/1175/1951 3590/1176/1951 3591/1177/1951
f 3591/1177/1951 3592/1178/1952 3593/1175/1951
f 3585/1173/1949 3594/1175/1953 3592/1178/1952
f 3592/1178/1952 3595/1174/1953 3585/1173/1949
f 3596/1179/1954 3597/1180/1955 3598/1181/1954
f 3598/1181/1954 3599/1182/1956 3596/1179/1954
f 3600/1183/1957 3601/1184/1958 3602/1185/1959
f 3602/1185/1959 3603/1186/1960 3600/1183/1957
f 3604/1187/1961 3605/1188/1962 3606/1189/1963
f 3606/1189/1963 3607/1190/1964 3604/1187/1961
f 3608/1191/1965 3609/1192/1966 3610/1193/1967
f 3610/1193/1967 3611/1194/1968 3608/1191/1965
f 3612/1195/1969 3613/1196/1970 3614/1197/1971
f 3614/1197/1971 3615/1198/1972 3612/1195/1969
f 3616/1199/1973 3617/1200/1974 3618/1201/1975
f 3618/1201/1975 3619/1202/1976 3616/1199/1973
f 3620/1203/1977 3621/1204/1978 3622/1205/1979
f 3622/1205/1979 3623/1206/1980 3620/1203/1977
f 3624/1207/1981 3625/1208/1982 3626/1209/1983
f 3626/1209/1983 3627/1210/1984 3624/1207/1981
f 3628/1211/1985 3629/1212/1986 3630/1213/1987
f 3630/1213/1987 3631/1214/1988 3628/1211/1985
f 3632/1215/1989 3633/1216/1990 3634/1217/1991
f 3634/1217/1991 3635/1218/1992 3632/1215/1989
f 3636/1219/1993 3637/1220/1993 3621/1204/1978
f 3621/1204/1978 3620/1203/1977 3638/1219/1993
f 3625/1208/1982 3639/1221/1994 3640/1222/1995
f 3640/1222/1995 3626/1209/1983 3625/1208/1982
f 3601/1184/1958 3600/1183/1957 3628/1211/1985
f 3628/1211/1985 3631/1214/1988 3601/1184/1958
f 3632/1215/1989 3641/1223/1996 3642/1224/1997
f 3642/1224/1997 3633/1216/1990 3632/1215/1989
f 3604/1187/1961 3643/1225/1998 3644/1226/1999
f 3644/1226/1999 3605/1188/1962 3604/1187/1961
f 3609/1192/1966 3608/1191/1965 3645/1227/2000
f 3645/1227/2000 3646/1228/2001 3609/1192/1966
f 3647/1229/2002 3648/1230/2003 3613/1196/1970
f 3649/1231/2004 3617/1200/1974 3616/1199/1973
f 3616/1199/1973 3650/1232/2005 3649/1231/2004
f 3644/1226/1999 3643/1225/1998 3623/1206/1980
f 3623/1206/1980 3622/1205/1979 3644/1226/1999
f 3627/1210/1984 3646/1228/2001 3645/1227/2000
f 3645/1227/2000 3624/1207/1981 3627/1210/1984
f 3648/1230/2003 3647/1229/2002 3630/1213/1987
f 3630/1213/1987 3629/1212/1986 3648/1230/2003
f 3634/1217/1991 3649/1231/2004 3650/1232/2005
f 3650/1232/2005 3635/1218/1992 3634/1217/1991
f 3599/1182/1956 3598/1181/1954 3651/1233/1956
f 3651/1233/1956 3652/1234/2006 3599/1182/1956
f 3597/1180/1955 3596/1179/1954 3653/1235/1955
f 3653/1235/1955 3654/1236/2007 3597/1180/1955
f 3639/1221/1994 3600/1183/1957 3603/1186/1960
f 3603/1186/1960 3655/1237/2008 3639/1221/1994
f 3656/1238/2009 3602/1185/1959 3601/1184/1958
f 3601/1184/1958 3642/1224/1997 3657/1238/2010
f 3658/1239/2011 3604/1187/1961 3607/1190/1964
f 3607/1190/1964 3659/1240/2011 3660/1239/2011
f 3619/1202/1976 3606/1189/1963 3605/1188/1962
f 3605/1188/1962 3616/1199/1973 3619/1202/1976
f 3617/1200/1974 3612/1195/1969 3615/1198/1972
f 3615/1198/1972 3618/1201/1975 3617/1200/1974
f 3611/1194/1968 3614/1197/1971 3613/1196/1970
f 3613/1196/1970 3608/1191/1965 3611/1194/1968
f 3661/1241/2012 3620/1203/1977 3623/1206/1980
f 3623/1206/1980 3662/1242/2013 3663/1241/2013
f 3622/1205/1979 3621/1204/1978 3632/1215/1989
f 3632/1215/1989 3635/1218/1992 3622/1205/1979
f 3633/1216/1990 3631/1214/1988 3630/1213/1987
f 3630/1213/1987 3634/1217/1991 3633/1216/1990
f 3629/1212/1986 3628/1211/1985 3625/1208/1982
f 3625/1208/1982 3624/1207/1981 3629/1212/1986
f 3664/1243/2014 3665/1219/2014 3620/1203/1977
f 3620/1203/1977 3666/1241/2015 3667/1243/2015
f 3621/1204/1978 3668/1220/2016 3641/1223/1996
f 3641/1223/1996 3632/1215/1989 3621/1204/1978
f 3642/1224/1997 3601/1184/1958 3631/1214/1988
f 3631/1214/1988 3633/1216/1990 3642/1224/1997
f 3628/1211/1985 3600/1183/1957 3639/1221/1994
f 3639/1221/1994 3625/1208/1982 3628/1211/1985
f 3616/1199/1973 3605/1188/1962 3644/1226/1999
f 3644/1226/1999 3650/1232/2005 3616/1199/1973
f 3643/1225/1998 3604/1187/1961 3669/1239/2017
f 3670/1239/2018 3671/1244/2018 3643/1225/1998
f 3608/1191/1965 3613/1196/1970 3648/1230/2003
f 3648/1230/2003 3645/1227/2000 3608/1191/1965
f 3647/1229/2002 3612/1195/1969 3617/1200/1974
f 3617/1200/1974 3649/1231/2004 3647/1229/2002
f 3650/1232/2005 3644/1226/1999 3622/1205/1979
f 3622/1205/1979 3635/1218/1992 3650/1232/2005
f 3672/1242/2019 3623/1206/1980 3643/1225/1998
f 3643/1225/1998 3673/1244/2019 3674/1242/2019
f 3645/1227/2000 3648/1230/2003 3629/1212/1986
f 3629/1212/1986 3624/1207/1981 3645/1227/2000
f 3634/1217/1991 3630/1213/1987 3647/1229/2002
f 3647/1229/2002 3649/1231/2004 3634/1217/1991
f 3606/1189/1963 3675/1245/2020 3676/1246/2020
f 3677/1246/2020 3607/1190/1964 3606/1189/1963
f 3614/1197/1971 3678/1247/2021 3679/1248/2021
f 3680/1248/2021 3615/1198/1972 3614/1197/1971
f 3681/1246/2022 3682/1249/2022 3683/1240/2022
f 3684/1240/2023 3607/1190/1964 3685/1246/2023
f 3611/1194/1968 3686/1250/2024 3687/1247/2024
f 3688/1247/2025 3614/1197/1971 3611/1194/1968
f 3689/1248/2026 3690/1251/2026 3618/1201/1975
f 3618/1201/1975 3615/1198/1972 3691/1248/2027
f 3619/1202/1976 3692/1252/2028 3693/1245/2028
f 3694/1245/2029 3606/1189/1963 3619/1202/1976
f 3695/1253/2030 3696/1254/2031 3697/1255/2032
f 3697/1255/2032 3698/1256/2033 3695/1253/2030
f 3699/1257/2034 3695/1253/2030 3698/1256/2033
f 3698/1256/2033 3700/1258/2035 3699/1257/2034
f 3701/1259/2036 3699/1257/2034 3700/1258/2035
f 3700/1258/2035 3702/1260/2037 3701/1259/2036
f 3703/1261/2038 3701/1259/2036 3702/1260/2037
f 3702/1260/2037 3704/1262/2038 3705/1261/2038
f 3697/1255/2032 3706/1263/2039 3707/1264/2040
f 3707/1264/2040 3698/1256/2033 3697/1255/2032
f 3700/1258/2035 3708/1265/2041 3709/1266/2042
f 3709/1266/2042 3702/1260/2037 3700/1258/2035
f 3710/1267/2043 3711/1268/2044 3712/1269/2045
f 3712/1269/2045 3713/1270/2046 3710/1267/2043
f 3714/1271/2047 3715/1272/2048 3716/1273/2049
f 3716/1273/2049 3717/1274/2050 3714/1271/2047
f 3718/1275/2051 3710/1267/2043 3713/1270/2046
f 3713/1270/2046 3719/1276/2052 3718/1275/2051
f 3717/1274/2050 3716/1273/2049 3720/1277/2053
f 3720/1277/2053 3721/1278/2053 3717/1274/2050
f 3722/1279/2054 3719/1276/2052 3723/1280/2055
f 3723/1280/2055 3724/1281/2054 3725/1279/2054
f 3711/1268/2044 3726/1282/2056 3727/1283/2057
f 3727/1283/2057 3712/1269/2045 3711/1268/2044
f 3727/1283/2057 3728/1284/2058 3729/1285/2058
f 3729/1285/2058 3730/1286/2059 3727/1283/2057
f 3729/1285/2058 3728/1284/2058 3715/1272/2048
f 3715/1272/2048 3714/1271/2047 3729/1285/2058
f 3708/1265/2041 3700/1258/2035 3698/1256/2033
f 3698/1256/2033 3707/1264/2040 3708/1265/2041
f 3731/1287/2038 3732/1262/2038 3702/1260/2037
f 3702/1260/2037 3709/1266/2042 3733/1287/2038
f 3734/1251/2060 3735/1252/2060 3619/1202/1976
f 3619/1202/1976 3618/1201/1975 3736/1251/2061
f 3737/1288/2062 3738/1250/2062 3611/1194/1968
f 3611/1194/1968 3610/1193/1967 3739/1288/2063
f 3560/1156/1933 3559/1155/1932 3740/1162/2064
f 3741/1162/2065 3742/1159/2065 3560/1156/1933
f 3743/1159/2066 3744/1162/2066 3745/1161/2066
f 3746/1161/2067 3747/1160/2067 3748/1159/2067
f 3749/1156/2068 3563/1159/1936 3566/1162/1939
f 3566/1162/1939 3750/1155/2069 3751/1156/2069
f 3752/1157/2070 3753/1156/2070 3754/1155/2070
f 3755/1155/2071 3756/1158/2071 3757/1157/2071
f 3758/1289/2072 3759/1290/2073 3760/1291/2074
f 3760/1291/2074 3761/1292/2075 3758/1289/2072
f 3762/1293/2076 3763/1294/2077 3764/1295/2078
f 3764/1295/2078 3765/1296/2079 3762/1293/2076
f 3759/1290/2073 3762/1293/2076 3765/1296/2079
f 3765/1296/2079 3760/1291/2074 3759/1290/2073
f 3766/1297/2080 3767/1298/2081 3768/1299/2082
f 3766/1297/2080 3768/1299/2082 3769/1300/2083
f 3769/1300/2083 3770/1301/2084 3766/1297/2080
f 3769/1300/2083 3771/1302/2085 3770/1301/2084
f 3770/1301/2084 3771/1302/2085 3772/1303/2086
f 3772/1303/2086 3773/1304/2087 3770/1301/2084
f 3772/1303/2086 3774/1305/2088 3773/1304/2087
f 3775/1306/2089 3772/1303/2086 3771/1302/2085
f 3772/1303/2086 3776/1307/2090 3774/1305/2088
f 3772/1303/2086 3775/1306/2089 3776/1307/2090
f 3777/1308/2091 3778/1309/2092 3779/1310/2093
f 3777/1308/2091 3779/1310/2093 3780/1311/2094
f 3777/1308/2091 3781/1312/2095 3778/1309/2092
f 3782/1313/2096 3777/1308/2091 3780/1311/2094
f 3782/1313/2096 3780/1311/2094 3783/1314/2097
f 3782/1313/2096 3781/1312/2095 3777/1308/2091
f 3781/1312/2095 3782/1313/2096 3784/1315/2098
f 3784/1315/2098 3785/1316/2099 3781/1312/2095
f 3785/1316/2099 3786/1317/2100 3787/1318/2101
f 3785/1316/2099 3784/1315/2098 3786/1317/2100
f 3783/1314/2097 3784/1315/2098 3782/1313/2096
f 3784/1315/2098 3788/1319/2102 3786/1317/2100
f 3784/1315/2098 3783/1314/2097 3788/1319/2102
f 3789/1320/2103 3790/1321/2104 3791/1322/2105
f 3792/1323/2106 3767/1298/2081 3766/1297/2080
f 3793/1324/2107 3778/1309/2092 3781/1312/2095
f 3778/1309/2092 3793/1324/2107 3794/1325/2108
f 3788/1319/2102 3795/1326/2109 3796/1327/2110
f 3795/1326/2109 3788/1319/2102 3783/1314/2097
f 3783/1314/2097 3797/1328/2111 3795/1326/2109
f 3797/1328/2111 3783/1314/2097 3780/1311/2094
f 3775/1306/2089 3797/1328/2111 3780/1311/2094
f 3797/1328/2111 3775/1306/2089 3798/1329/2112
f 3775/1306/2089 3799/1330/2113 3798/1329/2112
f 3799/1330/2113 3775/1306/2089 3771/1302/2085
f 3769/1300/2083 3799/1330/2113 3771/1302/2085
f 3799/1330/2113 3769/1300/2083 3800/1331/2114
f 3768/1299/2082 3800/1331/2114 3769/1300/2083
f 3800/1331/2114 3768/1299/2082 3801/1332/2115
f 3801/1332/2115 3768/1299/2082 3802/1333/2116
f 3785/1316/2099 3789/1320/2103 3791/1322/2105
f 3789/1320/2103 3785/1316/2099 3787/1318/2101
f 3803/1334/2117 3804/1335/2118 3805/1336/2119
f 3806/1337/2120 3803/1334/2117 3805/1336/2119
f 3803/1334/2117 3806/1337/2120 3807/1338/2121
f 3808/1339/2122 3807/1338/2121 3806/1337/2120
f 3795/1326/2109 3805/1336/2119 3796/1327/2110
f 3805/1336/2119 3795/1326/2109 3806/1337/2120
f 3797/1328/2111 3806/1337/2120 3795/1326/2109
f 3806/1337/2120 3797/1328/2111 3808/1339/2122
f 3797/1328/2111 3809/1340/2123 3808/1339/2122
f 3809/1340/2123 3797/1328/2111 3798/1329/2112
f 3799/1330/2113 3809/1340/2123 3798/1329/2112
f 3809/1340/2123 3799/1330/2113 3810/1341/2124
f 3799/1330/2113 3811/1342/2125 3810/1341/2124
f 3811/1342/2125 3799/1330/2113 3800/1331/2114
f 3800/1331/2114 3812/1343/2126 3811/1342/2125
f 3812/1343/2126 3800/1331/2114 3801/1332/2115
f 3813/1333/2127 3812/1343/2126 3801/1332/2115
f 3814/1344/2128 3767/1298/2081 3792/1323/2106
f 3792/1323/2106 3766/1297/2080 3770/1301/2084
f 3770/1301/2084 3815/1345/2129 3792/1323/2106
f 3792/1323/2106 3815/1345/2129 3816/1346/2130
f 3817/1346/2131 3818/1344/2131 3792/1323/2106
f 3815/1345/2129 3819/1347/2132 3820/1346/2132
f 3821/1348/2133 3822/1347/2134 3815/1345/2129
f 3770/1301/2084 3823/1349/2135 3815/1345/2129
f 3823/1349/2135 3821/1348/2133 3815/1345/2129
f 3823/1349/2135 3770/1301/2084 3773/1304/2087
f 3774/1305/2088 3823/1349/2135 3773/1304/2087
f 3823/1349/2135 3774/1305/2088 3824/1350/2136
f 3824/1350/2136 3821/1348/2133 3823/1349/2135
f 3824/1350/2136 3825/1347/2137 3821/1348/2133
f 3826/1347/2138 3824/1350/2136 3827/1351/2138
f 3774/1305/2088 3828/1352/2139 3824/1350/2136
f 3828/1352/2139 3774/1305/2088 3779/1310/2093
f 3824/1350/2136 3828/1352/2139 3829/1351/2140
f 3830/1351/2141 3828/1352/2139 3831/1353/2141
f 3779/1310/2093 3794/1325/2108 3828/1352/2139
f 3794/1325/2108 3832/1354/2142 3828/1352/2139
f 3794/1325/2108 3779/1310/2093 3778/1309/2092
f 3794/1325/2108 3793/1324/2107 3832/1354/2142
f 3832/1354/2142 3833/1355/2143 3834/1353/2143
f 3793/1324/2107 3835/1355/2144 3832/1354/2142
f 3836/1355/2145 3793/1324/2107 3837/1356/2145
f 3791/1322/2105 3838/1356/2146 3793/1324/2107
f 3839/1356/2147 3791/1322/2105 3790/1321/2104
f 3781/1312/2095 3791/1322/2105 3793/1324/2107
f 3791/1322/2105 3781/1312/2095 3785/1316/2099
f 3840/1353/2148 3828/1352/2139 3832/1354/2142
f 3780/1311/2094 3779/1310/2093 3775/1306/2089
f 3779/1310/2093 3776/1307/2090 3775/1306/2089
f 3779/1310/2093 3774/1305/2088 3776/1307/2090
f 3841/1357/2149 3842/1358/2149 3843/1359/2149
f 3844/1359/2150 3845/1360/2150 3846/1357/2150
f 3847/1358/2151 3848/1361/2151 3849/1359/2151
f 3850/1357/2152 3851/1360/2152 3852/1362/2152
f 3853/1362/2153 3854/1363/2153 3855/1357/2153
f 3856/1297/2154 3857/1298/2155 3858/1299/2156
f 3856/1297/2154 3858/1299/2156 3859/1300/2157
f 3859/1300/2157 3860/1301/2158 3856/1297/2154
f 3859/1300/2157 3861/1302/2159 3860/1301/2158
f 3860/1301/2158 3861/1302/2159 3862/1303/2086
f 3862/1303/2086 3863/1304/2087 3860/1301/2158
f 3862/1303/2086 3864/1305/2088 3863/1304/2087
f 3865/1306/2089 3862/1303/2086 3861/1302/2159
f 3862/1303/2086 3866/1307/2090 3864/1305/2088
f 3862/1303/2086 3865/1306/2089 3866/1307/2090
f 3867/1308/2091 3868/1309/2092 3869/1310/2093
f 3867/1308/2091 3869/1310/2093 3870/1311/2094
f 3867/1308/2091 3871/1312/2095 3868/1309/2092
f 3872/1313/2096 3867/1308/2091 3870/1311/2094
f 3872/1313/2096 3870/1311/2094 3873/1314/2097
f 3872/1313/2096 3871/1312/2095 3867/1308/2091
f 3871/1312/2095 3872/1313/2096 3874/1315/2098
f 3874/1315/2098 3875/1316/2099 3871/1312/2095
f 3875/1316/2099 3876/1317/2100 3877/1318/2101
f 3875/1316/2099 3874/1315/2098 3876/1317/2100
f 3873/1314/2097 3874/1315/2098 3872/1313/2096
f 3874/1315/2098 3878/1319/2102 3876/1317/2100
f 3874/1315/2098 3873/1314/2097 3878/1319/2102
f 3879/1320/2103 3880/1321/2104 3881/1322/2105
f 3882/1323/2160 3857/1298/2155 3856/1297/2154
f 3883/1324/2107 3868/1309/2092 3871/1312/2095
f 3868/1309/2092 3883/1324/2107 3884/1325/2108
f 3878/1319/2102 3885/1326/2109 3886/1327/2110
f 3885/1326/2109 3878/1319/2102 3873/1314/2097
f 3873/1314/2097 3887/1328/2111 3885/1326/2109
f 3887/1328/2111 3873/1314/2097 3870/1311/2094
f 3865/1306/2089 3887/1328/2111 3870/1311/2094
f 3887/1328/2111 3865/1306/2089 3888/1329/2112
f 3865/1306/2089 3889/1330/2161 3888/1329/2112
f 3889/1330/2161 3865/1306/2089 3861/1302/2159
f 3859/1300/2157 3889/1330/2161 3861/1302/2159
f 3889/1330/2161 3859/1300/2157 3890/1331/2162
f 3858/1299/2156 3890/1331/2162 3859/1300/2157
f 3890/1331/2162 3858/1299/2156 3891/1332/2163
f 3891/1332/2163 3858/1299/2156 3892/1333/2164
f 3875/1316/2099 3879/1320/2103 3881/1322/2105
f 3879/1320/2103 3875/1316/2099 3877/1318/2101
f 3893/1334/2117 3894/1335/2118 3895/1336/2119
f 3896/1337/2120 3893/1334/2117 3895/1336/2119
f 3893/1334/2117 3896/1337/2120 3897/1338/2121
f 3898/1339/2122 3897/1338/2121 3896/1337/2120
f 3885/1326/2109 3895/1336/2119 3886/1327/2110
f 3895/1336/2119 3885/1326/2109 3896/1337/2120
f 3887/1328/2111 3896/1337/2120 3885/1326/2109
f 3896/1337/2120 3887/1328/2111 3898/1339/2122
f 3887/1328/2111 3899/1340/2123 3898/1339/2122
f 3899/1340/2123 3887/1328/2111 3888/1329/2112
f 3889/1330/2161 3899/1340/2123 3888/1329/2112
f 3899/1340/2123 3889/1330/2161 3900/1341/2124
f 3889/1330/2161 3901/1342/2125 3900/1341/2124
f 3901/1342/2125 3889/1330/2161 3890/1331/2162
f 3890/1331/2162 3902/1343/2126 3901/1342/2125
f 3902/1343/2126 3890/1331/2162 3891/1332/2163
f 3903/1333/2127 3902/1343/2126 3891/1332/2163
f 3904/1344/2165 3857/1298/2155 3882/1323/2160
f 3882/1323/2160 3856/1297/2154 3860/1301/2158
f 3860/1301/2158 3905/1345/2166 3882/1323/2160
f 3882/1323/2160 3905/1345/2166 3906/1346/2167
f 3907/1346/2168 3908/1344/2168 3882/1323/2160
f 3905/1345/2166 3909/1347/2169 3910/1346/2169
f 3911/1348/2170 3912/1347/2171 3905/1345/2166
f 3860/1301/2158 3913/1349/2172 3905/1345/2166
f 3913/1349/2172 3911/1348/2170 3905/1345/2166
f 3913/1349/2172 3860/1301/2158 3863/1304/2087
f 3864/1305/2088 3913/1349/2172 3863/1304/2087
f 3913/1349/2172 3864/1305/2088 3914/1350/2136
f 3914/1350/2136 3911/1348/2170 3913/1349/2172
f 3914/1350/2136 3915/1347/2137 3911/1348/2170
f 3916/1347/2138 3914/1350/2136 3917/1351/2138
f 3864/1305/2088 3918/1352/2139 3914/1350/2136
f 3918/1352/2139 3864/1305/2088 3869/1310/2093
f 3914/1350/2136 3918/1352/2139 3919/1351/2140
f 3920/1351/2173 3918/1352/2139 3921/1353/2173
f 3869/1310/2093 3884/1325/2108 3918/1352/2139
f 3884/1325/2108 3922/1354/2142 3918/1352/2139
f 3884/1325/2108 3869/1310/2093 3868/1309/2092
f 3884/1325/2108 3883/1324/2107 3922/1354/2142
f 3922/1354/2142 3923/1355/2143 3924/1353/2143
f 3883/1324/2107 3925/1355/2144 3922/1354/2142
f 3926/1355/2145 3883/1324/2107 3927/1356/2145
f 3881/1322/2105 3928/1356/2146 3883/1324/2107
f 3929/1356/2147 3881/1322/2105 3880/1321/2104
f 3871/1312/2095 3881/1322/2105 3883/1324/2107
f 3881/1322/2105 3871/1312/2095 3875/1316/2099
f 3930/1353/2174 3918/1352/2139 3922/1354/2142
f 3870/1311/2094 3869/1310/2093 3865/1306/2089
f 3869/1310/2093 3866/1307/2090 3865/1306/2089
f 3869/1310/2093 3864/1305/2088 3866/1307/2090
f 3931/1357/2149 3932/1358/2149 3933/1359/2149
f 3934/1359/2150 3935/1360/2150 3936/1357/2150
f 3937/1358/2151 3938/1361/2151 3939/1359/2151
f 3940/1357/2152 3941/1360/2152 3942/1362/2152
f 3943/1362/2153 3944/1363/2153 3945/1357/2153
f 3946/1297/2175 3947/1298/2176 3948/1299/2177
f 3946/1297/2175 3948/1299/2177 3949/1300/2178
f 3949/1300/2178 3950/1301/2179 3946/1297/2175
f 3949/1300/2178 3951/1302/2180 3950/1301/2179
f 3950/1301/2179 3951/1302/2180 3952/1303/2181
f 3952/1303/2181 3953/1304/2182 3950/1301/2179
f 3952/1303/2181 3954/1305/2183 3953/1304/2182
f 3955/1306/2184 3952/1303/2181 3951/1302/2180
f 3952/1303/2181 3956/1307/2185 3954/1305/2183
f 3952/1303/2181 3955/1306/2184 3956/1307/2185
f 3957/1308/2186 3958/1309/2187 3959/1310/2188
f 3957/1308/2186 3959/1310/2188 3960/1311/2189
f 3957/1308/2186 3961/1312/2190 3958/1309/2187
f 3962/1313/2191 3957/1308/2186 3960/1311/2189
f 3962/1313/2191 3960/1311/2189 3963/1314/2192
f 3962/1313/2191 3961/1312/2190 3957/1308/2186
f 3961/1312/2190 3962/1313/2191 3964/1315/2193
f 3964/1315/2193 3965/1316/2194 3961/1312/2190
f 3965/1316/2194 3966/1317/2195 3967/1318/2196
f 3965/1316/2194 3964/1315/2193 3966/1317/2195
f 3963/1314/2192 3964/1315/2193 3962/1313/2191
f 3964/1315/2193 3968/1319/2197 3966/1317/2195
f 3964/1315/2193 3963/1314/2192 3968/1319/2197
f 3969/1320/2198 3970/1321/2199 3971/1322/2200
f 3972/1323/2201 3947/1298/2176 3946/1297/2175
f 3973/1324/2202 3958/1309/2187 3961/1312/2190
f 3958/1309/2187 3973/1324/2202 3974/1325/2203
f 3968/1319/2197 3975/1326/2204 3976/1327/2205
f 3975/1326/2204 3968/1319/2197 3963/1314/2192
f 3963/1314/2192 3977/1328/2206 3975/1326/2204
f 3977/1328/2206 3963/1314/2192 3960/1311/2189
f 3955/1306/2184 3977/1328/2206 3960/1311/2189
f 3977/1328/2206 3955/1306/2184 3978/1329/2207
f 3955/1306/2184 3979/1330/2208 3978/1329/2207
f 3979/1330/2208 3955/1306/2184 3951/1302/2180
f 3949/1300/2178 3979/1330/2208 3951/1302/2180
f 3979/1330/2208 3949/1300/2178 3980/1331/2209
f 3948/1299/2177 3980/1331/2209 3949/1300/2178
f 3980/1331/2209 3948/1299/2177 3981/1332/2210
f 3981/1332/2210 3948/1299/2177 3982/1333/2211
f 3965/1316/2194 3969/1320/2198 3971/1322/2200
f 3969/1320/2198 3965/1316/2194 3967/1318/2196
f 3983/1334/2212 3984/1335/2213 3985/1336/2214
f 3986/1337/2215 3983/1334/2212 3985/1336/2214
f 3983/1334/2212 3986/1337/2215 3987/1338/2216
f 3988/1339/2217 3987/1338/2216 3986/1337/2215
f 3975/1326/2204 3985/1336/2214 3976/1327/2205
f 3985/1336/2214 3975/1326/2204 3986/1337/2215
f 3977/1328/2206 3986/1337/2215 3975/1326/2204
f 3986/1337/2215 3977/1328/2206 3988/1339/2217
f 3977/1328/2206 3989/1340/2218 3988/1339/2217
f 3989/1340/2218 3977/1328/2206 3978/1329/2207
f 3979/1330/2208 3989/1340/2218 3978/1329/2207
f 3989/1340/2218 3979/1330/2208 3990/1341/2219
f 3979/1330/2208 3991/1342/2220 3990/1341/2219
f 3991/1342/2220 3979/1330/2208 3980/1331/2209
f 3980/1331/2209 3992/1343/2221 3991/1342/2220
f 3992/1343/2221 3980/1331/2209 3981/1332/2210
f 3993/1333/2222 3992/1343/2221 3981/1332/2210
f 3994/1344/2223 3947/1298/2176 3972/1323/2201
f 3972/1323/2201 3946/1297/2175 3950/1301/2179
f 3950/1301/2179 3995/1345/2224 3972/1323/2201
f 3972/1323/2201 3995/1345/2224 3996/1346/2225
f 3997/1346/2226 3998/1344/2226 3972/1323/2201
f 3995/1345/2224 3999/1347/2227 4000/1346/2227
f 4001/1348/2228 4002/1347/2229 3995/1345/2224
f 3950/1301/2179 4003/1349/2230 3995/1345/2224
f 4003/1349/2230 4001/1348/2228 3995/1345/2224
f 4003/1349/2230 3950/1301/2179 3953/1304/2182
f 3954/1305/2183 4003/1349/2230 3953/1304/2182
f 4003/1349/2230 3954/1305/2183 4004/1350/2231
f 4004/1350/2231 4001/1348/2228 4003/1349/2230
f 4004/1350/2231 4005/1347/2232 4001/1348/2228
f 4006/1347/2233 4004/1350/2231 4007/1351/2233
f 3954/1305/2183 4008/1352/2234 4004/1350/2231
f 4008/1352/2234 3954/1305/2183 3959/1310/2188
f 4004/1350/2231 4008/1352/2234 4009/1351/2235
f 4010/1351/2236 4008/1352/2234 4011/1353/2236
f 3959/1310/2188 3974/1325/2203 4008/1352/2234
f 3974/1325/2203 4012/1354/2237 4008/1352/2234
f 3974/1325/2203 3959/1310/2188 3958/1309/2187
f 3974/1325/2203 3973/1324/2202 4012/1354/2237
f 4012/1354/2237 4013/1355/2238 4014/1353/2238
f 3973/1324/2202 4015/1355/2239 4012/1354/2237
f 4016/1355/2240 3973/1324/2202 4017/1356/2240
f 3971/1322/2200 4018/1356/2241 3973/1324/2202
f 4019/1356/2242 3971/1322/2200 3970/1321/2199
f 3961/1312/2190 3971/1322/2200 3973/1324/2202
f 3971/1322/2200 3961/1312/2190 3965/1316/2194
f 4020/1353/2243 4008/1352/2234 4012/1354/2237
f 3960/1311/2189 3959/1310/2188 3955/1306/2184
f 3959/1310/2188 3956/1307/2185 3955/1306/2184
f 3959/1310/2188 3954/1305/2183 3956/1307/2185
f 4021/1357/2244 4022/1358/2244 4023/1359/2244
f 4024/1359/2245 4025/1360/2245 4026/1357/2245
f 4027/1358/2246 4028/1361/2246 4029/1359/2246
f 4030/1357/2247 4031/1360/2247 4032/1362/2247
f 4033/1362/2248 4034/1363/2248 4035/1357/2248
f 4036/1364/2249 4037/1365/2250 4038/1366/2251
f 4039/1367/2252 4040/1368/2253 4041/1369/2254
f 4040/1368/2253 4039/1367/2252 4042/1370/2255
f 4043/1371/2256 4044/1372/2257 4045/1373/2258
f 4044/1372/2257 4043/1371/2256 4046/1374/2259
f 4047/1375/2260 4048/1376/2261 4049/1377/2262
f 4048/1376/2261 4047/1375/2260 4050/1378/2263
f 4051/1379/2264 4052/1380/2265 4053/1381/2266
f 4052/1380/2265 4051/1379/2264 4037/1365/2250
f 4054/1382/2267 4055/1383/2268 4056/1384/2269
f 4055/1383/2268 4054/1382/2267 4042/1370/2255
f 4042/1370/2255 4057/1385/2270 4055/1383/2268
f 4057/1385/2270 4042/1370/2255 4039/1367/2252
f 4058/1386/2271 4057/1385/2270 4039/1367/2252
f 4039/1367/2252 4059/1387/2272 4058/1386/2271
f 4060/1388/2273 4058/1386/2271 4059/1387/2272
f 4059/1387/2272 4061/1389/2274 4060/1388/2273
f 4061/1389/2274 4059/1387/2272 4062/1390/2275
f 4062/1390/2275 4063/1391/2276 4061/1389/2274
f 4062/1390/2275 4043/1371/2256 4063/1391/2276
f 4045/1373/2258 4064/1392/2277 4043/1371/2256
f 4065/1393/2278 4066/1394/2279 4067/1395/2280
f 4067/1395/2280 4068/1396/2281 4065/1393/2278
f 4068/1396/2281 4067/1395/2280 4069/1397/2282
f 4069/1397/2282 4070/1398/2283 4068/1396/2281
f 4070/1398/2283 4069/1397/2282 4071/1399/2284
f 4072/1400/2285 4068/1396/2281 4070/1398/2283
f 4069/1397/2282 4073/1401/2286 4071/1399/2284
f 4068/1396/2281 4072/1400/2285 4074/1402/2287
f 4072/1400/2285 4075/1403/2288 4074/1402/2287
f 4075/1403/2288 4072/1400/2285 4076/1404/2289
f 4077/1405/2290 4073/1401/2286 4069/1397/2282
f 4073/1401/2286 4077/1405/2290 4078/1406/2291
f 4079/1407/2292 4078/1406/2291 4077/1405/2290
f 4067/1395/2280 4079/1407/2292 4077/1405/2290
f 4078/1406/2291 4079/1407/2292 4080/1408/2293
f 4079/1407/2292 4067/1395/2280 4081/1409/2294
f 4082/1410/2295 4081/1409/2294 4066/1394/2279
f 4066/1394/2279 4083/1411/2296 4082/1410/2295
f 4084/1412/2297 4080/1408/2293 4079/1407/2292
f 4081/1409/2294 4084/1412/2297 4079/1407/2292
f 4080/1408/2293 4084/1412/2297 4085/1413/2298
f 4084/1412/2297 4086/1414/2299 4085/1413/2298
f 4087/1415/2300 4086/1414/2299 4084/1412/2297
f 4086/1414/2299 4087/1415/2300 4088/1416/2301
f 4089/1417/2302 4088/1416/2301 4087/1415/2300
f 4088/1416/2301 4089/1417/2302 4090/1418/2303
f 4084/1412/2297 4082/1410/2295 4087/1415/2300
f 4082/1410/2295 4084/1412/2297 4081/1409/2294
f 4087/1415/2300 4082/1410/2295 4089/1417/2302
f 4091/1419/2304 4090/1418/2303 4089/1417/2302
f 4082/1410/2295 4091/1419/2304 4089/1417/2302
f 4090/1418/2303 4091/1419/2304 4092/1420/2305
f 4091/1419/2304 4093/1421/2306 4092/1420/2305
f 4094/1422/2307 4093/1421/2306 4091/1419/2304
f 4093/1421/2306 4094/1422/2307 4095/1423/2308
f 4096/1424/2309 4094/1422/2307 4091/1419/2304
f 4091/1419/2304 4082/1410/2295 4096/1424/2309
f 4095/1423/2308 4094/1422/2307 4097/1425/2310
f 4050/1378/2263 4097/1425/2310 4094/1422/2307
f 4097/1425/2310 4050/1378/2263 4047/1375/2260
f 4094/1422/2307 4096/1424/2309 4098/1426/2311
f 4096/1424/2309 4099/1427/2312 4098/1426/2311
f 4099/1427/2312 4096/1424/2309 4083/1411/2296
f 4082/1410/2295 4083/1411/2296 4096/1424/2309
f 4100/1428/2313 4101/1429/2314 4083/1411/2296
f 4083/1411/2296 4066/1394/2279 4100/1428/2313
f 4102/1430/2315 4103/1431/2316 4104/1432/2317
f 4103/1431/2316 4102/1430/2315 4105/1433/2318
f 4105/1433/2318 4106/1434/2319 4103/1431/2316
f 4107/1435/2320 4108/1436/2321 4109/1437/2322
f 4110/1438/2323 4111/1439/2324 4112/1440/2325
f 4111/1439/2324 4110/1438/2323 4113/1441/2326
f 4114/1442/2327 4113/1441/2326 4110/1438/2323
f 4113/1441/2326 4114/1442/2327 4115/1443/2328
f 4056/1384/2269 4057/1385/2270 4116/1444/2329
f 4057/1385/2270 4056/1384/2269 4055/1383/2268
f 4117/1445/2330 4036/1364/2249 4038/1366/2251
f 4118/1446/2331 4075/1403/2288 4119/1447/2332
f 4075/1403/2288 4118/1446/2331 4120/1448/2333
f 4121/1449/2334 4120/1448/2333 4118/1446/2331
f 4120/1448/2333 4121/1449/2334 4122/1450/2335
f 4123/1451/2336 4122/1450/2335 4121/1449/2334
f 4122/1450/2335 4123/1451/2336 4124/1452/2337
f 4123/1451/2336 4125/1453/2338 4124/1452/2337
f 4125/1453/2338 4123/1451/2336 4126/1434/2339
f 4105/1433/2318 4125/1453/2338 4127/1434/2340
f 4102/1430/2315 4128/1454/2341 4105/1433/2318
f 4128/1454/2341 4102/1430/2315 4129/1455/2342
f 4130/1456/2343 4128/1454/2341 4129/1455/2342
f 4129/1455/2342 4131/1457/2344 4130/1456/2343
f 4132/1458/2345 4133/1459/2346 4134/1460/2347
f 4133/1459/2346 4132/1458/2345 4135/1461/2348
f 4133/1459/2346 4135/1461/2348 4136/1462/2349
f 4125/1453/2338 4136/1462/2349 4135/1461/2348
f 4136/1462/2349 4125/1453/2338 4128/1454/2341
f 4105/1433/2318 4128/1454/2341 4125/1453/2338
f 4135/1461/2348 4132/1458/2345 4124/1452/2337
f 4124/1452/2337 4125/1453/2338 4135/1461/2348
f 4100/1428/2313 4066/1394/2279 4124/1452/2337
f 4124/1452/2337 4132/1458/2345 4100/1428/2313
f 4137/1463/2350 4124/1452/2337 4066/1394/2279
f 4066/1394/2279 4065/1393/2278 4137/1463/2350
f 4122/1450/2335 4124/1452/2337 4137/1463/2350
f 4065/1393/2278 4074/1402/2287 4137/1463/2350
f 4074/1402/2287 4122/1450/2335 4137/1463/2350
f 4074/1402/2287 4065/1393/2278 4068/1396/2281
f 4074/1402/2287 4120/1448/2333 4122/1450/2335
f 4074/1402/2287 4075/1403/2288 4120/1448/2333
f 4138/1464/2351 4139/1465/2352 4140/1466/2353
f 4139/1465/2352 4138/1464/2351 4141/1467/2354
f 4142/1468/2355 4141/1467/2354 4138/1464/2351
f 4141/1467/2354 4142/1468/2355 4046/1374/2259
f 4046/1374/2259 4142/1468/2355 4143/1469/2356
f 4044/1372/2257 4046/1374/2259 4144/1469/2357
f 4069/1397/2282 4067/1395/2280 4077/1405/2290
f 4046/1374/2259 4043/1371/2256 4141/1467/2354
f 4043/1371/2256 4139/1465/2352 4141/1467/2354
f 4139/1465/2352 4043/1371/2256 4062/1390/2275
f 4062/1390/2275 4145/1470/2358 4139/1465/2352
f 4145/1470/2358 4062/1390/2275 4146/1471/2359
f 4059/1387/2272 4146/1471/2359 4062/1390/2275
f 4145/1470/2358 4147/1472/2360 4139/1465/2352
f 4139/1465/2352 4147/1472/2360 4140/1466/2353
f 4147/1472/2360 4110/1438/2323 4140/1466/2353
f 4110/1438/2323 4147/1472/2360 4114/1442/2327
f 4147/1472/2360 4148/1473/2361 4114/1442/2327
f 4148/1473/2361 4115/1443/2328 4114/1442/2327
f 4115/1443/2328 4148/1473/2361 4149/1474/2362
f 4148/1473/2361 4150/1475/2363 4149/1474/2362
f 4148/1473/2361 4147/1472/2360 4151/1476/2364
f 4151/1476/2364 4150/1475/2363 4148/1473/2361
f 4145/1470/2358 4151/1476/2364 4147/1472/2360
f 4150/1475/2363 4107/1435/2320 4109/1437/2322
f 4150/1475/2363 4151/1476/2364 4107/1435/2320
f 4151/1476/2364 4145/1470/2358 4152/1477/2365
f 4107/1435/2320 4151/1476/2364 4152/1477/2365
f 4146/1471/2359 4152/1477/2365 4145/1470/2358
f 4041/1369/2254 4107/1435/2320 4152/1477/2365
f 4152/1477/2365 4146/1471/2359 4041/1369/2254
f 4107/1435/2320 4041/1369/2254 4040/1368/2253
f 4040/1368/2253 4108/1436/2321 4107/1435/2320
f 4108/1436/2321 4040/1368/2253 4153/1478/2366
f 4042/1370/2255 4153/1478/2366 4040/1368/2253
f 4153/1478/2366 4042/1370/2255 4154/1479/2367
f 4154/1479/2367 4042/1370/2255 4054/1382/2267
f 4041/1369/2254 4059/1387/2272 4039/1367/2252
f 4041/1369/2254 4146/1471/2359 4059/1387/2272
f 4155/1480/2368 4099/1427/2312 4156/1481/2369
f 4099/1427/2312 4155/1480/2368 4098/1426/2311
f 4157/1482/2370 4098/1426/2311 4155/1480/2368
f 4098/1426/2311 4157/1482/2370 4094/1422/2307
f 4094/1422/2307 4157/1482/2370 4050/1378/2263
f 4050/1378/2263 4157/1482/2370 4048/1376/2261
f 4113/1441/2326 4131/1457/2344 4111/1439/2324
f 4131/1457/2344 4113/1441/2326 4130/1456/2343
f 4115/1443/2328 4130/1456/2343 4113/1441/2326
f 4149/1474/2362 4130/1456/2343 4115/1443/2328
f 4158/1483/2371 4136/1462/2349 4128/1454/2341
f 4128/1454/2341 4130/1456/2343 4158/1483/2371
f 4150/1475/2363 4130/1456/2343 4149/1474/2362
f 4130/1456/2343 4150/1475/2363 4158/1483/2371
f 4159/1484/2372 4158/1483/2371 4150/1475/2363
f 4150/1475/2363 4109/1437/2322 4159/1484/2372
f 4057/1385/2270 4160/1485/2373 4116/1444/2329
f 4058/1386/2271 4161/1486/2374 4057/1385/2270
f 4162/1485/2375 4057/1385/2270 4161/1486/2374
f 4163/1487/2376 4164/1485/2377 4161/1486/2374
f 4165/1485/2378 4163/1487/2376 4166/1488/2378
f 4161/1486/2374 4058/1386/2271 4060/1388/2273
f 4167/1489/2379 4168/1488/2380 4163/1487/2376
f 4169/1488/2381 4167/1489/2379 4170/1490/2382
f 4170/1490/2382 4171/1491/2383 4172/1492/2384
f 4171/1491/2383 4170/1490/2382 4167/1489/2379
f 4163/1487/2376 4173/1493/2385 4167/1489/2379
f 4173/1493/2385 4171/1491/2383 4167/1489/2379
f 4173/1493/2385 4163/1487/2376 4060/1388/2273
f 4171/1491/2383 4173/1493/2385 4174/1494/2386
f 4173/1493/2385 4175/1495/2387 4174/1494/2386
f 4061/1389/2274 4173/1493/2385 4060/1388/2273
f 4173/1493/2385 4061/1389/2274 4176/1496/2388
f 4176/1496/2388 4175/1495/2387 4173/1493/2385
f 4063/1391/2276 4176/1496/2388 4061/1389/2274
f 4175/1495/2387 4176/1496/2388 4177/1497/2389
f 4176/1496/2388 4178/1498/2390 4177/1497/2389
f 4176/1496/2388 4179/1499/2391 4178/1498/2390
f 4179/1499/2391 4176/1496/2388 4180/1500/2392
f 4176/1496/2388 4063/1391/2276 4180/1500/2392
f 4180/1500/2392 4181/1501/2393 4179/1499/2391
f 4063/1391/2276 4038/1366/2251 4180/1500/2392
f 4038/1366/2251 4181/1501/2393 4180/1500/2392
f 4038/1366/2251 4063/1391/2276 4117/1445/2330
f 4181/1501/2393 4038/1366/2251 4182/1502/2394
f 4038/1366/2251 4051/1379/2264 4182/1502/2394
f 4051/1379/2264 4038/1366/2251 4037/1365/2250
f 4183/1503/2395 4184/1504/2396 4185/1505/2397
f 4185/1505/2397 4186/1506/2398 4187/1503/2398
f 4188/1507/2399 4189/1508/2400 4190/1509/2400
f 4191/1508/2401 4188/1507/2399 4192/1510/2401
f 4193/1511/2402 4194/1512/2403 4195/1513/2404
f 4196/1514/2405 4194/1512/2403 4193/1511/2402
f 4194/1512/2403 4196/1514/2405 4197/1515/2406
f 4197/1515/2406 4196/1514/2405 4198/1516/2407
f 4198/1516/2407 4196/1514/2405 4199/1517/2408
f 4200/1518/2409 4198/1516/2407 4199/1517/2408
f 4199/1517/2408 4201/1519/2410 4200/1518/2409
f 4202/1520/2411 4201/1519/2410 4199/1517/2408
f 4202/1520/2411 4203/1521/2412 4201/1519/2410
f 4203/1521/2412 4202/1520/2411 4204/1522/2413
f 4204/1522/2413 4205/1523/2414 4203/1521/2412
f 4205/1523/2414 4204/1522/2413 4206/1524/2415
f 4207/1525/2416 4205/1523/2414 4206/1524/2415
f 4205/1523/2414 4207/1525/2416 4208/1526/2417
f 4207/1525/2416 4209/1527/2418 4210/1526/2418
f 4211/1527/2419 4207/1525/2416 4212/1509/2419
f 4213/1528/2420 4214/1503/2421 4215/1529/2421
f 4216/1503/2422 4213/1528/2420 4184/1504/2396
f 4217/1530/2423 4184/1504/2396 4213/1528/2420
f 4184/1504/2396 4217/1530/2423 4218/1531/2424
f 4219/1532/2425 4218/1531/2424 4217/1530/2423
f 4218/1531/2424 4219/1532/2425 4220/1533/2426
f 4185/1505/2397 4184/1504/2396 4218/1531/2424
f 4218/1531/2424 4221/1534/2427 4185/1505/2397
f 4222/1535/2428 4223/1536/2429 4224/1537/2430
f 4224/1537/2430 4225/1538/2431 4222/1535/2428
f 4225/1538/2431 4224/1537/2430 4226/1539/1205
f 4226/1539/1205 4227/1540/2432 4225/1538/2431
f 4227/1540/2432 4226/1539/1205 4228/1541/2433
f 4228/1541/2433 4229/1542/2434 4227/1540/2432
f 4230/1543/2435 4229/1542/2434 4228/1541/2433
f 4231/1544/2436 4232/1545/2437 4229/1542/2434
f 4230/1543/2435 4231/1544/2436 4229/1542/2434
f 4232/1545/2437 4231/1544/2436 4233/1546/2438
f 4231/1544/2436 4234/1547/2439 4233/1546/2438
f 4234/1547/2439 4231/1544/2436 4235/1548/2440
f 4230/1543/2435 4219/1532/2425 4231/1544/2436
f 4219/1532/2425 4235/1548/2440 4231/1544/2436
f 4235/1548/2440 4219/1532/2425 4217/1530/2423
f 4213/1528/2420 4235/1548/2440 4217/1530/2423
f 4235/1548/2440 4213/1528/2420 4236/1549/2441
f 4237/1529/2442 4236/1549/2441 4213/1528/2420
f 4238/1550/2443 4239/1529/2443 4240/1551/2443
f 4241/1529/2444 4242/1550/2444 4236/1549/2441
f 4243/1510/2445 4236/1549/2441 4244/1550/2445
f 4236/1549/2441 4245/1510/2446 4188/1507/2399
f 4228/1541/2433 4246/1552/2447 4230/1543/2435
f 4247/1553/2448 4248/1534/2449 4218/1531/2424
f 4218/1531/2424 4220/1533/2426 4247/1553/2448
f 4249/1554/2450 4247/1553/2448 4220/1533/2426
f 4220/1533/2426 4246/1552/2447 4250/1554/2451
f 4251/1555/2452 4252/1556/2453 4253/1557/2453
f 4254/1556/2454 4251/1555/2452 4255/1558/2455
f 4255/1558/2455 4256/1559/2456 4257/1556/2456
f 4258/1559/2457 4255/1558/2455 4259/1560/2458
f 4246/1552/2447 4260/1561/2459 4261/1554/2459
f 4262/1561/2460 4246/1552/2447 4263/1562/2461
f 4263/1562/2461 4264/1557/2462 4265/1561/2462
f 4266/1557/2463 4263/1562/2461 4251/1555/2452
f 4226/1539/1205 4255/1558/2455 4251/1555/2452
f 4226/1539/1205 4251/1555/2452 4228/1541/2433
f 4228/1541/2433 4251/1555/2452 4263/1562/2461
f 4246/1552/2447 4228/1541/2433 4263/1562/2461
f 4207/1525/2416 4188/1507/2399 4267/1509/2464
f 4206/1524/2415 4188/1507/2399 4207/1525/2416
f 4188/1507/2399 4235/1548/2440 4236/1549/2441
f 4235/1548/2440 4188/1507/2399 4234/1547/2439
f 4188/1507/2399 4206/1524/2415 4234/1547/2439
f 4204/1522/2413 4234/1547/2439 4206/1524/2415
f 4234/1547/2439 4204/1522/2413 4233/1546/2438
f 4204/1522/2413 4202/1520/2411 4233/1546/2438
f 4233/1546/2438 4202/1520/2411 4232/1545/2437
f 4199/1517/2408 4268/1563/2465 4202/1520/2411
f 4232/1545/2437 4202/1520/2411 4268/1563/2465
f 4232/1545/2437 4227/1540/2432 4229/1542/2434
f 4199/1517/2408 4269/1564/2466 4268/1563/2465
f 4196/1514/2405 4269/1564/2466 4199/1517/2408
f 4232/1545/2437 4268/1563/2465 4269/1564/2466
f 4227/1540/2432 4232/1545/2437 4269/1564/2466
f 4270/1565/2467 4227/1540/2432 4269/1564/2466
f 4269/1564/2466 4196/1514/2405 4270/1565/2467
f 4227/1540/2432 4270/1565/2467 4225/1538/2431
f 4193/1511/2402 4270/1565/2467 4196/1514/2405
f 4271/1566/2468 4225/1538/2431 4270/1565/2467
f 4270/1565/2467 4193/1511/2402 4271/1566/2468
f 4225/1538/2431 4271/1566/2468 4222/1535/2428
f 4193/1511/2402 4272/1513/2469 4271/1566/2468
f 4271/1566/2468 4223/1536/2429 4222/1535/2428
f 4223/1536/2429 4271/1566/2468 4273/1513/2470
f 4259/1560/2458 4274/1567/2471 4275/1559/2472
f 4274/1567/2471 4259/1560/2458 4276/1568/2473
f 4276/1568/2473 4259/1560/2458 4224/1537/2430
f 4226/1539/1205 4259/1560/2458 4255/1558/2455
f 4259/1560/2458 4226/1539/1205 4224/1537/2430
f 4230/1543/2435 4220/1533/2426 4219/1532/2425
f 4220/1533/2426 4230/1543/2435 4246/1552/2447
f 4066/1394/2279 4081/1409/2294 4067/1395/2280
f 4178/1498/2390 4277/1569/2474 4278/1570/2474
f 4279/1570/2475 4177/1497/2389 4178/1498/2390
f 4175/1495/2387 4280/1571/2476 4281/1572/2476
f 4282/1572/2477 4174/1494/2386 4175/1495/2387
f 4283/1573/2478 4171/1491/2383 4174/1494/2386
f 4174/1494/2386 4284/1574/2479 4285/1573/2479
f 4286/1572/2480 4287/1574/2480 4174/1494/2386
f 4171/1491/2383 4288/1573/2481 4289/1492/2481
f 4290/1492/2482 4291/1492/2482 4171/1491/2383
f 4292/1575/2483 4293/1576/2483 4175/1495/2387
f 4175/1495/2387 4177/1497/2389 4294/1575/2484
f 4295/1570/2485 4296/1575/2485 4177/1497/2389
f 4297/1576/2486 4298/1571/2486 4175/1495/2387
f 4182/1502/2394 4299/1381/2487 4300/1577/2487
f 4301/1577/2488 4181/1501/2393 4182/1502/2394
f 4053/1381/2266 4302/1381/2489 4182/1502/2394
f 4182/1502/2394 4051/1379/2264 4053/1381/2266
f 4303/1578/2490 4179/1499/2391 4181/1501/2393
f 4181/1501/2393 4304/1579/2491 4305/1578/2491
f 4181/1501/2393 4306/1577/2492 4307/1579/2492
f 4308/1580/2493 4178/1498/2390 4179/1499/2391
f 4179/1499/2391 4309/1581/2494 4310/1580/2494
f 4179/1499/2391 4311/1578/2495 4312/1581/2495
f 4313/1580/2496 4314/1569/2496 4178/1498/2390
f 4117/1445/2330 4064/1392/2277 4036/1364/2249
f 4043/1371/2256 4064/1392/2277 4117/1445/2330
f 4063/1391/2276 4043/1371/2256 4117/1445/2330
f 4161/1486/2374 4060/1388/2273 4163/1487/2376
f 4159/1484/2372 4315/1484/2497 4134/1460/2347
f 4134/1460/2347 4316/1459/2498 4159/1484/2372
f 4109/1437/2322 4108/1436/2321 4315/1484/2497
f 4315/1484/2497 4159/1484/2372 4109/1437/2322
f 4317/1582/2499 4318/1481/2499 4319/1583/2500
f 4319/1583/2500 4320/1481/2501 4099/1427/2312
f 4319/1583/2500 4099/1427/2312 4083/1411/2296
f 4319/1583/2500 4083/1411/2296 4101/1429/2314
f 4321/1297/2154 4322/1298/2155 4323/1299/2502
f 4321/1297/2154 4323/1299/2502 4324/1300/2157
f 4324/1300/2157 4325/1301/2158 4321/1297/2154
f 4324/1300/2157 4326/1302/2159 4325/1301/2158
f 4325/1301/2158 4326/1302/2159 4327/1303/2086
f 4327/1303/2086 4328/1304/2087 4325/1301/2158
f 4327/1303/2086 4329/1305/2088 4328/1304/2087
f 4330/1306/2089 4327/1303/2086 4326/1302/2159
f 4327/1303/2086 4331/1307/2090 4329/1305/2088
f 4327/1303/2086 4330/1306/2089 4331/1307/2090
f 4332/1308/2091 4333/1309/2092 4334/1310/2093
f 4332/1308/2091 4334/1310/2093 4335/1311/2094
f 4332/1308/2091 4336/1312/2095 4333/1309/2092
f 4337/1313/2096 4332/1308/2091 4335/1311/2094
f 4337/1313/2096 4335/1311/2094 4338/1314/2097
f 4337/1313/2096 4336/1312/2095 4332/1308/2091
f 4336/1312/2095 4337/1313/2096 4339/1315/2098
f 4339/1315/2098 4340/1316/2099 4336/1312/2095
f 4340/1316/2099 4341/1317/2100 4342/1318/2101
f 4340/1316/2099 4339/1315/2098 4341/1317/2100
f 4338/1314/2097 4339/1315/2098 4337/1313/2096
f 4339/1315/2098 4343/1319/2102 4341/1317/2100
f 4339/1315/2098 4338/1314/2097 4343/1319/2102
f 4344/1320/2103 4345/1321/2104 4346/1322/2105
f 4347/1323/2160 4322/1298/2155 4321/1297/2154
f 4348/1324/2107 4333/1309/2092 4336/1312/2095
f 4333/1309/2092 4348/1324/2107 4349/1325/2108
f 4343/1319/2102 4350/1326/2109 4351/1327/2110
f 4350/1326/2109 4343/1319/2102 4338/1314/2097
f 4338/1314/2097 4352/1328/2111 4350/1326/2109
f 4352/1328/2111 4338/1314/2097 4335/1311/2094
f 4330/1306/2089 4352/1328/2111 4335/1311/2094
f 4352/1328/2111 4330/1306/2089 4353/1329/2112
f 4330/1306/2089 4354/1330/2161 4353/1329/2112
f 4354/1330/2161 4330/1306/2089 4326/1302/2159
f 4324/1300/2157 4354/1330/2161 4326/1302/2159
f 4354/1330/2161 4324/1300/2157 4355/1331/2162
f 4323/1299/2502 4355/1331/2162 4324/1300/2157
f 4355/1331/2162 4323/1299/2502 4356/1332/2163
f 4356/1332/2163 4323/1299/2502 4357/1333/2503
f 4340/1316/2099 4344/1320/2103 4346/1322/2105
f 4344/1320/2103 4340/1316/2099 4342/1318/2101
f 4358/1334/2117 4359/1335/2118 4360/1336/2119
f 4361/1337/2120 4358/1334/2117 4360/1336/2119
f 4358/1334/2117 4361/1337/2120 4362/1338/2121
f 4363/1339/2122 4362/1338/2121 4361/1337/2120
f 4350/1326/2109 4360/1336/2119 4351/1327/2110
f 4360/1336/2119 4350/1326/2109 4361/1337/2120
f 4352/1328/2111 4361/1337/2120 4350/1326/2109
f 4361/1337/2120 4352/1328/2111 4363/1339/2122
f 4352/1328/2111 4364/1340/2123 4363/1339/2122
f 4364/1340/2123 4352/1328/2111 4353/1329/2112
f 4354/1330/2161 4364/1340/2123 4353/1329/2112
f 4364/1340/2123 4354/1330/2161 4365/1341/2124
f 4354/1330/2161 4366/1342/2125 4365/1341/2124
f 4366/1342/2125 4354/1330/2161 4355/1331/2162
f 4355/1331/2162 4367/1343/2126 4366/1342/2125
f 4367/1343/2126 4355/1331/2162 4356/1332/2163
f 4368/1333/2127 4367/1343/2126 4356/1332/2163
f 4369/1344/2165 4322/1298/2155 4347/1323/2160
f 4347/1323/2160 4321/1297/2154 4325/1301/2158
f 4325/1301/2158 4370/1345/2504 4347/1323/2160
f 4347/1323/2160 4370/1345/2504 4371/1346/2505
f 4372/1346/2506 4373/1344/2506 4347/1323/2160
f 4370/1345/2504 4374/1347/2507 4375/1346/2507
f 4376/1348/2508 4377/1347/2509 4370/1345/2504
f 4325/1301/2158 4378/1349/2172 4370/1345/2504
f 4378/1349/2172 4376/1348/2508 4370/1345/2504
f 4378/1349/2172 4325/1301/2158 4328/1304/2087
f 4329/1305/2088 4378/1349/2172 4328/1304/2087
f 4378/1349/2172 4329/1305/2088 4379/1350/2136
f 4379/1350/2136 4376/1348/2508 4378/1349/2172
f 4379/1350/2136 4380/1347/2137 4376/1348/2508
f 4381/1347/2138 4379/1350/2136 4382/1351/2138
f 4329/1305/2088 4383/1352/2139 4379/1350/2136
f 4383/1352/2139 4329/1305/2088 4334/1310/2093
f 4379/1350/2136 4383/1352/2139 4384/1351/2140
f 4385/1351/2141 4383/1352/2139 4386/1353/2141
f 4334/1310/2093 4349/1325/2108 4383/1352/2139
f 4349/1325/2108 4387/1354/2142 4383/1352/2139
f 4349/1325/2108 4334/1310/2093 4333/1309/2092
f 4349/1325/2108 4348/1324/2107 4387/1354/2142
f 4387/1354/2142 4388/1355/2143 4389/1353/2143
f 4348/1324/2107 4390/1355/2144 4387/1354/2142
f 4391/1355/2145 4348/1324/2107 4392/1356/2145
f 4346/1322/2105 4393/1356/2146 4348/1324/2107
f 4394/1356/2147 4346/1322/2105 4345/1321/2104
f 4336/1312/2095 4346/1322/2105 4348/1324/2107
f 4346/1322/2105 4336/1312/2095 4340/1316/2099
f 4395/1353/2148 4383/1352/2139 4387/1354/2142
f 4335/1311/2094 4334/1310/2093 4330/1306/2089
f 4334/1310/2093 4331/1307/2090 4330/1306/2089
f 4334/1310/2093 4329/1305/2088 4331/1307/2090
f 4396/1357/2149 4397/1358/2149 4398/1359/2149
f 4399/1359/2150 4400/1360/2150 4401/1357/2150
f 4402/1358/2151 4403/1361/2151 4404/1359/2151
f 4405/1357/2152 4406/1360/2152 4407/1362/2152
f 4408/1362/2153 4409/1363/2153 4410/1357/2153
f 4411/1584/2510 4412/1585/2510 4413/1586/2510
f 4414/1585/2511 4415/1584/2511 4416/1587/2511
f 4417/1588/2512 4418/1589/2512 4419/1590/2512
f 4420/1589/2513 4421/1588/2513 4422/1586/2513
f 4423/1586/2514 4424/1585/2514 4425/1589/2514
f 4426/1591/2515 4427/1587/2515 4428/1584/2515
f 4429/1587/2516 4430/1591/2516 4431/1592/2516
f 4432/1593/2517 4433/1592/2517 4434/1591/2517
f 4435/1591/2518 4436/1594/2518 4437/1593/2518
f 4133/1459/2346 4136/1462/2349 4158/1483/2371
f 4133/1459/2346 4158/1483/2371 4159/1484/2372
f 4108/1436/2321 4153/1478/2366 4134/1460/2347
f 4134/1460/2347 4315/1484/2497 4108/1436/2321
f 4100/1428/2313 4132/1458/2345 4134/1460/2347
f 4134/1460/2347 4319/1583/2500 4100/1428/2313
f 4100/1428/2313 4319/1583/2500 4101/1429/2314
f 4054/1382/2267 4056/1384/2269 4319/1583/2500
f 4319/1583/2500 4153/1478/2366 4054/1382/2267
f 4054/1382/2267 4153/1478/2366 4154/1479/2367
f 4134/1460/2347 4153/1478/2366 4319/1583/2500
f 3647/1229/2002 3613/1196/1970 3612/1195/1969
f 4438/1154/2519 4439/1595/2519 4440/1596/2519
f 4441/1596/2520 4442/1151/2520 4443/1154/2520
f 4444/1597/2521 4445/1598/2521 4446/1596/2521
f 4447/1596/2522 4448/1595/2522 4449/1597/2522
f 4450/1085/2523 4451/1088/2524 4452/1087/2525
f 4452/1087/2525 4453/1086/2526 4450/1085/2523
f 4454/1089/2527 4451/1088/2524 4450/1085/2523
f 4450/1085/2523 4455/1090/2528 4454/1089/2527
f 4456/1091/2529 4457/1094/2530 4458/1093/2531
f 4458/1093/2531 4459/1092/2532 4456/1091/2529
f 4460/1095/2533 4461/1098/2534 4462/1097/2534
f 4463/1097/2534 4464/1096/2535 4460/1095/2533
f 4465/1099/2536 4466/1102/2537 4467/1101/2538
f 4467/1101/2538 4468/1100/2539 4465/1099/2536
f 4455/1090/2528 4469/1104/2540 4470/1103/2541
f 4470/1103/2541 4454/1089/2527 4455/1090/2528
f 4471/1105/2542 4472/1106/2543 4456/1091/2529
f 4456/1091/2529 4459/1092/2532 4471/1105/2542
f 4464/1096/2535 4473/1108/2544 4474/1107/2545
f 4474/1107/2545 4460/1095/2533 4464/1096/2535
f 4475/1109/2546 4476/1110/2547 4465/1099/2536
f 4465/1099/2536 4468/1100/2539 4475/1109/2546
f 4451/1088/2524 4458/1093/2531 4477/1111/2548
f 4478/1111/2548 4452/1087/2525 4451/1088/2524
f 4450/1085/2523 4453/1086/2526 4479/1112/2549
f 4480/1112/2548 4466/1102/2537 4450/1085/2523
f 4459/1092/2532 4458/1093/2531 4451/1088/2524
f 4451/1088/2524 4454/1089/2527 4459/1092/2532
f 4466/1102/2537 4465/1099/2536 4455/1090/2528
f 4455/1090/2528 4450/1085/2523 4466/1102/2537
f 4468/1100/2539 4467/1101/2538 4481/1098/2550
f 4482/1098/2550 4460/1095/2533 4468/1100/2539
f 4483/1113/2551 4484/1114/2551 4464/1096/2535
f 4464/1096/2535 4485/1097/2552 4486/1113/2552
f 4465/1099/2536 4476/1110/2547 4469/1104/2540
f 4469/1104/2540 4455/1090/2528 4465/1099/2536
f 4470/1103/2541 4471/1105/2542 4459/1092/2532
f 4459/1092/2532 4454/1089/2527 4470/1103/2541
f 4487/1114/2553 4488/1115/2553 4473/1108/2544
f 4473/1108/2544 4464/1096/2535 4489/1114/2554
f 4474/1107/2545 4475/1109/2546 4468/1100/2539
f 4468/1100/2539 4460/1095/2533 4474/1107/2545
f 4490/1116/2555 4491/1119/2556 4492/1118/2557
f 4492/1118/2557 4493/1117/2558 4490/1116/2555
f 4494/1120/2559 4495/1122/2560 4496/1121/2561
f 4497/1123/2562 4498/1126/2563 4499/1125/2564
f 4499/1125/2564 4500/1124/2565 4497/1123/2562
f 4501/1127/2566 4502/1129/2567 4503/1128/2568
f 4494/1120/2559 4490/1116/2555 4493/1117/2558
f 4493/1117/2558 4495/1122/2560 4494/1120/2559
f 4492/1118/2557 4491/1119/2556 4504/1131/2569
f 4504/1131/2569 4505/1130/2570 4492/1118/2557
f 4501/1127/2566 4497/1123/2562 4500/1124/2565
f 4500/1124/2565 4502/1129/2567 4501/1127/2566
f 4499/1125/2564 4498/1126/2563 4506/1133/2571
f 4506/1133/2571 4507/1132/2572 4499/1125/2564
f 4470/1103/2541 4469/1104/2540 4508/1135/2573
f 4508/1135/2573 4509/1134/2574 4470/1103/2541
f 4491/1119/2556 4490/1116/2555 4509/1134/2574
f 4509/1134/2574 4508/1135/2573 4491/1119/2556
f 4510/1136/2575 4511/1138/2576 4496/1121/2561
f 4496/1121/2561 4512/1137/2577 4510/1136/2575
f 4513/1139/2578 4511/1138/2576 4471/1105/2542
f 4474/1107/2545 4473/1108/2544 4514/1141/2579
f 4514/1141/2579 4515/1140/2580 4474/1107/2545
f 4498/1126/2563 4497/1123/2562 4515/1140/2580
f 4515/1140/2580 4514/1141/2579 4498/1126/2563
f 4516/1142/2581 4503/1128/2568 4517/1144/2582
f 4517/1144/2582 4518/1143/2583 4516/1142/2581
f 4519/1145/2584 4516/1142/2581 4475/1109/2546
f 4469/1104/2540 4476/1110/2547 4520/1146/2585
f 4520/1146/2585 4508/1135/2573 4469/1104/2540
f 4520/1146/2585 4504/1131/2569 4491/1119/2556
f 4491/1119/2556 4508/1135/2573 4520/1146/2585
f 4490/1116/2555 4494/1120/2559 4513/1139/2578
f 4513/1139/2578 4509/1134/2574 4490/1116/2555
f 4513/1139/2578 4471/1105/2542 4470/1103/2541
f 4470/1103/2541 4509/1134/2574 4513/1139/2578
f 4473/1108/2544 4521/1115/2586 4522/1147/2587
f 4522/1147/2587 4514/1141/2579 4473/1108/2544
f 4506/1133/2571 4498/1126/2563 4514/1141/2579
f 4514/1141/2579 4522/1147/2587 4506/1133/2571
f 4515/1140/2580 4497/1123/2562 4501/1127/2566
f 4501/1127/2566 4519/1145/2584 4515/1140/2580
f 4519/1145/2584 4475/1109/2546 4474/1107/2545
f 4474/1107/2545 4515/1140/2580 4519/1145/2584
f 4519/1145/2584 4501/1127/2566 4503/1128/2568
f 4503/1128/2568 4516/1142/2581 4519/1145/2584
f 4504/1131/2569 4520/1146/2585 4518/1143/2583
f 4518/1143/2583 4517/1144/2582 4504/1131/2569
f 4511/1138/2576 4513/1139/2578 4494/1120/2559
f 4494/1120/2559 4496/1121/2561 4511/1138/2576
f 4512/1137/2577 4523/1149/2588 4524/1148/2588
f 4525/1148/2589 4510/1136/2575 4512/1137/2577
f 4517/1144/2582 4505/1130/2570 4504/1131/2569
f 4505/1130/2570 4517/1144/2582 4503/1128/2568
f 4503/1128/2568 4502/1129/2567 4505/1130/2570
f 4518/1143/2583 4476/1110/2547 4475/1109/2546
f 4475/1109/2546 4516/1142/2581 4518/1143/2583
f 4476/1110/2547 4518/1143/2583 4520/1146/2585
f 4512/1137/2577 4526/1150/2590 4527/1149/2590
f 4512/1137/2577 4496/1121/2561 4495/1122/2560
f 4495/1122/2560 4528/1150/2591 4512/1137/2577
f 4472/1106/2543 4471/1105/2542 4511/1138/2576
f 4511/1138/2576 4510/1136/2575 4472/1106/2543
f 4472/1106/2543 4510/1136/2575 4529/1148/2592
f 4530/1151/2593 4531/1154/2593 4532/1153/2593
f 4533/1153/2594 4534/1152/2594 4535/1151/2594
f 4536/1155/2595 4537/1158/2596 4538/1157/2597
f 4538/1157/2597 4539/1156/2598 4536/1155/2595
f 4540/1159/2599 4541/1162/2600 4542/1161/2601
f 4542/1161/2601 4543/1160/2602 4540/1159/2599
f 4544/1163/2603 4545/1166/2604 4546/1165/2605
f 4547/1165/2605 4548/1164/2605 4544/1163/2603
f 4549/1167/2606 4550/1170/2606 4551/1169/2606
f 4551/1169/2606 4552/1168/2607 4553/1167/2606
f 4554/1171/2608 4555/1172/2609 4556/1165/2609
f 4557/1165/2610 4545/1166/2604 4554/1171/2608
f 4558/1167/2611 4552/1168/2607 4559/1172/2611
f 4560/1172/2611 4554/1171/2608 4561/1167/2611
f 4544/1163/2603 4562/1164/2612 4563/1174/2612
f 4564/1174/2612 4565/1173/2613 4544/1163/2603
f 4566/1175/2614 4567/1178/2615 4568/1177/2614
f 4568/1177/2614 4569/1176/2614 4570/1175/2614
f 4565/1173/2613 4571/1174/2616 4567/1178/2615
f 4567/1178/2615 4572/1175/2616 4565/1173/2613
f 4573/1179/2617 4574/1182/2618 4575/1181/2617
f 4575/1181/2617 4576/1180/2619 4573/1179/2617
f 4577/1183/2620 4578/1186/2621 4579/1185/2622
f 4579/1185/2622 4580/1184/2623 4577/1183/2620
f 4581/1187/2624 4582/1190/2625 4583/1189/2626
f 4583/1189/2626 4584/1188/2627 4581/1187/2624
f 4585/1191/2628 4586/1194/2629 4587/1193/2630
f 4587/1193/2630 4588/1192/2631 4585/1191/2628
f 4589/1195/2632 4590/1198/2633 4591/1197/2634
f 4591/1197/2634 4592/1196/2635 4589/1195/2632
f 4593/1199/2636 4594/1202/2637 4595/1201/2638
f 4595/1201/2638 4596/1200/2639 4593/1199/2636
f 4597/1203/2640 4598/1206/2641 4599/1205/2642
f 4599/1205/2642 4600/1204/2643 4597/1203/2640
f 4601/1207/2644 4602/1210/2645 4603/1209/2646
f 4603/1209/2646 4604/1208/2647 4601/1207/2644
f 4605/1211/2648 4606/1214/2649 4607/1213/2650
f 4607/1213/2650 4608/1212/2651 4605/1211/2648
f 4609/1215/2652 4610/1218/2653 4611/1217/2654
f 4611/1217/2654 4612/1216/2655 4609/1215/2652
f 4613/1219/2656 4597/1203/2640 4600/1204/2643
f 4600/1204/2643 4614/1220/2656 4615/1219/2656
f 4604/1208/2647 4603/1209/2646 4616/1222/2657
f 4616/1222/2657 4617/1221/2658 4604/1208/2647
f 4580/1184/2623 4606/1214/2649 4605/1211/2648
f 4605/1211/2648 4577/1183/2620 4580/1184/2623
f 4609/1215/2652 4612/1216/2655 4618/1224/2659
f 4618/1224/2659 4619/1223/2660 4609/1215/2652
f 4581/1187/2624 4584/1188/2627 4620/1226/2661
f 4620/1226/2661 4621/1225/2662 4581/1187/2624
f 4588/1192/2631 4622/1228/2663 4623/1227/2664
f 4623/1227/2664 4585/1191/2628 4588/1192/2631
f 4624/1229/2665 4592/1196/2635 4625/1230/2666
f 4626/1231/2667 4627/1232/2668 4593/1199/2636
f 4593/1199/2636 4596/1200/2639 4626/1231/2667
f 4620/1226/2661 4599/1205/2642 4598/1206/2641
f 4598/1206/2641 4621/1225/2662 4620/1226/2661
f 4602/1210/2645 4601/1207/2644 4623/1227/2664
f 4623/1227/2664 4622/1228/2663 4602/1210/2645
f 4625/1230/2666 4608/1212/2651 4607/1213/2650
f 4607/1213/2650 4624/1229/2665 4625/1230/2666
f 4611/1217/2654 4610/1218/2653 4627/1232/2668
f 4627/1232/2668 4626/1231/2667 4611/1217/2654
f 4574/1182/2618 4628/1234/2669 4629/1233/2618
f 4629/1233/2618 4575/1181/2617 4574/1182/2618
f 4576/1180/2619 4630/1236/2670 4631/1235/2619
f 4631/1235/2619 4573/1179/2617 4576/1180/2619
f 4617/1221/2658 4632/1237/2671 4578/1186/2621
f 4578/1186/2621 4577/1183/2620 4617/1221/2658
f 4633/1238/2672 4618/1224/2659 4580/1184/2623
f 4580/1184/2623 4579/1185/2622 4634/1238/2673
f 4635/1239/2674 4636/1240/2674 4582/1190/2625
f 4582/1190/2625 4581/1187/2624 4637/1239/2674
f 4594/1202/2637 4593/1199/2636 4584/1188/2627
f 4584/1188/2627 4583/1189/2626 4594/1202/2637
f 4596/1200/2639 4595/1201/2638 4590/1198/2633
f 4590/1198/2633 4589/1195/2632 4596/1200/2639
f 4586/1194/2629 4585/1191/2628 4592/1196/2635
f 4592/1196/2635 4591/1197/2634 4586/1194/2629
f 4638/1241/2675 4639/1242/2675 4598/1206/2641
f 4598/1206/2641 4597/1203/2640 4640/1241/2676
f 4599/1205/2642 4610/1218/2653 4609/1215/2652
f 4609/1215/2652 4600/1204/2643 4599/1205/2642
f 4612/1216/2655 4611/1217/2654 4607/1213/2650
f 4607/1213/2650 4606/1214/2649 4612/1216/2655
f 4608/1212/2651 4601/1207/2644 4604/1208/2647
f 4604/1208/2647 4605/1211/2648 4608/1212/2651
f 4641/1243/2677 4642/1241/2677 4597/1203/2640
f 4597/1203/2640 4643/1219/2678 4644/1243/2678
f 4600/1204/2643 4609/1215/2652 4619/1223/2660
f 4619/1223/2660 4645/1220/2679 4600/1204/2643
f 4618/1224/2659 4612/1216/2655 4606/1214/2649
f 4606/1214/2649 4580/1184/2623 4618/1224/2659
f 4605/1211/2648 4604/1208/2647 4617/1221/2658
f 4617/1221/2658 4577/1183/2620 4605/1211/2648
f 4593/1199/2636 4627/1232/2668 4620/1226/2661
f 4620/1226/2661 4584/1188/2627 4593/1199/2636
f 4621/1225/2662 4646/1244/2680 4647/1239/2680
f 4648/1239/2681 4581/1187/2624 4621/1225/2662
f 4585/1191/2628 4623/1227/2664 4625/1230/2666
f 4625/1230/2666 4592/1196/2635 4585/1191/2628
f 4624/1229/2665 4626/1231/2667 4596/1200/2639
f 4596/1200/2639 4589/1195/2632 4624/1229/2665
f 4627/1232/2668 4610/1218/2653 4599/1205/2642
f 4599/1205/2642 4620/1226/2661 4627/1232/2668
f 4649/1242/2682 4650/1244/2682 4621/1225/2662
f 4621/1225/2662 4598/1206/2641 4651/1242/2682
f 4623/1227/2664 4601/1207/2644 4608/1212/2651
f 4608/1212/2651 4625/1230/2666 4623/1227/2664
f 4611/1217/2654 4626/1231/2667 4624/1229/2665
f 4624/1229/2665 4607/1213/2650 4611/1217/2654
f 4583/1189/2626 4582/1190/2625 4652/1246/2683
f 4653/1246/2683 4654/1245/2683 4583/1189/2626
f 4591/1197/2634 4590/1198/2633 4655/1248/2684
f 4656/1248/2684 4657/1247/2684 4591/1197/2634
f 4658/1246/2685 4582/1190/2625 4659/1240/2685
f 4660/1240/2686 4661/1249/2686 4662/1246/2686
f 4586/1194/2629 4591/1197/2634 4663/1247/2687
f 4664/1247/2688 4665/1250/2688 4586/1194/2629
f 4666/1248/2689 4590/1198/2633 4595/1201/2638
f 4595/1201/2638 4667/1251/2690 4668/1248/2690
f 4594/1202/2637 4583/1189/2626 4669/1245/2691
f 4670/1245/2692 4671/1252/2692 4594/1202/2637
f 4672/1253/2693 4673/1256/2694 4674/1255/2695
f 4674/1255/2695 4675/1254/2696 4672/1253/2693
f 4676/1257/2697 4677/1258/2698 4673/1256/2694
f 4673/1256/2694 4672/1253/2693 4676/1257/2697
f 4678/1259/2699 4679/1260/2700 4677/1258/2698
f 4677/1258/2698 4676/1257/2697 4678/1259/2699
f 4680/1261/2701 4681/1262/2701 4679/1260/2700
f 4679/1260/2700 4678/1259/2699 4682/1261/2701
f 4674/1255/2695 4673/1256/2694 4683/1264/2702
f 4683/1264/2702 4684/1263/2703 4674/1255/2695
f 4677/1258/2698 4679/1260/2700 4685/1266/2704
f 4685/1266/2704 4686/1265/2705 4677/1258/2698
f 4687/1267/2706 4688/1270/2707 4689/1269/2708
f 4689/1269/2708 4690/1268/2709 4687/1267/2706
f 4691/1271/2710 4692/1274/2711 4693/1273/2712
f 4693/1273/2712 4694/1272/2713 4691/1271/2710
f 4695/1275/2714 4696/1276/2715 4688/1270/2707
f 4688/1270/2707 4687/1267/2706 4695/1275/2714
f 4692/1274/2711 4697/1278/2716 4698/1277/2716
f 4698/1277/2716 4693/1273/2712 4692/1274/2711
f 4699/1280/2717 4696/1276/2715 4700/1279/2718
f 4701/1279/2718 4702/1281/2718 4699/1280/2717
f 4690/1268/2709 4689/1269/2708 4703/1283/2719
f 4703/1283/2719 4704/1282/2720 4690/1268/2709
f 4705/1285/2721 4706/1284/2722 4703/1283/2719
f 4703/1283/2719 4707/1286/2723 4705/1285/2721
f 4705/1285/2721 4691/1271/2710 4694/1272/2713
f 4694/1272/2713 4706/1284/2722 4705/1285/2721
f 4686/1265/2705 4683/1264/2702 4673/1256/2694
f 4673/1256/2694 4677/1258/2698 4686/1265/2705
f 4708/1287/2701 4685/1266/2704 4679/1260/2700
f 4679/1260/2700 4709/1262/2701 4710/1287/2701
f 4711/1251/2724 4595/1201/2638 4594/1202/2637
f 4594/1202/2637 4712/1252/2725 4713/1251/2725
f 4714/1288/2726 4587/1193/2630 4586/1194/2629
f 4586/1194/2629 4715/1250/2727 4716/1288/2727
f 4539/1156/2598 4717/1159/2728 4718/1162/2728
f 4719/1162/2729 4536/1155/2595 4539/1156/2598
f 4720/1159/2730 4721/1160/2730 4722/1161/2730
f 4723/1161/2731 4724/1162/2731 4725/1159/2731
f 4726/1156/2732 4727/1155/2732 4541/1162/2600
f 4541/1162/2600 4540/1159/2599 4728/1156/2733
f 4729/1157/2734 4730/1158/2734 4731/1155/2734
f 4732/1155/2735 4733/1156/2735 4734/1157/2735
f 4735/1289/2736 4736/1291/2737 4737/1290/2738
f 4736/1291/2737 4735/1289/2736 4738/1292/2739
f 4739/1293/2740 4740/1295/2741 4741/1294/2742
f 4740/1295/2741 4739/1293/2740 4742/1296/2743
f 4737/1290/2738 4736/1291/2737 4742/1296/2743
f 4742/1296/2743 4739/1293/2740 4737/1290/2738
f 4743/1297/2744 4744/1299/2745 4745/1298/2746
f 4743/1297/2744 4746/1301/2747 4747/1300/2748
f 4747/1300/2748 4744/1299/2745 4743/1297/2744
f 4747/1300/2748 4746/1301/2747 4748/1302/2749
f 4746/1301/2747 4749/1303/2750 4748/1302/2749
f 4749/1303/2750 4746/1301/2747 4750/1304/2751
f 4749/1303/2750 4750/1304/2751 4751/1305/2752
f 4752/1306/2753 4748/1302/2749 4749/1303/2750
f 4749/1303/2750 4751/1305/2752 4753/1307/2754
f 4749/1303/2750 4753/1307/2754 4752/1306/2753
f 4754/1308/2755 4755/1310/2756 4756/1309/2757
f 4754/1308/2755 4757/1311/2758 4755/1310/2756
f 4754/1308/2755 4756/1309/2757 4758/1312/2759
f 4759/1313/2760 4757/1311/2758 4754/1308/2755
f 4759/1313/2760 4760/1314/2761 4757/1311/2758
f 4759/1313/2760 4754/1308/2755 4758/1312/2759
f 4758/1312/2759 4761/1315/2762 4759/1313/2760
f 4761/1315/2762 4758/1312/2759 4762/1316/2763
f 4762/1316/2763 4763/1318/2764 4764/1317/2765
f 4762/1316/2763 4764/1317/2765 4761/1315/2762
f 4760/1314/2761 4759/1313/2760 4761/1315/2762
f 4761/1315/2762 4764/1317/2765 4765/1319/2766
f 4761/1315/2762 4765/1319/2766 4760/1314/2761
f 4766/1320/2767 4767/1322/2768 4768/1321/2769
f 4769/1323/2770 4743/1297/2744 4745/1298/2746
f 4770/1324/2771 4758/1312/2759 4756/1309/2757
f 4756/1309/2757 4771/1325/2772 4770/1324/2771
f 4765/1319/2766 4772/1327/2773 4773/1326/2774
f 4773/1326/2774 4760/1314/2761 4765/1319/2766
f 4760/1314/2761 4773/1326/2774 4774/1328/2775
f 4774/1328/2775 4757/1311/2758 4760/1314/2761
f 4752/1306/2753 4757/1311/2758 4774/1328/2775
f 4774/1328/2775 4775/1329/2776 4752/1306/2753
f 4752/1306/2753 4775/1329/2776 4776/1330/2777
f 4776/1330/2777 4748/1302/2749 4752/1306/2753
f 4747/1300/2748 4748/1302/2749 4776/1330/2777
f 4776/1330/2777 4777/1331/2778 4747/1300/2748
f 4744/1299/2745 4747/1300/2748 4777/1331/2778
f 4777/1331/2778 4778/1332/2779 4744/1299/2745
f 4778/1332/2779 4779/1333/2780 4744/1299/2745
f 4762/1316/2763 4767/1322/2768 4766/1320/2767
f 4766/1320/2767 4763/1318/2764 4762/1316/2763
f 4780/1334/2781 4781/1336/2782 4782/1335/2783
f 4783/1337/2784 4781/1336/2782 4780/1334/2781
f 4780/1334/2781 4784/1338/2785 4783/1337/2784
f 4785/1339/2786 4783/1337/2784 4784/1338/2785
f 4773/1326/2774 4772/1327/2773 4781/1336/2782
f 4781/1336/2782 4783/1337/2784 4773/1326/2774
f 4774/1328/2775 4773/1326/2774 4783/1337/2784
f 4783/1337/2784 4785/1339/2786 4774/1328/2775
f 4774/1328/2775 4785/1339/2786 4786/1340/2787
f 4786/1340/2787 4775/1329/2776 4774/1328/2775
f 4776/1330/2777 4775/1329/2776 4786/1340/2787
f 4786/1340/2787 4787/1341/2788 4776/1330/2777
f 4776/1330/2777 4787/1341/2788 4788/1342/2789
f 4788/1342/2789 4777/1331/2778 4776/1330/2777
f 4777/1331/2778 4788/1342/2789 4789/1343/2790
f 4789/1343/2790 4778/1332/2779 4777/1331/2778
f 4790/1333/2791 4778/1332/2779 4789/1343/2790
f 4791/1344/2792 4769/1323/2770 4745/1298/2746
f 4769/1323/2770 4792/1345/2793 4746/1301/2747
f 4746/1301/2747 4743/1297/2744 4769/1323/2770
f 4769/1323/2770 4793/1344/2794 4794/1346/2794
f 4795/1346/2795 4792/1345/2793 4769/1323/2770
f 4792/1345/2793 4796/1346/2796 4797/1347/2796
f 4798/1348/2797 4792/1345/2793 4799/1347/2798
f 4746/1301/2747 4792/1345/2793 4800/1349/2799
f 4800/1349/2799 4792/1345/2793 4798/1348/2797
f 4800/1349/2799 4750/1304/2751 4746/1301/2747
f 4751/1305/2752 4750/1304/2751 4800/1349/2799
f 4800/1349/2799 4801/1350/2800 4751/1305/2752
f 4801/1350/2800 4800/1349/2799 4798/1348/2797
f 4801/1350/2800 4798/1348/2797 4802/1347/2801
f 4803/1347/2802 4804/1351/2802 4801/1350/2800
f 4751/1305/2752 4801/1350/2800 4805/1352/2803
f 4805/1352/2803 4755/1310/2756 4751/1305/2752
f 4801/1350/2800 4806/1351/2804 4805/1352/2803
f 4807/1351/2805 4808/1353/2805 4805/1352/2803
f 4755/1310/2756 4805/1352/2803 4771/1325/2772
f 4771/1325/2772 4805/1352/2803 4809/1354/2806
f 4771/1325/2772 4756/1309/2757 4755/1310/2756
f 4771/1325/2772 4809/1354/2806 4770/1324/2771
f 4809/1354/2806 4810/1353/2807 4811/1355/2807
f 4770/1324/2771 4809/1354/2806 4812/1355/2808
f 4813/1355/2809 4814/1356/2809 4770/1324/2771
f 4767/1322/2768 4770/1324/2771 4815/1356/2810
f 4816/1356/2811 4768/1321/2769 4767/1322/2768
f 4758/1312/2759 4770/1324/2771 4767/1322/2768
f 4767/1322/2768 4762/1316/2763 4758/1312/2759
f 4817/1353/2812 4809/1354/2806 4805/1352/2803
f 4757/1311/2758 4752/1306/2753 4755/1310/2756
f 4755/1310/2756 4752/1306/2753 4753/1307/2754
f 4755/1310/2756 4753/1307/2754 4751/1305/2752
f 4818/1357/2813 4819/1360/2813 4820/1359/2813
f 4821/1359/2814 4822/1358/2814 4823/1357/2814
f 4824/1358/2815 4825/1359/2815 4826/1361/2815
f 4827/1357/2816 4828/1363/2816 4829/1362/2816
f 4830/1362/2817 4831/1360/2817 4832/1357/2817
f 4833/1297/2818 4834/1299/2819 4835/1298/2820
f 4833/1297/2818 4836/1301/2821 4837/1300/2822
f 4837/1300/2822 4834/1299/2819 4833/1297/2818
f 4837/1300/2822 4836/1301/2821 4838/1302/2823
f 4836/1301/2821 4839/1303/2750 4838/1302/2823
f 4839/1303/2750 4836/1301/2821 4840/1304/2751
f 4839/1303/2750 4840/1304/2751 4841/1305/2752
f 4842/1306/2753 4838/1302/2823 4839/1303/2750
f 4839/1303/2750 4841/1305/2752 4843/1307/2754
f 4839/1303/2750 4843/1307/2754 4842/1306/2753
f 4844/1308/2755 4845/1310/2756 4846/1309/2757
f 4844/1308/2755 4847/1311/2758 4845/1310/2756
f 4844/1308/2755 4846/1309/2757 4848/1312/2759
f 4849/1313/2760 4847/1311/2758 4844/1308/2755
f 4849/1313/2760 4850/1314/2761 4847/1311/2758
f 4849/1313/2760 4844/1308/2755 4848/1312/2759
f 4848/1312/2759 4851/1315/2762 4849/1313/2760
f 4851/1315/2762 4848/1312/2759 4852/1316/2763
f 4852/1316/2763 4853/1318/2764 4854/1317/2765
f 4852/1316/2763 4854/1317/2765 4851/1315/2762
f 4850/1314/2761 4849/1313/2760 4851/1315/2762
f 4851/1315/2762 4854/1317/2765 4855/1319/2766
f 4851/1315/2762 4855/1319/2766 4850/1314/2761
f 4856/1320/2767 4857/1322/2768 4858/1321/2769
f 4859/1323/2824 4833/1297/2818 4835/1298/2820
f 4860/1324/2771 4848/1312/2759 4846/1309/2757
f 4846/1309/2757 4861/1325/2772 4860/1324/2771
f 4855/1319/2766 4862/1327/2773 4863/1326/2774
f 4863/1326/2774 4850/1314/2761 4855/1319/2766
f 4850/1314/2761 4863/1326/2774 4864/1328/2775
f 4864/1328/2775 4847/1311/2758 4850/1314/2761
f 4842/1306/2753 4847/1311/2758 4864/1328/2775
f 4864/1328/2775 4865/1329/2776 4842/1306/2753
f 4842/1306/2753 4865/1329/2776 4866/1330/2825
f 4866/1330/2825 4838/1302/2823 4842/1306/2753
f 4837/1300/2822 4838/1302/2823 4866/1330/2825
f 4866/1330/2825 4867/1331/2826 4837/1300/2822
f 4834/1299/2819 4837/1300/2822 4867/1331/2826
f 4867/1331/2826 4868/1332/2827 4834/1299/2819
f 4868/1332/2827 4869/1333/2828 4834/1299/2819
f 4852/1316/2763 4857/1322/2768 4856/1320/2767
f 4856/1320/2767 4853/1318/2764 4852/1316/2763
f 4870/1334/2781 4871/1336/2782 4872/1335/2783
f 4873/1337/2784 4871/1336/2782 4870/1334/2781
f 4870/1334/2781 4874/1338/2785 4873/1337/2784
f 4875/1339/2786 4873/1337/2784 4874/1338/2785
f 4863/1326/2774 4862/1327/2773 4871/1336/2782
f 4871/1336/2782 4873/1337/2784 4863/1326/2774
f 4864/1328/2775 4863/1326/2774 4873/1337/2784
f 4873/1337/2784 4875/1339/2786 4864/1328/2775
f 4864/1328/2775 4875/1339/2786 4876/1340/2787
f 4876/1340/2787 4865/1329/2776 4864/1328/2775
f 4866/1330/2825 4865/1329/2776 4876/1340/2787
f 4876/1340/2787 4877/1341/2788 4866/1330/2825
f 4866/1330/2825 4877/1341/2788 4878/1342/2789
f 4878/1342/2789 4867/1331/2826 4866/1330/2825
f 4867/1331/2826 4878/1342/2789 4879/1343/2790
f 4879/1343/2790 4868/1332/2827 4867/1331/2826
f 4880/1333/2791 4868/1332/2827 4879/1343/2790
f 4881/1344/2829 4859/1323/2824 4835/1298/2820
f 4859/1323/2824 4882/1345/2830 4836/1301/2821
f 4836/1301/2821 4833/1297/2818 4859/1323/2824
f 4859/1323/2824 4883/1344/2831 4884/1346/2831
f 4885/1346/2832 4882/1345/2830 4859/1323/2824
f 4882/1345/2830 4886/1346/2833 4887/1347/2833
f 4888/1348/2834 4882/1345/2830 4889/1347/2835
f 4836/1301/2821 4882/1345/2830 4890/1349/2836
f 4890/1349/2836 4882/1345/2830 4888/1348/2834
f 4890/1349/2836 4840/1304/2751 4836/1301/2821
f 4841/1305/2752 4840/1304/2751 4890/1349/2836
f 4890/1349/2836 4891/1350/2800 4841/1305/2752
f 4891/1350/2800 4890/1349/2836 4888/1348/2834
f 4891/1350/2800 4888/1348/2834 4892/1347/2801
f 4893/1347/2802 4894/1351/2802 4891/1350/2800
f 4841/1305/2752 4891/1350/2800 4895/1352/2803
f 4895/1352/2803 4845/1310/2756 4841/1305/2752
f 4891/1350/2800 4896/1351/2804 4895/1352/2803
f 4897/1351/2837 4898/1353/2837 4895/1352/2803
f 4845/1310/2756 4895/1352/2803 4861/1325/2772
f 4861/1325/2772 4895/1352/2803 4899/1354/2806
f 4861/1325/2772 4846/1309/2757 4845/1310/2756
f 4861/1325/2772 4899/1354/2806 4860/1324/2771
f 4899/1354/2806 4900/1353/2807 4901/1355/2807
f 4860/1324/2771 4899/1354/2806 4902/1355/2808
f 4903/1355/2809 4904/1356/2809 4860/1324/2771
f 4857/1322/2768 4860/1324/2771 4905/1356/2810
f 4906/1356/2811 4858/1321/2769 4857/1322/2768
f 4848/1312/2759 4860/1324/2771 4857/1322/2768
f 4857/1322/2768 4852/1316/2763 4848/1312/2759
f 4907/1353/2838 4899/1354/2806 4895/1352/2803
f 4847/1311/2758 4842/1306/2753 4845/1310/2756
f 4845/1310/2756 4842/1306/2753 4843/1307/2754
f 4845/1310/2756 4843/1307/2754 4841/1305/2752
f 4908/1357/2813 4909/1360/2813 4910/1359/2813
f 4911/1359/2814 4912/1358/2814 4913/1357/2814
f 4914/1358/2815 4915/1359/2815 4916/1361/2815
f 4917/1357/2816 4918/1363/2816 4919/1362/2816
f 4920/1362/2817 4921/1360/2817 4922/1357/2817
f 4923/1297/2839 4924/1299/2840 4925/1298/2841
f 4923/1297/2839 4926/1301/2842 4927/1300/2843
f 4927/1300/2843 4924/1299/2840 4923/1297/2839
f 4927/1300/2843 4926/1301/2842 4928/1302/2844
f 4926/1301/2842 4929/1303/2845 4928/1302/2844
f 4929/1303/2845 4926/1301/2842 4930/1304/2846
f 4929/1303/2845 4930/1304/2846 4931/1305/2847
f 4932/1306/2848 4928/1302/2844 4929/1303/2845
f 4929/1303/2845 4931/1305/2847 4933/1307/2849
f 4929/1303/2845 4933/1307/2849 4932/1306/2848
f 4934/1308/2850 4935/1310/2851 4936/1309/2852
f 4934/1308/2850 4937/1311/2853 4935/1310/2851
f 4934/1308/2850 4936/1309/2852 4938/1312/2854
f 4939/1313/2855 4937/1311/2853 4934/1308/2850
f 4939/1313/2855 4940/1314/2856 4937/1311/2853
f 4939/1313/2855 4934/1308/2850 4938/1312/2854
f 4938/1312/2854 4941/1315/2857 4939/1313/2855
f 4941/1315/2857 4938/1312/2854 4942/1316/2858
f 4942/1316/2858 4943/1318/2859 4944/1317/2860
f 4942/1316/2858 4944/1317/2860 4941/1315/2857
f 4940/1314/2856 4939/1313/2855 4941/1315/2857
f 4941/1315/2857 4944/1317/2860 4945/1319/2861
f 4941/1315/2857 4945/1319/2861 4940/1314/2856
f 4946/1320/2862 4947/1322/2863 4948/1321/2864
f 4949/1323/2865 4923/1297/2839 4925/1298/2841
f 4950/1324/2866 4938/1312/2854 4936/1309/2852
f 4936/1309/2852 4951/1325/2867 4950/1324/2866
f 4945/1319/2861 4952/1327/2868 4953/1326/2869
f 4953/1326/2869 4940/1314/2856 4945/1319/2861
f 4940/1314/2856 4953/1326/2869 4954/1328/2870
f 4954/1328/2870 4937/1311/2853 4940/1314/2856
f 4932/1306/2848 4937/1311/2853 4954/1328/2870
f 4954/1328/2870 4955/1329/2871 4932/1306/2848
f 4932/1306/2848 4955/1329/2871 4956/1330/2872
f 4956/1330/2872 4928/1302/2844 4932/1306/2848
f 4927/1300/2843 4928/1302/2844 4956/1330/2872
f 4956/1330/2872 4957/1331/2873 4927/1300/2843
f 4924/1299/2840 4927/1300/2843 4957/1331/2873
f 4957/1331/2873 4958/1332/2874 4924/1299/2840
f 4958/1332/2874 4959/1333/2875 4924/1299/2840
f 4942/1316/2858 4947/1322/2863 4946/1320/2862
f 4946/1320/2862 4943/1318/2859 4942/1316/2858
f 4960/1334/2876 4961/1336/2877 4962/1335/2878
f 4963/1337/2879 4961/1336/2877 4960/1334/2876
f 4960/1334/2876 4964/1338/2880 4963/1337/2879
f 4965/1339/2881 4963/1337/2879 4964/1338/2880
f 4953/1326/2869 4952/1327/2868 4961/1336/2877
f 4961/1336/2877 4963/1337/2879 4953/1326/2869
f 4954/1328/2870 4953/1326/2869 4963/1337/2879
f 4963/1337/2879 4965/1339/2881 4954/1328/2870
f 4954/1328/2870 4965/1339/2881 4966/1340/2882
f 4966/1340/2882 4955/1329/2871 4954/1328/2870
f 4956/1330/2872 4955/1329/2871 4966/1340/2882
f 4966/1340/2882 4967/1341/2883 4956/1330/2872
f 4956/1330/2872 4967/1341/2883 4968/1342/2884
f 4968/1342/2884 4957/1331/2873 4956/1330/2872
f 4957/1331/2873 4968/1342/2884 4969/1343/2885
f 4969/1343/2885 4958/1332/2874 4957/1331/2873
f 4970/1333/2886 4958/1332/2874 4969/1343/2885
f 4971/1344/2887 4949/1323/2865 4925/1298/2841
f 4949/1323/2865 4972/1345/2888 4926/1301/2842
f 4926/1301/2842 4923/1297/2839 4949/1323/2865
f 4949/1323/2865 4973/1344/2889 4974/1346/2889
f 4975/1346/2890 4972/1345/2888 4949/1323/2865
f 4972/1345/2888 4976/1346/2891 4977/1347/2891
f 4978/1348/2892 4972/1345/2888 4979/1347/2893
f 4926/1301/2842 4972/1345/2888 4980/1349/2894
f 4980/1349/2894 4972/1345/2888 4978/1348/2892
f 4980/1349/2894 4930/1304/2846 4926/1301/2842
f 4931/1305/2847 4930/1304/2846 4980/1349/2894
f 4980/1349/2894 4981/1350/2895 4931/1305/2847
f 4981/1350/2895 4980/1349/2894 4978/1348/2892
f 4981/1350/2895 4978/1348/2892 4982/1347/2896
f 4983/1347/2897 4984/1351/2897 4981/1350/2895
f 4931/1305/2847 4981/1350/2895 4985/1352/2898
f 4985/1352/2898 4935/1310/2851 4931/1305/2847
f 4981/1350/2895 4986/1351/2899 4985/1352/2898
f 4987/1351/2900 4988/1353/2900 4985/1352/2898
f 4935/1310/2851 4985/1352/2898 4951/1325/2867
f 4951/1325/2867 4985/1352/2898 4989/1354/2901
f 4951/1325/2867 4936/1309/2852 4935/1310/2851
f 4951/1325/2867 4989/1354/2901 4950/1324/2866
f 4989/1354/2901 4990/1353/2902 4991/1355/2902
f 4950/1324/2866 4989/1354/2901 4992/1355/2903
f 4993/1355/2904 4994/1356/2904 4950/1324/2866
f 4947/1322/2863 4950/1324/2866 4995/1356/2905
f 4996/1356/2906 4948/1321/2864 4947/1322/2863
f 4938/1312/2854 4950/1324/2866 4947/1322/2863
f 4947/1322/2863 4942/1316/2858 4938/1312/2854
f 4997/1353/2907 4989/1354/2901 4985/1352/2898
f 4937/1311/2853 4932/1306/2848 4935/1310/2851
f 4935/1310/2851 4932/1306/2848 4933/1307/2849
f 4935/1310/2851 4933/1307/2849 4931/1305/2847
f 4998/1357/2908 4999/1360/2908 5000/1359/2908
f 5001/1359/2909 5002/1358/2909 5003/1357/2909
f 5004/1358/2910 5005/1359/2910 5006/1361/2910
f 5007/1357/2911 5008/1363/2911 5009/1362/2911
f 5010/1362/2912 5011/1360/2912 5012/1357/2912
f 5013/1364/2913 5014/1366/2914 5015/1365/2915
f 5016/1367/2916 5017/1369/2917 5018/1368/2918
f 5018/1368/2918 5019/1370/2919 5016/1367/2916
f 5020/1371/2920 5021/1373/2921 5022/1372/2922
f 5022/1372/2922 5023/1374/2923 5020/1371/2920
f 5024/1375/2924 5025/1377/2925 5026/1376/2926
f 5026/1376/2926 5027/1378/2927 5024/1375/2924
f 5028/1379/2928 5029/1381/2929 5030/1380/2930
f 5030/1380/2930 5015/1365/2915 5028/1379/2928
f 5031/1382/2931 5032/1384/2932 5033/1383/2933
f 5033/1383/2933 5019/1370/2919 5031/1382/2931
f 5019/1370/2919 5033/1383/2933 5034/1385/2934
f 5034/1385/2934 5016/1367/2916 5019/1370/2919
f 5035/1386/2935 5016/1367/2916 5034/1385/2934
f 5016/1367/2916 5035/1386/2935 5036/1387/2936
f 5037/1388/2937 5038/1389/2938 5036/1387/2936
f 5036/1387/2936 5035/1386/2935 5037/1388/2937
f 5038/1389/2938 5039/1391/2939 5040/1390/2940
f 5040/1390/2940 5036/1387/2936 5038/1389/2938
f 5040/1390/2940 5039/1391/2939 5020/1371/2920
f 5021/1373/2921 5020/1371/2920 5041/1392/2941
f 5042/1393/2942 5043/1395/2943 5044/1394/2944
f 5043/1395/2943 5042/1393/2942 5045/1396/2945
f 5045/1396/2945 5046/1397/2946 5043/1395/2943
f 5046/1397/2946 5045/1396/2945 5047/1398/2947
f 5047/1398/2947 5048/1399/2948 5046/1397/2946
f 5049/1400/2949 5047/1398/2947 5045/1396/2945
f 5046/1397/2946 5048/1399/2948 5050/1401/2950
f 5045/1396/2945 5051/1402/2951 5049/1400/2949
f 5049/1400/2949 5051/1402/2951 5052/1403/2952
f 5052/1403/2952 5053/1404/2953 5049/1400/2949
f 5054/1405/2954 5046/1397/2946 5050/1401/2950
f 5050/1401/2950 5055/1406/2955 5054/1405/2954
f 5056/1407/2956 5054/1405/2954 5055/1406/2955
f 5043/1395/2943 5054/1405/2954 5056/1407/2956
f 5055/1406/2955 5057/1408/2957 5056/1407/2956
f 5056/1407/2956 5058/1409/2958 5043/1395/2943
f 5059/1410/2959 5060/1411/2960 5044/1394/2944
f 5044/1394/2944 5058/1409/2958 5059/1410/2959
f 5061/1412/2961 5056/1407/2956 5057/1408/2957
f 5058/1409/2958 5056/1407/2956 5061/1412/2961
f 5057/1408/2957 5062/1413/2962 5061/1412/2961
f 5061/1412/2961 5062/1413/2962 5063/1414/2963
f 5064/1415/2964 5061/1412/2961 5063/1414/2963
f 5063/1414/2963 5065/1416/2965 5064/1415/2964
f 5066/1417/2966 5064/1415/2964 5065/1416/2965
f 5065/1416/2965 5067/1418/2967 5066/1417/2966
f 5061/1412/2961 5064/1415/2964 5059/1410/2959
f 5059/1410/2959 5058/1409/2958 5061/1412/2961
f 5064/1415/2964 5066/1417/2966 5059/1410/2959
f 5068/1419/2968 5066/1417/2966 5067/1418/2967
f 5059/1410/2959 5066/1417/2966 5068/1419/2968
f 5067/1418/2967 5069/1420/2969 5068/1419/2968
f 5068/1419/2968 5069/1420/2969 5070/1421/2970
f 5071/1422/2971 5068/1419/2968 5070/1421/2970
f 5070/1421/2970 5072/1423/2972 5071/1422/2971
f 5073/1424/2973 5068/1419/2968 5071/1422/2971
f 5068/1419/2968 5073/1424/2973 5059/1410/2959
f 5072/1423/2972 5074/1425/2974 5071/1422/2971
f 5027/1378/2927 5071/1422/2971 5074/1425/2974
f 5074/1425/2974 5024/1375/2924 5027/1378/2927
f 5071/1422/2971 5075/1426/2975 5073/1424/2973
f 5073/1424/2973 5075/1426/2975 5076/1427/2976
f 5076/1427/2976 5060/1411/2960 5073/1424/2973
f 5059/1410/2959 5073/1424/2973 5060/1411/2960
f 5077/1428/2977 5044/1394/2944 5060/1411/2960
f 5060/1411/2960 5078/1429/2978 5077/1428/2977
f 5079/1430/2979 5080/1432/2980 5081/1431/2981
f 5081/1431/2981 5082/1433/2982 5079/1430/2979
f 5082/1433/2982 5081/1431/2981 5083/1434/2983
f 5084/1435/2984 5085/1437/2985 5086/1436/2986
f 5087/1438/2987 5088/1440/2988 5089/1439/2989
f 5089/1439/2989 5090/1441/2990 5087/1438/2987
f 5091/1442/2991 5087/1438/2987 5090/1441/2990
f 5090/1441/2990 5092/1443/2992 5091/1442/2991
f 5032/1384/2932 5093/1444/2993 5034/1385/2934
f 5034/1385/2934 5033/1383/2933 5032/1384/2932
f 5094/1445/2994 5014/1366/2914 5013/1364/2913
f 5095/1446/2995 5096/1447/2996 5052/1403/2952
f 5052/1403/2952 5097/1448/2997 5095/1446/2995
f 5098/1449/2998 5095/1446/2995 5097/1448/2997
f 5097/1448/2997 5099/1450/2999 5098/1449/2998
f 5100/1451/3000 5098/1449/2998 5099/1450/2999
f 5099/1450/2999 5101/1452/3001 5100/1451/3000
f 5100/1451/3000 5101/1452/3001 5102/1453/3002
f 5102/1453/3002 5103/1434/3003 5100/1451/3000
f 5082/1433/2982 5104/1434/3004 5102/1453/3002
f 5079/1430/2979 5082/1433/2982 5105/1454/3005
f 5105/1454/3005 5106/1455/3006 5079/1430/2979
f 5107/1456/3007 5108/1457/3008 5106/1455/3006
f 5106/1455/3006 5105/1454/3005 5107/1456/3007
f 5109/1458/3009 5110/1460/3010 5111/1459/3011
f 5111/1459/3011 5112/1461/3012 5109/1458/3009
f 5111/1459/3011 5113/1462/3013 5112/1461/3012
f 5102/1453/3002 5112/1461/3012 5113/1462/3013
f 5113/1462/3013 5105/1454/3005 5102/1453/3002
f 5082/1433/2982 5102/1453/3002 5105/1454/3005
f 5112/1461/3012 5102/1453/3002 5101/1452/3001
f 5101/1452/3001 5109/1458/3009 5112/1461/3012
f 5077/1428/2977 5109/1458/3009 5101/1452/3001
f 5101/1452/3001 5044/1394/2944 5077/1428/2977
f 5114/1463/3014 5042/1393/2942 5044/1394/2944
f 5044/1394/2944 5101/1452/3001 5114/1463/3014
f 5099/1450/2999 5114/1463/3014 5101/1452/3001
f 5042/1393/2942 5114/1463/3014 5051/1402/2951
f 5051/1402/2951 5114/1463/3014 5099/1450/2999
f 5051/1402/2951 5045/1396/2945 5042/1393/2942
f 5051/1402/2951 5099/1450/2999 5097/1448/2997
f 5051/1402/2951 5097/1448/2997 5052/1403/2952
f 5115/1464/3015 5116/1466/3016 5117/1465/3017
f 5117/1465/3017 5118/1467/3018 5115/1464/3015
f 5119/1468/3019 5115/1464/3015 5118/1467/3018
f 5118/1467/3018 5023/1374/2923 5119/1468/3019
f 5023/1374/2923 5120/1469/3020 5119/1468/3019
f 5022/1372/2922 5121/1469/3021 5023/1374/2923
f 5046/1397/2946 5054/1405/2954 5043/1395/2943
f 5023/1374/2923 5118/1467/3018 5020/1371/2920
f 5020/1371/2920 5118/1467/3018 5117/1465/3017
f 5117/1465/3017 5040/1390/2940 5020/1371/2920
f 5040/1390/2940 5117/1465/3017 5122/1470/3022
f 5122/1470/3022 5123/1471/3023 5040/1390/2940
f 5036/1387/2936 5040/1390/2940 5123/1471/3023
f 5122/1470/3022 5117/1465/3017 5124/1472/3024
f 5117/1465/3017 5116/1466/3016 5124/1472/3024
f 5124/1472/3024 5116/1466/3016 5087/1438/2987
f 5087/1438/2987 5091/1442/2991 5124/1472/3024
f 5124/1472/3024 5091/1442/2991 5125/1473/3025
f 5125/1473/3025 5091/1442/2991 5092/1443/2992
f 5092/1443/2992 5126/1474/3026 5125/1473/3025
f 5125/1473/3025 5126/1474/3026 5127/1475/3027
f 5125/1473/3025 5128/1476/3028 5124/1472/3024
f 5128/1476/3028 5125/1473/3025 5127/1475/3027
f 5122/1470/3022 5124/1472/3024 5128/1476/3028
f 5127/1475/3027 5085/1437/2985 5084/1435/2984
f 5127/1475/3027 5084/1435/2984 5128/1476/3028
f 5128/1476/3028 5129/1477/3029 5122/1470/3022
f 5084/1435/2984 5129/1477/3029 5128/1476/3028
f 5123/1471/3023 5122/1470/3022 5129/1477/3029
f 5017/1369/2917 5129/1477/3029 5084/1435/2984
f 5129/1477/3029 5017/1369/2917 5123/1471/3023
f 5084/1435/2984 5018/1368/2918 5017/1369/2917
f 5018/1368/2918 5084/1435/2984 5086/1436/2986
f 5086/1436/2986 5130/1478/3030 5018/1368/2918
f 5019/1370/2919 5018/1368/2918 5130/1478/3030
f 5130/1478/3030 5131/1479/3031 5019/1370/2919
f 5131/1479/3031 5031/1382/2931 5019/1370/2919
f 5017/1369/2917 5016/1367/2916 5036/1387/2936
f 5017/1369/2917 5036/1387/2936 5123/1471/3023
f 5132/1480/3032 5133/1481/3033 5076/1427/2976
f 5076/1427/2976 5075/1426/2975 5132/1480/3032
f 5134/1482/3034 5132/1480/3032 5075/1426/2975
f 5075/1426/2975 5071/1422/2971 5134/1482/3034
f 5071/1422/2971 5027/1378/2927 5134/1482/3034
f 5027/1378/2927 5026/1376/2926 5134/1482/3034
f 5090/1441/2990 5089/1439/2989 5108/1457/3008
f 5108/1457/3008 5107/1456/3007 5090/1441/2990
f 5092/1443/2992 5090/1441/2990 5107/1456/3007
f 5126/1474/3026 5092/1443/2992 5107/1456/3007
f 5135/1483/3035 5107/1456/3007 5105/1454/3005
f 5105/1454/3005 5113/1462/3013 5135/1483/3035
f 5127/1475/3027 5126/1474/3026 5107/1456/3007
f 5107/1456/3007 5135/1483/3035 5127/1475/3027
f 5136/1484/3036 5085/1437/2985 5127/1475/3027
f 5127/1475/3027 5135/1483/3035 5136/1484/3036
f 5034/1385/2934 5093/1444/2993 5137/1485/3037
f 5035/1386/2935 5034/1385/2934 5138/1486/3038
f 5139/1485/3039 5138/1486/3038 5034/1385/2934
f 5140/1487/3040 5138/1486/3038 5141/1485/3041
f 5142/1485/3042 5143/1488/3042 5140/1487/3040
f 5138/1486/3038 5037/1388/2937 5035/1386/2935
f 5144/1489/3043 5140/1487/3040 5145/1488/3044
f 5146/1488/3045 5147/1490/3046 5144/1489/3043
f 5147/1490/3046 5148/1492/3047 5149/1491/3048
f 5149/1491/3048 5144/1489/3043 5147/1490/3046
f 5140/1487/3040 5144/1489/3043 5150/1493/3049
f 5150/1493/3049 5144/1489/3043 5149/1491/3048
f 5150/1493/3049 5037/1388/2937 5140/1487/3040
f 5149/1491/3048 5151/1494/3050 5150/1493/3049
f 5150/1493/3049 5151/1494/3050 5152/1495/3051
f 5038/1389/2938 5037/1388/2937 5150/1493/3049
f 5150/1493/3049 5153/1496/3052 5038/1389/2938
f 5153/1496/3052 5150/1493/3049 5152/1495/3051
f 5039/1391/2939 5038/1389/2938 5153/1496/3052
f 5152/1495/3051 5154/1497/3053 5153/1496/3052
f 5153/1496/3052 5154/1497/3053 5155/1498/3054
f 5153/1496/3052 5155/1498/3054 5156/1499/3055
f 5156/1499/3055 5157/1500/3056 5153/1496/3052
f 5153/1496/3052 5157/1500/3056 5039/1391/2939
f 5157/1500/3056 5156/1499/3055 5158/1501/3057
f 5039/1391/2939 5157/1500/3056 5014/1366/2914
f 5014/1366/2914 5157/1500/3056 5158/1501/3057
f 5014/1366/2914 5094/1445/2994 5039/1391/2939
f 5158/1501/3057 5159/1502/3058 5014/1366/2914
f 5014/1366/2914 5159/1502/3058 5028/1379/2928
f 5028/1379/2928 5015/1365/2915 5014/1366/2914
f 5160/1503/3059 5161/1506/3059 5162/1505/3060
f 5162/1505/3060 5163/1504/3061 5164/1503/3062
f 5165/1507/3063 5166/1509/3064 5167/1508/3064
f 5168/1508/3065 5169/1510/3065 5165/1507/3063
f 5170/1511/3066 5171/1513/3067 5172/1512/3068
f 5173/1514/3069 5170/1511/3066 5172/1512/3068
f 5172/1512/3068 5174/1515/3070 5173/1514/3069
f 5174/1515/3070 5175/1516/3071 5173/1514/3069
f 5175/1516/3071 5176/1517/3072 5173/1514/3069
f 5177/1518/3073 5176/1517/3072 5175/1516/3071
f 5176/1517/3072 5177/1518/3073 5178/1519/3074
f 5179/1520/3075 5176/1517/3072 5178/1519/3074
f 5179/1520/3075 5178/1519/3074 5180/1521/3076
f 5180/1521/3076 5181/1522/3077 5179/1520/3075
f 5181/1522/3077 5180/1521/3076 5182/1523/3078
f 5182/1523/3078 5183/1524/3079 5181/1522/3077
f 5184/1525/3080 5183/1524/3079 5182/1523/3078
f 5182/1523/3078 5185/1526/3081 5184/1525/3080
f 5184/1525/3080 5186/1526/3082 5187/1527/3082
f 5188/1527/3083 5189/1509/3083 5184/1525/3080
f 5190/1528/3084 5191/1529/3085 5192/1503/3085
f 5193/1503/3086 5163/1504/3061 5190/1528/3084
f 5194/1530/3087 5190/1528/3084 5163/1504/3061
f 5163/1504/3061 5195/1531/3088 5194/1530/3087
f 5196/1532/3089 5194/1530/3087 5195/1531/3088
f 5195/1531/3088 5197/1533/3090 5196/1532/3089
f 5162/1505/3060 5198/1534/3091 5195/1531/3088
f 5195/1531/3088 5163/1504/3061 5162/1505/3060
f 5199/1535/3092 5200/1537/3093 5201/1536/3094
f 5200/1537/3093 5199/1535/3092 5202/1538/3095
f 5202/1538/3095 5203/1539/828 5200/1537/3093
f 5203/1539/828 5202/1538/3095 5204/1540/3096
f 5204/1540/3096 5205/1541/3097 5203/1539/828
f 5205/1541/3097 5204/1540/3096 5206/1542/3098
f 5207/1543/3099 5205/1541/3097 5206/1542/3098
f 5208/1544/3100 5206/1542/3098 5209/1545/3101
f 5207/1543/3099 5206/1542/3098 5208/1544/3100
f 5209/1545/3101 5210/1546/3102 5208/1544/3100
f 5208/1544/3100 5210/1546/3102 5211/1547/3103
f 5211/1547/3103 5212/1548/3104 5208/1544/3100
f 5207/1543/3099 5208/1544/3100 5196/1532/3089
f 5196/1532/3089 5208/1544/3100 5212/1548/3104
f 5212/1548/3104 5194/1530/3087 5196/1532/3089
f 5190/1528/3084 5194/1530/3087 5212/1548/3104
f 5212/1548/3104 5213/1549/3105 5190/1528/3084
f 5214/1529/3106 5190/1528/3084 5213/1549/3105
f 5215/1550/3107 5216/1551/3107 5217/1529/3107
f 5218/1529/3108 5213/1549/3105 5219/1550/3108
f 5220/1510/3109 5221/1550/3109 5213/1549/3105
f 5213/1549/3105 5165/1507/3063 5222/1510/3110
f 5205/1541/3097 5207/1543/3099 5223/1552/3111
f 5224/1553/3112 5197/1533/3090 5195/1531/3088
f 5195/1531/3088 5225/1534/3113 5224/1553/3112
f 5226/1554/3114 5223/1552/3111 5197/1533/3090
f 5197/1533/3090 5224/1553/3112 5227/1554/3115
f 5228/1555/3116 5229/1557/3117 5230/1556/3117
f 5231/1556/3118 5232/1558/3119 5228/1555/3116
f 5232/1558/3119 5233/1556/3120 5234/1559/3120
f 5235/1559/3121 5236/1560/3122 5232/1558/3119
f 5223/1552/3111 5237/1554/3123 5238/1561/3123
f 5239/1561/3124 5240/1562/3125 5223/1552/3111
f 5240/1562/3125 5241/1561/2462 5242/1557/2462
f 5243/1557/3126 5228/1555/3116 5240/1562/3125
f 5203/1539/828 5228/1555/3116 5232/1558/3119
f 5203/1539/828 5205/1541/3097 5228/1555/3116
f 5205/1541/3097 5240/1562/3125 5228/1555/3116
f 5223/1552/3111 5240/1562/3125 5205/1541/3097
f 5184/1525/3080 5244/1509/3127 5165/1507/3063
f 5183/1524/3079 5184/1525/3080 5165/1507/3063
f 5165/1507/3063 5213/1549/3105 5212/1548/3104
f 5212/1548/3104 5211/1547/3103 5165/1507/3063
f 5165/1507/3063 5211/1547/3103 5183/1524/3079
f 5181/1522/3077 5183/1524/3079 5211/1547/3103
f 5211/1547/3103 5210/1546/3102 5181/1522/3077
f 5181/1522/3077 5210/1546/3102 5179/1520/3075
f 5210/1546/3102 5209/1545/3101 5179/1520/3075
f 5176/1517/3072 5179/1520/3075 5245/1563/3128
f 5209/1545/3101 5245/1563/3128 5179/1520/3075
f 5209/1545/3101 5206/1542/3098 5204/1540/3096
f 5176/1517/3072 5245/1563/3128 5246/1564/3129
f 5173/1514/3069 5176/1517/3072 5246/1564/3129
f 5209/1545/3101 5246/1564/3129 5245/1563/3128
f 5204/1540/3096 5246/1564/3129 5209/1545/3101
f 5247/1565/3130 5246/1564/3129 5204/1540/3096
f 5246/1564/3129 5247/1565/3130 5173/1514/3069
f 5204/1540/3096 5202/1538/3095 5247/1565/3130
f 5170/1511/3066 5173/1514/3069 5247/1565/3130
f 5248/1566/3131 5247/1565/3130 5202/1538/3095
f 5247/1565/3130 5248/1566/3131 5170/1511/3066
f 5202/1538/3095 5199/1535/3092 5248/1566/3131
f 5170/1511/3066 5248/1566/3131 5249/1513/3132
f 5248/1566/3131 5199/1535/3092 5201/1536/3094
f 5201/1536/3094 5250/1513/3133 5248/1566/3131
f 5236/1560/3122 5251/1559/3134 5252/1567/3135
f 5252/1567/3135 5253/1568/3136 5236/1560/3122
f 5253/1568/3136 5200/1537/3093 5236/1560/3122
f 5203/1539/828 5232/1558/3119 5236/1560/3122
f 5236/1560/3122 5200/1537/3093 5203/1539/828
f 5207/1543/3099 5196/1532/3089 5197/1533/3090
f 5197/1533/3090 5223/1552/3111 5207/1543/3099
f 5044/1394/2944 5043/1395/2943 5058/1409/2958
f 5155/1498/3054 5154/1497/3053 5254/1570/3137
f 5255/1570/3138 5256/1569/3138 5155/1498/3054
f 5152/1495/3051 5151/1494/3050 5257/1572/3139
f 5258/1572/3140 5259/1571/3140 5152/1495/3051
f 5260/1573/3141 5261/1574/3141 5151/1494/3050
f 5151/1494/3050 5149/1491/3048 5262/1573/3142
f 5263/1572/3143 5151/1494/3050 5264/1574/3143
f 5149/1491/3048 5265/1492/3144 5266/1492/3144
f 5267/1492/3145 5268/1573/3145 5149/1491/3048
f 5269/1575/3146 5154/1497/3053 5152/1495/3051
f 5152/1495/3051 5270/1576/3147 5271/1575/3147
f 5272/1570/3148 5154/1497/3053 5273/1575/3148
f 5274/1576/3149 5152/1495/3051 5275/1571/3149
f 5159/1502/3058 5158/1501/3057 5276/1577/3150
f 5277/1577/3151 5278/1381/3151 5159/1502/3058
f 5029/1381/2929 5028/1379/2928 5159/1502/3058
f 5159/1502/3058 5279/1381/3152 5029/1381/2929
f 5280/1578/3153 5281/1579/3153 5158/1501/3057
f 5158/1501/3057 5156/1499/3055 5282/1578/3154
f 5158/1501/3057 5283/1579/3155 5284/1577/3155
f 5285/1580/3156 5286/1581/3156 5156/1499/3055
f 5156/1499/3055 5155/1498/3054 5287/1580/3157
f 5156/1499/3055 5288/1581/3158 5289/1578/3158
f 5290/1580/3159 5155/1498/3054 5291/1569/3159
f 5094/1445/2994 5013/1364/2913 5041/1392/2941
f 5020/1371/2920 5094/1445/2994 5041/1392/2941
f 5039/1391/2939 5094/1445/2994 5020/1371/2920
f 5138/1486/3038 5140/1487/3040 5037/1388/2937
f 5136/1484/3036 5292/1459/3160 5110/1460/3010
f 5110/1460/3010 5293/1484/3161 5136/1484/3036
f 5085/1437/2985 5136/1484/3036 5293/1484/3161
f 5293/1484/3161 5086/1436/2986 5085/1437/2985
f 5294/1582/3162 5295/1583/3163 5296/1481/3162
f 5295/1583/3163 5076/1427/2976 5297/1481/3164
f 5295/1583/3163 5060/1411/2960 5076/1427/2976
f 5295/1583/3163 5078/1429/2978 5060/1411/2960
f 5298/1297/2818 5299/1299/3165 5300/1298/2820
f 5298/1297/2818 5301/1301/2821 5302/1300/2822
f 5302/1300/2822 5299/1299/3165 5298/1297/2818
f 5302/1300/2822 5301/1301/2821 5303/1302/2823
f 5301/1301/2821 5304/1303/2750 5303/1302/2823
f 5304/1303/2750 5301/1301/2821 5305/1304/2751
f 5304/1303/2750 5305/1304/2751 5306/1305/2752
f 5307/1306/2753 5303/1302/2823 5304/1303/2750
f 5304/1303/2750 5306/1305/2752 5308/1307/2754
f 5304/1303/2750 5308/1307/2754 5307/1306/2753
f 5309/1308/2755 5310/1310/2756 5311/1309/2757
f 5309/1308/2755 5312/1311/2758 5310/1310/2756
f 5309/1308/2755 5311/1309/2757 5313/1312/2759
f 5314/1313/2760 5312/1311/2758 5309/1308/2755
f 5314/1313/2760 5315/1314/2761 5312/1311/2758
f 5314/1313/2760 5309/1308/2755 5313/1312/2759
f 5313/1312/2759 5316/1315/2762 5314/1313/2760
f 5316/1315/2762 5313/1312/2759 5317/1316/2763
f 5317/1316/2763 5318/1318/2764 5319/1317/2765
f 5317/1316/2763 5319/1317/2765 5316/1315/2762
f 5315/1314/2761 5314/1313/2760 5316/1315/2762
f 5316/1315/2762 5319/1317/2765 5320/1319/2766
f 5316/1315/2762 5320/1319/2766 5315/1314/2761
f 5321/1320/2767 5322/1322/2768 5323/1321/2769
f 5324/1323/2824 5298/1297/2818 5300/1298/2820
f 5325/1324/2771 5313/1312/2759 5311/1309/2757
f 5311/1309/2757 5326/1325/2772 5325/1324/2771
f 5320/1319/2766 5327/1327/2773 5328/1326/2774
f 5328/1326/2774 5315/1314/2761 5320/1319/2766
f 5315/1314/2761 5328/1326/2774 5329/1328/2775
f 5329/1328/2775 5312/1311/2758 5315/1314/2761
f 5307/1306/2753 5312/1311/2758 5329/1328/2775
f 5329/1328/2775 5330/1329/2776 5307/1306/2753
f 5307/1306/2753 5330/1329/2776 5331/1330/2825
f 5331/1330/2825 5303/1302/2823 5307/1306/2753
f 5302/1300/2822 5303/1302/2823 5331/1330/2825
f 5331/1330/2825 5332/1331/2826 5302/1300/2822
f 5299/1299/3165 5302/1300/2822 5332/1331/2826
f 5332/1331/2826 5333/1332/2827 5299/1299/3165
f 5333/1332/2827 5334/1333/3166 5299/1299/3165
f 5317/1316/2763 5322/1322/2768 5321/1320/2767
f 5321/1320/2767 5318/1318/2764 5317/1316/2763
f 5335/1334/2781 5336/1336/2782 5337/1335/2783
f 5338/1337/2784 5336/1336/2782 5335/1334/2781
f 5335/1334/2781 5339/1338/2785 5338/1337/2784
f 5340/1339/2786 5338/1337/2784 5339/1338/2785
f 5328/1326/2774 5327/1327/2773 5336/1336/2782
f 5336/1336/2782 5338/1337/2784 5328/1326/2774
f 5329/1328/2775 5328/1326/2774 5338/1337/2784
f 5338/1337/2784 5340/1339/2786 5329/1328/2775
f 5329/1328/2775 5340/1339/2786 5341/1340/2787
f 5341/1340/2787 5330/1329/2776 5329/1328/2775
f 5331/1330/2825 5330/1329/2776 5341/1340/2787
f 5341/1340/2787 5342/1341/2788 5331/1330/2825
f 5331/1330/2825 5342/1341/2788 5343/1342/2789
f 5343/1342/2789 5332/1331/2826 5331/1330/2825
f 5332/1331/2826 5343/1342/2789 5344/1343/2790
f 5344/1343/2790 5333/1332/2827 5332/1331/2826
f 5345/1333/2791 5333/1332/2827 5344/1343/2790
f 5346/1344/2829 5324/1323/2824 5300/1298/2820
f 5324/1323/2824 5347/1345/3167 5301/1301/2821
f 5301/1301/2821 5298/1297/2818 5324/1323/2824
f 5324/1323/2824 5348/1344/3168 5349/1346/3168
f 5350/1346/3169 5347/1345/3167 5324/1323/2824
f 5347/1345/3167 5351/1346/3170 5352/1347/3170
f 5353/1348/3171 5347/1345/3167 5354/1347/3172
f 5301/1301/2821 5347/1345/3167 5355/1349/2836
f 5355/1349/2836 5347/1345/3167 5353/1348/3171
f 5355/1349/2836 5305/1304/2751 5301/1301/2821
f 5306/1305/2752 5305/1304/2751 5355/1349/2836
f 5355/1349/2836 5356/1350/2800 5306/1305/2752
f 5356/1350/2800 5355/1349/2836 5353/1348/3171
f 5356/1350/2800 5353/1348/3171 5357/1347/2801
f 5358/1347/2802 5359/1351/2802 5356/1350/2800
f 5306/1305/2752 5356/1350/2800 5360/1352/2803
f 5360/1352/2803 5310/1310/2756 5306/1305/2752
f 5356/1350/2800 5361/1351/2804 5360/1352/2803
f 5362/1351/2805 5363/1353/2805 5360/1352/2803
f 5310/1310/2756 5360/1352/2803 5326/1325/2772
f 5326/1325/2772 5360/1352/2803 5364/1354/2806
f 5326/1325/2772 5311/1309/2757 5310/1310/2756
f 5326/1325/2772 5364/1354/2806 5325/1324/2771
f 5364/1354/2806 5365/1353/2807 5366/1355/2807
f 5325/1324/2771 5364/1354/2806 5367/1355/2808
f 5368/1355/2809 5369/1356/2809 5325/1324/2771
f 5322/1322/2768 5325/1324/2771 5370/1356/2810
f 5371/1356/2811 5323/1321/2769 5322/1322/2768
f 5313/1312/2759 5325/1324/2771 5322/1322/2768
f 5322/1322/2768 5317/1316/2763 5313/1312/2759
f 5372/1353/2812 5364/1354/2806 5360/1352/2803
f 5312/1311/2758 5307/1306/2753 5310/1310/2756
f 5310/1310/2756 5307/1306/2753 5308/1307/2754
f 5310/1310/2756 5308/1307/2754 5306/1305/2752
f 5373/1357/2813 5374/1360/2813 5375/1359/2813
f 5376/1359/2814 5377/1358/2814 5378/1357/2814
f 5379/1358/2815 5380/1359/2815 5381/1361/2815
f 5382/1357/2816 5383/1363/2816 5384/1362/2816
f 5385/1362/2817 5386/1360/2817 5387/1357/2817
f 5388/1584/3173 5389/1586/3173 5390/1585/3173
f 5391/1585/3174 5392/1587/3174 5393/1584/3174
f 5394/1588/3175 5395/1590/3175 5396/1589/3175
f 5397/1589/3176 5398/1586/3176 5399/1588/3176
f 5400/1586/3177 5401/1589/3177 5402/1585/3177
f 5403/1591/3178 5404/1584/3178 5405/1587/3178
f 5406/1587/3179 5407/1592/3179 5408/1591/3179
f 5409/1593/3180 5410/1594/3180 5411/1591/3180
f 5412/1591/3181 5413/1592/3181 5414/1593/3181
f 5111/1459/3011 5135/1483/3035 5113/1462/3013
f 5111/1459/3011 5136/1484/3036 5135/1483/3035
f 5086/1436/2986 5293/1484/3161 5110/1460/3010
f 5110/1460/3010 5130/1478/3030 5086/1436/2986
f 5077/1428/2977 5295/1583/3163 5110/1460/3010
f 5110/1460/3010 5109/1458/3009 5077/1428/2977
f 5077/1428/2977 5078/1429/2978 5295/1583/3163
f 5031/1382/2931 5130/1478/3030 5295/1583/3163
f 5295/1583/3163 5032/1384/2932 5031/1382/2931
f 5031/1382/2931 5131/1479/3031 5130/1478/3030
f 5110/1460/3010 5295/1583/3163 5130/1478/3030
f 4624/1229/2665 4589/1195/2632 4592/1196/2635
f 5415/1154/3182 5416/1151/3182 5417/1596/3182
f 5418/1596/3183 5419/1595/3183 5420/1154/3183
f 5421/1597/3184 5422/1595/3184 5423/1596/3184
f 5424/1596/3185 5425/1598/3185 5426/1597/3185
f 5427/1599/3186 5428/1600/3187 5429/1601/3188
f 5429/1601/3188 5430/1602/3189 5427/1599/3186
f 5431/1603/3190 5432/1604/3191 5433/1605/3192
f 5433/1605/3192 5434/1606/3193 5431/1603/3190
f 5435/1607/3194 5427/1599/3186 5436/1608/3195
f 5437/1609/3196 5438/1610/3197 5439/1611/3198
f 5440/1612/3199 5428/1600/3187 5427/1599/3186
f 5427/1599/3186 5435/1607/3194 5440/1612/3199
f 5441/1613/3200 5440/1612/3199 5435/1607/3194
f 5436/1608/3195 5442/1614/3201 5443/1615/3202
f 5443/1615/3202 5444/1616/3203 5436/1608/3195
f 5443/1615/3202 5442/1614/3201 5445/1617/3204
f 5445/1617/3204 5446/1618/3205 5443/1615/3202
f 5438/1610/3197 5447/1619/3206 5431/1603/3190
f 5431/1603/3190 5434/1606/3193 5438/1610/3197
f 5448/1620/3207 5449/1621/3208 5450/1622/3209
f 5430/1602/3189 5451/1623/3210 5436/1608/3195
f 5436/1608/3195 5427/1599/3186 5430/1602/3189
f 5451/1623/3210 5452/1624/3211 5442/1614/3201
f 5442/1614/3201 5436/1608/3195 5451/1623/3210
f 5445/1617/3204 5442/1614/3201 5452/1624/3211
f 5452/1624/3211 5453/1625/3212 5445/1617/3204
f 5445/1617/3204 5453/1625/3212 5454/1626/3213
f 5454/1626/3213 5455/1627/3214 5445/1617/3204
f 5455/1627/3214 5454/1626/3213 5456/1628/3215
f 5456/1628/3215 5447/1619/3206 5455/1627/3214
f 5447/1619/3206 5456/1628/3215 5457/1629/3216
f 5457/1629/3216 5431/1603/3190 5447/1619/3206
f 5431/1603/3190 5457/1629/3216 5458/1630/3217
f 5458/1630/3217 5432/1604/3191 5431/1603/3190
f 5459/1631/3218 5460/1632/3219 5461/1633/3220
f 5461/1633/3220 5462/1634/3221 5459/1631/3218
f 5463/1635/3222 5464/1636/3223 5465/1637/3224
f 5465/1637/3224 5466/1638/3225 5463/1635/3222
f 5459/1631/3218 5467/1639/3226 5468/1640/3227
f 5468/1640/3227 5460/1632/3219 5459/1631/3218
f 5468/1640/3227 5469/1641/3228 5460/1632/3219
f 5470/1642/3229 5471/1643/3230 5472/1644/3231
f 5469/1641/3228 5468/1640/3227 5473/1645/3232
f 5473/1645/3232 5474/1646/3233 5469/1641/3228
f 5475/1647/3234 5476/1648/3235 5474/1646/3233
f 5474/1646/3233 5473/1645/3232 5475/1647/3234
f 5471/1643/3230 5466/1638/3225 5465/1637/3224
f 5465/1637/3224 5477/1649/3236 5471/1643/3230
f 5478/1650/3237 5476/1648/3235 5475/1647/3234
f 5475/1647/3234 5472/1644/3231 5478/1650/3237
f 5471/1643/3230 5477/1649/3236 5478/1650/3237
f 5478/1650/3237 5472/1644/3231 5471/1643/3230
f 5479/1651/3238 5480/1652/3238 5481/1653/3239
f 5481/1653/3239 5482/1654/3240 5483/1651/3240
f 5484/1655/3241 5485/1656/3241 5486/1651/3241
f 5487/1651/3242 5488/1654/3242 5489/1655/3242
f 5490/1657/3243 5491/1658/3243 5492/1659/3243
f 5493/1659/3244 5494/1660/3244 5495/1657/3244
f 5496/1658/3245 5497/1661/3245 5498/1662/3246
f 5498/1662/3246 5499/1659/3247 5500/1658/3247
f 5501/1663/3248 5502/1664/3249 5503/1665/3250
f 5504/1665/3251 5505/1666/3251 5501/1663/3248
f 5506/1667/3252 5507/1668/3252 5501/1663/3248
f 5501/1663/3248 5508/1666/3253 5509/1667/3253
f 5510/1669/3254 5511/1670/3254 5512/1671/3254
f 5513/1671/3255 5514/1672/3255 5515/1669/3255
f 5516/1673/3256 5517/1674/3256 5518/1675/3256
f 5519/1675/3257 5520/1676/3257 5521/1673/3257
f 5522/1652/3258 5523/1677/3258 5524/1678/3259
f 5524/1678/3259 5481/1653/3239 5525/1652/3260
f 5526/1679/3261 5527/1680/3261 5528/1668/3261
f 5529/1668/3262 5530/1667/3262 5531/1679/3262
f 5502/1664/3249 5532/1681/3263 5533/1682/3264
f 5534/1682/3265 5535/1665/3265 5502/1664/3249
f 5536/1682/3266 5532/1681/3263 5537/1683/3267
f 5537/1683/3267 5538/1684/3268 5539/1682/3268
f 5540/1670/3269 5541/1657/3269 5542/1660/3269
f 5543/1660/3270 5544/1671/3270 5545/1670/3270
f 5546/1684/3271 5537/1683/3267 5547/1674/3271
f 5548/1674/3272 5549/1673/3272 5550/1684/3272
f 5551/1685/3273 5552/1686/3273 5553/1656/3273
f 5554/1656/3274 5555/1655/3274 5556/1685/3274
f 5557/1687/3275 5558/1688/3275 5559/1686/3275
f 5560/1686/3276 5561/1685/3276 5562/1687/3276
f 5563/1689/3277 5564/1688/3277 5565/1687/3277
f 5566/1687/3278 5567/1690/3278 5568/1689/3278
f 5569/1691/900 5570/1689/900 5571/1690/900
f 5572/1690/3279 5573/1692/3279 5574/1691/3279
f 5575/1693/3280 5576/1691/3280 5577/1692/3280
f 5578/1692/3281 5579/1694/3281 5580/1693/3281
f 5581/1695/3282 5582/1696/3282 5583/1693/3282
f 5584/1693/3283 5585/1694/3283 5586/1695/3283
f 5587/1697/3284 5588/1696/3284 5589/1695/3284
f 5590/1695/3285 5591/1698/3285 5592/1697/3285
f 5498/1662/3246 5593/1661/3286 5594/1697/3286
f 5595/1697/3287 5596/1698/3287 5498/1662/3246
f 5597/1680/3288 5598/1679/3288 5524/1678/3259
f 5524/1678/3259 5599/1677/3289 5600/1680/3289
f 5461/1633/3220 5601/1699/3290 5462/1634/3221
f 5463/1635/3222 5602/1700/3291 5464/1636/3223
f 5603/1699/3292 5604/1701/3292 5462/1634/3221
f 5435/1607/3194 5436/1608/3195 5444/1616/3203
f 5605/1702/3293 5444/1616/3203 5443/1615/3202
f 5443/1615/3202 5606/1703/3294 5607/1702/3294
f 5443/1615/3202 5446/1618/3205 5608/1704/3295
f 5609/1704/3296 5610/1703/3296 5443/1615/3202
f 5435/1607/3194 5444/1616/3203 5611/1702/3297
f 5612/1702/3298 5613/1705/3298 5435/1607/3194
f 5614/1706/3299 5445/1617/3204 5455/1627/3214
f 5455/1627/3214 5615/1707/3300 5614/1706/3299
f 5616/1708/3301 5438/1610/3197 5437/1609/3196
f 5437/1609/3196 5617/1709/3302 5616/1708/3301
f 5618/1710/3303 5615/1707/3300 5455/1627/3214
f 5455/1627/3214 5447/1619/3206 5618/1710/3303
f 5618/1710/3303 5447/1619/3206 5438/1610/3197
f 5438/1610/3197 5616/1708/3301 5618/1710/3303
f 5619/1709/3304 5437/1609/3196 5620/1704/3304
f 5621/1704/3305 5622/1711/3305 5623/1709/3305
f 5614/1706/3299 5446/1618/3205 5445/1617/3204
f 5624/1712/3306 5449/1621/3208 5448/1620/3207
f 5625/1713/3307 5626/1714/3307 5627/1715/3308
f 5627/1715/3308 5628/1714/3309 5629/1716/3309
f 5630/1717/3310 5631/1718/3310 5627/1715/3308
f 5627/1715/3308 5448/1620/3207 5632/1717/3311
f 5627/1715/3308 5633/1716/3312 5634/1712/3312
f 5635/1712/3313 5448/1620/3207 5627/1715/3308
f 5636/1711/3305 5637/1704/3305 5446/1618/3205
f 5614/1706/3299 5638/1711/3314 5446/1618/3205
f 5639/1599/3315 5640/1602/3316 5641/1601/3317
f 5641/1601/3317 5642/1600/3318 5639/1599/3315
f 5643/1603/3319 5644/1606/3320 5645/1605/3321
f 5645/1605/3321 5646/1604/3322 5643/1603/3319
f 5647/1607/3323 5648/1608/3324 5639/1599/3315
f 5649/1609/3325 5650/1611/3326 5651/1610/3327
f 5652/1612/3328 5647/1607/3323 5639/1599/3315
f 5639/1599/3315 5642/1600/3318 5652/1612/3328
f 5653/1613/3329 5647/1607/3323 5652/1612/3328
f 5648/1608/3324 5654/1616/3330 5655/1615/3331
f 5655/1615/3331 5656/1614/3332 5648/1608/3324
f 5655/1615/3331 5657/1618/3333 5658/1617/3334
f 5658/1617/3334 5656/1614/3332 5655/1615/3331
f 5651/1610/3327 5644/1606/3320 5643/1603/3319
f 5643/1603/3319 5659/1619/3335 5651/1610/3327
f 5660/1620/3336 5661/1622/3337 5662/1621/3338
f 5640/1602/3316 5639/1599/3315 5648/1608/3324
f 5648/1608/3324 5663/1623/3339 5640/1602/3316
f 5663/1623/3339 5648/1608/3324 5656/1614/3332
f 5656/1614/3332 5664/1624/3340 5663/1623/3339
f 5658/1617/3334 5665/1625/3341 5664/1624/3340
f 5664/1624/3340 5656/1614/3332 5658/1617/3334
f 5658/1617/3334 5666/1627/3342 5667/1626/3343
f 5667/1626/3343 5665/1625/3341 5658/1617/3334
f 5666/1627/3342 5659/1619/3335 5668/1628/3344
f 5668/1628/3344 5667/1626/3343 5666/1627/3342
f 5659/1619/3335 5643/1603/3319 5669/1629/3345
f 5669/1629/3345 5668/1628/3344 5659/1619/3335
f 5643/1603/3319 5646/1604/3322 5670/1630/3346
f 5670/1630/3346 5669/1629/3345 5643/1603/3319
f 5671/1631/3347 5672/1634/3348 5673/1633/3349
f 5673/1633/3349 5674/1632/3350 5671/1631/3347
f 5675/1635/3351 5676/1638/3352 5677/1637/3353
f 5677/1637/3353 5678/1636/3354 5675/1635/3351
f 5671/1631/3347 5674/1632/3350 5679/1640/3355
f 5679/1640/3355 5680/1639/3356 5671/1631/3347
f 5679/1640/3355 5674/1632/3350 5681/1641/3357
f 5682/1642/3358 5683/1644/3359 5684/1643/3360
f 5681/1641/3357 5685/1646/3361 5686/1645/3362
f 5686/1645/3362 5679/1640/3355 5681/1641/3357
f 5687/1647/3363 5686/1645/3362 5685/1646/3361
f 5685/1646/3361 5688/1648/3364 5687/1647/3363
f 5684/1643/3360 5689/1649/3365 5677/1637/3353
f 5677/1637/3353 5676/1638/3352 5684/1643/3360
f 5690/1650/3366 5683/1644/3359 5687/1647/3363
f 5687/1647/3363 5688/1648/3364 5690/1650/3366
f 5684/1643/3360 5683/1644/3359 5690/1650/3366
f 5690/1650/3366 5689/1649/3365 5684/1643/3360
f 5691/1651/3367 5692/1654/3367 5693/1653/3368
f 5693/1653/3368 5694/1652/3369 5695/1651/3369
f 5696/1655/3370 5697/1654/3370 5698/1651/3370
f 5699/1651/3371 5700/1656/3371 5701/1655/3371
f 5702/1657/3372 5703/1660/3372 5704/1659/3372
f 5705/1659/3373 5706/1658/3373 5707/1657/3373
f 5708/1658/3374 5709/1659/3374 5710/1662/3375
f 5710/1662/3375 5711/1661/3376 5712/1658/3376
f 5713/1663/3377 5714/1666/3378 5715/1665/3378
f 5716/1665/3379 5717/1664/3380 5713/1663/3377
f 5718/1667/3381 5719/1666/3381 5713/1663/3377
f 5713/1663/3377 5720/1668/3382 5721/1667/3382
f 5722/1669/3383 5723/1672/3383 5724/1671/3383
f 5725/1671/3384 5726/1670/3384 5727/1669/3384
f 5728/1673/3385 5729/1676/3385 5730/1675/3385
f 5731/1675/3386 5732/1674/3386 5733/1673/3386
f 5734/1652/3387 5693/1653/3368 5735/1678/3388
f 5735/1678/3388 5736/1677/3389 5737/1652/3389
f 5738/1679/3390 5739/1667/3390 5740/1668/3390
f 5741/1668/3391 5742/1680/3391 5743/1679/3391
f 5717/1664/3380 5744/1665/3392 5745/1682/3392
f 5746/1682/3393 5747/1681/3394 5717/1664/3380
f 5748/1682/3395 5749/1684/3395 5750/1683/3396
f 5750/1683/3396 5747/1681/3394 5751/1682/3397
f 5752/1670/3398 5753/1671/3398 5754/1660/3398
f 5755/1660/3399 5756/1657/3399 5757/1670/3399
f 5758/1684/3400 5759/1673/3400 5760/1674/3400
f 5761/1674/3401 5750/1683/3396 5762/1684/3401
f 5763/1685/3402 5764/1655/3402 5765/1656/3402
f 5766/1656/3403 5767/1686/3403 5768/1685/3403
f 5769/1687/3404 5770/1685/3404 5771/1686/3404
f 5772/1686/3405 5773/1688/3405 5774/1687/3405
f 5775/1689/3406 5776/1690/3406 5777/1687/3406
f 5778/1687/3407 5779/1688/3407 5780/1689/3407
f 5781/1691/3408 5782/1692/3408 5783/1690/3408
f 5784/1690/1279 5785/1689/1279 5786/1691/1279
f 5787/1693/3409 5788/1694/3409 5789/1692/3409
f 5790/1692/3410 5791/1691/3410 5792/1693/3410
f 5793/1695/3411 5794/1694/3411 5795/1693/3411
f 5796/1693/3412 5797/1696/3412 5798/1695/3412
f 5799/1697/3413 5800/1698/3413 5801/1695/3413
f 5802/1695/3414 5803/1696/3414 5804/1697/3414
f 5710/1662/3375 5805/1698/3415 5806/1697/3415
f 5807/1697/3416 5808/1661/3416 5710/1662/3375
f 5809/1680/3417 5810/1677/3417 5735/1678/3388
f 5735/1678/3388 5811/1679/3418 5812/1680/3418
f 5673/1633/3349 5672/1634/3348 5813/1699/3419
f 5675/1635/3351 5678/1636/3354 5814/1700/3420
f 5815/1699/3421 5672/1634/3348 5816/1701/3421
f 5647/1607/3323 5654/1616/3330 5648/1608/3324
f 5817/1702/3422 5818/1703/3422 5655/1615/3331
f 5655/1615/3331 5654/1616/3330 5819/1702/3423
f 5655/1615/3331 5820/1703/3424 5821/1704/3424
f 5822/1704/3425 5657/1618/3333 5655/1615/3331
f 5647/1607/3323 5823/1705/3426 5824/1702/3426
f 5825/1702/3427 5654/1616/3330 5647/1607/3323
f 5826/1706/3428 5827/1707/3429 5666/1627/3342
f 5666/1627/3342 5658/1617/3334 5826/1706/3428
f 5828/1708/3430 5829/1709/3431 5649/1609/3325
f 5649/1609/3325 5651/1610/3327 5828/1708/3430
f 5830/1710/3432 5659/1619/3335 5666/1627/3342
f 5666/1627/3342 5827/1707/3429 5830/1710/3432
f 5830/1710/3432 5828/1708/3430 5651/1610/3327
f 5651/1610/3327 5659/1619/3335 5830/1710/3432
f 5831/1709/3433 5832/1711/3433 5833/1704/3433
f 5834/1704/3434 5649/1609/3325 5835/1709/3434
f 5826/1706/3428 5658/1617/3334 5657/1618/3333
f 5836/1712/3435 5660/1620/3336 5662/1621/3338
f 5837/1713/3436 5838/1715/3437 5839/1714/3436
f 5838/1715/3437 5840/1716/3438 5841/1714/3438
f 5842/1717/3439 5660/1620/3336 5838/1715/3437
f 5838/1715/3437 5843/1718/3440 5844/1717/3440
f 5838/1715/3437 5660/1620/3336 5845/1712/3441
f 5846/1712/3442 5847/1716/3442 5838/1715/3437
f 5848/1711/3433 5657/1618/3333 5849/1704/3433
f 5826/1706/3428 5657/1618/3333 5850/1711/3443
f 4688/1270/2707 5851/1719/3444 5852/1720/3445
f 5852/1720/3445 4689/1269/2708 4688/1270/2707
f 5853/1721/3446 5854/1722/3447 4694/1272/2713
f 4694/1272/2713 4693/1273/2712 5853/1721/3446
f 4696/1276/2715 4699/1280/2717 5851/1719/3444
f 5851/1719/3444 4688/1270/2707 4696/1276/2715
f 5855/1723/2716 5853/1721/3446 4693/1273/2712
f 4693/1273/2712 4698/1277/2716 5855/1723/2716
f 4695/1275/2714 5856/1724/2718 5857/1279/2718
f 5858/1279/2718 4696/1276/2715 4695/1275/2714
f 4689/1269/2708 5852/1720/3445 4707/1286/2723
f 4707/1286/2723 4703/1283/2719 4689/1269/2708
f 5859/1725/3448 4704/1282/2720 4703/1283/2719
f 4703/1283/2719 4706/1284/2722 5859/1725/3448
f 5854/1722/3447 5859/1725/3448 4706/1284/2722
f 4706/1284/2722 4694/1272/2713 5854/1722/3447
f 5860/1720/3449 5861/1719/3450 3713/1270/2046
f 3713/1270/2046 3712/1269/2045 5860/1720/3449
f 3715/1272/2048 5862/1722/3451 5863/1721/3452
f 5863/1721/3452 3716/1273/2049 3715/1272/2048
f 5861/1719/3450 3723/1280/2055 3719/1276/2052
f 3719/1276/2052 3713/1270/2046 5861/1719/3450
f 3716/1273/2049 5863/1721/3452 5864/1723/2053
f 5864/1723/2053 3720/1277/2053 3716/1273/2049
f 5865/1724/2054 3718/1275/2051 3719/1276/2052
f 3719/1276/2052 5866/1279/2054 5867/1724/2054
f 3730/1286/2059 5860/1720/3449 3712/1269/2045
f 3712/1269/2045 3727/1283/2057 3730/1286/2059
f 3726/1282/2056 5868/1725/2058 3728/1284/2058
f 3728/1284/2058 3727/1283/2057 3726/1282/2056
f 3728/1284/2058 5868/1725/2058 5862/1722/3451
f 5862/1722/3451 3715/1272/2048 3728/1284/2058
# 4644 triangles in group

# 4644 triangles total

